PT08.S1(CO),C6H6(GT),PT08.S2(NMHC),PT08.S3(NOx),PT08.S4(NO2),PT08.S5(O3),T,RH,AH
1360.0,11.9,1046.0,1056.0,1692.0,1268.0,13.6,48.9,0.7578
1292.0,9.4,955.0,1174.0,1559.0,972.0,13.3,47.7,0.7255
1402.0,9.0,939.0,1140.0,1555.0,1074.0,11.9,54.0,0.7502
1376.0,9.2,948.0,1092.0,1584.0,1203.0,11.0,60.0,0.7867
1272.0,6.5,836.0,1205.0,1490.0,1110.0,11.2,59.6,0.7888
1197.0,4.7,750.0,1337.0,1393.0,949.0,11.2,59.2,0.7848
1185.0,3.6,690.0,1462.0,1333.0,733.0,11.3,56.8,0.7603
1136.0,3.3,672.0,1453.0,1333.0,730.0,10.7,60.0,0.7702
1094.0,2.3,609.0,1579.0,1276.0,620.0,10.7,59.7,0.7648
1010.0,1.7,561.0,1705.0,1235.0,501.0,10.3,60.2,0.7517
1011.0,1.3,527.0,1818.0,1197.0,445.0,10.1,60.5,0.7465
1066.0,1.1,512.0,1918.0,1182.0,422.0,11.0,56.2,0.7366
1052.0,1.6,553.0,1738.0,1221.0,472.0,10.5,58.1,0.7353
1144.0,3.2,667.0,1490.0,1339.0,730.0,10.2,59.6,0.7417
1333.0,8.0,900.0,1136.0,1517.0,1102.0,10.8,57.4,0.7408
1351.0,9.5,960.0,1079.0,1583.0,1028.0,10.5,60.6,0.7691
1233.0,6.3,827.0,1218.0,1446.0,860.0,10.8,58.4,0.7552
1179.0,5.0,762.0,1328.0,1362.0,671.0,10.5,57.9,0.7352
1236.0,5.2,774.0,1301.0,1401.0,664.0,9.5,66.8,0.7951
1286.0,7.3,869.0,1162.0,1537.0,799.0,8.3,76.4,0.8393
1371.0,11.5,1034.0,983.0,1730.0,1037.0,8.0,81.1,0.8736
1310.0,8.8,933.0,1082.0,1647.0,946.0,8.3,79.8,0.8778
1292.0,8.3,912.0,1103.0,1591.0,957.0,9.7,71.2,0.8569
1383.0,11.2,1020.0,1008.0,1719.0,1104.0,9.8,67.6,0.8185
1581.0,20.8,1319.0,799.0,2083.0,1409.0,10.3,64.2,0.8065
1776.0,27.4,1488.0,702.0,2333.0,1704.0,9.7,69.3,0.8319
1640.0,24.0,1404.0,743.0,2191.0,1654.0,9.6,67.8,0.8133
1313.0,12.8,1076.0,957.0,1707.0,1285.0,9.1,64.0,0.7419
965.0,4.7,749.0,1325.0,1333.0,821.0,8.2,63.4,0.6905
913.0,2.6,629.0,1565.0,1252.0,552.0,8.2,60.8,0.6657
1080.0,5.9,805.0,1254.0,1375.0,816.0,8.3,58.5,0.6438
1044.0,6.4,829.0,1247.0,1378.0,832.0,7.7,59.7,0.6308
988.0,4.1,718.0,1396.0,1304.0,692.0,7.1,61.8,0.6276
889.0,1.9,574.0,1680.0,1187.0,512.0,7.0,62.3,0.6261
831.0,1.1,506.0,1893.0,1134.0,384.0,6.1,65.9,0.6248
847.0,1.0,501.0,1895.0,1155.0,394.0,6.3,65.0,0.6233
927.0,1.8,571.0,1685.0,1223.0,487.0,6.8,62.9,0.6234
1091.0,4.4,730.0,1387.0,1361.0,748.0,6.4,65.1,0.6316
1587.0,17.9,1236.0,897.0,1900.0,1400.0,7.3,63.1,0.6499
1545.0,22.1,1353.0,767.0,2058.0,1588.0,9.2,56.2,0.6561
1350.0,14.0,1118.0,912.0,1712.0,1237.0,13.2,41.7,0.632
1263.0,11.6,1037.0,969.0,1598.0,1167.0,14.3,38.4,0.6243
1206.0,10.2,986.0,1035.0,1537.0,959.0,15.0,36.5,0.6195
1252.0,11.0,1016.0,1008.0,1593.0,983.0,16.1,34.5,0.6262
1287.0,12.8,1078.0,949.0,1660.0,1061.0,16.3,35.7,0.656
1353.0,14.2,1122.0,922.0,1740.0,1139.0,15.8,37.0,0.661
1309.0,12.7,1073.0,954.0,1657.0,1112.0,15.9,37.2,0.6657
1274.0,11.7,1041.0,1006.0,1610.0,994.0,16.9,34.3,0.6549
1510.0,19.3,1277.0,812.0,1910.0,1410.0,15.1,39.6,0.6766
1525.0,18.2,1246.0,821.0,1847.0,1448.0,14.4,43.4,0.7084
1843.0,32.6,1610.0,624.0,2390.0,1887.0,12.9,50.5,0.7478
1598.0,20.1,1299.0,752.0,1941.0,1627.0,12.1,53.3,0.7536
1484.0,14.3,1127.0,839.0,1723.0,1491.0,11.0,59.1,0.774
1677.0,21.8,1346.0,741.0,2062.0,1657.0,9.7,64.6,0.7771
1280.0,9.6,964.0,963.0,1544.0,1285.0,9.5,64.1,0.7597
1196.0,7.4,873.0,1071.0,1463.0,1144.0,9.1,63.9,0.7423
1184.0,5.4,782.0,1176.0,1365.0,1043.0,8.8,63.9,0.7256
1172.0,5.4,783.0,1179.0,1380.0,996.0,7.8,67.5,0.7173
1147.0,6.2,821.0,1132.0,1412.0,992.0,7.0,71.1,0.7158
978.0,2.6,625.0,1420.0,1274.0,819.0,8.3,63.6,0.6982
1100.0,2.9,646.0,1406.0,1268.0,835.0,7.2,67.5,0.6887
1112.0,5.1,770.0,1228.0,1409.0,940.0,6.3,71.9,0.6932
1336.0,11.8,1043.0,935.0,1678.0,1192.0,6.5,71.6,0.6945
1408.0,15.1,1153.0,830.0,1777.0,1411.0,9.6,59.7,0.7124
1447.0,12.9,1081.0,869.0,1667.0,1465.0,12.4,51.2,0.7335
1542.0,16.1,1184.0,808.0,1780.0,1583.0,15.6,42.2,0.7451
1451.0,14.0,1117.0,875.0,1679.0,1387.0,18.4,33.8,0.709
1328.0,12.3,1059.0,987.0,1600.0,1101.0,19.4,31.3,0.695
1207.0,8.6,924.0,1088.0,1488.0,850.0,18.0,34.8,0.7127
1240.0,9.2,947.0,1049.0,1532.0,947.0,18.4,33.6,0.7042
1306.0,10.2,987.0,1004.0,1554.0,1078.0,17.6,35.1,0.7012
1326.0,10.6,1000.0,976.0,1602.0,1084.0,16.7,37.8,0.7117
1473.0,15.5,1163.0,831.0,1779.0,1395.0,16.1,41.0,0.7451
1609.0,19.6,1286.0,758.0,1922.0,1612.0,15.8,42.4,0.7569
1611.0,19.2,1274.0,754.0,1915.0,1697.0,15.7,44.1,0.7786
1621.0,18.3,1247.0,762.0,1860.0,1886.0,15.3,46.8,0.8091
1444.0,13.1,1089.0,844.0,1748.0,1624.0,14.6,48.6,0.806
1418.0,10.9,1010.0,892.0,1603.0,1536.0,14.7,49.3,0.8193
1534.0,11.0,1013.0,889.0,1611.0,1535.0,13.9,53.6,0.8498
1484.0,11.9,1045.0,880.0,1624.0,1530.0,14.6,51.5,0.8536
1367.0,8.6,925.0,953.0,1543.0,1337.0,12.5,58.9,0.8537
1344.0,9.7,968.0,921.0,1620.0,1278.0,11.6,63.4,0.8674
1130.0,5.2,773.0,1130.0,1452.0,1051.0,12.1,61.1,0.8603
1062.0,3.7,691.0,1272.0,1377.0,929.0,11.5,63.1,0.8533
1076.0,2.5,618.0,1395.0,1333.0,872.0,11.6,62.2,0.8473
1028.0,2.4,615.0,1384.0,1340.0,853.0,10.4,67.6,0.853
1155.0,4.2,722.0,1225.0,1414.0,959.0,11.6,62.7,0.853
1235.0,6.4,828.0,1055.0,1527.0,1093.0,12.4,60.0,0.8627
1332.0,8.6,923.0,952.0,1614.0,1225.0,14.5,53.1,0.8728
1445.0,10.9,1009.0,878.0,1696.0,1355.0,16.9,46.1,0.8789
1416.0,10.7,1002.0,907.0,1677.0,1262.0,19.3,38.3,0.8474
1281.0,7.5,880.0,1084.0,1525.0,980.0,21.2,31.4,0.7812
1207.0,7.5,879.0,1104.0,1490.0,872.0,21.4,30.2,0.7616
1258.0,8.2,906.0,1081.0,1511.0,900.0,21.9,29.0,0.7525
1458.0,11.9,1045.0,974.0,1646.0,1099.0,22.2,28.4,0.7516
1438.0,12.0,1051.0,943.0,1668.0,1206.0,21.3,30.8,0.7696
1478.0,12.2,1055.0,929.0,1671.0,1262.0,19.7,36.7,0.8307
1808.0,20.6,1312.0,753.0,1993.0,1698.0,18.4,41.7,0.8732
1898.0,23.1,1381.0,681.0,2103.0,1905.0,17.6,46.1,0.921
1560.0,14.7,1140.0,784.0,1818.0,1648.0,16.7,49.6,0.932
1324.0,9.0,940.0,924.0,1587.0,1423.0,16.3,51.0,0.9341
1349.0,8.8,933.0,933.0,1617.0,1349.0,14.7,55.9,0.9314
1239.0,7.4,872.0,985.0,1547.0,1250.0,14.8,54.7,0.9164
1239.0,6.9,853.0,1010.0,1543.0,1174.0,14.0,57.0,0.9094
1224.0,7.0,855.0,998.0,1566.0,1149.0,13.4,61.3,0.9361
1078.0,4.4,734.0,1128.0,1487.0,1021.0,12.6,63.5,0.923
1078.0,4.0,711.0,1150.0,1468.0,1013.0,12.3,65.4,0.9351
1075.0,3.9,703.0,1156.0,1464.0,1010.0,11.9,67.4,0.9375
1157.0,6.4,830.0,1030.0,1584.0,1083.0,11.4,70.5,0.9475
1314.0,9.7,966.0,897.0,1710.0,1235.0,11.3,70.2,0.9401
1797.0,25.9,1451.0,652.0,2323.0,1680.0,12.4,63.9,0.917
1961.0,36.7,1701.0,537.0,2665.0,2184.0,14.8,54.3,0.9076
1771.0,26.6,1470.0,622.0,2262.0,1973.0,17.4,45.6,0.8993
1564.0,20.1,1300.0,710.0,2029.0,1798.0,19.8,38.5,0.8801
1430.0,14.1,1120.0,831.0,1783.0,1522.0,22.0,34.1,0.8904
1417.0,14.9,1146.0,830.0,1831.0,1404.0,23.3,32.2,0.9096
1400.0,15.4,1162.0,838.0,1829.0,1263.0,23.9,30.0,0.8757
1317.0,12.1,1053.0,926.0,1707.0,1137.0,24.4,28.9,0.8736
1318.0,11.5,1033.0,950.0,1675.0,1068.0,24.4,29.4,0.8848
1445.0,14.8,1141.0,857.0,1824.0,1252.0,23.8,31.3,0.9137
1917.0,32.1,1601.0,631.0,2447.0,1843.0,22.5,35.4,0.9547
2040.0,39.2,1754.0,542.0,2679.0,2122.0,20.4,42.5,1.0086
1895.0,31.0,1573.0,565.0,2443.0,1992.0,18.3,52.6,1.0945
1595.0,19.9,1294.0,678.0,2058.0,1707.0,16.7,57.4,1.0786
1439.0,15.3,1159.0,764.0,1856.0,1494.0,15.7,60.2,1.0654
1142.0,6.9,852.0,1008.0,1547.0,1164.0,15.3,61.4,1.058
1304.0,11.1,1019.0,852.0,1731.0,1272.0,14.1,65.7,1.0494
1074.0,5.4,784.0,1098.0,1483.0,1040.0,14.8,60.6,1.0148
968.0,2.8,640.0,1320.0,1386.0,867.0,14.8,59.2,0.9879
929.0,2.3,608.0,1376.0,1364.0,826.0,13.6,62.1,0.9636
941.0,2.6,626.0,1316.0,1373.0,840.0,12.3,66.2,0.945
937.0,2.0,585.0,1412.0,1348.0,793.0,12.8,63.2,0.9283
1017.0,3.5,681.0,1246.0,1418.0,870.0,11.2,68.5,0.9081
1171.0,5.1,770.0,1162.0,1467.0,930.0,11.0,66.5,0.8705
1541.0,16.2,1185.0,770.0,1889.0,1407.0,11.7,63.7,0.8719
1539.0,19.7,1287.0,698.0,2055.0,1507.0,13.6,56.3,0.8743
1735.0,25.1,1431.0,628.0,2211.0,1843.0,17.8,42.9,0.8672
1571.0,20.0,1297.0,730.0,1973.0,1729.0,21.4,33.3,0.8417
1452.0,18.3,1250.0,776.0,1868.0,1583.0,24.4,27.4,0.8231
1579.0,22.3,1359.0,724.0,1998.0,1671.0,25.3,26.1,0.8264
1466.0,20.4,1309.0,773.0,1897.0,1491.0,25.8,23.2,0.7589
1280.0,14.6,1136.0,893.0,1675.0,1240.0,27.0,20.2,0.7094
1407.0,16.6,1197.0,905.0,1759.0,1313.0,28.2,18.6,0.7014
1389.0,15.8,1173.0,898.0,1739.0,1363.0,28.0,19.1,0.7098
1447.0,17.8,1235.0,859.0,1778.0,1296.0,23.9,25.7,0.7519
1551.0,19.1,1271.0,800.0,1875.0,1432.0,21.3,34.8,0.873
1474.0,15.8,1173.0,854.0,1776.0,1432.0,20.4,36.7,0.8704
1800.0,24.9,1426.0,700.0,2106.0,2034.0,19.0,41.3,0.9007
1379.0,13.5,1101.0,818.0,1710.0,1602.0,17.9,45.9,0.9342
1201.0,9.1,943.0,935.0,1560.0,1362.0,16.7,48.9,0.9226
1205.0,8.6,925.0,922.0,1547.0,1314.0,15.5,52.9,0.9271
1072.0,5.4,784.0,1066.0,1442.0,1114.0,15.5,51.9,0.9059
998.0,4.1,714.0,1169.0,1383.0,992.0,14.1,55.6,0.891
933.0,2.6,625.0,1292.0,1332.0,884.0,13.1,57.9,0.8666
883.0,1.9,577.0,1396.0,1303.0,808.0,12.7,57.9,0.8447
869.0,1.6,554.0,1460.0,1268.0,667.0,11.8,58.0,0.8026
891.0,1.9,576.0,1417.0,1289.0,733.0,11.9,57.4,0.7978
1173.0,7.5,878.0,1038.0,1556.0,1052.0,9.9,65.2,0.7956
1587.0,21.4,1334.0,702.0,1999.0,1534.0,11.1,60.2,0.7958
1852.0,36.4,1696.0,553.0,2535.0,1931.0,14.1,50.0,0.802
1522.0,21.3,1331.0,703.0,2026.0,1734.0,17.7,40.1,0.8048
1438.0,15.4,1161.0,819.0,1782.0,1595.0,21.1,33.4,0.8265
1393.0,12.5,1067.0,905.0,1654.0,1490.0,24.3,28.3,0.8471
1452.0,15.1,1152.0,861.0,1747.0,1508.0,25.6,25.6,0.8254
1389.0,13.7,1108.0,887.0,1712.0,1334.0,25.9,25.9,0.8503
1207.0,10.4,994.0,1013.0,1520.0,1045.0,26.8,18.7,0.65
1365.0,15.2,1154.0,940.0,1679.0,1221.0,29.3,15.8,0.6309
1247.0,12.3,1060.0,1032.0,1525.0,1069.0,28.5,14.9,0.5708
1557.0,27.0,1478.0,793.0,1981.0,1569.0,25.9,16.0,0.5237
1973.0,38.4,1737.0,617.0,2414.0,2306.0,23.1,26.5,0.7403
1975.0,35.1,1667.0,597.0,2416.0,2359.0,20.5,38.2,0.9133
1795.0,27.2,1485.0,653.0,2174.0,2050.0,19.1,42.6,0.9294
1444.0,15.0,1150.0,770.0,1727.0,1727.0,17.2,44.1,0.8558
1488.0,15.7,1171.0,731.0,1778.0,1705.0,16.0,50.9,0.9206
1371.0,13.0,1083.0,796.0,1669.0,1551.0,14.8,53.9,0.9024
1161.0,8.1,904.0,947.0,1502.0,1240.0,14.3,55.4,0.8975
1064.0,5.5,787.0,1057.0,1407.0,1115.0,14.8,52.1,0.8686
970.0,3.6,687.0,1196.0,1351.0,969.0,13.9,53.9,0.8501
954.0,2.9,645.0,1260.0,1334.0,925.0,11.6,61.9,0.8442
931.0,2.5,623.0,1293.0,1307.0,828.0,12.0,58.9,0.8233
938.0,3.0,650.0,1251.0,1333.0,893.0,10.9,62.1,0.8113
1166.0,7.7,885.0,1005.0,1551.0,1075.0,10.6,63.3,0.8067
1643.0,23.3,1384.0,667.0,2094.0,1610.0,11.5,60.0,0.8117
1934.0,35.8,1682.0,541.0,2468.0,2051.0,14.3,50.6,0.8186
1617.0,21.3,1333.0,686.0,2010.0,1819.0,17.8,40.5,0.821
1473.0,14.3,1127.0,831.0,1752.0,1568.0,20.8,34.4,0.8365
1379.0,12.5,1068.0,899.0,1663.0,1374.0,23.8,28.2,0.8219
1385.0,12.2,1056.0,891.0,1648.0,1268.0,24.2,28.7,0.8515
1379.0,13.1,1087.0,901.0,1660.0,1144.0,25.2,24.9,0.7829
1322.0,14.4,1129.0,934.0,1639.0,1109.0,27.0,17.8,0.6275
1496.0,16.8,1205.0,822.0,1767.0,1347.0,27.1,23.1,0.818
1409.0,14.5,1131.0,873.0,1689.0,1206.0,25.8,23.9,0.7832
1513.0,21.5,1338.0,764.0,1957.0,1397.0,23.0,26.8,0.7446
1667.0,26.4,1464.0,683.0,2118.0,1588.0,20.7,31.1,0.7523
1667.0,26.0,1453.0,684.0,2051.0,1569.0,18.6,36.2,0.7676
1430.0,14.1,1121.0,814.0,1732.0,1322.0,16.0,48.4,0.8768
1333.0,10.3,989.0,885.0,1621.0,1194.0,14.5,57.8,0.9456
1262.0,8.3,911.0,948.0,1545.0,1062.0,13.1,64.2,0.9606
1287.0,8.9,936.0,918.0,1606.0,1040.0,12.0,69.7,0.9735
1134.0,6.6,840.0,1021.0,1501.0,917.0,11.9,71.1,0.9915
999.0,3.6,688.0,1229.0,1380.0,594.0,12.5,69.3,1.0029
961.0,2.5,622.0,1382.0,1301.0,430.0,12.5,67.5,0.9768
934.0,1.8,569.0,1440.0,1280.0,397.0,12.3,67.7,0.9665
913.0,1.3,525.0,1620.0,1260.0,370.0,12.5,66.8,0.962
969.0,2.3,607.0,1373.0,1324.0,438.0,12.3,66.3,0.9487
1182.0,6.7,845.0,1054.0,1539.0,704.0,12.4,64.9,0.9332
1740.0,22.8,1372.0,671.0,2144.0,1476.0,13.0,61.6,0.9209
1819.0,31.3,1582.0,575.0,2456.0,1716.0,13.6,58.8,0.912
1427.0,19.2,1275.0,701.0,1980.0,1398.0,13.9,57.1,0.9032
1390.0,16.4,1191.0,759.0,1879.0,1268.0,14.5,54.4,0.8917
1283.0,14.0,1117.0,813.0,1751.0,1188.0,15.5,50.1,0.8744
1304.0,15.3,1157.0,793.0,1801.0,1171.0,16.1,47.6,0.8655
1364.0,16.7,1202.0,771.0,1875.0,1250.0,16.3,47.1,0.864
1410.0,19.0,1268.0,724.0,1957.0,1344.0,16.4,47.5,0.8791
1476.0,19.4,1280.0,708.0,1955.0,1378.0,16.1,50.2,0.9094
1522.0,20.9,1320.0,690.0,2005.0,1435.0,16.0,50.7,0.9142
1442.0,20.2,1301.0,704.0,1952.0,1372.0,15.8,50.3,0.8989
1469.0,21.7,1344.0,677.0,1997.0,1471.0,15.5,50.6,0.884
1467.0,19.8,1292.0,698.0,1942.0,1439.0,15.4,51.4,0.8956
1421.0,16.7,1202.0,748.0,1854.0,1429.0,15.2,53.1,0.9117
1175.0,9.1,945.0,904.0,1604.0,1081.0,14.7,57.6,0.9573
1215.0,8.3,912.0,948.0,1547.0,993.0,14.2,58.3,0.938
1127.0,5.8,802.0,1064.0,1447.0,837.0,13.8,57.9,0.9085
1090.0,5.2,773.0,1105.0,1429.0,761.0,13.9,55.9,0.8842
1017.0,4.1,718.0,1182.0,1382.0,650.0,13.9,55.6,0.8765
997.0,3.4,677.0,1252.0,1359.0,591.0,13.8,55.1,0.8666
945.0,2.9,646.0,1308.0,1332.0,505.0,13.8,54.6,0.8574
956.0,3.1,661.0,1260.0,1351.0,518.0,13.6,55.1,0.856
966.0,2.5,622.0,1317.0,1342.0,571.0,13.6,59.0,0.9129
1064.0,4.3,728.0,1161.0,1461.0,842.0,13.5,58.4,0.896
1300.0,8.9,935.0,902.0,1623.0,1145.0,13.8,58.0,0.9083
1348.0,10.5,998.0,834.0,1689.0,1218.0,14.6,53.1,0.8765
1425.0,12.5,1068.0,776.0,1764.0,1341.0,15.0,52.3,0.8881
1474.0,12.3,1061.0,768.0,1768.0,1406.0,15.4,52.1,0.9046
1490.0,11.7,1039.0,782.0,1757.0,1422.0,16.3,50.0,0.9158
1495.0,11.7,1040.0,809.0,1735.0,1373.0,17.1,47.9,0.9281
1376.0,9.3,953.0,900.0,1636.0,1153.0,19.0,42.9,0.937
1305.0,7.6,884.0,980.0,1573.0,927.0,19.5,42.3,0.9476
1283.0,6.7,844.0,1036.0,1539.0,766.0,19.5,42.3,0.9493
1392.0,9.7,967.0,930.0,1649.0,941.0,19.1,43.8,0.9556
1452.0,12.4,1063.0,856.0,1774.0,1146.0,18.5,46.3,0.9744
1633.0,16.6,1199.0,734.0,1919.0,1417.0,17.4,51.6,1.0159
1625.0,16.4,1191.0,733.0,1885.0,1442.0,17.1,51.3,0.9914
1535.0,13.7,1108.0,785.0,1820.0,1323.0,16.4,53.8,0.9964
1323.0,9.9,973.0,864.0,1712.0,1125.0,16.2,55.4,1.0132
1309.0,8.9,937.0,905.0,1672.0,1036.0,15.9,57.7,1.0356
1456.0,10.6,999.0,835.0,1714.0,1202.0,15.7,58.6,1.0396
1300.0,7.4,872.0,941.0,1577.0,1054.0,15.1,60.9,1.0398
1203.0,6.2,823.0,1004.0,1526.0,903.0,15.6,56.6,0.9951
1195.0,6.5,836.0,987.0,1554.0,885.0,15.2,57.9,0.9941
1117.0,5.8,802.0,1029.0,1539.0,818.0,15.4,57.8,1.0021
1062.0,4.0,711.0,1136.0,1461.0,700.0,14.9,60.6,1.0196
947.0,2.1,594.0,1300.0,1390.0,580.0,14.5,63.0,1.0316
1065.0,3.6,687.0,1143.0,1492.0,815.0,14.2,66.2,1.063
1155.0,4.4,734.0,1062.0,1528.0,1035.0,14.5,65.3,1.0704
1220.0,5.4,782.0,996.0,1560.0,1067.0,15.3,62.1,1.073
1301.0,7.1,862.0,914.0,1633.0,1114.0,16.3,59.0,1.0868
1279.0,7.3,870.0,911.0,1646.0,1000.0,18.9,49.6,1.07
1267.0,7.6,883.0,953.0,1617.0,906.0,19.4,46.1,1.0249
1239.0,6.8,848.0,981.0,1568.0,822.0,20.8,41.6,1.0091
1128.0,4.6,742.0,1144.0,1507.0,610.0,21.4,40.3,1.0126
1243.0,8.4,916.0,962.0,1669.0,657.0,21.2,39.3,0.9791
1208.0,6.9,853.0,1060.0,1506.0,647.0,20.3,38.0,0.8942
1306.0,9.0,938.0,961.0,1607.0,762.0,19.4,41.3,0.9206
1546.0,15.1,1151.0,769.0,1874.0,1122.0,18.5,43.8,0.9252
1501.0,12.6,1071.0,823.0,1744.0,1130.0,17.8,48.1,0.9689
1605.0,15.1,1153.0,769.0,1840.0,1637.0,17.9,46.9,0.952
1316.0,9.9,974.0,883.0,1673.0,1272.0,17.4,49.1,0.9688
1195.0,8.0,898.0,933.0,1594.0,1098.0,17.0,51.7,0.9914
1211.0,7.9,896.0,920.0,1624.0,1066.0,16.4,55.1,1.0198
1161.0,6.1,815.0,995.0,1582.0,909.0,16.1,60.0,1.0919
1095.0,5.1,767.0,1050.0,1547.0,818.0,15.8,60.5,1.0805
897.0,1.7,563.0,1417.0,1355.0,472.0,16.3,57.0,1.0491
842.0,0.7,468.0,1813.0,1274.0,394.0,16.9,53.9,1.0309
854.0,0.8,481.0,1756.0,1304.0,396.0,16.1,55.9,1.0153
845.0,0.7,472.0,1786.0,1278.0,378.0,16.5,53.9,1.0049
942.0,2.0,586.0,1480.0,1373.0,432.0,16.4,54.0,0.9979
1090.0,5.1,768.0,1072.0,1538.0,699.0,15.7,57.6,1.0195
1514.0,17.7,1230.0,732.0,1996.0,1252.0,15.8,53.7,0.9571
1379.0,18.4,1252.0,711.0,1962.0,1237.0,17.4,42.1,0.8281
1074.0,6.9,854.0,1032.0,1484.0,772.0,17.9,38.4,0.7793
1090.0,7.3,868.0,1026.0,1509.0,766.0,18.5,36.7,0.7764
1110.0,9.6,964.0,947.0,1577.0,829.0,21.0,29.6,0.7263
1102.0,10.4,994.0,955.0,1599.0,783.0,21.3,28.1,0.7067
1100.0,11.2,1021.0,952.0,1607.0,822.0,21.3,26.1,0.6539
1094.0,10.7,1003.0,965.0,1574.0,813.0,21.3,26.8,0.6681
1076.0,11.6,1034.0,964.0,1544.0,813.0,21.3,24.2,0.606
1152.0,12.4,1062.0,928.0,1606.0,850.0,20.2,28.5,0.6682
1407.0,18.3,1249.0,720.0,1932.0,1276.0,17.0,43.1,0.8264
1438.0,21.0,1325.0,678.0,1993.0,1401.0,15.6,47.4,0.8347
1425.0,21.0,1325.0,678.0,1965.0,1356.0,15.3,47.4,0.8178
1279.0,14.5,1131.0,775.0,1758.0,1243.0,14.5,49.7,0.8177
1132.0,8.4,916.0,920.0,1561.0,1083.0,13.9,52.0,0.8231
1006.0,4.3,729.0,1142.0,1370.0,795.0,14.5,49.4,0.8106
982.0,3.8,700.0,1204.0,1359.0,735.0,13.8,51.4,0.8071
969.0,2.7,636.0,1271.0,1309.0,684.0,14.0,51.3,0.8163
941.0,2.5,621.0,1298.0,1330.0,714.0,13.0,56.8,0.8444
892.0,1.2,522.0,1522.0,1285.0,456.0,11.0,70.0,0.9215
855.0,0.8,478.0,1701.0,1261.0,401.0,10.1,76.8,0.9483
834.0,0.6,459.0,1908.0,1212.0,361.0,8.8,80.5,0.9147
909.0,1.8,567.0,1542.0,1287.0,418.0,9.6,75.4,0.9004
1061.0,4.6,745.0,1178.0,1429.0,616.0,9.8,75.0,0.9093
1441.0,14.2,1124.0,851.0,1829.0,1089.0,10.0,74.2,0.9117
1498.0,21.0,1325.0,684.0,2095.0,1329.0,11.2,69.7,0.9232
1343.0,16.2,1185.0,760.0,1857.0,1311.0,12.0,62.9,0.8803
1308.0,15.5,1166.0,792.0,1794.0,1236.0,12.8,55.8,0.821
1209.0,13.4,1097.0,837.0,1746.0,1147.0,13.1,54.8,0.8234
1310.0,16.9,1207.0,770.0,1847.0,1301.0,13.8,53.4,0.8351
1171.0,12.4,1064.0,881.0,1639.0,1097.0,16.0,42.4,0.7674
1112.0,10.1,980.0,924.0,1589.0,900.0,14.1,49.8,0.7971
1132.0,8.7,927.0,944.0,1570.0,781.0,12.0,61.1,0.8537
1225.0,13.8,1111.0,818.0,1719.0,1013.0,13.6,54.6,0.8465
1065.0,9.3,953.0,962.0,1514.0,790.0,13.7,49.5,0.7695
1236.0,13.0,1084.0,854.0,1688.0,1059.0,11.7,57.1,0.7822
1309.0,14.3,1126.0,812.0,1722.0,1205.0,11.5,58.2,0.7867
1089.0,7.6,884.0,1006.0,1487.0,975.0,12.6,54.2,0.7881
1000.0,5.3,776.0,1141.0,1375.0,896.0,12.0,54.9,0.7664
1041.0,5.4,782.0,1105.0,1425.0,911.0,11.0,61.4,0.8057
1045.0,4.9,756.0,1137.0,1411.0,902.0,11.1,62.2,0.8199
997.0,4.6,744.0,1151.0,1405.0,832.0,10.8,62.5,0.8082
948.0,2.7,634.0,1320.0,1326.0,715.0,11.3,60.0,0.8025
878.0,1.6,551.0,1493.0,1272.0,683.0,10.6,61.6,0.7856
908.0,1.7,559.0,1477.0,1287.0,721.0,10.2,62.7,0.7813
892.0,1.2,522.0,1572.0,1255.0,648.0,10.9,58.6,0.7628
954.0,1.7,561.0,1496.0,1255.0,612.0,10.8,57.2,0.7382
1045.0,4.8,751.0,1186.0,1403.0,800.0,10.4,59.2,0.7455
1383.0,13.8,1109.0,832.0,1706.0,1173.0,11.0,57.3,0.7501
1597.0,23.7,1395.0,652.0,2080.0,1519.0,11.2,56.9,0.7565
1318.0,14.2,1124.0,762.0,1770.0,1287.0,12.1,54.9,0.7734
1138.0,8.0,898.0,950.0,1505.0,966.0,15.1,44.3,0.7535
1098.0,6.7,842.0,1012.0,1440.0,828.0,15.6,40.6,0.7146
1118.0,8.7,927.0,959.0,1477.0,825.0,16.9,34.6,0.6597
1170.0,10.8,1009.0,879.0,1566.0,872.0,16.6,35.6,0.6697
1112.0,6.7,842.0,1015.0,1494.0,680.0,11.3,63.9,0.8554
1390.0,11.4,1028.0,829.0,1730.0,1002.0,9.6,81.1,0.972
1353.0,13.4,1096.0,774.0,1783.0,1159.0,11.7,69.1,0.9497
1260.0,12.0,1050.0,828.0,1722.0,979.0,10.7,68.5,0.8794
1501.0,20.2,1302.0,681.0,2008.0,1311.0,10.7,67.3,0.8643
1273.0,14.4,1130.0,795.0,1744.0,1071.0,10.8,65.7,0.8486
1179.0,9.4,955.0,928.0,1571.0,899.0,10.3,66.3,0.8336
1047.0,5.9,809.0,1064.0,1435.0,766.0,10.1,66.9,0.8248
973.0,4.5,739.0,1186.0,1354.0,589.0,10.4,61.1,0.7717
997.0,4.5,737.0,1168.0,1341.0,631.0,10.3,59.9,0.7516
970.0,2.5,621.0,1400.0,1249.0,479.0,11.0,58.4,0.7686
902.0,1.8,568.0,1450.0,1253.0,479.0,9.1,68.1,0.789
921.0,1.4,538.0,1564.0,1224.0,417.0,9.5,68.2,0.8091
858.0,0.9,490.0,1707.0,1212.0,378.0,9.3,72.3,0.8496
878.0,0.6,457.0,1935.0,1158.0,344.0,9.9,66.8,0.8152
893.0,1.4,540.0,1604.0,1268.0,413.0,7.6,83.2,0.8695
1038.0,3.8,697.0,1260.0,1383.0,605.0,8.1,79.0,0.8544
1320.0,11.6,1035.0,902.0,1721.0,991.0,8.7,74.6,0.8429
1353.0,17.8,1235.0,740.0,1937.0,1175.0,8.6,75.1,0.8415
1133.0,8.8,933.0,969.0,1552.0,923.0,9.7,69.7,0.8389
1066.0,6.8,849.0,1039.0,1468.0,829.0,11.0,64.4,0.8447
1027.0,5.9,809.0,1081.0,1442.0,733.0,13.6,53.0,0.8209
1106.0,8.9,935.0,958.0,1570.0,819.0,14.2,48.4,0.778
1038.0,8.2,907.0,976.0,1492.0,723.0,14.2,46.3,0.7438
1084.0,8.6,924.0,986.0,1501.0,786.0,16.0,41.3,0.7462
1105.0,10.1,982.0,939.0,1545.0,850.0,17.7,35.4,0.7094
1102.0,9.4,957.0,968.0,1527.0,820.0,17.1,37.4,0.7225
1240.0,14.6,1137.0,836.0,1748.0,991.0,14.9,40.5,0.6835
1443.0,24.6,1418.0,666.0,2060.0,1454.0,13.4,47.8,0.7293
1389.0,21.6,1341.0,692.0,1982.0,1488.0,12.6,52.5,0.7642
1183.0,10.3,989.0,904.0,1539.0,1205.0,12.2,53.2,0.7555
1014.0,5.7,798.0,1083.0,1376.0,909.0,10.6,56.1,0.714
979.0,4.5,736.0,1154.0,1324.0,769.0,9.9,59.5,0.7276
1048.0,5.5,787.0,1098.0,1373.0,835.0,9.6,61.1,0.7323
1024.0,4.8,753.0,1131.0,1357.0,793.0,9.7,61.6,0.7425
974.0,3.6,690.0,1208.0,1313.0,733.0,9.4,62.6,0.7398
862.0,1.7,561.0,1449.0,1219.0,502.0,8.2,68.5,0.7455
925.0,2.2,602.0,1398.0,1263.0,562.0,8.0,69.4,0.7459
952.0,3.0,654.0,1210.0,1312.0,832.0,7.7,72.4,0.7655
1005.0,4.0,713.0,1130.0,1363.0,924.0,8.0,71.8,0.7711
1122.0,6.7,842.0,1015.0,1438.0,974.0,8.5,66.3,0.7375
1351.0,16.7,1201.0,783.0,1828.0,1307.0,9.8,59.6,0.7214
1408.0,19.3,1278.0,682.0,1928.0,1481.0,11.2,57.0,0.7544
1304.0,14.8,1142.0,772.0,1747.0,1405.0,14.8,44.1,0.7407
1207.0,13.4,1098.0,826.0,1664.0,1195.0,16.8,35.3,0.6729
1099.0,11.0,1014.0,948.0,1503.0,868.0,19.2,27.1,0.5976
1106.0,12.5,1068.0,915.0,1535.0,874.0,19.1,26.2,0.5741
1009.0,8.4,916.0,1015.0,1391.0,738.0,16.3,30.8,0.5683
962.0,5.3,776.0,1152.0,1279.0,550.0,14.2,36.8,0.5922
1093.0,8.8,933.0,976.0,1454.0,777.0,13.4,41.0,0.6292
1180.0,11.2,1023.0,886.0,1588.0,966.0,14.2,43.3,0.6982
1168.0,11.6,1037.0,868.0,1580.0,990.0,12.1,45.6,0.6403
1168.0,12.4,1063.0,876.0,1540.0,944.0,10.4,48.0,0.6046
1140.0,10.6,1000.0,916.0,1490.0,962.0,10.0,51.1,0.628
1001.0,6.0,811.0,1097.0,1308.0,778.0,9.8,50.8,0.6172
953.0,4.6,743.0,1185.0,1252.0,690.0,9.7,50.4,0.6063
972.0,4.1,715.0,1237.0,1258.0,644.0,9.9,50.2,0.6103
1021.0,5.2,776.0,1144.0,1307.0,753.0,9.4,53.4,0.63
940.0,3.2,664.0,1290.0,1232.0,646.0,8.6,57.8,0.6488
1046.0,4.5,736.0,1142.0,1312.0,838.0,8.1,62.1,0.6746
1026.0,3.8,699.0,1191.0,1292.0,851.0,7.9,63.5,0.6777
983.0,3.8,698.0,1209.0,1296.0,801.0,7.4,64.8,0.6683
915.0,1.9,578.0,1417.0,1212.0,665.0,8.2,58.9,0.6444
935.0,2.4,615.0,1373.0,1250.0,717.0,6.3,66.6,0.641
976.0,3.3,669.0,1270.0,1266.0,795.0,7.2,62.9,0.6396
1124.0,6.7,842.0,1050.0,1418.0,936.0,7.2,63.9,0.65
1163.0,8.5,919.0,922.0,1530.0,1076.0,11.1,50.5,0.6654
1167.0,9.7,966.0,942.0,1520.0,1016.0,15.5,36.1,0.6313
1121.0,9.4,955.0,992.0,1451.0,834.0,17.8,29.2,0.592
1071.0,9.0,940.0,994.0,1449.0,756.0,17.6,30.1,0.6013
1065.0,10.0,979.0,950.0,1467.0,766.0,19.1,26.8,0.5861
1157.0,12.6,1072.0,888.0,1596.0,905.0,17.7,28.6,0.5735
1046.0,7.6,883.0,1051.0,1357.0,765.0,17.8,28.4,0.5737
1147.0,11.8,1042.0,934.0,1538.0,830.0,18.7,26.0,0.5555
1119.0,11.2,1022.0,916.0,1508.0,853.0,17.1,31.3,0.6038
1210.0,12.4,1062.0,886.0,1586.0,981.0,15.8,36.1,0.644
1306.0,12.9,1079.0,827.0,1621.0,1286.0,14.7,40.1,0.6657
1258.0,12.2,1057.0,841.0,1633.0,1244.0,13.6,44.9,0.6991
1148.0,8.8,930.0,948.0,1475.0,1056.0,12.5,48.1,0.6946
1108.0,6.8,848.0,1023.0,1421.0,1003.0,11.8,50.8,0.7042
1231.0,8.6,924.0,906.0,1483.0,1245.0,10.9,56.1,0.7326
1293.0,8.9,937.0,930.0,1464.0,1200.0,10.9,55.9,0.7277
1274.0,8.3,912.0,939.0,1451.0,1188.0,10.3,58.1,0.7278
1135.0,6.3,827.0,1013.0,1395.0,1070.0,9.3,62.2,0.7294
1151.0,8.3,911.0,935.0,1501.0,1075.0,8.2,66.7,0.7276
1010.0,5.1,769.0,1110.0,1396.0,895.0,8.3,64.9,0.7124
870.0,2.6,626.0,1325.0,1284.0,755.0,9.6,58.5,0.7
983.0,3.6,688.0,1251.0,1342.0,806.0,7.7,66.4,0.699
995.0,3.6,691.0,1219.0,1321.0,836.0,7.4,68.0,0.7043
1024.0,4.7,747.0,1136.0,1382.0,897.0,9.7,58.6,0.7035
1163.0,7.5,880.0,959.0,1486.0,1073.0,12.5,50.1,0.7242
1218.0,9.0,938.0,918.0,1501.0,1088.0,16.8,36.9,0.7018
1210.0,9.5,958.0,933.0,1514.0,1036.0,19.2,31.3,0.6887
1114.0,7.7,887.0,1020.0,1438.0,768.0,21.3,26.4,0.6607
995.0,5.7,796.0,1159.0,1287.0,587.0,21.2,23.1,0.5768
927.0,3.8,700.0,1285.0,1189.0,452.0,18.6,25.0,0.5319
1002.0,4.8,754.0,1189.0,1260.0,470.0,18.0,27.3,0.5594
987.0,4.3,727.0,1213.0,1244.0,502.0,18.2,28.3,0.5848
993.0,4.1,714.0,1217.0,1238.0,516.0,17.0,31.4,0.6048
1012.0,4.7,746.0,1174.0,1301.0,555.0,15.6,35.0,0.617
1114.0,6.2,823.0,1068.0,1357.0,671.0,14.1,40.2,0.6438
1093.0,5.5,789.0,1102.0,1329.0,788.0,13.4,43.2,0.6623
968.0,3.3,669.0,1261.0,1246.0,538.0,12.3,46.8,0.6686
960.0,3.2,666.0,1266.0,1224.0,544.0,11.9,46.5,0.6449
942.0,2.9,648.0,1300.0,1204.0,500.0,11.5,46.6,0.6319
888.0,2.2,598.0,1396.0,1156.0,417.0,10.6,48.0,0.6135
818.0,1.3,524.0,1588.0,1071.0,341.0,10.7,45.8,0.5895
840.0,1.1,509.0,1643.0,1076.0,352.0,10.4,46.6,0.5901
894.0,1.3,524.0,1557.0,1095.0,397.0,10.1,47.8,0.5913
864.0,1.2,516.0,1496.0,1153.0,502.0,11.3,46.9,0.628
898.0,1.7,559.0,1441.0,1180.0,648.0,10.1,51.2,0.6341
946.0,2.9,643.0,1309.0,1232.0,760.0,9.9,50.7,0.6167
1309.0,14.3,1125.0,844.0,1687.0,1183.0,8.1,56.8,0.615
1326.0,19.7,1289.0,714.0,1806.0,1431.0,10.9,44.1,0.5748
966.0,5.5,786.0,1111.0,1258.0,705.0,11.8,37.6,0.5184
975.0,5.6,793.0,1133.0,1254.0,637.0,13.9,33.2,0.5222
988.0,5.8,803.0,1105.0,1293.0,658.0,15.6,30.1,0.5285
971.0,5.5,786.0,1129.0,1272.0,546.0,16.5,29.0,0.5406
1010.0,6.5,833.0,1070.0,1332.0,561.0,17.5,27.9,0.5517
984.0,5.5,790.0,1131.0,1268.0,532.0,17.9,26.8,0.5446
962.0,5.2,776.0,1131.0,1247.0,535.0,18.2,26.1,0.5387
1012.0,5.8,801.0,1098.0,1289.0,525.0,18.0,27.1,0.5522
1058.0,7.9,896.0,996.0,1358.0,603.0,17.0,28.9,0.5558
1173.0,10.2,985.0,905.0,1477.0,802.0,16.1,31.3,0.568
1127.0,8.2,907.0,957.0,1404.0,796.0,14.5,35.4,0.5839
1020.0,5.7,797.0,1066.0,1302.0,689.0,13.2,37.9,0.5733
949.0,3.8,700.0,1221.0,1178.0,553.0,13.1,34.4,0.517
930.0,4.0,710.0,1278.0,1137.0,509.0,13.5,28.5,0.4405
900.0,2.8,643.0,1339.0,1089.0,455.0,12.4,31.9,0.4583
899.0,2.6,630.0,1418.0,1050.0,425.0,13.1,26.8,0.4023
866.0,1.8,569.0,1468.0,1055.0,436.0,11.6,33.6,0.4595
900.0,1.7,563.0,1402.0,1130.0,618.0,10.5,42.9,0.5442
949.0,1.4,540.0,1457.0,1104.0,747.0,11.7,38.7,0.5298
897.0,1.3,529.0,1462.0,1101.0,693.0,12.2,37.2,0.5277
956.0,2.3,605.0,1341.0,1117.0,691.0,12.9,33.9,0.5037
1054.0,5.3,779.0,1080.0,1266.0,1013.0,11.3,40.3,0.5376
1343.0,13.4,1096.0,839.0,1587.0,1311.0,11.9,38.4,0.5341
1584.0,23.8,1399.0,642.0,1947.0,1675.0,13.3,35.6,0.5416
1556.0,21.5,1337.0,674.0,1852.0,1689.0,16.3,28.8,0.5305
1565.0,21.0,1324.0,695.0,1872.0,1688.0,17.9,28.2,0.5741
1429.0,18.4,1251.0,734.0,1754.0,1548.0,18.3,26.6,0.5529
1419.0,18.9,1267.0,742.0,1763.0,1490.0,20.8,22.5,0.5463
1373.0,17.1,1213.0,791.0,1711.0,1354.0,22.4,20.0,0.5352
1185.0,10.4,992.0,942.0,1448.0,1014.0,20.9,21.7,0.5295
1122.0,8.0,897.0,991.0,1372.0,831.0,19.1,26.5,0.579
1085.0,6.2,820.0,1060.0,1325.0,699.0,18.1,30.6,0.6295
1249.0,9.7,968.0,874.0,1527.0,926.0,17.3,34.7,0.6788
1236.0,9.6,962.0,853.0,1532.0,928.0,15.8,40.4,0.7228
1334.0,11.9,1047.0,815.0,1638.0,1038.0,15.9,42.0,0.7541
1264.0,8.7,928.0,884.0,1534.0,1035.0,15.9,43.5,0.779
1073.0,4.7,746.0,1072.0,1360.0,789.0,15.0,46.1,0.7833
1053.0,3.8,701.0,1147.0,1323.0,692.0,15.1,44.6,0.7574
1098.0,4.7,747.0,1094.0,1360.0,764.0,14.9,43.5,0.7302
1029.0,3.8,702.0,1180.0,1287.0,639.0,14.8,41.0,0.685
973.0,2.7,631.0,1287.0,1240.0,541.0,14.8,40.8,0.6814
972.0,2.8,639.0,1222.0,1256.0,678.0,14.8,40.8,0.6834
832.0,1.0,496.0,1613.0,1066.0,381.0,14.2,36.1,0.5823
851.0,0.8,477.0,1699.0,1064.0,343.0,14.5,36.1,0.5928
909.0,1.5,545.0,1473.0,1131.0,436.0,14.6,36.0,0.5947
1038.0,3.5,684.0,1220.0,1279.0,688.0,14.4,38.5,0.6291
1636.0,15.6,1168.0,721.0,1926.0,1438.0,13.8,58.2,0.9129
1580.0,19.9,1295.0,639.0,1957.0,1489.0,13.2,61.1,0.9256
1262.0,8.6,924.0,872.0,1576.0,1093.0,10.4,74.4,0.9384
1197.0,6.5,837.0,957.0,1498.0,965.0,11.5,71.0,0.9582
1277.0,7.7,886.0,902.0,1579.0,1004.0,12.2,70.0,0.9924
1430.0,11.3,1025.0,779.0,1772.0,1166.0,12.3,73.3,1.0442
1242.0,9.1,944.0,846.0,1638.0,991.0,11.3,78.1,1.0411
1349.0,11.2,1023.0,804.0,1748.0,1054.0,13.6,69.2,1.0746
1390.0,13.5,1100.0,755.0,1799.0,1192.0,14.9,59.3,0.9974
1224.0,10.1,980.0,850.0,1637.0,1055.0,15.7,50.9,0.8997
1253.0,11.3,1026.0,810.0,1681.0,1048.0,15.2,52.9,0.9087
1312.0,11.8,1041.0,821.0,1712.0,1073.0,15.5,50.8,0.8881
1254.0,11.5,1033.0,819.0,1669.0,1068.0,14.3,52.9,0.8581
1198.0,9.3,953.0,882.0,1588.0,1019.0,13.2,56.0,0.8446
1060.0,5.5,787.0,1044.0,1418.0,833.0,12.6,57.0,0.8315
1050.0,5.1,769.0,1078.0,1409.0,759.0,12.3,57.8,0.8224
1029.0,4.8,754.0,1098.0,1395.0,749.0,12.0,58.4,0.8164
1143.0,6.3,825.0,986.0,1477.0,978.0,12.0,61.6,0.8593
1044.0,5.1,770.0,1031.0,1425.0,944.0,11.5,63.9,0.8652
1034.0,4.1,716.0,1085.0,1405.0,891.0,10.7,67.2,0.863
956.0,4.0,713.0,1099.0,1422.0,849.0,9.0,73.1,0.8394
909.0,2.4,615.0,1237.0,1322.0,790.0,10.2,66.6,0.8299
996.0,2.9,648.0,1176.0,1340.0,852.0,11.0,63.7,0.8325
1154.0,7.4,876.0,1002.0,1561.0,987.0,9.6,68.8,0.8243
1510.0,19.8,1291.0,675.0,1949.0,1435.0,9.5,69.6,0.8273
1722.0,31.9,1595.0,539.0,2439.0,1798.0,11.9,60.9,0.8455
1512.0,21.0,1323.0,631.0,2001.0,1677.0,16.2,48.6,0.8892
1258.0,11.7,1040.0,800.0,1701.0,1282.0,19.2,39.6,0.8693
1094.0,6.8,850.0,970.0,1489.0,871.0,19.7,38.4,0.8743
1129.0,7.4,875.0,974.0,1524.0,759.0,20.6,36.7,0.8797
1125.0,8.6,924.0,937.0,1542.0,790.0,21.8,33.9,0.8771
1170.75,10.55,991.25,901.0,1454.75,889.25,22.25,32.3,0.85565
1216.5,12.5,1058.5,865.0,1367.5,988.5,22.7,30.7,0.8342
1262.25,14.45,1125.75,829.0,1280.25,1087.75,23.15,29.1,0.81275
1308.0,16.4,1193.0,793.0,1193.0,1187.0,23.6,27.5,0.7913
1529.0,21.2,1331.0,700.0,2028.0,1399.0,22.8,32.1,0.8814
1592.0,25.0,1429.0,624.0,2089.0,1644.0,20.8,36.7,0.8878
1536.0,20.2,1302.0,666.0,1922.0,1599.0,18.3,40.9,0.8493
1192.0,10.8,1007.0,827.0,1604.0,1223.0,16.8,44.0,0.8341
1186.0,9.9,976.0,844.0,1570.0,1200.0,15.8,48.0,0.8569
1203.0,8.5,920.0,898.0,1529.0,1118.0,14.9,52.0,0.8757
1139.0,8.0,899.0,921.0,1514.0,1067.0,14.1,54.4,0.8701
1072.0,5.6,795.0,986.0,1442.0,1048.0,13.3,58.8,0.8922
954.0,3.2,667.0,1180.0,1350.0,718.0,13.3,60.9,0.9229
951.0,3.3,673.0,1137.0,1381.0,797.0,11.8,64.3,0.8869
926.0,2.8,638.0,1195.0,1342.0,749.0,11.2,65.9,0.8775
968.0,2.6,628.0,1197.0,1372.0,737.0,11.3,72.9,0.9738
1067.0,4.3,727.0,1055.0,1448.0,903.0,11.4,71.8,0.9671
1386.0,13.0,1083.0,798.0,1833.0,1159.0,11.9,73.7,1.0254
1474.0,20.3,1306.0,634.0,2060.0,1365.0,12.6,70.2,1.0221
1569.0,20.7,1316.0,634.0,2054.0,1510.0,13.6,65.3,1.0136
1375.0,15.9,1177.0,706.0,1898.0,1386.0,16.9,52.3,1.0013
1328.0,14.2,1123.0,738.0,1821.0,1368.0,19.4,44.1,0.9855
1341.0,15.9,1176.0,748.0,1825.0,1347.0,22.9,33.8,0.9322
1297.0,16.1,1183.0,765.0,1773.0,1242.0,23.6,31.3,0.9001
1303.0,14.7,1139.0,790.0,1761.0,1138.0,24.7,30.5,0.9371
1281.0,14.0,1116.0,809.0,1703.0,1080.0,26.1,27.3,0.9101
1248.0,13.6,1103.0,872.0,1632.0,1002.0,27.6,22.8,0.8288
1382.0,19.7,1288.0,778.0,1799.0,1212.0,26.9,22.3,0.7792
1491.0,23.3,1385.0,685.0,1915.0,1486.0,24.3,30.1,0.9012
1620.0,24.1,1407.0,641.0,2052.0,1567.0,21.2,40.1,0.9978
1693.0,25.4,1439.0,618.0,2083.0,1723.0,19.4,42.5,0.9483
1374.0,14.1,1121.0,771.0,1685.0,1399.0,18.5,43.0,0.9074
1287.0,10.1,982.0,841.0,1582.0,1291.0,17.8,47.0,0.9467
1408.0,12.1,1052.0,761.0,1684.0,1443.0,16.8,53.2,1.01
1254.0,9.0,941.0,828.0,1566.0,1270.0,17.1,51.8,0.999
1141.0,6.3,827.0,936.0,1488.0,1110.0,16.2,54.2,0.9933
1141.0,5.3,777.0,986.0,1455.0,1060.0,15.1,58.2,0.9886
1042.0,3.8,697.0,1056.0,1410.0,965.0,15.1,57.6,0.9796
986.0,3.0,651.0,1145.0,1380.0,891.0,14.5,58.0,0.9488
1005.0,3.3,673.0,1103.0,1387.0,905.0,13.7,61.6,0.9631
1041.0,3.5,683.0,1112.0,1398.0,899.0,13.9,59.6,0.9408
1272.0,9.5,959.0,846.0,1660.0,1136.0,13.3,61.7,0.9399
1436.0,15.2,1154.0,704.0,1872.0,1391.0,15.1,55.8,0.9486
1472.0,14.3,1126.0,720.0,1816.0,1460.0,17.0,50.5,0.9684
1418.0,11.2,1023.0,785.0,1720.0,1410.0,19.7,43.3,0.9837
1410.0,11.4,1030.0,781.0,1743.0,1372.0,20.7,41.7,1.0092
1438.0,13.4,1096.0,781.0,1779.0,1266.0,23.3,35.8,1.0098
1278.0,10.6,1000.0,866.0,1621.0,1014.0,23.8,30.5,0.8897
1257.0,10.8,1006.0,915.0,1573.0,870.0,24.8,27.0,0.8325
1331.0,11.9,1046.0,882.0,1635.0,905.0,25.0,27.5,0.8575
1361.0,13.5,1102.0,834.0,1704.0,991.0,25.8,26.5,0.8675
1398.0,15.2,1156.0,812.0,1722.0,1076.0,25.1,27.1,0.8496
1483.0,17.1,1213.0,764.0,1798.0,1249.0,23.7,28.6,0.8273
1697.0,26.7,1471.0,625.0,2153.0,1548.0,22.1,36.8,0.9681
1459.0,14.2,1124.0,736.0,1823.0,1300.0,19.9,47.5,1.0912
1268.0,8.5,918.0,873.0,1602.0,1029.0,18.7,50.4,1.0772
1469.0,14.3,1128.0,762.0,1870.0,1207.0,18.1,51.3,1.0587
1316.0,9.3,952.0,847.0,1644.0,1047.0,17.5,53.8,1.0648
1224.0,7.8,892.0,884.0,1580.0,923.0,16.7,56.5,1.0634
1215.0,6.7,843.0,929.0,1551.0,862.0,15.9,59.2,1.0635
1115.0,5.4,782.0,980.0,1500.0,752.0,15.2,62.4,1.0726
1124.0,5.6,793.0,965.0,1521.0,791.0,14.7,65.0,1.0766
1028.0,3.5,682.0,1090.0,1448.0,697.0,14.3,65.3,1.0594
1010.0,3.0,650.0,1171.0,1434.0,664.0,13.7,66.5,1.0393
1074.0,4.4,731.0,1020.0,1488.0,891.0,12.9,69.1,1.0264
1034.0,3.5,684.0,1110.0,1423.0,813.0,13.7,64.8,1.0135
1130.0,4.2,720.0,1063.0,1461.0,828.0,15.3,59.0,1.0181
1275.0,8.0,900.0,868.0,1634.0,1057.0,18.1,49.8,1.0272
1324.0,9.0,939.0,846.0,1658.0,1011.0,21.5,40.7,1.0301
1268.0,8.1,902.0,906.0,1589.0,932.0,23.3,37.1,1.0457
1272.0,8.6,924.0,895.0,1603.0,881.0,25.1,33.8,1.0594
1160.0,7.1,860.0,969.0,1531.0,646.0,25.6,32.1,1.0393
1136.0,5.6,792.0,1057.0,1476.0,536.0,25.8,31.1,1.0143
1296.0,10.0,977.0,863.0,1642.0,746.0,26.1,30.8,1.0253
1345.0,10.5,996.0,841.0,1678.0,833.0,24.4,36.0,1.085
1296.0,10.1,983.0,845.0,1626.0,802.0,23.0,36.2,1.0053
1258.0,10.0,977.0,838.0,1636.0,838.0,22.1,39.3,1.0336
1420.0,13.0,1085.0,755.0,1756.0,1051.0,19.8,44.6,1.0208
1366.0,10.5,997.0,830.0,1673.0,1041.0,18.5,48.9,1.0323
1113.0,5.2,772.0,989.0,1493.0,646.0,16.6,56.1,1.0481
1196.0,6.9,853.0,909.0,1556.0,769.0,15.8,58.8,1.0464
1188.0,6.4,829.0,930.0,1540.0,785.0,15.3,60.8,1.0501
1102.0,4.7,750.0,1007.0,1470.0,613.0,14.7,64.4,1.0717
969.0,2.4,611.0,1239.0,1330.0,430.0,14.8,63.3,1.0584
983.0,2.2,600.0,1233.0,1375.0,485.0,15.0,61.5,1.0418
876.0,1.1,505.0,1456.0,1294.0,467.0,15.5,56.9,0.9961
884.0,0.9,489.0,1536.0,1278.0,436.0,16.0,54.0,0.9742
1024.0,3.1,658.0,1175.0,1417.0,682.0,13.5,63.9,0.9809
1126.0,6.2,822.0,945.0,1541.0,927.0,12.9,65.3,0.9688
1415.0,13.2,1089.0,767.0,1795.0,1192.0,13.4,62.5,0.9582
1631.0,25.8,1449.0,570.0,2299.0,1615.0,14.5,58.8,0.963
1499.0,18.2,1247.0,647.0,1972.0,1505.0,15.3,56.7,0.9773
1461.0,14.3,1127.0,703.0,1836.0,1451.0,15.6,57.4,1.0075
1430.0,13.7,1107.0,713.0,1853.0,1409.0,16.6,55.2,1.0382
1498.0,15.7,1171.0,684.0,1942.0,1434.0,17.0,54.3,1.0434
1454.0,15.4,1162.0,682.0,1915.0,1457.0,18.0,51.5,1.0552
1402.0,12.6,1069.0,733.0,1793.0,1325.0,19.5,47.5,1.0653
1327.0,9.8,971.0,803.0,1705.0,1120.0,21.6,41.7,1.0606
1273.0,9.6,963.0,832.0,1662.0,931.0,22.2,38.3,1.0106
1457.0,16.3,1190.0,678.0,1877.0,1212.0,20.3,42.8,1.0053
1543.0,19.8,1290.0,631.0,2011.0,1353.0,19.7,45.4,1.0312
1499.0,18.0,1239.0,651.0,1957.0,1359.0,18.8,47.5,1.0199
1378.0,13.6,1102.0,742.0,1796.0,1273.0,17.9,49.4,1.0064
1243.0,8.7,928.0,852.0,1622.0,1079.0,17.5,50.9,1.009
1196.0,7.7,885.0,884.0,1589.0,973.0,17.4,51.8,1.023
1137.0,7.3,869.0,890.0,1554.0,951.0,17.0,53.9,1.0363
1015.0,4.1,718.0,1065.0,1428.0,714.0,16.6,55.4,1.0408
978.0,2.7,635.0,1188.0,1382.0,579.0,15.9,57.0,1.0224
933.0,1.5,547.0,1357.0,1336.0,542.0,15.0,59.2,1.0059
927.0,1.9,579.0,1267.0,1370.0,562.0,14.5,61.4,1.0041
908.0,1.8,569.0,1303.0,1360.0,526.0,14.1,61.6,0.9883
980.0,3.4,677.0,1141.0,1435.0,659.0,14.6,58.8,0.9711
1236.0,8.5,920.0,880.0,1641.0,1012.0,14.4,58.9,0.9594
1664.0,24.1,1407.0,594.0,2198.0,1564.0,15.3,55.2,0.9538
1757.0,33.7,1636.0,494.0,2560.0,1806.0,16.2,52.5,0.9576
1524.0,22.0,1350.0,588.0,2096.0,1604.0,18.4,46.3,0.9734
1329.0,14.1,1119.0,707.0,1823.0,1288.0,19.6,41.8,0.9407
1167.0,7.6,884.0,881.0,1580.0,931.0,20.2,40.1,0.937
1369.0,14.5,1132.0,715.0,1818.0,1162.0,20.9,36.6,0.8939
1284.0,13.6,1103.0,755.0,1704.0,1064.0,20.4,34.7,0.8229
1221.0,11.5,1032.0,811.0,1630.0,913.0,19.3,35.4,0.7813
1096.0,9.2,947.0,872.0,1519.0,684.0,18.6,36.9,0.7829
1143.0,10.3,988.0,849.0,1590.0,710.0,18.8,36.8,0.7883
1251.0,14.0,1116.0,760.0,1716.0,923.0,17.5,40.6,0.8068
1268.0,15.0,1148.0,728.0,1776.0,1006.0,16.8,44.3,0.8428
1314.0,15.1,1150.0,726.0,1784.0,1083.0,16.3,47.7,0.8746
1315.0,14.8,1142.0,724.0,1807.0,1161.0,15.6,50.7,0.8947
1095.0,8.5,918.0,896.0,1527.0,800.0,15.7,49.4,0.8768
1027.0,5.9,808.0,996.0,1458.0,647.0,15.8,48.6,0.8653
1012.0,4.8,752.0,1053.0,1393.0,649.0,15.7,47.0,0.8325
948.0,4.0,710.0,1127.0,1352.0,575.0,15.7,45.9,0.8121
889.0,2.3,603.0,1308.0,1271.0,455.0,15.6,44.9,0.792
830.0,1.4,538.0,1475.0,1214.0,392.0,15.6,44.4,0.7827
801.0,0.7,464.0,1749.0,1154.0,340.0,16.1,42.4,0.7718
804.0,0.7,468.0,1826.0,1166.0,320.0,15.7,45.4,0.8063
824.0,0.8,478.0,1705.0,1200.0,331.0,15.3,50.1,0.8617
1000.0,3.6,688.0,1257.0,1398.0,426.0,14.2,58.6,0.9443
1307.0,12.9,1082.0,777.0,1769.0,830.0,14.3,58.2,0.9431
1286.0,15.7,1171.0,716.0,1821.0,1006.0,15.0,52.0,0.8817
1150.0,8.6,925.0,865.0,1576.0,820.0,13.6,61.4,0.9519
1087.0,7.4,876.0,911.0,1554.0,737.0,16.1,53.1,0.9675
1016.0,6.6,839.0,991.0,1448.0,790.0,16.6,44.3,0.8294
1029.0,7.8,892.0,937.0,1474.0,760.0,17.4,40.3,0.7922
1109.0,9.1,943.0,883.0,1604.0,767.0,18.1,42.2,0.8679
997.0,6.1,817.0,1030.0,1426.0,626.0,14.4,51.8,0.8433
1177.0,7.5,880.0,927.0,1552.0,776.0,10.9,76.4,0.9953
1045.0,5.9,808.0,1038.0,1421.0,589.0,16.4,47.7,0.8819
1171.0,12.7,1073.0,847.0,1623.0,872.0,18.0,37.1,0.7598
1221.0,13.5,1101.0,799.0,1700.0,996.0,14.7,48.7,0.8089
1262.0,14.5,1133.0,774.0,1748.0,1033.0,11.3,71.3,0.9514
1207.0,11.0,1013.0,876.0,1632.0,982.0,10.0,74.0,0.9087
956.0,3.2,666.0,1235.0,1282.0,518.0,9.8,71.8,0.8702
1020.0,4.3,727.0,1153.0,1391.0,631.0,9.3,75.2,0.8796
1107.0,7.1,861.0,957.0,1510.0,879.0,9.6,76.0,0.9088
1020.0,4.8,752.0,1074.0,1398.0,839.0,9.3,75.0,0.8799
1051.0,5.7,798.0,1016.0,1455.0,876.0,9.0,76.7,0.8825
965.0,4.1,716.0,1087.0,1383.0,827.0,8.2,79.6,0.8672
890.0,3.3,672.0,1183.0,1338.0,781.0,7.6,80.6,0.8437
823.0,1.8,568.0,1366.0,1263.0,699.0,8.3,75.6,0.8302
869.0,2.8,642.0,1291.0,1288.0,723.0,8.1,72.1,0.7798
939.0,4.8,754.0,1169.0,1384.0,797.0,8.1,70.4,0.7609
1274.0,13.8,1109.0,820.0,1723.0,1138.0,8.1,70.5,0.7627
1512.0,27.1,1482.0,596.0,2189.0,1605.0,9.9,64.3,0.7859
1435.0,19.1,1271.0,676.0,1885.0,1569.0,13.0,54.2,0.809
1207.0,11.7,1041.0,813.0,1620.0,1319.0,16.5,42.6,0.7912
1223.0,12.7,1075.0,818.0,1678.0,1198.0,19.3,34.2,0.7566
1121.0,11.3,1026.0,865.0,1541.0,958.0,21.5,27.4,0.6941
1176.0,14.2,1123.0,816.0,1609.0,1068.0,20.4,26.7,0.6323
1144.0,13.9,1114.0,845.0,1551.0,1010.0,20.6,22.6,0.5432
1136.0,13.2,1089.0,856.0,1552.0,928.0,20.6,24.8,0.5931
1085.0,10.7,1004.0,888.0,1454.0,816.0,21.0,25.4,0.6264
1297.0,19.7,1287.0,723.0,1798.0,1216.0,21.5,24.5,0.6203
1408.0,24.0,1404.0,646.0,1972.0,1463.0,19.3,28.6,0.6357
1618.0,29.1,1530.0,579.0,2167.0,1791.0,18.0,32.9,0.6737
1319.0,15.8,1172.0,746.0,1699.0,1425.0,15.8,39.8,0.7096
1045.0,7.0,857.0,968.0,1410.0,922.0,15.3,41.5,0.7194
1058.0,6.3,824.0,993.0,1411.0,971.0,14.1,46.0,0.7363
1062.72,6.384,827.72,987.92,1416.96,978.2,14.016,46.876,0.74494
1067.44,6.468,831.44,982.84,1422.92,985.4,13.932,47.752,0.75358
1072.16,6.552,835.16,977.76,1428.88,992.6,13.848,48.628,0.76222
1076.88,6.636,838.88,972.68,1434.84,999.8,13.764,49.504,0.77086
1081.6,6.72,842.6,967.6,1440.8,1007.0,13.68,50.38,0.7795
1086.32,6.804,846.32,962.52,1446.76,1014.2,13.596,51.256,0.78814
1091.04,6.888,850.04,957.44,1452.72,1021.4,13.512,52.132,0.79678
1095.76,6.972,853.76,952.36,1458.68,1028.6,13.428,53.008,0.80542
1100.48,7.056,857.48,947.28,1464.64,1035.8,13.344,53.884,0.81406
1105.2,7.14,861.2,942.2,1470.6,1043.0,13.26,54.76,0.8227
1109.92,7.224,864.92,937.12,1476.56,1050.2,13.176,55.636,0.83134
1114.64,7.308,868.64,932.04,1482.52,1057.4,13.092,56.512,0.83998
1119.36,7.392,872.36,926.96,1488.48,1064.6,13.008,57.388,0.84862
1124.08,7.476,876.08,921.88,1494.44,1071.8,12.924,58.264,0.85726
1128.8,7.56,879.8,916.8,1500.4,1079.0,12.84,59.14,0.8659
1133.52,7.644,883.52,911.72,1506.36,1086.2,12.756,60.016,0.87454
1138.24,7.728,887.24,906.64,1512.32,1093.4,12.672,60.892,0.88318
1142.96,7.812,890.96,901.56,1518.28,1100.6,12.588,61.768,0.89182
1147.68,7.896,894.68,896.48,1524.24,1107.8,12.504,62.644,0.90046
1152.4,7.98,898.4,891.4,1530.2,1115.0,12.42,63.52,0.9091
1157.12,8.064,902.12,886.32,1536.16,1122.2,12.336,64.396,0.91774
1161.84,8.148,905.84,881.24,1542.12,1129.4,12.252,65.272,0.92638
1166.56,8.232,909.56,876.16,1548.08,1136.6,12.168,66.148,0.93502
1171.28,8.316,913.28,871.08,1554.04,1143.8,12.084,67.024,0.94366
1176.0,8.4,917.0,866.0,1560.0,1151.0,12.0,67.9,0.9523
1047.0,5.4,783.0,1014.0,1449.0,975.0,12.0,66.9,0.9336
1116.0,6.9,854.0,929.0,1533.0,1034.0,11.5,70.1,0.9503
1074.0,6.4,832.0,951.0,1507.0,980.0,11.4,69.8,0.939
922.0,3.6,687.0,1142.0,1390.0,825.0,11.1,69.3,0.9128
898.0,3.3,669.0,1163.0,1386.0,807.0,10.8,70.3,0.9092
970.0,4.0,708.0,1121.0,1435.0,842.0,10.2,73.4,0.9129
1073.0,6.0,812.0,988.0,1500.0,950.0,10.8,70.5,0.9142
1081.0,8.2,906.0,895.0,1591.0,1024.0,11.0,71.0,0.9279
1159.0,9.9,976.0,837.0,1663.0,1098.0,12.4,64.0,0.9206
1112.0,8.8,931.0,869.0,1588.0,1011.0,15.0,53.1,0.8993
1112.0,8.4,917.0,897.0,1542.0,931.0,16.6,44.4,0.8313
1063.0,7.5,877.0,971.0,1481.0,811.0,18.0,38.4,0.7862
1032.0,7.8,892.0,973.0,1457.0,756.0,20.6,30.0,0.7213
936.0,6.4,829.0,1054.0,1336.0,607.0,19.9,26.7,0.6137
883.0,5.1,766.0,1152.0,1238.0,498.0,19.8,23.1,0.5283
942.0,6.9,852.0,1055.0,1318.0,540.0,21.4,22.7,0.5722
943.0,6.8,850.0,1084.0,1296.0,544.0,22.1,21.3,0.5605
1007.0,7.4,875.0,1027.0,1357.0,620.0,21.1,24.5,0.604
1037.0,8.7,927.0,949.0,1426.0,740.0,18.3,31.6,0.6562
1127.0,11.2,1022.0,871.0,1534.0,921.0,16.1,35.0,0.6372
1123.0,10.5,996.0,861.0,1551.0,1033.0,14.8,41.5,0.6929
1110.0,8.2,909.0,916.0,1487.0,984.0,13.2,50.3,0.7577
1247.0,11.6,1037.0,812.0,1618.0,1193.0,12.3,55.5,0.7916
1220.0,9.7,967.0,844.0,1545.0,1219.0,11.8,56.6,0.7833
1028.0,5.1,770.0,1047.0,1326.0,913.0,11.2,56.2,0.7469
978.0,4.0,711.0,1144.0,1304.0,750.0,11.0,56.6,0.7418
949.0,3.7,694.0,1160.0,1310.0,772.0,9.3,64.3,0.7531
910.0,4.0,709.0,1162.0,1329.0,712.0,8.8,66.0,0.7501
863.0,3.0,651.0,1224.0,1286.0,712.0,7.8,70.4,0.7463
836.0,2.9,643.0,1244.0,1306.0,727.0,7.7,70.7,0.7463
856.0,2.9,644.0,1259.0,1301.0,746.0,7.4,71.0,0.7346
888.0,3.0,651.0,1240.0,1298.0,733.0,8.2,66.6,0.7283
912.0,3.7,694.0,1196.0,1343.0,727.0,8.7,64.3,0.7267
938.0,3.9,706.0,1177.0,1320.0,642.0,13.0,47.9,0.7116
1053.0,6.2,823.0,1040.0,1386.0,810.0,17.4,35.4,0.699
1087.0,7.3,870.0,1014.0,1412.0,851.0,20.2,29.2,0.683
1153.0,9.2,945.0,969.0,1425.0,911.0,22.7,22.9,0.6224
894.0,4.0,710.0,1209.0,1200.0,611.0,22.3,22.4,0.5955
797.0,2.3,606.0,1452.0,1076.0,368.0,22.2,18.9,0.4993
854.0,3.1,658.0,1409.0,1108.0,369.0,22.0,19.0,0.4969
892.0,3.2,665.0,1348.0,1150.0,394.0,21.0,23.6,0.5788
935.0,3.3,672.0,1299.0,1183.0,415.0,19.6,27.4,0.6162
989.0,4.0,709.0,1225.0,1233.0,469.0,17.9,30.8,0.6258
1063.0,5.7,797.0,1079.0,1285.0,607.0,16.4,35.3,0.6532
922.0,3.4,674.0,1220.0,1205.0,498.0,15.6,37.5,0.6575
925.0,3.5,680.0,1223.0,1217.0,481.0,15.5,36.7,0.6438
924.0,2.9,648.0,1272.0,1186.0,465.0,14.5,39.0,0.6428
914.0,3.1,661.0,1256.0,1187.0,478.0,14.2,38.2,0.6163
840.0,1.6,556.0,1474.0,1094.0,366.0,13.7,38.3,0.5957
799.0,1.1,514.0,1615.0,1036.0,332.0,14.1,34.0,0.5442
856.0,2.0,581.0,1448.0,1111.0,346.0,14.6,34.0,0.5605
830.0,1.7,560.0,1452.0,1066.0,350.0,14.4,32.8,0.5364
753.0,0.7,462.0,1822.0,955.0,274.0,13.9,30.9,0.4868
785.0,0.5,448.0,1923.0,1003.0,263.0,13.5,37.9,0.5852
835.0,0.7,472.0,1756.0,1117.0,314.0,13.9,43.6,0.6871
865.0,0.9,494.0,1613.0,1185.0,367.0,13.5,50.1,0.7706
922.0,1.5,541.0,1453.0,1246.0,432.0,13.3,53.6,0.8169
975.0,2.2,598.0,1268.0,1293.0,536.0,13.4,56.0,0.8576
1040.0,2.9,646.0,1210.0,1325.0,555.0,13.0,59.6,0.886
1115.0,3.9,707.0,1105.0,1384.0,677.0,12.7,62.7,0.9173
1004.0,2.8,641.0,1201.0,1305.0,557.0,12.1,60.5,0.8505
895.0,1.4,536.0,1415.0,1229.0,421.0,11.2,64.4,0.8537
917.0,1.7,563.0,1415.0,1257.0,423.0,10.7,67.6,0.8703
1025.0,3.6,689.0,1189.0,1325.0,519.0,11.4,61.2,0.8236
1035.0,3.1,660.0,1222.0,1301.0,533.0,9.9,70.5,0.8581
1025.0,3.5,682.0,1197.0,1313.0,537.0,10.3,65.2,0.8151
1040.0,3.9,705.0,1149.0,1324.0,612.0,11.0,58.9,0.7714
1070.0,5.2,776.0,1065.0,1369.0,697.0,10.6,59.5,0.7595
964.0,3.7,692.0,1176.0,1292.0,573.0,10.6,57.7,0.7362
904.0,2.7,635.0,1269.0,1233.0,489.0,10.6,56.1,0.7149
913.0,2.6,626.0,1271.0,1234.0,474.0,10.3,58.0,0.7239
914.0,2.4,610.0,1322.0,1230.0,455.0,10.4,58.4,0.7352
893.0,2.0,587.0,1368.0,1219.0,433.0,10.7,58.2,0.7459
844.0,1.3,532.0,1499.0,1176.0,376.0,10.5,59.9,0.7624
837.0,1.2,518.0,1581.0,1182.0,360.0,10.5,60.8,0.7704
868.0,1.3,530.0,1482.0,1215.0,384.0,10.6,63.1,0.8068
825.0,0.9,489.0,1565.0,1171.0,363.0,11.1,60.1,0.7925
956.0,3.1,656.0,1251.0,1356.0,525.0,10.1,68.4,0.8443
1124.0,6.9,853.0,960.0,1531.0,873.0,10.0,68.7,0.8456
1496.0,19.1,1272.0,667.0,2011.0,1399.0,11.0,64.2,0.8398
1452.0,22.1,1354.0,620.0,2057.0,1501.0,12.0,58.1,0.8138
1172.0,11.8,1042.0,797.0,1641.0,1186.0,12.8,52.0,0.7643
1020.0,7.3,871.0,956.0,1426.0,911.0,12.6,50.8,0.7387
1044.0,8.0,900.0,934.0,1471.0,919.0,13.8,47.4,0.7435
1020.0,7.2,866.0,972.0,1429.0,791.0,15.1,42.7,0.7294
1009.0,7.7,885.0,994.0,1439.0,751.0,16.3,38.1,0.7006
1073.0,9.7,966.0,935.0,1537.0,805.0,16.6,36.7,0.6867
1098.0,9.8,971.0,877.0,1527.0,966.0,15.8,40.5,0.7241
1061.0,7.7,887.0,920.0,1462.0,869.0,16.3,41.8,0.7712
1289.0,15.3,1158.0,755.0,1791.0,1196.0,16.1,42.8,0.7783
1442.0,21.5,1337.0,630.0,2004.0,1523.0,15.3,46.8,0.8074
1479.0,21.7,1343.0,631.0,1995.0,1579.0,14.7,47.0,0.7815
1266.0,14.6,1138.0,726.0,1747.0,1370.0,14.1,49.6,0.7931
1149.0,9.3,952.0,845.0,1577.0,1204.0,13.5,54.1,0.8351
1168.0,9.4,954.0,843.0,1586.0,1201.0,12.3,59.2,0.8461
1079.0,6.8,847.0,925.0,1463.0,1122.0,11.6,62.2,0.851
1047.0,4.9,760.0,1032.0,1379.0,1003.0,11.5,61.4,0.8303
936.0,3.9,705.0,1086.0,1364.0,918.0,10.9,64.6,0.8395
900.0,2.7,635.0,1207.0,1307.0,836.0,11.1,63.2,0.8331
839.0,1.9,576.0,1325.0,1285.0,759.0,10.7,64.4,0.8284
840.0,1.7,563.0,1349.0,1275.0,755.0,10.7,63.8,0.8174
905.0,3.3,670.0,1191.0,1346.0,820.0,10.2,65.8,0.8196
1079.0,7.4,875.0,947.0,1535.0,998.0,10.3,65.6,0.8225
1417.0,18.2,1246.0,669.0,1921.0,1403.0,10.8,64.0,0.8307
1529.0,27.7,1497.0,569.0,2278.0,1641.0,13.3,55.6,0.8453
1397.0,18.3,1248.0,659.0,1906.0,1534.0,15.8,46.8,0.8328
1214.0,12.3,1061.0,780.0,1662.0,1257.0,19.5,34.4,0.7738
1109.0,8.9,935.0,882.0,1518.0,1026.0,21.1,30.2,0.745
1122.0,10.4,993.0,859.0,1571.0,993.0,18.4,34.2,0.7185
1094.0,9.7,966.0,877.0,1519.0,919.0,21.0,30.6,0.7538
1164.0,12.8,1076.0,788.0,1653.0,1032.0,21.4,28.7,0.7231
1188.0,12.9,1082.0,790.0,1653.0,1077.0,21.3,27.3,0.6856
1098.0,8.9,934.0,895.0,1497.0,883.0,20.4,30.4,0.7193
1180.0,11.0,1014.0,826.0,1595.0,1036.0,18.7,34.8,0.7436
1195.0,12.6,1072.0,799.0,1609.0,1144.0,18.6,34.7,0.7369
1234.0,13.3,1095.0,789.0,1638.0,1212.0,17.9,35.8,0.7276
1425.0,18.1,1242.0,675.0,1858.0,1486.0,16.5,42.1,0.7856
1320.0,13.0,1085.0,730.0,1689.0,1440.0,14.8,49.7,0.8321
1158.0,7.8,892.0,870.0,1494.0,1242.0,13.4,54.3,0.8291
1060.0,5.8,805.0,964.0,1418.0,1089.0,13.4,54.2,0.8319
1036.0,4.7,746.0,1034.0,1364.0,993.0,12.3,57.6,0.8223
943.0,3.1,660.0,1163.0,1297.0,862.0,11.6,58.8,0.7996
899.0,2.1,591.0,1243.0,1259.0,815.0,10.7,62.3,0.7988
889.0,1.7,559.0,1331.0,1241.0,714.0,10.2,63.2,0.7865
847.0,1.3,527.0,1416.0,1216.0,682.0,10.5,61.3,0.7761
918.0,2.6,625.0,1255.0,1298.0,744.0,9.3,65.8,0.7722
1105.0,7.9,897.0,906.0,1510.0,1050.0,9.1,67.4,0.7814
1491.0,21.4,1335.0,625.0,2001.0,1522.0,10.2,62.9,0.7831
1508.0,22.1,1355.0,609.0,2034.0,1623.0,11.6,58.7,0.7999
1489.0,19.1,1270.0,633.0,1889.0,1638.0,13.5,53.4,0.8196
1451.0,17.3,1219.0,661.0,1804.0,1633.0,15.0,49.3,0.8364
1454.0,17.5,1225.0,661.0,1809.0,1654.0,17.1,42.1,0.812
1392.0,17.0,1210.0,689.0,1792.0,1559.0,18.4,36.9,0.7758
1351.0,17.0,1210.0,709.0,1783.0,1374.0,19.3,35.4,0.7824
1418.0,19.5,1282.0,681.0,1890.0,1418.0,19.2,35.7,0.7826
1303.0,14.8,1143.0,748.0,1734.0,1228.0,21.5,30.4,0.7677
1292.0,14.0,1116.0,746.0,1676.0,1293.0,19.6,34.6,0.7807
1560.0,24.4,1413.0,594.0,2046.0,1642.0,19.6,35.5,0.8017
1765.0,28.1,1507.0,533.0,2271.0,1895.0,18.3,44.1,0.9183
1875.0,33.7,1637.0,482.0,2446.0,2086.0,17.4,47.8,0.9392
1746.0,24.2,1409.0,553.0,2119.0,1898.0,16.8,49.8,0.9446
1607.0,19.8,1290.0,587.0,1960.0,1758.0,16.2,53.2,0.9723
1277.0,9.3,952.0,802.0,1607.0,1284.0,14.9,59.1,0.9928
1207.0,7.3,868.0,877.0,1532.0,1075.0,13.9,64.0,1.013
1209.0,7.1,863.0,882.0,1547.0,1084.0,13.7,66.8,1.041
1189.0,6.7,844.0,887.0,1566.0,1049.0,13.4,69.6,1.0688
1132.0,6.0,810.0,899.0,1532.0,1021.0,12.8,71.9,1.0632
974.0,2.7,635.0,1159.0,1387.0,778.0,12.9,68.5,1.0155
1033.0,3.6,686.0,1030.0,1420.0,948.0,11.9,74.8,1.038
1075.0,5.4,782.0,941.0,1505.0,988.0,11.6,76.4,1.0415
1242.0,10.0,978.0,778.0,1686.0,1184.0,11.7,75.3,1.0325
1657.0,23.2,1384.0,579.0,2176.0,1600.0,12.8,71.0,1.0428
1406.0,18.7,1258.0,636.0,1890.0,1495.0,13.8,61.1,0.9595
1150.0,9.9,973.0,827.0,1590.0,1188.0,15.3,51.4,0.8886
1184.0,10.2,983.0,823.0,1604.0,1166.0,16.6,48.7,0.9146
1223.0,11.0,1014.0,781.0,1666.0,1219.0,17.6,46.7,0.9324
1196.0,10.5,997.0,802.0,1644.0,1128.0,19.2,42.7,0.9425
1559.0,18.9,1267.0,653.0,2047.0,1373.0,15.7,62.5,1.1092
1544.0,18.9,1266.0,613.0,2066.0,1415.0,14.5,75.7,1.2425
1485.0,17.5,1223.0,650.0,1980.0,1302.0,14.4,77.4,1.2654
1498.0,17.7,1230.0,649.0,1963.0,1308.0,14.6,74.9,1.2391
1593.0,23.0,1378.0,582.0,2159.0,1449.0,14.6,76.0,1.2573
1529.0,20.4,1309.0,627.0,2083.0,1385.0,14.0,76.3,1.2166
1689.0,26.8,1474.0,560.0,2298.0,1492.0,13.9,78.0,1.2303
1535.0,19.9,1295.0,627.0,2039.0,1380.0,13.8,78.0,1.2229
1304.0,12.5,1067.0,737.0,1811.0,1167.0,13.5,79.4,1.2224
1235.0,9.6,963.0,803.0,1680.0,1095.0,13.1,80.1,1.2016
1281.0,10.0,977.0,794.0,1695.0,1105.0,12.8,81.0,1.1915
1167.0,8.1,904.0,846.0,1627.0,1051.0,12.7,80.6,1.1819
1134.0,7.1,863.0,869.0,1599.0,1009.0,12.5,81.8,1.1838
1100.0,6.4,829.0,887.0,1565.0,972.0,12.7,81.2,1.1849
1057.0,5.1,768.0,958.0,1527.0,884.0,12.4,82.4,1.1848
902.0,3.0,652.0,1158.0,1437.0,661.0,12.6,79.9,1.1619
982.0,4.2,724.0,1055.0,1508.0,774.0,12.8,80.0,1.1761
997.0,5.1,769.0,1002.0,1524.0,868.0,12.6,79.9,1.1596
1141.0,8.1,902.0,905.0,1672.0,965.0,12.5,79.6,1.1538
1163.0,8.8,930.0,849.0,1691.0,985.0,12.8,80.8,1.1863
1107.0,7.2,864.0,911.0,1604.0,963.0,13.5,78.1,1.1997
1228.0,9.2,949.0,838.0,1706.0,1069.0,14.6,74.9,1.2348
1033.0,6.0,810.0,969.0,1526.0,864.0,16.8,61.0,1.1599
984.0,5.0,763.0,1054.0,1472.0,641.0,18.8,50.1,1.0769
1066.0,7.5,879.0,939.0,1536.0,740.0,19.3,47.1,1.0445
926.0,3.9,707.0,1130.0,1429.0,532.0,19.3,46.6,1.0298
979.0,5.0,764.0,1054.0,1462.0,572.0,19.7,44.4,1.0081
993.0,5.4,783.0,1033.0,1482.0,630.0,19.3,45.7,1.0161
970.0,5.0,763.0,1043.0,1462.0,608.0,17.9,49.9,1.0135
997.0,5.5,788.0,1014.0,1482.0,644.0,16.9,53.2,1.0179
1097.0,7.8,892.0,909.0,1594.0,833.0,16.1,56.0,1.0151
1105.0,8.2,908.0,900.0,1566.0,923.0,16.5,52.8,0.986
993.0,5.3,777.0,1022.0,1482.0,790.0,16.9,51.1,0.9743
1136.0,7.9,896.0,919.0,1623.0,961.0,17.0,50.8,0.9751
1297.0,10.7,1003.0,798.0,1700.0,1177.0,16.9,54.8,1.0455
1110.0,6.9,855.0,897.0,1568.0,943.0,16.3,57.2,1.0492
1027.0,6.3,827.0,942.0,1529.0,742.0,16.0,56.2,1.0164
1024.0,5.6,795.0,982.0,1501.0,705.0,15.6,60.2,1.0617
992.0,5.4,783.0,988.0,1527.0,663.0,14.6,68.2,1.1282
929.0,3.2,664.0,1144.0,1449.0,536.0,14.3,69.6,1.1257
892.0,1.9,579.0,1309.0,1396.0,441.0,13.8,71.9,1.1312
895.0,2.3,609.0,1268.0,1410.0,477.0,13.8,72.7,1.1402
915.0,2.4,612.0,1266.0,1411.0,506.0,14.2,72.3,1.1632
947.0,2.9,649.0,1154.0,1459.0,608.0,14.5,72.9,1.195
1032.0,4.2,721.0,1052.0,1546.0,663.0,14.2,75.6,1.2201
1219.0,6.8,849.0,901.0,1664.0,912.0,14.5,77.2,1.2695
1217.0,7.3,869.0,873.0,1660.0,963.0,14.9,74.5,1.253
1097.0,5.3,779.0,980.0,1565.0,803.0,15.5,67.4,1.178
938.0,3.4,674.0,1136.0,1433.0,564.0,16.7,56.0,1.0544
944.0,3.4,677.0,1140.0,1436.0,501.0,17.1,55.5,1.0724
1139.0,6.8,847.0,929.0,1604.0,701.0,16.2,62.4,1.1423
1163.0,7.0,859.0,921.0,1603.0,783.0,17.4,58.9,1.1567
1157.0,7.7,885.0,916.0,1590.0,784.0,17.5,54.6,1.08
1154.0,8.5,919.0,876.0,1623.0,861.0,17.5,54.2,1.0722
1342.0,13.5,1102.0,744.0,1824.0,1156.0,17.0,55.1,1.0621
1178.0,9.2,949.0,847.0,1653.0,1047.0,16.4,57.8,1.0669
1152.0,8.7,926.0,854.0,1669.0,1034.0,15.8,60.4,1.0744
1078.0,6.6,841.0,920.0,1595.0,962.0,15.5,63.3,1.1071
1167.0,9.1,945.0,826.0,1702.0,1100.0,15.0,65.2,1.1045
1111.0,7.8,890.0,871.0,1658.0,1047.0,14.5,67.3,1.1054
988.0,4.2,722.0,1029.0,1500.0,874.0,14.1,70.1,1.1224
917.0,3.4,677.0,1103.0,1494.0,747.0,13.8,73.3,1.1518
850.0,1.7,562.0,1275.0,1407.0,589.0,13.1,78.3,1.1716
885.0,2.1,589.0,1238.0,1443.0,635.0,13.0,78.2,1.1664
888.0,2.2,597.0,1242.0,1428.0,671.0,14.3,70.1,1.1328
1101.0,6.9,852.0,913.0,1655.0,992.0,14.0,70.9,1.1306
1399.0,16.5,1195.0,680.0,1976.0,1308.0,15.4,64.2,1.1123
1325.0,18.7,1260.0,652.0,1969.0,1303.0,16.5,57.9,1.0826
1058.0,8.5,921.0,876.0,1594.0,893.0,18.8,48.0,1.0323
990.0,6.8,846.0,947.0,1503.0,715.0,19.5,43.3,0.9706
1018.0,7.5,879.0,950.0,1574.0,685.0,18.5,45.5,0.9606
1105.0,10.9,1010.0,811.0,1709.0,947.0,18.0,46.7,0.9569
1194.0,13.4,1097.0,743.0,1847.0,1049.0,16.5,58.2,1.0813
1088.0,7.9,893.0,892.0,1565.0,741.0,12.1,75.6,1.0662
1084.0,8.8,933.0,872.0,1602.0,801.0,11.1,75.6,0.9974
1207.0,11.5,1032.0,797.0,1701.0,969.0,10.5,79.0,1.0016
1186.0,11.8,1042.0,808.0,1684.0,1038.0,10.0,80.5,0.9853
1053.0,8.3,911.0,916.0,1528.0,889.0,11.3,70.5,0.9389
1032.0,7.9,895.0,921.0,1508.0,879.0,10.7,71.5,0.9197
989.0,6.7,846.0,960.0,1476.0,846.0,9.9,74.0,0.9009
930.0,4.6,745.0,1085.0,1391.0,712.0,10.8,68.2,0.8806
951.0,5.0,766.0,1056.0,1431.0,747.0,10.2,74.0,0.9176
985.0,5.3,780.0,1017.0,1444.0,791.0,10.1,77.5,0.9579
937.0,3.9,703.0,1136.0,1377.0,637.0,9.9,77.7,0.9497
887.0,2.9,648.0,1222.0,1357.0,553.0,9.5,80.2,0.9533
806.0,1.5,544.0,1429.0,1290.0,449.0,9.5,79.7,0.9489
771.0,0.8,483.0,1587.0,1277.0,485.0,9.7,78.9,0.9487
802.0,1.2,519.0,1523.0,1315.0,540.0,9.8,80.0,0.967
878.0,2.9,644.0,1260.0,1410.0,685.0,10.0,79.6,0.98
1070.0,7.6,883.0,942.0,1625.0,925.0,10.3,79.4,0.9927
1430.0,20.7,1316.0,638.0,2069.0,1382.0,11.0,77.4,1.0135
1565.0,29.9,1549.0,540.0,2396.0,1645.0,12.3,69.2,0.9906
1365.0,20.1,1299.0,637.0,1999.0,1514.0,14.5,60.4,0.9936
1348.0,17.1,1214.0,678.0,1874.0,1509.0,16.0,56.3,1.0185
1311.0,19.4,1279.0,648.0,1991.0,1520.0,18.1,51.1,1.0551
1302.0,18.7,1260.0,658.0,1970.0,1471.0,23.0,37.5,1.0389
1250.0,15.8,1173.0,720.0,1870.0,1282.0,21.8,39.6,1.0209
1083.0,10.3,988.0,859.0,1643.0,1004.0,21.9,37.2,0.9683
1005.0,7.9,894.0,956.0,1530.0,714.0,23.8,31.4,0.9132
1129.0,13.7,1107.0,844.0,1742.0,940.0,25.9,26.9,0.8845
1327.0,19.7,1289.0,712.0,1938.0,1272.0,25.8,29.9,0.9808
1428.0,25.3,1437.0,599.0,2156.0,1526.0,22.6,39.5,1.0679
1426.0,23.9,1400.0,612.0,2102.0,1488.0,19.9,45.0,1.0364
1310.0,20.6,1313.0,663.0,1958.0,1475.0,17.9,47.4,0.9657
1114.0,12.3,1059.0,792.0,1704.0,1182.0,16.8,50.4,0.9545
991.0,7.7,889.0,932.0,1550.0,933.0,16.0,52.0,0.9375
1089.0,9.0,940.0,866.0,1589.0,1001.0,14.2,59.1,0.952
911.0,4.5,740.0,1071.0,1412.0,756.0,14.2,56.7,0.9111
1005.0,5.8,802.0,976.0,1474.0,952.0,12.2,67.7,0.9625
863.0,3.2,664.0,1172.0,1381.0,808.0,13.2,61.7,0.9328
857.0,3.0,653.0,1197.0,1375.0,779.0,10.9,71.0,0.9249
804.0,2.0,585.0,1301.0,1319.0,717.0,11.3,67.6,0.9038
871.0,3.7,694.0,1160.0,1421.0,779.0,10.1,71.8,0.888
1035.0,8.7,929.0,887.0,1599.0,1009.0,10.2,70.9,0.8841
1513.0,27.0,1480.0,572.0,2249.0,1595.0,11.8,66.0,0.9085
1726.0,40.3,1776.0,478.0,2684.0,1940.0,14.0,58.2,0.9271
1396.0,20.0,1296.0,619.0,1991.0,1628.0,17.0,50.2,0.9646
1333.0,17.1,1212.0,668.0,1854.0,1573.0,22.3,36.9,0.9838
1161.0,11.0,1016.0,849.0,1642.0,1187.0,24.4,30.9,0.934
1081.0,10.6,1000.0,900.0,1561.0,900.0,25.9,26.7,0.8771
1075.0,10.5,998.0,914.0,1574.0,800.0,25.8,26.1,0.854
1055.0,9.6,964.0,953.0,1513.0,770.0,26.3,24.8,0.8393
1053.0,9.3,953.0,988.0,1483.0,758.0,27.0,22.2,0.7805
1087.0,12.7,1075.0,944.0,1558.0,886.0,27.3,20.5,0.7308
1304.0,19.8,1291.0,765.0,1838.0,1219.0,25.8,24.1,0.7912
1625.0,32.5,1608.0,601.0,2271.0,1725.0,25.3,28.9,0.9151
1649.0,33.6,1633.0,584.0,2328.0,1745.0,23.8,33.7,0.9786
1443.0,26.0,1455.0,635.0,2073.0,1600.0,21.4,36.0,0.9059
1209.0,16.4,1193.0,753.0,1737.0,1310.0,19.8,39.5,0.9016
1105.0,10.6,1000.0,847.0,1573.0,1208.0,19.2,42.1,0.9273
1020.0,7.1,863.0,933.0,1492.0,1074.0,18.8,45.8,0.9855
991.0,6.4,828.0,973.0,1469.0,993.0,17.1,50.8,0.9828
937.0,4.6,741.0,1058.0,1420.0,923.0,16.2,53.4,0.9775
882.0,3.0,654.0,1141.0,1377.0,819.0,16.0,53.5,0.9691
843.0,2.2,597.0,1242.0,1341.0,727.0,14.3,59.2,0.9601
819.0,1.7,565.0,1295.0,1316.0,694.0,13.3,62.6,0.9498
834.0,2.2,596.0,1276.0,1335.0,727.0,13.4,59.5,0.9097
977.0,5.7,800.0,990.0,1474.0,926.0,12.2,64.1,0.9062
1234.0,13.8,1109.0,767.0,1729.0,1194.0,13.9,57.2,0.9029
1403.0,21.6,1340.0,623.0,2003.0,1502.0,15.2,53.2,0.9107
1538.0,26.1,1458.0,593.0,2186.0,1743.0,19.2,41.6,0.9154
1343.0,20.1,1299.0,694.0,1945.0,1542.0,23.7,30.6,0.8854
1243.0,15.4,1162.0,766.0,1731.0,1354.0,26.1,26.8,0.8921
1201.0,13.6,1102.0,814.0,1682.0,1175.0,28.1,24.4,0.9138
1121.0,11.1,1020.0,893.0,1585.0,916.0,28.3,23.9,0.906
1087.0,12.2,1055.0,908.0,1562.0,818.0,28.0,21.0,0.7814
1165.0,17.5,1225.0,824.0,1676.0,1028.0,30.8,16.4,0.7167
1224.0,19.1,1270.0,806.0,1739.0,1113.0,31.3,16.2,0.7262
1431.0,27.1,1482.0,679.0,2025.0,1431.0,29.4,20.5,0.8262
1433.0,28.3,1510.0,661.0,2038.0,1503.0,25.8,24.3,0.794
1527.0,35.0,1664.0,587.0,2238.0,1775.0,23.8,29.5,0.8559
1387.0,22.4,1361.0,701.0,1932.0,1505.0,22.0,34.8,0.908
1158.0,13.5,1100.0,835.0,1659.0,1211.0,20.2,37.4,0.8748
1009.0,8.2,907.0,982.0,1466.0,872.0,19.3,38.8,0.8559
1026.0,7.8,890.0,976.0,1467.0,855.0,17.9,43.7,0.8856
1119.0,10.0,979.0,873.0,1593.0,1170.0,17.2,47.9,0.9334
1000.0,6.6,839.0,958.0,1467.0,1024.0,16.3,49.7,0.916
866.0,3.4,675.0,1155.0,1337.0,841.0,16.7,46.5,0.8755
848.0,2.8,642.0,1202.0,1325.0,760.0,14.6,53.0,0.8775
844.0,2.3,608.0,1213.0,1314.0,803.0,14.1,53.9,0.8633
852.0,2.9,646.0,1186.0,1321.0,793.0,14.2,52.2,0.8413
923.0,4.9,757.0,1041.0,1418.0,906.0,14.3,55.4,0.9003
1490.0,22.6,1368.0,627.0,2119.0,1541.0,14.0,58.0,0.9202
1662.0,31.1,1576.0,523.0,2417.0,1861.0,15.4,53.3,0.9289
1553.0,22.1,1354.0,621.0,2030.0,1895.0,19.1,42.1,0.9233
1423.0,18.3,1247.0,706.0,1887.0,1684.0,23.7,31.0,0.8968
1458.0,22.0,1350.0,677.0,1947.0,1731.0,26.9,25.7,0.8942
1349.0,20.1,1299.0,728.0,1838.0,1402.0,29.7,20.6,0.8478
1326.0,18.9,1265.0,757.0,1835.0,1246.0,29.2,21.5,0.8573
1356.0,20.6,1312.0,729.0,1865.0,1342.0,29.6,20.1,0.8181
1460.0,25.3,1438.0,680.0,1953.0,1489.0,30.0,19.4,0.81
1497.0,25.8,1449.0,679.0,1985.0,1532.0,29.5,20.1,0.8136
1645.0,30.6,1566.0,599.0,2228.0,1909.0,27.0,26.8,0.9403
1557.0,27.1,1483.0,615.0,2087.0,1757.0,24.9,30.8,0.954
1747.0,32.5,1608.0,557.0,2335.0,1983.0,23.1,36.7,1.0244
1482.0,20.8,1319.0,660.0,1975.0,1703.0,21.5,40.8,1.0333
1211.0,10.9,1010.0,816.0,1619.0,1246.0,20.5,41.5,0.9864
1294.0,13.0,1083.0,770.0,1687.0,1321.0,19.2,44.9,0.9875
1300.0,11.8,1043.0,777.0,1659.0,1375.0,18.8,47.7,1.0221
1402.0,13.4,1098.0,736.0,1729.0,1456.0,18.2,49.7,1.0284
1349.0,13.4,1097.0,707.0,1763.0,1442.0,16.1,57.4,1.0451
1161.0,9.0,938.0,827.0,1597.0,1243.0,16.3,55.3,1.0178
1022.0,5.8,802.0,916.0,1481.0,1078.0,15.7,53.6,0.9483
948.0,3.8,700.0,1045.0,1430.0,939.0,16.9,49.8,0.9514
933.0,3.7,697.0,1045.0,1403.0,937.0,14.8,57.7,0.9644
1021.0,5.7,800.0,931.0,1483.0,1019.0,14.0,59.7,0.9499
1134.0,10.0,979.0,794.0,1639.0,1140.0,14.6,56.8,0.9385
1311.0,15.0,1147.0,681.0,1838.0,1351.0,16.7,51.9,0.9788
1409.0,15.6,1169.0,685.0,1874.0,1459.0,20.0,45.0,1.039
1301.0,12.3,1059.0,787.0,1727.0,1297.0,23.9,33.7,0.9837
1354.0,14.4,1130.0,765.0,1808.0,1291.0,26.8,29.5,1.0209
1391.0,14.6,1136.0,738.0,1840.0,1296.0,27.2,32.4,1.1493
1200.0,8.7,929.0,879.0,1623.0,972.0,26.9,32.1,1.1217
1338.0,11.0,1016.0,798.0,1766.0,1194.0,24.3,41.8,1.2561
1223.0,9.0,938.0,884.0,1610.0,880.0,25.6,36.0,1.1629
1278.0,10.7,1003.0,845.0,1691.0,909.0,27.0,31.8,1.1176
1257.0,9.9,973.0,860.0,1634.0,839.0,27.5,31.6,1.1417
1497.0,15.7,1171.0,725.0,1899.0,1248.0,24.9,38.1,1.1838
1567.0,19.4,1280.0,661.0,1970.0,1476.0,23.4,39.7,1.1276
1503.0,16.8,1203.0,651.0,1863.0,1502.0,21.2,50.8,1.2631
1169.0,6.8,850.0,906.0,1584.0,873.0,15.6,73.5,1.2953
1007.0,3.0,650.0,1157.0,1404.0,528.0,12.9,79.7,1.1774
1004.0,3.2,667.0,1157.0,1365.0,492.0,11.5,76.9,1.0436
967.0,3.1,661.0,1181.0,1321.0,463.0,12.2,66.8,0.9455
984.0,3.9,707.0,1131.0,1359.0,494.0,12.4,64.1,0.9209
931.0,3.6,689.0,1161.0,1317.0,503.0,12.7,58.7,0.8605
966.0,4.5,737.0,1083.0,1363.0,581.0,12.6,58.6,0.8529
777.0,1.2,521.0,1535.0,1121.0,350.0,12.5,51.2,0.7374
763.0,0.7,471.0,1783.0,1098.0,305.0,12.5,50.9,0.7346
804.0,1.1,505.0,1718.0,1148.0,329.0,12.8,49.3,0.7285
830.0,1.4,535.0,1496.0,1184.0,375.0,13.5,48.6,0.7487
833.0,1.6,553.0,1476.0,1180.0,373.0,14.4,45.9,0.7476
875.0,2.3,603.0,1370.0,1206.0,385.0,15.1,43.9,0.7487
882.0,2.5,621.0,1346.0,1216.0,403.0,16.6,38.6,0.7236
862.0,2.7,635.0,1320.0,1193.0,393.0,17.2,35.0,0.6789
863.0,2.7,636.0,1290.0,1185.0,388.0,17.4,33.9,0.6683
830.0,2.2,596.0,1389.0,1145.0,371.0,17.9,30.7,0.6234
807.0,2.0,584.0,1488.0,1104.0,347.0,18.3,27.2,0.5675
873.0,3.4,675.0,1343.0,1181.0,396.0,19.4,25.7,0.5738
931.0,4.5,739.0,1274.0,1219.0,474.0,20.2,24.1,0.563
918.0,4.7,748.0,1228.0,1219.0,505.0,19.6,24.9,0.5625
1001.0,6.0,811.0,1122.0,1344.0,625.0,18.5,27.8,0.5843
1169.0,11.7,1039.0,883.0,1550.0,941.0,17.8,30.3,0.6129
1085.0,8.2,907.0,976.0,1419.0,893.0,16.6,34.0,0.6353
940.0,5.1,769.0,1103.0,1310.0,731.0,15.5,37.0,0.6447
1126.0,13.0,1083.0,875.0,1654.0,955.0,14.8,39.5,0.6595
978.0,7.0,858.0,1013.0,1379.0,761.0,14.5,42.0,0.6896
893.0,3.9,703.0,1192.0,1283.0,515.0,14.1,44.9,0.7206
838.0,2.2,601.0,1361.0,1220.0,434.0,14.2,45.5,0.7333
803.0,1.3,527.0,1513.0,1152.0,369.0,14.1,45.3,0.7247
775.0,0.8,477.0,1722.0,1115.0,335.0,14.0,44.3,0.7038
767.0,0.6,454.0,1826.0,1091.0,319.0,14.1,43.0,0.689
809.0,1.2,521.0,1575.0,1158.0,378.0,13.9,43.9,0.6923
898.0,3.4,676.0,1271.0,1307.0,517.0,14.0,43.8,0.6959
1053.0,7.5,880.0,982.0,1464.0,786.0,14.4,43.6,0.7113
1033.0,8.9,934.0,917.0,1490.0,844.0,15.0,41.7,0.7093
941.0,5.3,780.0,1080.0,1343.0,720.0,16.3,38.4,0.7052
941.0,5.4,782.0,1102.0,1328.0,668.0,18.3,32.3,0.676
917.0,5.2,772.0,1098.0,1311.0,605.0,18.8,31.7,0.6821
977.0,6.6,837.0,1038.0,1413.0,646.0,19.6,30.9,0.6968
994.0,6.9,851.0,1018.0,1436.0,640.0,20.2,30.7,0.7176
942.0,5.4,785.0,1065.0,1365.0,571.0,19.7,32.5,0.7396
981.0,6.0,810.0,1060.0,1395.0,605.0,20.7,31.6,0.7602
984.0,6.4,832.0,1034.0,1410.0,636.0,20.0,32.7,0.7545
1116.0,10.7,1003.0,864.0,1625.0,886.0,18.6,35.4,0.7535
1181.0,13.9,1114.0,787.0,1685.0,1032.0,18.3,35.9,0.7501
1163.0,12.5,1068.0,811.0,1616.0,977.0,17.8,37.5,0.7568
1081.0,9.3,950.0,907.0,1496.0,924.0,17.3,38.8,0.7584
1017.0,6.7,842.0,1000.0,1441.0,846.0,17.3,38.8,0.7596
966.0,5.3,778.0,1057.0,1359.0,755.0,16.4,40.8,0.7542
924.0,4.0,709.0,1158.0,1318.0,610.0,16.0,41.4,0.7487
861.0,2.2,601.0,1351.0,1225.0,439.0,15.4,43.0,0.7482
826.0,1.7,560.0,1424.0,1197.0,402.0,15.7,42.5,0.7539
846.0,1.6,557.0,1385.0,1212.0,406.0,15.6,43.4,0.7651
842.0,1.5,545.0,1423.0,1224.0,424.0,15.2,45.8,0.7864
909.0,2.5,617.0,1236.0,1302.0,558.0,14.7,49.9,0.828
930.0,3.3,670.0,1143.0,1339.0,746.0,15.5,47.3,0.8282
1120.0,8.9,935.0,843.0,1593.0,1126.0,14.4,53.1,0.8677
1518.0,23.4,1389.0,589.0,2101.0,1703.0,15.9,48.5,0.8704
1461.0,23.8,1398.0,630.0,2050.0,1628.0,18.1,40.3,0.8294
1075.0,7.9,896.0,938.0,1487.0,936.0,19.6,35.9,0.81
1061.0,8.2,908.0,968.0,1455.0,890.0,22.8,29.1,0.796
1066.0,8.8,931.0,979.0,1474.0,757.0,24.8,25.3,0.7793
1179.0,14.6,1137.0,829.0,1651.0,949.0,27.2,22.0,0.7785
1251.0,18.0,1238.0,773.0,1779.0,1109.0,28.2,20.4,0.7677
1120.0,12.0,1048.0,898.0,1560.0,870.0,25.4,24.2,0.7733
1187.0,14.8,1142.0,840.0,1651.0,1011.0,25.7,23.8,0.7737
1145.0,12.5,1066.0,903.0,1592.0,885.0,27.2,22.1,0.7811
1215.0,15.5,1164.0,817.0,1689.0,1015.0,27.0,22.3,0.786
1317.0,17.7,1231.0,766.0,1798.0,1155.0,24.5,27.8,0.8433
1388.0,21.6,1341.0,702.0,1955.0,1315.0,23.7,30.2,0.8718
1295.0,18.9,1266.0,716.0,1849.0,1359.0,21.5,34.5,0.8746
1153.0,12.5,1066.0,811.0,1651.0,1194.0,19.9,37.8,0.8675
1078.0,8.8,932.0,905.0,1511.0,951.0,18.9,40.6,0.8771
1133.0,10.9,1012.0,806.0,1608.0,1054.0,17.9,43.5,0.884
1055.0,8.0,899.0,880.0,1504.0,980.0,17.4,46.3,0.9112
953.0,4.4,735.0,999.0,1396.0,898.0,18.1,44.7,0.9186
892.0,2.8,639.0,1139.0,1359.0,803.0,16.5,50.1,0.9331
895.0,2.7,632.0,1167.0,1347.0,684.0,14.2,56.9,0.9141
859.0,2.2,602.0,1209.0,1321.0,644.0,14.7,56.2,0.9341
856.0,2.5,619.0,1191.0,1345.0,677.0,16.3,52.8,0.9722
1030.0,7.5,880.0,892.0,1539.0,996.0,13.9,60.7,0.9597
1689.0,30.4,1560.0,529.0,2396.0,1736.0,15.0,58.3,0.9876
1486.0,22.0,1351.0,571.0,2112.0,1692.0,16.1,54.8,0.996
1592.0,24.7,1423.0,577.0,2155.0,2108.0,19.3,46.4,1.0248
1469.0,18.4,1252.0,692.0,1903.0,1807.0,24.2,33.8,1.0097
1364.0,16.8,1205.0,723.0,1850.0,1566.0,26.7,28.7,0.9895
1285.0,14.2,1123.0,755.0,1741.0,1293.0,27.4,28.2,1.0098
1311.0,15.7,1170.0,748.0,1787.0,1219.0,28.1,26.9,1.0094
1416.0,21.9,1348.0,684.0,1969.0,1330.0,27.7,26.5,0.9693
1387.0,20.8,1318.0,701.0,1890.0,1299.0,28.4,23.4,0.8935
1329.0,16.2,1185.0,768.0,1750.0,1111.0,28.4,26.0,0.9922
1496.0,19.8,1292.0,680.0,1878.0,1300.0,27.3,30.0,1.0752
1676.0,28.9,1525.0,567.0,2226.0,1653.0,24.3,37.3,1.1199
1724.0,28.3,1510.0,562.0,2252.0,1716.0,23.1,42.2,1.1746
1642.0,24.9,1426.0,597.0,2117.0,1720.0,21.8,43.6,1.1226
1267.0,13.1,1088.0,764.0,1740.0,1339.0,19.8,46.8,1.0702
1146.0,8.6,923.0,845.0,1575.0,1166.0,19.6,49.8,1.1221
1216.0,9.5,960.0,788.0,1662.0,1256.0,17.9,56.2,1.142
1128.0,7.8,891.0,838.0,1574.0,1125.0,17.4,55.6,1.0963
1042.0,5.2,772.0,923.0,1495.0,968.0,16.8,59.5,1.1269
926.0,2.8,639.0,1115.0,1409.0,814.0,15.9,60.1,1.0806
898.0,2.3,608.0,1154.0,1386.0,743.0,15.6,61.2,1.0784
889.0,2.5,617.0,1168.0,1382.0,758.0,14.6,63.4,1.0446
959.0,4.4,734.0,1038.0,1470.0,861.0,13.3,67.0,1.0203
1097.0,9.4,956.0,827.0,1620.0,1047.0,12.9,66.5,0.9846
1674.0,29.8,1547.0,539.0,2405.0,1665.0,14.8,61.3,1.0237
1771.0,36.2,1690.0,461.0,2572.0,1982.0,16.1,56.5,1.0274
1408.0,18.0,1241.0,648.0,1886.0,1711.0,18.6,47.8,1.0143
1156.0,10.9,1009.0,875.0,1583.0,1204.0,23.8,30.2,0.8771
1042.0,9.0,941.0,971.0,1491.0,871.0,25.4,25.0,0.7966
1167.0,14.4,1128.0,829.0,1716.0,1040.0,25.6,25.5,0.8234
1398.0,22.3,1360.0,656.0,2037.0,1439.0,24.9,29.9,0.9325
1458.0,20.9,1321.0,654.0,2023.0,1516.0,22.4,37.9,1.016
1554.0,23.1,1379.0,614.0,2151.0,1693.0,21.7,44.0,1.1242
1495.0,21.2,1331.0,615.0,2069.0,1635.0,21.4,44.4,1.1176
1560.0,24.8,1424.0,579.0,2176.0,1688.0,20.8,45.3,1.1016
1664.0,28.6,1519.0,553.0,2312.0,1820.0,20.2,48.6,1.1354
1761.0,32.6,1610.0,502.0,2488.0,2006.0,20.2,50.8,1.1924
1524.0,19.2,1275.0,608.0,2046.0,1740.0,18.6,57.6,1.2233
1398.0,16.3,1189.0,646.0,1931.0,1577.0,18.2,58.8,1.2173
1342.0,13.7,1106.0,694.0,1856.0,1443.0,17.8,61.0,1.2352
1433.0,13.6,1104.0,681.0,1876.0,1411.0,17.0,70.7,1.3554
1297.0,11.1,1019.0,733.0,1823.0,1217.0,16.2,76.9,1.4051
1179.0,7.6,884.0,830.0,1696.0,1086.0,15.7,78.6,1.3943
1097.0,5.9,809.0,897.0,1628.0,1050.0,15.7,78.4,1.3917
1054.0,5.0,761.0,963.0,1598.0,965.0,15.7,77.4,1.3683
1017.0,4.0,711.0,1009.0,1554.0,906.0,15.4,78.5,1.3635
1005.0,4.5,738.0,1005.0,1563.0,917.0,15.7,74.7,1.3194
1206.0,9.3,949.0,818.0,1771.0,1116.0,15.9,73.1,1.3136
1458.0,18.3,1249.0,662.0,2033.0,1380.0,16.6,68.2,1.2737
1405.0,19.9,1295.0,638.0,2065.0,1378.0,18.7,57.6,1.2323
1381.0,16.6,1199.0,685.0,1970.0,1365.0,17.6,65.0,1.2945
1315.0,12.6,1072.0,736.0,1833.0,1273.0,16.3,73.2,1.3458
1332.0,12.9,1082.0,707.0,1889.0,1242.0,16.0,78.5,1.4209
1362.0,14.9,1145.0,673.0,1973.0,1294.0,17.3,72.4,1.4125
1399.0,17.4,1222.0,643.0,2061.0,1413.0,19.4,60.9,1.3545
1310.0,15.4,1160.0,695.0,1939.0,1224.0,21.4,50.9,1.2823
1399.0,16.7,1201.0,699.0,1971.0,1318.0,22.7,45.8,1.2465
1524.0,18.0,1239.0,644.0,2139.0,1404.0,20.9,60.8,1.4852
1487.0,19.2,1274.0,641.0,2133.0,1471.0,21.0,54.3,1.3353
1480.0,21.0,1324.0,622.0,2162.0,1623.0,20.8,54.4,1.3194
1626.0,26.9,1476.0,555.0,2356.0,1786.0,19.8,58.6,1.3392
1449.0,19.5,1282.0,625.0,2100.0,1569.0,19.1,61.1,1.3345
1363.0,15.1,1152.0,684.0,1951.0,1495.0,18.2,65.4,1.3529
1371.0,14.6,1136.0,689.0,1927.0,1471.0,18.1,66.1,1.3579
1406.0,13.7,1107.0,718.0,1872.0,1384.0,17.7,66.9,1.3422
1425.0,15.2,1155.0,709.0,1936.0,1789.0,17.8,66.8,1.346
1179.0,9.3,951.0,826.0,1724.0,1323.0,17.3,68.3,1.3346
1047.0,6.5,833.0,939.0,1647.0,1081.0,16.5,70.2,1.3099
1009.0,6.3,825.0,950.0,1629.0,938.0,15.7,73.1,1.2902
882.0,3.5,685.0,1134.0,1492.0,673.0,16.2,69.9,1.2756
858.0,2.6,624.0,1205.0,1434.0,543.0,16.7,67.1,1.2619
875.0,3.1,659.0,1180.0,1452.0,561.0,16.7,66.9,1.2631
1012.0,6.5,833.0,916.0,1632.0,862.0,16.9,66.5,1.2688
1049.0,6.5,836.0,926.0,1615.0,901.0,17.7,62.0,1.2458
1131.0,8.8,932.0,854.0,1693.0,1048.0,19.4,54.6,1.2184
1120.0,8.8,931.0,886.0,1652.0,971.0,21.6,46.1,1.1725
1117.0,9.2,946.0,909.0,1657.0,915.0,24.6,36.7,1.1202
1110.0,9.2,948.0,901.0,1632.0,891.0,26.0,31.9,1.0566
962.0,6.1,816.0,1044.0,1489.0,628.0,25.6,31.5,1.0184
963.0,6.5,835.0,1029.0,1495.0,556.0,24.8,34.8,1.0716
1050.0,9.2,948.0,928.0,1584.0,652.0,26.1,30.3,1.0101
1053.0,8.3,911.0,949.0,1603.0,683.0,25.5,33.5,1.0767
1045.0,8.3,910.0,948.0,1598.0,624.0,23.7,37.2,1.0746
1124.0,11.0,1013.0,849.0,1676.0,733.0,22.3,38.9,1.0324
1330.0,14.7,1140.0,759.0,1780.0,1062.0,20.7,42.8,1.0298
1171.0,10.8,1006.0,835.0,1674.0,988.0,19.0,51.7,1.1222
1085.0,9.4,954.0,866.0,1656.0,871.0,17.8,55.5,1.1174
1358.0,14.8,1144.0,727.0,1851.0,1243.0,17.4,57.6,1.1342
1385.0,13.3,1094.0,765.0,1769.0,1175.0,17.6,58.5,1.1645
1167.0,8.4,914.0,876.0,1599.0,1126.0,17.2,59.3,1.1551
1072.0,7.9,894.0,893.0,1646.0,1118.0,17.1,60.4,1.1633
938.0,5.5,789.0,989.0,1536.0,864.0,16.4,62.2,1.1507
1000.0,6.6,838.0,910.0,1580.0,942.0,14.8,67.6,1.1352
854.0,3.3,670.0,1141.0,1460.0,684.0,14.8,65.8,1.1028
815.0,2.6,628.0,1212.0,1426.0,689.0,14.7,65.2,1.0811
866.0,3.6,689.0,1138.0,1456.0,767.0,13.1,70.2,1.0554
911.0,4.8,751.0,1036.0,1518.0,817.0,14.3,66.2,1.0728
988.0,5.9,806.0,951.0,1568.0,940.0,16.0,61.6,1.1083
1046.0,6.9,851.0,920.0,1595.0,908.0,17.7,56.4,1.1342
1085.0,8.5,918.0,890.0,1639.0,871.0,21.3,44.7,1.1157
1008.0,6.1,816.0,1015.0,1531.0,689.0,23.6,36.4,1.0431
1004.0,6.2,821.0,1031.0,1510.0,629.0,24.3,34.0,1.0149
948.0,4.8,754.0,1086.0,1436.0,602.0,24.4,32.7,0.9863
1026.0,6.8,847.0,1010.0,1519.0,617.0,24.6,31.7,0.9647
1047.0,7.0,859.0,948.0,1538.0,677.0,23.9,34.3,1.002
1018.0,5.5,790.0,1047.0,1443.0,580.0,25.9,28.1,0.9258
1160.0,9.5,957.0,884.0,1637.0,861.0,24.5,32.3,0.9815
1269.0,11.9,1047.0,809.0,1721.0,1080.0,22.6,39.3,1.06
1394.0,13.8,1111.0,736.0,1853.0,1288.0,21.2,47.5,1.1828
1292.0,10.7,1003.0,789.0,1753.0,1163.0,19.9,54.9,1.2632
1212.0,9.7,966.0,840.0,1691.0,1043.0,19.4,52.1,1.1642
1137.0,10.2,985.0,858.0,1607.0,1045.0,19.4,42.6,0.9485
1080.0,8.3,910.0,923.0,1548.0,929.0,19.1,44.1,0.966
1031.0,7.1,861.0,903.0,1534.0,825.0,18.0,49.3,1.0086
917.0,3.0,654.0,1169.0,1414.0,545.0,17.6,54.6,1.0918
888.0,2.2,598.0,1228.0,1397.0,500.0,16.4,62.1,1.1493
872.0,1.7,564.0,1284.0,1385.0,494.0,15.6,65.3,1.1484
876.0,1.5,547.0,1256.0,1351.0,505.0,16.0,61.4,1.1043
964.0,3.7,697.0,1067.0,1516.0,717.0,15.8,64.3,1.1416
1147.0,8.2,906.0,815.0,1687.0,1126.0,16.0,65.8,1.1844
1493.0,21.1,1328.0,577.0,2193.0,1597.0,16.8,62.5,1.1869
1597.0,26.5,1466.0,518.0,2400.0,1687.0,16.9,66.1,1.2613
1483.0,17.4,1222.0,597.0,2054.0,1529.0,17.4,68.9,1.3557
1222.0,12.9,1080.0,742.0,1755.0,1366.0,21.4,45.0,1.1291
1060.0,10.9,1010.0,858.0,1623.0,1074.0,23.9,30.7,0.9002
1048.0,11.0,1013.0,886.0,1584.0,940.0,26.8,25.2,0.8721
1051.0,10.8,1008.0,911.0,1561.0,921.0,28.4,23.6,0.8983
998.0,10.0,977.0,947.0,1496.0,695.0,30.3,20.1,0.8539
1058.0,11.2,1023.0,896.0,1580.0,795.0,30.9,19.7,0.8649
1203.0,16.8,1204.0,790.0,1744.0,1079.0,30.2,20.5,0.8672
1491.0,23.6,1392.0,630.0,2149.0,1473.0,26.4,34.6,1.1724
1467.0,23.3,1385.0,623.0,2084.0,1493.0,24.9,39.4,1.2268
1407.0,19.4,1279.0,660.0,2009.0,1308.0,23.5,43.7,1.2484
1324.0,13.1,1086.0,692.0,1903.0,1189.0,19.3,63.1,1.4028
1214.0,9.8,970.0,777.0,1771.0,1076.0,18.7,64.6,1.3836
1016.0,5.3,780.0,967.0,1566.0,806.0,19.5,57.1,1.2806
1135.0,6.7,842.0,872.0,1653.0,973.0,18.9,62.5,1.3521
1065.0,5.5,789.0,936.0,1620.0,929.0,18.4,65.8,1.3802
999.0,3.7,692.0,1038.0,1588.0,778.0,16.4,79.2,1.4681
911.0,2.2,599.0,1189.0,1517.0,633.0,16.1,80.0,1.4562
873.0,1.5,545.0,1308.0,1471.0,497.0,15.6,81.0,1.4302
881.0,1.5,546.0,1335.0,1465.0,458.0,15.6,81.0,1.4216
967.0,2.9,646.0,1117.0,1552.0,579.0,15.7,80.5,1.4236
1280.0,9.9,976.0,780.0,1912.0,1003.0,16.0,80.8,1.4602
1564.0,23.0,1379.0,552.0,2306.0,1393.0,16.6,78.0,1.4572
1505.0,22.3,1358.0,556.0,2248.0,1406.0,16.1,79.2,1.4398
1309.0,16.2,1186.0,649.0,1973.0,1308.0,17.7,70.8,1.4171
1035.0,7.9,895.0,898.0,1657.0,863.0,20.3,54.8,1.2867
1148.0,12.4,1062.0,753.0,1825.0,1004.0,21.2,49.3,1.2271
1152.0,13.6,1104.0,725.0,1860.0,1023.0,21.5,47.9,1.2178
1131.0,12.3,1059.0,772.0,1784.0,978.0,21.4,47.7,1.2047
1142.0,12.1,1053.0,753.0,1814.0,979.0,20.4,54.0,1.2757
1197.0,12.9,1082.0,753.0,1851.0,971.0,19.9,57.1,1.3158
960.0,6.3,828.0,971.0,1565.0,617.0,19.9,55.2,1.2701
1077.0,10.6,1001.0,836.0,1764.0,717.0,19.5,55.7,1.2512
1377.0,20.6,1313.0,612.0,2120.0,1220.0,18.3,62.8,1.3127
1405.0,22.1,1353.0,602.0,2185.0,1296.0,17.2,68.3,1.3289
1484.0,20.8,1319.0,591.0,2166.0,1413.0,16.1,75.2,1.3654
1187.0,11.8,1042.0,766.0,1840.0,1093.0,16.6,70.8,1.3253
870.0,4.3,729.0,1096.0,1475.0,586.0,18.5,56.0,1.181
932.0,5.0,765.0,1054.0,1543.0,575.0,17.3,59.5,1.1667
830.0,2.3,608.0,1282.0,1370.0,441.0,18.6,52.3,1.1121
778.0,1.4,534.0,1480.0,1294.0,358.0,19.0,49.8,1.0831
820.0,1.5,541.0,1450.0,1360.0,377.0,15.7,64.5,1.14
842.0,1.8,565.0,1327.0,1399.0,437.0,15.5,66.9,1.1691
867.0,2.1,589.0,1267.0,1439.0,468.0,14.7,74.1,1.2302
927.0,3.5,682.0,1109.0,1526.0,580.0,14.6,77.1,1.2727
1060.0,6.9,851.0,912.0,1673.0,805.0,14.5,78.3,1.2851
1440.0,19.1,1271.0,630.0,2163.0,1273.0,15.1,76.8,1.3061
1449.0,22.0,1350.0,571.0,2264.0,1452.0,16.4,70.8,1.3088
1384.0,18.9,1265.0,620.0,2143.0,1307.0,16.4,72.4,1.3379
1172.0,13.0,1085.0,737.0,1876.0,1102.0,16.3,68.6,1.2657
1143.0,13.0,1083.0,735.0,1887.0,1083.0,17.2,62.9,1.2228
1167.0,14.5,1134.0,709.0,1920.0,1083.0,17.4,61.1,1.206
1303.0,19.7,1288.0,618.0,2116.0,1236.0,16.8,66.8,1.2691
1264.0,19.4,1279.0,631.0,2049.0,1223.0,17.3,62.6,1.226
1242.0,16.4,1193.0,684.0,1945.0,1175.0,17.5,60.8,1.2029
1070.0,11.2,1022.0,824.0,1740.0,933.0,17.5,59.2,1.1725
981.0,10.0,978.0,857.0,1682.0,835.0,17.7,56.9,1.1392
1198.0,14.6,1136.0,717.0,1870.0,1291.0,17.1,61.5,1.1873
1000.0,8.5,918.0,881.0,1661.0,802.0,17.5,63.9,1.2667
1110.0,9.2,949.0,850.0,1733.0,842.0,15.9,70.7,1.2672
1023.0,6.9,854.0,918.0,1637.0,744.0,15.1,75.1,1.2799
861.0,3.7,695.0,1130.0,1438.0,500.0,13.9,72.5,1.1502
969.0,4.9,760.0,1059.0,1518.0,560.0,12.0,79.8,1.1175
898.0,4.6,741.0,1085.0,1468.0,589.0,12.5,75.8,1.0938
835.0,3.4,674.0,1201.0,1416.0,488.0,12.0,75.0,1.0499
766.0,1.2,523.0,1534.0,1310.0,387.0,12.6,72.2,1.0503
743.0,1.0,502.0,1635.0,1292.0,355.0,12.7,71.6,1.0486
758.0,1.2,517.0,1625.0,1294.0,351.0,13.1,67.1,1.0079
804.0,2.3,604.0,1366.0,1357.0,420.0,13.2,64.6,0.9774
948.0,6.1,817.0,1048.0,1546.0,695.0,13.1,65.6,0.9815
1204.0,16.8,1205.0,729.0,1984.0,1139.0,14.7,58.5,0.9688
1231.0,20.3,1304.0,652.0,2029.0,1315.0,15.9,53.1,0.9529
1176.0,16.4,1191.0,705.0,1836.0,1217.0,17.9,46.1,0.9388
1043.0,12.5,1066.0,789.0,1692.0,1014.0,20.2,37.7,0.8833
992.0,9.8,970.0,869.0,1624.0,884.0,18.5,42.8,0.9026
885.0,5.2,772.0,1035.0,1450.0,524.0,13.0,64.3,0.9586
991.0,8.9,937.0,874.0,1581.0,644.0,15.1,54.5,0.9309
1182.0,14.1,1119.0,733.0,1831.0,1032.0,13.6,65.5,1.0184
1191.0,12.7,1074.0,741.0,1816.0,1038.0,12.3,78.3,1.1154
1272.0,14.6,1136.0,730.0,1869.0,1077.0,12.7,74.2,1.0863
1138.0,12.4,1063.0,804.0,1728.0,983.0,14.4,64.2,1.049
1008.0,9.4,954.0,892.0,1626.0,834.0,15.6,58.3,1.0266
1075.0,11.0,1015.0,824.0,1722.0,949.0,15.0,61.4,1.0385
1034.0,8.9,935.0,870.0,1605.0,941.0,13.7,65.8,1.0254
934.0,6.6,841.0,973.0,1497.0,756.0,12.3,66.4,0.944
883.0,3.9,705.0,1133.0,1422.0,655.0,15.4,58.8,1.0215
1021.0,7.3,871.0,938.0,1586.0,805.0,14.1,64.9,1.0405
1059.0,8.2,907.0,879.0,1579.0,970.0,13.8,64.7,1.0168
1023.0,7.5,878.0,896.0,1568.0,969.0,13.5,67.8,1.042
855.0,3.3,669.0,1160.0,1427.0,671.0,13.7,69.4,1.0794
826.0,2.4,616.0,1227.0,1384.0,575.0,13.9,67.7,1.0712
831.0,2.2,602.0,1269.0,1386.0,535.0,14.0,67.8,1.0787
817.0,2.8,639.0,1260.0,1364.0,489.0,14.6,61.1,1.0075
972.0,7.5,880.0,964.0,1590.0,689.0,14.3,60.5,0.9847
1200.0,19.8,1290.0,657.0,2014.0,1196.0,14.9,56.9,0.9582
1234.0,22.1,1355.0,621.0,2095.0,1266.0,16.4,50.2,0.9286
1164.0,15.0,1148.0,741.0,1824.0,1130.0,16.0,50.9,0.9211
976.0,9.3,952.0,878.0,1582.0,834.0,18.6,42.8,0.9091
844.0,6.3,825.0,1027.0,1405.0,536.0,19.7,33.7,0.7646
851.0,8.2,906.0,989.0,1418.0,545.0,21.2,27.7,0.6864
926.0,10.9,1010.0,904.0,1526.0,720.0,19.7,28.5,0.6445
890.0,9.3,950.0,940.0,1460.0,655.0,19.8,29.7,0.678
921.0,8.4,914.0,937.0,1481.0,614.0,19.2,35.6,0.7856
1052.0,9.4,956.0,869.0,1600.0,725.0,14.2,60.5,0.9765
1247.0,17.9,1238.0,691.0,1948.0,1036.0,12.9,69.1,1.0249
1205.0,17.4,1222.0,684.0,1911.0,1127.0,12.7,70.4,1.0294
1016.0,10.5,995.0,857.0,1642.0,854.0,13.9,62.7,0.9905
984.0,7.5,879.0,940.0,1527.0,792.0,13.9,62.9,0.9948
1041.0,8.0,898.0,922.0,1595.0,891.0,13.4,65.2,0.9996
1027.0,7.7,887.0,927.0,1568.0,876.0,13.4,64.6,0.9864
1025.0,7.3,869.0,954.0,1531.0,851.0,13.3,63.6,0.9677
984.0,6.4,829.0,1003.0,1516.0,787.0,13.3,61.8,0.9433
969.0,5.6,791.0,1084.0,1446.0,711.0,13.6,59.7,0.9271
758.0,1.5,546.0,1483.0,1252.0,396.0,14.6,53.3,0.8807
767.0,1.5,547.0,1482.0,1239.0,375.0,14.3,51.7,0.8412
772.0,1.2,518.0,1544.0,1202.0,343.0,10.9,67.5,0.8785
831.0,1.6,557.0,1480.0,1257.0,401.0,7.4,85.2,0.8808
871.0,2.6,628.0,1243.0,1329.0,518.0,8.7,81.5,0.919
995.0,5.9,808.0,1028.0,1479.0,685.0,10.3,75.6,0.9458
1093.0,8.5,918.0,857.0,1589.0,939.0,11.0,75.0,0.9821
1079.0,7.7,885.0,884.0,1588.0,974.0,13.6,66.1,1.0236
1084.0,6.9,852.0,910.0,1575.0,959.0,14.7,63.1,1.0488
1204.0,10.1,982.0,791.0,1739.0,1067.0,13.8,72.3,1.1361
1213.0,11.1,1018.0,760.0,1778.0,1061.0,13.3,76.8,1.1703
1124.0,9.2,949.0,827.0,1671.0,1008.0,16.2,60.0,1.0937
945.0,4.3,726.0,1053.0,1432.0,637.0,16.3,55.3,1.0146
964.0,6.5,833.0,1003.0,1489.0,647.0,20.0,40.4,0.9354
903.0,5.4,786.0,1073.0,1375.0,523.0,19.8,35.4,0.8099
918.0,7.1,863.0,992.0,1408.0,539.0,19.8,33.6,0.767
1028.0,9.5,961.0,913.0,1502.0,649.0,17.8,38.5,0.7763
1175.0,17.0,1209.0,720.0,1829.0,1071.0,16.7,44.6,0.8393
1215.0,15.4,1161.0,714.0,1802.0,1237.0,15.1,51.8,0.8816
1072.0,9.9,976.0,835.0,1603.0,1018.0,14.1,56.2,0.9028
1070.0,9.3,952.0,858.0,1573.0,966.0,13.8,58.3,0.9147
1021.0,6.9,853.0,979.0,1457.0,901.0,13.7,59.7,0.9285
1063.0,7.1,859.0,952.0,1519.0,949.0,13.7,60.3,0.9405
1068.0,9.0,938.0,862.0,1575.0,1057.0,12.7,64.9,0.9506
993.0,8.3,913.0,879.0,1601.0,989.0,12.6,65.4,0.9529
1034.0,8.7,928.0,848.0,1619.0,1005.0,12.1,68.6,0.964
1025.0,8.4,914.0,856.0,1605.0,1003.0,12.3,68.0,0.9722
1036.0,8.1,902.0,825.0,1558.0,1087.0,11.9,71.1,0.9899
924.0,5.2,774.0,987.0,1460.0,909.0,11.3,73.8,0.9848
922.0,4.5,737.0,1050.0,1414.0,882.0,13.1,62.6,0.9419
830.0,2.6,625.0,1266.0,1303.0,568.0,16.8,46.8,0.8881
947.0,4.8,752.0,1068.0,1434.0,620.0,17.9,44.8,0.9104
977.0,4.5,737.0,1025.0,1450.0,686.0,17.8,49.5,0.9986
1025.0,4.9,761.0,1008.0,1476.0,700.0,18.8,46.4,0.9968
1040.0,5.8,804.0,940.0,1502.0,780.0,19.3,44.0,0.9783
1013.0,4.1,718.0,1041.0,1492.0,558.0,14.7,68.4,1.1405
1035.0,4.8,755.0,997.0,1521.0,608.0,15.6,65.8,1.1577
1086.0,7.0,859.0,892.0,1595.0,754.0,17.7,54.0,1.0826
967.0,4.8,753.0,1048.0,1420.0,544.0,17.8,46.7,0.9466
968.0,5.4,785.0,1011.0,1446.0,550.0,17.8,44.4,0.8967
1004.0,6.3,827.0,972.0,1465.0,627.0,17.8,44.3,0.8929
1132.0,10.1,981.0,850.0,1614.0,877.0,16.4,47.8,0.8851
1121.0,10.2,985.0,833.0,1625.0,981.0,15.6,51.6,0.9063
1068.0,8.4,917.0,889.0,1570.0,832.0,14.9,55.0,0.9228
1123.0,8.9,937.0,866.0,1606.0,941.0,13.8,59.8,0.9398
1101.0,8.8,933.0,845.0,1600.0,1022.0,13.8,62.1,0.9721
997.0,6.5,835.0,951.0,1501.0,888.0,13.9,61.1,0.9656
875.0,3.0,654.0,1172.0,1375.0,683.0,14.9,57.6,0.9684
815.0,1.8,569.0,1361.0,1344.0,534.0,14.4,60.1,0.9797
803.0,1.3,531.0,1462.0,1318.0,489.0,13.8,63.2,0.9952
829.0,1.8,570.0,1304.0,1357.0,562.0,14.2,62.9,1.0136
867.0,2.6,625.0,1213.0,1385.0,652.0,14.0,63.8,1.0167
1118.0,9.8,970.0,837.0,1705.0,1019.0,13.4,67.4,1.0292
1632.0,31.5,1587.0,523.0,2459.0,1678.0,14.7,62.3,1.0351
1598.0,35.2,1668.0,490.0,2617.0,1749.0,16.0,57.3,1.0342
1378.0,20.2,1303.0,633.0,2051.0,1494.0,17.8,51.1,1.0362
1132.0,13.4,1096.0,731.0,1808.0,1186.0,20.0,45.0,1.0379
1108.0,11.7,1040.0,767.0,1748.0,1051.0,20.3,44.1,1.0392
1131.0,13.4,1097.0,735.0,1797.0,1027.0,20.7,42.4,1.0248
1105.0,12.9,1080.0,751.0,1758.0,981.0,20.8,40.6,0.9888
1120.0,13.4,1096.0,753.0,1767.0,976.0,21.5,39.7,1.0042
1100.0,13.7,1108.0,800.0,1731.0,932.0,25.0,30.1,0.9394
1098.0,14.2,1124.0,810.0,1716.0,871.0,25.2,29.7,0.9371
1137.0,17.8,1234.0,749.0,1824.0,990.0,23.4,32.0,0.91
1267.0,22.0,1352.0,651.0,1961.0,1196.0,21.0,37.8,0.9298
1319.0,24.4,1413.0,597.0,2050.0,1329.0,19.2,45.7,1.0084
1160.0,16.3,1189.0,698.0,1824.0,1151.0,17.7,50.9,1.0232
1084.0,12.4,1063.0,775.0,1703.0,1031.0,16.8,53.6,1.0167
1025.0,9.6,963.0,842.0,1621.0,917.0,15.8,56.2,1.0033
953.0,6.4,830.0,986.0,1521.0,860.0,16.0,56.5,1.0166
959.0,6.0,812.0,961.0,1518.0,910.0,14.2,64.1,1.0346
834.0,2.8,637.0,1187.0,1362.0,699.0,15.0,59.8,1.0142
787.0,1.6,549.0,1366.0,1317.0,596.0,14.3,61.9,1.0031
799.0,1.6,555.0,1327.0,1320.0,643.0,12.8,66.0,0.969
807.0,1.8,571.0,1305.0,1335.0,704.0,11.4,70.5,0.9484
866.0,3.6,686.0,1135.0,1405.0,741.0,12.0,68.0,0.9547
1035.0,8.4,917.0,882.0,1606.0,968.0,11.3,70.4,0.9443
1469.0,27.5,1491.0,555.0,2301.0,1561.0,12.7,65.6,0.962
1553.0,31.0,1575.0,508.0,2423.0,1779.0,14.5,59.8,0.9795
1513.0,26.0,1455.0,554.0,2182.0,1822.0,17.5,49.8,0.9877
1395.0,22.6,1368.0,605.0,2032.0,1675.0,21.9,35.2,0.9128
1209.0,18.3,1248.0,712.0,1891.0,1295.0,23.5,29.5,0.8435
1142.0,13.9,1115.0,776.0,1735.0,1091.0,24.3,29.8,0.8926
1140.0,14.4,1129.0,765.0,1728.0,1023.0,23.8,31.7,0.9212
1105.0,11.6,1035.0,826.0,1643.0,877.0,24.2,31.2,0.9257
1131.0,12.2,1058.0,824.0,1664.0,931.0,26.5,27.2,0.9282
1162.0,12.4,1064.0,832.0,1675.0,913.0,25.7,28.4,0.9248
1336.0,21.1,1326.0,674.0,1923.0,1255.0,26.3,27.5,0.9306
1533.0,29.9,1549.0,573.0,2233.0,1571.0,24.4,31.6,0.9545
1650.0,34.3,1649.0,528.0,2345.0,1779.0,23.1,35.3,0.9845
1535.0,26.1,1458.0,568.0,2120.0,1735.0,21.1,40.2,0.997
1382.0,18.1,1243.0,632.0,1941.0,1511.0,19.2,52.3,1.1516
1335.0,14.2,1122.0,673.0,1840.0,1424.0,18.1,58.7,1.2072
1267.0,12.4,1064.0,706.0,1766.0,1348.0,17.3,58.8,1.1494
1122.0,8.7,926.0,805.0,1619.0,1174.0,16.9,58.8,1.125
986.0,5.2,771.0,964.0,1518.0,947.0,17.6,57.6,1.1484
966.0,4.6,744.0,967.0,1511.0,935.0,15.6,63.9,1.1287
919.0,3.1,661.0,1089.0,1468.0,838.0,14.9,65.7,1.1073
872.0,2.7,632.0,1132.0,1403.0,768.0,15.6,62.2,1.0961
967.0,4.7,749.0,996.0,1517.0,881.0,14.0,68.3,1.0884
1152.0,9.6,964.0,800.0,1705.0,1096.0,14.5,65.7,1.0804
1500.0,23.6,1393.0,560.0,2163.0,1495.0,15.5,62.2,1.0875
1754.0,37.4,1716.0,452.0,2667.0,1895.0,17.0,56.8,1.0909
1558.0,26.6,1469.0,525.0,2281.0,1758.0,18.8,52.4,1.1285
1446.0,22.0,1350.0,568.0,2140.0,1630.0,19.7,51.9,1.1796
1349.0,17.9,1236.0,627.0,1964.0,1530.0,20.9,44.6,1.0872
1452.0,22.7,1371.0,576.0,2138.0,1622.0,21.9,43.3,1.1265
1676.0,29.3,1534.0,496.0,2413.0,1828.0,20.4,55.7,1.3205
1327.0,14.7,1139.0,658.0,1894.0,1323.0,17.4,67.0,1.325
1248.0,12.6,1072.0,713.0,1797.0,1188.0,17.1,64.0,1.2413
1250.0,12.7,1074.0,724.0,1806.0,1166.0,17.3,61.1,1.1957
1222.0,13.0,1084.0,727.0,1797.0,1108.0,17.7,56.3,1.13
1159.0,13.4,1097.0,748.0,1709.0,995.0,17.4,48.6,0.9559
1192.0,14.8,1143.0,740.0,1767.0,1108.0,17.6,43.7,0.8698
1074.0,9.4,954.0,846.0,1570.0,956.0,16.7,47.2,0.892
984.0,6.9,851.0,959.0,1452.0,817.0,16.8,45.6,0.8636
970.0,5.2,773.0,1026.0,1425.0,658.0,16.1,52.0,0.946
987.0,5.7,800.0,989.0,1462.0,658.0,15.5,57.1,0.996
1003.0,6.5,836.0,949.0,1455.0,748.0,16.2,50.2,0.9156
933.0,4.7,747.0,1045.0,1405.0,569.0,16.4,50.5,0.938
859.0,2.5,620.0,1201.0,1316.0,445.0,16.2,52.8,0.9626
815.0,1.4,538.0,1412.0,1272.0,379.0,16.0,53.7,0.9723
792.0,1.0,501.0,1554.0,1252.0,354.0,16.2,53.0,0.9672
835.0,1.7,560.0,1409.0,1317.0,407.0,16.2,53.7,0.9799
975.0,4.5,736.0,1069.0,1459.0,611.0,15.9,55.3,0.991
1133.0,9.4,957.0,815.0,1652.0,944.0,16.2,55.6,1.0151
1347.0,17.9,1237.0,645.0,1984.0,1328.0,16.0,59.3,1.0711
1122.0,10.6,1000.0,783.0,1663.0,1085.0,16.6,55.6,1.042
1152.0,11.0,1014.0,774.0,1714.0,1139.0,17.4,51.8,1.022
1020.0,7.2,866.0,907.0,1554.0,799.0,17.6,49.7,0.9944
1066.0,8.7,927.0,846.0,1608.0,804.0,17.2,52.8,1.0236
1105.0,11.1,1016.0,789.0,1736.0,930.0,18.2,49.6,1.0268
1056.0,7.9,894.0,891.0,1576.0,771.0,19.5,45.0,1.0114
1084.0,9.8,970.0,818.0,1626.0,845.0,19.5,45.5,1.0189
1288.0,16.4,1191.0,691.0,1910.0,1192.0,19.8,44.3,1.0104
1390.0,22.6,1368.0,605.0,2092.0,1494.0,20.3,43.1,1.0114
1374.0,20.2,1303.0,636.0,2036.0,1457.0,20.3,44.4,1.0457
1378.0,21.7,1342.0,612.0,2076.0,1489.0,19.8,47.9,1.092
1428.0,21.2,1329.0,594.0,2102.0,1602.0,19.1,52.3,1.1486
1336.0,15.9,1176.0,656.0,1891.0,1468.0,18.2,54.7,1.1336
1234.0,12.0,1049.0,746.0,1733.0,1274.0,17.8,55.0,1.1097
1300.0,17.4,1221.0,648.0,1946.0,1401.0,17.5,56.4,1.1175
1246.0,15.0,1150.0,654.0,1873.0,1354.0,17.3,57.8,1.1298
1141.0,11.1,1017.0,740.0,1690.0,1188.0,16.8,57.5,1.0912
1014.0,6.9,853.0,883.0,1538.0,975.0,16.3,57.0,1.0484
938.0,5.1,769.0,978.0,1463.0,816.0,16.2,56.3,1.0262
988.0,6.1,814.0,908.0,1512.0,921.0,15.5,59.9,1.0498
983.0,6.5,833.0,894.0,1524.0,1012.0,16.0,58.3,1.0481
1033.0,8.4,917.0,882.0,1617.0,905.0,17.2,52.3,1.0169
1388.0,22.8,1372.0,601.0,2105.0,1449.0,18.5,49.4,1.0397
1512.0,29.1,1530.0,527.0,2326.0,1725.0,20.0,45.6,1.0524
1148.0,13.6,1104.0,723.0,1713.0,1301.0,21.0,37.9,0.9313
1095.0,11.1,1019.0,815.0,1618.0,1181.0,22.8,32.4,0.887
987.0,10.0,979.0,923.0,1515.0,962.0,25.5,25.6,0.8218
984.0,10.5,998.0,905.0,1523.0,862.0,25.9,23.6,0.7771
1072.0,13.0,1084.0,843.0,1622.0,1017.0,27.7,20.8,0.7599
1048.0,12.5,1068.0,869.0,1573.0,993.0,27.1,21.6,0.7618
1042.0,11.4,1029.0,907.0,1540.0,879.0,28.4,20.2,0.7697
1113.0,13.1,1086.0,882.0,1584.0,926.0,28.1,21.9,0.8184
1146.0,14.9,1145.0,836.0,1647.0,1011.0,27.6,22.3,0.8116
1239.0,19.1,1272.0,748.0,1790.0,1380.0,25.2,24.3,0.7671
1302.0,21.8,1346.0,706.0,1880.0,1698.0,24.6,25.1,0.7636
1181.0,16.1,1183.0,792.0,1711.0,1432.0,23.1,27.2,0.7575
1068.0,11.6,1037.0,869.0,1567.0,1217.0,22.0,28.6,0.7483
1135.0,12.4,1065.0,803.0,1630.0,1317.0,20.8,34.5,0.8365
1121.0,10.4,992.0,844.0,1505.0,1255.0,20.4,35.3,0.8352
1131.0,9.7,965.0,843.0,1520.0,1223.0,19.1,38.3,0.8381
947.0,5.7,798.0,964.0,1395.0,930.0,18.0,40.5,0.8271
935.0,5.4,786.0,964.0,1389.0,954.0,17.4,43.4,0.8553
941.0,5.6,792.0,975.0,1397.0,889.0,14.8,50.6,0.8489
867.0,4.4,734.0,1043.0,1324.0,808.0,14.6,51.4,0.8489
839.0,2.8,638.0,1171.0,1271.0,643.0,15.7,46.9,0.8329
873.0,3.9,704.0,1091.0,1322.0,756.0,15.3,49.7,0.8552
1065.0,9.1,942.0,890.0,1576.0,1067.0,16.0,47.4,0.8564
1187.0,13.6,1104.0,727.0,1721.0,1391.0,17.6,43.3,0.8647
1249.0,15.8,1174.0,712.0,1774.0,1486.0,20.3,37.4,0.8807
1157.0,12.7,1072.0,802.0,1653.0,1327.0,23.1,30.3,0.8425
988.0,8.6,924.0,1015.0,1463.0,835.0,25.0,24.2,0.7568
1025.0,9.4,955.0,997.0,1457.0,834.0,25.6,23.5,0.7611
997.0,9.2,947.0,998.0,1460.0,815.0,25.5,22.6,0.7288
916.0,6.4,829.0,1124.0,1333.0,621.0,26.1,21.1,0.7023
965.0,8.3,910.0,1056.0,1389.0,643.0,28.2,19.4,0.7303
985.0,8.1,903.0,1059.0,1437.0,712.0,27.4,20.5,0.7379
1026.0,8.5,920.0,1037.0,1455.0,746.0,26.0,22.7,0.7532
1125.0,11.0,1016.0,910.0,1564.0,991.0,23.8,27.1,0.7858
1159.0,12.1,1054.0,878.0,1603.0,1046.0,23.0,28.7,0.7976
1284.0,15.0,1149.0,780.0,1725.0,1304.0,21.7,31.8,0.8191
1101.0,10.2,986.0,852.0,1574.0,1100.0,20.9,33.2,0.8098
1101.0,9.9,972.0,879.0,1552.0,1001.0,20.2,34.3,0.8017
1183.0,12.0,1049.0,762.0,1594.0,1290.0,19.6,37.0,0.8325
1132.0,10.5,996.0,822.0,1564.0,1205.0,18.1,40.9,0.8441
998.0,7.1,859.0,919.0,1450.0,1045.0,17.0,43.3,0.8341
911.0,4.6,743.0,1052.0,1370.0,739.0,16.7,43.4,0.8193
875.0,4.2,721.0,1083.0,1328.0,683.0,15.9,44.7,0.8009
808.0,2.6,630.0,1234.0,1256.0,573.0,15.2,45.5,0.783
792.0,2.2,599.0,1262.0,1235.0,564.0,13.5,50.1,0.7706
822.0,2.0,581.0,1326.0,1256.0,602.0,14.2,49.9,0.8025
918.0,4.2,721.0,1069.0,1353.0,785.0,13.8,51.4,0.8059
975.0,5.2,774.0,1001.0,1393.0,878.0,16.3,45.1,0.8286
1047.0,8.2,908.0,913.0,1458.0,981.0,19.2,35.4,0.7812
1053.0,9.8,970.0,930.0,1473.0,991.0,25.5,21.1,0.677
1017.0,7.9,897.0,1013.0,1400.0,780.0,28.2,19.0,0.7164
1021.0,7.7,889.0,1022.0,1405.0,684.0,29.5,19.8,0.8013
941.0,4.8,753.0,1173.0,1311.0,468.0,30.6,19.4,0.8348
991.0,5.3,776.0,1122.0,1375.0,468.0,29.9,22.0,0.9181
1117.0,7.1,862.0,995.0,1476.0,530.0,31.5,21.9,0.997
1217.0,9.2,947.0,887.0,1566.0,648.0,31.2,24.6,1.0987
1248.0,10.1,982.0,880.0,1617.0,746.0,30.4,26.5,1.1347
1242.0,9.9,973.0,856.0,1632.0,819.0,26.8,33.5,1.1602
1403.0,15.1,1151.0,747.0,1820.0,1125.0,25.5,37.4,1.1995
1238.0,10.6,999.0,833.0,1648.0,1013.0,23.7,39.4,1.1381
1093.0,7.0,858.0,975.0,1495.0,816.0,22.9,37.0,1.0197
1034.0,5.9,805.0,1030.0,1416.0,750.0,20.8,36.3,0.8775
934.0,5.6,795.0,1098.0,1328.0,673.0,20.3,28.5,0.6686
913.0,5.4,785.0,1110.0,1273.0,692.0,19.6,26.5,0.5974
835.0,3.7,691.0,1265.0,1182.0,517.0,19.1,25.9,0.5673
773.0,1.8,568.0,1474.0,1113.0,392.0,18.4,27.6,0.5799
771.0,1.4,533.0,1566.0,1110.0,360.0,17.4,30.2,0.5945
805.0,1.4,534.0,1454.0,1112.0,409.0,16.3,34.1,0.6257
930.0,3.5,684.0,1059.0,1220.0,779.0,15.8,36.5,0.6535
1009.0,7.0,859.0,944.0,1420.0,1016.0,16.0,38.1,0.6879
1196.0,14.4,1131.0,775.0,1675.0,1243.0,17.6,35.0,0.6965
1010.0,8.9,937.0,945.0,1444.0,949.0,18.5,31.2,0.6611
990.0,8.6,924.0,974.0,1404.0,861.0,19.8,28.5,0.652
988.0,8.5,918.0,1007.0,1393.0,850.0,22.3,24.1,0.6394
979.0,8.3,910.0,1028.0,1396.0,788.0,24.2,21.7,0.6451
1029.0,10.1,983.0,950.0,1470.0,879.0,25.1,20.8,0.6516
984.0,9.1,945.0,990.0,1423.0,747.0,25.8,19.5,0.6392
985.0,8.5,919.0,1028.0,1387.0,700.0,26.3,18.9,0.6344
981.0,7.7,886.0,1054.0,1363.0,695.0,25.8,18.6,0.608
1020.0,9.0,941.0,1016.0,1425.0,756.0,25.7,19.4,0.6304
1106.0,13.4,1097.0,902.0,1552.0,941.0,26.7,17.1,0.5909
1153.0,15.6,1168.0,842.0,1644.0,1021.0,24.3,19.8,0.5933
1215.0,17.8,1234.0,796.0,1735.0,1167.0,23.5,20.8,0.5937
1094.0,12.7,1072.0,888.0,1545.0,1105.0,22.0,24.0,0.6263
944.0,6.4,832.0,1072.0,1350.0,712.0,21.1,26.2,0.6481
964.0,7.1,861.0,1014.0,1398.0,735.0,20.9,28.8,0.7014
1003.0,7.4,872.0,988.0,1439.0,851.0,20.2,31.2,0.7304
914.0,5.2,774.0,1091.0,1323.0,706.0,20.0,31.5,0.7262
839.0,2.4,609.0,1276.0,1286.0,643.0,20.8,32.3,0.7813
830.0,2.0,582.0,1310.0,1264.0,608.0,20.0,34.5,0.7954
812.0,1.2,521.0,1413.0,1233.0,469.0,21.2,32.9,0.8178
832.0,1.5,547.0,1320.0,1254.0,469.0,18.3,40.0,0.8345
903.0,3.1,656.0,1155.0,1361.0,618.0,17.0,44.6,0.8593
1022.0,6.3,825.0,931.0,1487.0,931.0,17.1,45.3,0.8784
1378.0,19.3,1277.0,628.0,1970.0,1519.0,17.1,46.5,0.901
1745.0,38.9,1748.0,484.0,2605.0,2054.0,18.8,39.7,0.8547
1326.0,14.6,1137.0,719.0,1760.0,1550.0,20.3,38.1,0.8946
1215.0,12.3,1062.0,794.0,1650.0,1381.0,25.3,27.0,0.8565
1138.0,11.0,1015.0,854.0,1604.0,1115.0,27.4,22.8,0.8219
1244.0,15.4,1162.0,765.0,1735.0,1189.0,30.0,20.0,0.8338
1261.0,17.0,1210.0,736.0,1769.0,1200.0,30.9,19.1,0.8394
1182.0,12.5,1066.0,818.0,1663.0,965.0,30.6,20.2,0.8719
1208.0,13.8,1111.0,783.0,1653.0,1018.0,32.2,18.9,0.8964
1158.0,10.1,981.0,862.0,1573.0,775.0,31.7,19.5,0.8981
1346.0,19.3,1278.0,701.0,1873.0,1193.0,30.9,20.5,0.8996
1443.0,22.7,1371.0,664.0,1988.0,1425.0,27.5,24.7,0.8899
1440.0,25.5,1443.0,635.0,2068.0,1594.0,25.8,27.0,0.8821
1232.0,15.8,1173.0,751.0,1750.0,1284.0,23.7,30.0,0.8633
1159.0,12.3,1061.0,812.0,1648.0,1174.0,22.2,33.4,0.8806
1081.0,8.7,929.0,910.0,1518.0,937.0,21.1,36.5,0.9019
1083.0,8.3,911.0,883.0,1507.0,985.0,20.2,38.6,0.9016
1069.0,7.7,887.0,859.0,1542.0,1041.0,19.3,43.0,0.9535
940.0,4.2,724.0,1012.0,1407.0,867.0,19.2,43.6,0.9591
901.0,3.0,653.0,1094.0,1367.0,822.0,18.4,45.7,0.9599
848.0,1.8,571.0,1224.0,1297.0,624.0,18.7,44.3,0.9453
846.0,2.2,598.0,1211.0,1332.0,669.0,16.3,51.4,0.9468
848.0,2.2,598.0,1219.0,1318.0,628.0,17.0,49.2,0.9459
980.0,5.7,800.0,983.0,1462.0,810.0,16.4,52.1,0.9612
1408.0,20.9,1321.0,618.0,2044.0,1495.0,16.4,53.4,0.9863
1716.0,36.7,1701.0,490.0,2545.0,2018.0,18.6,46.8,0.99
1475.0,22.0,1351.0,625.0,2006.0,1696.0,21.0,41.1,1.0104
1262.0,13.4,1096.0,772.0,1711.0,1340.0,26.4,28.9,0.9785
1156.0,11.5,1034.0,813.0,1640.0,1123.0,27.7,26.3,0.9652
1192.0,13.4,1097.0,796.0,1688.0,971.0,30.1,22.1,0.9281
1233.0,15.2,1154.0,746.0,1740.0,1000.0,31.0,22.9,1.0144
1208.0,13.0,1083.0,792.0,1702.0,891.0,31.0,22.6,1.0012
1215.0,14.0,1116.0,784.0,1715.0,852.0,31.6,21.0,0.959
1251.0,15.5,1165.0,747.0,1774.0,975.0,30.4,24.7,1.0526
1358.0,19.3,1278.0,689.0,1899.0,1192.0,28.8,26.3,1.0271
1379.0,21.9,1349.0,645.0,1961.0,1373.0,26.4,30.1,1.0204
1379.0,21.1,1326.0,659.0,1961.0,1307.0,24.7,31.5,0.9672
1373.0,18.4,1252.0,670.0,1889.0,1325.0,22.9,36.5,1.0083
1197.0,9.3,950.0,823.0,1592.0,918.0,20.8,41.8,1.0155
1238.0,9.0,940.0,815.0,1622.0,877.0,19.7,47.1,1.0666
1255.0,9.6,963.0,781.0,1665.0,1024.0,18.9,52.2,1.1313
1164.0,8.2,908.0,821.0,1574.0,1019.0,18.5,50.1,1.0539
1046.0,5.8,803.0,900.0,1490.0,823.0,18.0,53.0,1.0832
956.0,3.1,661.0,1043.0,1398.0,701.0,18.4,51.7,1.0819
885.0,1.7,565.0,1217.0,1329.0,542.0,19.8,46.2,1.056
877.0,1.6,549.0,1265.0,1317.0,463.0,19.6,47.7,1.0736
925.0,2.3,609.0,1168.0,1363.0,533.0,17.3,54.1,1.0582
1086.0,6.6,837.0,885.0,1553.0,906.0,15.8,59.0,1.0495
1490.0,19.6,1286.0,593.0,2053.0,1447.0,16.6,55.9,1.0486
1763.0,32.9,1617.0,489.0,2503.0,1835.0,18.7,52.8,1.1279
1462.0,18.1,1242.0,637.0,1961.0,1552.0,20.7,46.4,1.1227
1232.0,12.4,1062.0,787.0,1707.0,1092.0,26.1,30.0,0.9972
1239.0,12.5,1067.0,779.0,1702.0,1071.0,28.6,25.8,0.9989
1218.0,12.0,1051.0,796.0,1689.0,881.0,30.3,23.3,0.9869
1235.0,13.3,1094.0,756.0,1729.0,907.0,31.3,22.3,1.0043
1196.0,12.3,1061.0,791.0,1649.0,899.0,31.1,22.3,0.9888
1288.0,16.0,1179.0,717.0,1799.0,1074.0,32.4,20.4,0.9732
1248.0,13.7,1108.0,772.0,1701.0,969.0,32.6,19.3,0.935
1401.0,21.7,1342.0,663.0,1959.0,1267.0,31.2,20.3,0.9064
1401.0,23.7,1396.0,645.0,2009.0,1402.0,27.7,24.8,0.9106
1444.0,22.1,1354.0,655.0,1956.0,1437.0,25.7,27.9,0.908
1379.0,20.6,1312.0,683.0,1870.0,1382.0,24.1,29.9,0.8879
1251.0,13.4,1097.0,771.0,1680.0,1280.0,22.2,34.4,0.9072
1269.0,12.8,1077.0,773.0,1706.0,1250.0,20.7,38.0,0.9149
1242.0,12.3,1060.0,745.0,1693.0,1359.0,20.2,42.8,0.9983
1045.0,6.8,850.0,889.0,1506.0,1102.0,20.5,42.0,1.0004
937.0,3.8,698.0,1039.0,1382.0,768.0,20.1,42.0,0.9763
875.0,2.5,622.0,1167.0,1331.0,656.0,20.0,41.5,0.9571
889.0,2.7,633.0,1123.0,1344.0,683.0,16.3,51.6,0.9461
888.0,2.8,640.0,1089.0,1330.0,670.0,16.5,50.2,0.932
881.0,2.6,624.0,1135.0,1319.0,656.0,16.4,50.2,0.931
998.0,7.0,856.0,894.0,1488.0,926.0,14.9,54.7,0.9203
1517.0,26.2,1460.0,551.0,2205.0,1677.0,16.4,51.3,0.9474
1522.0,28.2,1509.0,543.0,2275.0,1828.0,18.2,46.2,0.9575
1417.0,20.2,1303.0,635.0,1964.0,1752.0,20.7,40.0,0.9639
1329.0,17.1,1214.0,700.0,1845.0,1581.0,26.5,27.0,0.9217
1203.0,11.2,1023.0,825.0,1622.0,1132.0,28.5,23.8,0.915
1234.0,11.6,1037.0,788.0,1658.0,1037.0,29.7,23.7,0.9714
1286.0,13.2,1090.0,750.0,1719.0,1023.0,31.7,21.7,0.9966
1298.0,12.7,1075.0,749.0,1690.0,1022.0,31.7,21.5,0.9902
1308.0,13.0,1084.0,757.0,1724.0,989.0,32.8,19.5,0.9515
1276.0,13.5,1099.0,783.0,1680.0,925.0,32.5,18.6,0.8948
1234.0,10.2,985.0,815.0,1572.0,795.0,30.2,22.6,0.9524
1419.0,20.1,1300.0,670.0,1923.0,1263.0,27.6,25.7,0.9382
1325.0,19.1,1273.0,716.0,1815.0,1184.0,25.9,24.9,0.8195
1346.0,17.5,1224.0,715.0,1794.0,1272.0,23.9,29.4,0.8589
1241.0,13.8,1110.0,772.0,1698.0,1177.0,22.3,32.1,0.8515
1274.0,13.3,1094.0,771.0,1682.0,1231.0,20.5,35.9,0.8565
1321.0,14.8,1144.0,732.0,1745.0,1243.0,19.8,37.2,0.8509
1424.0,18.0,1240.0,662.0,1841.0,1427.0,19.1,41.9,0.9158
1357.0,16.0,1178.0,674.0,1782.0,1454.0,17.8,46.1,0.9344
1123.0,9.7,966.0,770.0,1594.0,1183.0,17.6,47.6,0.9465
1003.0,6.2,820.0,902.0,1455.0,908.0,17.9,46.3,0.9394
951.0,4.0,713.0,994.0,1385.0,821.0,16.9,49.8,0.9544
941.0,3.6,687.0,1024.0,1374.0,777.0,15.8,53.8,0.9615
986.0,4.6,745.0,959.0,1426.0,888.0,16.5,53.5,0.9928
1153.0,9.2,947.0,795.0,1643.0,1076.0,17.2,52.9,1.0276
1323.0,14.6,1137.0,696.0,1846.0,1285.0,19.3,48.3,1.0723
1315.0,11.7,1040.0,743.0,1740.0,1315.0,20.6,47.1,1.1287
1303.0,11.0,1015.0,777.0,1731.0,1250.0,23.7,40.0,1.153
1238.0,11.6,1037.0,813.0,1698.0,978.0,25.6,32.5,1.053
1259.0,12.9,1080.0,772.0,1736.0,1072.0,27.2,28.1,0.9989
1246.0,12.6,1070.0,770.0,1747.0,1064.0,27.9,28.1,1.0394
1154.0,8.3,912.0,872.0,1605.0,825.0,28.3,27.8,1.0539
1237.0,10.5,997.0,800.0,1688.0,924.0,29.2,27.0,1.081
1315.0,11.7,1041.0,773.0,1767.0,966.0,28.9,29.3,1.1503
1466.0,15.8,1174.0,680.0,1965.0,1302.0,25.4,39.8,1.2771
1409.0,13.9,1113.0,710.0,1850.0,1256.0,25.2,40.1,1.2642
1366.0,15.7,1171.0,693.0,1933.0,1068.0,24.5,39.4,1.1963
1241.0,10.9,1011.0,781.0,1748.0,1070.0,22.3,45.4,1.2088
1123.0,6.4,832.0,930.0,1565.0,792.0,21.2,48.3,1.2034
1321.0,12.7,1075.0,757.0,1891.0,1017.0,20.6,50.5,1.2082
1397.0,15.3,1159.0,681.0,1949.0,1207.0,20.2,52.9,1.234
1507.0,20.5,1311.0,608.0,2107.0,1499.0,19.8,54.5,1.2488
1405.0,15.9,1177.0,660.0,1931.0,1474.0,19.5,56.2,1.2624
1192.0,10.4,994.0,759.0,1780.0,1163.0,19.0,58.0,1.2581
1199.0,12.6,1070.0,671.0,1873.0,1189.0,18.1,61.6,1.2679
973.0,4.9,761.0,954.0,1501.0,815.0,18.0,57.6,1.1788
864.0,2.1,591.0,1247.0,1374.0,507.0,17.7,56.0,1.1215
886.0,2.2,598.0,1257.0,1374.0,506.0,17.9,52.4,1.0655
988.0,4.0,713.0,1092.0,1455.0,716.0,18.9,49.3,1.0668
1008.0,4.3,729.0,1034.0,1490.0,795.0,20.0,48.6,1.1199
976.0,3.8,698.0,1156.0,1393.0,594.0,20.6,41.2,0.9841
978.0,4.1,718.0,1137.0,1392.0,565.0,23.6,34.0,0.9749
987.0,4.5,740.0,1105.0,1407.0,523.0,26.7,28.1,0.9688
1030.0,5.3,778.0,1071.0,1452.0,591.0,26.8,28.1,0.9785
955.0,4.2,723.0,1129.0,1393.0,559.0,27.7,25.8,0.9467
924.0,3.3,673.0,1247.0,1346.0,430.0,28.8,22.7,0.8864
1005.0,4.9,758.0,1091.0,1434.0,522.0,26.8,27.3,0.9462
1059.0,6.1,816.0,1023.0,1468.0,641.0,25.9,28.7,0.9423
1079.0,6.9,851.0,991.0,1490.0,738.0,25.8,27.7,0.9076
1070.0,6.8,850.0,997.0,1502.0,778.0,24.8,29.5,0.9077
1085.0,5.8,805.0,972.0,1528.0,718.0,25.3,36.3,1.1513
1066.0,5.5,787.0,986.0,1552.0,689.0,23.9,40.4,1.1787
1094.0,6.1,815.0,934.0,1563.0,852.0,21.4,46.6,1.1764
1110.0,6.0,814.0,948.0,1571.0,854.0,20.5,49.3,1.173
968.0,4.2,719.0,1081.0,1388.0,664.0,19.2,42.3,0.9339
906.0,4.1,714.0,1163.0,1351.0,544.0,19.2,37.9,0.8352
849.0,2.4,615.0,1285.0,1276.0,461.0,17.2,43.1,0.8394
774.0,1.0,500.0,1536.0,1169.0,352.0,15.8,45.2,0.8052
746.0,0.6,450.0,1807.0,1111.0,308.0,15.7,42.3,0.7464
753.0,0.5,437.0,1904.0,1110.0,301.0,16.3,41.0,0.7513
749.0,0.7,466.0,1803.0,1089.0,307.0,16.1,36.5,0.664
864.0,2.8,642.0,1288.0,1255.0,441.0,16.5,36.2,0.6752
1002.0,7.8,893.0,1010.0,1394.0,775.0,17.5,30.9,0.6111
970.0,9.7,966.0,944.0,1379.0,907.0,18.4,24.0,0.5046
898.0,6.9,853.0,1066.0,1271.0,763.0,19.2,23.8,0.5235
847.0,5.8,800.0,1155.0,1179.0,649.0,21.7,18.1,0.4642
847.0,5.5,788.0,1203.0,1162.0,598.0,22.3,17.0,0.4513
871.0,6.8,848.0,1139.0,1208.0,579.0,22.8,16.1,0.4404
869.0,7.2,866.0,1107.0,1212.0,596.0,23.8,14.5,0.4222
875.0,6.9,854.0,1160.0,1200.0,595.0,25.1,13.1,0.4129
895.0,7.5,878.0,1122.0,1238.0,607.0,25.8,12.9,0.4219
926.0,7.7,885.0,1101.0,1259.0,662.0,25.5,14.0,0.4495
996.0,12.0,1048.0,959.0,1397.0,822.0,24.5,15.4,0.4663
997.0,13.5,1100.0,896.0,1392.0,987.0,22.6,17.2,0.4656
1006.0,12.0,1048.0,925.0,1416.0,966.0,21.2,18.9,0.471
895.0,6.7,845.0,1072.0,1241.0,763.0,19.1,22.8,0.501
862.0,4.8,751.0,1154.0,1213.0,617.0,18.4,24.6,0.5169
858.0,4.8,756.0,1159.0,1209.0,564.0,17.3,25.6,0.5032
853.0,5.0,762.0,1134.0,1184.0,646.0,16.5,24.9,0.4642
859.0,4.3,727.0,1120.0,1187.0,753.0,16.7,28.3,0.5316
837.0,2.7,634.0,1200.0,1150.0,669.0,15.5,32.2,0.5641
746.0,0.9,493.0,1522.0,1063.0,435.0,17.5,29.1,0.5773
752.0,1.2,515.0,1472.0,1068.0,436.0,13.3,35.6,0.5393
742.0,0.9,489.0,1559.0,1048.0,403.0,14.0,33.7,0.5355
774.0,1.7,560.0,1386.0,1107.0,532.0,11.6,40.0,0.5462
798.0,2.6,630.0,1291.0,1125.0,536.0,13.4,34.5,0.5272
1002.0,8.8,932.0,949.0,1405.0,917.0,15.2,31.0,0.5329
1210.0,22.2,1356.0,657.0,1786.0,1481.0,16.3,27.5,0.5066
1058.0,15.3,1158.0,820.0,1459.0,1187.0,19.2,20.0,0.439
1106.0,14.0,1118.0,885.0,1451.0,1220.0,24.9,13.0,0.4038
1153.0,18.5,1253.0,815.0,1541.0,1381.0,28.3,9.9,0.3754
1047.0,13.5,1101.0,913.0,1391.0,1103.0,29.2,9.8,0.3914
1091.0,15.8,1172.0,874.0,1459.0,1105.0,31.6,9.2,0.419
1162.0,18.5,1253.0,796.0,1595.0,1248.0,32.6,9.3,0.4499
1059.0,12.6,1070.0,925.0,1401.0,976.0,32.6,9.2,0.4463
1083.0,12.0,1051.0,939.0,1390.0,898.0,32.3,10.0,0.4747
1150.0,15.4,1161.0,867.0,1512.0,1038.0,32.1,10.7,0.4996
1321.0,24.9,1426.0,720.0,1859.0,1395.0,29.7,12.2,0.5007
1319.8,25.92,1449.333333,735.0666667,1832.866667,1409.2,29.08,13.76666667,0.523586667
1318.6,26.94,1472.666667,750.1333333,1806.733333,1423.4,28.46,15.33333333,0.546473333
1317.4,27.96,1496.0,765.2,1780.6,1437.6,27.84,16.9,0.56936
1316.2,28.98,1519.333333,780.2666667,1754.466667,1451.8,27.22,18.46666667,0.592246667
1315.0,30.0,1542.666667,795.3333333,1728.333333,1466.0,26.6,20.03333333,0.615133333
1313.8,31.02,1566.0,810.4,1702.2,1480.2,25.98,21.6,0.63802
1312.6,32.04,1589.333333,825.4666667,1676.066667,1494.4,25.36,23.16666667,0.660906667
1311.4,33.06,1612.666667,840.5333333,1649.933333,1508.6,24.74,24.73333333,0.683793333
1310.2,34.08,1636.0,855.6,1623.8,1522.8,24.12,26.3,0.70668
1309.0,35.1,1659.333333,870.6666667,1597.666667,1537.0,23.5,27.86666667,0.729566667
1307.8,36.12,1682.666667,885.7333333,1571.533333,1551.2,22.88,29.43333333,0.752453333
1306.6,37.14,1706.0,900.8,1545.4,1565.4,22.26,31.0,0.77534
1305.4,38.16,1729.333333,915.8666667,1519.266667,1579.6,21.64,32.56666667,0.798226667
1304.2,39.18,1752.666667,930.9333333,1493.133333,1593.8,21.02,34.13333333,0.821113333
1303.0,40.2,1776.0,946.0,1467.0,1608.0,20.4,35.7,0.844
1137.0,14.9,1146.0,1144.0,1392.0,1327.0,26.1,23.8,0.7938
1139.0,13.8,1109.0,1118.0,1436.0,1292.0,28.8,21.1,0.8193
1099.0,12.3,1059.0,1156.0,1416.0,1114.0,29.6,19.4,0.7897
1088.0,14.0,1116.0,1128.0,1449.0,1060.0,31.6,16.4,0.7489
1027.0,11.8,1041.0,1237.0,1345.0,915.0,32.3,13.3,0.6303
1014.0,12.0,1049.0,1200.0,1366.0,893.0,31.8,13.5,0.6249
969.0,9.7,968.0,1276.0,1325.0,768.0,31.8,13.8,0.6394
1120.0,18.0,1238.0,1023.0,1591.0,1126.0,31.0,15.9,0.7039
1131.0,22.6,1368.0,933.0,1707.0,1284.0,28.6,18.7,0.7216
1130.0,22.7,1368.0,933.0,1709.0,1269.0,26.7,19.5,0.6754
1123.0,20.3,1304.0,939.0,1720.0,1290.0,25.0,24.4,0.7616
1069.0,13.1,1086.0,1064.0,1536.0,1119.0,22.8,28.4,0.7804
1021.0,10.9,1010.0,1116.0,1480.0,1027.0,21.7,29.2,0.7458
1101.0,13.3,1093.0,1012.0,1564.0,1155.0,21.1,30.9,0.7617
1026.0,9.5,960.0,1072.0,1471.0,1078.0,19.9,36.3,0.8349
949.0,6.6,841.0,1155.0,1393.0,954.0,18.6,39.3,0.8355
846.0,3.6,687.0,1295.0,1288.0,726.0,18.6,38.8,0.8228
811.0,2.3,606.0,1417.0,1248.0,656.0,19.0,38.9,0.8468
803.0,2.0,586.0,1442.0,1232.0,573.0,18.0,40.9,0.8394
882.0,4.1,715.0,1246.0,1367.0,780.0,15.5,48.6,0.8505
963.0,6.5,836.0,1085.0,1429.0,920.0,16.0,47.9,0.8659
1413.0,24.8,1424.0,739.0,2102.0,1544.0,17.0,46.0,0.883
1485.0,34.4,1650.0,632.0,2337.0,1789.0,19.0,41.6,0.9039
1354.0,24.5,1418.0,749.0,2043.0,1629.0,21.8,35.0,0.9002
1074.0,9.0,939.0,1071.0,1513.0,997.0,25.6,28.0,0.9088
1022.0,8.4,914.0,1132.0,1446.0,847.0,26.4,23.1,0.7853
1100.0,11.5,1034.0,995.0,1586.0,958.0,27.1,24.2,0.856
1073.0,12.1,1052.0,1009.0,1574.0,854.0,27.5,20.9,0.7565
1049.0,10.1,983.0,1071.0,1515.0,782.0,29.5,19.7,0.8015
1086.0,11.9,1048.0,1016.0,1580.0,888.0,30.6,18.6,0.8014
1059.0,11.3,1027.0,1066.0,1521.0,764.0,31.3,15.8,0.7106
1244.0,20.2,1301.0,842.0,1801.0,1170.0,29.4,21.0,0.8452
1320.0,24.8,1423.0,767.0,1986.0,1385.0,27.0,23.5,0.8256
1236.0,20.3,1304.0,822.0,1868.0,1237.0,25.8,26.7,0.8758
1136.0,16.2,1187.0,904.0,1735.0,1127.0,23.7,28.4,0.8225
1110.0,13.3,1093.0,961.0,1661.0,1091.0,21.3,33.0,0.8284
1026.0,10.3,990.0,1032.0,1553.0,972.0,20.5,35.3,0.8435
1038.0,9.6,961.0,1026.0,1530.0,949.0,19.4,38.1,0.8511
975.0,7.8,892.0,1015.0,1480.0,890.0,19.4,40.7,0.9045
908.0,6.1,814.0,1089.0,1403.0,763.0,17.8,44.9,0.903
896.0,6.2,820.0,1074.0,1439.0,833.0,16.6,49.7,0.9295
810.0,3.8,697.0,1221.0,1321.0,675.0,16.5,48.6,0.9028
789.0,2.8,638.0,1305.0,1309.0,672.0,15.2,53.6,0.919
814.0,3.4,678.0,1276.0,1339.0,626.0,15.5,51.7,0.9019
958.0,8.2,907.0,992.0,1536.0,882.0,14.9,54.8,0.9247
1213.0,19.2,1274.0,762.0,1914.0,1264.0,16.3,51.3,0.9416
1221.0,22.6,1367.0,722.0,2008.0,1330.0,18.4,45.7,0.9559
1245.0,19.4,1281.0,774.0,1952.0,1324.0,20.8,43.6,1.0614
1050.0,9.6,963.0,998.0,1609.0,901.0,24.3,35.1,1.0477
1048.0,9.8,969.0,1012.0,1600.0,852.0,26.4,29.3,0.9889
1141.0,14.4,1128.0,902.0,1738.0,1009.0,28.3,25.0,0.9495
1052.0,12.1,1053.0,949.0,1641.0,831.0,28.9,23.7,0.9285
1152.0,13.5,1099.0,908.0,1706.0,954.0,28.5,25.8,0.9931
1026.0,12.3,1061.0,982.0,1564.0,814.0,29.6,18.9,0.7692
1039.0,12.2,1055.0,966.0,1590.0,845.0,28.0,23.2,0.8613
1148.0,12.5,1067.0,887.0,1790.0,956.0,23.6,41.0,1.1786
1176.0,13.9,1114.0,843.0,1805.0,1102.0,21.5,48.1,1.2148
1100.0,11.4,1028.0,900.0,1710.0,994.0,22.1,44.1,1.1573
1081.0,10.4,992.0,959.0,1680.0,935.0,20.2,47.2,1.1043
976.0,7.0,858.0,1070.0,1547.0,839.0,20.0,47.6,1.103
979.0,7.0,857.0,1082.0,1546.0,797.0,19.8,46.8,1.0697
1092.0,11.3,1024.0,937.0,1706.0,968.0,19.6,47.0,1.0606
1044.0,9.2,946.0,1009.0,1594.0,886.0,19.3,46.3,1.0279
940.0,6.8,849.0,1091.0,1509.0,764.0,18.5,48.7,1.0286
892.0,5.1,767.0,1180.0,1466.0,657.0,18.0,51.4,1.0504
838.0,3.4,675.0,1302.0,1390.0,540.0,17.9,50.8,1.0355
853.0,4.3,727.0,1179.0,1417.0,621.0,17.7,51.9,1.0379
738.0,1.5,545.0,1562.0,1266.0,450.0,17.7,49.7,0.997
762.0,2.0,581.0,1588.0,1277.0,434.0,17.9,46.1,0.9383
841.0,4.0,713.0,1293.0,1356.0,559.0,18.4,43.9,0.9192
843.0,4.0,712.0,1303.0,1343.0,548.0,18.9,42.1,0.9081
841.0,4.0,713.0,1326.0,1330.0,525.0,19.2,39.7,0.8728
862.0,4.2,721.0,1329.0,1335.0,522.0,20.8,36.6,0.8878
869.0,4.5,740.0,1296.0,1366.0,535.0,21.3,35.8,0.8975
894.0,6.0,810.0,1204.0,1421.0,585.0,21.8,34.9,0.9004
844.0,4.8,755.0,1284.0,1350.0,521.0,22.8,31.4,0.8615
823.0,3.8,699.0,1382.0,1311.0,493.0,22.9,31.3,0.862
843.0,4.2,719.0,1353.0,1330.0,501.0,22.9,30.7,0.8461
865.0,5.1,767.0,1279.0,1369.0,559.0,23.8,29.2,0.8499
873.0,5.6,792.0,1247.0,1397.0,589.0,23.2,30.2,0.8442
899.0,5.8,803.0,1221.0,1426.0,596.0,22.4,31.3,0.8365
921.0,7.0,856.0,1163.0,1437.0,681.0,21.7,32.2,0.825
937.0,7.9,893.0,1106.0,1463.0,783.0,20.8,33.2,0.8061
901.0,6.5,834.0,1177.0,1408.0,738.0,20.1,35.0,0.8149
955.0,8.5,918.0,1056.0,1511.0,762.0,19.5,36.9,0.8258
1065.0,13.7,1106.0,897.0,1707.0,929.0,19.0,38.2,0.8327
1035.0,13.8,1110.0,907.0,1652.0,1044.0,18.5,39.4,0.832
956.0,9.1,945.0,1030.0,1509.0,892.0,17.8,41.7,0.844
869.0,6.5,835.0,1078.0,1437.0,807.0,19.2,42.0,0.9248
831.0,6.2,822.0,1085.0,1418.0,710.0,17.8,44.8,0.9048
815.0,5.2,774.0,1113.0,1374.0,712.0,17.0,47.7,0.9185
781.0,3.1,661.0,1271.0,1299.0,568.0,17.2,47.2,0.9178
781.0,2.9,645.0,1295.0,1320.0,575.0,17.3,47.6,0.9295
828.0,3.6,690.0,1263.0,1353.0,658.0,18.6,44.2,0.9385
803.0,2.7,635.0,1417.0,1272.0,537.0,20.2,37.8,0.8837
811.0,3.0,653.0,1411.0,1269.0,486.0,22.0,31.9,0.8335
844.0,3.7,696.0,1353.0,1292.0,507.0,25.5,25.9,0.8339
833.0,3.8,697.0,1361.0,1294.0,496.0,27.5,22.8,0.8249
832.0,4.2,719.0,1318.0,1299.0,502.0,28.7,20.7,0.8024
771.0,2.6,626.0,1502.0,1210.0,430.0,29.1,19.6,0.7771
783.0,2.8,637.0,1498.0,1215.0,439.0,29.8,18.4,0.7595
815.0,4.2,723.0,1378.0,1256.0,471.0,32.0,15.0,0.7028
912.0,6.2,819.0,1224.0,1368.0,589.0,30.3,17.0,0.7232
894.0,5.2,774.0,1239.0,1339.0,598.0,31.7,16.2,0.745
963.0,7.7,885.0,1102.0,1447.0,695.0,29.2,19.6,0.7817
990.0,8.8,930.0,1045.0,1506.0,739.0,27.4,23.8,0.858
1025.0,10.1,980.0,986.0,1591.0,891.0,25.0,26.9,0.8408
997.0,9.8,971.0,993.0,1573.0,930.0,23.6,30.1,0.8663
976.0,8.4,916.0,1044.0,1515.0,880.0,22.3,33.6,0.8913
878.0,5.4,784.0,1181.0,1407.0,610.0,21.4,36.9,0.9271
836.0,4.3,728.0,1213.0,1353.0,518.0,20.6,39.9,0.9597
855.0,4.8,751.0,1107.0,1418.0,664.0,19.7,43.2,0.9812
759.0,2.1,588.0,1323.0,1286.0,515.0,19.7,42.4,0.9636
738.0,1.4,539.0,1421.0,1257.0,477.0,18.9,45.0,0.9703
736.0,1.3,528.0,1451.0,1254.0,477.0,18.7,45.4,0.9694
765.0,2.3,609.0,1304.0,1319.0,581.0,16.4,52.4,0.9709
909.0,6.5,834.0,1031.0,1527.0,763.0,16.6,52.1,0.9785
1108.0,14.2,1123.0,804.0,1801.0,1111.0,17.4,50.9,1.0017
1252.0,22.7,1369.0,681.0,2120.0,1390.0,19.3,46.0,1.0185
1175.0,16.3,1188.0,790.0,1901.0,1251.0,20.9,43.6,1.0683
1111.0,14.1,1120.0,839.0,1790.0,1141.0,25.6,33.3,1.0773
1044.0,12.6,1069.0,889.0,1683.0,942.0,28.9,26.0,1.0188
1018.0,13.1,1088.0,909.0,1677.0,795.0,30.3,22.8,0.9695
1060.0,14.2,1122.0,863.0,1721.0,836.0,30.9,24.4,1.0724
1071.0,13.8,1110.0,864.0,1733.0,847.0,30.5,26.2,1.1278
1006.0,12.1,1054.0,921.0,1636.0,769.0,30.7,23.4,1.015
1104.0,15.7,1171.0,827.0,1803.0,968.0,28.1,29.8,1.1132
1196.0,21.4,1336.0,739.0,1971.0,1157.0,26.9,32.2,1.1267
1243.0,25.0,1429.0,687.0,2093.0,1367.0,26.0,34.6,1.1485
1124.0,16.6,1199.0,794.0,1858.0,1101.0,24.5,37.7,1.1454
1020.0,10.7,1003.0,904.0,1716.0,916.0,21.7,46.9,1.2044
1035.0,7.5,878.0,977.0,1694.0,825.0,19.3,68.8,1.519
986.0,5.3,781.0,1063.0,1633.0,693.0,17.6,81.6,1.6296
1017.0,6.5,834.0,986.0,1676.0,734.0,17.8,80.3,1.6212
922.0,4.7,750.0,1085.0,1585.0,685.0,18.6,75.7,1.6074
830.0,2.9,644.0,1235.0,1487.0,524.0,19.6,68.4,1.5443
805.0,2.0,583.0,1339.0,1494.0,527.0,18.0,76.4,1.5608
760.0,1.1,505.0,1527.0,1413.0,452.0,17.3,77.2,1.5104
783.0,1.3,529.0,1437.0,1435.0,466.0,16.5,82.3,1.5318
854.0,2.4,613.0,1272.0,1515.0,565.0,16.8,81.3,1.5452
985.0,6.1,816.0,987.0,1677.0,799.0,17.3,78.6,1.5412
1225.0,12.5,1067.0,760.0,1922.0,1102.0,16.9,80.9,1.5472
1313.0,19.5,1283.0,671.0,2180.0,1299.0,17.1,79.8,1.542
1199.0,15.2,1156.0,758.0,1958.0,1272.0,18.5,70.3,1.4826
1182.0,12.0,1051.0,829.0,1870.0,1206.0,19.6,66.7,1.5023
1173.0,12.4,1063.0,814.0,1905.0,1218.0,20.4,63.1,1.4969
1259.0,15.9,1178.0,722.0,2060.0,1367.0,21.6,61.8,1.5775
1263.0,15.7,1171.0,759.0,2029.0,1290.0,24.0,49.3,1.4509
1156.0,13.5,1100.0,800.0,1884.0,1175.0,25.7,43.8,1.4262
1167.0,12.4,1065.0,808.0,1886.0,1139.0,24.6,47.5,1.4487
1278.0,17.1,1213.0,733.0,2041.0,1293.0,24.8,47.4,1.4628
1342.0,22.0,1351.0,657.0,2201.0,1419.0,23.7,50.5,1.4636
1353.0,19.9,1292.0,683.0,2178.0,1326.0,23.0,53.8,1.4968
1501.0,27.9,1501.0,588.0,2486.0,1517.0,21.5,65.8,1.6688
1355.0,19.7,1289.0,678.0,2158.0,1391.0,21.0,66.9,1.6436
1230.0,15.7,1169.0,737.0,2020.0,1275.0,20.6,68.1,1.6329
1148.0,12.0,1048.0,822.0,1883.0,1168.0,20.5,66.9,1.5914
1171.0,13.1,1088.0,822.0,1889.0,1132.0,20.2,65.2,1.5251
1021.0,9.2,949.0,927.0,1764.0,977.0,19.5,68.0,1.5269
964.0,7.5,877.0,958.0,1692.0,942.0,19.9,66.4,1.5203
887.0,4.9,758.0,1094.0,1622.0,804.0,19.1,69.0,1.5043
885.0,5.2,773.0,1051.0,1641.0,805.0,18.5,70.7,1.4962
830.0,3.2,662.0,1217.0,1556.0,704.0,18.9,67.8,1.4689
792.0,2.4,611.0,1280.0,1529.0,657.0,20.0,63.7,1.4742
813.0,2.8,639.0,1267.0,1538.0,655.0,19.8,64.7,1.4769
890.0,3.9,703.0,1145.0,1601.0,751.0,19.7,65.3,1.4843
984.0,6.9,854.0,964.0,1751.0,885.0,20.8,62.0,1.5002
1043.0,8.5,920.0,925.0,1777.0,955.0,22.2,56.6,1.4973
1054.0,8.9,936.0,915.0,1791.0,962.0,24.3,49.0,1.4724
1063.0,8.8,930.0,925.0,1749.0,957.0,25.0,46.5,1.4492
978.0,7.4,873.0,1003.0,1669.0,788.0,28.9,34.8,1.3603
887.0,4.7,748.0,1141.0,1560.0,596.0,29.6,33.4,1.3581
887.0,4.8,754.0,1164.0,1523.0,560.0,30.9,30.7,1.3493
977.0,6.8,850.0,1035.0,1645.0,701.0,31.8,31.0,1.4286
1043.0,8.9,934.0,929.0,1707.0,811.0,31.4,31.2,1.4127
1010.0,8.1,902.0,966.0,1676.0,724.0,28.9,35.7,1.3985
1094.0,10.5,996.0,876.0,1807.0,864.0,27.2,42.5,1.5135
1223.0,14.8,1142.0,778.0,1965.0,1084.0,26.2,46.4,1.5573
1109.0,11.8,1042.0,834.0,1888.0,998.0,24.5,51.0,1.5454
1026.0,8.7,927.0,915.0,1781.0,878.0,22.8,56.1,1.5353
1036.0,8.7,928.0,914.0,1787.0,909.0,21.9,60.9,1.5799
963.0,6.9,853.0,995.0,1732.0,789.0,21.7,61.0,1.5617
996.0,7.3,868.0,957.0,1741.0,857.0,20.8,64.8,1.568
999.0,6.9,853.0,951.0,1756.0,885.0,20.3,70.9,1.6699
893.0,4.6,741.0,1056.0,1664.0,743.0,18.9,79.0,1.704
730.0,1.3,530.0,1517.0,1362.0,445.0,18.1,64.6,1.3276
753.0,1.7,562.0,1420.0,1414.0,454.0,18.6,64.5,1.3655
825.0,3.2,663.0,1203.0,1504.0,610.0,17.6,67.4,1.346
1012.0,10.1,982.0,882.0,1796.0,1024.0,17.6,67.6,1.3479
1221.0,19.9,1293.0,688.0,2144.0,1316.0,19.0,61.7,1.3393
1215.0,20.2,1303.0,694.0,2180.0,1358.0,20.0,57.4,1.3268
1234.0,20.8,1318.0,714.0,2108.0,2202.0,22.6,45.9,1.2418
1138.0,15.1,1152.0,798.0,1877.0,1947.0,27.3,34.3,1.2284
987.0,10.9,1009.0,914.0,1697.0,1227.0,27.4,31.0,1.1184
980.0,11.1,1019.0,921.0,1720.0,950.0,26.2,33.6,1.1244
966.0,12.1,1054.0,885.0,1742.0,917.0,26.8,32.4,1.1263
905.0,8.6,923.0,1025.0,1582.0,707.0,28.7,27.7,1.071
903.0,9.7,968.0,992.0,1565.0,740.0,28.7,25.0,0.9684
914.0,11.0,1014.0,988.0,1597.0,775.0,29.1,22.3,0.8811
1050.0,16.6,1199.0,849.0,1781.0,1035.0,29.0,24.5,0.9655
1043.0,14.7,1139.0,876.0,1756.0,1001.0,27.2,28.3,1.0016
1125.0,19.5,1283.0,792.0,1899.0,1101.0,25.3,30.0,0.952
1058.0,14.5,1134.0,855.0,1797.0,1034.0,24.1,34.8,1.0333
951.0,7.8,892.0,1015.0,1611.0,786.0,23.0,43.1,1.1993
944.0,7.8,891.0,1016.0,1593.0,844.0,22.1,43.9,1.1521
959.0,7.8,892.0,996.0,1616.0,866.0,21.0,48.1,1.178
974.0,8.5,919.0,976.0,1638.0,909.0,20.6,49.2,1.1754
880.0,5.7,799.0,1097.0,1533.0,724.0,21.2,47.6,1.1799
853.0,4.5,740.0,1146.0,1526.0,715.0,21.0,50.1,1.2338
912.0,5.6,795.0,1042.0,1564.0,827.0,20.1,53.1,1.2342
863.0,4.6,745.0,1098.0,1496.0,786.0,19.0,54.0,1.1745
729.0,1.2,520.0,1570.0,1318.0,445.0,19.2,51.1,1.124
830.0,3.4,674.0,1246.0,1459.0,607.0,19.2,53.1,1.1662
1198.0,17.0,1209.0,779.0,2058.0,1213.0,20.6,49.0,1.1748
971.0,10.0,977.0,921.0,1667.0,910.0,21.8,41.9,1.077
885.0,6.0,812.0,1100.0,1495.0,675.0,22.8,37.6,1.0315
862.0,5.7,798.0,1148.0,1456.0,582.0,24.8,31.3,0.9646
892.0,6.9,853.0,1080.0,1509.0,666.0,26.0,29.4,0.976
933.0,9.5,960.0,994.0,1577.0,726.0,27.0,27.8,0.9731
975.0,11.1,1017.0,930.0,1668.0,801.0,27.0,29.3,1.0277
927.0,8.1,905.0,1016.0,1554.0,711.0,27.0,29.6,1.0419
993.0,10.2,985.0,950.0,1680.0,790.0,25.8,32.6,1.072
1053.0,13.3,1093.0,873.0,1749.0,924.0,26.2,32.6,1.0892
1116.0,16.6,1198.0,811.0,1863.0,1045.0,28.3,27.5,1.0418
1097.0,16.9,1206.0,813.0,1867.0,1088.0,26.5,29.7,1.0123
1116.0,17.5,1226.0,792.0,1938.0,1038.0,25.7,31.8,1.0317
1057.0,13.1,1087.0,871.0,1769.0,981.0,24.4,35.2,1.0632
973.0,9.2,949.0,987.0,1615.0,820.0,23.5,36.9,1.0518
1016.0,10.0,977.0,951.0,1652.0,948.0,22.4,41.0,1.1006
1120.0,13.1,1088.0,849.0,1785.0,1067.0,21.7,44.7,1.1451
1076.0,12.9,1080.0,846.0,1787.0,1070.0,21.1,48.1,1.1864
937.0,7.8,890.0,970.0,1625.0,877.0,20.7,50.0,1.203
980.0,9.2,948.0,888.0,1702.0,1028.0,19.8,53.1,1.2093
937.0,6.9,853.0,962.0,1604.0,969.0,19.8,53.6,1.2214
852.0,4.5,739.0,1095.0,1525.0,837.0,19.6,54.8,1.236
858.0,4.9,757.0,1066.0,1542.0,904.0,19.3,57.3,1.265
963.0,7.9,894.0,942.0,1702.0,1065.0,19.7,58.4,1.3254
966.0,7.4,874.0,969.0,1682.0,999.0,19.8,59.4,1.3554
983.0,8.0,901.0,954.0,1691.0,986.0,20.9,54.8,1.3387
990.0,7.6,881.0,985.0,1685.0,874.0,22.4,47.9,1.2817
891.0,5.3,780.0,1110.0,1543.0,689.0,24.1,41.3,1.2202
883.0,5.3,778.0,1130.0,1545.0,608.0,25.9,36.9,1.2133
914.0,8.0,900.0,1010.0,1596.0,706.0,30.7,26.0,1.1287
896.0,8.4,917.0,1017.0,1577.0,704.0,30.3,25.2,1.0652
841.0,6.0,811.0,1135.0,1463.0,609.0,30.1,25.4,1.0641
926.0,7.3,868.0,1048.0,1599.0,687.0,27.6,35.1,1.2764
1133.0,10.2,984.0,838.0,1897.0,976.0,26.6,47.6,1.6315
1042.0,9.0,939.0,917.0,1744.0,860.0,30.4,31.3,1.3331
1124.0,14.0,1118.0,793.0,1915.0,1021.0,27.8,35.0,1.282
1157.0,16.1,1183.0,738.0,1970.0,1079.0,26.6,37.9,1.2994
989.0,8.2,906.0,954.0,1681.0,826.0,23.4,44.4,1.2646
841.0,3.8,699.0,1123.0,1508.0,558.0,23.0,51.1,1.4175
916.0,5.6,791.0,1007.0,1588.0,679.0,22.1,53.5,1.4087
1008.0,8.0,900.0,907.0,1681.0,850.0,21.6,53.6,1.3674
895.0,5.6,792.0,975.0,1574.0,733.0,21.9,52.7,1.365
810.0,3.8,702.0,1093.0,1529.0,612.0,21.3,54.9,1.3707
968.0,6.6,840.0,891.0,1727.0,788.0,17.5,79.1,1.5709
922.0,7.0,859.0,871.0,1739.0,728.0,17.6,78.6,1.5722
892.0,5.2,773.0,926.0,1660.0,724.0,17.1,81.8,1.5816
806.0,2.4,615.0,1172.0,1525.0,543.0,16.6,80.2,1.5002
827.0,3.1,659.0,1115.0,1552.0,616.0,16.8,77.4,1.4739
881.0,5.2,776.0,1037.0,1623.0,677.0,18.3,66.5,1.381
877.0,5.9,808.0,1011.0,1614.0,723.0,20.4,55.8,1.3196
784.0,2.8,638.0,1314.0,1412.0,529.0,21.6,45.3,1.1533
806.0,3.4,675.0,1270.0,1414.0,528.0,23.1,39.4,1.0983
775.0,3.0,653.0,1349.0,1365.0,491.0,25.4,31.6,1.0058
773.0,3.4,676.0,1331.0,1374.0,489.0,26.6,29.0,0.9928
734.0,2.3,603.0,1471.0,1303.0,450.0,25.9,28.8,0.9475
757.0,2.7,635.0,1445.0,1345.0,451.0,27.0,28.0,0.981
817.0,3.6,688.0,1299.0,1435.0,512.0,23.6,38.1,1.0917
815.0,4.2,720.0,1225.0,1418.0,525.0,25.9,32.0,1.0529
844.0,4.9,757.0,1186.0,1445.0,556.0,26.3,31.5,1.0643
880.0,5.9,807.0,1123.0,1510.0,599.0,23.9,36.8,1.0774
906.0,6.6,838.0,1084.0,1547.0,694.0,23.7,36.8,1.0609
904.0,7.6,882.0,1048.0,1549.0,744.0,22.5,37.8,1.0157
877.0,7.0,858.0,1080.0,1535.0,724.0,21.8,39.2,1.0115
918.0,7.5,879.0,1030.0,1569.0,804.0,20.9,42.6,1.04
930.0,8.4,914.0,991.0,1631.0,862.0,20.0,45.6,1.0555
870.0,7.0,858.0,1061.0,1557.0,811.0,19.3,47.9,1.059
793.0,3.9,703.0,1222.0,1439.0,627.0,18.7,49.0,1.0462
760.0,2.6,626.0,1263.0,1386.0,575.0,17.8,54.1,1.0938
733.0,2.0,588.0,1281.0,1394.0,589.0,18.6,52.7,1.1206
726.0,2.1,591.0,1263.0,1386.0,579.0,17.2,57.9,1.127
732.0,2.4,613.0,1273.0,1413.0,605.0,18.2,54.1,1.1155
933.0,9.6,962.0,867.0,1705.0,974.0,17.3,57.6,1.1289
1061.0,15.4,1162.0,777.0,1898.0,1132.0,19.9,49.4,1.1354
1201.0,25.0,1428.0,664.0,2249.0,1378.0,21.7,44.2,1.1321
1065.0,15.1,1151.0,801.0,1894.0,1160.0,23.5,40.0,1.1386
1075.0,17.4,1222.0,774.0,1943.0,1213.0,28.4,29.7,1.1345
998.0,14.1,1119.0,832.0,1780.0,1057.0,31.6,24.1,1.0994
922.0,11.8,1042.0,887.0,1744.0,832.0,31.3,24.1,1.0816
1023.0,14.9,1147.0,829.0,1842.0,983.0,34.4,20.4,1.0857
1039.0,16.0,1180.0,833.0,1815.0,1047.0,33.7,21.3,1.0988
1054.0,16.5,1195.0,815.0,1848.0,1078.0,35.9,18.9,1.0999
1022.0,15.2,1155.0,871.0,1840.0,979.0,34.3,19.4,1.0279
1082.0,18.9,1266.0,788.0,1910.0,1139.0,33.5,19.9,1.0112
1056.0,19.0,1268.0,786.0,1896.0,1111.0,30.5,24.2,1.0386
1243.0,28.9,1524.0,647.0,2281.0,1470.0,30.3,26.2,1.1161
1029.0,13.4,1097.0,825.0,1827.0,980.0,27.0,36.7,1.2898
1004.0,10.9,1011.0,867.0,1754.0,893.0,24.6,41.9,1.2752
979.0,8.9,937.0,919.0,1683.0,858.0,23.3,44.5,1.2566
972.0,8.5,919.0,934.0,1668.0,904.0,22.4,46.9,1.2544
942.0,6.7,846.0,980.0,1615.0,905.0,21.7,50.8,1.3019
825.0,4.2,720.0,1129.0,1511.0,678.0,21.0,51.9,1.2794
780.0,2.5,621.0,1277.0,1452.0,586.0,20.5,54.3,1.2926
746.0,1.7,565.0,1369.0,1423.0,608.0,20.9,52.5,1.2852
734.0,1.4,538.0,1449.0,1400.0,514.0,21.0,53.1,1.3031
785.0,2.8,640.0,1265.0,1467.0,588.0,19.6,57.1,1.2851
946.0,8.8,931.0,917.0,1745.0,884.0,18.2,62.3,1.2903
1201.0,19.4,1279.0,683.0,2144.0,1338.0,19.5,57.7,1.2966
1377.0,36.1,1688.0,525.0,2746.0,1708.0,21.6,51.7,1.313
1346.0,27.1,1481.0,602.0,2367.0,1681.0,23.9,44.4,1.3029
1230.0,19.0,1268.0,698.0,2049.0,1509.0,28.1,35.2,1.312
1160.0,16.9,1208.0,728.0,1925.0,1330.0,31.4,28.6,1.298
1146.0,15.7,1171.0,761.0,1902.0,1138.0,33.7,25.5,1.3095
1078.0,14.1,1121.0,818.0,1806.0,963.0,35.9,20.8,1.2103
1111.0,16.5,1194.0,794.0,1875.0,1015.0,37.5,18.1,1.1529
1083.0,14.8,1141.0,825.0,1793.0,1008.0,37.7,17.7,1.1383
1056.0,13.0,1083.0,865.0,1723.0,898.0,37.8,17.4,1.1219
1220.0,21.4,1334.0,695.0,2066.0,1215.0,36.6,20.6,1.2445
1268.0,23.6,1393.0,650.0,2144.0,1334.0,32.5,26.0,1.2502
1256.0,25.0,1430.0,660.0,2151.0,1380.0,30.8,27.2,1.1832
1213.0,21.6,1341.0,683.0,2090.0,1601.0,28.8,30.2,1.1761
1145.0,15.7,1170.0,751.0,1894.0,1376.0,26.7,35.4,1.2233
1050.0,10.9,1011.0,836.0,1739.0,1161.0,25.3,40.7,1.291
972.0,8.1,902.0,933.0,1647.0,878.0,24.9,41.2,1.2809
1020.0,10.2,984.0,853.0,1753.0,1031.0,23.7,45.1,1.3033
934.0,7.5,878.0,940.0,1644.0,847.0,22.5,49.0,1.3151
914.0,5.8,801.0,965.0,1609.0,908.0,22.3,50.6,1.3486
824.0,3.8,698.0,1107.0,1517.0,733.0,22.0,50.5,1.3199
817.0,3.3,672.0,1113.0,1501.0,751.0,20.8,54.4,1.3229
833.0,4.0,708.0,1084.0,1525.0,799.0,20.3,56.0,1.3204
935.0,8.1,905.0,899.0,1675.0,954.0,20.5,54.8,1.3073
1297.0,22.3,1359.0,630.0,2214.0,1425.0,21.7,50.6,1.2981
1496.0,36.9,1705.0,507.0,2691.0,2147.0,23.4,46.1,1.3091
1201.0,17.5,1224.0,701.0,1987.0,1532.0,25.1,43.0,1.3488
1267.0,19.3,1276.0,676.0,2059.0,1570.0,30.1,32.8,1.3795
1224.0,17.6,1228.0,711.0,1972.0,1380.0,34.7,25.9,1.4069
1247.0,18.6,1257.0,701.0,2000.0,1337.0,37.2,23.2,1.4478
1183.0,18.0,1241.0,721.0,1937.0,1308.0,39.5,18.3,1.2917
1078.0,14.0,1116.0,815.0,1761.0,1013.0,40.6,15.3,1.1485
1076.0,10.9,1012.0,894.0,1665.0,816.0,40.3,16.1,1.1896
1052.0,11.1,1019.0,896.0,1610.0,836.0,40.3,14.2,1.0494
1287.0,21.6,1340.0,699.0,2008.0,1267.0,39.6,16.7,1.1867
1460.0,27.6,1493.0,586.0,2288.0,1649.0,37.3,23.4,1.4672
1357.0,25.6,1445.0,620.0,2195.0,1622.0,33.7,27.7,1.4213
1234.0,18.6,1257.0,695.0,2019.0,1349.0,30.7,32.2,1.3983
1151.0,15.2,1154.0,747.0,1894.0,1186.0,28.4,35.7,1.3549
1065.0,11.7,1038.0,805.0,1763.0,1026.0,26.5,38.6,1.3154
984.0,8.7,929.0,917.0,1654.0,817.0,25.4,40.1,1.2822
938.0,7.6,881.0,956.0,1607.0,662.0,24.1,43.3,1.2839
878.0,5.2,774.0,1065.0,1527.0,552.0,23.9,45.6,1.3328
919.0,5.9,807.0,967.0,1598.0,775.0,22.0,52.8,1.3752
836.0,4.0,709.0,1085.0,1498.0,646.0,20.7,56.1,1.3565
814.0,3.3,673.0,1138.0,1488.0,647.0,20.1,57.3,1.3352
872.0,5.4,782.0,1001.0,1607.0,874.0,19.5,59.4,1.3328
949.0,8.7,929.0,887.0,1711.0,973.0,20.0,56.6,1.3095
1227.0,19.9,1292.0,661.0,2087.0,1327.0,21.7,53.9,1.3848
1360.0,30.4,1561.0,545.0,2525.0,1626.0,23.7,49.0,1.4152
1318.0,24.6,1420.0,586.0,2316.0,1640.0,25.9,44.3,1.4544
1196.0,16.9,1208.0,705.0,1981.0,1341.0,30.1,34.3,1.4414
1152.0,13.6,1102.0,770.0,1868.0,1113.0,33.5,27.2,1.3859
1220.0,15.3,1157.0,715.0,1935.0,1224.0,35.4,26.1,1.4806
1182.0,14.1,1120.0,735.0,1893.0,1095.0,37.9,23.2,1.502
1167.0,17.0,1210.0,719.0,1944.0,1152.0,39.7,18.7,1.3306
1142.0,13.8,1109.0,782.0,1789.0,1047.0,40.4,17.2,1.2774
1157.0,13.6,1105.0,779.0,1792.0,982.0,40.0,18.8,1.363
1274.0,21.2,1329.0,670.0,2054.0,1320.0,38.9,18.8,1.29
1372.0,25.9,1451.0,631.0,2183.0,1541.0,35.8,22.1,1.2792
1373.0,25.4,1440.0,635.0,2183.0,1510.0,33.1,25.9,1.2923
1290.0,23.6,1393.0,655.0,2146.0,1511.0,30.9,28.2,1.2388
1056.0,12.0,1051.0,826.0,1758.0,1078.0,27.5,32.6,1.176
1116.0,14.2,1123.0,768.0,1826.0,1235.0,26.3,34.3,1.1605
1106.0,14.2,1122.0,783.0,1813.0,1202.0,25.5,34.1,1.0968
1018.0,10.4,992.0,839.0,1710.0,1103.0,24.7,39.3,1.2065
919.0,7.5,880.0,915.0,1628.0,1013.0,24.2,39.5,1.1764
807.0,3.5,681.0,1092.0,1435.0,765.0,24.8,37.8,1.1639
787.0,2.5,620.0,1176.0,1403.0,618.0,22.7,43.8,1.1952
789.0,2.6,623.0,1146.0,1407.0,663.0,22.0,44.3,1.1553
825.0,4.0,709.0,1050.0,1491.0,813.0,19.3,51.4,1.1364
912.0,7.0,858.0,923.0,1608.0,894.0,19.8,50.4,1.1525
1339.0,24.8,1425.0,595.0,2264.0,1495.0,20.5,48.2,1.1474
1355.0,28.9,1526.0,567.0,2397.0,1658.0,22.8,42.7,1.1667
1250.0,21.5,1336.0,632.0,2104.0,1506.0,25.6,35.8,1.1548
1105.0,12.9,1079.0,788.0,1774.0,1168.0,30.0,27.5,1.1509
1076.0,12.2,1055.0,817.0,1734.0,993.0,34.4,21.0,1.1248
1096.0,13.1,1087.0,801.0,1759.0,910.0,35.9,19.6,1.1422
1093.0,13.3,1094.0,797.0,1769.0,912.0,37.2,18.2,1.1389
1027.0,12.5,1066.0,837.0,1689.0,814.0,37.3,16.6,1.0435
1026.0,13.0,1085.0,848.0,1654.0,1341.0,37.4,14.9,0.9413
1015.0,12.3,1062.0,877.0,1668.0,847.0,36.4,15.1,0.9005
1028.0,15.2,1155.0,832.0,1691.0,925.0,35.4,14.7,0.8323
1074.0,19.1,1270.0,776.0,1833.0,1087.0,34.2,14.2,0.7502
1124.0,19.7,1289.0,765.0,1863.0,1132.0,31.1,18.7,0.8302
1111.0,18.6,1256.0,765.0,1851.0,1197.0,29.1,22.0,0.8702
1062.0,16.1,1183.0,794.0,1731.0,1229.0,27.2,22.5,0.7962
1072.0,15.0,1148.0,805.0,1683.0,1171.0,25.3,24.6,0.7796
936.0,7.3,871.0,990.0,1430.0,921.0,24.9,27.2,0.8429
988.0,8.9,937.0,894.0,1543.0,1008.0,23.5,32.2,0.922
924.0,6.6,839.0,957.0,1453.0,849.0,23.5,32.7,0.9349
839.0,4.3,725.0,1052.0,1368.0,668.0,24.1,32.0,0.9467
826.0,3.2,666.0,1109.0,1349.0,641.0,22.6,34.8,0.9441
853.0,4.1,716.0,1047.0,1414.0,707.0,20.8,40.2,0.9725
918.0,6.0,810.0,936.0,1524.0,939.0,18.8,46.6,1.0027
890.0,5.6,791.0,950.0,1489.0,886.0,19.8,46.0,1.0524
865.0,4.8,752.0,996.0,1451.0,837.0,21.3,42.3,1.0625
1003.0,8.9,937.0,850.0,1622.0,1005.0,21.3,41.8,1.0449
1123.0,13.1,1088.0,746.0,1789.0,1191.0,24.0,36.6,1.0772
1146.0,14.1,1119.0,746.0,1823.0,1200.0,27.2,30.7,1.0884
1110.0,11.2,1021.0,820.0,1724.0,971.0,32.3,23.6,1.1271
1126.0,10.0,979.0,849.0,1700.0,907.0,31.9,25.8,1.2023
1067.0,9.6,962.0,860.0,1658.0,802.0,35.1,21.8,1.2093
1008.0,7.2,866.0,937.0,1573.0,695.0,36.0,20.5,1.1995
1062.0,8.6,924.0,892.0,1683.0,777.0,37.0,20.1,1.2423
1082.0,9.0,939.0,869.0,1678.0,818.0,36.4,21.0,1.2515
1042.0,7.9,897.0,901.0,1605.0,681.0,35.2,22.6,1.267
1022.0,6.2,823.0,964.0,1599.0,631.0,32.5,27.6,1.3229
1024.0,6.3,828.0,936.0,1601.0,641.0,29.1,35.1,1.3919
1048.0,6.3,828.0,922.0,1618.0,683.0,26.9,39.7,1.3898
1153.0,11.2,1022.0,765.0,1806.0,1013.0,26.1,42.2,1.4039
1195.0,12.8,1077.0,731.0,1860.0,1151.0,25.5,43.8,1.4095
1245.0,13.2,1091.0,734.0,1870.0,1134.0,24.9,45.6,1.4135
1086.0,9.2,946.0,847.0,1729.0,945.0,25.2,45.2,1.4262
972.0,5.8,804.0,955.0,1620.0,734.0,25.4,45.5,1.457
880.0,3.4,677.0,1109.0,1500.0,554.0,26.2,43.6,1.4599
906.0,4.1,719.0,1050.0,1561.0,612.0,24.3,48.2,1.4476
879.0,3.1,658.0,1121.0,1511.0,564.0,24.4,48.3,1.4499
842.0,2.2,597.0,1237.0,1444.0,512.0,23.3,51.0,1.4346
797.0,1.5,543.0,1466.0,1347.0,410.0,21.6,48.1,1.2259
796.0,1.3,526.0,1534.0,1322.0,392.0,21.4,47.8,1.2005
767.0,1.2,520.0,1526.0,1287.0,377.0,20.5,46.8,1.1152
784.0,1.7,562.0,1460.0,1286.0,389.0,20.8,40.7,0.9882
811.0,2.5,622.0,1315.0,1307.0,432.0,22.3,35.3,0.9371
838.0,2.5,620.0,1292.0,1325.0,502.0,21.7,38.3,0.9842
821.0,2.7,632.0,1295.0,1302.0,469.0,24.4,29.6,0.8921
793.0,1.9,579.0,1380.0,1303.0,427.0,23.4,34.9,0.991
794.0,1.8,567.0,1426.0,1306.0,406.0,23.5,35.2,1.0019
821.0,2.4,614.0,1309.0,1350.0,430.0,22.4,39.0,1.04
849.0,2.6,628.0,1274.0,1379.0,453.0,22.0,41.7,1.0865
852.0,3.0,651.0,1246.0,1387.0,470.0,21.7,42.7,1.0949
847.0,2.9,645.0,1245.0,1364.0,480.0,20.7,43.4,1.047
849.0,3.5,682.0,1215.0,1378.0,472.0,20.3,42.6,1.0045
865.0,3.6,687.0,1191.0,1388.0,521.0,20.3,44.1,1.0392
848.0,3.6,689.0,1180.0,1403.0,520.0,20.1,45.2,1.0538
807.0,2.3,606.0,1340.0,1337.0,440.0,19.8,45.7,1.0424
814.0,2.6,627.0,1305.0,1351.0,446.0,19.6,45.3,1.0244
785.0,2.0,582.0,1377.0,1311.0,417.0,19.4,45.9,1.0242
748.0,1.2,515.0,1580.0,1261.0,381.0,19.7,44.8,1.0172
716.0,0.7,461.0,1795.0,1235.0,350.0,19.5,46.3,1.0363
708.0,0.5,437.0,1941.0,1227.0,334.0,19.0,49.0,1.063
724.0,0.5,448.0,1917.0,1256.0,346.0,19.1,50.7,1.109
748.0,0.8,477.0,1703.0,1301.0,380.0,19.1,52.7,1.1545
888.0,3.5,683.0,1196.0,1483.0,563.0,20.3,49.3,1.1596
973.0,7.0,858.0,941.0,1584.0,779.0,21.1,46.2,1.1389
993.0,8.7,927.0,886.0,1665.0,842.0,21.5,44.5,1.129
929.0,6.3,825.0,992.0,1561.0,692.0,22.4,43.6,1.1637
962.0,7.0,858.0,941.0,1613.0,779.0,24.8,39.1,1.2039
906.0,5.5,786.0,1026.0,1538.0,633.0,23.9,42.1,1.2335
915.0,5.3,776.0,1029.0,1544.0,616.0,25.5,38.3,1.2328
928.0,5.5,787.0,1012.0,1585.0,606.0,25.4,39.2,1.2534
855.0,3.8,698.0,1134.0,1449.0,526.0,25.6,37.0,1.2006
920.0,5.4,783.0,1046.0,1550.0,588.0,24.5,38.4,1.1669
917.0,6.7,842.0,985.0,1563.0,674.0,23.9,39.9,1.1639
1072.0,12.2,1057.0,812.0,1820.0,885.0,24.2,39.2,1.1665
1000.0,10.2,985.0,846.0,1726.0,879.0,23.5,41.2,1.1759
914.0,6.7,845.0,972.0,1583.0,703.0,22.3,44.9,1.1973
888.0,5.7,799.0,1023.0,1531.0,637.0,21.7,46.5,1.1917
851.0,4.1,718.0,1134.0,1471.0,561.0,22.0,44.9,1.1699
870.0,4.7,749.0,1096.0,1487.0,612.0,22.2,44.1,1.1654
883.0,5.2,773.0,1062.0,1514.0,621.0,21.8,45.6,1.1763
886.0,5.1,767.0,1055.0,1532.0,702.0,21.6,46.0,1.1742
792.0,2.8,637.0,1249.0,1400.0,559.0,21.6,45.8,1.1715
754.0,1.4,535.0,1490.0,1335.0,435.0,20.7,48.3,1.168
732.0,1.0,503.0,1525.0,1321.0,441.0,21.0,47.1,1.1546
770.0,2.0,586.0,1326.0,1392.0,527.0,20.8,48.5,1.18
797.0,3.0,654.0,1097.0,1450.0,720.0,20.8,49.4,1.1994
915.0,7.5,877.0,897.0,1651.0,937.0,19.9,51.8,1.1911
1287.0,24.7,1423.0,610.0,2319.0,1482.0,20.9,49.3,1.2049
1195.0,24.8,1424.0,609.0,2244.0,1489.0,23.7,39.9,1.1508
1003.0,10.9,1009.0,823.0,1710.0,1015.0,25.3,35.8,1.1421
1037.0,11.9,1046.0,838.0,1763.0,1004.0,28.8,29.1,1.1349
1114.0,16.0,1181.0,747.0,1928.0,1129.0,30.3,26.9,1.1399
1085.0,15.7,1171.0,767.0,1863.0,1068.0,32.8,23.3,1.138
1024.0,13.1,1087.0,824.0,1745.0,924.0,33.9,21.4,1.1135
1017.0,12.2,1057.0,859.0,1698.0,861.0,35.3,19.6,1.1036
1053.0,15.8,1173.0,785.0,1808.0,981.0,34.0,20.8,1.0898
1065.0,16.6,1198.0,766.0,1852.0,1043.0,35.3,18.8,1.0572
1136.0,18.4,1250.0,722.0,1940.0,1124.0,32.6,24.1,1.1688
1100.0,16.7,1202.0,732.0,1856.0,1004.0,30.8,28.7,1.2507
1143.0,20.8,1319.0,673.0,2001.0,1190.0,28.7,31.2,1.2099
1083.0,15.3,1157.0,742.0,1884.0,1072.0,26.8,35.1,1.2201
1009.0,11.5,1034.0,806.0,1763.0,925.0,25.3,39.4,1.2524
969.0,10.1,983.0,853.0,1680.0,862.0,23.9,40.9,1.1966
1029.0,10.4,993.0,816.0,1728.0,969.0,23.0,44.4,1.2354
1064.0,9.4,956.0,812.0,1770.0,932.0,22.2,53.9,1.4237
986.0,6.9,853.0,865.0,1645.0,794.0,20.9,59.8,1.4659
872.0,4.0,709.0,1034.0,1522.0,599.0,21.3,58.1,1.457
840.0,3.0,654.0,1124.0,1489.0,614.0,20.8,58.4,1.4189
812.0,2.6,626.0,1134.0,1471.0,625.0,20.3,58.9,1.3878
810.0,2.4,612.0,1163.0,1462.0,595.0,21.3,54.5,1.3682
936.0,6.8,849.0,882.0,1640.0,886.0,20.6,57.4,1.3753
1244.0,18.9,1265.0,640.0,2084.0,1257.0,21.3,56.9,1.4226
1440.0,30.2,1556.0,517.0,2530.0,1561.0,22.9,52.4,1.4442
1180.0,14.9,1145.0,713.0,1929.0,1191.0,24.1,46.5,1.3802
1126.0,12.2,1058.0,765.0,1879.0,1061.0,27.1,38.8,1.3705
1005.0,8.3,910.0,881.0,1670.0,751.0,28.4,34.4,1.314
1032.0,9.0,940.0,862.0,1703.0,733.0,30.1,30.9,1.2958
1087.0,13.7,1106.0,755.0,1839.0,906.0,32.7,25.8,1.2547
1090.0,14.1,1119.0,756.0,1811.0,902.0,32.4,25.7,1.2271
1072.0,12.0,1050.0,802.0,1748.0,836.0,33.6,24.4,1.2472
1101.0,12.2,1057.0,797.0,1772.0,863.0,33.0,26.0,1.2877
1111.0,13.1,1086.0,787.0,1802.0,824.0,33.2,23.7,1.1855
1048.0,12.6,1070.0,807.0,1737.0,842.0,31.3,25.4,1.1415
1197.0,18.3,1249.0,698.0,1986.0,1132.0,28.3,31.7,1.1968
1173.0,17.2,1217.0,695.0,1930.0,1175.0,26.5,35.0,1.1981
1075.0,12.9,1079.0,764.0,1798.0,1111.0,24.4,40.0,1.2079
1067.0,13.7,1106.0,745.0,1840.0,1125.0,23.3,43.4,1.2251
1060.0,13.4,1099.0,742.0,1838.0,1077.0,22.5,45.3,1.2226
1081.0,13.5,1099.0,749.0,1854.0,1087.0,21.8,47.8,1.2325
1017.0,9.9,975.0,822.0,1722.0,1014.0,20.9,51.0,1.2446
836.0,4.4,734.0,1035.0,1501.0,801.0,20.8,51.7,1.2572
831.0,4.3,727.0,1038.0,1522.0,802.0,19.3,57.1,1.2661
804.0,3.3,668.0,1102.0,1479.0,753.0,18.8,58.6,1.2581
798.0,3.4,677.0,1092.0,1473.0,696.0,20.2,53.8,1.2569
966.0,9.3,951.0,812.0,1735.0,996.0,18.3,60.8,1.2635
1277.0,23.4,1388.0,611.0,2241.0,1513.0,20.2,54.5,1.2777
1335.0,27.7,1496.0,562.0,2385.0,1598.0,21.9,49.9,1.2957
1297.0,22.1,1353.0,588.0,2128.0,1690.0,25.2,43.0,1.3548
1041.0,10.0,979.0,837.0,1705.0,1053.0,28.0,36.6,1.3603
1027.0,8.9,936.0,867.0,1696.0,931.0,27.1,38.3,1.3548
1037.0,9.8,969.0,841.0,1728.0,865.0,27.4,37.0,1.3319
1014.0,9.4,954.0,865.0,1697.0,818.0,29.4,32.9,1.3244
1007.0,9.8,971.0,866.0,1682.0,802.0,31.3,28.7,1.2885
998.0,9.5,958.0,881.0,1657.0,778.0,31.5,28.7,1.3058
1014.0,9.5,958.0,878.0,1684.0,767.0,30.9,30.3,1.3306
1157.0,15.4,1160.0,738.0,1936.0,1000.0,31.4,30.3,1.3689
1225.0,19.4,1281.0,683.0,2082.0,1143.0,30.7,31.4,1.3686
1131.0,16.5,1194.0,726.0,1907.0,1009.0,29.0,33.4,1.3169
1111.0,14.3,1126.0,754.0,1883.0,1076.0,27.3,37.5,1.342
976.0,8.2,909.0,878.0,1675.0,830.0,25.8,40.9,1.3389
1016.0,8.7,929.0,868.0,1724.0,853.0,25.2,43.0,1.358
1177.0,15.2,1156.0,684.0,1983.0,1310.0,24.6,45.8,1.394
1013.0,10.6,999.0,791.0,1751.0,1119.0,24.0,47.3,1.3914
886.0,6.0,813.0,936.0,1592.0,918.0,23.5,48.3,1.3777
791.0,3.1,658.0,1140.0,1467.0,609.0,24.0,45.8,1.3467
762.0,2.5,618.0,1214.0,1431.0,516.0,22.2,50.7,1.3405
740.0,1.8,568.0,1259.0,1404.0,510.0,22.8,48.1,1.3184
775.0,2.6,628.0,1178.0,1437.0,554.0,21.9,50.1,1.3002
872.0,6.5,833.0,947.0,1598.0,760.0,20.4,54.1,1.28
1123.0,14.5,1134.0,711.0,1922.0,1170.0,20.8,52.6,1.2758
1306.0,28.8,1522.0,535.0,2450.0,1545.0,22.8,47.9,1.3156
1237.0,21.3,1332.0,605.0,2157.0,1508.0,25.2,42.9,1.3552
1143.0,14.9,1146.0,701.0,1917.0,1292.0,29.3,34.8,1.397
1170.0,15.6,1168.0,703.0,1949.0,1287.0,33.3,27.8,1.4013
1116.0,14.3,1128.0,739.0,1856.0,1042.0,34.9,24.9,1.363
1054.0,12.6,1069.0,785.0,1766.0,817.0,36.1,22.7,1.3324
1083.0,13.4,1097.0,765.0,1810.0,847.0,37.6,21.1,1.3478
1078.0,12.6,1069.0,782.0,1780.0,806.0,37.3,21.9,1.3761
1104.0,14.8,1143.0,747.0,1840.0,896.0,37.2,21.6,1.3514
1170.0,18.6,1257.0,693.0,1956.0,1069.0,35.6,23.4,1.341
1091.0,16.7,1201.0,738.0,1834.0,945.0,33.1,24.3,1.2087
1216.0,20.8,1318.0,673.0,2043.0,1168.0,30.5,29.5,1.2635
1125.0,16.0,1179.0,719.0,1921.0,1065.0,28.7,35.8,1.3834
971.0,7.6,881.0,916.0,1635.0,672.0,26.6,42.2,1.4452
1062.0,10.2,984.0,816.0,1796.0,842.0,25.2,46.6,1.4733
1140.0,13.8,1109.0,714.0,1892.0,1123.0,24.7,47.7,1.4649
1038.0,10.4,992.0,802.0,1731.0,1007.0,24.4,47.4,1.4301
935.0,6.5,836.0,909.0,1604.0,855.0,23.3,49.9,1.4135
861.0,4.3,729.0,1043.0,1528.0,689.0,23.8,47.3,1.3783
839.0,3.4,678.0,1062.0,1478.0,622.0,22.9,50.2,1.3808
850.0,3.9,703.0,1021.0,1511.0,658.0,21.2,55.0,1.3689
817.0,3.0,651.0,1109.0,1472.0,628.0,21.7,52.6,1.35
825.0,3.2,667.0,1079.0,1475.0,659.0,22.8,48.9,1.3424
921.0,5.6,792.0,943.0,1595.0,799.0,23.5,47.6,1.3611
1031.0,9.1,945.0,806.0,1697.0,964.0,24.6,44.9,1.3661
1092.0,9.7,967.0,801.0,1774.0,910.0,27.0,39.9,1.402
1095.0,8.6,923.0,843.0,1736.0,999.0,29.3,35.9,1.4411
1097.0,9.6,964.0,822.0,1743.0,853.0,31.2,32.4,1.4517
1101.0,9.8,972.0,819.0,1714.0,752.0,34.4,26.6,1.423
1060.0,10.3,991.0,833.0,1718.0,778.0,36.1,22.1,1.3004
1051.589744,10.07435897,979.5384615,846.3333333,1709.0,770.0,35.65897436,22.94871795,1.29755641
1043.179487,9.848717949,968.0769231,859.6666667,1700.0,762.0,35.21794872,23.7974359,1.294712821
1034.769231,9.623076923,956.6153846,873.0,1691.0,754.0,34.77692308,24.64615385,1.291869231
1026.358974,9.397435897,945.1538462,886.3333333,1682.0,746.0,34.33589744,25.49487179,1.289025641
1017.948718,9.171794872,933.6923077,899.6666667,1673.0,738.0,33.89487179,26.34358974,1.286182051
1009.538462,8.946153846,922.2307692,913.0,1664.0,730.0,33.45384615,27.19230769,1.283338462
1001.128205,8.720512821,910.7692308,926.3333333,1655.0,722.0,33.01282051,28.04102564,1.280494872
992.7179487,8.494871795,899.3076923,939.6666667,1646.0,714.0,32.57179487,28.88974359,1.277651282
984.3076923,8.269230769,887.8461538,953.0,1637.0,706.0,32.13076923,29.73846154,1.274807692
975.8974359,8.043589744,876.3846154,966.3333333,1628.0,698.0,31.68974359,30.58717949,1.271964103
967.4871795,7.817948718,864.9230769,979.6666667,1619.0,690.0,31.24871795,31.43589744,1.269120513
959.0769231,7.592307692,853.4615385,993.0,1610.0,682.0,30.80769231,32.28461538,1.266276923
950.6666667,7.366666667,842.0,1006.333333,1601.0,674.0,30.36666667,33.13333333,1.263433333
942.2564103,7.141025641,830.5384615,1019.666667,1592.0,666.0,29.92564103,33.98205128,1.260589744
933.8461538,6.915384615,819.0769231,1033.0,1583.0,658.0,29.48461538,34.83076923,1.257746154
925.4358974,6.68974359,807.6153846,1046.333333,1574.0,650.0,29.04358974,35.67948718,1.254902564
917.025641,6.464102564,796.1538462,1059.666667,1565.0,642.0,28.6025641,36.52820513,1.252058974
908.6153846,6.238461538,784.6923077,1073.0,1556.0,634.0,28.16153846,37.37692308,1.249215385
900.2051282,6.012820513,773.2307692,1086.333333,1547.0,626.0,27.72051282,38.22564103,1.246371795
891.7948718,5.787179487,761.7692308,1099.666667,1538.0,618.0,27.27948718,39.07435897,1.243528205
883.3846154,5.561538462,750.3076923,1113.0,1529.0,610.0,26.83846154,39.92307692,1.240684615
874.974359,5.335897436,738.8461538,1126.333333,1520.0,602.0,26.3974359,40.77179487,1.237841026
866.5641026,5.11025641,727.3846154,1139.666667,1511.0,594.0,25.95641026,41.62051282,1.234997436
858.1538462,4.884615385,715.9230769,1153.0,1502.0,586.0,25.51538462,42.46923077,1.232153846
849.7435897,4.658974359,704.4615385,1166.333333,1493.0,578.0,25.07435897,43.31794872,1.229310256
841.3333333,4.433333333,693.0,1179.666667,1484.0,570.0,24.63333333,44.16666667,1.226466667
832.9230769,4.207692308,681.5384615,1193.0,1475.0,562.0,24.19230769,45.01538462,1.223623077
824.5128205,3.982051282,670.0769231,1206.333333,1466.0,554.0,23.75128205,45.86410256,1.220779487
816.1025641,3.756410256,658.6153846,1219.666667,1457.0,546.0,23.31025641,46.71282051,1.217935897
807.6923077,3.530769231,647.1538462,1233.0,1448.0,538.0,22.86923077,47.56153846,1.215092308
799.2820513,3.305128205,635.6923077,1246.333333,1439.0,530.0,22.42820513,48.41025641,1.212248718
790.8717949,3.079487179,624.2307692,1259.666667,1430.0,522.0,21.98717949,49.25897436,1.209405128
782.4615385,2.853846154,612.7692308,1273.0,1421.0,514.0,21.54615385,50.10769231,1.206561538
774.0512821,2.628205128,601.3076923,1286.333333,1412.0,506.0,21.10512821,50.95641026,1.203717949
765.6410256,2.402564103,589.8461538,1299.666667,1403.0,498.0,20.66410256,51.80512821,1.200874359
757.2307692,2.176923077,578.3846154,1313.0,1394.0,490.0,20.22307692,52.65384615,1.198030769
748.8205128,1.951282051,566.9230769,1326.333333,1385.0,482.0,19.78205128,53.5025641,1.195187179
740.4102564,1.725641026,555.4615385,1339.666667,1376.0,474.0,19.34102564,54.35128205,1.19234359
732.0,1.5,544.0,1353.0,1367.0,466.0,18.9,55.2,1.1895
809.0,3.5,681.0,1108.0,1463.0,609.0,18.2,57.6,1.193
934.0,8.3,911.0,857.0,1639.0,863.0,18.6,56.0,1.1865
1132.0,17.3,1220.0,691.0,1910.0,1203.0,20.8,48.0,1.1702
1221.0,23.3,1386.0,626.0,2138.0,1412.0,23.3,38.6,1.0919
1024.0,13.8,1111.0,770.0,1753.0,1069.0,25.1,32.4,1.017
938.0,10.2,987.0,862.0,1597.0,817.0,27.8,25.8,0.9473
869.0,7.9,897.0,965.0,1480.0,649.0,29.6,21.0,0.8548
846.0,8.8,930.0,947.0,1467.0,598.0,30.2,18.0,0.7613
838.0,7.2,868.0,1005.0,1454.0,540.0,30.1,18.5,0.7747
875.0,8.3,912.0,978.0,1504.0,601.0,29.5,19.4,0.7872
907.0,9.6,961.0,920.0,1564.0,668.0,31.1,18.2,0.8079
889.0,9.0,939.0,920.0,1492.0,647.0,30.3,19.0,0.8103
969.0,12.4,1064.0,834.0,1645.0,816.0,30.1,19.3,0.8083
1051.0,15.3,1157.0,760.0,1787.0,963.0,28.6,22.3,0.859
1043.0,16.1,1181.0,736.0,1813.0,1010.0,26.1,28.3,0.9407
1043.0,14.1,1121.0,736.0,1793.0,967.0,24.5,35.7,1.0807
1007.0,11.4,1027.0,798.0,1737.0,904.0,23.1,41.5,1.1582
966.0,9.5,959.0,838.0,1686.0,852.0,21.8,46.3,1.1913
920.0,7.4,875.0,915.0,1594.0,744.0,20.9,48.9,1.1945
889.0,6.4,831.0,956.0,1570.0,760.0,20.5,49.9,1.1903
825.0,4.1,715.0,1062.0,1462.0,613.0,20.0,50.9,1.1794
758.0,1.9,580.0,1215.0,1374.0,531.0,22.1,44.3,1.1665
735.0,1.4,533.0,1338.0,1350.0,493.0,21.0,47.5,1.1666
719.0,1.2,522.0,1385.0,1343.0,509.0,19.8,50.3,1.1444
757.0,2.2,596.0,1236.0,1381.0,560.0,19.0,52.8,1.1489
890.0,6.4,831.0,922.0,1594.0,826.0,17.8,56.5,1.1375
1181.0,18.5,1255.0,632.0,2002.0,1334.0,18.2,55.8,1.1529
1332.0,30.2,1556.0,523.0,2394.0,1660.0,20.6,47.7,1.1448
1128.0,14.2,1124.0,717.0,1832.0,1362.0,22.8,41.9,1.1496
1128.0,14.3,1126.0,725.0,1856.0,1316.0,27.1,31.7,1.1147
1064.0,12.6,1069.0,766.0,1766.0,1089.0,30.4,26.4,1.131
1139.0,18.0,1240.0,702.0,1940.0,1129.0,31.1,26.2,1.1647
1121.0,17.1,1214.0,707.0,1912.0,1120.0,31.4,25.3,1.1444
1032.0,13.0,1083.0,776.0,1772.0,916.0,30.8,26.7,1.168
1040.0,11.2,1022.0,826.0,1747.0,812.0,31.8,25.6,1.1868
1076.0,13.6,1105.0,762.0,1782.0,959.0,33.5,22.9,1.1649
1177.0,20.5,1310.0,656.0,2011.0,1189.0,33.1,23.5,1.1673
1196.0,20.2,1303.0,654.0,2017.0,1199.0,31.7,25.9,1.1883
1204.0,23.1,1381.0,623.0,2085.0,1283.0,29.0,30.4,1.2013
1166.0,20.3,1304.0,646.0,2016.0,1291.0,27.4,33.6,1.2095
959.0,9.3,949.0,857.0,1640.0,949.0,25.2,36.4,1.1528
1004.0,10.5,997.0,813.0,1726.0,1018.0,24.0,39.6,1.1662
1050.0,13.6,1105.0,729.0,1807.0,1122.0,23.8,39.6,1.1558
965.0,8.0,900.0,864.0,1631.0,968.0,22.9,43.6,1.1974
849.0,4.6,744.0,1004.0,1496.0,806.0,22.8,43.9,1.202
809.0,3.2,666.0,1093.0,1455.0,714.0,21.8,47.3,1.2189
777.0,2.4,609.0,1170.0,1405.0,644.0,21.7,47.3,1.2135
768.0,2.1,591.0,1183.0,1402.0,606.0,20.8,50.3,1.2207
768.0,2.2,597.0,1155.0,1396.0,606.0,21.7,46.8,1.2031
917.0,6.7,842.0,934.0,1656.0,819.0,20.3,52.3,1.2367
1252.0,23.1,1380.0,579.0,2210.0,1462.0,20.5,52.3,1.245
1224.0,19.0,1268.0,605.0,2046.0,1478.0,21.7,49.6,1.2673
1277.0,20.1,1300.0,608.0,2090.0,1598.0,24.0,43.1,1.2677
1149.0,16.4,1192.0,672.0,1944.0,1449.0,28.5,31.7,1.2144
1091.0,13.0,1082.0,746.0,1790.0,1221.0,32.2,25.1,1.189
1053.0,13.1,1087.0,763.0,1762.0,1023.0,34.9,20.5,1.1279
1023.0,11.8,1042.0,796.0,1711.0,910.0,35.4,19.9,1.1222
1085.0,12.7,1075.0,767.0,1786.0,913.0,34.4,22.5,1.205
1116.0,14.1,1120.0,724.0,1854.0,1035.0,34.8,22.8,1.2488
1111.0,14.4,1131.0,735.0,1825.0,1085.0,34.3,22.4,1.1907
1210.0,20.7,1316.0,645.0,2030.0,1278.0,32.5,25.3,1.2165
1250.0,21.6,1339.0,616.0,2075.0,1383.0,31.3,27.3,1.2234
1297.0,24.2,1408.0,595.0,2134.0,1473.0,30.2,29.0,1.2224
1313.0,21.8,1345.0,603.0,2118.0,1507.0,28.5,33.3,1.2775
1146.0,13.0,1084.0,713.0,1829.0,1215.0,27.3,35.3,1.2606
1199.0,15.1,1152.0,685.0,1897.0,1242.0,26.1,37.8,1.2575
1274.0,16.6,1197.0,626.0,2023.0,1356.0,24.7,47.1,1.44
1243.0,12.7,1072.0,675.0,1978.0,1195.0,23.6,59.8,1.7193
1054.0,8.6,923.0,783.0,1793.0,899.0,23.3,60.5,1.706
962.0,5.3,778.0,929.0,1645.0,726.0,23.3,59.4,1.6753
915.0,3.6,690.0,983.0,1570.0,743.0,22.9,57.7,1.5902
871.0,2.8,639.0,1062.0,1528.0,684.0,23.7,53.5,1.546
877.0,3.1,658.0,1047.0,1530.0,779.0,21.2,60.9,1.5092
893.0,3.7,696.0,1008.0,1548.0,801.0,22.1,56.2,1.48
1030.0,6.9,851.0,824.0,1700.0,983.0,21.9,57.0,1.4742
1059.0,8.6,926.0,783.0,1750.0,989.0,24.7,45.9,1.4061
1020.0,7.1,860.0,864.0,1649.0,875.0,27.0,40.8,1.4286
1045.0,6.6,840.0,879.0,1656.0,807.0,29.1,37.4,1.4833
1029.0,7.2,866.0,874.0,1651.0,727.0,31.1,32.4,1.4351
959.0,5.0,763.0,976.0,1561.0,549.0,31.9,30.3,1.4125
975.0,5.7,798.0,939.0,1576.0,570.0,32.8,28.9,1.412
988.0,6.0,813.0,927.0,1596.0,596.0,33.4,27.8,1.4119
971.0,6.1,818.0,942.0,1565.0,585.0,35.3,23.7,1.3331
999.0,8.0,899.0,869.0,1629.0,637.0,35.8,22.4,1.2915
989.0,7.8,889.0,889.0,1602.0,664.0,35.3,20.8,1.1664
1075.0,11.1,1020.0,802.0,1732.0,797.0,33.3,23.9,1.2085
1190.0,15.9,1177.0,695.0,1934.0,1046.0,30.3,30.8,1.3044
1172.0,13.7,1108.0,706.0,1878.0,1058.0,28.3,34.5,1.3084
1256.0,21.6,1340.0,594.0,2176.0,1214.0,27.1,38.9,1.3758
1190.0,16.8,1203.0,658.0,1967.0,1056.0,25.4,43.2,1.3805
1249.0,20.5,1310.0,601.0,2114.0,1280.0,24.6,45.3,1.3767
1072.0,14.1,1120.0,711.0,1838.0,1045.0,23.7,46.0,1.3346
1035.0,10.9,1011.0,750.0,1752.0,1039.0,23.0,48.1,1.3322
839.0,3.6,690.0,1030.0,1457.0,640.0,24.8,43.4,1.3366
833.0,3.3,671.0,1061.0,1482.0,705.0,23.1,47.4,1.3208
804.0,2.4,616.0,1144.0,1427.0,662.0,21.7,50.2,1.2917
811.0,3.0,651.0,1097.0,1442.0,579.0,21.9,50.7,1.3138
1028.0,8.9,934.0,818.0,1743.0,987.0,20.1,57.0,1.3216
1138.0,14.8,1141.0,671.0,1927.0,1197.0,21.5,51.8,1.3129
1203.0,16.2,1185.0,649.0,1968.0,1328.0,22.9,48.7,1.3416
1193.0,14.6,1136.0,667.0,1924.0,1370.0,25.7,41.0,1.3351
1049.0,8.0,898.0,858.0,1671.0,921.0,29.9,33.2,1.3793
1090.0,9.1,942.0,828.0,1713.0,876.0,32.9,28.0,1.3789
1070.0,10.0,976.0,808.0,1688.0,819.0,34.0,25.6,1.3363
1014.0,9.8,970.0,826.0,1684.0,763.0,34.7,22.6,1.2297
972.0,8.3,912.0,882.0,1596.0,675.0,35.5,20.3,1.1586
951.0,7.5,880.0,920.0,1539.0,637.0,35.9,18.8,1.0912
1033.0,11.7,1038.0,802.0,1690.0,826.0,36.2,18.6,1.0945
983.0,13.3,1094.0,817.0,1659.0,854.0,35.4,15.3,0.8613
973.0,14.4,1128.0,813.0,1642.0,894.0,32.9,15.5,0.7649
1083.0,17.9,1237.0,737.0,1786.0,1077.0,29.9,19.8,0.8211
1062.0,15.9,1176.0,763.0,1743.0,1121.0,28.1,22.4,0.8394
1011.0,14.2,1122.0,808.0,1680.0,1071.0,26.1,24.7,0.8233
1054.0,13.8,1110.0,765.0,1670.0,1167.0,25.0,28.7,0.8944
1013.0,11.7,1038.0,793.0,1598.0,1162.0,24.3,31.0,0.9268
870.0,6.2,823.0,975.0,1398.0,848.0,24.0,31.2,0.919
857.0,5.1,769.0,1006.0,1390.0,759.0,22.4,34.9,0.9362
835.0,4.5,739.0,1036.0,1382.0,694.0,21.2,37.6,0.9355
844.0,4.9,759.0,1005.0,1409.0,848.0,19.5,42.3,0.9461
763.0,2.5,622.0,1129.0,1321.0,689.0,21.2,39.4,0.9802
769.0,2.3,606.0,1171.0,1314.0,610.0,19.5,42.4,0.9515
891.0,5.5,790.0,960.0,1466.0,816.0,18.6,45.8,0.9723
1037.0,10.4,993.0,779.0,1680.0,1158.0,19.7,44.1,1.0039
1090.0,12.4,1065.0,728.0,1773.0,1228.0,21.9,39.4,1.0243
1117.0,14.0,1118.0,716.0,1791.0,1323.0,24.5,34.3,1.0407
1109.0,12.7,1074.0,761.0,1734.0,1274.0,30.0,25.6,1.0674
961.0,9.0,939.0,912.0,1508.0,846.0,34.5,18.9,1.0168
985.0,8.5,919.0,918.0,1540.0,737.0,36.3,17.5,1.0411
960.0,8.2,909.0,910.0,1523.0,675.0,37.7,16.0,1.0231
927.0,5.9,806.0,1013.0,1446.0,559.0,38.3,15.8,1.0465
958.0,5.6,795.0,1002.0,1481.0,604.0,38.4,17.5,1.1609
1019.0,6.7,842.0,935.0,1565.0,729.0,37.2,20.5,1.2813
1010.0,6.1,816.0,955.0,1567.0,741.0,34.0,26.4,1.3781
1030.0,6.7,844.0,917.0,1599.0,747.0,32.3,30.4,1.445
1100.0,9.2,946.0,827.0,1726.0,932.0,30.5,33.9,1.4564
1079.0,8.2,909.0,861.0,1686.0,928.0,29.2,37.8,1.5098
1036.0,7.0,859.0,900.0,1645.0,860.0,28.4,39.1,1.4881
1085.0,9.5,959.0,827.0,1747.0,963.0,27.7,40.6,1.4828
1214.0,15.1,1151.0,683.0,1938.0,1309.0,27.2,42.5,1.5069
1127.0,11.7,1041.0,728.0,1830.0,1266.0,26.5,44.8,1.528
1038.0,9.3,950.0,776.0,1750.0,1181.0,25.5,47.6,1.5318
948.0,6.4,829.0,873.0,1638.0,937.0,25.2,47.8,1.5076
953.0,6.7,844.0,848.0,1685.0,995.0,23.2,53.7,1.5046
869.0,4.2,723.0,975.0,1522.0,789.0,23.2,52.3,1.4668
809.0,2.6,628.0,1127.0,1490.0,682.0,24.0,50.3,1.4811
833.0,2.8,641.0,1088.0,1496.0,717.0,23.5,51.2,1.4634
857.0,3.1,661.0,1083.0,1511.0,696.0,23.5,50.8,1.452
966.0,6.2,820.0,913.0,1634.0,807.0,24.7,47.6,1.4597
1063.0,7.9,894.0,823.0,1688.0,1025.0,27.2,41.1,1.4611
1110.0,10.5,996.0,782.0,1771.0,1090.0,31.0,32.4,1.4294
1055.0,9.0,941.0,844.0,1648.0,932.0,35.2,24.8,1.3854
939.0,6.3,828.0,991.0,1486.0,639.0,37.8,18.5,1.1977
816.0,3.5,684.0,1195.0,1285.0,467.0,39.0,15.1,1.0424
841.0,4.0,712.0,1175.0,1339.0,476.0,41.3,12.8,0.9933
842.0,4.2,722.0,1163.0,1294.0,490.0,41.8,11.9,0.9476
990.0,6.9,852.0,967.0,1488.0,669.0,42.2,14.2,1.1609
1042.0,7.9,894.0,916.0,1537.0,800.0,41.4,15.5,1.2089
1089.0,7.9,893.0,879.0,1609.0,791.0,38.9,21.4,1.4605
1102.0,10.3,990.0,799.0,1685.0,849.0,34.3,26.0,1.3865
1095.0,10.5,996.0,799.0,1695.0,934.0,32.7,27.7,1.3439
1116.0,12.7,1075.0,761.0,1784.0,1081.0,30.5,30.4,1.3031
1105.0,11.9,1046.0,777.0,1751.0,1102.0,29.0,33.6,1.3277
1018.0,9.3,950.0,830.0,1636.0,914.0,28.2,36.6,1.3781
991.0,7.9,896.0,857.0,1616.0,926.0,27.2,38.9,1.3821
923.0,5.0,765.0,952.0,1508.0,786.0,26.7,40.0,1.3754
874.0,3.4,679.0,1049.0,1444.0,619.0,26.0,41.2,1.3598
846.0,3.2,662.0,1068.0,1464.0,633.0,22.8,50.1,1.3677
838.0,2.7,632.0,1079.0,1438.0,634.0,24.0,46.6,1.37
827.0,3.1,656.0,1075.0,1447.0,722.0,24.0,46.4,1.3689
901.0,5.0,763.0,984.0,1552.0,717.0,23.7,47.1,1.3602
1291.0,20.7,1316.0,603.0,2172.0,1445.0,23.6,47.3,1.3634
1441.0,32.4,1606.0,503.0,2568.0,1786.0,25.5,43.1,1.3891
1363.0,24.2,1410.0,565.0,2199.0,1791.0,28.5,36.8,1.4128
1218.0,16.6,1198.0,671.0,1907.0,1413.0,32.6,28.0,1.3566
1132.0,13.2,1091.0,751.0,1795.0,1092.0,36.3,23.4,1.3902
1103.0,12.3,1060.0,770.0,1748.0,940.0,37.5,21.5,1.3673
1081.0,12.1,1053.0,770.0,1773.0,883.0,39.6,19.0,1.3447
1079.0,11.1,1018.0,793.0,1739.0,850.0,40.1,19.3,1.4013
1167.0,13.1,1087.0,741.0,1820.0,928.0,40.4,20.0,1.4854
1148.0,11.6,1037.0,772.0,1720.0,835.0,39.9,20.1,1.4495
1221.0,17.7,1230.0,670.0,1905.0,1157.0,39.1,19.6,1.3542
1255.0,19.5,1283.0,640.0,2023.0,1232.0,37.0,21.9,1.3503
1245.0,19.7,1287.0,635.0,2067.0,1288.0,33.9,26.8,1.3899
1162.0,15.1,1151.0,687.0,1912.0,1143.0,31.9,30.6,1.4201
1079.0,11.1,1020.0,754.0,1760.0,1014.0,29.7,33.9,1.3874
1091.0,11.7,1038.0,744.0,1786.0,1088.0,28.6,36.8,1.416
1085.0,11.7,1039.0,745.0,1790.0,1092.0,27.8,38.7,1.4187
1050.0,9.7,966.0,780.0,1748.0,1090.0,27.8,40.0,1.4691
941.0,6.0,814.0,873.0,1592.0,979.0,27.5,41.3,1.4962
891.0,3.9,705.0,980.0,1534.0,806.0,27.3,41.6,1.4906
842.0,2.6,624.0,1080.0,1480.0,712.0,26.0,44.2,1.4657
850.0,2.8,639.0,1048.0,1519.0,853.0,24.8,48.0,1.4857
863.0,3.0,652.0,1055.0,1504.0,816.0,25.9,45.1,1.4889
956.0,5.4,784.0,928.0,1634.0,934.0,25.3,47.6,1.5108
1384.0,23.5,1391.0,552.0,2316.0,1548.0,24.7,49.5,1.5201
1502.0,33.5,1631.0,459.0,2622.0,1858.0,27.1,43.1,1.5224
1219.0,15.5,1163.0,642.0,1963.0,1410.0,28.3,39.8,1.5053
1237.0,15.3,1157.0,663.0,1968.0,1334.0,32.4,32.3,1.5484
1181.0,12.8,1078.0,706.0,1870.0,1140.0,35.4,27.8,1.5733
1251.0,15.2,1154.0,682.0,1955.0,1111.0,35.5,27.4,1.5635
1214.0,15.7,1170.0,681.0,1963.0,1054.0,37.8,24.4,1.5722
1166.0,12.3,1062.0,726.0,1825.0,924.0,37.2,25.5,1.5914
1226.0,15.3,1157.0,683.0,1912.0,1041.0,37.2,25.6,1.6014
1265.0,17.6,1229.0,636.0,2040.0,1282.0,38.0,25.0,1.6312
1317.0,21.5,1338.0,593.0,2132.0,1362.0,37.1,26.9,1.6635
1372.0,23.2,1382.0,568.0,2268.0,1441.0,36.9,27.8,1.7099
1443.0,25.6,1443.0,543.0,2332.0,1559.0,34.7,31.9,1.7325
1200.0,14.3,1126.0,664.0,1979.0,1198.0,31.9,38.4,1.7897
1216.0,14.4,1130.0,655.0,1994.0,1246.0,30.5,42.3,1.8173
1160.0,12.6,1070.0,687.0,1929.0,1192.0,29.3,45.8,1.8362
1194.0,13.7,1106.0,667.0,1985.0,1194.0,28.2,48.1,1.8144
1199.0,13.1,1087.0,658.0,1954.0,1252.0,27.3,51.0,1.8287
965.0,6.1,818.0,844.0,1681.0,777.0,26.8,52.4,1.8141
961.0,5.8,801.0,850.0,1683.0,798.0,26.0,54.9,1.8141
901.0,3.7,697.0,952.0,1586.0,800.0,26.8,51.9,1.8058
864.0,2.6,629.0,1052.0,1558.0,728.0,26.9,51.8,1.805
952.0,4.6,742.0,892.0,1656.0,953.0,24.6,59.1,1.8013
1009.0,7.4,875.0,797.0,1738.0,1060.0,26.4,53.1,1.7987
1225.0,15.2,1155.0,643.0,1992.0,1338.0,27.3,46.4,1.6542
1245.0,16.7,1202.0,628.0,2039.0,1622.0,28.4,40.4,1.5442
1265.0,17.0,1209.0,638.0,2015.0,1812.0,30.8,37.1,1.6169
1276.0,18.0,1241.0,642.0,2024.0,1784.0,34.2,30.7,1.6252
1232.0,16.1,1183.0,675.0,1920.0,1509.0,37.0,26.5,1.6352
1193.0,13.4,1097.0,698.0,1832.0,1139.0,36.6,27.8,1.676
1162.0,14.0,1117.0,700.0,1857.0,1044.0,36.9,26.9,1.6477
1126.0,13.4,1097.0,723.0,1810.0,1015.0,39.3,22.2,1.552
1089.0,10.4,993.0,801.0,1675.0,825.0,38.5,22.4,1.5018
1134.0,12.7,1073.0,747.0,1765.0,1022.0,39.7,20.4,1.4594
1388.0,24.5,1418.0,568.0,2250.0,1913.0,38.8,24.2,1.6433
1506.0,27.8,1499.0,506.0,2485.0,2043.0,33.5,38.0,1.939
1352.0,23.3,1385.0,563.0,2205.0,1661.0,34.0,32.9,1.7251
1217.0,17.6,1227.0,641.0,2040.0,1404.0,31.9,33.7,1.5663
1149.0,14.5,1132.0,688.0,1936.0,1233.0,30.2,37.6,1.587
1156.0,14.4,1129.0,688.0,1941.0,1181.0,28.9,41.0,1.6096
1180.0,14.2,1122.0,678.0,1921.0,1272.0,27.8,45.2,1.6604
1109.0,12.9,1080.0,696.0,1874.0,1190.0,27.1,47.4,1.6701
1032.0,9.9,974.0,763.0,1800.0,982.0,26.2,49.4,1.6555
893.0,5.1,767.0,918.0,1607.0,805.0,26.9,49.3,1.7196
848.0,2.8,642.0,1079.0,1536.0,654.0,26.3,50.8,1.7058
850.0,3.2,664.0,1038.0,1568.0,727.0,24.9,54.6,1.6908
938.0,5.4,782.0,879.0,1685.0,1001.0,23.4,58.6,1.6651
948.0,6.4,828.0,858.0,1711.0,994.0,24.4,55.2,1.6604
1225.0,17.1,1214.0,625.0,2090.0,1322.0,25.1,54.3,1.7057
1380.0,22.3,1359.0,538.0,2337.0,1617.0,26.6,51.2,1.7565
1276.0,14.6,1138.0,628.0,2021.0,1430.0,28.2,47.1,1.7752
1246.0,13.3,1093.0,667.0,1942.0,1357.0,31.6,39.4,1.7969
1141.0,10.5,996.0,767.0,1805.0,994.0,34.2,31.8,1.6837
1199.0,14.2,1124.0,680.0,1940.0,1054.0,36.6,27.1,1.6352
1156.0,12.2,1056.0,710.0,1842.0,945.0,37.6,26.9,1.715
1158.0,10.1,983.0,751.0,1803.0,808.0,38.1,26.3,1.7213
1163.0,11.7,1039.0,723.0,1814.0,888.0,37.8,26.9,1.7392
1078.0,10.9,1009.0,767.0,1730.0,787.0,37.8,22.7,1.4653
1244.0,17.3,1219.0,651.0,1949.0,1077.0,36.9,24.7,1.5134
1236.0,18.0,1239.0,637.0,1986.0,1106.0,34.5,28.5,1.531
1364.0,22.9,1376.0,580.0,2168.0,1356.0,32.5,30.9,1.4875
1193.0,16.5,1196.0,675.0,1888.0,1152.0,30.9,30.4,1.338
1078.0,10.2,985.0,778.0,1697.0,925.0,28.7,34.7,1.3457
1140.0,11.6,1035.0,726.0,1779.0,1059.0,27.7,39.3,1.4372
1239.0,14.3,1127.0,648.0,1930.0,1201.0,26.8,45.1,1.5645
1171.0,13.3,1093.0,669.0,1862.0,1205.0,26.1,45.3,1.5115
1065.0,10.0,977.0,736.0,1733.0,1103.0,25.9,46.1,1.5174
1024.0,7.6,882.0,791.0,1662.0,1072.0,25.3,47.6,1.513
873.0,3.4,679.0,1010.0,1501.0,713.0,26.6,43.0,1.4773
874.0,3.3,668.0,1043.0,1513.0,737.0,25.3,47.2,1.5025
887.0,2.9,647.0,1046.0,1500.0,740.0,25.1,48.0,1.5115
993.0,5.6,795.0,888.0,1629.0,770.0,24.8,50.6,1.5654
1299.0,17.5,1225.0,620.0,2077.0,1327.0,25.7,49.7,1.615
1529.0,29.0,1526.0,476.0,2559.0,1763.0,27.4,45.5,1.6396
1320.0,17.0,1210.0,595.0,2052.0,1477.0,29.3,40.0,1.6082
1226.0,15.6,1168.0,650.0,1952.0,1311.0,33.6,28.7,1.4693
1105.0,10.1,980.0,777.0,1745.0,980.0,34.6,27.7,1.4991
1160.0,11.7,1040.0,720.0,1810.0,961.0,35.6,27.2,1.5557
1125.0,12.0,1051.0,730.0,1771.0,923.0,36.9,23.3,1.4313
1099.0,11.0,1015.0,763.0,1732.0,839.0,38.8,20.7,1.4036
1124.0,11.2,1021.0,745.0,1735.0,827.0,38.1,22.6,1.4868
1105.0,10.5,995.0,778.0,1681.0,821.0,37.1,23.0,1.4229
1035.0,11.8,1043.0,804.0,1647.0,749.0,34.8,19.3,1.0543
1065.0,13.8,1110.0,757.0,1691.0,871.0,33.6,20.7,1.059
1051.0,17.3,1220.0,739.0,1729.0,1077.0,31.4,18.5,0.8376
1073.0,14.2,1124.0,752.0,1688.0,1175.0,29.5,23.8,0.9623
1008.0,10.7,1004.0,817.0,1588.0,1125.0,27.4,27.1,0.9736
1090.0,12.7,1073.0,745.0,1693.0,1124.0,26.1,31.1,1.0338
1048.0,10.1,983.0,780.0,1643.0,1064.0,25.5,34.0,1.0935
1131.0,13.1,1087.0,705.0,1738.0,1240.0,24.0,37.8,1.1125
953.0,7.4,874.0,854.0,1528.0,899.0,24.2,37.3,1.1118
897.0,4.6,745.0,968.0,1461.0,807.0,23.4,40.6,1.1571
900.0,4.7,750.0,932.0,1494.0,817.0,21.8,46.6,1.1991
828.0,2.8,639.0,1077.0,1371.0,573.0,22.6,43.0,1.1629
892.0,4.5,739.0,964.0,1479.0,768.0,20.2,50.7,1.1844
914.0,5.9,809.0,912.0,1530.0,807.0,20.5,49.3,1.176
1096.0,11.1,1017.0,722.0,1743.0,1204.0,21.4,48.0,1.2086
1173.0,14.4,1130.0,648.0,1885.0,1401.0,23.2,43.9,1.2344
1125.0,11.1,1016.0,712.0,1725.0,1256.0,25.3,40.7,1.2921
1079.0,9.9,976.0,781.0,1669.0,999.0,29.9,31.1,1.2883
974.0,8.8,930.0,872.0,1536.0,712.0,33.9,21.3,1.1067
977.0,9.9,973.0,865.0,1550.0,712.0,36.3,16.0,0.9465
912.0,7.4,873.0,946.0,1436.0,614.0,36.6,15.2,0.9177
896.0,6.1,817.0,992.0,1426.0,554.0,37.4,15.8,0.9998
896.0,6.2,822.0,1002.0,1391.0,722.0,37.9,15.0,0.9721
956.0,7.1,862.0,930.0,1479.0,636.0,38.0,16.8,1.0933
970.0,8.0,900.0,909.0,1524.0,664.0,36.9,17.5,1.0789
929.0,7.3,869.0,942.0,1454.0,624.0,35.3,17.0,0.9561
947.0,8.7,926.0,905.0,1484.0,659.0,31.9,20.4,0.9462
1003.0,7.5,880.0,864.0,1537.0,695.0,29.1,29.6,1.1792
1045.0,9.0,940.0,822.0,1658.0,920.0,27.4,33.4,1.2022
1125.0,11.6,1035.0,728.0,1726.0,1150.0,26.7,35.8,1.2318
1138.0,10.2,985.0,742.0,1710.0,1141.0,25.2,42.7,1.3473
1217.0,12.3,1060.0,660.0,1840.0,1227.0,24.0,51.9,1.5252
983.0,6.4,831.0,847.0,1585.0,887.0,24.5,44.4,1.3476
1007.0,7.2,864.0,816.0,1639.0,987.0,22.6,51.0,1.3805
957.0,6.1,816.0,846.0,1613.0,903.0,22.2,52.7,1.3891
914.0,4.3,725.0,949.0,1550.0,780.0,21.2,56.8,1.4094
886.0,3.8,702.0,971.0,1528.0,767.0,20.3,59.6,1.3994
899.0,4.0,708.0,972.0,1559.0,780.0,21.3,56.7,1.4178
942.0,4.2,723.0,968.0,1573.0,698.0,23.0,54.6,1.5177
1022.0,6.1,817.0,835.0,1669.0,821.0,23.7,54.3,1.5731
1009.0,6.0,810.0,859.0,1634.0,772.0,25.4,49.3,1.5732
1025.0,5.9,809.0,877.0,1606.0,690.0,29.6,37.7,1.544
977.0,5.4,783.0,939.0,1543.0,586.0,33.9,26.2,1.3664
936.0,4.9,757.0,1007.0,1459.0,523.0,35.8,22.4,1.2933
884.0,3.9,703.0,1076.0,1394.0,488.0,37.9,18.8,1.222
809.0,3.2,664.0,1185.0,1270.0,427.0,38.5,14.8,0.9942
852.0,4.1,718.0,1109.0,1307.0,468.0,39.3,14.5,1.0149
872.0,4.0,708.0,1106.0,1331.0,489.0,38.9,15.6,1.0613
839.0,4.8,752.0,1102.0,1298.0,515.0,37.9,12.7,0.8211
854.0,5.5,788.0,1064.0,1310.0,562.0,35.8,13.4,0.7749
971.0,9.1,942.0,900.0,1541.0,776.0,32.3,19.7,0.9345
985.0,9.1,944.0,866.0,1541.0,833.0,30.1,23.5,0.9869
1027.0,10.1,981.0,817.0,1631.0,1023.0,28.2,28.7,1.0806
1012.0,7.4,876.0,853.0,1580.0,967.0,26.0,35.7,1.1842
1086.0,9.9,973.0,766.0,1656.0,1089.0,25.3,39.2,1.2452
1025.0,9.0,939.0,790.0,1635.0,1103.0,24.7,38.7,1.1845
848.0,3.7,692.0,1034.0,1412.0,734.0,25.5,35.7,1.1499
839.0,3.0,652.0,1075.0,1405.0,671.0,22.5,43.2,1.1589
814.0,2.5,618.0,1097.0,1400.0,696.0,21.6,46.1,1.1761
816.0,2.6,624.0,1073.0,1422.0,729.0,19.7,51.4,1.1688
799.0,2.4,613.0,1120.0,1387.0,641.0,21.6,45.7,1.1665
879.0,5.6,792.0,906.0,1521.0,825.0,21.1,47.3,1.1654
1104.0,14.3,1125.0,697.0,1815.0,1179.0,21.6,44.1,1.1269
1344.0,27.7,1496.0,519.0,2311.0,1651.0,23.7,37.9,1.0988
1226.0,19.1,1272.0,632.0,1901.0,1474.0,26.0,30.1,0.9953
1157.0,15.9,1176.0,691.0,1779.0,1370.0,30.6,23.2,1.001
1059.0,12.3,1060.0,798.0,1638.0,1141.0,34.1,19.1,1.0048
1076.0,12.2,1057.0,778.0,1633.0,1076.0,36.2,18.0,1.0636
1066.0,11.7,1041.0,783.0,1641.0,1036.0,37.4,17.3,1.0914
1049.0,10.4,994.0,813.0,1580.0,881.0,39.5,15.6,1.102
1097.0,12.7,1074.0,776.0,1671.0,960.0,40.4,14.9,1.1033
1087.0,11.1,1018.0,791.0,1624.0,883.0,40.1,16.1,1.1699
1269.0,19.0,1269.0,633.0,1942.0,1221.0,39.3,18.9,1.3251
1328.0,24.1,1405.0,584.0,2072.0,1518.0,37.3,19.9,1.2437
1200.0,19.1,1270.0,654.0,1906.0,1264.0,33.6,22.9,1.1747
1098.0,13.6,1105.0,732.0,1768.0,1061.0,30.7,28.9,1.2501
1058.0,10.7,1004.0,776.0,1684.0,947.0,28.8,32.8,1.2776
1081.0,11.3,1025.0,738.0,1757.0,1059.0,27.3,36.8,1.3207
1062.0,9.6,962.0,776.0,1674.0,1030.0,26.2,39.7,1.3249
1078.0,9.8,971.0,752.0,1694.0,1065.0,25.4,43.0,1.37
917.0,4.9,761.0,931.0,1497.0,893.0,25.8,41.0,1.3461
881.0,4.1,718.0,965.0,1510.0,837.0,23.3,48.4,1.3677
865.0,3.3,671.0,1012.0,1477.0,807.0,23.5,47.8,1.3607
829.0,2.2,602.0,1123.0,1410.0,596.0,23.5,46.7,1.3361
913.0,4.6,743.0,931.0,1540.0,884.0,21.8,52.3,1.3539
1077.0,10.2,985.0,742.0,1780.0,1170.0,21.8,52.5,1.3529
1337.0,23.3,1386.0,565.0,2196.0,1596.0,22.9,49.1,1.3546
1467.0,31.0,1575.0,472.0,2460.0,1873.0,24.9,43.3,1.3422
1257.0,17.6,1227.0,611.0,1954.0,1608.0,26.7,39.4,1.3556
1227.0,14.3,1125.0,675.0,1835.0,1470.0,30.5,32.9,1.4135
1188.0,13.7,1108.0,693.0,1818.0,1275.0,34.2,27.2,1.4404
1301.0,19.3,1276.0,631.0,1953.0,1407.0,38.2,20.9,1.3701
1201.0,19.3,1278.0,657.0,1892.0,1302.0,39.6,16.9,1.2028
1058.0,11.3,1026.0,794.0,1622.0,931.0,39.9,15.8,1.141
1037.0,12.7,1075.0,789.0,1604.0,917.0,40.2,13.9,1.02
1055.0,15.3,1157.0,762.0,1674.0,985.0,39.6,13.2,0.9332
1179.0,22.5,1364.0,661.0,1845.0,1265.0,39.5,12.6,0.8894
1298.0,25.0,1430.0,632.0,1946.0,2475.0,37.9,13.9,0.9015
1213.0,21.1,1327.0,654.0,1864.0,2021.0,34.2,17.9,0.9444
1233.0,23.8,1398.0,613.0,1975.0,1834.0,32.6,20.6,0.9939
1086.0,14.9,1145.0,737.0,1717.0,1426.0,30.4,23.2,0.9889
1056.0,12.8,1078.0,765.0,1668.0,1272.0,28.8,25.1,0.9793
1138.0,14.3,1128.0,681.0,1737.0,1490.0,27.8,29.9,1.1018
1112.0,14.3,1128.0,675.0,1771.0,1440.0,26.9,32.6,1.1381
992.0,9.2,948.0,773.0,1609.0,1271.0,26.3,33.7,1.1377
895.0,5.1,767.0,931.0,1463.0,985.0,25.7,33.9,1.1065
843.0,3.0,655.0,1046.0,1377.0,826.0,24.8,36.0,1.1109
828.0,2.6,626.0,1073.0,1362.0,754.0,25.5,34.6,1.1096
894.0,4.0,709.0,997.0,1432.0,853.0,24.0,37.8,1.1077
1072.0,9.9,976.0,740.0,1673.0,1340.0,23.9,39.3,1.1522
1425.0,27.3,1486.0,512.0,2305.0,1869.0,24.8,38.4,1.1808
1428.0,27.9,1500.0,496.0,2275.0,2021.0,26.9,34.4,1.2036
1359.0,24.5,1415.0,572.0,2081.0,1902.0,29.6,28.7,1.1706
1182.0,14.2,1122.0,730.0,1707.0,1527.0,34.6,21.1,1.1398
1117.0,11.9,1045.0,761.0,1623.0,1260.0,38.3,17.0,1.1216
1119.0,13.1,1088.0,741.0,1640.0,1124.0,40.4,14.5,1.0736
1068.0,15.1,1152.0,739.0,1683.0,1309.0,42.6,9.6,0.8012
1090.0,14.1,1120.0,743.0,1629.0,1283.0,42.5,10.2,0.8478
1056.0,11.3,1024.0,792.0,1555.0,1068.0,41.0,11.6,0.8872
1098.0,10.8,1007.0,799.0,1546.0,937.0,41.3,13.0,1.0154
1318.0,21.5,1339.0,635.0,1925.0,1416.0,39.2,14.5,1.0106
1348.0,21.8,1347.0,599.0,1903.0,1611.0,36.9,17.9,1.096
1502.0,29.8,1546.0,538.0,2199.0,1919.0,35.6,20.4,1.1646
1373.0,22.5,1364.0,597.0,2005.0,1745.0,33.7,22.6,1.1658
1397.0,21.8,1346.0,580.0,2017.0,1837.0,31.5,27.8,1.2671
1286.0,17.1,1214.0,620.0,1880.0,1759.0,31.1,29.3,1.3055
1222.0,15.4,1161.0,661.0,1827.0,1593.0,30.2,30.9,1.3026
1069.0,10.2,983.0,749.0,1627.0,1357.0,29.8,30.2,1.2502
1011.0,7.2,864.0,809.0,1532.0,1231.0,28.4,32.5,1.2361
962.0,5.8,803.0,853.0,1507.0,1066.0,27.5,34.0,1.231
919.0,4.2,723.0,910.0,1443.0,992.0,26.8,35.3,1.2243
969.0,5.1,769.0,866.0,1485.0,1063.0,24.5,40.4,1.2251
986.0,5.4,784.0,839.0,1503.0,1204.0,25.6,38.8,1.2545
990.0,6.2,821.0,848.0,1511.0,1079.0,27.5,34.6,1.2518
1296.0,16.9,1208.0,603.0,1914.0,1593.0,25.9,37.4,1.2289
1371.0,23.2,1384.0,545.0,2082.0,1745.0,28.5,32.5,1.2441
1385.0,18.0,1240.0,596.0,1919.0,1847.0,29.5,32.7,1.3229
1381.0,17.6,1227.0,595.0,1903.0,1845.0,29.8,33.1,1.3693
1396.0,20.3,1306.0,587.0,1934.0,1886.0,33.4,26.8,1.3586
1070.0,10.6,1000.0,801.0,1538.0,1039.0,40.3,15.8,1.1604
1076.0,9.9,972.0,819.0,1525.0,923.0,41.8,15.0,1.1989
1126.0,10.7,1004.0,788.0,1609.0,926.0,41.1,15.7,1.2071
1225.0,16.5,1196.0,673.0,1775.0,1277.0,41.9,14.8,1.1944
1202.0,16.9,1206.0,671.0,1807.0,1301.0,40.9,14.6,1.114
1308.0,20.5,1310.0,628.0,1891.0,1385.0,39.1,16.9,1.1705
1440.0,19.4,1281.0,580.0,2021.0,1474.0,36.4,27.3,1.6308
1611.0,30.0,1552.0,487.0,2371.0,1948.0,34.9,29.3,1.611
1387.0,24.6,1419.0,559.0,2113.0,1677.0,33.6,26.4,1.3515
1268.0,16.9,1206.0,648.0,1900.0,1434.0,32.2,27.6,1.3044
1237.0,15.8,1175.0,660.0,1834.0,1424.0,30.5,29.7,1.2742
1302.0,16.6,1198.0,628.0,1934.0,1504.0,29.4,35.6,1.4383
1347.0,19.5,1282.0,575.0,1996.0,1661.0,29.1,34.8,1.38
1355.0,16.6,1198.0,564.0,1905.0,1714.0,27.7,41.9,1.537
1023.0,6.2,822.0,823.0,1585.0,1050.0,27.9,41.6,1.5425
903.0,2.7,631.0,1070.0,1458.0,550.0,27.8,43.7,1.6039
876.0,2.3,605.0,1144.0,1432.0,456.0,27.4,42.2,1.5177
932.0,3.9,707.0,1011.0,1509.0,554.0,26.6,42.8,1.4713
1020.0,7.2,866.0,847.0,1636.0,744.0,26.9,40.3,1.4041
1264.0,18.1,1241.0,609.0,1989.0,1280.0,27.0,37.3,1.3081
1179.0,15.1,1153.0,654.0,1877.0,1096.0,27.0,35.3,1.2396
1079.0,9.7,966.0,785.0,1640.0,927.0,27.4,32.0,1.1545
1036.0,9.4,955.0,829.0,1527.0,840.0,30.5,24.7,1.0592
1002.0,9.6,964.0,828.0,1546.0,786.0,32.9,20.1,0.9902
995.0,9.5,959.0,856.0,1544.0,690.0,33.9,18.4,0.9587
1008.0,9.6,962.0,845.0,1545.0,742.0,34.4,19.3,1.0325
978.0,9.6,962.0,846.0,1527.0,680.0,34.2,19.6,1.0399
989.0,10.3,990.0,822.0,1577.0,705.0,33.2,20.4,1.0195
961.0,10.2,985.0,845.0,1554.0,677.0,32.4,19.1,0.915
1009.0,14.0,1116.0,779.0,1602.0,877.0,32.2,17.1,0.8124
970.0,14.0,1117.0,786.0,1579.0,844.0,31.0,17.1,0.7526
1097.0,16.6,1199.0,699.0,1738.0,1006.0,28.3,24.9,0.9412
1065.0,13.6,1105.0,723.0,1672.0,987.0,26.6,30.2,1.033
1036.0,10.2,986.0,776.0,1614.0,868.0,24.8,36.8,1.1357
1049.0,9.5,958.0,794.0,1648.0,861.0,23.7,43.4,1.2495
1147.0,11.8,1043.0,727.0,1719.0,1042.0,23.0,46.2,1.2815
1118.0,13.0,1082.0,694.0,1792.0,1080.0,22.7,47.7,1.2977
1016.0,9.6,963.0,776.0,1661.0,811.0,22.2,49.5,1.3081
940.0,6.7,845.0,845.0,1539.0,704.0,21.6,51.9,1.3254
836.0,2.9,643.0,1114.0,1405.0,522.0,22.3,50.4,1.3379
831.0,2.6,626.0,1126.0,1406.0,484.0,22.4,49.7,1.3333
877.0,4.0,711.0,1018.0,1475.0,580.0,21.7,52.0,1.3313
872.0,4.3,725.0,976.0,1471.0,668.0,21.1,53.2,1.3181
958.0,5.9,805.0,886.0,1551.0,835.0,22.0,51.0,1.3296
959.0,6.8,848.0,859.0,1572.0,739.0,25.0,41.6,1.301
997.0,8.8,933.0,799.0,1612.0,763.0,26.7,36.4,1.2596
916.0,6.7,843.0,891.0,1511.0,614.0,29.1,29.7,1.1751
895.0,6.4,831.0,946.0,1473.0,566.0,31.2,23.4,1.0487
855.0,6.0,812.0,982.0,1416.0,508.0,32.4,20.5,0.9806
861.0,6.0,811.0,997.0,1409.0,509.0,33.3,19.2,0.9634
821.0,5.0,766.0,1071.0,1323.0,457.0,33.1,16.8,0.8391
835.0,4.4,731.0,1108.0,1323.0,438.0,33.1,18.3,0.9081
813.0,4.4,732.0,1118.0,1303.0,427.0,32.4,18.0,0.8599
833.0,5.5,786.0,1064.0,1328.0,453.0,31.8,18.7,0.8624
859.0,5.8,803.0,1032.0,1363.0,479.0,30.3,21.4,0.9064
887.0,5.3,778.0,978.0,1387.0,500.0,27.2,28.2,1.0013
970.0,8.0,900.0,856.0,1559.0,647.0,26.1,33.7,1.1228
990.0,7.2,866.0,866.0,1551.0,728.0,24.7,38.8,1.1929
1022.0,8.0,899.0,846.0,1588.0,820.0,23.4,43.2,1.229
1075.0,10.4,993.0,781.0,1682.0,946.0,23.1,44.2,1.2317
1088.0,11.6,1035.0,751.0,1713.0,1018.0,22.7,45.3,1.2299
925.0,6.4,831.0,880.0,1513.0,789.0,21.6,47.5,1.2118
853.0,4.1,716.0,994.0,1423.0,647.0,22.0,45.8,1.1965
918.0,6.4,830.0,875.0,1548.0,785.0,20.4,51.3,1.2131
796.0,2.7,636.0,1092.0,1387.0,576.0,20.6,50.3,1.2041
796.0,2.6,628.0,1136.0,1385.0,555.0,20.6,50.6,1.2119
795.0,2.3,606.0,1152.0,1369.0,552.0,21.3,48.8,1.2189
842.0,3.1,656.0,1080.0,1427.0,620.0,20.4,52.6,1.247
850.0,3.1,659.0,1077.0,1402.0,557.0,23.5,44.0,1.2596
884.0,4.0,709.0,1027.0,1442.0,556.0,25.7,37.9,1.2334
907.0,4.6,741.0,983.0,1486.0,573.0,27.9,33.6,1.2433
846.0,3.9,703.0,1034.0,1380.0,514.0,29.0,28.3,1.1116
827.0,3.8,697.0,1070.0,1371.0,478.0,29.5,25.9,1.0489
804.0,2.8,636.0,1185.0,1321.0,424.0,31.8,22.3,1.0366
775.0,2.5,619.0,1254.0,1272.0,386.0,32.2,20.0,0.9488
802.0,3.0,651.0,1206.0,1282.0,403.0,32.4,19.3,0.922
844.0,4.7,751.0,1064.0,1327.0,462.0,33.0,17.7,0.8758
881.0,5.0,765.0,1029.0,1359.0,489.0,32.0,19.8,0.9273
877.0,4.5,736.0,1077.0,1347.0,463.0,29.6,24.1,0.9831
931.0,7.7,885.0,892.0,1467.0,585.0,26.9,27.1,0.948
1011.0,9.7,967.0,818.0,1565.0,748.0,25.3,30.9,0.9815
1035.0,11.0,1015.0,757.0,1651.0,940.0,24.2,35.9,1.0684
1153.0,11.8,1042.0,733.0,1700.0,1022.0,23.2,43.2,1.2104
1020.0,8.7,929.0,805.0,1615.0,929.0,22.7,43.9,1.1962
954.0,7.5,879.0,837.0,1550.0,834.0,21.6,44.0,1.1244
903.0,5.7,800.0,911.0,1478.0,751.0,20.7,46.4,1.1198
779.0,2.0,581.0,1204.0,1323.0,505.0,21.2,46.2,1.1482
761.0,1.4,540.0,1269.0,1303.0,486.0,22.7,42.3,1.1491
780.0,1.8,568.0,1200.0,1331.0,501.0,19.9,51.3,1.1803
835.0,3.3,672.0,1053.0,1423.0,628.0,20.0,51.8,1.1967
1004.0,9.4,955.0,758.0,1671.0,1043.0,18.5,57.4,1.2076
1272.0,21.1,1328.0,567.0,2085.0,1463.0,19.6,54.3,1.2278
1173.0,17.2,1217.0,625.0,1945.0,1358.0,21.3,49.7,1.2452
986.0,8.5,922.0,820.0,1586.0,971.0,21.7,46.3,1.1867
942.0,6.8,849.0,907.0,1496.0,894.0,23.4,39.4,1.1172
957.0,7.4,875.0,891.0,1525.0,871.0,25.7,33.0,1.0763
1024.0,12.1,1052.0,779.0,1690.0,952.0,28.5,27.3,1.0479
962.0,9.6,963.0,835.0,1592.0,843.0,27.0,27.9,0.9812
958.0,7.4,873.0,868.0,1550.0,750.0,24.2,36.9,1.0966
933.0,6.4,831.0,888.0,1514.0,710.0,26.0,34.9,1.1509
942.0,8.3,912.0,842.0,1551.0,814.0,24.8,33.1,1.0222
1073.0,14.0,1117.0,693.0,1762.0,1052.0,24.0,36.3,1.0708
1086.0,15.3,1159.0,686.0,1782.0,1060.0,23.6,35.5,1.0187
1091.0,15.4,1161.0,682.0,1797.0,1153.0,23.6,35.7,1.0282
980.0,10.9,1009.0,786.0,1625.0,986.0,23.3,34.5,0.9768
904.0,7.5,877.0,890.0,1488.0,781.0,22.5,36.8,0.988
865.0,5.2,773.0,991.0,1414.0,653.0,21.3,38.7,0.9686
898.0,7.1,863.0,911.0,1493.0,777.0,20.9,39.4,0.9596
945.0,7.6,883.0,837.0,1563.0,1015.0,19.8,47.7,1.093
854.0,5.0,764.0,932.0,1476.0,922.0,19.3,51.4,1.1387
751.0,2.0,587.0,1165.0,1353.0,678.0,18.4,53.4,1.117
723.0,1.5,544.0,1274.0,1315.0,584.0,18.8,51.1,1.1
754.0,2.5,620.0,1102.0,1372.0,725.0,16.3,59.8,1.1042
758.0,3.3,670.0,1070.0,1365.0,688.0,16.6,56.8,1.0629
873.0,7.3,871.0,871.0,1528.0,887.0,16.2,57.4,1.0515
1176.0,23.8,1398.0,567.0,2120.0,1494.0,17.3,54.3,1.0631
1257.0,27.6,1495.0,524.0,2245.0,1647.0,19.2,48.8,1.0751
1137.0,16.7,1200.0,648.0,1821.0,1489.0,21.7,42.4,1.0859
1064.0,14.3,1126.0,711.0,1656.0,1361.0,26.4,29.9,1.0138
1026.0,13.3,1094.0,769.0,1629.0,1224.0,31.3,19.1,0.8634
986.0,14.5,1133.0,773.0,1619.0,1174.0,33.7,15.4,0.7913
908.0,11.5,1031.0,857.0,1469.0,901.0,34.5,13.3,0.7158
888.0,10.8,1007.0,870.0,1448.0,794.0,33.8,13.9,0.7172
843.0,6.4,830.0,995.0,1339.0,577.0,30.1,19.4,0.8157
905.0,8.8,931.0,876.0,1460.0,776.0,28.3,21.3,0.8054
1023.0,14.3,1127.0,760.0,1635.0,982.0,31.9,18.3,0.8523
1125.0,19.4,1279.0,662.0,1840.0,1256.0,32.0,20.1,0.9364
1211.0,27.1,1483.0,586.0,2092.0,1483.0,28.9,24.1,0.9495
1140.0,19.7,1289.0,634.0,1884.0,1390.0,27.3,27.1,0.967
1029.0,13.6,1105.0,737.0,1666.0,1195.0,26.0,28.5,0.9484
981.0,12.1,1054.0,768.0,1592.0,1135.0,25.2,28.6,0.9008
971.0,11.0,1014.0,788.0,1585.0,1115.0,24.3,31.1,0.9316
927.0,8.8,930.0,840.0,1522.0,1026.0,23.6,33.8,0.9685
868.0,6.7,846.0,925.0,1448.0,836.0,23.0,33.8,0.9406
863.0,6.3,824.0,905.0,1469.0,925.0,22.2,38.4,1.0126
820.0,4.1,716.0,994.0,1380.0,933.0,20.4,42.6,1.0083
777.0,2.9,645.0,1076.0,1334.0,781.0,20.5,42.3,1.0091
855.0,5.0,762.0,942.0,1444.0,959.0,18.8,49.0,1.0505
960.0,9.9,973.0,769.0,1616.0,1155.0,18.8,49.4,1.0624
1310.0,27.5,1492.0,527.0,2194.0,1686.0,19.9,46.5,1.071
1339.0,30.4,1561.0,498.0,2357.0,1791.0,22.1,41.7,1.098
1211.0,19.8,1290.0,606.0,1913.0,1643.0,24.0,36.4,1.0706
1068.0,15.7,1171.0,711.0,1717.0,1360.0,30.2,22.8,0.9616
932.0,11.3,1026.0,851.0,1523.0,944.0,33.4,17.1,0.8627
949.0,12.6,1069.0,819.0,1547.0,905.0,35.1,15.0,0.8381
944.0,11.9,1045.0,829.0,1525.0,884.0,34.1,16.0,0.8408
966.0,14.4,1131.0,800.0,1612.0,968.0,35.7,13.6,0.7836
940.0,12.4,1063.0,848.0,1539.0,929.0,35.3,13.8,0.7767
934.0,11.7,1041.0,865.0,1496.0,936.0,32.3,16.7,0.7946
1052.0,18.4,1252.0,739.0,1729.0,1107.0,36.0,13.3,0.7773
1109.0,22.9,1374.0,676.0,1795.0,1225.0,35.8,13.7,0.7868
1169.0,25.0,1430.0,636.0,1901.0,1372.0,32.3,18.4,0.8753
1093.0,15.5,1163.0,717.0,1705.0,1139.0,29.7,25.0,1.0246
1084.0,16.7,1200.0,686.0,1753.0,1505.0,27.8,26.6,0.9748
970.0,11.2,1023.0,787.0,1552.0,1074.0,26.3,27.3,0.9238
951.0,9.0,939.0,849.0,1488.0,868.0,25.3,30.0,0.9508
1038.0,12.1,1053.0,744.0,1631.0,1095.0,24.0,34.9,1.0271
950.0,8.9,937.0,802.0,1566.0,989.0,23.4,38.6,1.0968
831.0,3.7,695.0,1033.0,1355.0,658.0,23.5,38.3,1.0972
813.0,3.1,656.0,1070.0,1332.0,603.0,22.0,42.6,1.1146
797.0,2.5,621.0,1105.0,1303.0,562.0,21.6,44.0,1.1225
824.0,3.1,660.0,1033.0,1342.0,618.0,21.4,45.6,1.1493
879.0,5.7,796.0,912.0,1454.0,747.0,21.1,47.1,1.1641
1132.0,15.6,1166.0,652.0,1827.0,1229.0,21.3,48.4,1.2119
1291.0,25.2,1434.0,526.0,2239.0,1494.0,22.9,47.9,1.3208
1193.0,15.4,1160.0,630.0,1927.0,1281.0,24.4,45.5,1.3721
1057.0,8.4,914.0,796.0,1665.0,954.0,27.6,38.0,1.3818
1027.0,8.0,899.0,822.0,1563.0,810.0,31.1,29.6,1.318
1084.0,12.1,1052.0,736.0,1677.0,882.0,33.4,24.7,1.2516
1032.0,12.6,1071.0,742.0,1619.0,840.0,35.7,18.9,1.0865
977.0,10.6,998.0,810.0,1554.0,743.0,36.2,18.1,1.0724
1039.0,12.6,1069.0,773.0,1646.0,880.0,37.1,17.7,1.094
1056.0,14.3,1127.0,734.0,1694.0,928.0,36.5,18.1,1.0887
1164.0,20.3,1306.0,648.0,1886.0,1218.0,35.5,19.1,1.0888
1124.0,20.5,1309.0,655.0,1845.0,1170.0,33.7,20.0,1.0275
1152.0,22.1,1355.0,628.0,1879.0,1620.0,30.5,22.7,0.9763
1223.0,23.8,1399.0,592.0,1940.0,1508.0,28.7,26.2,1.0144
1058.0,14.7,1139.0,696.0,1699.0,1318.0,26.7,28.9,0.9981
1049.0,15.1,1152.0,693.0,1730.0,1189.0,25.7,31.6,1.0285
1010.0,10.8,1006.0,779.0,1589.0,1000.0,24.5,35.7,1.0807
981.0,10.2,985.0,779.0,1572.0,1020.0,24.3,36.3,1.0852
886.0,6.5,834.0,904.0,1440.0,767.0,23.8,36.9,1.0748
821.0,3.9,706.0,1021.0,1360.0,674.0,23.7,37.3,1.076
784.0,2.8,641.0,1114.0,1319.0,588.0,22.2,40.6,1.0729
771.0,2.1,593.0,1155.0,1291.0,545.0,21.6,42.2,1.0762
819.0,3.4,677.0,1048.0,1379.0,685.0,20.3,46.8,1.1
836.0,4.7,747.0,961.0,1384.0,702.0,20.7,45.9,1.1088
1114.0,15.8,1174.0,667.0,1819.0,1188.0,20.5,47.7,1.1419
1319.0,26.6,1470.0,520.0,2276.0,1589.0,22.4,46.6,1.247
1211.0,14.8,1143.0,632.0,1860.0,1331.0,24.2,48.5,1.4452
1051.0,9.3,950.0,802.0,1593.0,1040.0,28.8,33.0,1.2825
1108.0,12.0,1049.0,749.0,1701.0,1137.0,32.8,25.2,1.2325
1014.0,10.9,1012.0,795.0,1548.0,851.0,34.4,19.9,1.0647
1003.0,11.9,1047.0,769.0,1578.0,782.0,36.5,16.7,1.0045
1021.0,13.2,1092.0,764.0,1606.0,908.0,37.5,14.3,0.9099
986.0,8.9,937.0,833.0,1473.0,806.0,38.0,15.5,1.0119
1098.0,13.0,1084.0,754.0,1648.0,985.0,38.1,16.5,1.0828
1157.0,18.2,1245.0,665.0,1782.0,1211.0,37.3,17.3,1.084
1190.0,23.7,1395.0,606.0,1914.0,1411.0,35.9,17.7,1.0316
1183.0,21.6,1341.0,628.0,1881.0,1395.0,32.4,21.5,1.0303
1231.0,21.6,1341.0,626.0,1937.0,1578.0,30.3,25.6,1.0879
1102.0,16.5,1195.0,690.0,1762.0,1325.0,28.5,27.8,1.0665
1041.0,12.3,1060.0,748.0,1629.0,1185.0,26.9,30.5,1.0671
1090.0,13.6,1103.0,695.0,1686.0,1235.0,25.7,33.5,1.0918
1074.0,12.8,1078.0,685.0,1673.0,1317.0,24.7,36.9,1.1302
977.0,9.4,956.0,765.0,1581.0,1114.0,23.6,39.2,1.1306
949.0,8.3,910.0,816.0,1552.0,1015.0,22.2,43.0,1.1363
912.0,6.7,842.0,863.0,1489.0,1015.0,21.2,45.8,1.1353
863.0,4.6,746.0,919.0,1415.0,961.0,21.3,45.9,1.1471
834.0,3.6,689.0,988.0,1367.0,796.0,21.6,45.0,1.151
865.0,5.0,764.0,917.0,1430.0,826.0,21.3,46.5,1.1608
974.0,8.2,908.0,793.0,1546.0,1057.0,21.1,46.9,1.1585
1079.0,10.7,1004.0,713.0,1628.0,1302.0,22.8,43.0,1.1731
1084.0,10.3,990.0,734.0,1633.0,1284.0,25.0,38.3,1.198
1107.0,12.9,1080.0,714.0,1675.0,1348.0,30.9,26.9,1.1835
1040.0,11.0,1015.0,775.0,1543.0,1025.0,35.1,19.2,1.0664
1019.0,8.3,913.0,840.0,1428.0,759.0,36.9,17.2,1.0576
1003.0,8.2,907.0,862.0,1427.0,680.0,39.3,13.9,0.9715
925.0,5.2,772.0,1001.0,1308.0,516.0,40.3,12.6,0.9302
910.0,4.6,743.0,1039.0,1282.0,500.0,39.7,13.5,0.965
1012.0,7.2,868.0,884.0,1435.0,700.0,41.1,13.1,1.0124
1100.0,9.4,954.0,809.0,1512.0,1360.0,40.1,14.9,1.0828
1046.0,8.0,901.0,849.0,1464.0,722.0,37.4,17.0,1.0757
1083.0,10.7,1003.0,787.0,1524.0,842.0,34.0,19.2,1.0073
1050.0,9.6,962.0,810.0,1496.0,879.0,31.7,21.6,0.9959
1050.0,8.7,927.0,830.0,1475.0,836.0,29.7,24.2,0.9926
1142.0,11.6,1035.0,746.0,1611.0,1062.0,27.9,27.6,1.0252
1165.0,11.8,1043.0,717.0,1644.0,1188.0,26.8,29.9,1.0402
1136.0,10.5,995.0,727.0,1591.0,1236.0,25.8,33.0,1.0826
986.0,5.5,790.0,869.0,1422.0,853.0,26.3,33.1,1.1199
971.0,5.5,790.0,871.0,1447.0,875.0,24.3,38.1,1.1398
908.0,3.8,701.0,971.0,1381.0,704.0,24.7,36.4,1.1158
882.0,2.9,648.0,1023.0,1338.0,666.0,23.3,39.5,1.1176
900.0,3.4,674.0,974.0,1355.0,679.0,21.1,45.6,1.1246
935.0,4.1,716.0,915.0,1415.0,877.0,20.2,48.5,1.1319
939.0,4.1,718.0,927.0,1395.0,826.0,21.3,45.5,1.1405
982.0,4.7,750.0,893.0,1417.0,881.0,22.6,31.0,0.8372
1088.0,7.1,862.0,786.0,1519.0,1110.0,25.7,34.8,1.1292
1065.0,7.4,872.0,831.0,1481.0,927.0,31.6,23.8,1.0842
1016.0,7.3,868.0,889.0,1407.0,665.0,36.3,16.3,0.9727
930.0,4.2,723.0,1035.0,1263.0,474.0,37.9,15.0,0.9728
928.0,4.1,716.0,1060.0,1252.0,459.0,39.4,13.7,0.9639
889.0,3.8,698.0,1132.0,1234.0,437.0,40.2,12.3,0.8983
966.0,5.8,802.0,968.0,1383.0,607.0,41.3,11.9,0.9252
973.0,5.6,792.0,977.0,1356.0,620.0,41.4,11.8,0.9282
950.0,4.8,754.0,1003.0,1325.0,551.0,40.1,13.6,0.9953
982.0,5.3,780.0,974.0,1374.0,532.0,37.6,16.4,1.0458
990.0,6.1,814.0,929.0,1399.0,578.0,33.9,20.3,1.0522
1017.0,7.4,873.0,874.0,1464.0,721.0,31.6,22.9,1.0469
1067.0,9.0,938.0,825.0,1520.0,912.0,29.7,24.8,1.016
1147.0,11.7,1040.0,745.0,1635.0,1155.0,29.0,27.0,1.063
1132.0,11.0,1014.0,728.0,1628.0,1279.0,27.9,30.4,1.1249
976.0,6.0,814.0,855.0,1448.0,1018.0,28.0,30.6,1.1396
920.0,4.3,730.0,944.0,1393.0,842.0,26.8,32.3,1.1235
879.0,2.8,642.0,1031.0,1343.0,740.0,26.6,33.0,1.1338
854.0,2.3,604.0,1090.0,1317.0,625.0,23.7,38.6,1.1159
880.0,2.9,649.0,1022.0,1374.0,739.0,22.2,42.8,1.1317
925.0,4.1,717.0,936.0,1455.0,970.0,21.2,46.3,1.1501
1044.0,8.3,912.0,758.0,1604.0,1177.0,21.4,46.5,1.172
1279.0,16.6,1197.0,599.0,1906.0,1518.0,22.9,43.0,1.1826
1403.0,25.6,1443.0,508.0,2234.0,1811.0,25.2,38.6,1.2215
1282.0,17.7,1230.0,594.0,1924.0,1696.0,27.1,34.9,1.231
1262.0,16.2,1187.0,633.0,1842.0,1603.0,32.4,24.8,1.1886
1195.0,15.1,1153.0,678.0,1732.0,1370.0,36.8,18.0,1.0945
1173.0,14.3,1127.0,709.0,1678.0,1194.0,39.1,16.0,1.11
1102.0,10.8,1007.0,777.0,1534.0,880.0,39.2,16.4,1.1439
1076.0,10.1,982.0,799.0,1523.0,748.0,40.5,14.9,1.111
1078.0,10.9,1012.0,777.0,1523.0,868.0,41.4,13.8,1.0786
1100.0,11.0,1014.0,761.0,1533.0,959.0,40.5,14.9,1.114
1234.0,16.8,1205.0,658.0,1781.0,1160.0,39.6,17.0,1.2064
1323.0,20.7,1316.0,586.0,1911.0,1453.0,37.7,19.8,1.2715
1263.0,19.5,1283.0,610.0,1863.0,1400.0,34.3,24.2,1.2857
1216.0,14.6,1136.0,658.0,1737.0,1265.0,31.7,28.1,1.2912
1247.0,14.3,1127.0,664.0,1761.0,1366.0,30.2,30.8,1.3008
1264.0,15.9,1177.0,628.0,1820.0,1593.0,29.4,33.0,1.3343
1111.0,10.3,988.0,728.0,1619.0,1336.0,29.2,33.1,1.3202
1068.0,8.8,931.0,762.0,1576.0,1317.0,27.6,36.6,1.332
1015.0,6.8,850.0,802.0,1531.0,1173.0,27.2,36.9,1.3147
989.0,6.3,827.0,827.0,1513.0,1163.0,25.4,41.0,1.3079
930.0,3.9,708.0,924.0,1440.0,1012.0,25.2,41.5,1.3106
952.0,4.1,717.0,879.0,1481.0,1164.0,23.4,47.4,1.3475
981.0,4.7,747.0,856.0,1493.0,1090.0,25.1,44.0,1.3794
1138.0,9.9,974.0,683.0,1716.0,1338.0,23.9,46.5,1.3637
1472.0,24.8,1424.0,499.0,2257.0,1808.0,24.8,43.2,1.3387
1626.0,37.3,1713.0,412.0,2643.0,2176.0,27.0,38.7,1.361
1480.0,26.2,1460.0,494.0,2238.0,2028.0,29.4,33.6,1.3526
1367.0,21.6,1342.0,567.0,2002.0,1758.0,34.8,23.4,1.2781
1245.0,16.1,1181.0,645.0,1747.0,1350.0,38.1,18.5,1.2108
1194.0,13.0,1083.0,685.0,1632.0,1060.0,38.9,18.0,1.2318
1156.0,13.4,1096.0,713.0,1615.0,954.0,39.8,16.0,1.1444
1107.0,13.7,1106.0,727.0,1615.0,1024.0,41.7,12.5,0.9941
1127.0,14.0,1117.0,714.0,1625.0,1092.0,42.8,12.3,1.0326
1083.0,10.4,994.0,771.0,1544.0,927.0,41.4,14.2,1.1128
1289.0,17.5,1225.0,632.0,1796.0,1274.0,41.3,15.5,1.21
1209.0,12.9,1082.0,685.0,1662.0,978.0,38.3,19.4,1.2851
1221.0,14.9,1145.0,648.0,1753.0,1050.0,34.7,23.3,1.2653
1255.0,15.5,1164.0,638.0,1793.0,1301.0,32.6,26.3,1.2754
1163.0,11.2,1022.0,695.0,1644.0,1141.0,30.9,29.0,1.275
1234.0,14.3,1126.0,644.0,1782.0,1252.0,30.1,30.2,1.2711
1240.0,14.2,1124.0,645.0,1799.0,1300.0,29.0,33.4,1.3149
1128.0,10.0,978.0,733.0,1683.0,1193.0,28.3,36.8,1.3906
1057.0,7.6,881.0,784.0,1574.0,1081.0,27.6,38.2,1.3911
1026.0,5.8,801.0,816.0,1545.0,1094.0,25.8,43.1,1.4113
925.0,3.1,656.0,967.0,1440.0,917.0,27.4,39.1,1.4072
917.0,2.7,635.0,1006.0,1421.0,727.0,26.3,40.9,1.3803
1011.0,5.4,782.0,828.0,1562.0,1116.0,23.3,50.1,1.41
1079.0,7.3,869.0,751.0,1634.0,1223.0,23.1,49.7,1.3863
1322.0,18.4,1250.0,562.0,1999.0,1556.0,24.2,46.4,1.3834
1526.0,27.7,1495.0,471.0,2405.0,1904.0,25.8,42.2,1.3774
1338.0,16.9,1207.0,576.0,1951.0,1697.0,28.1,37.3,1.3922
1421.0,22.1,1354.0,545.0,2063.0,1854.0,33.9,26.8,1.397
1197.0,17.0,1209.0,656.0,1770.0,1306.0,38.0,17.2,1.1227
1116.0,12.4,1063.0,736.0,1571.0,980.0,38.9,15.9,1.0896
1115.0,11.5,1031.0,741.0,1561.0,870.0,40.4,15.0,1.1125
1018.0,7.5,880.0,865.0,1421.0,613.0,40.1,15.2,1.1065
1109.0,10.3,989.0,778.0,1537.0,819.0,42.0,14.2,1.1517
1105.0,10.2,984.0,767.0,1532.0,868.0,42.7,14.4,1.2092
1128.0,11.5,1032.0,733.0,1576.0,876.0,41.6,14.5,1.1483
1301.0,17.0,1210.0,623.0,1813.0,1153.0,39.6,18.8,1.3413
1416.0,21.5,1339.0,544.0,1998.0,1492.0,36.1,25.5,1.4949
1301.0,18.6,1256.0,593.0,1914.0,1382.0,33.3,29.9,1.5079
1261.0,15.3,1158.0,628.0,1837.0,1303.0,31.2,33.2,1.4831
1295.0,17.0,1211.0,602.0,1917.0,1404.0,30.1,35.8,1.5034
1239.0,14.4,1129.0,637.0,1839.0,1308.0,28.9,39.1,1.537
1229.0,13.6,1103.0,627.0,1866.0,1320.0,27.8,43.3,1.5929
1125.0,9.6,963.0,713.0,1719.0,1179.0,26.9,46.1,1.608
1044.0,6.4,832.0,794.0,1580.0,1160.0,26.4,47.1,1.5947
976.0,4.8,754.0,842.0,1545.0,1070.0,25.2,51.4,1.621
1015.0,5.4,781.0,796.0,1595.0,1181.0,23.8,55.4,1.6073
954.0,4.1,715.0,867.0,1527.0,1010.0,24.9,50.6,1.5755
1032.0,6.3,826.0,781.0,1627.0,1075.0,25.0,49.2,1.5418
1518.0,26.9,1476.0,469.0,2388.0,1839.0,24.7,50.9,1.5593
1602.0,35.6,1678.0,410.0,2662.0,2105.0,26.4,46.3,1.5722
1362.0,17.5,1225.0,551.0,2003.0,1826.0,28.1,42.0,1.5735
1394.0,19.9,1294.0,555.0,2031.0,1834.0,34.0,29.9,1.5614
1205.0,12.6,1070.0,682.0,1735.0,1268.0,37.3,22.9,1.4373
1210.0,14.0,1118.0,658.0,1742.0,1422.0,40.1,19.0,1.3849
1138.0,12.2,1055.0,712.0,1624.0,1028.0,42.0,15.8,1.2759
1079.0,11.1,1019.0,749.0,1559.0,929.0,42.8,14.3,1.2003
1158.0,14.3,1126.0,693.0,1654.0,1150.0,44.3,13.0,1.183
1186.0,15.1,1151.0,680.0,1686.0,1235.0,44.6,12.6,1.1684
1261.0,18.6,1258.0,629.0,1813.0,1315.0,43.4,14.8,1.2882
1339.0,22.0,1352.0,569.0,1990.0,1469.0,40.6,18.2,1.368
1342.0,23.0,1377.0,567.0,2017.0,1515.0,37.1,21.3,1.3223
1317.0,21.1,1327.0,575.0,1996.0,1510.0,34.5,25.5,1.368
1210.0,15.0,1148.0,639.0,1849.0,1327.0,32.2,30.4,1.4433
1220.0,13.6,1105.0,643.0,1838.0,1318.0,30.4,35.4,1.5144
1276.0,14.6,1135.0,625.0,1887.0,1436.0,29.4,38.7,1.5581
1270.0,16.3,1189.0,592.0,1917.0,1608.0,28.6,38.7,1.4921
1053.0,8.8,933.0,743.0,1658.0,1257.0,27.7,40.5,1.4835
956.0,6.0,813.0,846.0,1544.0,1094.0,28.0,39.8,1.4803
954.0,5.5,790.0,826.0,1564.0,1066.0,24.8,48.5,1.4953
912.0,3.9,706.0,891.0,1500.0,1022.0,25.6,45.8,1.4801
973.0,5.8,802.0,806.0,1597.0,1139.0,23.6,51.5,1.4852
1037.0,8.2,906.0,743.0,1707.0,1158.0,25.1,46.5,1.4615
1306.0,20.1,1299.0,519.0,2116.0,1602.0,24.5,48.3,1.4593
1367.0,25.5,1441.0,470.0,2283.0,1770.0,26.6,42.8,1.4675
1335.0,21.6,1340.0,519.0,2141.0,1651.0,29.0,37.6,1.4866
1250.0,15.5,1166.0,626.0,1925.0,1435.0,34.2,28.5,1.5071
1142.0,11.2,1021.0,712.0,1670.0,1159.0,37.3,22.9,1.4369
1168.0,15.4,1160.0,671.0,1784.0,1193.0,40.1,17.5,1.2721
1125.0,14.6,1137.0,691.0,1696.0,1094.0,42.2,14.6,1.192
1083.0,12.5,1066.0,725.0,1621.0,912.0,41.9,15.2,1.2173
1080.0,12.3,1059.0,733.0,1622.0,908.0,43.1,13.8,1.1803
1085.0,13.2,1091.0,723.0,1638.0,1010.0,42.8,13.8,1.1681
1115.0,14.7,1140.0,682.0,1746.0,1020.0,41.1,16.5,1.2701
1259.0,19.9,1295.0,600.0,1990.0,1280.0,38.7,20.3,1.3743
1241.0,19.1,1271.0,606.0,1971.0,1287.0,35.8,24.1,1.3924
1156.0,14.8,1144.0,651.0,1832.0,1216.0,33.1,28.3,1.4121
1055.0,8.6,922.0,784.0,1634.0,990.0,30.1,33.9,1.4257
1144.0,11.0,1014.0,712.0,1744.0,1146.0,29.0,36.6,1.4431
1169.0,13.0,1084.0,655.0,1831.0,1273.0,28.5,38.4,1.468
1195.0,15.2,1156.0,621.0,1897.0,1346.0,27.8,39.9,1.4682
1158.0,12.1,1052.0,649.0,1785.0,1353.0,27.0,42.8,1.503
1075.0,9.9,973.0,695.0,1748.0,1231.0,26.4,44.5,1.5119
973.0,6.0,810.0,820.0,1599.0,1002.0,25.8,46.6,1.5269
989.0,6.3,825.0,774.0,1602.0,1126.0,25.1,48.5,1.5266
967.0,5.5,789.0,810.0,1597.0,995.0,24.6,52.2,1.5881
968.0,5.8,803.0,806.0,1586.0,1003.0,24.4,50.5,1.5243
1062.0,8.1,902.0,733.0,1715.0,1055.0,25.2,49.1,1.5546
1143.0,10.0,979.0,677.0,1829.0,1156.0,26.6,50.8,1.7419
1152.0,9.9,976.0,672.0,1800.0,1179.0,28.0,46.9,1.748
1238.0,13.1,1088.0,636.0,1883.0,1306.0,32.7,34.5,1.6798
1103.0,9.2,946.0,737.0,1686.0,934.0,36.6,26.5,1.599
1043.0,6.7,843.0,799.0,1628.0,689.0,37.8,26.3,1.6951
1058.0,6.5,833.0,804.0,1623.0,626.0,38.3,27.1,1.797
960.0,3.4,676.0,983.0,1488.0,488.0,35.4,32.4,1.837
972.0,3.8,699.0,982.0,1505.0,495.0,37.3,28.8,1.8087
1012.0,5.2,775.0,899.0,1547.0,562.0,36.6,28.2,1.697
1021.0,6.0,814.0,858.0,1545.0,615.0,35.1,29.6,1.6452
1034.0,6.0,812.0,866.0,1563.0,660.0,32.3,33.4,1.59
1026.0,5.6,791.0,875.0,1549.0,664.0,29.9,37.9,1.5745
966.0,4.4,735.0,932.0,1494.0,567.0,28.2,41.9,1.5776
948.0,3.7,697.0,983.0,1475.0,506.0,27.2,45.9,1.6316
984.0,5.0,762.0,870.0,1557.0,560.0,27.3,45.7,1.6308
1077.0,7.1,859.0,790.0,1673.0,724.0,27.0,47.1,1.6573
1163.0,7.9,893.0,706.0,1760.0,977.0,23.7,69.3,2.0042
965.0,3.7,692.0,927.0,1549.0,653.0,23.8,63.5,1.8495
941.0,3.6,687.0,949.0,1530.0,642.0,24.7,56.9,1.739
851.0,2.1,589.0,1119.0,1432.0,501.0,25.0,53.1,1.6541
870.0,2.0,581.0,1119.0,1463.0,450.0,24.1,59.6,1.7657
834.0,1.3,527.0,1242.0,1458.0,427.0,22.5,69.1,1.8578
859.0,1.7,561.0,1162.0,1476.0,470.0,23.4,64.4,1.835
843.0,1.5,544.0,1242.0,1442.0,447.0,24.4,57.9,1.7476
851.0,1.6,551.0,1224.0,1443.0,463.0,24.5,56.9,1.7225
853.0,1.7,557.0,1215.0,1435.0,454.0,24.9,54.8,1.7063
908.0,2.7,632.0,1095.0,1494.0,500.0,27.0,47.4,1.6661
928.0,3.6,687.0,1025.0,1491.0,528.0,27.6,43.7,1.5877
905.0,3.0,652.0,1076.0,1446.0,490.0,28.2,42.6,1.6062
901.0,2.9,646.0,1105.0,1446.0,488.0,29.1,40.8,1.6203
869.0,2.5,619.0,1163.0,1417.0,475.0,29.8,38.6,1.5911
891.0,3.1,655.0,1107.0,1452.0,486.0,31.5,34.5,1.5666
855.0,2.3,606.0,1214.0,1403.0,438.0,31.2,36.3,1.6217
911.0,3.0,654.0,1102.0,1466.0,477.0,30.0,41.3,1.7259
989.0,4.0,713.0,954.0,1552.0,626.0,27.6,47.5,1.7266
1048.0,6.3,826.0,853.0,1637.0,747.0,28.8,41.3,1.6164
1049.0,6.6,839.0,846.0,1636.0,858.0,28.5,41.6,1.5959
1035.0,7.3,868.0,833.0,1653.0,775.0,27.7,43.4,1.5833
1034.0,6.8,850.0,831.0,1643.0,803.0,27.3,44.1,1.5751
1022.0,6.3,826.0,857.0,1627.0,777.0,26.9,45.5,1.5926
1007.0,5.9,809.0,876.0,1611.0,770.0,26.6,47.2,1.616
945.0,4.8,755.0,935.0,1553.0,663.0,26.0,48.0,1.5882
880.0,2.9,649.0,1056.0,1465.0,529.0,26.2,45.7,1.5324
837.0,2.2,597.0,1129.0,1414.0,478.0,25.9,46.3,1.524
822.0,1.8,569.0,1204.0,1396.0,429.0,25.6,46.8,1.5111
860.0,2.5,623.0,1097.0,1466.0,552.0,25.3,47.6,1.5159
1023.0,6.8,847.0,830.0,1663.0,916.0,25.4,48.5,1.5507
1150.0,11.2,1020.0,686.0,1842.0,1169.0,26.5,46.3,1.5768
1088.0,9.7,965.0,734.0,1744.0,1049.0,27.9,42.7,1.5754
993.0,7.2,866.0,832.0,1637.0,823.0,28.8,38.9,1.5184
962.0,6.8,849.0,861.0,1559.0,804.0,31.7,31.5,1.4487
974.0,8.1,905.0,838.0,1596.0,805.0,33.9,26.9,1.3964
998.0,8.3,913.0,834.0,1635.0,826.0,34.7,26.5,1.4408
964.0,8.6,923.0,834.0,1590.0,782.0,35.4,24.8,1.4017
903.0,5.3,780.0,975.0,1464.0,593.0,35.2,24.1,1.351
973.0,8.1,903.0,866.0,1563.0,698.0,36.3,22.8,1.3564
976.0,8.2,907.0,867.0,1546.0,719.0,35.4,23.8,1.3443
1026.0,12.0,1048.0,767.0,1651.0,912.0,34.6,23.5,1.2691
1163.0,17.6,1227.0,659.0,1931.0,1129.0,33.0,28.2,1.3921
1082.0,14.5,1134.0,709.0,1763.0,1089.0,32.5,27.9,1.3373
1029.0,11.8,1042.0,756.0,1697.0,1062.0,30.5,29.9,1.2875
991.0,9.4,953.0,815.0,1616.0,924.0,29.1,33.1,1.3126
950.0,7.0,856.0,881.0,1549.0,780.0,28.4,35.8,1.3665
997.0,8.0,898.0,813.0,1613.0,856.0,27.7,37.9,1.3842
912.0,6.0,810.0,873.0,1511.0,861.0,28.3,35.5,1.3414
861.0,4.3,729.0,942.0,1479.0,684.0,27.1,38.6,1.3632
838.0,4.1,719.0,949.0,1466.0,707.0,25.8,40.9,1.3377
784.0,2.0,587.0,1128.0,1392.0,554.0,26.0,40.6,1.3467
800.0,2.4,615.0,1064.0,1396.0,614.0,24.6,43.4,1.3248
825.0,2.7,634.0,1035.0,1402.0,606.0,25.1,42.3,1.326
996.0,6.9,853.0,796.0,1621.0,1023.0,23.1,48.8,1.3638
1086.0,9.2,947.0,724.0,1724.0,1134.0,24.7,46.8,1.4337
1041.0,9.6,962.0,728.0,1694.0,936.0,24.6,45.1,1.3714
991.0,9.1,944.0,765.0,1608.0,868.0,26.2,38.5,1.2932
999.0,9.3,953.0,780.0,1600.0,879.0,29.3,31.0,1.2445
981.0,8.5,918.0,839.0,1572.0,785.0,31.2,26.6,1.192
926.0,6.9,853.0,894.0,1478.0,651.0,31.1,26.2,1.1619
939.0,6.9,853.0,890.0,1528.0,679.0,31.7,26.4,1.2153
915.0,6.4,828.0,928.0,1474.0,630.0,31.7,25.6,1.179
883.0,6.2,820.0,942.0,1413.0,594.0,32.6,22.5,1.0901
926.0,7.3,869.0,925.0,1470.0,655.0,32.8,22.2,1.0835
989.0,10.7,1004.0,818.0,1577.0,783.0,32.4,22.4,1.0701
1003.0,11.9,1045.0,781.0,1602.0,865.0,31.4,22.7,1.027
933.0,10.6,1001.0,819.0,1536.0,776.0,28.4,24.7,0.9404
912.0,9.3,951.0,846.0,1479.0,861.0,27.7,24.2,0.882
888.0,6.7,843.0,892.0,1438.0,729.0,26.1,28.3,0.9456
858.0,7.2,866.0,874.0,1421.0,715.0,25.3,28.4,0.9041
837.0,5.9,809.0,940.0,1355.0,615.0,25.2,27.7,0.874
902.0,8.7,929.0,835.0,1482.0,824.0,24.5,28.0,0.8489
860.0,6.8,847.0,873.0,1426.0,748.0,23.6,31.9,0.9195
794.0,3.8,698.0,999.0,1336.0,767.0,22.8,34.7,0.9514
742.0,2.2,602.0,1156.0,1283.0,513.0,23.6,33.2,0.9577
779.0,3.2,663.0,1022.0,1337.0,671.0,20.5,41.2,0.9802
798.0,3.9,706.0,977.0,1363.0,798.0,20.6,41.5,0.9982
851.0,6.3,827.0,875.0,1449.0,912.0,20.2,42.5,0.9949
1048.0,13.6,1105.0,670.0,1726.0,1151.0,20.9,40.4,0.9884
1210.0,26.7,1472.0,515.0,2112.0,1525.0,22.4,38.0,1.0201
1172.0,22.8,1372.0,575.0,1964.0,1465.0,26.0,29.7,0.9831
1026.0,16.2,1186.0,719.0,1662.0,1138.0,31.4,18.6,0.8398
914.0,10.4,994.0,872.0,1481.0,763.0,34.2,15.8,0.8371
938.0,11.3,1025.0,829.0,1517.0,753.0,35.4,15.3,0.8649
908.0,9.6,962.0,877.0,1409.0,665.0,34.6,15.5,0.8435
892.0,7.8,889.0,909.0,1383.0,597.0,33.9,16.2,0.8454
949.0,10.7,1003.0,830.0,1473.0,730.0,35.3,15.0,0.8463
956.0,10.8,1007.0,838.0,1464.0,730.0,36.8,13.7,0.8335
1070.0,17.3,1218.0,704.0,1697.0,1108.0,34.4,16.4,0.8761
1103.0,17.7,1232.0,679.0,1732.0,1085.0,35.3,16.8,0.9448
1074.0,15.5,1166.0,687.0,1713.0,1013.0,32.3,20.7,0.9875
1086.0,13.6,1105.0,710.0,1682.0,1109.0,29.6,26.1,1.0682
960.0,9.6,964.0,780.0,1532.0,913.0,28.6,27.2,1.048
974.0,9.5,958.0,783.0,1528.0,908.0,27.6,27.4,0.9926
939.0,8.5,918.0,805.0,1472.0,923.0,26.3,29.0,0.9807
954.0,9.0,940.0,776.0,1518.0,959.0,25.4,30.1,0.9602
925.0,7.8,890.0,808.0,1480.0,898.0,24.7,32.1,0.9878
797.0,2.6,624.0,1074.0,1276.0,546.0,25.7,30.9,1.0048
787.0,2.4,610.0,1087.0,1259.0,543.0,25.1,32.6,1.0203
774.0,1.9,577.0,1158.0,1265.0,488.0,23.9,34.4,1.0079
838.0,3.7,693.0,995.0,1371.0,704.0,21.4,40.3,1.0157
918.0,7.1,860.0,807.0,1488.0,943.0,21.2,41.2,1.0246
1125.0,16.6,1199.0,601.0,1850.0,1304.0,21.6,40.9,1.0468
1281.0,26.6,1469.0,491.0,2179.0,1669.0,24.0,36.6,1.0763
1145.0,17.9,1238.0,600.0,1809.0,1507.0,26.8,29.5,1.0209
1088.0,17.9,1238.0,654.0,1709.0,1359.0,31.8,19.4,0.8936
1043.0,14.0,1117.0,742.0,1586.0,1076.0,34.4,16.6,0.8892
998.0,10.1,981.0,786.0,1480.0,797.0,35.3,16.7,0.9402
998.0,9.5,958.0,800.0,1484.0,677.0,36.4,16.8,1.0033
960.0,7.1,860.0,887.0,1417.0,559.0,34.8,19.5,1.0667
1062.0,12.3,1060.0,725.0,1601.0,830.0,38.6,16.1,1.0853
1050.0,11.7,1039.0,756.0,1558.0,734.0,38.5,16.5,1.1037
1096.0,12.8,1078.0,713.0,1600.0,801.0,37.4,18.1,1.1467
1081.0,14.0,1117.0,689.0,1668.0,828.0,35.7,19.8,1.1399
1096.0,13.9,1112.0,687.0,1694.0,865.0,32.0,24.9,1.1663
1051.0,11.7,1039.0,720.0,1641.0,916.0,29.7,28.1,1.1544
1106.0,13.8,1109.0,658.0,1752.0,1106.0,28.5,32.1,1.2296
1177.0,14.8,1142.0,601.0,1868.0,1226.0,27.6,40.5,1.4715
1111.0,11.9,1046.0,651.0,1754.0,1106.0,26.3,45.6,1.5349
1083.0,11.1,1019.0,677.0,1720.0,1087.0,25.7,46.1,1.5025
1005.0,8.0,900.0,747.0,1620.0,1000.0,25.1,46.3,1.4486
942.0,5.6,791.0,841.0,1551.0,859.0,23.5,51.3,1.467
907.0,7.1,863.0,782.0,1669.0,919.0,23.1,52.1,1.4518
867.0,3.5,680.0,932.0,1477.0,777.0,23.7,51.2,1.4795
882.0,4.1,716.0,894.0,1494.0,790.0,23.0,52.2,1.4516
894.0,4.9,761.0,862.0,1504.0,768.0,23.0,49.9,1.3849
1263.0,19.4,1279.0,559.0,2132.0,1388.0,23.0,50.9,1.4105
1380.0,26.3,1463.0,470.0,2322.0,1691.0,24.4,49.3,1.4814
1333.0,22.0,1350.0,511.0,2186.0,1655.0,26.8,46.6,1.6157
1264.0,18.1,1244.0,584.0,1972.0,1496.0,32.2,32.6,1.5412
1115.0,12.1,1053.0,686.0,1722.0,1086.0,34.8,26.0,1.4241
1078.0,9.4,956.0,742.0,1628.0,763.0,36.1,24.8,1.4628
1055.0,10.1,980.0,742.0,1610.0,688.0,37.7,21.8,1.3977
1031.0,10.5,995.0,752.0,1580.0,694.0,36.9,21.8,1.3384
1033.0,10.8,1006.0,749.0,1564.0,725.0,39.1,18.7,1.2884
1043.0,9.6,962.0,777.0,1554.0,686.0,39.3,18.9,1.318
1118.0,13.0,1084.0,684.0,1723.0,838.0,38.2,21.8,1.4312
1137.0,15.5,1165.0,649.0,1840.0,974.0,36.6,23.3,1.4042
1153.0,16.5,1194.0,628.0,1874.0,1038.0,33.3,28.7,1.4454
1145.0,14.5,1134.0,647.0,1828.0,1108.0,30.9,34.2,1.5064
1149.0,13.2,1092.0,667.0,1808.0,1135.0,29.1,38.9,1.5384
1149.0,14.8,1143.0,620.0,1827.0,1143.0,28.1,40.3,1.5086
1052.0,10.7,1002.0,716.0,1667.0,908.0,27.0,41.6,1.4596
993.5,8.55,917.0,762.5,1616.5,843.0,26.35,44.2,1.4913
935.0,6.4,832.0,809.0,1566.0,778.0,25.7,46.8,1.523
935.0,5.5,787.0,864.0,1588.0,728.0,25.1,51.1,1.6044
930.0,5.2,772.0,854.0,1613.0,728.0,23.7,56.5,1.6341
880.0,3.9,704.0,913.0,1529.0,676.0,23.8,55.3,1.6068
916.0,4.7,748.0,878.0,1559.0,742.0,23.7,54.6,1.5823
975.0,7.3,871.0,771.0,1666.0,942.0,22.6,58.8,1.5903
948.0,6.4,829.0,801.0,1600.0,926.0,24.0,53.4,1.5748
1069.0,9.2,947.0,728.0,1763.0,1039.0,25.2,51.0,1.6131
1210.0,12.5,1067.0,642.0,1879.0,1158.0,27.3,47.1,1.6807
1272.0,15.7,1170.0,620.0,1957.0,1347.0,32.8,33.4,1.633
1240.0,15.9,1175.0,614.0,1895.0,1262.0,36.0,28.0,1.6304
1171.0,14.6,1135.0,654.0,1797.0,1073.0,38.5,23.8,1.5944
1072.0,11.7,1039.0,745.0,1611.0,817.0,39.8,20.5,1.4687
970.0,7.4,873.0,859.0,1423.0,606.0,38.1,22.0,1.4402
938.0,6.1,816.0,917.0,1418.0,506.0,40.0,20.0,1.4517
976.0,6.9,852.0,866.0,1467.0,559.0,40.4,19.8,1.4724
958.0,6.2,820.0,886.0,1452.0,530.0,39.1,20.7,1.427
1014.0,8.1,903.0,816.0,1554.0,612.0,37.3,24.3,1.5222
1091.0,10.2,987.0,737.0,1711.0,774.0,34.0,30.9,1.6158
1080.0,10.7,1004.0,724.0,1704.0,899.0,31.8,34.5,1.5911
1128.0,13.0,1082.0,675.0,1817.0,1066.0,30.1,37.7,1.5799
1105.0,11.4,1027.0,684.0,1758.0,1040.0,28.6,42.3,1.6251
1141.0,13.3,1095.0,642.0,1816.0,1139.0,27.7,44.6,1.6304
1104.0,11.2,1020.0,681.0,1771.0,1086.0,26.6,47.5,1.6265
1065.0,9.8,970.0,698.0,1724.0,1049.0,25.7,50.7,1.6491
971.0,6.2,821.0,820.0,1637.0,811.0,25.1,53.9,1.689
891.0,3.6,691.0,941.0,1553.0,629.0,24.8,58.7,1.8089
936.0,4.0,713.0,883.0,1584.0,723.0,23.5,63.6,1.8223
845.0,2.6,625.0,993.0,1513.0,646.0,24.3,59.4,1.7838
872.0,2.6,627.0,997.0,1530.0,670.0,23.3,62.0,1.7547
903.0,2.9,648.0,975.0,1559.0,603.0,24.1,63.1,1.8619
971.0,4.2,722.0,876.0,1624.0,687.0,25.0,60.7,1.892
1006.0,5.5,789.0,824.0,1657.0,733.0,27.3,52.4,1.8707
1012.0,5.8,804.0,832.0,1638.0,766.0,32.4,37.3,1.7808
975.0,4.5,737.0,896.0,1531.0,621.0,35.4,31.3,1.7736
944.0,4.3,730.0,933.0,1495.0,560.0,37.4,28.2,1.7808
857.0,3.5,685.0,1055.0,1331.0,451.0,39.2,20.2,1.4104
824.0,3.5,683.0,1119.0,1270.0,393.0,38.1,18.5,1.2141
868.0,3.9,707.0,1063.0,1325.0,417.0,40.2,17.7,1.2989
908.0,4.7,748.0,1020.0,1373.0,451.0,39.7,19.1,1.3646
912.0,5.3,776.0,991.0,1379.0,461.0,38.5,19.8,1.326
986.0,6.4,830.0,906.0,1482.0,536.0,36.6,24.6,1.4872
1037.0,8.0,900.0,817.0,1584.0,619.0,33.1,32.7,1.62
1088.0,9.2,948.0,743.0,1667.0,766.0,30.7,38.7,1.678
1093.0,9.1,944.0,711.0,1655.0,785.0,29.5,42.7,1.7316
1142.0,9.1,945.0,682.0,1736.0,793.0,27.8,52.6,1.9398
1170.0,9.5,959.0,666.0,1798.0,838.0,27.4,55.5,1.9998
1142.0,9.1,945.0,672.0,1775.0,799.0,27.3,57.1,2.0426
986.0,5.0,762.0,821.0,1573.0,553.0,26.7,60.1,2.067
942.0,3.7,696.0,916.0,1542.0,465.0,26.2,61.6,2.0575
882.0,2.2,595.0,1097.0,1463.0,406.0,25.5,62.8,2.0236
854.0,1.6,553.0,1203.0,1418.0,396.0,25.5,61.8,1.9831
910.0,2.7,630.0,1061.0,1504.0,468.0,25.1,62.4,1.9602
1005.0,5.6,791.0,829.0,1650.0,638.0,24.6,62.7,1.9158
1193.0,13.0,1085.0,610.0,1947.0,1097.0,25.7,58.9,1.9156
1297.0,17.8,1233.0,544.0,2129.0,1248.0,27.1,54.4,1.9206
1180.0,11.5,1031.0,633.0,1866.0,1067.0,28.4,50.7,1.9329
1134.0,11.1,1017.0,689.0,1774.0,964.0,32.7,36.9,1.7953
1113.0,11.0,1013.0,702.0,1781.0,903.0,34.0,32.7,1.7146
1084.0,10.7,1004.0,706.0,1761.0,839.0,35.6,29.2,1.6684
1009.0,8.5,921.0,778.0,1635.0,692.0,37.1,25.6,1.5868
1002.0,8.7,928.0,798.0,1636.0,629.0,36.1,26.4,1.5505
1007.0,9.4,956.0,763.0,1654.0,666.0,37.9,23.8,1.5392
996.0,9.5,959.0,779.0,1636.0,684.0,38.0,22.2,1.4483
1050.0,12.9,1082.0,705.0,1731.0,816.0,36.9,22.7,1.3887
1100.0,13.7,1107.0,676.0,1801.0,876.0,35.5,25.7,1.4626
1085.0,12.2,1057.0,689.0,1775.0,836.0,32.8,32.2,1.5779
1079.0,11.8,1042.0,697.0,1773.0,846.0,30.5,38.2,1.6376
1086.0,9.9,974.0,707.0,1733.0,795.0,28.8,43.5,1.6989
1092.0,10.7,1005.0,669.0,1746.0,836.0,28.0,46.2,1.721
1097.0,9.4,956.0,708.0,1724.0,818.0,27.1,49.4,1.7398
1075.0,8.1,904.0,720.0,1692.0,777.0,26.4,52.2,1.7708
1008.0,6.6,838.0,774.0,1640.0,733.0,26.2,52.3,1.7561
895.0,3.3,672.0,941.0,1469.0,703.0,27.1,47.4,1.6809
838.0,1.7,559.0,1186.0,1428.0,559.0,28.0,45.2,1.6832
866.0,2.3,603.0,1077.0,1459.0,589.0,25.8,50.9,1.6605
872.0,2.5,617.0,1026.0,1456.0,585.0,27.2,47.2,1.6803
922.0,3.2,664.0,973.0,1503.0,644.0,27.0,48.3,1.6946
1362.0,19.3,1277.0,529.0,2188.0,1392.0,25.9,51.5,1.7
1349.0,21.3,1333.0,487.0,2256.0,1533.0,27.4,48.6,1.7447
1298.0,17.2,1215.0,539.0,2068.0,1404.0,29.1,45.5,1.7998
1234.0,15.2,1154.0,596.0,1965.0,1204.0,32.8,36.9,1.803
1147.0,10.6,999.0,697.0,1788.0,915.0,34.7,32.1,1.741
1173.0,12.3,1061.0,650.0,1858.0,940.0,33.7,35.1,1.8022
1118.0,10.5,995.0,689.0,1779.0,863.0,35.1,32.4,1.7996
1078.0,9.3,951.0,722.0,1718.0,747.0,35.4,30.9,1.7505
1076.0,9.3,951.0,730.0,1675.0,704.0,36.5,28.7,1.7256
1103.0,11.0,1014.0,684.0,1749.0,791.0,38.0,24.7,1.6073
1117.0,12.1,1052.0,671.0,1780.0,824.0,37.5,24.4,1.5515
1166.0,13.7,1108.0,622.0,1854.0,913.0,35.5,28.9,1.6468
1157.0,12.9,1082.0,631.0,1854.0,907.0,31.9,37.5,1.7442
1136.0,10.3,990.0,672.0,1807.0,918.0,30.1,45.0,1.8891
1122.0,9.5,959.0,685.0,1798.0,914.0,28.8,48.9,1.9105
1121.0,10.3,989.0,659.0,1821.0,955.0,28.8,48.8,1.9039
1150.0,11.2,1020.0,645.0,1835.0,1063.0,28.0,49.0,1.8237
1074.0,9.2,949.0,678.0,1751.0,982.0,27.5,51.5,1.8664
1039.0,8.0,899.0,714.0,1717.0,914.0,27.3,51.5,1.844
963.0,5.8,804.0,791.0,1658.0,861.0,26.7,53.3,1.8366
889.0,4.0,710.0,889.0,1566.0,713.0,25.9,55.1,1.8117
868.0,3.0,652.0,962.0,1526.0,740.0,27.0,51.8,1.8147
877.0,3.0,654.0,987.0,1529.0,801.0,26.8,50.9,1.7693
1056.0,7.8,893.0,733.0,1743.0,1132.0,25.0,57.0,1.7792
1288.0,19.3,1278.0,521.0,2182.0,1473.0,26.2,52.8,1.7729
1381.0,26.0,1454.0,455.0,2404.0,1607.0,28.3,47.6,1.7981
1113.0,10.6,1001.0,663.0,1783.0,1146.0,29.9,42.1,1.7474
1062.0,8.2,909.0,764.0,1687.0,867.0,33.0,35.4,1.7504
1094.0,9.9,976.0,719.0,1753.0,869.0,35.6,30.6,1.7493
1050.0,8.6,923.0,747.0,1662.0,744.0,37.1,27.9,1.7309
1056.0,8.7,926.0,748.0,1643.0,702.0,37.9,25.7,1.6651
944.0,6.0,814.0,852.0,1489.0,554.0,37.2,23.6,1.4764
1003.0,8.0,901.0,813.0,1589.0,661.0,39.1,21.7,1.5031
1018.0,7.6,881.0,828.0,1590.0,630.0,39.3,22.0,1.5366
1108.0,10.7,1003.0,727.0,1710.0,803.0,38.2,23.8,1.5666
1049.0,8.7,927.0,750.0,1659.0,727.0,34.0,33.2,1.7395
1078.0,8.0,897.0,732.0,1751.0,894.0,25.5,58.6,1.8891
999.0,7.2,867.0,785.0,1644.0,864.0,27.2,46.0,1.6376
943.0,5.7,798.0,846.0,1571.0,743.0,27.6,45.2,1.6479
987.0,5.5,790.0,838.0,1608.0,830.0,25.4,52.7,1.6867
939.0,4.6,743.0,894.0,1539.0,675.0,26.1,49.4,1.6491
1015.0,6.6,840.0,783.0,1664.0,839.0,25.0,53.6,1.6721
935.0,4.5,737.0,869.0,1548.0,758.0,25.4,52.9,1.698
908.0,3.8,700.0,922.0,1547.0,644.0,25.4,54.4,1.7384
853.0,2.3,605.0,1032.0,1488.0,615.0,25.4,54.6,1.7432
851.0,2.1,592.0,1054.0,1482.0,578.0,24.5,57.1,1.7327
957.0,3.9,705.0,857.0,1578.0,843.0,22.8,63.7,1.7392
1059.0,6.5,836.0,742.0,1675.0,1113.0,22.6,64.1,1.7358
1261.0,14.5,1134.0,557.0,2015.0,1388.0,24.3,58.0,1.7429
1215.0,15.1,1150.0,574.0,1962.0,1310.0,26.5,50.4,1.7215
1097.0,9.0,940.0,676.0,1727.0,1056.0,28.1,45.4,1.697
1135.0,11.4,1030.0,662.0,1789.0,1104.0,31.7,36.7,1.6843
1117.0,11.2,1020.0,706.0,1731.0,973.0,35.8,28.7,1.6626
1108.0,10.2,985.0,727.0,1708.0,1001.0,36.8,27.2,1.6623
1038.0,8.2,906.0,808.0,1567.0,747.0,38.3,24.5,1.622
985.0,6.6,838.0,850.0,1541.0,653.0,34.2,30.8,1.6299
1100.0,6.4,832.0,767.0,1695.0,934.0,28.7,51.4,1.9871
1067.0,7.0,855.0,748.0,1700.0,811.0,23.9,69.1,2.0202
1140.0,9.6,963.0,669.0,1815.0,918.0,21.5,78.8,1.9939
1113.0,9.4,954.0,682.0,1801.0,899.0,21.6,78.5,1.994
1124.0,10.2,984.0,678.0,1826.0,902.0,21.5,78.4,1.9818
1056.0,7.7,886.0,732.0,1721.0,900.0,20.8,80.9,1.9637
1002.0,5.4,783.0,805.0,1623.0,875.0,20.7,81.8,1.9717
971.0,5.5,789.0,816.0,1594.0,879.0,23.1,70.1,1.9582
1001.0,5.7,799.0,829.0,1619.0,859.0,22.7,68.4,1.8627
1058.0,7.2,867.0,731.0,1685.0,1048.0,22.1,72.6,1.9105
1030.0,6.8,848.0,734.0,1691.0,1048.0,21.8,74.1,1.915
950.0,5.0,762.0,827.0,1616.0,959.0,21.9,72.8,1.8944
912.0,4.1,716.0,875.0,1586.0,898.0,21.7,73.2,1.8763
893.0,3.4,676.0,930.0,1567.0,859.0,21.4,75.5,1.9033
938.0,4.4,734.0,847.0,1607.0,947.0,21.4,75.5,1.9069
1065.0,7.7,889.0,722.0,1760.0,1081.0,21.9,74.9,1.9396
1240.0,13.6,1102.0,588.0,1989.0,1257.0,22.0,75.9,1.9817
1307.0,19.1,1270.0,516.0,2191.0,1404.0,22.5,74.9,2.019
1229.0,16.3,1188.0,557.0,2033.0,1412.0,24.5,66.2,2.0011
1220.0,14.2,1122.0,601.0,1974.0,1428.0,25.6,61.2,1.9808
1218.0,15.6,1168.0,607.0,2000.0,1451.0,29.3,48.4,1.9367
1171.0,14.4,1129.0,631.0,1911.0,1346.0,33.5,36.0,1.8395
1067.0,10.5,995.0,717.0,1730.0,1093.0,35.6,29.8,1.7045
1054.0,10.2,985.0,735.0,1742.0,940.0,33.7,33.4,1.7186
1051.0,10.7,1003.0,711.0,1715.0,909.0,34.1,33.3,1.7509
1103.0,11.6,1035.0,672.0,1834.0,1005.0,31.5,43.5,1.9797
970.0,7.9,894.0,761.0,1649.0,756.0,32.5,40.6,1.9481
1100.0,11.7,1038.0,668.0,1873.0,1080.0,29.8,45.2,1.8642
1129.0,14.6,1137.0,606.0,1952.0,1220.0,27.7,49.9,1.8189
1126.0,13.2,1089.0,620.0,1886.0,1208.0,26.4,54.6,1.8459
1019.0,9.8,971.0,692.0,1760.0,1057.0,25.5,58.0,1.8611
1011.0,8.8,930.0,728.0,1723.0,1009.0,25.1,59.9,1.8797
1039.0,10.4,991.0,685.0,1820.0,1088.0,24.1,63.5,1.8828
974.0,8.5,920.0,718.0,1755.0,1062.0,23.8,65.0,1.8897
925.0,6.4,831.0,789.0,1662.0,975.0,23.4,64.9,1.843
810.0,3.4,674.0,976.0,1530.0,793.0,24.4,58.6,1.7714
800.0,2.6,627.0,1032.0,1519.0,787.0,23.3,63.3,1.7895
813.0,2.9,645.0,990.0,1530.0,802.0,21.9,67.1,1.7414
788.0,2.3,604.0,1068.0,1507.0,754.0,23.6,61.2,1.7588
815.0,3.3,670.0,971.0,1538.0,774.0,22.6,63.4,1.7136
868.0,5.1,771.0,840.0,1608.0,860.0,22.9,62.6,1.7253
951.0,7.7,886.0,742.0,1705.0,988.0,23.3,61.8,1.7504
1075.0,10.5,996.0,649.0,1838.0,1113.0,25.4,56.2,1.7961
1058.0,10.9,1012.0,676.0,1782.0,1063.0,30.6,41.9,1.8104
1012.0,8.4,914.0,760.0,1653.0,858.0,33.5,34.0,1.73
929.0,6.0,811.0,862.0,1541.0,642.0,35.5,29.8,1.7004
902.0,6.0,813.0,875.0,1518.0,588.0,37.5,24.7,1.5637
836.0,4.7,750.0,960.0,1390.0,484.0,35.1,25.2,1.402
858.0,5.3,776.0,947.0,1431.0,498.0,38.1,21.1,1.3863
886.0,5.8,803.0,939.0,1460.0,538.0,38.5,21.8,1.4653
974.0,6.5,833.0,864.0,1577.0,565.0,36.8,29.5,1.8037
1008.0,8.4,915.0,783.0,1643.0,672.0,34.9,33.4,1.8384
990.0,8.3,912.0,777.0,1648.0,689.0,32.2,37.4,1.7655
981.0,8.4,917.0,740.0,1649.0,714.0,29.7,41.7,1.7081
954.0,6.4,828.0,793.0,1589.0,631.0,27.7,47.4,1.7344
1030.0,10.3,988.0,686.0,1751.0,829.0,27.3,49.4,1.7602
1033.0,10.9,1011.0,681.0,1768.0,875.0,26.3,51.3,1.7251
963.0,7.4,872.0,767.0,1617.0,803.0,25.7,54.1,1.7546
918.0,5.8,805.0,816.0,1571.0,759.0,25.4,55.1,1.7628
868.0,4.5,736.0,894.0,1548.0,638.0,24.9,57.3,1.7822
886.0,4.6,744.0,869.0,1590.0,700.0,24.1,61.8,1.8339
813.0,2.4,609.0,1017.0,1473.0,615.0,23.9,61.2,1.7871
815.0,2.4,616.0,1080.0,1532.0,596.0,23.8,61.3,1.7881
815.0,2.6,627.0,1049.0,1518.0,650.0,23.4,61.7,1.7495
835.0,2.8,638.0,1024.0,1506.0,655.0,24.3,58.4,1.7508
921.0,4.5,738.0,901.0,1585.0,779.0,25.1,56.6,1.7798
963.0,5.2,774.0,839.0,1621.0,758.0,27.3,51.3,1.835
935.0,4.2,724.0,936.0,1574.0,598.0,29.5,45.9,1.8662
1007.0,4.8,751.0,849.0,1649.0,643.0,27.6,52.4,1.9055
1032.0,4.6,744.0,813.0,1695.0,778.0,25.4,68.0,2.1806
901.0,3.6,689.0,964.0,1543.0,522.0,32.2,40.3,1.8999
851.0,2.6,627.0,1129.0,1433.0,419.0,31.6,38.9,1.7838
877.0,3.0,655.0,1061.0,1471.0,444.0,33.0,37.3,1.8481
909.0,3.6,690.0,1039.0,1488.0,474.0,35.1,32.1,1.7841
908.0,4.1,715.0,988.0,1479.0,495.0,35.0,31.1,1.7173
926.0,5.0,763.0,949.0,1491.0,504.0,33.8,32.1,1.6596
1010.0,6.5,836.0,848.0,1577.0,616.0,31.1,38.8,1.7295
1031.0,7.3,868.0,798.0,1634.0,690.0,29.0,46.1,1.8141
1070.0,8.1,905.0,745.0,1702.0,846.0,28.1,50.6,1.8969
1124.0,10.4,992.0,660.0,1791.0,1013.0,27.1,54.7,1.9284
1066.0,9.0,940.0,683.0,1744.0,978.0,26.6,56.4,1.9349
1001.0,6.5,836.0,771.0,1662.0,821.0,25.8,60.4,1.9759
967.0,6.3,824.0,774.0,1637.0,862.0,25.5,61.6,1.9804
901.0,4.4,733.0,888.0,1605.0,755.0,24.9,63.5,1.9647
835.0,2.8,638.0,997.0,1526.0,715.0,24.3,65.1,1.9475
820.0,2.2,598.0,1065.0,1511.0,684.0,23.8,65.7,1.9079
896.0,3.7,694.0,941.0,1583.0,853.0,23.2,68.0,1.9045
996.0,7.4,872.0,756.0,1727.0,990.0,23.2,67.5,1.899
1159.0,15.1,1151.0,579.0,2005.0,1206.0,24.3,63.3,1.8929
1185.0,15.1,1152.0,578.0,2003.0,1274.0,25.5,59.7,1.9193
1168.0,14.7,1138.0,585.0,1946.0,1336.0,27.7,52.5,1.9138
1044.0,9.8,970.0,715.0,1751.0,1068.0,31.8,38.9,1.8005
983.0,8.0,897.0,800.0,1608.0,804.0,32.7,34.1,1.6592
1032.0,8.3,912.0,764.0,1661.0,826.0,34.3,31.5,1.6745
1019.0,7.7,889.0,787.0,1630.0,745.0,34.2,31.5,1.6675
982.0,6.7,844.0,835.0,1567.0,638.0,33.9,32.3,1.6809
1016.0,7.5,880.0,783.0,1617.0,684.0,34.4,31.9,1.7005
1031.0,7.72,889.0,772.4,1630.6,751.2,33.48,33.86,1.70374
1046.0,7.94,898.0,761.8,1644.2,818.4,32.56,35.82,1.70698
1061.0,8.16,907.0,751.2,1657.8,885.6,31.64,37.78,1.71022
1076.0,8.38,916.0,740.6,1671.4,952.8,30.72,39.74,1.71346
1091.0,8.6,925.0,730.0,1685.0,1020.0,29.8,41.7,1.7167
1109.0,9.7,965.0,696.0,1742.0,1100.0,28.8,45.9,1.7884
1098.0,9.1,944.0,687.0,1772.0,1086.0,28.2,51.1,1.9221
1088.0,9.1,945.0,674.0,1765.0,1060.0,27.5,54.4,1.9705
1035.0,7.0,859.0,732.0,1680.0,996.0,27.4,55.0,1.9827
942.0,4.9,758.0,824.0,1567.0,856.0,28.1,51.6,1.9269
902.0,3.5,680.0,919.0,1535.0,722.0,26.3,56.5,1.9027
919.0,3.9,704.0,861.0,1603.0,860.0,24.4,65.0,1.9612
875.0,3.2,665.0,919.0,1559.0,772.0,24.4,63.6,1.9218
927.0,4.7,747.0,830.0,1633.0,910.0,23.5,67.4,1.9305
1032.0,7.6,883.0,718.0,1742.0,1051.0,23.4,65.7,1.872
1193.0,14.7,1139.0,563.0,2009.0,1257.0,24.5,61.3,1.8522
1268.0,18.7,1259.0,519.0,2114.0,1410.0,26.0,55.8,1.8536
1238.0,14.8,1144.0,565.0,1939.0,1433.0,28.5,48.5,1.8607
1230.0,14.5,1133.0,604.0,1909.0,1413.0,33.6,35.7,1.8229
1161.0,12.7,1074.0,646.0,1777.0,1206.0,36.5,28.9,1.7359
1048.0,9.2,949.0,764.0,1607.0,831.0,39.0,23.7,1.6346
929.0,4.8,752.0,955.0,1385.0,544.0,38.8,23.7,1.6093
950.0,5.4,783.0,914.0,1443.0,525.0,38.0,24.0,1.5686
1013.0,7.2,864.0,819.0,1544.0,644.0,40.5,23.3,1.7416
1034.0,6.7,845.0,841.0,1566.0,702.0,39.8,25.4,1.8213
1082.0,9.7,965.0,760.0,1649.0,844.0,39.6,23.3,1.6535
1110.0,10.9,1012.0,720.0,1725.0,905.0,38.8,24.7,1.6772
1118.0,10.6,999.0,706.0,1766.0,878.0,34.7,35.9,1.9528
1136.0,9.7,967.0,703.0,1801.0,927.0,32.3,43.6,2.07
1106.0,8.6,924.0,725.0,1757.0,910.0,30.7,48.1,2.0821
1151.0,10.2,984.0,678.0,1823.0,1024.0,29.5,50.6,2.0492
1144.0,10.5,997.0,669.0,1816.0,1021.0,28.8,52.0,2.0297
1118.0,8.8,930.0,697.0,1748.0,1027.0,28.2,55.0,2.0697
1066.0,6.6,839.0,740.0,1700.0,993.0,27.2,59.1,2.0997
991.0,5.3,778.0,797.0,1665.0,910.0,26.7,60.7,2.0977
906.0,3.0,650.0,961.0,1581.0,768.0,26.9,60.3,2.1074
903.0,3.2,662.0,932.0,1590.0,760.0,26.4,61.6,2.0931
941.0,3.5,685.0,895.0,1632.0,834.0,25.9,63.6,2.102
1074.0,7.2,866.0,717.0,1768.0,1075.0,26.1,63.7,2.117
1114.0,9.5,958.0,663.0,1836.0,1167.0,26.8,60.5,2.1008
1162.0,11.1,1019.0,622.0,1904.0,1178.0,27.9,56.5,2.0895
1165.0,9.7,967.0,651.0,1825.0,1120.0,29.8,51.1,2.1054
1179.0,9.5,957.0,680.0,1819.0,1131.0,33.6,41.0,2.0995
1144.0,8.3,913.0,715.0,1782.0,972.0,35.1,38.1,2.1144
1066.0,6.0,813.0,792.0,1657.0,764.0,36.2,34.9,2.0578
1056.0,5.8,802.0,824.0,1620.0,670.0,38.0,30.7,2.0022
995.0,5.1,769.0,882.0,1576.0,615.0,36.6,30.8,1.8617
967.0,4.5,740.0,926.0,1526.0,557.0,38.8,25.4,1.7282
1048.0,6.6,839.0,845.0,1607.0,700.0,38.7,25.8,1.7426
1092.0,8.0,901.0,777.0,1691.0,734.0,37.4,29.9,1.8848
1056.0,7.6,883.0,799.0,1672.0,684.0,36.2,31.1,1.8371
1100.0,10.1,982.0,720.0,1760.0,823.0,33.8,34.5,1.7788
1057.0,7.8,890.0,778.0,1701.0,801.0,31.4,40.7,1.8377
1068.0,8.4,917.0,736.0,1728.0,916.0,30.8,45.0,1.9733
1050.0,7.7,887.0,770.0,1696.0,820.0,29.4,50.0,2.0181
1074.0,7.6,884.0,764.0,1726.0,838.0,28.1,54.1,2.029
1053.0,7.9,895.0,745.0,1727.0,882.0,27.3,57.8,2.0646
1003.0,6.3,825.0,794.0,1716.0,801.0,26.7,60.6,2.0942
933.0,3.8,701.0,906.0,1638.0,690.0,25.9,64.5,2.1247
869.0,2.4,614.0,1001.0,1565.0,674.0,25.6,63.5,2.0566
864.0,2.5,617.0,1027.0,1561.0,622.0,26.7,61.0,2.101
931.0,4.2,721.0,888.0,1651.0,799.0,25.8,64.6,2.1195
921.0,4.5,738.0,893.0,1623.0,818.0,26.5,60.6,2.063
1139.0,11.0,1013.0,672.0,1932.0,1034.0,26.4,61.7,2.0929
1205.0,14.1,1118.0,585.0,2019.0,1189.0,27.5,60.1,2.1719
1126.0,9.5,957.0,694.0,1841.0,1034.0,29.4,53.1,2.1362
1066.0,6.9,855.0,803.0,1712.0,929.0,33.4,39.9,2.0177
1069.0,7.2,867.0,785.0,1717.0,880.0,33.2,39.2,1.9642
975.0,5.5,788.0,851.0,1629.0,701.0,34.5,35.1,1.8856
955.0,5.1,766.0,898.0,1597.0,620.0,37.1,30.5,1.8962
949.0,5.0,764.0,898.0,1579.0,573.0,35.9,32.1,1.8697
941.0,5.6,792.0,897.0,1582.0,544.0,37.3,28.0,1.7537
942.0,5.7,800.0,877.0,1567.0,581.0,38.1,26.3,1.7252
974.0,7.0,855.0,836.0,1607.0,610.0,37.1,27.2,1.6844
1012.0,8.1,904.0,794.0,1653.0,695.0,35.2,31.2,1.7485
1017.0,8.7,929.0,772.0,1702.0,709.0,32.1,38.7,1.819
1006.0,7.9,896.0,797.0,1697.0,736.0,30.3,45.1,1.9129
1008.0,7.5,878.0,792.0,1691.0,722.0,29.3,50.2,2.0127
989.0,6.0,814.0,845.0,1657.0,680.0,28.6,53.7,2.0691
1080.0,8.5,920.0,739.0,1761.0,772.0,27.8,57.4,2.1107
1033.0,7.0,856.0,774.0,1736.0,769.0,27.4,59.4,2.1395
968.0,5.6,794.0,836.0,1688.0,654.0,27.2,59.3,2.1059
853.0,2.6,626.0,1045.0,1557.0,516.0,26.7,61.0,2.1005
810.0,1.5,544.0,1264.0,1485.0,447.0,26.0,62.7,2.0737
817.0,1.7,558.0,1232.0,1485.0,452.0,25.4,63.1,2.0184
840.0,2.0,586.0,1154.0,1499.0,492.0,26.1,60.3,2.012
940.0,4.0,709.0,956.0,1641.0,588.0,25.2,67.1,2.1164
1076.0,8.6,924.0,720.0,1806.0,909.0,26.0,61.9,2.0511
1086.0,10.1,981.0,688.0,1818.0,1007.0,27.0,57.5,2.0183
1031.0,8.7,929.0,759.0,1722.0,809.0,30.5,44.4,1.9076
1016.0,7.9,896.0,766.0,1704.0,820.0,33.4,35.1,1.781
953.0,5.8,801.0,868.0,1573.0,657.0,35.7,29.0,1.6716
918.0,5.3,779.0,896.0,1537.0,551.0,35.8,27.7,1.6041
892.0,4.2,724.0,971.0,1490.0,511.0,36.3,27.4,1.6264
841.0,3.3,673.0,1061.0,1394.0,451.0,33.6,28.8,1.4695
799.0,4.0,709.0,1078.0,1332.0,462.0,35.2,20.5,1.1418
838.0,4.3,726.0,1056.0,1382.0,440.0,35.0,22.4,1.2371
870.0,4.6,745.0,998.0,1400.0,472.0,34.0,25.2,1.314
892.0,5.1,771.0,965.0,1465.0,494.0,32.0,28.2,1.3204
926.0,5.9,805.0,901.0,1511.0,524.0,29.4,34.4,1.3899
919.0,5.7,796.0,870.0,1538.0,560.0,28.1,41.1,1.535
932.0,4.7,746.0,912.0,1528.0,534.0,26.9,47.5,1.6595
957.0,5.1,767.0,867.0,1534.0,577.0,26.6,50.4,1.724
994.0,5.9,806.0,830.0,1580.0,674.0,25.9,52.9,1.7478
984.0,5.6,795.0,838.0,1570.0,676.0,25.4,54.6,1.7483
919.0,4.5,737.0,899.0,1534.0,611.0,25.1,55.7,1.7471
847.0,2.5,618.0,1075.0,1442.0,529.0,25.1,55.3,1.733
802.0,1.7,559.0,1232.0,1414.0,478.0,25.0,56.0,1.7428
795.0,1.8,569.0,1178.0,1426.0,497.0,25.2,55.0,1.7405
809.0,1.9,578.0,1170.0,1445.0,513.0,25.6,53.5,1.7291
835.0,2.6,626.0,1088.0,1471.0,563.0,24.7,55.9,1.7114
967.0,6.3,826.0,821.0,1639.0,822.0,24.0,57.2,1.6835
969.0,6.8,849.0,800.0,1626.0,890.0,25.0,53.2,1.663
913.0,4.7,749.0,911.0,1535.0,742.0,28.0,43.4,1.6162
933.0,4.7,748.0,948.0,1551.0,629.0,31.6,35.5,1.6269
922.0,4.0,712.0,924.0,1494.0,609.0,35.0,29.0,1.6017
914.0,4.3,726.0,959.0,1496.0,534.0,35.3,27.6,1.5512
873.0,3.8,699.0,999.0,1413.0,528.0,36.2,24.1,1.4235
831.0,3.4,676.0,1041.0,1350.0,463.0,34.8,24.5,1.3373
840.0,3.6,685.0,1051.0,1339.0,462.0,38.2,19.6,1.2915
874.0,3.6,686.0,1032.0,1402.0,501.0,38.9,20.3,1.382
896.0,3.6,687.0,1006.0,1438.0,493.0,36.9,27.1,1.6683
964.0,5.1,769.0,873.0,1546.0,572.0,35.2,32.1,1.7898
1001.0,6.6,838.0,801.0,1614.0,668.0,32.0,38.2,1.788
1005.0,7.3,868.0,779.0,1633.0,771.0,29.8,41.8,1.7269
979.0,6.1,818.0,797.0,1590.0,732.0,28.2,45.9,1.7272
935.0,5.2,774.0,825.0,1562.0,687.0,27.1,48.2,1.7075
939.0,4.9,758.0,858.0,1544.0,664.0,26.7,49.5,1.7048
878.0,3.5,684.0,947.0,1475.0,588.0,26.1,50.8,1.6917
848.0,3.0,650.0,989.0,1479.0,610.0,25.7,52.5,1.7077
826.0,2.7,631.0,1028.0,1473.0,593.0,24.8,55.4,1.7054
804.0,2.2,597.0,1077.0,1454.0,566.0,23.8,57.5,1.6723
789.0,2.0,584.0,1107.0,1457.0,571.0,22.4,62.2,1.6648
785.0,2.4,612.0,1054.0,1443.0,614.0,22.5,61.8,1.6654
772.0,2.0,584.0,1149.0,1414.0,566.0,22.7,59.2,1.6139
796.0,2.5,623.0,1064.0,1425.0,594.0,23.0,58.4,1.6223
875.0,3.5,682.0,983.0,1457.0,611.0,23.9,56.3,1.6489
955.0,6.0,811.0,841.0,1562.0,759.0,26.3,50.1,1.6889
938.0,5.3,778.0,896.0,1520.0,700.0,32.1,34.0,1.6039
954.0,6.3,826.0,870.0,1531.0,691.0,35.8,25.7,1.4861
875.0,4.8,753.0,978.0,1402.0,579.0,38.3,19.8,1.3067
810.0,3.2,664.0,1123.0,1312.0,478.0,37.3,20.5,1.286
746.0,2.6,624.0,1227.0,1209.0,410.0,36.3,18.4,1.0976
738.0,2.4,610.0,1281.0,1204.0,404.0,36.8,16.9,1.0347
771.0,3.0,652.0,1223.0,1239.0,440.0,37.9,15.9,1.0296
799.0,3.1,658.0,1216.0,1254.0,461.0,36.7,17.1,1.0398
831.0,3.4,679.0,1143.0,1291.0,526.0,33.8,21.9,1.1303
885.0,4.6,743.0,1016.0,1379.0,647.0,32.6,24.6,1.1885
883.0,4.4,731.0,988.0,1384.0,693.0,30.6,28.4,1.2247
906.0,5.5,790.0,936.0,1430.0,729.0,29.4,30.5,1.2288
982.0,8.2,906.0,784.0,1561.0,1002.0,28.4,34.4,1.314
892.0,5.0,766.0,880.0,1399.0,797.0,28.3,34.1,1.2951
841.0,4.0,711.0,956.0,1367.0,685.0,27.8,35.2,1.2968
859.0,3.7,693.0,988.0,1377.0,710.0,25.3,39.7,1.2656
810.0,3.1,657.0,1016.0,1337.0,629.0,24.5,41.5,1.2589
759.0,1.8,566.0,1175.0,1267.0,503.0,24.8,39.8,1.2231
749.0,1.5,543.0,1238.0,1244.0,462.0,23.3,41.9,1.1856
766.0,2.4,616.0,1163.0,1306.0,530.0,21.5,45.6,1.1558
865.0,5.4,783.0,893.0,1446.0,838.0,21.3,47.0,1.1793
924.0,8.5,920.0,767.0,1534.0,946.0,22.2,45.0,1.1867
973.0,10.9,1010.0,722.0,1616.0,1014.0,23.6,40.8,1.1746
1028.0,12.0,1048.0,719.0,1624.0,1135.0,27.1,32.4,1.1462
979.0,10.6,999.0,796.0,1515.0,1027.0,33.4,20.1,1.0142
892.0,7.4,874.0,923.0,1369.0,749.0,35.3,17.0,0.9546
892.0,7.3,869.0,953.0,1363.0,632.0,37.4,14.7,0.9295
836.0,4.6,741.0,1065.0,1277.0,479.0,38.6,14.6,0.9821
824.0,4.0,708.0,1091.0,1256.0,463.0,35.8,17.8,1.0274
825.0,3.8,702.0,1077.0,1267.0,458.0,38.4,16.4,1.0957
871.0,5.0,761.0,1015.0,1346.0,520.0,39.7,15.3,1.0963
903.0,6.9,853.0,930.0,1420.0,606.0,38.8,15.8,1.0706
944.0,7.0,857.0,880.0,1463.0,631.0,35.2,22.3,1.2467
969.0,6.8,850.0,857.0,1503.0,695.0,31.7,28.2,1.2962
1005.0,8.5,919.0,788.0,1543.0,871.0,30.4,30.9,1.3219
972.0,8.0,898.0,807.0,1508.0,879.0,29.5,32.1,1.3005
960.0,5.7,798.0,854.0,1459.0,780.0,28.0,34.9,1.2989
946.0,5.1,767.0,870.0,1443.0,728.0,28.2,36.6,1.3722
959.0,5.5,787.0,830.0,1460.0,821.0,26.5,40.7,1.3873
877.0,3.1,658.0,964.0,1349.0,663.0,28.3,36.7,1.3878
867.0,2.9,645.0,1001.0,1385.0,656.0,25.7,43.8,1.4233
836.0,2.6,626.0,1024.0,1397.0,639.0,24.3,49.0,1.4666
820.0,2.2,597.0,1069.0,1346.0,603.0,24.3,48.3,1.4449
828.0,2.5,618.0,1039.0,1354.0,560.0,23.6,49.2,1.4153
929.0,5.6,791.0,841.0,1493.0,789.0,22.2,53.9,1.4201
1118.0,12.9,1079.0,638.0,1761.0,1145.0,22.5,52.3,1.41
1155.0,16.0,1181.0,580.0,1850.0,1302.0,24.3,47.8,1.4321
1112.0,12.2,1058.0,654.0,1695.0,1297.0,27.3,40.7,1.4548
1094.0,10.0,979.0,717.0,1633.0,1192.0,33.3,28.2,1.4189
1022.0,7.8,890.0,803.0,1499.0,862.0,35.3,23.1,1.2989
968.0,5.9,805.0,875.0,1391.0,649.0,36.1,21.3,1.2502
978.0,6.6,840.0,852.0,1422.0,694.0,38.5,18.0,1.2055
947.0,4.8,751.0,922.0,1358.0,595.0,36.5,20.8,1.2446
997.0,5.9,808.0,870.0,1447.0,662.0,38.8,19.1,1.3035
1026.0,6.0,813.0,843.0,1463.0,692.0,38.8,19.8,1.3513
973.0,5.0,764.0,914.0,1373.0,619.0,38.1,19.7,1.2928
925.0,4.2,721.0,969.0,1317.0,484.0,36.1,20.7,1.2151
957.0,5.0,766.0,929.0,1380.0,516.0,32.8,24.3,1.1894
1029.0,7.5,877.0,807.0,1489.0,776.0,30.4,29.8,1.2712
1109.0,9.3,952.0,735.0,1601.0,1041.0,29.1,33.6,1.3314
1105.0,10.0,977.0,692.0,1618.0,1138.0,28.6,35.7,1.3726
1039.0,8.2,906.0,728.0,1545.0,1091.0,28.0,36.1,1.3425
965.0,6.4,832.0,795.0,1455.0,978.0,25.8,39.5,1.2949
955.0,6.0,812.0,823.0,1464.0,936.0,25.1,40.1,1.2544
935.0,5.4,782.0,847.0,1428.0,867.0,24.4,42.5,1.2854
902.0,4.4,735.0,890.0,1410.0,781.0,23.0,46.2,1.2783
875.0,4.1,714.0,903.0,1379.0,746.0,22.5,46.7,1.261
884.0,4.3,729.0,920.0,1389.0,837.0,22.9,45.7,1.2621
942.0,6.3,825.0,870.0,1450.0,995.0,23.8,41.8,1.2149
1077.0,10.9,1012.0,708.0,1633.0,1138.0,24.4,42.6,1.2866
1040.0,11.2,1022.0,713.0,1624.0,998.0,27.3,36.8,1.3189
982.0,6.5,836.0,840.0,1498.0,696.0,29.6,35.4,1.4426
995.0,5.7,800.0,896.0,1501.0,615.0,34.6,28.3,1.5338
1024.0,7.0,859.0,810.0,1576.0,710.0,33.1,32.6,1.6188
1029.0,5.6,791.0,855.0,1567.0,651.0,33.3,33.1,1.6642
1003.0,5.5,787.0,850.0,1518.0,636.0,34.6,30.1,1.6296
987.0,5.4,782.0,875.0,1514.0,593.0,34.9,29.5,1.6275
1023.0,7.0,859.0,810.0,1590.0,684.0,35.6,28.5,1.6293
1023.0,7.4,875.0,785.0,1590.0,711.0,36.4,27.1,1.6226
1064.0,9.1,942.0,735.0,1650.0,801.0,36.8,26.2,1.5984
1042.0,8.9,936.0,759.0,1630.0,770.0,36.4,26.8,1.6038
1059.0,9.2,947.0,733.0,1671.0,813.0,33.3,32.8,1.6527
1050.0,8.5,921.0,743.0,1683.0,851.0,31.3,39.5,1.7798
1025.0,7.9,896.0,738.0,1693.0,823.0,29.9,44.7,1.8511
1029.0,6.1,816.0,804.0,1624.0,778.0,29.1,48.4,1.9186
1055.0,6.4,831.0,769.0,1686.0,827.0,28.0,52.9,1.964
1001.0,5.7,799.0,800.0,1642.0,753.0,27.7,53.0,1.9423
936.0,4.4,730.0,864.0,1551.0,726.0,27.7,52.6,1.9202
863.0,2.3,608.0,1035.0,1465.0,597.0,28.3,49.5,1.8782
834.0,1.8,565.0,1187.0,1444.0,473.0,28.8,49.0,1.9112
841.0,1.9,578.0,1144.0,1464.0,463.0,27.7,52.5,1.923
871.0,2.4,611.0,1077.0,1494.0,526.0,27.5,53.0,1.9097
962.0,4.7,747.0,862.0,1605.0,712.0,27.1,54.4,1.9168
1083.0,7.8,889.0,725.0,1734.0,918.0,27.6,52.1,1.8936
1061.0,7.8,891.0,721.0,1697.0,894.0,29.0,48.5,1.9133
1012.0,6.3,824.0,803.0,1612.0,710.0,31.0,42.9,1.8909
1031.0,6.5,834.0,793.0,1640.0,737.0,32.5,39.4,1.8982
1011.0,6.1,816.0,830.0,1614.0,680.0,36.9,30.9,1.8934
1009.0,6.3,824.0,822.0,1606.0,670.0,36.2,30.6,1.8105
980.0,5.6,793.0,858.0,1549.0,654.0,37.7,27.7,1.778
961.0,5.8,803.0,852.0,1552.0,618.0,37.1,27.2,1.6874
966.0,5.4,784.0,870.0,1530.0,652.0,39.5,24.3,1.7216
1022.0,6.8,849.0,813.0,1583.0,732.0,39.9,23.8,1.7127
1091.0,9.3,953.0,723.0,1688.0,853.0,39.6,24.3,1.7255
1063.0,8.5,919.0,735.0,1676.0,821.0,37.2,29.1,1.8185
1116.0,9.3,952.0,702.0,1759.0,895.0,33.9,37.1,1.9264
1101.0,7.4,875.0,722.0,1748.0,927.0,31.6,43.6,1.9944
1072.0,6.4,831.0,757.0,1677.0,857.0,30.3,47.3,2.0034
1080.0,7.8,890.0,723.0,1702.0,869.0,29.8,49.1,2.0248
1005.0,5.6,792.0,809.0,1638.0,725.0,29.0,51.7,2.0375
998.0,5.3,776.0,810.0,1608.0,665.0,28.5,52.1,2.0036
1000.0,5.0,763.0,807.0,1619.0,680.0,27.7,53.7,1.9661
932.0,4.2,720.0,859.0,1562.0,605.0,27.4,53.5,1.9267
808.0,1.4,539.0,1206.0,1383.0,427.0,28.5,48.7,1.872
795.0,1.0,494.0,1398.0,1353.0,400.0,28.9,48.4,1.8982
886.0,2.4,613.0,1075.0,1484.0,522.0,27.1,54.8,1.9309
974.0,4.5,740.0,873.0,1595.0,703.0,26.1,59.0,1.9669
1112.0,8.9,936.0,683.0,1792.0,965.0,26.7,58.0,2.0023
1175.0,12.9,1080.0,591.0,1931.0,1102.0,27.9,54.9,2.0353
1091.0,8.6,925.0,701.0,1753.0,1058.0,29.7,50.5,2.0767
1066.0,7.8,890.0,747.0,1690.0,906.0,32.2,41.4,1.9624
1031.0,7.7,887.0,777.0,1665.0,844.0,35.6,32.2,1.8408
1004.0,7.3,868.0,772.0,1632.0,763.0,35.7,31.4,1.8025
927.0,3.8,698.0,919.0,1537.0,555.0,35.5,34.9,1.9841
924.0,3.3,673.0,960.0,1522.0,520.0,35.0,35.5,1.962
912.0,3.3,671.0,964.0,1508.0,508.0,35.1,34.6,1.9255
976.0,4.8,752.0,876.0,1561.0,545.0,36.8,30.5,1.8572
989.0,5.7,798.0,840.0,1607.0,584.0,34.5,34.7,1.8667
986.0,5.6,794.0,845.0,1619.0,590.0,33.0,38.1,1.8813
984.0,5.7,800.0,836.0,1607.0,610.0,30.8,43.1,1.8761
1000.0,7.0,857.0,767.0,1634.0,689.0,29.1,46.9,1.8652
996.0,6.8,848.0,763.0,1657.0,713.0,28.2,49.8,1.8795
1013.0,8.3,913.0,717.0,1685.0,785.0,27.5,50.4,1.823
1004.0,6.9,851.0,767.0,1632.0,754.0,27.3,49.1,1.7503
949.0,6.0,814.0,824.0,1563.0,653.0,26.7,46.7,1.6121
895.0,5.4,783.0,863.0,1502.0,575.0,26.0,45.0,1.4913
863.0,3.9,707.0,927.0,1407.0,537.0,25.0,47.3,1.4771
786.0,2.0,587.0,1150.0,1300.0,413.0,25.3,44.3,1.4032
792.0,2.2,597.0,1137.0,1320.0,417.0,24.3,46.3,1.3857
816.0,3.0,653.0,1058.0,1332.0,486.0,24.8,43.4,1.3347
826.0,3.5,682.0,1088.0,1342.0,532.0,24.5,40.6,1.2327
826.0,3.8,698.0,1017.0,1331.0,542.0,25.7,36.9,1.1991
809.0,3.2,664.0,1061.0,1323.0,459.0,26.8,35.0,1.2175
809.0,2.6,624.0,1131.0,1309.0,415.0,28.0,34.9,1.3008
853.0,3.5,681.0,1031.0,1368.0,457.0,29.0,34.1,1.3445
814.0,3.1,657.0,1086.0,1332.0,429.0,30.4,30.8,1.3155
807.0,3.1,658.0,1113.0,1328.0,428.0,32.4,26.3,1.2523
811.0,3.0,653.0,1120.0,1336.0,423.0,31.0,28.9,1.277
796.0,2.2,601.0,1171.0,1314.0,410.0,29.3,33.1,1.322
833.0,3.0,649.0,1142.0,1354.0,437.0,26.9,35.2,1.2334
856.0,3.5,684.0,1023.0,1368.0,520.0,28.1,34.2,1.2802
830.0,3.7,696.0,1060.0,1328.0,461.0,28.5,29.4,1.1298
883.0,5.4,782.0,958.0,1395.0,571.0,27.3,31.0,1.111
965.0,8.9,936.0,808.0,1535.0,866.0,25.4,36.2,1.1562
931.0,7.8,890.0,831.0,1474.0,841.0,24.6,38.0,1.158
885.0,5.6,791.0,941.0,1425.0,706.0,24.3,41.6,1.2467
900.0,5.2,773.0,944.0,1426.0,703.0,24.9,40.8,1.2696
904.0,6.7,845.0,878.0,1483.0,775.0,23.8,44.7,1.3019
944.0,8.0,900.0,809.0,1549.0,830.0,22.8,49.8,1.367
907.0,6.4,832.0,868.0,1492.0,808.0,22.8,49.4,1.3568
886.0,5.2,774.0,868.0,1486.0,815.0,20.9,57.4,1.4037
882.0,5.1,767.0,856.0,1492.0,897.0,20.5,60.6,1.447
843.0,4.0,713.0,917.0,1426.0,836.0,19.6,63.7,1.4396
825.0,3.7,694.0,935.0,1415.0,774.0,19.4,64.5,1.4394
791.0,2.8,638.0,1038.0,1389.0,698.0,18.6,67.4,1.4302
856.0,4.5,735.0,936.0,1455.0,800.0,19.6,63.7,1.4419
861.0,4.7,746.0,911.0,1448.0,771.0,21.7,56.4,1.4496
924.0,6.0,814.0,830.0,1519.0,798.0,25.2,47.4,1.4978
941.0,5.8,805.0,842.0,1512.0,755.0,30.4,34.1,1.4577
879.0,5.2,775.0,899.0,1407.0,657.0,33.4,25.1,1.2665
816.0,4.6,742.0,1009.0,1305.0,537.0,35.5,18.2,1.0376
715.0,2.1,589.0,1286.0,1127.0,390.0,35.1,15.7,0.8757
717.0,1.8,570.0,1326.0,1110.0,368.0,33.3,17.1,0.8592
711.0,2.8,640.0,1224.0,1084.0,391.0,36.6,11.8,0.7107
731.0,3.6,686.0,1212.0,1104.0,413.0,38.3,10.0,0.6591
752.0,4.0,713.0,1163.0,1144.0,435.0,37.3,10.9,0.6846
879.0,5.3,779.0,999.0,1347.0,535.0,34.6,20.0,1.0817
922.0,7.4,874.0,851.0,1447.0,663.0,30.4,28.2,1.204
958.0,8.0,900.0,782.0,1493.0,830.0,28.1,34.3,1.2821
949.0,7.4,876.0,773.0,1500.0,911.0,26.5,36.6,1.2484
922.0,6.1,818.0,826.0,1454.0,848.0,25.7,38.5,1.2548
902.0,5.5,790.0,856.0,1428.0,799.0,24.7,41.6,1.2751
932.0,6.2,820.0,817.0,1462.0,921.0,23.6,45.4,1.3067
870.0,4.4,733.0,903.0,1392.0,762.0,23.4,46.3,1.3134
812.0,3.4,675.0,995.0,1348.0,661.0,21.6,51.6,1.3171
773.0,2.4,613.0,1065.0,1321.0,597.0,21.2,53.3,1.328
769.0,2.0,582.0,1105.0,1306.0,616.0,20.6,55.1,1.3237
763.0,2.0,583.0,1093.0,1288.0,596.0,22.1,49.6,1.3022
809.0,3.8,701.0,997.0,1384.0,649.0,21.1,51.6,1.2784
893.0,7.6,881.0,810.0,1486.0,792.0,21.8,48.6,1.2556
1028.0,14.9,1146.0,638.0,1766.0,1080.0,21.7,49.1,1.2602
1011.0,12.0,1051.0,702.0,1659.0,1087.0,25.3,41.7,1.3243
994.0,9.2,947.0,764.0,1572.0,983.0,30.3,30.9,1.3096
937.0,8.2,908.0,822.0,1466.0,826.0,32.9,24.9,1.2269
902.0,5.9,808.0,912.0,1408.0,632.0,34.4,23.5,1.2541
860.0,4.7,748.0,955.0,1344.0,532.0,34.3,22.5,1.1974
843.0,4.1,716.0,1005.0,1305.0,496.0,33.4,21.6,1.0927
872.0,4.9,760.0,979.0,1314.0,513.0,36.1,18.4,1.0827
857.0,5.2,775.0,979.0,1258.0,512.0,37.3,15.4,0.9692
922.0,7.5,878.0,880.0,1363.0,615.0,36.8,16.2,0.9922
951.0,7.4,875.0,856.0,1406.0,600.0,34.9,20.9,1.1463
962.0,7.8,891.0,813.0,1442.0,634.0,30.8,26.5,1.1603
957.0,8.6,926.0,758.0,1480.0,830.0,28.9,28.3,1.1078
928.0,6.5,837.0,808.0,1410.0,871.0,27.0,30.7,1.079
895.0,6.8,846.0,819.0,1371.0,787.0,26.6,30.6,1.0459
902.0,5.7,797.0,845.0,1355.0,841.0,26.0,33.1,1.0955
904.0,5.8,801.0,852.0,1400.0,862.0,24.1,37.9,1.1204
919.0,5.7,799.0,844.0,1409.0,881.0,22.2,43.1,1.1396
812.0,3.2,663.0,982.0,1265.0,709.0,22.8,41.3,1.1284
776.0,2.1,590.0,1099.0,1245.0,602.0,21.2,43.8,1.088
762.0,1.7,563.0,1181.0,1208.0,492.0,21.7,42.6,1.0907
786.0,2.8,642.0,1057.0,1270.0,592.0,20.2,47.1,1.1021
868.0,5.7,798.0,866.0,1392.0,824.0,20.1,47.8,1.1093
965.0,10.0,977.0,725.0,1515.0,1014.0,20.6,45.5,1.0925
1049.0,14.5,1133.0,630.0,1662.0,1208.0,22.4,41.1,1.0979
1008.0,9.9,973.0,714.0,1509.0,1178.0,25.0,36.6,1.143
1008.0,11.2,1021.0,714.0,1549.0,1176.0,29.9,26.2,1.0891
973.0,8.3,911.0,800.0,1441.0,891.0,32.9,21.8,1.0714
964.0,9.5,959.0,787.0,1438.0,731.0,35.0,17.9,0.99
923.0,7.1,862.0,875.0,1363.0,626.0,34.6,18.2,0.9832
934.0,6.0,811.0,896.0,1343.0,553.0,33.8,22.8,1.1781
1036.0,9.1,943.0,770.0,1509.0,770.0,36.3,19.5,1.1539
1076.0,10.4,994.0,723.0,1549.0,938.0,38.3,17.9,1.181
1055.0,8.7,927.0,757.0,1520.0,716.0,36.9,20.9,1.2864
1081.0,9.0,938.0,728.0,1568.0,714.0,33.9,30.0,1.56
1072.0,6.8,850.0,737.0,1604.0,702.0,29.8,43.4,1.7988
1038.0,5.2,773.0,749.0,1568.0,687.0,27.5,50.4,1.8274
1059.0,5.7,800.0,740.0,1604.0,739.0,27.5,50.4,1.8284
1070.0,6.9,852.0,704.0,1639.0,867.0,28.1,48.0,1.7933
1093.0,7.8,893.0,677.0,1678.0,927.0,26.9,49.6,1.7299
1016.0,6.8,849.0,729.0,1609.0,872.0,26.0,48.0,1.5899
988.0,6.3,825.0,756.0,1559.0,848.0,24.9,50.6,1.5747
930.0,4.7,749.0,823.0,1464.0,777.0,23.7,53.2,1.5418
815.0,2.0,584.0,1102.0,1363.0,513.0,24.5,50.9,1.5416
884.0,3.6,686.0,908.0,1439.0,651.0,22.9,56.1,1.5492
913.0,4.4,730.0,883.0,1493.0,774.0,23.3,55.5,1.5636
994.0,6.4,829.0,784.0,1581.0,982.0,23.6,54.2,1.5583
1173.0,11.9,1047.0,631.0,1815.0,1175.0,24.9,52.9,1.643
1314.0,21.0,1325.0,499.0,2143.0,1390.0,26.4,50.8,1.7166
1252.0,15.6,1168.0,557.0,1938.0,1352.0,28.1,47.4,1.7753
1151.0,12.1,1053.0,623.0,1835.0,1152.0,30.2,43.2,1.823
1122.0,9.3,951.0,687.0,1729.0,1022.0,31.2,41.9,1.871
1111.0,8.7,927.0,707.0,1715.0,922.0,33.9,36.0,1.8692
1058.0,7.9,894.0,736.0,1648.0,825.0,33.9,34.1,1.7754
972.0,6.2,820.0,811.0,1535.0,630.0,34.4,30.6,1.6402
985.0,6.3,826.0,808.0,1544.0,621.0,35.3,28.5,1.6034
1004.0,6.0,814.0,808.0,1520.0,602.0,36.3,28.3,1.6851
1030.0,7.9,897.0,733.0,1592.0,668.0,35.3,29.4,1.6577
965.0,5.8,802.0,821.0,1504.0,564.0,32.5,34.1,1.6453
987.0,6.3,824.0,793.0,1541.0,581.0,29.1,42.1,1.6695
923.0,6.0,811.0,804.0,1434.0,604.0,27.8,35.6,1.3116
872.0,6.3,824.0,853.0,1346.0,590.0,27.0,30.0,1.0542
939.0,6.8,849.0,804.0,1479.0,650.0,26.3,37.3,1.2555
954.0,7.0,855.0,792.0,1474.0,745.0,25.2,40.8,1.2877
969.0,7.0,857.0,753.0,1485.0,821.0,24.3,43.3,1.2973
882.0,5.0,763.0,879.0,1388.0,656.0,23.3,45.3,1.2794
805.0,2.8,637.0,1048.0,1276.0,520.0,24.1,44.0,1.3034
790.0,2.1,590.0,1122.0,1257.0,493.0,23.8,44.8,1.3061
779.0,1.7,560.0,1189.0,1231.0,487.0,23.0,47.7,1.3232
842.0,2.8,640.0,1070.0,1293.0,595.0,23.7,46.7,1.3501
841.8478261,2.82173913,641.2826087,1066.565217,1294.478261,599.3695652,23.61521739,46.97391304,1.350108696
841.6956522,2.843478261,642.5652174,1063.130435,1295.956522,603.7391304,23.53043478,47.24782609,1.350117391
841.5434783,2.865217391,643.8478261,1059.695652,1297.434783,608.1086957,23.44565217,47.52173913,1.350126087
841.3913043,2.886956522,645.1304348,1056.26087,1298.913043,612.4782609,23.36086957,47.79565217,1.350134783
841.2391304,2.908695652,646.4130435,1052.826087,1300.391304,616.8478261,23.27608696,48.06956522,1.350143478
841.0869565,2.930434783,647.6956522,1049.391304,1301.869565,621.2173913,23.19130435,48.34347826,1.350152174
840.9347826,2.952173913,648.9782609,1045.956522,1303.347826,625.5869565,23.10652174,48.6173913,1.35016087
840.7826087,2.973913043,650.2608696,1042.521739,1304.826087,629.9565217,23.02173913,48.89130435,1.350169565
840.6304348,2.995652174,651.5434783,1039.086957,1306.304348,634.326087,22.93695652,49.16521739,1.350178261
840.4782609,3.017391304,652.826087,1035.652174,1307.782609,638.6956522,22.85217391,49.43913043,1.350186957
840.326087,3.039130435,654.1086957,1032.217391,1309.26087,643.0652174,22.7673913,49.71304348,1.350195652
840.173913,3.060869565,655.3913043,1028.782609,1310.73913,647.4347826,22.6826087,49.98695652,1.350204348
840.0217391,3.082608696,656.673913,1025.347826,1312.217391,651.8043478,22.59782609,50.26086957,1.350213043
839.8695652,3.104347826,657.9565217,1021.913043,1313.695652,656.173913,22.51304348,50.53478261,1.350221739
839.7173913,3.126086957,659.2391304,1018.478261,1315.173913,660.5434783,22.42826087,50.80869565,1.350230435
839.5652174,3.147826087,660.5217391,1015.043478,1316.652174,664.9130435,22.34347826,51.0826087,1.35023913
839.4130435,3.169565217,661.8043478,1011.608696,1318.130435,669.2826087,22.25869565,51.35652174,1.350247826
839.2608696,3.191304348,663.0869565,1008.173913,1319.608696,673.6521739,22.17391304,51.63043478,1.350256522
839.1086957,3.213043478,664.3695652,1004.73913,1321.086957,678.0217391,22.08913043,51.90434783,1.350265217
838.9565217,3.234782609,665.6521739,1001.304348,1322.565217,682.3913043,22.00434783,52.17826087,1.350273913
838.8043478,3.256521739,666.9347826,997.8695652,1324.043478,686.7608696,21.91956522,52.45217391,1.350282609
838.6521739,3.27826087,668.2173913,994.4347826,1325.521739,691.1304348,21.83478261,52.72608696,1.350291304
838.5,3.3,669.5,991.0,1327.0,695.5,21.75,53.0,1.3503
838.3478261,3.32173913,670.7826087,987.5652174,1328.478261,699.8695652,21.66521739,53.27391304,1.350308696
838.1956522,3.343478261,672.0652174,984.1304348,1329.956522,704.2391304,21.58043478,53.54782609,1.350317391
838.0434783,3.365217391,673.3478261,980.6956522,1331.434783,708.6086957,21.49565217,53.82173913,1.350326087
837.8913043,3.386956522,674.6304348,977.2608696,1332.913043,712.9782609,21.41086957,54.09565217,1.350334783
837.7391304,3.408695652,675.9130435,973.826087,1334.391304,717.3478261,21.32608696,54.36956522,1.350343478
837.5869565,3.430434783,677.1956522,970.3913043,1335.869565,721.7173913,21.24130435,54.64347826,1.350352174
837.4347826,3.452173913,678.4782609,966.9565217,1337.347826,726.0869565,21.15652174,54.9173913,1.35036087
837.2826087,3.473913043,679.7608696,963.5217391,1338.826087,730.4565217,21.07173913,55.19130435,1.350369565
837.1304348,3.495652174,681.0434783,960.0869565,1340.304348,734.826087,20.98695652,55.46521739,1.350378261
836.9782609,3.517391304,682.326087,956.6521739,1341.782609,739.1956522,20.90217391,55.73913043,1.350386957
836.826087,3.539130435,683.6086957,953.2173913,1343.26087,743.5652174,20.8173913,56.01304348,1.350395652
836.673913,3.560869565,684.8913043,949.7826087,1344.73913,747.9347826,20.7326087,56.28695652,1.350404348
836.5217391,3.582608696,686.173913,946.3478261,1346.217391,752.3043478,20.64782609,56.56086957,1.350413043
836.3695652,3.604347826,687.4565217,942.9130435,1347.695652,756.673913,20.56304348,56.83478261,1.350421739
836.2173913,3.626086957,688.7391304,939.4782609,1349.173913,761.0434783,20.47826087,57.10869565,1.350430435
836.0652174,3.647826087,690.0217391,936.0434783,1350.652174,765.4130435,20.39347826,57.3826087,1.35043913
835.9130435,3.669565217,691.3043478,932.6086957,1352.130435,769.7826087,20.30869565,57.65652174,1.350447826
835.7608696,3.691304348,692.5869565,929.173913,1353.608696,774.1521739,20.22391304,57.93043478,1.350456522
835.6086957,3.713043478,693.8695652,925.7391304,1355.086957,778.5217391,20.13913043,58.20434783,1.350465217
835.4565217,3.734782609,695.1521739,922.3043478,1356.565217,782.8913043,20.05434783,58.47826087,1.350473913
835.3043478,3.756521739,696.4347826,918.8695652,1358.043478,787.2608696,19.96956522,58.75217391,1.350482609
835.1521739,3.77826087,697.7173913,915.4347826,1359.521739,791.6304348,19.88478261,59.02608696,1.350491304
835.0,3.8,699.0,912.0,1361.0,796.0,19.8,59.3,1.3505
792.0,2.5,621.0,1015.0,1322.0,714.0,20.0,59.3,1.3681
749.0,1.7,559.0,1145.0,1255.0,584.0,22.5,48.6,1.3077
803.0,3.4,676.0,975.0,1303.0,676.0,19.5,57.0,1.2739
818.0,4.3,726.0,921.0,1330.0,685.0,19.6,56.1,1.2651
932.0,7.1,861.0,767.0,1483.0,894.0,20.7,53.3,1.287
977.0,8.3,913.0,744.0,1512.0,977.0,24.7,41.8,1.2839
1011.0,9.1,945.0,733.0,1570.0,1034.0,29.9,30.5,1.2616
975.0,7.7,887.0,829.0,1478.0,737.0,32.3,27.2,1.2933
958.0,7.2,867.0,828.0,1468.0,660.0,34.3,24.5,1.3021
903.0,5.8,805.0,886.0,1361.0,581.0,33.4,22.5,1.1398
854.0,3.5,684.0,1020.0,1294.0,456.0,32.7,22.8,1.1069
890.0,4.7,749.0,953.0,1332.0,483.0,34.5,20.5,1.1028
962.0,6.7,845.0,877.0,1379.0,575.0,35.9,20.3,1.18
1028.0,8.9,934.0,786.0,1481.0,707.0,35.8,23.0,1.3323
1031.0,8.0,901.0,775.0,1502.0,628.0,33.5,29.0,1.4797
1087.0,9.0,938.0,690.0,1613.0,747.0,29.8,39.6,1.6324
1029.0,7.1,862.0,727.0,1539.0,733.0,27.9,43.1,1.6004
1070.0,8.8,932.0,685.0,1648.0,847.0,27.3,44.5,1.5885
1059.0,8.4,914.0,697.0,1617.0,895.0,26.0,47.6,1.5806
1125.0,9.3,952.0,646.0,1690.0,995.0,25.3,52.9,1.6765
1062.0,6.4,829.0,714.0,1592.0,846.0,24.5,56.3,1.7026
1049.0,6.9,853.0,699.0,1605.0,882.0,23.5,59.8,1.7141
999.0,7.3,871.0,711.0,1580.0,909.0,22.6,62.6,1.6945
947.0,5.9,808.0,768.0,1537.0,851.0,21.8,64.6,1.6721
904.0,4.8,753.0,809.0,1529.0,766.0,21.0,66.9,1.6454
894.0,3.5,681.0,843.0,1476.0,765.0,21.2,66.4,1.6468
875.0,3.0,654.0,897.0,1463.0,752.0,21.0,66.5,1.6344
870.0,2.8,637.0,947.0,1445.0,716.0,21.3,64.1,1.6043
952.0,4.8,756.0,809.0,1518.0,825.0,22.7,58.1,1.5856
949.0,3.9,705.0,859.0,1460.0,691.0,25.1,51.8,1.6304
1028.0,6.9,854.0,776.0,1561.0,761.0,29.5,39.0,1.5868
1003.0,6.8,849.0,800.0,1511.0,710.0,32.3,31.8,1.5128
934.0,5.0,763.0,872.0,1435.0,567.0,33.6,28.9,1.4792
872.0,4.0,710.0,956.0,1377.0,493.0,31.9,28.2,1.3116
852.0,3.5,684.0,982.0,1343.0,477.0,32.5,25.9,1.2437
881.0,4.1,715.0,955.0,1352.0,502.0,34.1,23.4,1.2307
942.0,5.4,783.0,898.0,1397.0,568.0,36.2,21.4,1.2664
1038.0,8.6,925.0,746.0,1534.0,714.0,35.6,22.6,1.2984
1042.0,8.8,932.0,752.0,1530.0,717.0,33.6,25.7,1.3101
1181.0,13.7,1107.0,590.0,1807.0,935.0,29.9,35.2,1.4603
1116.0,11.8,1044.0,613.0,1694.0,954.0,28.3,39.2,1.4826
1062.0,8.6,923.0,697.0,1602.0,839.0,27.0,43.0,1.5118
1085.0,9.2,948.0,680.0,1635.0,880.0,26.2,46.8,1.5669
1161.0,12.2,1057.0,613.0,1764.0,1026.0,25.1,51.5,1.621
1053.0,7.8,891.0,690.0,1589.0,898.0,24.1,55.3,1.6363
956.0,4.5,740.0,831.0,1474.0,717.0,23.8,57.8,1.677
859.0,2.9,646.0,951.0,1376.0,607.0,23.7,56.2,1.6255
813.0,1.8,566.0,1123.0,1328.0,501.0,24.8,52.2,1.6086
815.0,1.7,565.0,1127.0,1350.0,541.0,22.9,59.4,1.6353
902.0,3.9,706.0,877.0,1463.0,708.0,22.0,62.3,1.6266
1017.0,7.6,885.0,726.0,1609.0,884.0,21.5,64.0,1.6256
1336.0,23.3,1385.0,477.0,2133.0,1357.0,22.6,60.3,1.6287
1393.0,30.7,1567.0,416.0,2381.0,1562.0,23.8,56.5,1.64
1271.0,20.4,1308.0,517.0,2007.0,1411.0,25.7,50.6,1.6475
1169.0,13.7,1107.0,607.0,1818.0,1175.0,27.8,45.4,1.6751
1143.0,11.8,1043.0,643.0,1747.0,1079.0,29.9,39.6,1.6397
1084.0,10.1,980.0,679.0,1653.0,923.0,31.6,34.7,1.589
1051.0,9.3,950.0,715.0,1644.0,748.0,31.5,34.4,1.5665
1020.0,7.6,882.0,765.0,1553.0,635.0,31.2,35.0,1.5669
1111.0,13.1,1088.0,635.0,1719.0,884.0,33.0,31.4,1.5583
1125.0,12.2,1056.0,645.0,1716.0,929.0,33.8,29.2,1.5143
1099.0,11.9,1048.0,657.0,1711.0,779.0,33.0,29.5,1.4613
1132.0,14.1,1121.0,611.0,1757.0,906.0,32.3,30.2,1.4347
1077.0,11.3,1025.0,629.0,1677.0,772.0,28.4,38.4,1.4616
1076.0,10.3,988.0,648.0,1649.0,883.0,26.9,43.2,1.5052
1070.0,10.8,1008.0,656.0,1649.0,963.0,26.0,43.6,1.4407
1052.0,9.4,956.0,675.0,1581.0,987.0,25.0,47.6,1.4872
988.0,7.1,862.0,736.0,1539.0,893.0,24.6,50.9,1.5508
926.0,5.1,769.0,836.0,1467.0,801.0,24.0,55.6,1.6381
925.0,4.7,749.0,826.0,1482.0,739.0,23.5,58.3,1.6672
869.0,2.9,648.0,953.0,1401.0,644.0,22.7,60.8,1.6519
832.0,2.1,593.0,1049.0,1347.0,558.0,24.1,55.5,1.6481
854.0,2.9,645.0,954.0,1399.0,602.0,22.5,60.9,1.6424
913.0,4.3,726.0,861.0,1487.0,737.0,22.0,64.5,1.6847
976.0,6.6,840.0,756.0,1555.0,885.0,22.3,62.9,1.6754
1309.0,21.0,1323.0,505.0,2098.0,1360.0,23.1,60.0,1.6711
1333.0,26.2,1460.0,443.0,2231.0,1455.0,24.7,55.1,1.6872
1209.0,16.1,1182.0,546.0,1911.0,1255.0,27.7,46.1,1.6852
1180.0,15.3,1157.0,568.0,1874.0,1202.0,29.8,38.8,1.6029
1204.0,16.5,1196.0,552.0,1884.0,1250.0,31.5,32.6,1.478
1143.0,14.1,1119.0,610.0,1770.0,1103.0,31.8,30.5,1.4083
1120.0,12.2,1058.0,626.0,1716.0,1049.0,31.4,31.8,1.441
1030.0,8.9,935.0,726.0,1583.0,791.0,32.5,28.7,1.3796
1058.0,11.0,1016.0,673.0,1625.0,832.0,33.8,25.8,1.3338
1040.0,7.6,882.0,756.0,1560.0,635.0,34.5,28.6,1.5393
1093.0,10.1,981.0,666.0,1676.0,733.0,32.7,33.0,1.5987
1184.0,14.1,1119.0,594.0,1806.0,912.0,31.4,35.4,1.5972
1180.0,14.1,1121.0,568.0,1816.0,947.0,27.7,43.5,1.592
1079.0,10.3,988.0,633.0,1694.0,899.0,26.2,47.8,1.5979
1095.0,11.5,1032.0,621.0,1730.0,984.0,25.7,48.7,1.5825
1073.0,10.9,1009.0,639.0,1655.0,955.0,25.2,50.1,1.58
1063.0,10.4,991.0,655.0,1672.0,966.0,24.4,53.4,1.6031
1046.0,9.5,960.0,671.0,1637.0,899.0,23.7,55.4,1.6031
953.0,7.0,858.0,742.0,1544.0,780.0,22.8,58.5,1.5992
864.0,3.3,673.0,947.0,1412.0,636.0,22.8,58.5,1.5985
829.0,2.6,628.0,994.0,1378.0,577.0,22.3,59.7,1.5889
838.0,2.8,639.0,963.0,1391.0,596.0,20.8,64.9,1.571
913.0,4.3,728.0,802.0,1418.0,887.0,19.7,66.8,1.5184
1039.0,8.5,921.0,687.0,1556.0,1115.0,19.8,64.3,1.4678
1252.0,20.9,1320.0,499.0,2001.0,1374.0,20.6,62.3,1.4915
1410.0,35.2,1669.0,393.0,2555.0,1644.0,23.2,54.0,1.5143
1217.0,18.7,1261.0,533.0,1941.0,1375.0,26.3,43.1,1.4542
1114.0,12.8,1077.0,633.0,1705.0,1199.0,29.1,35.4,1.4008
1026.0,11.2,1020.0,689.0,1603.0,992.0,30.0,31.6,1.3176
1051.0,13.3,1094.0,646.0,1675.0,966.0,32.4,26.3,1.2594
1027.0,11.3,1024.0,700.0,1588.0,814.0,31.3,29.1,1.3054
996.0,10.4,992.0,722.0,1580.0,727.0,31.1,28.6,1.2718
1028.0,12.3,1060.0,686.0,1601.0,806.0,33.3,24.4,1.232
1030.0,12.3,1060.0,705.0,1588.0,852.0,35.5,21.2,1.2022
1133.0,19.4,1280.0,595.0,1791.0,1093.0,34.6,22.0,1.189
1180.0,21.5,1339.0,567.0,1868.0,1211.0,33.3,23.6,1.1842
1261.0,25.7,1446.0,528.0,2061.0,1346.0,30.0,28.5,1.1896
1093.0,14.5,1133.0,599.0,1708.0,1200.0,28.0,33.0,1.2264
1068.0,11.4,1029.0,650.0,1612.0,1192.0,27.2,37.4,1.3279
1031.0,9.5,958.0,700.0,1560.0,1074.0,26.6,39.9,1.3657
1055.0,11.6,1037.0,635.0,1632.0,1161.0,25.3,41.7,1.3247
1060.0,11.4,1029.0,622.0,1663.0,1210.0,24.3,44.7,1.3432
962.0,7.5,880.0,726.0,1484.0,1050.0,24.4,45.6,1.3779
874.0,5.3,776.0,846.0,1416.0,873.0,23.1,49.9,1.3891
832.0,3.1,661.0,977.0,1312.0,766.0,22.7,51.3,1.3977
834.0,4.0,709.0,907.0,1348.0,835.0,21.8,54.1,1.4004
865.0,4.6,745.0,866.0,1394.0,901.0,21.0,56.9,1.3999
903.0,5.8,803.0,819.0,1471.0,853.0,21.8,55.5,1.4323
1236.0,20.0,1297.0,542.0,1997.0,1321.0,21.6,57.2,1.4607
1464.0,30.0,1552.0,419.0,2366.0,1738.0,22.8,54.2,1.4886
1258.0,18.7,1261.0,514.0,1940.0,1603.0,26.2,45.0,1.5098
1203.0,15.8,1174.0,577.0,1824.0,1426.0,30.8,34.8,1.5165
1156.0,14.3,1127.0,616.0,1767.0,1295.0,34.1,28.8,1.5105
1106.0,14.4,1130.0,623.0,1726.0,1093.0,35.9,24.7,1.437
1008.0,11.6,1037.0,697.0,1587.0,803.0,33.7,25.1,1.2915
1011.0,11.1,1017.0,704.0,1569.0,738.0,34.4,24.0,1.279
1049.0,13.5,1100.0,667.0,1635.0,870.0,36.4,20.3,1.214
1053.0,13.7,1108.0,694.0,1570.0,873.0,38.7,17.3,1.1729
1088.0,15.3,1159.0,666.0,1626.0,889.0,37.2,18.9,1.1774
1248.0,26.0,1454.0,550.0,1917.0,1599.0,36.1,20.0,1.1767
1374.0,28.6,1517.0,490.0,2069.0,1704.0,32.8,29.4,1.4344
1213.0,17.0,1210.0,572.0,1809.0,1424.0,30.0,35.9,1.4958
1108.0,12.0,1051.0,640.0,1616.0,1199.0,28.7,38.2,1.4794
1071.0,10.1,982.0,649.0,1557.0,1099.0,28.1,40.4,1.512
1044.0,9.7,967.0,672.0,1540.0,1133.0,27.4,41.4,1.4877
1045.0,9.6,964.0,666.0,1554.0,1140.0,26.4,44.0,1.4919
1004.0,8.5,921.0,699.0,1495.0,1092.0,24.9,47.9,1.4855
944.0,5.7,796.0,784.0,1407.0,1021.0,24.0,50.3,1.476
868.0,3.1,657.0,921.0,1356.0,764.0,25.2,47.9,1.5129
850.0,2.7,632.0,954.0,1316.0,803.0,24.2,50.6,1.5011
873.0,3.3,668.0,911.0,1354.0,744.0,23.1,55.0,1.5357
905.0,5.1,766.0,842.0,1438.0,818.0,22.9,56.2,1.5522
1249.0,18.0,1239.0,540.0,1953.0,1285.0,22.0,59.3,1.5523
1488.0,34.5,1653.0,388.0,2537.0,1782.0,23.7,54.0,1.5627
1300.0,20.0,1296.0,489.0,1989.0,1639.0,26.7,45.7,1.5747
1311.0,18.9,1267.0,524.0,1941.0,1662.0,31.4,34.5,1.5599
1232.0,17.0,1210.0,565.0,1832.0,1478.0,34.5,28.5,1.5324
1113.0,13.4,1096.0,635.0,1636.0,1050.0,36.4,23.6,1.4064
1048.0,11.2,1021.0,698.0,1570.0,846.0,35.1,23.2,1.2884
1054.0,11.6,1036.0,697.0,1585.0,830.0,35.7,22.2,1.2765
1104.0,13.5,1102.0,670.0,1609.0,1480.0,37.6,19.6,1.2534
1130.0,13.9,1113.0,674.0,1623.0,1127.0,38.8,17.6,1.1979
1229.0,21.9,1348.0,565.0,1830.0,1445.0,39.3,16.0,1.1138
1347.0,23.2,1382.0,529.0,1961.0,1543.0,37.0,23.6,1.4639
1424.0,24.5,1417.0,488.0,2092.0,1674.0,33.2,30.1,1.5095
1305.0,16.3,1188.0,546.0,1843.0,1524.0,31.0,33.1,1.462
1180.0,13.1,1088.0,619.0,1662.0,1339.0,29.5,33.4,1.3562
1029.0,8.1,904.0,709.0,1460.0,992.0,29.1,36.7,1.4502
1080.0,8.1,902.0,702.0,1516.0,1048.0,27.8,40.7,1.5002
1197.0,11.4,1029.0,601.0,1628.0,1362.0,26.0,45.3,1.4999
1006.0,6.7,845.0,738.0,1430.0,978.0,25.8,45.4,1.487
987.0,6.2,820.0,772.0,1400.0,935.0,25.4,45.9,1.4684
958.0,4.5,735.0,816.0,1409.0,906.0,25.2,46.4,1.464
962.0,4.7,747.0,813.0,1431.0,913.0,23.0,52.7,1.4568
958.0,4.6,744.0,809.0,1419.0,903.0,22.1,54.5,1.4337
976.0,5.3,780.0,795.0,1467.0,898.0,22.5,53.6,1.4422
1088.0,9.1,945.0,636.0,1613.0,1165.0,22.0,55.4,1.4436
1159.0,11.0,1016.0,595.0,1681.0,1260.0,23.4,51.6,1.4639
1156.0,10.3,988.0,615.0,1634.0,1250.0,26.7,43.0,1.4808
1202.0,11.2,1021.0,649.0,1644.0,1226.0,31.3,32.9,1.4771
1226.0,12.9,1080.0,622.0,1697.0,1188.0,34.8,27.1,1.4837
1181.0,13.2,1091.0,638.0,1637.0,1072.0,38.3,21.5,1.4263
1062.0,9.8,969.0,729.0,1459.0,782.0,37.1,21.2,1.3107
1013.0,7.9,897.0,798.0,1351.0,594.0,37.3,20.3,1.2771
1029.0,8.3,913.0,787.0,1373.0,607.0,38.3,19.3,1.2736
1144.0,11.9,1046.0,682.0,1564.0,879.0,40.7,17.0,1.2793
1159.0,12.3,1059.0,664.0,1580.0,945.0,39.5,18.5,1.3076
1113.0,10.0,978.0,705.0,1538.0,946.0,36.6,22.6,1.3664
1100.0,9.1,944.0,730.0,1524.0,882.0,32.8,28.2,1.3842
1037.0,7.8,890.0,765.0,1408.0,735.0,30.7,30.7,1.3338
1055.0,10.3,988.0,720.0,1490.0,874.0,30.1,28.7,1.2052
980.0,8.0,901.0,812.0,1369.0,731.0,29.7,25.4,1.044
1083.0,13.3,1094.0,706.0,1537.0,926.0,29.6,24.3,0.9889
1399.0,30.3,1558.0,473.0,2052.0,1652.0,28.0,29.1,1.0846
1194.0,18.5,1255.0,555.0,1694.0,1452.0,27.2,33.3,1.1788
970.0,7.3,870.0,792.0,1376.0,943.0,27.5,30.9,1.1155
898.0,4.2,721.0,912.0,1264.0,594.0,27.1,33.3,1.1762
929.0,5.1,769.0,879.0,1335.0,607.0,26.4,35.1,1.1919
913.0,4.4,734.0,864.0,1338.0,646.0,25.6,37.6,1.2131
854.0,2.2,600.0,1102.0,1252.0,542.0,25.4,38.6,1.2352
881.0,2.9,647.0,964.0,1250.0,550.0,25.5,38.2,1.2296
867.0,2.5,618.0,1042.0,1231.0,488.0,27.0,34.3,1.2089
885.0,2.8,638.0,1059.0,1248.0,484.0,29.9,29.6,1.2296
899.0,3.0,654.0,1037.0,1254.0,481.0,31.9,26.8,1.2477
886.0,2.7,633.0,1071.0,1214.0,453.0,33.0,23.5,1.1583
864.0,3.0,651.0,1096.0,1193.0,443.0,34.5,19.3,1.0369
822.0,2.4,611.0,1191.0,1138.0,403.0,33.2,19.0,0.9533
810.0,2.2,597.0,1255.0,1106.0,361.0,32.2,20.5,0.9699
784.0,1.9,576.0,1327.0,1060.0,342.0,32.6,17.5,0.8467
823.0,2.7,633.0,1228.0,1103.0,366.0,33.0,17.5,0.8683
863.0,3.4,678.0,1153.0,1139.0,434.0,32.9,17.5,0.8622
880.0,4.3,728.0,1046.0,1167.0,514.0,31.6,18.0,0.8243
951.0,7.0,859.0,897.0,1267.0,718.0,29.3,20.4,0.8162
942.0,5.5,786.0,930.0,1245.0,705.0,27.8,24.4,0.9002
988.0,7.0,859.0,845.0,1341.0,799.0,27.1,26.9,0.9524
1008.0,6.7,845.0,832.0,1349.0,856.0,26.3,29.5,0.9959
965.0,5.1,769.0,878.0,1315.0,667.0,25.9,32.9,1.0826
957.0,4.1,717.0,911.0,1322.0,579.0,25.3,36.9,1.1764
921.0,3.2,666.0,954.0,1288.0,480.0,24.8,40.1,1.2378
854.0,1.7,562.0,1106.0,1224.0,400.0,24.3,42.9,1.2906
826.0,1.0,504.0,1250.0,1204.0,385.0,24.0,45.5,1.3404
828.0,1.0,501.0,1281.0,1189.0,385.0,23.9,47.4,1.3881
892.0,1.9,580.0,1076.0,1271.0,516.0,23.5,49.1,1.3991
954.0,3.1,660.0,938.0,1342.0,728.0,23.7,49.2,1.4195
1120.0,7.8,890.0,728.0,1546.0,1035.0,23.6,49.6,1.4247
1096.0,8.5,921.0,716.0,1534.0,988.0,24.3,45.4,1.365
1058.0,8.0,898.0,749.0,1470.0,977.0,26.3,38.3,1.2932
977.0,5.7,800.0,843.0,1372.0,778.0,27.6,34.2,1.2464
977.0,6.6,840.0,827.0,1390.0,736.0,29.2,29.1,1.1586
943.0,5.3,777.0,880.0,1333.0,632.0,29.2,28.6,1.1423
964.0,6.0,814.0,850.0,1369.0,689.0,29.4,28.3,1.1434
953.0,5.4,781.0,889.0,1356.0,641.0,29.8,28.0,1.1558
967.0,6.1,814.0,854.0,1385.0,703.0,30.1,26.7,1.1217
996.0,6.7,843.0,840.0,1394.0,765.0,30.1,27.2,1.1406
1091.0,11.7,1039.0,699.0,1586.0,923.0,29.6,27.5,1.1229
1114.0,13.5,1101.0,663.0,1632.0,1057.0,29.6,27.7,1.1278
1133.0,13.5,1101.0,647.0,1669.0,1105.0,28.0,30.1,1.1226
1031.0,8.5,921.0,731.0,1490.0,897.0,26.8,33.8,1.1723
952.0,5.5,787.0,856.0,1342.0,723.0,25.7,35.8,1.16
949.0,5.8,804.0,835.0,1365.0,740.0,25.4,35.2,1.1255
932.0,4.8,752.0,889.0,1310.0,687.0,25.0,37.3,1.1614
966.0,5.2,774.0,859.0,1352.0,644.0,24.6,40.5,1.2362
888.0,3.0,653.0,973.0,1272.0,497.0,24.2,43.8,1.3057
847.0,2.7,634.0,1012.0,1258.0,525.0,24.0,43.7,1.2876
856.0,3.6,687.0,955.0,1260.0,726.0,21.9,48.3,1.2522
881.0,4.4,735.0,876.0,1308.0,783.0,22.4,47.2,1.2593
882.0,4.0,711.0,936.0,1310.0,741.0,22.9,46.5,1.2861
1016.0,7.7,888.0,776.0,1485.0,1040.0,23.1,47.0,1.3122
1228.0,13.9,1113.0,628.0,1719.0,1324.0,23.7,46.2,1.3376
1311.0,22.0,1350.0,529.0,1957.0,1486.0,25.8,41.9,1.3688
1081.0,10.2,983.0,703.0,1546.0,1079.0,27.3,38.3,1.3669
1104.0,10.4,993.0,705.0,1539.0,1081.0,31.0,29.1,1.2885
991.0,8.0,898.0,787.0,1412.0,806.0,31.6,25.5,1.1638
1008.0,10.1,980.0,755.0,1465.0,825.0,32.5,21.2,1.0173
986.0,10.7,1005.0,752.0,1439.0,907.0,31.7,20.5,0.9428
948.0,7.9,893.0,828.0,1374.0,768.0,31.5,21.5,0.9768
919.0,7.1,862.0,851.0,1293.0,697.0,31.6,20.8,0.9562
958.0,9.0,940.0,820.0,1380.0,728.0,32.4,19.4,0.9279
1037.0,11.2,1021.0,747.0,1451.0,786.0,31.7,20.3,0.9336
1120.0,16.0,1181.0,653.0,1604.0,1028.0,31.1,21.0,0.9337
1205.0,19.9,1294.0,579.0,1744.0,1317.0,28.9,25.4,0.9933
1172.0,15.3,1159.0,597.0,1653.0,1290.0,27.4,30.8,1.1112
1088.0,11.1,1019.0,668.0,1554.0,1165.0,26.3,34.1,1.1453
1055.0,10.0,979.0,694.0,1517.0,1086.0,25.4,35.2,1.1288
1077.0,12.22727273,1040.363636,708.0,1503.272727,1133.727273,25.15454545,35.0,1.107881818
1099.0,14.45454545,1101.727273,722.0,1489.545455,1181.454545,24.90909091,34.8,1.086963636
1121.0,16.68181818,1163.090909,736.0,1475.818182,1229.181818,24.66363636,34.6,1.066045455
1143.0,18.90909091,1224.454545,750.0,1462.090909,1276.909091,24.41818182,34.4,1.045127273
1165.0,21.13636364,1285.818182,764.0,1448.363636,1324.636364,24.17272727,34.2,1.024209091
1187.0,23.36363636,1347.181818,778.0,1434.636364,1372.363636,23.92727273,34.0,1.003290909
1209.0,25.59090909,1408.545455,792.0,1420.909091,1420.090909,23.68181818,33.8,0.982372727
1231.0,27.81818182,1469.909091,806.0,1407.181818,1467.818182,23.43636364,33.6,0.961454545
1253.0,30.04545455,1531.272727,820.0,1393.454545,1515.545455,23.19090909,33.4,0.940536364
1275.0,32.27272727,1592.636364,834.0,1379.727273,1563.272727,22.94545455,33.2,0.919618182
1297.0,34.5,1654.0,848.0,1366.0,1611.0,22.7,33.0,0.8987
1300.111111,32.76666667,1610.888889,856.6666667,1374.333333,1603.444444,23.77777778,31.53333333,0.904222222
1303.222222,31.03333333,1567.777778,865.3333333,1382.666667,1595.888889,24.85555556,30.06666667,0.909744444
1306.333333,29.3,1524.666667,874.0,1391.0,1588.333333,25.93333333,28.6,0.915266667
1309.444444,27.56666667,1481.555556,882.6666667,1399.333333,1580.777778,27.01111111,27.13333333,0.920788889
1312.555556,25.83333333,1438.444444,891.3333333,1407.666667,1573.222222,28.08888889,25.66666667,0.926311111
1315.666667,24.1,1395.333333,900.0,1416.0,1565.666667,29.16666667,24.2,0.931833333
1318.777778,22.36666667,1352.222222,908.6666667,1424.333333,1558.111111,30.24444444,22.73333333,0.937355556
1321.888889,20.63333333,1309.111111,917.3333333,1432.666667,1550.555556,31.32222222,21.26666667,0.942877778
1325.0,18.9,1266.0,926.0,1441.0,1543.0,32.4,19.8,0.9484
1383.0,24.1,1406.0,824.0,1582.0,1678.0,29.9,22.3,0.9235
1254.0,18.1,1241.0,873.0,1463.0,1431.0,28.2,24.8,0.936
1221.0,15.8,1174.0,874.0,1481.0,1413.0,26.8,28.9,1.0019
1226.0,14.6,1138.0,862.0,1481.0,1419.0,25.1,32.3,1.0131
1100.0,10.6,999.0,984.0,1361.0,1145.0,25.4,30.5,0.9722
999.0,7.5,879.0,1114.0,1261.0,960.0,24.9,28.3,0.8775
980.0,7.4,873.0,1088.0,1258.0,949.0,23.2,30.5,0.8558
859.0,3.8,698.0,1254.0,1157.0,819.0,22.3,33.6,0.8959
814.0,2.3,606.0,1370.0,1131.0,745.0,23.0,33.0,0.9184
806.0,2.3,605.0,1366.0,1132.0,725.0,21.4,35.7,0.8982
813.0,2.7,631.0,1327.0,1108.0,710.0,21.7,33.4,0.8545
889.0,4.9,760.0,1224.0,1213.0,806.0,20.3,35.5,0.8342
1200.0,18.2,1246.0,798.0,1574.0,1416.0,19.7,37.5,0.8501
1289.0,21.4,1335.0,724.0,1681.0,1521.0,21.0,35.6,0.8736
1355.0,21.3,1333.0,741.0,1691.0,1605.0,25.0,28.9,0.9025
1277.0,19.9,1292.0,800.0,1626.0,1481.0,31.0,21.9,0.9708
1156.0,14.8,1142.0,907.0,1490.0,1188.0,34.9,18.5,1.0189
1054.0,12.6,1071.0,1006.0,1380.0,940.0,37.1,15.0,0.9297
1096.0,13.0,1083.0,971.0,1430.0,986.0,35.0,17.3,0.9542
1160.0,16.2,1185.0,873.0,1522.0,1162.0,35.1,17.5,0.9733
1148.0,15.0,1149.0,924.0,1473.0,1047.0,35.4,16.6,0.9385
1166.0,16.2,1186.0,878.0,1500.0,1180.0,38.4,13.8,0.9221
1315.0,22.7,1370.0,794.0,1689.0,1399.0,37.6,14.5,0.9277
1425.0,32.3,1605.0,660.0,1920.0,2321.0,35.2,16.6,0.9242
1329.0,22.3,1360.0,704.0,1768.0,1894.0,31.2,25.5,1.1379
1299.0,16.6,1197.0,763.0,1688.0,1606.0,29.3,30.7,1.229
1123.0,11.0,1015.0,845.0,1470.0,1297.0,28.3,30.1,1.1392
1089.0,11.3,1024.0,831.0,1452.0,1182.0,27.4,31.5,1.133
1081.0,9.3,950.0,876.0,1434.0,1138.0,26.2,35.7,1.1929
1031.0,7.3,871.0,950.0,1393.0,972.0,25.2,38.1,1.2049
969.0,5.5,787.0,1035.0,1350.0,799.0,24.4,39.1,1.1784
881.0,3.5,680.0,1175.0,1251.0,630.0,23.7,39.1,1.1289
869.0,2.8,638.0,1219.0,1213.0,586.0,24.2,38.5,1.1491
866.0,2.9,644.0,1162.0,1218.0,629.0,24.5,38.5,1.1688
895.0,3.6,689.0,1134.0,1250.0,709.0,22.4,43.5,1.1624
933.0,5.5,786.0,1018.0,1306.0,858.0,22.3,43.8,1.1631
1209.0,15.5,1163.0,762.0,1606.0,1300.0,21.4,45.8,1.1515
1417.0,28.3,1511.0,587.0,1975.0,1676.0,22.9,41.3,1.1383
1227.0,17.8,1233.0,739.0,1594.0,1384.0,26.6,30.3,1.0378
1093.0,12.8,1076.0,871.0,1457.0,1125.0,30.3,23.0,0.977
1135.0,15.7,1170.0,867.0,1523.0,1189.0,32.8,18.9,0.9234
1112.0,15.4,1161.0,866.0,1499.0,1088.0,34.3,17.7,0.9416
1147.0,15.6,1168.0,858.0,1492.0,1118.0,33.3,18.9,0.9536
1086.0,12.6,1070.0,907.0,1423.0,924.0,33.0,20.1,0.9959
1077.0,12.2,1056.0,908.0,1406.0,935.0,33.6,19.6,1.0029
1110.0,13.4,1098.0,882.0,1450.0,1009.0,34.9,18.4,1.0106
1146.0,14.3,1125.0,846.0,1511.0,1016.0,33.4,20.3,1.027
1211.0,16.5,1194.0,797.0,1599.0,1188.0,31.6,22.7,1.041
1218.0,17.4,1221.0,755.0,1599.0,1290.0,29.2,26.9,1.0709
1136.0,12.9,1082.0,824.0,1478.0,1130.0,27.7,30.1,1.0991
1017.0,8.2,908.0,932.0,1354.0,880.0,27.1,31.0,1.0991
1063.0,9.2,946.0,886.0,1391.0,996.0,26.0,33.4,1.1071
1083.0,9.3,951.0,880.0,1393.0,1054.0,25.1,35.7,1.1222
1077.0,10.4,994.0,829.0,1429.0,1081.0,24.3,38.5,1.1525
968.0,6.2,823.0,952.0,1343.0,828.0,23.4,40.7,1.1551
898.0,4.2,720.0,1059.0,1259.0,661.0,23.2,41.2,1.1561
859.0,3.1,656.0,1126.0,1213.0,582.0,23.6,40.5,1.1667
849.0,2.3,607.0,1189.0,1190.0,544.0,23.5,40.9,1.1677
886.0,3.1,658.0,1101.0,1234.0,647.0,20.5,48.4,1.1557
932.0,4.0,708.0,1057.0,1285.0,720.0,20.7,48.4,1.1663
1144.0,10.8,1006.0,757.0,1535.0,1207.0,19.9,50.8,1.1694
1222.0,13.0,1083.0,729.0,1624.0,1273.0,21.3,47.2,1.1825
1202.0,10.3,989.0,775.0,1506.0,1303.0,24.0,40.8,1.1993
1323.0,16.3,1190.0,698.0,1702.0,1479.0,28.7,30.3,1.1769
1219.0,12.7,1074.0,805.0,1532.0,1191.0,31.9,24.7,1.1477
1121.0,9.7,965.0,899.0,1386.0,932.0,33.8,21.9,1.1331
1096.0,9.1,942.0,893.0,1366.0,826.0,32.7,22.7,1.1044
1019.0,7.0,858.0,989.0,1270.0,631.0,33.0,21.3,1.0512
1045.0,7.0,857.0,994.0,1308.0,598.0,33.9,21.2,1.0989
1147.0,9.5,959.0,872.0,1387.0,796.0,35.9,20.3,1.1845
1145.0,9.8,971.0,883.0,1418.0,759.0,34.2,22.6,1.197
1202.0,11.7,1040.0,815.0,1506.0,886.0,32.0,27.3,1.2752
1283.0,13.9,1112.0,719.0,1583.0,1071.0,29.3,32.6,1.3105
1148.0,8.7,929.0,815.0,1443.0,826.0,27.2,38.0,1.347
1229.0,10.9,1012.0,743.0,1562.0,1103.0,26.1,41.1,1.3705
1287.0,12.3,1060.0,716.0,1595.0,1221.0,25.3,44.6,1.4161
1285.0,12.4,1062.0,715.0,1583.0,1449.0,24.6,47.2,1.4424
1251.0,12.1,1055.0,701.0,1602.0,1364.0,24.1,48.8,1.4412
1120.0,8.0,900.0,811.0,1462.0,1111.0,23.6,50.4,1.447
1108.0,8.4,917.0,797.0,1495.0,1129.0,22.0,55.8,1.4585
961.0,4.9,759.0,943.0,1375.0,799.0,22.4,53.6,1.4379
950.0,4.2,719.0,982.0,1372.0,771.0,21.6,55.8,1.4228
901.0,2.3,608.0,1105.0,1299.0,646.0,21.8,55.2,1.4184
903.0,2.5,619.0,1111.0,1315.0,705.0,21.7,55.4,1.4192
1024.0,4.9,757.0,923.0,1423.0,908.0,20.6,59.8,1.435
1093.0,6.6,837.0,830.0,1480.0,1047.0,22.1,55.3,1.4495
1097.0,6.5,833.0,853.0,1470.0,1015.0,24.8,48.2,1.4883
1126.0,6.4,830.0,853.0,1528.0,938.0,27.9,43.4,1.6017
1139.0,5.6,794.0,908.0,1456.0,849.0,30.1,38.5,1.6212
1178.0,6.4,832.0,858.0,1542.0,844.0,28.2,48.6,1.8253
1243.0,7.6,883.0,745.0,1660.0,1036.0,24.8,70.4,2.1766
1017.0,3.5,680.0,996.0,1421.0,729.0,27.8,49.4,1.8209
1048.0,3.3,672.0,1050.0,1438.0,556.0,25.4,59.9,1.9168
1254.0,6.6,840.0,787.0,1602.0,846.0,26.1,66.8,2.231
1287.0,8.3,911.0,796.0,1664.0,942.0,28.0,53.2,1.981
1215.0,8.0,900.0,823.0,1604.0,902.0,27.4,51.4,1.8404
1363.0,12.6,1071.0,697.0,1763.0,1178.0,25.7,55.8,1.8149
1436.0,17.5,1224.0,609.0,1886.0,1426.0,24.6,60.3,1.8363
1365.0,14.8,1143.0,655.0,1796.0,1394.0,24.2,61.6,1.8381
1506.0,23.3,1385.0,555.0,2260.0,1935.0,23.8,63.5,1.8495
1227.0,12.2,1055.0,705.0,1772.0,1360.0,23.0,64.8,1.802
1038.0,7.2,866.0,833.0,1570.0,1061.0,23.0,63.3,1.7589
934.0,4.6,744.0,970.0,1473.0,870.0,22.8,63.3,1.7355
900.0,3.8,699.0,1036.0,1452.0,799.0,21.0,68.6,1.6873
870.0,3.7,692.0,1070.0,1443.0,779.0,20.4,70.7,1.6734
875.0,4.0,713.0,1027.0,1436.0,809.0,19.4,73.4,1.6417
940.0,5.5,789.0,917.0,1473.0,914.0,19.5,72.0,1.6118
1053.0,8.3,913.0,824.0,1578.0,1033.0,19.7,70.3,1.5925
1509.0,28.2,1508.0,533.0,2257.0,1572.0,20.4,66.7,1.577
1559.0,32.1,1599.0,498.0,2374.0,1704.0,21.8,61.8,1.5966
1313.0,17.7,1231.0,626.0,1889.0,1455.0,23.0,60.2,1.6652
1372.0,18.4,1251.0,609.0,1890.0,1588.0,25.4,53.0,1.6963
1320.0,16.3,1190.0,655.0,1825.0,1482.0,30.0,41.6,1.7324
1346.0,18.2,1246.0,639.0,1907.0,1458.0,32.6,34.8,1.6872
1307.0,17.9,1236.0,649.0,1869.0,1356.0,32.2,34.2,1.6145
1157.0,12.6,1069.0,737.0,1653.0,1100.0,32.1,33.5,1.569
1154.0,11.3,1026.0,773.0,1623.0,1212.0,32.6,31.8,1.5361
1172.0,14.9,1145.0,735.0,1676.0,1049.0,35.2,25.2,1.4111
1241.0,18.5,1254.0,693.0,1735.0,1149.0,34.3,24.7,1.3154
1379.0,25.2,1433.0,605.0,1982.0,1370.0,31.5,29.9,1.3638
1570.0,35.9,1684.0,494.0,2289.0,1716.0,29.0,36.6,1.4452
1418.0,26.7,1471.0,542.0,2064.0,1600.0,27.1,42.2,1.4949
1317.0,19.9,1295.0,593.0,1883.0,1592.0,26.1,46.4,1.5445
1204.0,14.6,1136.0,648.0,1782.0,1491.0,25.1,49.4,1.548
1014.0,6.9,853.0,843.0,1499.0,1084.0,26.0,46.4,1.5375
956.0,5.6,794.0,896.0,1456.0,1007.0,24.7,49.2,1.5116
891.0,3.9,708.0,1005.0,1382.0,823.0,24.8,49.0,1.5092
856.0,3.2,665.0,1061.0,1375.0,788.0,23.5,52.6,1.5035
863.0,3.9,703.0,1032.0,1403.0,791.0,20.8,62.1,1.5044
911.0,4.6,745.0,922.0,1428.0,924.0,19.9,65.5,1.5078
936.0,5.0,765.0,916.0,1462.0,941.0,20.6,62.9,1.5088
1087.0,9.6,964.0,774.0,1633.0,1103.0,21.3,59.4,1.4918
1540.0,27.8,1498.0,519.0,2301.0,1657.0,22.0,58.3,1.5199
1513.0,32.1,1601.0,469.0,2382.0,1743.0,23.2,55.4,1.5559
1409.0,20.9,1322.0,562.0,2004.0,1601.0,26.5,50.2,1.713
1219.0,11.8,1042.0,699.0,1750.0,1253.0,29.0,45.5,1.7976
1286.0,15.8,1172.0,644.0,1870.0,1295.0,30.1,42.0,1.7602
1228.0,15.8,1174.0,668.0,1788.0,1192.0,32.3,35.9,1.7067
1140.0,14.0,1117.0,711.0,1690.0,1046.0,33.2,33.8,1.69
1052.0,8.2,906.0,832.0,1516.0,803.0,34.0,33.6,1.7591
1282.0,13.7,1107.0,682.0,1791.0,1116.0,29.9,45.6,1.8942
1378.0,19.5,1282.0,576.0,2010.0,1347.0,27.7,53.7,1.967
1506.0,26.7,1471.0,518.0,2200.0,1530.0,28.0,52.7,1.9604
1310.0,18.7,1259.0,620.0,1926.0,1240.0,28.6,48.2,1.8616
1204.0,13.9,1114.0,686.0,1807.0,1092.0,24.8,61.6,1.9067
1071.0,6.7,842.0,873.0,1575.0,740.0,20.3,77.2,1.8204
967.0,4.2,719.0,980.0,1490.0,670.0,19.7,82.5,1.8674
947.0,3.6,689.0,1009.0,1454.0,640.0,20.6,78.8,1.8885
1011.0,4.4,734.0,967.0,1497.0,918.0,19.2,87.2,1.9195
971.0,4.2,722.0,949.0,1472.0,804.0,20.5,81.5,1.936
886.0,2.6,627.0,1082.0,1405.0,694.0,21.4,74.0,1.8683
908.0,3.1,657.0,1013.0,1460.0,796.0,20.5,78.2,1.8678
901.0,3.0,652.0,1013.0,1468.0,804.0,20.7,77.8,1.8764
915.0,3.4,674.0,970.0,1481.0,829.0,20.5,78.0,1.8636
940.0,4.0,712.0,961.0,1499.0,848.0,20.6,76.2,1.8272
1048.0,7.8,891.0,791.0,1654.0,992.0,20.1,77.4,1.802
1298.0,16.1,1181.0,644.0,1962.0,1256.0,20.9,73.3,1.787
1487.0,27.6,1493.0,492.0,2345.0,1598.0,21.2,72.3,1.8007
1327.0,17.8,1233.0,582.0,1968.0,1403.0,22.5,68.9,1.8511
1363.0,18.5,1255.0,573.0,1989.0,1497.0,23.7,64.5,1.8682
1393.0,21.6,1340.0,529.0,2080.0,1500.0,23.2,68.4,1.9243
1361.0,21.0,1324.0,540.0,2044.0,1549.0,23.5,69.2,1.9776
1289.0,17.2,1217.0,599.0,1975.0,1374.0,24.1,65.5,1.9371
1265.0,16.1,1184.0,619.0,1930.0,1270.0,24.2,65.6,1.9501
1339.0,18.6,1257.0,579.0,2031.0,1360.0,24.6,63.9,1.9459
1269.0,17.2,1215.0,608.0,1939.0,1296.0,26.3,56.5,1.9018
1299.0,17.3,1220.0,624.0,1929.0,1319.0,26.9,53.1,1.8557
1546.0,28.6,1519.0,493.0,2265.0,1649.0,26.5,50.8,1.7334
1571.0,31.8,1593.0,469.0,2409.0,1686.0,25.1,55.8,1.7511
1312.0,20.1,1299.0,580.0,2016.0,1380.0,23.9,58.9,1.7276
1074.0,9.2,946.0,767.0,1635.0,1079.0,23.1,62.8,1.7562
1127.0,10.3,989.0,752.0,1724.0,1096.0,22.1,67.3,1.7671
1040.0,8.6,923.0,769.0,1640.0,1049.0,22.1,66.5,1.7441
1060.0,8.6,925.0,772.0,1649.0,1161.0,21.1,70.1,1.7366
911.0,4.8,753.0,934.0,1496.0,865.0,21.9,67.1,1.7394
853.0,2.6,623.0,1107.0,1421.0,768.0,21.7,67.4,1.7262
915.0,4.3,725.0,962.0,1485.0,845.0,20.2,73.8,1.7229
897.0,4.5,738.0,936.0,1471.0,843.0,19.1,76.0,1.6668
976.0,6.6,840.0,844.0,1562.0,964.0,19.4,75.4,1.6802
1066.0,10.1,982.0,740.0,1699.0,1065.0,19.7,74.4,1.6829
1435.0,23.4,1387.0,544.0,2140.0,1467.0,19.9,74.3,1.7083
1420.0,25.0,1430.0,512.0,2194.0,1510.0,20.4,72.8,1.7198
1365.0,21.6,1341.0,549.0,2033.0,1518.0,21.6,67.7,1.7254
1171.0,13.0,1083.0,695.0,1758.0,1276.0,22.9,59.1,1.633
982.0,6.8,850.0,888.0,1505.0,873.0,18.7,73.1,1.5608
1021.0,10.0,979.0,798.0,1580.0,958.0,21.1,58.3,1.4444
1044.0,11.7,1039.0,771.0,1609.0,1076.0,23.3,47.1,1.3281
1005.0,9.8,972.0,834.0,1514.0,952.0,22.9,47.9,1.3208
1021.0,10.2,985.0,816.0,1524.0,977.0,23.3,46.2,1.301
1064.0,12.0,1048.0,772.0,1574.0,1059.0,23.7,45.4,1.315
1167.0,17.7,1231.0,659.0,1745.0,1199.0,23.8,46.1,1.3373
1167.0,18.8,1263.0,640.0,1790.0,1212.0,23.0,49.3,1.3689
1164.0,17.6,1227.0,658.0,1800.0,1193.0,21.9,53.1,1.3787
1092.0,13.8,1110.0,725.0,1641.0,1105.0,21.3,54.8,1.3742
997.0,9.4,955.0,845.0,1528.0,926.0,21.2,55.2,1.3699
966.0,9.6,964.0,858.0,1560.0,1231.0,21.4,54.8,1.3813
969.0,8.5,922.0,906.0,1488.0,995.0,20.8,57.2,1.3925
944.0,10.7,1005.0,874.0,1633.0,1094.0,21.3,55.8,1.3974
834.0,6.1,817.0,1022.0,1408.0,774.0,21.4,52.1,1.3125
796.0,3.2,667.0,1162.0,1295.0,558.0,20.6,56.6,1.3583
777.0,2.0,585.0,1305.0,1266.0,510.0,20.0,59.1,1.3694
752.0,1.2,521.0,1451.0,1247.0,471.0,19.7,61.9,1.4017
755.0,1.3,528.0,1472.0,1234.0,471.0,19.6,59.1,1.3346
800.0,2.2,598.0,1336.0,1278.0,529.0,19.8,56.7,1.2941
1147.0,14.6,1136.0,737.0,1708.0,1114.0,20.2,55.6,1.3043
1036.0,9.7,965.0,854.0,1544.0,987.0,19.7,57.8,1.3112
926.0,6.7,845.0,979.0,1398.0,851.0,20.2,53.1,1.2442
961.0,7.6,881.0,932.0,1417.0,901.0,22.0,47.0,1.2259
951.0,8.6,926.0,902.0,1460.0,949.0,23.5,41.6,1.1884
962.0,9.0,940.0,889.0,1441.0,855.0,22.8,41.8,1.1417
1004.0,10.7,1004.0,832.0,1490.0,911.0,23.4,40.4,1.15
893.0,6.3,828.0,988.0,1357.0,672.0,23.2,42.8,1.2017
990.0,9.4,956.0,872.0,1476.0,826.0,23.6,43.2,1.2433
1071.0,12.5,1068.0,798.0,1556.0,988.0,23.9,40.8,1.1937
1140.0,15.2,1155.0,733.0,1660.0,1105.0,23.6,42.8,1.23
1103.0,14.8,1143.0,741.0,1647.0,1089.0,23.2,43.3,1.2161
1082.0,15.9,1178.0,733.0,1605.0,1077.0,22.8,42.5,1.1608
991.0,10.0,977.0,872.0,1448.0,923.0,22.3,42.2,1.1209
935.0,6.9,852.0,978.0,1344.0,824.0,22.1,43.0,1.1271
908.0,5.5,790.0,1046.0,1317.0,717.0,22.2,42.7,1.1237
927.0,6.3,826.0,1021.0,1331.0,734.0,22.1,42.8,1.1265
936.0,6.7,844.0,978.0,1365.0,776.0,22.1,43.5,1.1443
847.0,3.7,694.0,1153.0,1240.0,594.0,21.5,45.6,1.1528
812.0,3.2,664.0,1212.0,1215.0,518.0,21.1,44.5,1.098
804.0,2.4,616.0,1271.0,1189.0,496.0,20.4,47.1,1.1178
793.0,2.7,636.0,1213.0,1195.0,514.0,20.6,45.9,1.0993
775.0,2.3,609.0,1319.0,1190.0,468.0,20.2,46.7,1.0899
835.0,3.6,690.0,1183.0,1257.0,621.0,20.1,47.8,1.1144
913.0,6.4,830.0,980.0,1371.0,757.0,20.0,50.7,1.1724
903.0,5.0,765.0,1035.0,1317.0,712.0,20.7,49.7,1.197
982.0,7.9,895.0,892.0,1413.0,859.0,24.3,39.5,1.1842
925.0,6.6,838.0,949.0,1324.0,728.0,25.4,34.8,1.1119
895.0,5.2,776.0,1024.0,1274.0,640.0,26.6,30.7,1.0501
930.0,6.6,838.0,957.0,1319.0,680.0,27.7,28.1,1.0272
953.0,7.6,881.0,926.0,1339.0,704.0,27.6,28.7,1.0406
885.0,5.0,765.0,1017.0,1268.0,619.0,27.6,29.2,1.0594
903.0,5.3,779.0,1010.0,1278.0,583.0,28.1,28.6,1.0715
927.0,5.3,781.0,994.0,1267.0,594.0,29.1,26.8,1.0648
979.0,6.5,835.0,936.0,1338.0,700.0,28.4,28.3,1.0798
1050.0,9.2,947.0,832.0,1447.0,912.0,26.6,32.1,1.102
1091.0,11.6,1037.0,770.0,1512.0,1038.0,25.3,35.3,1.1262
1040.0,9.2,946.0,827.0,1424.0,952.0,24.7,37.1,1.1397
997.0,7.5,879.0,885.0,1404.0,887.0,23.5,40.6,1.1588
1042.0,9.0,938.0,816.0,1456.0,1004.0,22.8,43.4,1.1915
1191.0,12.1,1055.0,707.0,1563.0,1221.0,22.2,47.9,1.2626
1149.0,10.5,996.0,754.0,1534.0,1177.0,21.3,50.5,1.2652
973.0,7.1,862.0,850.0,1436.0,957.0,20.6,53.2,1.2742
940.0,6.2,823.0,891.0,1415.0,853.0,19.6,56.6,1.2797
949.0,7.8,890.0,854.0,1484.0,884.0,18.8,59.8,1.2847
830.0,3.8,699.0,1012.0,1339.0,736.0,18.8,59.5,1.2758
773.0,2.3,609.0,1169.0,1256.0,590.0,19.3,57.0,1.2603
811.0,2.9,644.0,1144.0,1289.0,655.0,18.2,60.8,1.2567
901.0,4.8,754.0,936.0,1351.0,854.0,16.8,66.8,1.2721
969.0,7.7,886.0,863.0,1451.0,953.0,18.6,60.0,1.2757
1027.0,8.8,933.0,806.0,1465.0,1050.0,22.2,48.0,1.2678
1094.0,10.6,1002.0,755.0,1536.0,1114.0,26.5,35.7,1.2149
1083.0,10.2,984.0,784.0,1485.0,1049.0,30.0,28.5,1.1883
1098.0,11.0,1015.0,754.0,1508.0,996.0,32.2,24.7,1.1696
1059.0,11.9,1047.0,761.0,1549.0,841.0,29.6,28.6,1.1628
1021.0,10.8,1009.0,771.0,1545.0,769.0,29.8,28.5,1.1809
925.0,5.1,768.0,987.0,1289.0,541.0,31.1,26.1,1.163
1045.0,8.3,910.0,878.0,1385.0,742.0,34.6,22.4,1.212
1303.0,20.7,1317.0,631.0,1816.0,1196.0,33.2,25.4,1.2722
1254.0,16.8,1204.0,668.0,1655.0,1338.0,30.0,31.4,1.3074
1345.0,20.4,1306.0,587.0,1806.0,1416.0,27.5,38.1,1.3756
1273.0,15.3,1159.0,645.0,1704.0,1341.0,26.2,42.5,1.423
1096.0,8.8,931.0,766.0,1506.0,1019.0,24.7,46.4,1.4206
1077.0,8.5,920.0,778.0,1509.0,935.0,23.6,50.0,1.4383
1084.0,8.7,929.0,751.0,1517.0,1081.0,22.7,53.6,1.4632
980.0,5.7,800.0,863.0,1407.0,903.0,22.7,53.8,1.4666
882.0,4.0,713.0,978.0,1343.0,731.0,22.8,53.0,1.4577
851.0,3.0,655.0,1051.0,1301.0,625.0,21.4,57.6,1.4469
819.0,2.2,597.0,1112.0,1281.0,613.0,19.9,62.3,1.4363
804.0,2.2,601.0,1122.0,1281.0,646.0,19.5,63.5,1.4269
823.0,2.7,631.0,1090.0,1304.0,671.0,20.2,60.8,1.4243
903.0,4.7,748.0,937.0,1373.0,801.0,19.4,63.5,1.4139
1310.0,21.7,1344.0,573.0,2026.0,1353.0,18.7,65.6,1.4039
1436.0,32.2,1601.0,455.0,2338.0,1682.0,20.1,60.6,1.4062
1479.0,27.5,1490.0,494.0,2146.0,1749.0,23.5,49.7,1.4156
1285.0,18.1,1243.0,599.0,1815.0,1582.0,26.4,41.9,1.4237
1262.0,18.6,1258.0,597.0,1835.0,1484.0,29.9,34.0,1.4096
1225.0,17.6,1227.0,643.0,1774.0,1321.0,31.5,30.8,1.4017
1162.0,16.3,1188.0,676.0,1681.0,1125.0,30.2,30.2,1.2744
1103.0,11.8,1044.0,757.0,1523.0,967.0,30.5,29.3,1.2612
1120.0,11.9,1045.0,752.0,1563.0,975.0,31.8,27.4,1.2673
1169.0,15.5,1163.0,708.0,1639.0,1025.0,34.3,23.2,1.2326
1386.0,28.8,1522.0,560.0,1990.0,1469.0,34.1,23.0,1.2081
1426.0,31.1,1577.0,521.0,2080.0,1648.0,30.5,29.2,1.2585
1476.0,34.9,1663.0,473.0,2167.0,1785.0,28.1,32.4,1.2173
1167.0,19.5,1282.0,633.0,1685.0,1371.0,26.5,31.7,1.0787
1032.0,11.7,1039.0,761.0,1455.0,1071.0,24.8,33.7,1.0377
1034.0,9.9,972.0,747.0,1437.0,1118.0,23.9,38.1,1.1123
986.0,7.7,885.0,835.0,1407.0,931.0,23.0,43.0,1.1897
908.0,4.4,732.0,966.0,1311.0,722.0,23.5,44.7,1.2755
891.0,4.1,714.0,957.0,1295.0,773.0,22.3,47.7,1.2643
843.0,3.1,656.0,1042.0,1271.0,665.0,22.1,49.8,1.3094
822.0,2.4,612.0,1094.0,1254.0,594.0,21.8,51.4,1.3272
814.0,2.1,589.0,1119.0,1246.0,565.0,20.8,55.9,1.3581
869.0,3.3,673.0,1033.0,1307.0,688.0,18.8,63.0,1.3582
1013.0,8.1,905.0,804.0,1499.0,974.0,18.3,65.5,1.3686
1515.0,31.4,1584.0,496.0,2288.0,1591.0,18.2,66.1,1.3679
1587.0,41.2,1795.0,425.0,2531.0,1820.0,19.6,60.7,1.3713
1490.0,27.3,1487.0,508.0,2115.0,1807.0,22.6,51.4,1.392
1435.0,24.2,1408.0,537.0,1991.0,1704.0,25.8,44.2,1.4512
1246.0,17.0,1209.0,632.0,1792.0,1270.0,28.5,39.0,1.4928
1266.0,17.7,1231.0,615.0,1768.0,1265.0,30.1,35.1,1.4782
1277.0,19.3,1277.0,586.0,1846.0,1226.0,29.4,36.4,1.4718
1142.0,12.7,1073.0,671.0,1635.0,987.0,29.2,37.9,1.5116
1207.0,14.6,1136.0,645.0,1696.0,1024.0,30.5,34.9,1.5015
1252.0,17.8,1233.0,618.0,1759.0,1127.0,31.5,31.4,1.431
1399.0,26.6,1468.0,531.0,2072.0,1442.0,31.2,31.4,1.3987
1464.0,30.3,1559.0,485.0,2158.0,1639.0,28.5,37.2,1.4282
1422.0,28.7,1520.0,494.0,2087.0,1624.0,26.7,42.3,1.4618
1308.0,20.0,1297.0,567.0,1899.0,1454.0,24.8,49.0,1.5092
1137.0,11.9,1047.0,680.0,1620.0,1138.0,23.6,53.6,1.5374
1040.0,8.1,903.0,782.0,1494.0,951.0,23.0,55.8,1.548
1018.0,7.7,885.0,809.0,1491.0,864.0,22.1,58.4,1.5393
962.0,5.9,808.0,866.0,1430.0,868.0,22.6,56.3,1.5233
930.0,5.1,768.0,916.0,1409.0,825.0,21.0,61.3,1.5031
812.0,2.4,613.0,1133.0,1302.0,626.0,23.0,54.0,1.501
826.0,2.4,612.0,1111.0,1304.0,605.0,19.8,65.3,1.4894
878.0,3.8,702.0,949.0,1373.0,822.0,18.3,70.8,1.4794
922.0,5.0,764.0,892.0,1415.0,905.0,18.1,72.5,1.4876
1047.0,9.7,965.0,737.0,1606.0,1075.0,18.3,71.0,1.4807
1376.0,25.9,1452.0,521.0,2123.0,1541.0,18.5,68.9,1.4565
1514.0,34.3,1648.0,457.0,2400.0,1749.0,20.1,62.7,1.461
1494.0,29.0,1528.0,479.0,2201.0,1798.0,23.5,52.0,1.4833
1316.0,20.0,1298.0,562.0,1888.0,1584.0,26.8,42.7,1.4864
1269.0,18.3,1247.0,597.0,1813.0,1441.0,29.1,36.7,1.4543
1152.0,13.4,1099.0,674.0,1631.0,1093.0,30.8,32.0,1.4014
1138.0,14.0,1117.0,657.0,1646.0,1019.0,27.9,37.0,1.372
1132.0,12.1,1052.0,680.0,1609.0,944.0,28.5,37.3,1.4291
1186.0,15.3,1159.0,640.0,1701.0,1046.0,30.2,32.9,1.3865
1228.0,16.1,1184.0,657.0,1724.0,1089.0,32.9,27.7,1.3622
1424.0,27.3,1486.0,523.0,2084.0,1537.0,32.2,28.8,1.3624
1427.0,26.2,1458.0,507.0,2049.0,1566.0,28.8,39.0,1.5203
1387.0,26.7,1473.0,508.0,2065.0,1510.0,26.7,43.3,1.4881
1284.0,18.3,1249.0,582.0,1842.0,1300.0,24.6,54.0,1.6461
1110.0,11.9,1045.0,688.0,1638.0,1058.0,23.4,59.9,1.6992
1110.0,11.5,1032.0,702.0,1650.0,1002.0,22.5,62.6,1.6883
1077.0,9.6,964.0,749.0,1571.0,923.0,22.9,62.0,1.7127
1037.0,8.0,898.0,793.0,1539.0,836.0,22.2,64.9,1.719
1002.0,6.9,854.0,818.0,1513.0,779.0,21.4,68.5,1.7261
865.0,3.7,694.0,989.0,1385.0,678.0,22.2,63.0,1.6673
824.0,2.4,615.0,1131.0,1336.0,601.0,22.4,59.9,1.6069
824.0,2.2,602.0,1138.0,1337.0,593.0,21.1,63.8,1.5817
847.0,2.5,620.0,1085.0,1339.0,670.0,22.9,57.5,1.5879
961.0,6.3,828.0,892.0,1491.0,837.0,21.3,63.2,1.5794
1336.0,21.6,1340.0,540.0,2049.0,1400.0,21.3,63.5,1.5941
1251.0,18.8,1264.0,582.0,1897.0,1393.0,23.7,54.4,1.5765
1290.0,18.1,1244.0,604.0,1853.0,1415.0,25.0,50.8,1.5903
1215.0,14.8,1141.0,631.0,1766.0,1285.0,26.3,48.1,1.6199
1248.0,15.9,1177.0,608.0,1784.0,1230.0,26.4,47.3,1.6006
1233.0,16.1,1184.0,610.0,1775.0,1147.0,29.3,39.5,1.5855
1229.0,17.2,1217.0,599.0,1795.0,1107.0,29.0,39.6,1.5581
1206.0,15.8,1175.0,618.0,1746.0,1068.0,29.8,38.0,1.5642
1215.0,15.1,1150.0,608.0,1733.0,1115.0,30.4,37.2,1.588
1330.0,18.9,1264.0,586.0,1860.0,1362.0,31.5,34.9,1.5903
1446.0,25.2,1434.0,522.0,2075.0,1619.0,31.6,34.8,1.5925
1446.0,26.1,1458.0,501.0,2059.0,1572.0,29.0,40.5,1.5949
1421.0,25.6,1444.0,510.0,2056.0,1446.0,27.2,45.9,1.6302
1247.0,16.9,1206.0,600.0,1785.0,1233.0,26.2,48.7,1.6256
1168.0,12.6,1070.0,667.0,1646.0,1102.0,25.1,50.5,1.584
1111.0,10.3,991.0,721.0,1559.0,1028.0,24.1,50.7,1.4959
1071.0,8.9,934.0,763.0,1504.0,942.0,22.5,53.7,1.4486
969.0,6.5,835.0,859.0,1437.0,773.0,22.7,53.7,1.458
942.0,5.3,780.0,915.0,1419.0,737.0,21.5,57.9,1.4658
923.0,4.6,744.0,908.0,1394.0,815.0,22.3,55.8,1.4828
813.0,2.0,581.0,1176.0,1320.0,627.0,22.7,53.8,1.4673
851.0,2.5,618.0,1099.0,1351.0,642.0,21.1,59.9,1.4789
868.0,2.8,639.0,1093.0,1367.0,610.0,20.4,63.0,1.4946
1062.0,8.4,915.0,792.0,1579.0,929.0,20.8,62.2,1.5119
1418.0,21.1,1328.0,546.0,2017.0,1427.0,21.3,61.6,1.5452
1600.0,34.0,1641.0,440.0,2430.0,1776.0,21.9,60.2,1.56
1583.0,29.4,1538.0,461.0,2214.0,1788.0,23.0,56.4,1.5614
1338.0,20.3,1305.0,543.0,1929.0,1521.0,25.1,49.5,1.5572
1285.0,18.4,1252.0,581.0,1866.0,1293.0,26.6,44.3,1.5229
1376.0,22.3,1359.0,530.0,1998.0,1435.0,26.2,46.0,1.5422
1467.0,26.9,1477.0,491.0,2114.0,1592.0,25.4,48.7,1.5594
1442.0,24.0,1403.0,518.0,2026.0,1551.0,25.6,48.3,1.558
1358.0,19.3,1277.0,563.0,1892.0,1429.0,25.7,47.8,1.5548
1222.0,14.5,1133.0,624.0,1698.0,1195.0,24.9,49.2,1.5251
1134.0,11.1,1017.0,724.0,1632.0,981.0,18.3,75.4,1.5682
1120.0,10.4,993.0,725.0,1565.0,962.0,16.3,73.9,1.3601
1103.0,10.5,997.0,736.0,1552.0,914.0,15.6,75.7,1.3345
985.0,5.8,805.0,895.0,1390.0,785.0,15.4,76.6,1.3334
795.0,2.2,596.0,1227.0,1188.0,482.0,14.0,75.4,1.1988
787.0,2.0,584.0,1317.0,1129.0,446.0,14.9,60.5,1.0213
839.0,3.8,701.0,1128.0,1156.0,553.0,15.5,50.9,0.888
835.0,3.9,705.0,1117.0,1161.0,592.0,15.6,50.0,0.8773
837.0,3.7,693.0,1096.0,1178.0,584.0,15.4,53.6,0.9326
761.0,1.7,563.0,1316.0,1106.0,451.0,15.4,53.9,0.9334
718.0,1.0,499.0,1495.0,1059.0,382.0,15.3,52.4,0.9017
724.0,1.0,495.0,1531.0,1071.0,391.0,15.3,53.1,0.9181
718.0,0.9,486.0,1531.0,1072.0,398.0,15.4,53.7,0.9295
744.0,1.3,525.0,1434.0,1097.0,430.0,15.5,53.3,0.9308
782.0,2.1,591.0,1287.0,1130.0,461.0,15.4,52.7,0.9178
798.0,2.5,619.0,1204.0,1138.0,500.0,15.7,51.1,0.9056
867.0,4.6,744.0,1067.0,1207.0,594.0,16.9,47.7,0.9142
862.0,4.3,729.0,1103.0,1171.0,603.0,18.2,41.9,0.8674
915.0,6.5,834.0,1006.0,1243.0,686.0,19.1,37.0,0.8104
857.0,6.0,813.0,1040.0,1183.0,622.0,19.3,34.8,0.771
837.0,6.0,812.0,1065.0,1171.0,624.0,19.8,31.2,0.7127
805.0,4.5,740.0,1161.0,1117.0,565.0,19.8,31.1,0.7104
781.0,3.9,705.0,1203.0,1068.0,514.0,20.2,28.6,0.6717
815.0,4.6,743.0,1183.0,1095.0,536.0,22.1,24.8,0.6514
877.0,6.7,844.0,1048.0,1193.0,669.0,21.1,27.7,0.6853
926.0,8.9,935.0,931.0,1262.0,786.0,20.1,30.3,0.7045
987.0,9.8,971.0,876.0,1312.0,891.0,19.5,33.0,0.7384
1004.0,10.8,1007.0,848.0,1321.0,926.0,19.3,32.3,0.7163
897.0,7.4,875.0,937.0,1227.0,902.0,18.4,33.2,0.6975
1002.0,10.3,989.0,840.0,1358.0,1011.0,17.8,36.5,0.7366
1126.0,13.8,1111.0,746.0,1473.0,1249.0,17.8,39.9,0.8035
1067.0,10.9,1013.0,794.0,1350.0,1133.0,17.0,43.0,0.8242
1063.0,11.7,1040.0,739.0,1413.0,1166.0,15.5,52.2,0.9136
915.0,7.8,893.0,872.0,1287.0,953.0,15.6,51.9,0.9135
906.0,7.7,885.0,872.0,1304.0,912.0,13.5,59.4,0.9176
844.0,5.5,786.0,969.0,1226.0,831.0,13.4,59.9,0.9173
816.0,4.5,739.0,999.0,1188.0,793.0,12.5,63.2,0.9146
768.0,3.3,671.0,1128.0,1153.0,700.0,13.6,57.6,0.8941
835.0,5.4,785.0,989.0,1224.0,780.0,12.2,63.2,0.8964
944.0,8.2,908.0,865.0,1321.0,931.0,14.6,56.4,0.9319
810.0,3.0,651.0,1170.0,1117.0,575.0,19.8,38.6,0.8831
819.0,3.0,655.0,1222.0,1104.0,507.0,21.6,33.4,0.8519
844.0,3.5,680.0,1147.0,1129.0,518.0,22.0,32.2,0.8407
846.0,3.6,688.0,1127.0,1138.0,518.0,22.7,30.2,0.8217
842.0,4.0,711.0,1077.0,1160.0,516.0,22.3,30.4,0.8063
840.0,4.2,722.0,1048.0,1169.0,507.0,22.1,30.5,0.7981
815.0,3.1,657.0,1166.0,1098.0,490.0,22.1,29.5,0.7761
838.0,3.5,685.0,1176.0,1121.0,465.0,23.4,27.1,0.7681
992.0,10.3,987.0,823.0,1327.0,781.0,23.1,27.0,0.7538
990.0,7.8,891.0,908.0,1278.0,765.0,21.5,31.4,0.7943
1066.0,10.7,1004.0,795.0,1384.0,1006.0,20.3,35.5,0.833
971.0,7.3,870.0,911.0,1287.0,798.0,19.6,36.3,0.8193
963.0,7.7,887.0,853.0,1311.0,938.0,18.7,39.7,0.8482
1010.0,8.6,925.0,829.0,1351.0,996.0,18.0,42.7,0.8745
1054.0,10.0,978.0,768.0,1398.0,1109.0,17.1,47.6,0.9208
998.0,8.5,920.0,802.0,1365.0,1042.0,16.6,51.3,0.9634
919.0,5.8,802.0,891.0,1265.0,940.0,15.9,55.2,0.9881
884.0,5.0,764.0,921.0,1247.0,900.0,14.9,58.9,0.9891
803.0,2.9,648.0,1079.0,1178.0,774.0,14.1,61.0,0.9799
820.0,3.4,674.0,1024.0,1188.0,790.0,14.0,62.6,0.9948
894.0,5.6,794.0,889.0,1266.0,908.0,14.1,61.7,0.9844
988.0,9.0,941.0,801.0,1399.0,1035.0,14.4,60.3,0.9802
1372.0,26.9,1477.0,542.0,1973.0,1556.0,15.0,57.7,0.9778
1209.0,18.8,1262.0,618.0,1708.0,1392.0,16.9,50.3,0.958
951.0,8.2,908.0,873.0,1314.0,904.0,19.7,40.2,0.9108
992.0,9.1,943.0,847.0,1351.0,936.0,22.2,33.6,0.8886
964.0,9.2,947.0,862.0,1328.0,907.0,23.7,29.6,0.8537
917.0,8.3,910.0,886.0,1275.0,744.0,21.9,30.7,0.7961
937.0,9.1,942.0,852.0,1276.0,773.0,22.3,29.5,0.7838
961.0,9.2,949.0,853.0,1306.0,812.0,23.8,27.0,0.7845
969.0,9.6,962.0,829.0,1316.0,856.0,23.3,28.3,0.8012
1020.0,11.8,1042.0,788.0,1401.0,927.0,24.2,27.2,0.8128
1107.0,17.3,1219.0,683.0,1582.0,1131.0,25.1,25.8,0.8065
1119.0,17.8,1233.0,670.0,1539.0,1270.0,22.3,29.2,0.7773
1173.0,20.9,1322.0,633.0,1679.0,1365.0,20.8,32.5,0.7873
1097.0,14.9,1144.0,702.0,1517.0,1274.0,19.1,36.8,0.8066
1018.0,11.3,1024.0,758.0,1400.0,1169.0,18.1,39.9,0.8232
932.0,8.4,914.0,837.0,1298.0,1000.0,17.4,42.8,0.8463
897.0,6.8,849.0,891.0,1253.0,910.0,16.7,46.6,0.8793
840.0,4.9,758.0,994.0,1189.0,829.0,17.1,46.8,0.9054
802.0,3.5,680.0,1091.0,1137.0,756.0,15.3,51.9,0.8982
765.0,2.8,637.0,1138.0,1113.0,742.0,15.0,52.8,0.8929
741.0,2.1,595.0,1191.0,1080.0,686.0,14.4,54.5,0.8887
748.0,2.2,595.0,1208.0,1089.0,677.0,12.8,59.8,0.8801
791.0,3.9,704.0,1057.0,1154.0,748.0,11.9,62.7,0.8726
875.0,7.3,871.0,890.0,1253.0,890.0,12.1,62.6,0.8825
1085.0,15.5,1164.0,707.0,1503.0,1155.0,13.5,58.2,0.8944
1268.0,27.1,1482.0,550.0,1849.0,1533.0,14.4,55.7,0.9087
1236.0,21.3,1332.0,601.0,1683.0,1550.0,17.8,45.7,0.9224
1274.0,19.9,1294.0,615.0,1595.0,2236.0,21.0,37.2,0.9155
1250.0,19.4,1280.0,618.0,1663.0,2178.0,24.5,29.8,0.9008
1224.0,21.8,1347.0,602.0,1670.0,1901.0,26.4,26.4,0.8969
1220.0,21.7,1344.0,605.0,1676.0,1743.0,25.2,26.8,0.8451
1166.0,18.9,1265.0,640.0,1570.0,1502.0,26.1,24.8,0.8283
1050.0,13.0,1084.0,748.0,1402.0,1153.0,26.2,24.4,0.8174
1174.0,18.8,1264.0,670.0,1598.0,1287.0,28.9,21.3,0.8382
1323.0,26.8,1474.0,554.0,1854.0,1547.0,28.0,23.3,0.8681
1432.0,36.9,1706.0,488.0,2098.0,1842.0,24.7,27.9,0.8559
1479.0,39.3,1756.0,466.0,2165.0,1908.0,23.0,33.6,0.9302
1309.0,23.1,1379.0,555.0,1841.0,1693.0,20.9,45.8,1.1159
1089.0,11.6,1037.0,707.0,1480.0,1336.0,19.8,48.6,1.113
1009.0,8.3,911.0,788.0,1359.0,1177.0,19.8,47.7,1.0885
930.0,5.7,796.0,883.0,1263.0,977.0,18.6,49.1,1.0435
929.0,5.9,805.0,879.0,1270.0,974.0,17.2,53.9,1.0498
872.0,4.1,718.0,981.0,1223.0,872.0,16.3,56.8,1.047
790.0,2.2,601.0,1150.0,1157.0,734.0,17.4,53.4,1.0541
793.0,2.0,581.0,1169.0,1152.0,668.0,15.5,58.8,1.0309
789.0,2.2,596.0,1145.0,1161.0,698.0,14.6,62.1,1.0236
769.0,2.0,586.0,1221.0,1134.0,650.0,17.1,52.5,1.013
852.0,4.0,713.0,1029.0,1203.0,749.0,15.2,58.3,0.9986
1100.0,13.4,1097.0,739.0,1516.0,1106.0,14.9,59.2,0.9985
1326.0,28.0,1504.0,510.0,1968.0,1609.0,15.1,59.0,1.0086
1433.0,28.6,1518.0,499.0,1973.0,1770.0,19.0,47.8,1.0434
1310.0,21.4,1334.0,573.0,1747.0,1633.0,22.4,38.8,1.04
1304.0,19.1,1272.0,593.0,1673.0,1583.0,25.4,33.3,1.0679
1286.0,19.6,1286.0,593.0,1728.0,1449.0,27.2,30.4,1.081
1217.0,15.8,1175.0,621.0,1644.0,1451.0,25.5,34.8,1.1152
1104.0,13.5,1099.0,698.0,1483.0,1147.0,26.4,28.5,0.9658
1143.0,15.9,1176.0,677.0,1551.0,1108.0,27.7,25.1,0.9158
1205.0,19.9,1295.0,626.0,1613.0,1267.0,28.6,23.2,0.8917
1276.0,21.6,1340.0,597.0,1677.0,1303.0,27.2,26.3,0.9317
1440.0,31.0,1573.0,491.0,1997.0,1643.0,25.3,33.0,1.0473
1467.0,34.1,1643.0,467.0,2088.0,1749.0,23.2,36.9,1.0346
1339.0,22.8,1373.0,541.0,1797.0,1585.0,21.6,43.3,1.1019
1108.0,12.3,1061.0,685.0,1454.0,1315.0,21.1,44.8,1.1088
1116.0,10.9,1012.0,699.0,1445.0,1290.0,19.7,49.3,1.1148
981.0,7.1,860.0,812.0,1298.0,1059.0,20.3,47.8,1.1281
947.0,5.7,798.0,869.0,1276.0,943.0,19.4,50.3,1.1201
939.0,5.3,776.0,879.0,1259.0,913.0,18.3,53.1,1.1056
862.0,2.9,644.0,1030.0,1173.0,720.0,17.5,56.1,1.1103
827.0,1.9,577.0,1138.0,1143.0,640.0,19.2,50.3,1.1087
879.0,2.4,611.0,1036.0,1189.0,779.0,16.6,59.6,1.117
911.0,4.0,710.0,932.0,1226.0,850.0,17.5,57.1,1.1311
1051.0,8.1,901.0,778.0,1379.0,1020.0,17.6,57.6,1.1471
1496.0,24.8,1425.0,520.0,1946.0,1605.0,18.0,57.0,1.1665
1610.0,36.3,1692.0,436.0,2197.0,1866.0,18.5,55.9,1.1779
1428.0,20.9,1321.0,544.0,1779.0,1621.0,18.6,57.2,1.2146
1459.0,22.2,1356.0,525.0,1795.0,1712.0,20.2,53.0,1.2407
1486.0,23.5,1390.0,504.0,1835.0,1770.0,21.3,50.1,1.2539
1158.0,10.8,1008.0,695.0,1489.0,1175.0,24.6,42.8,1.3053
1200.0,11.2,1021.0,678.0,1510.0,1157.0,24.6,44.1,1.3477
1290.0,15.1,1151.0,613.0,1638.0,1219.0,25.6,43.4,1.4049
1366.0,17.4,1223.0,578.0,1744.0,1288.0,26.1,42.6,1.4172
1505.0,23.4,1388.0,516.0,1978.0,1503.0,25.8,44.8,1.4644
1728.0,35.9,1683.0,419.0,2365.0,1861.0,25.4,47.9,1.5346
1673.0,34.0,1643.0,436.0,2259.0,1781.0,24.6,50.0,1.5241
1636.0,30.1,1553.0,449.0,2130.0,1745.0,23.6,54.4,1.5687
1468.0,20.0,1296.0,529.0,1854.0,1590.0,22.6,59.5,1.6155
1180.0,10.5,997.0,677.0,1549.0,1127.0,22.1,61.3,1.6133
1138.0,9.0,938.0,700.0,1500.0,1098.0,22.1,61.3,1.6053
1192.0,10.7,1004.0,665.0,1577.0,1176.0,21.1,64.7,1.5956
1176.0,10.4,993.0,659.0,1572.0,1178.0,20.3,66.4,1.5591
1137.0,9.7,967.0,687.0,1557.0,1091.0,19.4,69.3,1.5418
1035.0,6.9,851.0,764.0,1465.0,1002.0,19.0,70.8,1.5417
943.0,4.0,709.0,893.0,1348.0,876.0,20.2,65.8,1.5442
904.0,3.0,655.0,968.0,1326.0,824.0,19.8,67.2,1.5322
966.0,4.3,726.0,872.0,1371.0,892.0,19.0,70.3,1.5308
1124.0,9.8,972.0,674.0,1568.0,1092.0,18.8,71.8,1.5372
1348.0,17.2,1217.0,559.0,1816.0,1413.0,20.2,66.3,1.555
1499.0,27.9,1501.0,469.0,2130.0,1565.0,20.8,64.3,1.563
1427.0,20.5,1311.0,503.0,1900.0,1594.0,22.3,59.3,1.5705
1473.0,21.2,1330.0,497.0,1908.0,1677.0,23.2,56.6,1.5929
1440.0,19.9,1294.0,506.0,1879.0,1616.0,23.8,54.7,1.587
1474.0,21.1,1326.0,485.0,1943.0,1610.0,23.5,56.2,1.6048
1485.0,22.3,1359.0,477.0,2005.0,1614.0,23.9,54.4,1.5963
1395.5,17.6,1219.0,540.0,1836.5,1450.0,24.65,50.9,1.55665
1306.0,12.9,1079.0,603.0,1668.0,1286.0,25.4,47.4,1.517
1464.0,18.4,1251.0,530.0,1853.0,1487.0,26.4,45.4,1.54
1629.0,26.5,1466.0,458.0,2130.0,1703.0,25.8,46.9,1.5375
1629.0,29.4,1536.0,435.0,2205.0,1773.0,25.3,49.6,1.5805
1707.0,33.7,1637.0,411.0,2338.0,1848.0,24.2,54.3,1.6117
1424.0,19.9,1293.0,524.0,1902.0,1550.0,22.8,58.1,1.5951
1297.0,13.5,1100.0,598.0,1710.0,1350.0,21.5,63.2,1.5993
1214.0,11.2,1022.0,645.0,1592.0,1235.0,21.3,63.0,1.5798
1160.0,9.1,944.0,686.0,1523.0,1162.0,20.8,64.1,1.554
1232.0,10.9,1012.0,642.0,1595.0,1211.0,20.6,64.0,1.5346
1134.0,8.4,914.0,699.0,1512.0,1097.0,20.6,63.4,1.519
1071.0,7.1,860.0,742.0,1500.0,1021.0,20.4,64.4,1.522
968.0,4.3,730.0,858.0,1388.0,913.0,21.3,61.0,1.529
994.0,4.0,711.0,867.0,1384.0,909.0,20.5,64.0,1.5247
1046.0,5.8,804.0,774.0,1458.0,983.0,20.3,65.3,1.5321
1066.0,6.3,827.0,751.0,1479.0,1024.0,20.1,65.9,1.5321
1277.0,12.3,1061.0,612.0,1691.0,1243.0,20.2,65.6,1.5368
1290.0,13.3,1093.0,592.0,1677.0,1253.0,21.1,62.8,1.5481
1268.0,12.5,1066.0,608.0,1665.0,1240.0,22.5,57.5,1.5518
1243.0,10.5,997.0,648.0,1587.0,1155.0,24.2,51.9,1.5426
1300.0,12.1,1053.0,614.0,1650.0,1193.0,25.2,48.9,1.5437
1278.0,12.1,1053.0,630.0,1641.0,1153.0,25.8,47.8,1.5662
1249.0,11.2,1023.0,639.0,1640.0,1034.0,25.7,49.2,1.5988
1145.0,7.2,867.0,739.0,1499.0,870.0,25.8,49.6,1.6213
1199.0,8.7,928.0,704.0,1533.0,890.0,25.7,48.8,1.5913
1236.0,9.6,962.0,690.0,1589.0,946.0,26.5,45.9,1.5626
1289.0,11.6,1037.0,638.0,1648.0,1033.0,25.4,48.9,1.565
1299.0,12.7,1072.0,617.0,1688.0,1107.0,24.4,52.5,1.583
1506.0,20.7,1315.0,512.0,1954.0,1395.0,23.9,54.6,1.5936
1432.0,17.8,1234.0,553.0,1849.0,1342.0,22.9,57.9,1.5958
1193.0,11.2,1021.0,666.0,1633.0,1152.0,22.1,61.1,1.6012
1188.0,10.8,1007.0,668.0,1577.0,1128.0,20.8,65.6,1.5898
1162.0,9.4,953.0,691.0,1526.0,1104.0,21.7,60.8,1.563
1106.0,8.5,921.0,720.0,1506.0,1055.0,21.1,62.8,1.5505
1037.0,6.5,836.0,788.0,1467.0,904.0,20.7,63.2,1.524
982.0,5.1,768.0,850.0,1416.0,835.0,21.2,61.5,1.5241
944.0,4.5,740.0,881.0,1412.0,781.0,20.3,64.6,1.518
929.0,3.9,703.0,908.0,1391.0,761.0,20.2,64.4,1.5035
906.0,3.3,672.0,948.0,1377.0,742.0,20.1,65.3,1.5153
907.0,3.2,665.0,972.0,1370.0,779.0,19.9,66.0,1.5141
1013.0,5.4,781.0,829.0,1469.0,894.0,19.8,66.4,1.5145
1055.0,5.6,795.0,800.0,1476.0,927.0,20.4,64.1,1.5178
1138.0,7.5,880.0,727.0,1538.0,1034.0,21.6,60.8,1.5496
1250.0,10.7,1003.0,647.0,1638.0,1217.0,23.5,54.5,1.5553
1165.0,8.4,916.0,711.0,1517.0,1093.0,25.7,46.6,1.5105
1229.0,11.3,1025.0,663.0,1588.0,1073.0,26.6,43.7,1.5031
1168.0,8.3,911.0,715.0,1517.0,969.0,27.4,41.8,1.5056
1092.0,6.0,814.0,794.0,1446.0,777.0,27.4,42.8,1.5344
1109.0,6.7,843.0,769.0,1458.0,743.0,27.1,43.3,1.5255
1133.0,6.2,823.0,775.0,1449.0,777.0,26.9,44.4,1.551
1192.0,7.7,887.0,716.0,1488.0,819.0,26.9,44.4,1.5538
1298.0,11.0,1015.0,647.0,1619.0,1056.0,24.7,51.9,1.5868
1524.0,20.8,1320.0,514.0,1925.0,1481.0,23.7,55.6,1.6074
1540.0,21.4,1336.0,498.0,1929.0,1590.0,22.7,59.6,1.6261
1190.0,10.4,992.0,654.0,1587.0,1211.0,21.9,61.4,1.5946
1092.0,8.3,911.0,735.0,1506.0,1052.0,22.0,59.8,1.562
1079.0,7.8,890.0,745.0,1522.0,1000.0,20.5,64.9,1.5473
995.0,5.5,789.0,828.0,1432.0,874.0,19.8,66.9,1.5277
960.0,5.2,772.0,838.0,1431.0,852.0,18.4,71.6,1.4997
890.0,3.2,666.0,969.0,1323.0,728.0,18.9,68.6,1.4818
860.0,2.7,632.0,1037.0,1322.0,713.0,17.8,72.3,1.4546
860.0,3.0,652.0,997.0,1326.0,734.0,17.1,73.9,1.4262
883.0,4.0,713.0,937.0,1351.0,777.0,17.7,70.3,1.4088
929.0,5.6,795.0,858.0,1373.0,815.0,17.1,71.8,1.3936
1100.0,11.1,1018.0,706.0,1573.0,1002.0,18.3,67.5,1.4044
1257.0,20.1,1299.0,550.0,1864.0,1302.0,18.5,67.0,1.4135
1402.0,23.6,1393.0,505.0,1967.0,1542.0,19.9,61.7,1.4193
1376.0,21.0,1324.0,527.0,1886.0,1571.0,22.9,52.6,1.4519
1374.0,21.8,1346.0,519.0,1910.0,1614.0,24.2,49.0,1.4586
1381.0,22.1,1355.0,516.0,1931.0,1583.0,25.8,44.7,1.459
1282.0,18.2,1247.0,561.0,1829.0,1285.0,26.0,44.5,1.4731
1188.0,14.2,1124.0,625.0,1655.0,1094.0,27.1,40.2,1.4217
1227.0,14.9,1147.0,612.0,1707.0,1113.0,27.4,39.8,1.4318
1364.0,21.1,1328.0,528.0,1898.0,1395.0,28.9,36.3,1.4291
1531.0,30.3,1558.0,451.0,2181.0,1620.0,28.4,37.5,1.4251
1694.0,41.6,1805.0,391.0,2523.0,1882.0,26.0,43.9,1.4562
1723.0,44.7,1866.0,378.0,2612.0,2006.0,24.3,49.6,1.486
1356.0,21.3,1331.0,520.0,1925.0,1643.0,23.3,53.0,1.4939
1084.0,10.0,979.0,699.0,1539.0,1239.0,22.6,55.1,1.4899
1039.0,8.9,936.0,731.0,1499.0,1121.0,21.2,59.3,1.4787
1011.0,7.4,875.0,787.0,1446.0,1012.0,20.6,60.9,1.4642
968.0,6.4,831.0,810.0,1425.0,961.0,20.0,63.1,1.4592
867.0,3.7,693.0,971.0,1335.0,825.0,19.7,63.4,1.4383
820.0,2.5,620.0,1081.0,1270.0,703.0,20.8,58.8,1.4305
826.0,2.7,631.0,1072.0,1280.0,752.0,17.8,69.8,1.4058
835.0,2.5,620.0,1053.0,1260.0,741.0,18.8,65.3,1.4023
887.0,4.1,717.0,955.0,1334.0,786.0,17.6,69.5,1.3889
990.0,7.8,889.0,763.0,1450.0,952.0,17.4,69.7,1.3714
1511.0,30.8,1569.0,476.0,2195.0,1601.0,17.4,70.1,1.3783
1352.0,26.4,1465.0,491.0,1998.0,1621.0,18.5,65.5,1.3787
1337.0,21.6,1339.0,525.0,1870.0,1622.0,20.6,58.5,1.4054
1435.0,22.8,1373.0,513.0,1910.0,1759.0,23.9,48.7,1.4269
1377.0,19.3,1276.0,539.0,1790.0,1666.0,26.0,43.8,1.4499
1562.0,30.4,1559.0,453.0,2130.0,1918.0,28.6,37.3,1.4423
1358.0,23.4,1389.0,516.0,1886.0,1525.0,27.9,38.0,1.4029
1301.0,17.1,1212.0,575.0,1717.0,1332.0,28.4,37.6,1.4282
1255.0,14.6,1136.0,611.0,1675.0,1183.0,28.5,37.3,1.4329
1410.0,21.6,1340.0,533.0,1841.0,1414.0,30.8,31.8,1.3908
1578.0,31.9,1595.0,459.0,2181.0,1680.0,29.7,33.1,1.3546
1700.0,40.5,1782.0,401.0,2403.0,2004.0,27.0,40.2,1.4158
1778.0,41.6,1805.0,380.0,2473.0,2094.0,25.6,47.5,1.539
1539.0,23.9,1402.0,475.0,2018.0,1780.0,23.9,57.2,1.6774
1409.0,20.3,1304.0,500.0,1829.0,1640.0,22.7,60.8,1.6582
1231.0,12.8,1077.0,602.0,1580.0,1379.0,21.8,59.9,1.5492
1092.0,8.7,928.0,688.0,1470.0,1139.0,22.4,58.3,1.561
1036.0,6.8,850.0,760.0,1411.0,1001.0,21.7,60.2,1.5442
984.0,5.3,780.0,810.0,1377.0,910.0,21.2,61.4,1.5258
950.0,4.6,743.0,841.0,1377.0,895.0,19.3,68.4,1.513
889.0,3.2,665.0,943.0,1310.0,805.0,19.8,65.1,1.49
865.0,2.8,636.0,992.0,1285.0,761.0,20.0,62.9,1.4495
917.0,3.6,686.0,933.0,1304.0,805.0,18.3,68.5,1.4291
997.0,6.2,823.0,804.0,1395.0,894.0,18.1,68.5,1.4067
1433.0,24.2,1409.0,506.0,1972.0,1439.0,17.6,70.5,1.4057
1516.0,32.0,1596.0,429.0,2183.0,1706.0,18.3,67.8,1.4091
1528.0,25.8,1449.0,473.0,2039.0,1756.0,20.4,61.2,1.447
1347.0,16.2,1186.0,560.0,1713.0,1493.0,22.5,55.6,1.499
1392.0,17.7,1231.0,530.0,1771.0,1567.0,25.7,46.4,1.507
1359.0,16.5,1195.0,542.0,1784.0,1376.0,26.8,44.6,1.5467
1391.0,18.3,1249.0,518.0,1845.0,1399.0,26.0,46.4,1.5414
1335.0,14.6,1137.0,563.0,1729.0,1293.0,26.3,46.0,1.5478
1402.0,17.1,1213.0,530.0,1789.0,1348.0,27.4,43.9,1.5811
1406.0,17.2,1216.0,542.0,1772.0,1314.0,29.6,36.7,1.4936
1527.0,24.6,1419.0,476.0,1966.0,1507.0,28.7,37.3,1.4486
1559.0,26.9,1476.0,463.0,2022.0,1660.0,25.7,44.1,1.4331
1840.0,44.0,1852.0,360.0,2553.0,2143.0,24.5,49.5,1.5022
1666.0,31.0,1573.0,427.0,2195.0,1968.0,23.3,54.4,1.5386
1336.0,16.8,1204.0,542.0,1759.0,1490.0,22.4,57.9,1.5449
1189.0,11.0,1014.0,641.0,1553.0,1249.0,22.7,55.8,1.5218
1226.0,11.4,1029.0,620.0,1570.0,1265.0,20.4,62.4,1.4758
1171.0,9.9,972.0,650.0,1529.0,1181.0,20.3,64.2,1.5063
1002.0,5.0,762.0,814.0,1385.0,954.0,21.4,60.6,1.5236
950.0,3.7,696.0,894.0,1375.0,875.0,20.3,66.3,1.5657
930.0,3.1,660.0,925.0,1321.0,838.0,20.9,62.2,1.5182
924.0,2.9,643.0,948.0,1329.0,825.0,19.9,66.1,1.5198
994.0,4.4,732.0,852.0,1400.0,882.0,19.8,67.1,1.5305
1089.0,7.4,873.0,741.0,1479.0,990.0,20.1,64.4,1.4967
1468.0,19.4,1280.0,518.0,1899.0,1423.0,19.7,66.4,1.5035
1696.0,37.1,1711.0,383.0,2464.0,1823.0,20.9,62.4,1.5226
1479.0,22.2,1357.0,491.0,1937.0,1581.0,22.5,57.0,1.5314
1425.0,18.5,1255.0,516.0,1864.0,1500.0,23.5,53.4,1.5241
1279.0,14.0,1116.0,587.0,1668.0,1268.0,24.7,48.2,1.4802
1319.0,15.5,1165.0,571.0,1743.0,1230.0,27.1,40.9,1.4405
1329.0,15.7,1172.0,561.0,1739.0,1204.0,25.9,44.2,1.4576
1327.0,15.7,1172.0,566.0,1747.0,1205.0,26.9,41.8,1.4555
1282.0,12.7,1075.0,605.0,1651.0,1103.0,27.2,40.7,1.4481
1342.0,15.3,1157.0,572.0,1707.0,1195.0,28.6,37.6,1.4468
1623.0,28.8,1522.0,447.0,2110.0,1618.0,28.0,38.5,1.437
1576.0,26.1,1458.0,463.0,2024.0,1637.0,25.2,45.8,1.4464
1747.0,37.1,1709.0,399.0,2370.0,1876.0,24.0,50.6,1.4892
1757.0,35.7,1680.0,396.0,2280.0,1959.0,23.2,54.7,1.5296
1331.0,16.5,1194.0,559.0,1715.0,1477.0,22.3,57.1,1.5219
1182.0,11.0,1016.0,658.0,1572.0,1210.0,21.8,58.2,1.5036
1162.0,10.8,1008.0,658.0,1556.0,1160.0,20.9,61.3,1.4923
1147.0,9.6,964.0,668.0,1517.0,1116.0,20.6,62.0,1.4827
1040.0,6.5,836.0,762.0,1423.0,974.0,20.3,62.5,1.472
920.0,3.6,688.0,920.0,1317.0,820.0,20.5,62.1,1.4771
931.0,3.3,670.0,931.0,1326.0,792.0,18.7,68.5,1.4586
954.0,4.4,731.0,865.0,1360.0,839.0,18.2,70.3,1.4498
981.0,5.5,790.0,817.0,1390.0,898.0,18.2,70.1,1.4552
1147.0,10.8,1009.0,653.0,1589.0,1096.0,18.2,70.0,1.4519
1606.0,31.2,1578.0,440.0,2205.0,1786.0,19.4,66.5,1.4801
1490.0,24.8,1424.0,465.0,2033.0,1604.0,19.5,66.9,1.4999
1473.0,24.2,1409.0,483.0,1984.0,1637.0,21.1,61.1,1.5056
1582.0,29.5,1539.0,435.0,2141.0,1827.0,23.2,54.7,1.5349
1468.0,21.0,1323.0,496.0,1913.0,1641.0,24.4,52.5,1.5807
1413.0,19.6,1285.0,518.0,1883.0,1505.0,26.4,45.8,1.553
1400.0,21.2,1331.0,520.0,1916.0,1465.0,27.7,39.2,1.4356
1361.0,18.0,1238.0,548.0,1805.0,1368.0,28.0,39.6,1.4738
1389.0,20.5,1311.0,525.0,1845.0,1748.0,28.7,38.4,1.486
1305.0,15.6,1167.0,586.0,1690.0,1301.0,28.5,39.4,1.5147
1354.0,19.2,1275.0,543.0,1799.0,1338.0,28.4,39.8,1.5191
1352.0,20.0,1296.0,534.0,1846.0,1337.0,26.4,45.9,1.5572
1472.0,21.1,1327.0,497.0,1895.0,1516.0,25.2,49.5,1.5665
1412.0,18.6,1256.0,525.0,1797.0,1435.0,24.9,50.9,1.5856
1221.0,12.3,1061.0,619.0,1615.0,1178.0,24.6,52.2,1.5951
1230.0,10.3,990.0,652.0,1559.0,1111.0,24.0,54.4,1.6049
1247.0,9.6,961.0,666.0,1569.0,1112.0,23.8,56.1,1.6298
1217.0,9.9,975.0,665.0,1565.0,1109.0,22.3,60.6,1.608
1158.0,8.6,923.0,673.0,1519.0,1072.0,21.9,61.5,1.5967
1150.0,7.3,871.0,697.0,1502.0,1030.0,21.1,64.5,1.594
1061.0,5.4,785.0,766.0,1447.0,935.0,21.0,64.4,1.5828
1062.0,5.1,770.0,780.0,1450.0,922.0,21.3,63.9,1.5951
1157.0,7.8,890.0,681.0,1549.0,1054.0,20.8,66.7,1.6201
1167.0,8.2,907.0,681.0,1548.0,1082.0,20.6,67.5,1.621
1403.0,17.6,1229.0,523.0,1872.0,1365.0,20.9,66.3,1.6165
1453.0,20.1,1298.0,489.0,1940.0,1497.0,21.5,63.7,1.6186
1455.0,18.7,1260.0,502.0,1868.0,1540.0,23.7,56.0,1.6238
1512.0,19.5,1282.0,498.0,1899.0,1554.0,26.0,48.2,1.598
1331.0,13.0,1082.0,588.0,1689.0,1252.0,28.5,42.4,1.6286
1472.0,18.2,1246.0,512.0,1873.0,1455.0,28.1,45.3,1.6957
1430.0,16.2,1187.0,539.0,1812.0,1339.0,29.0,43.9,1.7309
1264.0,11.0,1016.0,624.0,1650.0,1062.0,28.9,44.3,1.7392
1378.0,15.9,1177.0,548.0,1775.0,1266.0,29.6,42.3,1.7248
1377.0,14.2,1123.0,578.0,1716.0,1223.0,29.4,42.9,1.7308
1527.0,19.9,1293.0,502.0,1907.0,1469.0,28.7,45.1,1.7468
1573.0,21.7,1343.0,470.0,1990.0,1553.0,27.0,51.2,1.7928
1674.0,25.7,1447.0,448.0,2065.0,1689.0,26.5,52.7,1.7966
1455.0,17.3,1218.0,535.0,1796.0,1387.0,26.2,51.7,1.7334
1242.0,11.2,1022.0,630.0,1641.0,1139.0,24.8,56.4,1.7447
1181.0,8.9,935.0,701.0,1565.0,960.0,24.9,56.0,1.7367
1468.0,15.2,1155.0,565.0,1738.0,1293.0,24.5,57.5,1.7433
1520.0,17.2,1217.0,552.0,1812.0,1357.0,24.7,56.9,1.7438
1203.0,11.9,1046.0,621.0,1664.0,1103.0,23.9,59.2,1.7327
1096.0,8.1,903.0,732.0,1560.0,857.0,23.8,60.2,1.7515
991.0,4.9,759.0,845.0,1440.0,658.0,23.5,61.3,1.7538
941.0,3.6,686.0,942.0,1406.0,549.0,22.8,64.0,1.7507
952.0,3.7,695.0,910.0,1429.0,627.0,22.2,65.6,1.7355
1082.0,6.3,825.0,753.0,1526.0,930.0,21.3,69.1,1.7275
1095.0,7.7,886.0,705.0,1574.0,1001.0,21.3,68.2,1.7127
1049.0,6.3,826.0,765.0,1521.0,917.0,22.2,65.2,1.7256
1055.0,5.6,795.0,807.0,1494.0,834.0,24.1,59.0,1.7449
1074.0,5.1,767.0,814.0,1489.0,796.0,24.3,61.6,1.8468
1229.0,9.0,941.0,680.0,1653.0,1040.0,24.8,59.6,1.8351
1228.0,9.3,952.0,668.0,1622.0,1110.0,24.5,58.8,1.7838
1107.0,5.9,807.0,768.0,1546.0,836.0,21.0,76.8,1.8881
1031.0,4.4,732.0,872.0,1476.0,704.0,19.8,78.0,1.7879
1155.0,5.8,804.0,815.0,1510.0,773.0,19.4,80.5,1.7917
1131.0,6.6,841.0,784.0,1531.0,811.0,19.6,79.1,1.7877
1143.0,7.8,890.0,744.0,1578.0,848.0,20.8,73.1,1.7695
1145.0,8.4,915.0,733.0,1586.0,892.0,21.1,68.6,1.7014
1169.0,8.3,910.0,726.0,1563.0,992.0,21.1,68.3,1.6914
1105.0,8.1,905.0,734.0,1576.0,950.0,21.2,67.7,1.6848
1049.0,6.1,817.0,806.0,1517.0,882.0,20.8,68.6,1.6719
1069.0,6.7,844.0,767.0,1527.0,883.0,20.8,68.1,1.6585
1073.0,6.6,838.0,768.0,1549.0,892.0,20.7,68.4,1.6507
1039.0,6.1,817.0,799.0,1502.0,836.0,20.1,70.5,1.6384
1021.0,6.0,811.0,794.0,1502.0,837.0,20.2,67.9,1.5901
825.0,1.4,536.0,1203.0,1302.0,498.0,19.4,70.4,1.5663
828.0,1.7,558.0,1166.0,1304.0,494.0,18.8,73.8,1.5885
847.0,1.9,576.0,1139.0,1321.0,507.0,17.9,77.7,1.5795
903.0,3.4,679.0,956.0,1385.0,660.0,18.2,76.9,1.5945
1041.0,7.2,865.0,757.0,1486.0,902.0,18.6,74.9,1.5918
1314.0,19.0,1267.0,559.0,1888.0,1240.0,19.6,70.3,1.5821
1326.0,24.5,1416.0,499.0,1971.0,1395.0,20.2,66.6,1.5567
1464.0,25.6,1444.0,475.0,2049.0,1625.0,19.7,68.9,1.5638
1313.0,17.1,1213.0,564.0,1789.0,1359.0,19.2,73.4,1.6192
1202.0,12.3,1058.0,647.0,1623.0,1152.0,20.0,69.6,1.607
1225.0,15.2,1155.0,607.0,1738.0,1159.0,21.1,64.0,1.5795
1257.0,18.3,1248.0,557.0,1837.0,1179.0,20.2,67.4,1.5832
1271.0,17.2,1217.0,566.0,1810.0,1227.0,20.2,68.9,1.6074
1179.0,14.1,1120.0,634.0,1667.0,1119.0,21.9,57.6,1.4942
1278.0,18.3,1248.0,574.0,1814.0,1243.0,23.2,52.0,1.4642
1435.0,25.0,1429.0,499.0,2072.0,1449.0,21.7,59.1,1.5115
1326.0,22.2,1356.0,525.0,1966.0,1405.0,20.8,61.4,1.4898
1324.0,21.4,1335.0,537.0,1920.0,1444.0,19.9,64.2,1.4711
1206.0,16.2,1185.0,592.0,1751.0,1386.0,19.7,65.1,1.4769
1052.0,10.3,987.0,700.0,1556.0,1102.0,20.0,63.3,1.4672
1057.0,8.9,934.0,743.0,1525.0,1041.0,19.0,66.1,1.4415
952.0,6.5,833.0,846.0,1381.0,881.0,18.8,60.9,1.3032
911.0,5.1,769.0,919.0,1340.0,791.0,18.9,60.7,1.311
898.0,4.6,742.0,915.0,1345.0,796.0,18.1,65.2,1.343
809.0,2.1,593.0,1134.0,1277.0,647.0,18.3,65.1,1.3529
823.0,2.4,616.0,1072.0,1300.0,716.0,18.3,66.9,1.3952
814.0,3.2,666.0,1029.0,1311.0,719.0,17.8,67.5,1.3674
857.0,3.9,705.0,982.0,1312.0,733.0,16.9,66.7,1.2772
935.0,6.0,810.0,881.0,1356.0,835.0,17.8,60.6,1.2276
1159.0,13.8,1110.0,671.0,1650.0,1094.0,17.6,60.8,1.2151
1102.0,14.8,1141.0,648.0,1594.0,1114.0,17.9,57.8,1.1751
979.0,8.4,917.0,795.0,1398.0,903.0,18.1,56.4,1.1645
998.0,9.0,941.0,785.0,1442.0,914.0,18.2,55.9,1.1547
962.0,8.3,911.0,793.0,1380.0,872.0,19.7,49.1,1.1148
985.0,9.5,957.0,773.0,1426.0,860.0,20.8,45.8,1.1126
1043.0,12.1,1053.0,707.0,1514.0,959.0,20.5,46.0,1.1
929.0,7.4,875.0,826.0,1365.0,814.0,18.9,50.6,1.0927
946.0,8.0,898.0,816.0,1377.0,827.0,18.4,51.6,1.0832
955.0,7.9,894.0,818.0,1366.0,804.0,17.9,52.6,1.0711
1004.0,10.9,1012.0,730.0,1460.0,906.0,17.1,54.2,1.0503
1037.0,12.1,1053.0,708.0,1480.0,958.0,16.5,56.2,1.0455
1066.0,14.7,1140.0,670.0,1577.0,1032.0,16.7,54.1,1.0212
890.0,6.0,813.0,898.0,1274.0,772.0,15.4,57.7,1.0008
843.0,4.3,729.0,990.0,1219.0,618.0,15.5,57.1,0.9971
834.0,4.1,716.0,997.0,1205.0,614.0,15.6,55.9,0.985
809.0,3.1,659.0,1074.0,1161.0,550.0,14.8,58.4,0.9777
786.0,2.2,600.0,1164.0,1132.0,511.0,14.8,57.9,0.9662
747.0,1.5,543.0,1276.0,1100.0,469.0,14.6,57.6,0.9517
723.0,0.9,485.0,1419.0,1065.0,425.0,14.6,57.1,0.9428
704.0,0.5,444.0,1558.0,1050.0,394.0,14.4,57.6,0.9416
709.0,0.6,449.0,1590.0,1055.0,392.0,14.5,57.4,0.9413
726.0,0.7,466.0,1485.0,1066.0,408.0,14.3,58.4,0.9501
798.0,2.2,599.0,1205.0,1141.0,517.0,14.7,57.4,0.9564
925.0,5.8,800.0,908.0,1272.0,750.0,14.3,58.1,0.9404
906.0,5.9,809.0,878.0,1272.0,787.0,14.0,58.3,0.9294
896.0,5.9,809.0,882.0,1257.0,788.0,15.4,53.2,0.9246
882.0,5.3,776.0,932.0,1222.0,760.0,16.5,49.9,0.9289
948.0,6.9,853.0,859.0,1283.0,839.0,17.4,47.6,0.9387
945.0,7.7,886.0,818.0,1307.0,827.0,18.0,46.1,0.9401
942.0,7.3,871.0,832.0,1314.0,765.0,17.9,46.5,0.9474
943.0,7.2,864.0,831.0,1297.0,814.0,17.4,48.3,0.955
894.0,6.0,810.0,892.0,1258.0,737.0,16.0,52.6,0.9489
984.0,8.3,910.0,795.0,1348.0,875.0,15.3,58.7,1.0154
1044.0,11.2,1022.0,726.0,1454.0,983.0,15.2,55.9,0.9572
981.0,10.1,983.0,759.0,1370.0,942.0,14.8,56.3,0.9459
1021.0,10.6,1001.0,731.0,1415.0,971.0,14.7,57.8,0.9626
943.0,7.2,867.0,834.0,1314.0,891.0,14.8,57.3,0.9603
863.0,4.4,732.0,970.0,1207.0,724.0,14.9,57.1,0.9581
847.0,3.8,698.0,1013.0,1174.0,719.0,15.2,55.5,0.9521
859.0,3.8,698.0,1015.0,1189.0,705.0,15.3,55.4,0.9564
861.0,4.0,712.0,1004.0,1197.0,718.0,15.1,56.9,0.9673
786.0,2.2,602.0,1146.0,1123.0,584.0,15.0,56.4,0.9554
740.0,1.1,506.0,1333.0,1074.0,469.0,14.9,56.4,0.9474
730.0,0.8,483.0,1434.0,1065.0,438.0,15.2,54.7,0.9394
728.0,0.8,475.0,1436.0,1061.0,432.0,15.1,55.4,0.9439
755.0,1.2,517.0,1325.0,1091.0,487.0,14.9,56.8,0.9541
854.0,3.2,663.0,1080.0,1189.0,655.0,15.2,55.9,0.9589
1079.0,10.2,985.0,758.0,1465.0,1009.0,15.3,56.3,0.9684
1097.0,13.6,1103.0,659.0,1520.0,1113.0,15.6,55.4,0.9725
1024.0,9.9,976.0,747.0,1386.0,1030.0,16.3,53.3,0.9809
990.0,9.1,942.0,776.0,1359.0,986.0,20.4,42.2,0.9964
1013.0,8.0,901.0,788.0,1369.0,975.0,21.9,39.4,1.0234
1051.0,9.7,968.0,746.0,1442.0,984.0,21.5,41.2,1.0399
1052.0,9.7,966.0,726.0,1446.0,982.0,22.2,41.4,1.097
1141.0,12.0,1049.0,675.0,1530.0,1117.0,21.0,46.8,1.1508
1130.0,11.3,1024.0,679.0,1537.0,1177.0,21.9,44.9,1.1635
1099.0,10.4,993.0,711.0,1507.0,1129.0,21.5,46.7,1.1837
1182.0,12.4,1064.0,653.0,1616.0,1217.0,19.7,56.6,1.2811
1211.0,14.6,1135.0,615.0,1682.0,1234.0,18.8,60.8,1.3036
1340.0,21.0,1324.0,537.0,1907.0,1412.0,19.3,59.6,1.3195
1299.0,17.9,1237.0,553.0,1804.0,1350.0,17.6,69.2,1.3803
1046.0,7.3,872.0,769.0,1479.0,968.0,16.4,77.1,1.4243
949.0,4.8,754.0,884.0,1393.0,759.0,16.6,77.3,1.4491
966.0,4.8,756.0,908.0,1363.0,741.0,15.9,78.1,1.4039
1062.0,7.7,887.0,770.0,1473.0,866.0,15.1,82.3,1.4009
934.0,4.3,730.0,906.0,1345.0,757.0,14.8,83.8,1.4005
862.0,3.0,649.0,1046.0,1289.0,675.0,14.4,84.6,1.3794
823.0,2.1,590.0,1125.0,1241.0,624.0,15.8,77.6,1.3792
839.0,2.3,604.0,1097.0,1259.0,605.0,15.2,79.4,1.3605
879.0,3.5,681.0,992.0,1312.0,703.0,14.8,81.9,1.3735
1095.0,10.0,977.0,725.0,1562.0,998.0,14.6,82.9,1.3706
1359.0,20.5,1311.0,544.0,1878.0,1311.0,14.8,80.4,1.3428
1354.0,22.2,1358.0,519.0,1942.0,1403.0,15.6,77.1,1.3527
1420.0,24.1,1405.0,501.0,1941.0,1573.0,17.3,70.9,1.3876
1265.0,17.4,1221.0,578.0,1760.0,1354.0,22.2,51.3,1.3543
1146.0,14.2,1122.0,639.0,1659.0,1131.0,24.4,43.9,1.3184
1150.0,15.0,1149.0,620.0,1676.0,1113.0,22.7,47.6,1.2989
1282.0,18.3,1247.0,560.0,1861.0,1258.0,20.5,61.5,1.4673
1067.0,13.0,1085.0,684.0,1548.0,985.0,23.3,40.4,1.1421
1185.0,18.1,1243.0,603.0,1689.0,1197.0,23.2,39.9,1.1172
1312.0,23.1,1381.0,540.0,1881.0,1402.0,21.5,44.5,1.129
1319.0,24.9,1426.0,509.0,1938.0,1491.0,20.9,48.5,1.1878
1255.0,21.7,1342.0,539.0,1875.0,1396.0,19.8,53.1,1.216
1123.0,14.1,1119.0,648.0,1593.0,1198.0,20.1,53.6,1.2477
1126.0,11.9,1045.0,689.0,1523.0,1166.0,19.6,56.0,1.2623
924.0,5.1,766.0,902.0,1357.0,752.0,18.6,60.4,1.2817
982.0,6.8,849.0,853.0,1390.0,717.0,14.5,78.3,1.288
936.0,4.8,756.0,939.0,1311.0,693.0,16.3,70.5,1.2921
1069.0,7.2,865.0,825.0,1394.0,816.0,14.1,83.8,1.346
967.0,5.4,785.0,879.0,1326.0,766.0,14.5,81.3,1.3399
869.0,3.0,649.0,1033.0,1249.0,631.0,14.7,80.7,1.3414
916.0,3.7,692.0,986.0,1287.0,683.0,14.5,82.1,1.3493
886.0,3.6,686.0,970.0,1278.0,654.0,15.0,78.4,1.3333
926.0,4.7,747.0,902.0,1325.0,759.0,14.5,80.5,1.3221
971.0,6.9,851.0,808.0,1389.0,876.0,14.6,79.0,1.3082
1029.0,7.7,886.0,807.0,1446.0,926.0,15.0,74.8,1.2672
1124.0,12.2,1057.0,667.0,1569.0,1091.0,15.9,70.4,1.2658
1063.0,9.6,964.0,729.0,1454.0,1045.0,17.4,62.3,1.2282
1028.0,9.6,961.0,756.0,1413.0,928.0,21.3,42.9,1.0727
944.0,8.3,910.0,828.0,1342.0,777.0,22.0,38.9,1.0154
913.0,7.0,857.0,892.0,1275.0,640.0,20.3,41.3,0.9745
966.0,8.2,906.0,819.0,1354.0,741.0,20.2,45.6,1.0663
833.0,4.5,737.0,1021.0,1162.0,483.0,20.8,37.4,0.9107
891.0,5.5,789.0,960.0,1234.0,522.0,21.6,35.9,0.9164
995.0,8.7,927.0,825.0,1320.0,718.0,22.0,35.7,0.9329
1038.0,8.7,929.0,816.0,1332.0,798.0,19.9,42.0,0.9665
1146.0,14.0,1118.0,695.0,1534.0,1174.0,19.2,46.3,1.0158
1059.0,9.5,958.0,787.0,1417.0,891.0,17.9,56.9,1.1545
1065.0,7.9,893.0,819.0,1397.0,799.0,14.7,75.5,1.2554
1013.0,6.2,822.0,855.0,1377.0,855.0,15.1,78.9,1.3409
942.0,4.0,712.0,979.0,1303.0,734.0,17.2,66.7,1.2987
925.0,4.4,735.0,960.0,1284.0,691.0,15.4,73.2,1.2755
871.0,2.6,628.0,1118.0,1228.0,557.0,16.5,68.5,1.2753
864.0,2.7,633.0,1097.0,1259.0,523.0,16.4,70.3,1.3031
929.0,3.8,698.0,991.0,1307.0,610.0,15.4,78.1,1.3557
912.0,3.6,690.0,984.0,1309.0,574.0,15.8,75.5,1.3436
817.0,2.2,602.0,1120.0,1227.0,470.0,16.0,69.5,1.2549
786.0,1.7,558.0,1217.0,1179.0,434.0,15.0,71.0,1.2032
827.0,2.1,595.0,1208.0,1214.0,507.0,13.9,75.2,1.1884
789.0,2.3,604.0,1181.0,1171.0,467.0,15.9,62.1,1.1103
875.0,4.8,754.0,961.0,1296.0,591.0,15.9,61.0,1.0911
959.0,5.6,792.0,913.0,1315.0,717.0,17.1,58.7,1.1332
969.0,6.8,850.0,846.0,1351.0,774.0,19.2,51.9,1.1404
947.0,6.2,821.0,900.0,1302.0,697.0,21.5,42.6,1.0798
960.0,6.8,848.0,866.0,1305.0,701.0,21.6,39.9,1.0156
1017.0,11.1,1020.0,744.0,1478.0,752.0,21.6,40.4,1.0309
979.0,12.2,1057.0,701.0,1473.0,760.0,22.0,37.3,0.9768
843.0,4.7,748.0,999.0,1179.0,505.0,22.1,35.2,0.9253
877.0,5.1,769.0,962.0,1212.0,529.0,22.4,36.0,0.9621
1053.0,12.7,1072.0,733.0,1495.0,832.0,20.9,40.3,0.9866
1047.0,11.6,1037.0,749.0,1429.0,904.0,19.8,41.5,0.9489
1105.0,12.7,1074.0,712.0,1457.0,1050.0,18.2,46.0,0.9538
1008.0,9.7,968.0,783.0,1348.0,1000.0,17.3,50.3,0.9837
975.0,7.8,891.0,814.0,1361.0,911.0,15.8,57.6,1.0271
954.0,6.8,850.0,840.0,1321.0,858.0,15.5,59.7,1.0413
987.0,8.1,904.0,808.0,1344.0,903.0,15.5,60.6,1.0574
880.0,5.4,784.0,922.0,1252.0,781.0,15.8,59.9,1.0676
856.0,4.4,732.0,988.0,1247.0,714.0,14.8,64.3,1.073
788.0,2.4,614.0,1116.0,1177.0,625.0,14.8,64.7,1.0788
760.0,1.6,555.0,1226.0,1158.0,568.0,13.8,67.6,1.0581
777.0,1.8,570.0,1191.0,1167.0,616.0,14.5,65.0,1.0672
825.0,3.1,661.0,1074.0,1207.0,710.0,14.0,67.4,1.0703
1011.0,9.2,947.0,759.0,1425.0,953.0,12.6,73.6,1.0699
1237.0,20.8,1319.0,576.0,1741.0,1271.0,13.3,70.4,1.0711
1298.0,26.8,1473.0,514.0,1884.0,1447.0,14.4,65.8,1.0773
1153.0,17.7,1230.0,616.0,1565.0,1296.0,16.8,57.8,1.0947
1101.0,14.2,1124.0,646.0,1521.0,1217.0,19.7,49.3,1.1199
1215.0,16.8,1203.0,599.0,1664.0,1341.0,21.1,47.2,1.1659
1163.0,16.0,1179.0,608.0,1641.0,1180.0,22.2,43.2,1.1427
1285.0,19.9,1293.0,549.0,1797.0,1365.0,21.4,47.2,1.1927
1288.0,18.5,1253.0,537.0,1763.0,1410.0,19.9,55.4,1.2702
1362.0,21.4,1334.0,512.0,1862.0,1529.0,20.3,54.0,1.2744
1405.0,22.8,1372.0,497.0,1883.0,1573.0,20.0,56.5,1.3051
1610.0,36.5,1697.0,407.0,2287.0,1810.0,19.7,57.8,1.3138
1612.0,38.8,1745.0,398.0,2357.0,1834.0,19.3,59.0,1.3077
1520.0,32.3,1604.0,436.0,2161.0,1672.0,18.5,60.3,1.2706
1489.0,29.3,1534.0,444.0,2080.0,1686.0,17.8,66.3,1.341
1181.0,14.2,1124.0,597.0,1606.0,1302.0,17.6,65.9,1.3175
995.0,8.0,898.0,761.0,1409.0,1023.0,17.5,63.5,1.2622
998.0,7.4,875.0,779.0,1380.0,992.0,16.5,67.2,1.2491
984.0,7.2,864.0,788.0,1371.0,960.0,16.2,69.1,1.259
1022.0,8.0,898.0,746.0,1414.0,955.0,14.9,74.7,1.2564
951.0,6.5,835.0,788.0,1354.0,887.0,14.1,76.7,1.2273
910.0,5.2,773.0,842.0,1303.0,851.0,14.0,76.6,1.2202
932.0,5.6,792.0,818.0,1323.0,903.0,14.9,73.8,1.24
974.0,7.0,859.0,772.0,1383.0,954.0,15.2,73.1,1.257
1117.0,11.5,1031.0,669.0,1528.0,1107.0,15.2,73.4,1.2626
1367.0,21.7,1343.0,517.0,1852.0,1442.0,15.2,74.7,1.2824
1583.0,37.9,1726.0,404.0,2316.0,1818.0,15.8,71.7,1.278
1526.0,30.1,1552.0,441.0,2074.0,1802.0,16.6,68.4,1.2829
1399.0,24.5,1416.0,485.0,1894.0,1671.0,17.6,64.9,1.2925
1436.0,25.2,1435.0,479.0,1911.0,1710.0,18.3,63.8,1.331
1455.0,26.5,1468.0,474.0,1945.0,1746.0,19.4,61.1,1.3652
1311.0,19.6,1286.0,544.0,1760.0,1495.0,20.9,58.1,1.4193
1174.0,13.4,1097.0,640.0,1596.0,1203.0,22.0,54.0,1.4114
1242.0,15.3,1158.0,602.0,1682.0,1252.0,22.8,53.0,1.4482
1267.0,15.1,1151.0,593.0,1671.0,1528.0,21.7,57.6,1.4756
1401.0,21.1,1326.0,530.0,1887.0,1629.0,21.3,60.8,1.5205
1428.0,23.6,1393.0,490.0,1976.0,1608.0,21.2,61.7,1.5309
1478.0,25.7,1447.0,474.0,2017.0,1664.0,21.2,62.2,1.5473
1518.0,27.2,1483.0,454.0,2098.0,1666.0,20.8,65.1,1.5782
1468.0,24.4,1415.0,470.0,1985.0,1594.0,19.9,69.0,1.5877
1369.0,20.3,1305.0,513.0,1851.0,1421.0,18.8,73.7,1.5785
1244.0,14.8,1141.0,571.0,1671.0,1337.0,19.2,71.3,1.5723
1217.0,12.8,1077.0,603.0,1628.0,1270.0,19.0,71.6,1.5549
1103.0,10.0,979.0,666.0,1520.0,1156.0,19.5,69.7,1.5596
1118.0,9.3,951.0,675.0,1509.0,1124.0,19.4,70.1,1.5626
1087.0,9.3,950.0,684.0,1519.0,1049.0,18.4,74.5,1.5634
1069.0,8.8,931.0,688.0,1508.0,1044.0,18.7,73.4,1.5701
1112.0,10.2,985.0,645.0,1544.0,1109.0,18.4,74.6,1.5631
1196.0,13.1,1086.0,594.0,1659.0,1224.0,18.5,74.4,1.5661
1522.0,26.1,1457.0,458.0,2043.0,1611.0,18.8,73.0,1.5737
1715.0,37.9,1728.0,371.0,2376.0,2004.0,19.9,69.9,1.6036
1582.0,26.2,1459.0,448.0,2036.0,1776.0,21.3,66.1,1.6556
1494.0,23.1,1379.0,467.0,1965.0,1723.0,23.0,61.8,1.7135
1631.0,26.0,1455.0,438.0,2027.0,1916.0,22.4,64.6,1.7271
1650.0,28.1,1506.0,424.0,2093.0,1955.0,23.8,59.9,1.7376
1640.0,28.0,1503.0,431.0,2094.0,1894.0,24.7,56.9,1.7472
1589.0,24.6,1418.0,452.0,2015.0,1823.0,25.4,55.1,1.761
1538.0,22.4,1362.0,473.0,1924.0,1793.0,25.7,54.5,1.7684
1597.0,30.9,1573.0,424.0,2307.0,1956.0,24.8,57.7,1.7765
1884.0,43.7,1846.0,348.0,2595.0,2203.0,24.6,58.9,1.8005
1835.0,40.0,1770.0,358.0,2474.0,2073.0,23.9,61.8,1.8088
1759.0,35.9,1684.0,373.0,2378.0,1923.0,23.0,65.9,1.8319
1666.0,30.1,1553.0,409.0,2170.0,1780.0,22.4,67.7,1.8161
1506.0,22.3,1360.0,458.0,1944.0,1609.0,22.0,69.2,1.8061
1378.0,17.7,1229.0,511.0,1820.0,1466.0,21.8,69.6,1.79
1448.0,19.5,1283.0,496.0,1877.0,1504.0,21.9,68.3,1.7699
1481.0,22.3,1359.0,467.0,1957.0,1518.0,21.7,69.7,1.7872
1289.0,15.4,1161.0,552.0,1765.0,1289.0,21.3,70.3,1.7574
1109.0,9.3,951.0,664.0,1570.0,1076.0,20.8,71.7,1.7415
994.0,6.0,812.0,784.0,1453.0,947.0,21.4,69.0,1.7421
1015.0,6.6,839.0,754.0,1473.0,970.0,21.4,69.3,1.7515
966.0,5.1,771.0,830.0,1420.0,900.0,21.3,69.5,1.7447
1088.0,8.8,932.0,706.0,1565.0,1034.0,21.5,67.5,1.708
1303.0,16.6,1198.0,578.0,1791.0,1235.0,21.9,64.8,1.683
1440.0,24.3,1412.0,494.0,2016.0,1455.0,22.6,61.4,1.6645
1392.0,20.6,1313.0,517.0,1866.0,1478.0,22.6,61.5,1.6636
1248.0,15.6,1167.0,572.0,1704.0,1393.0,25.5,52.3,1.6796
1197.0,12.2,1058.0,634.0,1626.0,1237.0,27.0,47.6,1.67
1357.0,17.7,1230.0,542.0,1834.0,1373.0,25.2,53.3,1.6834
1263.0,14.8,1143.0,578.0,1736.0,1310.0,26.6,49.3,1.6872
1261.0,15.0,1148.0,585.0,1733.0,1287.0,27.2,48.5,1.7172
1382.0,16.7,1200.0,539.0,1807.0,1413.0,26.9,50.0,1.7507
1400.0,17.7,1230.0,519.0,1864.0,1483.0,26.5,52.2,1.7769
1443.0,20.9,1322.0,488.0,1933.0,1539.0,27.0,51.0,1.7936
1630.0,28.7,1520.0,427.0,2166.0,1691.0,25.9,55.8,1.8347
1720.0,34.8,1661.0,382.0,2403.0,1846.0,25.1,59.4,1.8632
1600.0,27.5,1492.0,432.0,2160.0,1665.0,24.7,58.7,1.8001
1525.0,24.9,1427.0,450.0,2085.0,1577.0,23.6,62.2,1.7863
1544.0,24.2,1409.0,448.0,2048.0,1603.0,22.4,67.1,1.794
1455.0,22.2,1357.0,466.0,1964.0,1530.0,21.6,69.2,1.763
1203.0,13.2,1090.0,593.0,1655.0,1205.0,21.3,68.5,1.7164
1038.0,7.9,895.0,714.0,1474.0,999.0,21.2,68.6,1.7046
975.0,5.9,807.0,788.0,1423.0,904.0,20.3,70.6,1.6659
917.0,4.1,714.0,870.0,1355.0,843.0,20.8,67.3,1.6353
930.0,4.6,741.0,849.0,1392.0,843.0,19.6,71.3,1.612
960.0,5.8,804.0,802.0,1435.0,886.0,18.7,74.4,1.5861
982.0,6.5,834.0,770.0,1435.0,911.0,19.8,69.2,1.5808
1359.0,19.5,1282.0,541.0,1912.0,1319.0,19.8,69.4,1.5859
1500.0,28.0,1503.0,437.0,2158.0,1927.0,20.4,66.7,1.5781
1315.0,18.7,1261.0,535.0,1830.0,1554.0,22.3,60.6,1.6069
1307.0,18.3,1248.0,525.0,1787.0,1565.0,22.6,59.9,1.6246
1235.0,14.3,1125.0,574.0,1704.0,1462.0,24.5,54.5,1.6514
1310.0,16.5,1194.0,538.0,1781.0,1487.0,24.4,55.4,1.6712
1459.0,22.9,1375.0,467.0,2007.0,1690.0,26.0,51.9,1.7148
1461.0,22.3,1358.0,474.0,2033.0,1603.0,26.8,49.1,1.7101
1476.0,22.0,1352.0,474.0,1996.0,1568.0,26.4,49.8,1.6928
1612.0,27.7,1496.0,429.0,2127.0,1743.0,26.9,48.6,1.7017
1654.0,29.8,1546.0,435.0,2176.0,2007.0,26.2,48.9,1.634
1808.0,40.0,1771.0,373.0,2486.0,2235.0,24.3,54.3,1.6276
1681.0,35.1,1666.0,397.0,2339.0,1998.0,23.3,58.1,1.6457
1494.0,25.5,1443.0,454.0,2020.0,1795.0,22.3,62.5,1.6616
1251.0,13.7,1107.0,579.0,1657.0,1407.0,21.3,66.1,1.6556
1132.0,9.7,965.0,669.0,1502.0,1211.0,21.2,65.7,1.6319
1158.0,9.8,970.0,664.0,1509.0,1202.0,20.3,68.1,1.6009
1146.0,10.1,983.0,673.0,1518.0,1136.0,20.4,66.7,1.583
993.0,6.0,813.0,792.0,1413.0,946.0,19.9,67.5,1.5544
989.0,6.0,814.0,800.0,1418.0,915.0,19.1,70.0,1.5331
943.0,4.6,746.0,852.0,1374.0,864.0,19.3,68.1,1.5139
910.0,4.0,712.0,872.0,1341.0,836.0,19.6,66.9,1.5125
925.0,4.6,742.0,876.0,1381.0,842.0,18.1,72.1,1.4834
1039.0,7.6,882.0,724.0,1473.0,1002.0,18.1,72.3,1.4927
1208.0,13.6,1104.0,598.0,1699.0,1165.0,17.6,74.8,1.491
1268.0,16.0,1179.0,545.0,1753.0,1294.0,18.2,72.8,1.5048
1353.0,18.9,1265.0,507.0,1833.0,1475.0,20.2,65.8,1.5374
1317.0,15.7,1171.0,542.0,1727.0,1436.0,21.6,61.4,1.5696
1356.0,16.2,1187.0,534.0,1738.0,1465.0,23.3,57.5,1.6169
1414.0,19.4,1279.0,504.0,1854.0,1583.0,25.0,52.4,1.6356
1326.0,16.9,1206.0,533.0,1785.0,1432.0,25.4,50.8,1.6275
1211.0,12.5,1067.0,609.0,1608.0,1270.0,26.1,47.1,1.5724
1324.0,15.8,1173.0,564.0,1749.0,1354.0,27.0,44.2,1.549
1324.0,16.0,1181.0,565.0,1747.0,1318.0,27.2,43.0,1.5246
1361.0,16.3,1189.0,549.0,1776.0,1351.0,25.6,48.3,1.5641
1475.0,21.0,1324.0,490.0,1925.0,1530.0,23.3,57.9,1.6376
1537.0,23.1,1381.0,469.0,2016.0,1615.0,22.2,63.6,1.6763
1413.0,17.7,1231.0,520.0,1853.0,1415.0,21.6,67.7,1.7228
1229.0,12.2,1055.0,607.0,1668.0,1219.0,21.0,69.3,1.7058
1297.0,14.6,1136.0,567.0,1725.0,1307.0,20.3,70.5,1.6599
1302.0,13.1,1088.0,594.0,1639.0,1297.0,20.0,69.5,1.6109
1347.0,15.5,1165.0,573.0,1741.0,1321.0,19.7,70.1,1.5891
1165.0,11.8,1042.0,631.0,1621.0,1133.0,19.5,70.7,1.5851
1155.0,10.9,1012.0,633.0,1577.0,1124.0,19.4,71.4,1.5959
1050.0,8.4,916.0,696.0,1512.0,997.0,19.3,71.1,1.5746
1035.0,7.0,855.0,731.0,1467.0,952.0,18.7,73.8,1.5704
1057.0,8.6,925.0,684.0,1503.0,972.0,18.0,75.4,1.5441
1029.0,7.5,880.0,709.0,1451.0,965.0,17.3,78.4,1.532
1037.0,8.1,902.0,704.0,1481.0,984.0,17.5,76.6,1.5174
920.0,4.8,755.0,853.0,1359.0,880.0,20.0,66.7,1.5401
1080.0,7.8,891.0,732.0,1477.0,1001.0,19.1,70.0,1.5366
1152.0,9.7,966.0,661.0,1542.0,1137.0,21.4,61.7,1.5547
1085.0,8.4,918.0,721.0,1467.0,1023.0,24.6,50.4,1.5363
1071.0,7.6,882.0,745.0,1431.0,962.0,25.0,49.1,1.5295
1000.0,5.9,807.0,811.0,1376.0,825.0,25.3,46.7,1.4874
1058.0,7.4,875.0,756.0,1421.0,877.0,24.8,47.9,1.4819
1184.0,10.1,983.0,667.0,1537.0,1046.0,25.3,48.0,1.5249
1189.0,9.7,965.0,670.0,1533.0,1060.0,26.5,44.9,1.5278
1277.0,11.8,1043.0,614.0,1631.0,1155.0,25.0,50.1,1.563
1482.0,20.3,1305.0,503.0,1874.0,1464.0,22.9,57.6,1.5885
1555.0,24.3,1410.0,464.0,1971.0,2185.0,21.7,62.9,1.6117
1324.0,15.6,1168.0,568.0,1716.0,1959.0,21.8,63.0,1.619
1015.0,7.3,869.0,747.0,1439.0,1375.0,21.2,63.4,1.5748
1010.0,7.1,860.0,768.0,1450.0,1212.0,20.2,65.8,1.535
1081.0,9.0,938.0,697.0,1517.0,1273.0,18.4,71.5,1.5038
1071.0,8.9,936.0,695.0,1516.0,1249.0,17.9,72.4,1.4758
1014.0,7.2,864.0,745.0,1474.0,1097.0,16.9,75.4,1.4393
891.0,4.4,735.0,878.0,1353.0,933.0,16.5,75.5,1.4056
874.0,4.1,715.0,889.0,1315.0,858.0,15.4,79.0,1.3735
882.0,4.3,729.0,875.0,1319.0,870.0,15.5,78.6,1.37
940.0,5.9,806.0,800.0,1392.0,1013.0,16.2,76.9,1.4029
1020.0,7.2,866.0,749.0,1440.0,1087.0,15.8,79.6,1.417
1316.0,18.5,1253.0,527.0,1780.0,1566.0,16.0,76.3,1.3772
1423.0,25.0,1429.0,467.0,1998.0,1631.0,16.3,74.3,1.3644
1314.0,18.8,1262.0,531.0,1754.0,1564.0,18.7,66.3,1.414
1317.0,19.5,1283.0,518.0,1812.0,1601.0,20.5,60.2,1.4346
1305.0,18.2,1245.0,524.0,1742.0,1539.0,19.3,66.2,1.4706
1351.0,20.0,1298.0,498.0,1821.0,1577.0,20.0,63.9,1.4805
1438.0,24.8,1425.0,451.0,1971.0,1732.0,21.4,59.4,1.4928
1454.0,23.1,1380.0,457.0,1947.0,1672.0,21.5,60.9,1.5398
1512.0,25.5,1441.0,432.0,2034.0,1744.0,21.6,60.9,1.5551
1584.0,32.0,1597.0,392.0,2176.0,1845.0,21.6,62.0,1.5784
1816.0,46.3,1897.0,330.0,2641.0,2164.0,21.7,61.9,1.592
1824.0,44.5,1862.0,340.0,2567.0,2106.0,21.0,64.9,1.5987
1744.0,41.0,1793.0,352.0,2469.0,2007.0,20.0,68.6,1.5882
1588.0,32.5,1610.0,400.0,2230.0,1791.0,19.3,71.4,1.5805
1319.0,19.1,1273.0,511.0,1806.0,1444.0,18.5,73.4,1.5461
1313.0,19.6,1285.0,505.0,1803.0,1373.0,17.7,75.6,1.5226
1073.0,10.7,1005.0,661.0,1488.0,1110.0,18.5,70.4,1.487
1119.0,12.2,1056.0,624.0,1562.0,1099.0,17.0,76.1,1.4582
989.0,8.0,900.0,737.0,1401.0,968.0,16.8,74.9,1.4258
912.0,5.5,788.0,822.0,1331.0,847.0,15.5,78.5,1.3782
904.0,5.5,787.0,820.0,1319.0,852.0,15.3,79.0,1.3605
851.0,4.3,726.0,897.0,1277.0,799.0,15.0,77.9,1.3197
902.0,5.9,809.0,835.0,1355.0,834.0,14.8,79.4,1.3312
981.0,8.6,923.0,730.0,1425.0,956.0,15.7,77.0,1.3591
1267.0,18.7,1260.0,572.0,1776.0,1259.0,16.2,75.9,1.3872
1392.0,25.0,1429.0,469.0,1990.0,1494.0,16.3,75.9,1.3991
1308.0,19.6,1285.0,522.0,1781.0,1458.0,17.7,70.6,1.4202
1313.0,20.8,1318.0,511.0,1820.0,1491.0,18.3,67.6,1.4103
1350.0,20.1,1299.0,518.0,1784.0,1560.0,20.1,62.0,1.4409
1477.0,26.7,1471.0,455.0,2031.0,1750.0,22.6,54.5,1.4737
1409.0,23.6,1393.0,484.0,1874.0,1709.0,24.6,47.1,1.4378
1495.0,26.4,1465.0,451.0,2043.0,1786.0,24.9,48.3,1.4942
1606.0,30.9,1573.0,419.0,2165.0,1900.0,24.9,50.0,1.5522
1669.0,32.8,1615.0,404.0,2232.0,1963.0,24.0,55.0,1.6211
1822.0,45.9,1890.0,347.0,2641.0,2161.0,23.2,58.7,1.651
1908.0,52.1,2007.0,325.0,2775.0,2372.0,22.5,61.5,1.6579
1664.0,36.6,1699.0,385.0,2305.0,2062.0,22.2,61.0,1.6071
1465.0,24.0,1404.0,468.0,1962.0,1736.0,22.6,58.3,1.5829
1076.0,9.8,972.0,691.0,1506.0,1192.0,21.0,57.4,1.4098
1055.0,7.9,895.0,758.0,1468.0,1043.0,19.8,63.7,1.4524
1075.0,7.5,878.0,734.0,1495.0,948.0,17.7,78.8,1.5855
1135.0,9.2,948.0,685.0,1569.0,992.0,17.6,80.5,1.6062
998.0,5.7,799.0,786.0,1435.0,867.0,17.4,81.3,1.6066
953.0,4.4,734.0,861.0,1401.0,825.0,17.4,81.0,1.6012
926.0,3.9,708.0,874.0,1381.0,803.0,17.2,81.8,1.5856
895.0,3.1,656.0,946.0,1343.0,786.0,17.0,81.0,1.5521
967.0,5.1,767.0,833.0,1416.0,866.0,16.8,81.3,1.5447
1164.0,10.5,997.0,641.0,1606.0,1113.0,17.6,78.8,1.5723
1421.0,20.6,1313.0,502.0,1983.0,1384.0,18.0,75.7,1.5527
1465.0,28.5,1515.0,454.0,2119.0,1516.0,18.0,74.8,1.5281
1189.0,12.7,1075.0,614.0,1652.0,1222.0,18.2,74.0,1.5343
1278.0,16.1,1182.0,585.0,1734.0,1354.0,19.7,65.4,1.4854
1169.0,14.9,1144.0,611.0,1666.0,1291.0,21.0,57.9,1.4267
1214.0,16.8,1203.0,580.0,1739.0,1308.0,20.7,58.6,1.4142
1351.0,21.8,1345.0,502.0,1923.0,1420.0,19.5,67.1,1.506
1340.0,18.6,1256.0,537.0,1842.0,1297.0,18.5,76.2,1.6045
1157.0,14.5,1131.0,623.0,1675.0,1157.0,19.6,69.7,1.5675
1118.0,13.4,1096.0,647.0,1649.0,1130.0,19.9,65.3,1.5066
1150.0,15.8,1173.0,608.0,1711.0,1195.0,20.0,63.3,1.4622
1247.0,20.7,1315.0,544.0,1874.0,1341.0,19.2,66.4,1.4592
1194.0,16.6,1198.0,587.0,1732.0,1228.0,19.3,67.5,1.4977
1184.0,15.3,1157.0,586.0,1685.0,1273.0,18.2,71.4,1.4776
990.0,8.0,898.0,748.0,1442.0,1006.0,17.8,71.2,1.4396
933.0,5.8,803.0,842.0,1369.0,898.0,17.6,69.9,1.3969
968.0,7.0,858.0,796.0,1388.0,894.0,16.0,75.9,1.3721
861.0,4.5,735.0,925.0,1287.0,789.0,16.9,72.0,1.3749
904.0,5.2,774.0,878.0,1329.0,805.0,15.7,76.3,1.3519
866.0,4.4,734.0,899.0,1299.0,770.0,14.8,78.7,1.3169
881.0,4.2,724.0,913.0,1277.0,776.0,14.8,79.7,1.3286
838.0,3.8,700.0,936.0,1268.0,744.0,14.6,79.9,1.3156
905.0,5.2,776.0,851.0,1327.0,825.0,15.2,78.0,1.3382
1055.0,10.0,977.0,703.0,1506.0,1013.0,15.5,77.2,1.3502
1328.0,20.0,1296.0,527.0,1829.0,1341.0,15.7,76.4,1.3558
1401.0,25.8,1449.0,477.0,1969.0,1528.0,16.0,76.4,1.3751
1291.0,20.0,1296.0,529.0,1752.0,1432.0,16.7,73.8,1.3886
1316.0,20.6,1314.0,526.0,1780.0,1499.0,18.6,66.3,1.4047
1116.0,12.2,1057.0,639.0,1532.0,1236.0,20.4,58.1,1.3762
1139.0,13.1,1088.0,625.0,1580.0,1180.0,20.6,57.3,1.3792
1165.0,14.5,1131.0,609.0,1640.0,1196.0,21.6,53.6,1.3669
1260.0,17.5,1224.0,571.0,1731.0,1301.0,21.4,55.6,1.4015
1475.0,25.9,1451.0,455.0,1991.0,1646.0,20.7,63.0,1.5204
1521.0,26.6,1470.0,446.0,1977.0,1720.0,21.3,61.9,1.5463
1633.0,35.3,1671.0,398.0,2271.0,1852.0,20.8,64.0,1.5522
1463.0,28.2,1508.0,468.0,2092.0,1670.0,20.3,66.7,1.5656
1140.0,14.2,1122.0,619.0,1602.0,1208.0,19.7,64.5,1.4594
1147.0,12.4,1065.0,651.0,1562.0,1160.0,19.4,64.0,1.4282
988.0,6.6,839.0,805.0,1382.0,937.0,20.1,60.8,1.4152
924.0,4.8,754.0,890.0,1327.0,783.0,20.4,60.4,1.4263
950.0,5.4,782.0,862.0,1331.0,807.0,20.1,62.6,1.4543
926.0,4.3,727.0,925.0,1326.0,729.0,19.9,64.9,1.4905
879.0,2.9,645.0,1023.0,1288.0,612.0,18.2,74.7,1.5441
864.0,2.5,621.0,1073.0,1286.0,574.0,18.4,73.8,1.5463
868.0,2.2,596.0,1092.0,1276.0,579.0,18.7,73.5,1.5664
894.0,2.7,636.0,1010.0,1308.0,687.0,18.2,76.6,1.5907
1009.0,6.1,816.0,799.0,1430.0,856.0,18.5,76.4,1.6112
1069.0,7.7,889.0,738.0,1469.0,976.0,19.3,71.6,1.5844
1311.0,15.9,1178.0,574.0,1769.0,1208.0,20.2,66.9,1.5643
1370.0,22.8,1372.0,485.0,1945.0,1400.0,20.8,64.7,1.5692
1246.0,16.6,1197.0,566.0,1746.0,1278.0,21.9,61.8,1.6021
1039.0,8.4,917.0,735.0,1467.0,934.0,23.5,57.7,1.6515
1296.0,13.9,1113.0,604.0,1736.0,1073.0,19.8,81.0,1.8538
1523.0,24.9,1428.0,458.0,2114.0,1363.0,20.2,86.5,2.0224
1424.0,22.4,1361.0,484.0,1983.0,1346.0,20.2,82.2,1.9184
1513.0,26.1,1457.0,463.0,2125.0,1393.0,19.7,82.2,1.8669
1338.0,18.1,1244.0,558.0,1847.0,1255.0,20.2,79.1,1.85
1214.0,13.9,1113.0,616.0,1664.0,1213.0,20.1,75.4,1.751
1290.0,18.5,1253.0,550.0,1807.0,1332.0,20.2,72.3,1.6893
1353.0,20.9,1323.0,519.0,1860.0,1430.0,20.0,73.3,1.693
1130.0,12.9,1082.0,647.0,1591.0,1102.0,18.3,74.9,1.5583
969.0,6.7,843.0,828.0,1375.0,895.0,18.9,70.4,1.5259
1038.0,7.0,856.0,801.0,1415.0,905.0,17.3,76.3,1.4919
1020.0,7.3,869.0,793.0,1410.0,869.0,17.1,77.9,1.5081
1097.0,9.1,944.0,716.0,1489.0,982.0,17.3,79.3,1.5569
1123.0,9.9,973.0,690.0,1520.0,999.0,17.3,79.9,1.5643
1023.0,6.9,851.0,782.0,1413.0,881.0,16.9,80.6,1.5372
1015.0,6.5,833.0,786.0,1400.0,868.0,16.9,81.4,1.551
979.0,5.9,805.0,809.0,1383.0,843.0,16.8,81.5,1.5418
931.0,5.4,784.0,826.0,1372.0,833.0,16.9,79.8,1.5238
922.0,5.4,783.0,857.0,1367.0,825.0,16.7,79.7,1.503
989.0,7.8,891.0,762.0,1453.0,901.0,16.8,79.0,1.4978
1149.0,13.6,1103.0,622.0,1662.0,1090.0,16.8,79.8,1.5115
1202.0,15.4,1160.0,585.0,1723.0,1165.0,16.9,79.9,1.5253
1206.0,14.4,1131.0,592.0,1675.0,1201.0,17.4,79.3,1.5593
1224.0,14.3,1126.0,596.0,1656.0,1231.0,18.0,76.6,1.5706
1371.0,20.3,1305.0,521.0,1845.0,1461.0,21.2,64.4,1.6015
1327.0,18.7,1259.0,539.0,1826.0,1434.0,22.4,60.8,1.6261
1301.0,17.3,1218.0,553.0,1806.0,1399.0,22.6,61.1,1.6596
1301.0,16.9,1208.0,560.0,1781.0,1417.0,23.6,57.3,1.645
1314.0,16.4,1191.0,564.0,1777.0,1395.0,23.5,58.3,1.664
1394.0,19.1,1272.0,526.0,1869.0,1442.0,22.9,61.6,1.7014
1385.0,18.7,1260.0,528.0,1850.0,1425.0,22.3,64.3,1.7055
1440.0,22.4,1362.0,486.0,1968.0,1496.0,21.6,68.0,1.7305
1493.0,25.3,1437.0,470.0,2015.0,1551.0,21.2,67.4,1.6755
1319.0,17.7,1230.0,551.0,1785.0,1381.0,20.8,65.8,1.6001
1187.0,13.8,1110.0,612.0,1658.0,1229.0,20.4,64.8,1.5379
1119.0,10.2,984.0,688.0,1539.0,1082.0,20.1,66.7,1.5548
1100.0,8.6,924.0,744.0,1494.0,963.0,19.5,70.0,1.5711
1076.0,7.9,895.0,757.0,1492.0,939.0,19.3,70.4,1.5578
972.0,5.7,799.0,833.0,1425.0,825.0,19.7,68.6,1.5563
973.0,6.4,828.0,818.0,1445.0,811.0,19.7,68.2,1.5484
918.0,4.6,742.0,905.0,1386.0,720.0,19.9,68.4,1.5673
844.0,2.7,630.0,1035.0,1320.0,627.0,18.4,74.2,1.5581
817.0,2.1,588.0,1134.0,1310.0,589.0,18.9,71.3,1.5449
791.0,1.2,519.0,1291.0,1295.0,540.0,18.1,79.0,1.6224
819.0,1.4,537.0,1264.0,1315.0,551.0,20.4,71.2,1.6834
972.0,4.6,743.0,944.0,1477.0,742.0,20.6,70.7,1.6996
997.0,5.7,797.0,812.0,1470.0,824.0,19.3,74.1,1.6391
1194.0,10.6,1000.0,653.0,1642.0,1059.0,22.2,64.4,1.7005
1240.0,11.0,1014.0,628.0,1643.0,1144.0,23.0,64.6,1.7851
1117.0,8.6,922.0,717.0,1585.0,994.0,24.3,57.4,1.7233
1141.0,8.8,932.0,689.0,1595.0,1014.0,22.0,67.0,1.7441
1062.0,7.5,880.0,719.0,1580.0,924.0,22.9,65.7,1.8148
1160.0,11.6,1036.0,622.0,1727.0,1023.0,23.2,63.9,1.7957
1169.0,10.1,983.0,672.0,1633.0,1033.0,23.0,62.3,1.7248
1185.0,10.8,1006.0,666.0,1638.0,1065.0,22.4,63.2,1.6878
1571.0,30.3,1559.0,440.0,2277.0,1516.0,21.7,66.6,1.7077
1464.0,22.4,1362.0,487.0,1987.0,1648.0,21.2,70.3,1.7476
1423.0,20.6,1314.0,508.0,1912.0,1466.0,20.8,70.9,1.7203
1318.0,17.5,1226.0,543.0,1848.0,1365.0,20.0,73.2,1.6965
1229.0,13.9,1114.0,598.0,1723.0,1247.0,19.7,73.7,1.6708
1187.0,13.6,1105.0,611.0,1700.0,1183.0,19.9,72.6,1.6681
1353.0,15.9,1176.0,584.0,1723.0,2150.0,20.1,71.3,1.6564
1407.0,17.8,1235.0,548.0,1780.0,2519.0,20.1,71.1,1.6498
1333.0,16.7,1201.0,552.0,1767.0,1925.0,19.6,73.2,1.6543
1269.0,16.0,1181.0,559.0,1756.0,1762.0,19.1,75.8,1.6568
1253.0,16.9,1206.0,540.0,1779.0,1579.0,18.4,77.9,1.6389
1212.0,15.0,1149.0,562.0,1710.0,1599.0,18.4,78.1,1.637
1061.0,9.6,962.0,679.0,1554.0,1395.0,19.2,74.7,1.6398
1028.0,7.8,890.0,733.0,1525.0,1323.0,19.4,75.1,1.6766
1067.0,8.7,928.0,711.0,1564.0,1309.0,19.1,75.6,1.6519
1111.0,9.8,970.0,667.0,1594.0,1441.0,20.3,71.1,1.6803
1189.0,12.4,1065.0,609.0,1683.0,1830.0,23.1,61.3,1.7131
1293.0,13.9,1114.0,584.0,1702.0,1704.0,25.1,56.0,1.7565
1285.0,12.5,1065.0,597.0,1686.0,1576.0,25.8,56.1,1.841
1236.0,10.9,1011.0,631.0,1706.0,1305.0,23.7,68.2,1.9739
1082.0,6.5,834.0,747.0,1562.0,991.0,23.1,70.8,1.98
1188.0,9.4,954.0,664.0,1636.0,1148.0,23.9,66.3,1.9361
1348.0,15.3,1157.0,564.0,1810.0,1307.0,23.8,65.0,1.8897
1394.0,16.4,1193.0,547.0,1811.0,1386.0,23.2,65.6,1.8435
1472.0,19.8,1290.0,510.0,1942.0,1420.0,21.8,72.7,1.8789
1291.0,15.8,1174.0,567.0,1746.0,1341.0,21.7,67.3,1.7256
1264.0,14.5,1133.0,593.0,1750.0,1258.0,21.3,66.3,1.6594
1264.0,14.7,1138.0,579.0,1733.0,1245.0,20.4,71.6,1.7004
1260.0,15.3,1160.0,568.0,1755.0,1231.0,19.6,75.3,1.6981
1184.0,13.0,1084.0,612.0,1674.0,1151.0,19.3,75.8,1.6762
1122.0,10.5,996.0,660.0,1586.0,1048.0,18.4,76.3,1.6017
983.0,7.6,881.0,752.0,1472.0,928.0,18.2,76.4,1.5787
885.0,4.8,753.0,878.0,1374.0,813.0,17.9,74.8,1.5219
825.0,3.1,661.0,987.0,1334.0,753.0,17.5,74.5,1.4781
791.0,2.6,627.0,1069.0,1306.0,709.0,17.2,74.0,1.4388
802.0,2.7,636.0,1016.0,1289.0,721.0,17.6,73.2,1.4555
804.0,3.0,652.0,1054.0,1294.0,710.0,17.9,69.3,1.4099
1014.0,8.7,927.0,747.0,1497.0,951.0,16.1,76.3,1.3902
1316.0,20.7,1317.0,538.0,1860.0,1336.0,17.1,72.8,1.4054
1296.0,25.2,1435.0,504.0,1899.0,1489.0,20.8,57.9,1.407
1381.0,23.6,1394.0,495.0,1911.0,1558.0,20.6,60.2,1.4428
1570.0,32.9,1617.0,426.0,2170.0,1944.0,22.1,56.6,1.4851
1426.0,25.6,1445.0,477.0,1970.0,1782.0,24.0,50.0,1.4679
1535.0,31.2,1578.0,440.0,2125.0,1921.0,25.7,45.6,1.487
1678.0,37.9,1727.0,390.0,2318.0,2039.0,25.5,49.7,1.5985
1605.0,32.3,1603.0,415.0,2199.0,1912.0,25.2,50.6,1.5989
1559.0,31.5,1586.0,421.0,2197.0,1827.0,25.4,50.7,1.6187
1713.0,38.0,1728.0,390.0,2386.0,1919.0,24.4,56.0,1.6885
1751.0,44.1,1853.0,358.0,2496.0,2013.0,23.0,62.1,1.7283
1723.0,44.9,1869.0,359.0,2563.0,1919.0,21.8,65.3,1.6889
1778.0,48.2,1935.0,349.0,2643.0,1927.0,20.9,67.5,1.6539
1461.0,29.1,1529.0,450.0,2111.0,1573.0,20.2,68.6,1.6034
1258.0,19.1,1272.0,541.0,1804.0,1325.0,19.3,70.8,1.5728
1138.0,13.9,1113.0,610.0,1641.0,1203.0,19.2,68.8,1.5097
936.0,6.8,849.0,798.0,1381.0,947.0,20.4,61.1,1.4495
1167.0,13.2,1090.0,626.0,1620.0,1106.0,18.0,71.5,1.4615
1071.0,10.7,1003.0,665.0,1542.0,1045.0,17.5,73.2,1.4515
866.0,4.1,717.0,909.0,1328.0,827.0,17.2,71.7,1.394
836.0,2.9,647.0,985.0,1271.0,777.0,16.4,74.4,1.3779
823.0,2.7,630.0,1033.0,1253.0,748.0,16.8,71.9,1.3628
890.0,4.3,727.0,917.0,1290.0,833.0,16.9,70.5,1.3504
1019.0,8.0,901.0,750.0,1438.0,960.0,17.0,70.1,1.3512
1177.0,15.5,1166.0,621.0,1667.0,1157.0,18.8,62.5,1.3401
1348.0,23.8,1398.0,505.0,1847.0,1444.0,20.3,58.4,1.3745
1341.0,21.0,1323.0,516.0,1786.0,1522.0,23.7,49.1,1.423
1307.0,19.3,1278.0,527.0,1767.0,1452.0,26.6,42.8,1.4713
1305.0,19.7,1287.0,525.0,1771.0,1437.0,26.2,43.5,1.4591
1177.0,13.2,1090.0,612.0,1632.0,1209.0,26.3,43.6,1.4663
1192.0,13.0,1085.0,617.0,1638.0,1170.0,26.6,42.5,1.4568
1214.0,12.9,1080.0,611.0,1642.0,1190.0,26.3,43.7,1.4718
1240.0,15.1,1152.0,575.0,1699.0,1278.0,25.6,46.2,1.4903
1271.0,16.3,1188.0,563.0,1703.0,1305.0,25.1,47.6,1.4983
1333.0,20.5,1312.0,520.0,1853.0,1364.0,23.8,51.4,1.4956
1390.0,24.4,1414.0,487.0,1959.0,1428.0,23.3,53.1,1.496
1266.0,18.7,1261.0,541.0,1807.0,1285.0,22.4,55.2,1.4735
1140.0,12.7,1072.0,626.0,1597.0,1143.0,21.7,57.7,1.4766
1240.0,15.6,1168.0,582.0,1714.0,1235.0,20.5,63.0,1.5043
1187.0,14.2,1122.0,589.0,1641.0,1208.0,19.5,67.6,1.5156
1043.0,9.9,975.0,675.0,1489.0,1041.0,18.7,69.0,1.4727
948.0,6.3,826.0,802.0,1382.0,897.0,19.3,65.5,1.45
955.0,5.2,775.0,831.0,1362.0,862.0,17.6,70.8,1.4105
915.0,4.2,721.0,891.0,1315.0,816.0,16.8,72.9,1.3851
832.0,2.9,644.0,990.0,1239.0,747.0,17.8,68.1,1.3722
846.0,2.6,628.0,1025.0,1218.0,727.0,16.1,73.5,1.3329
897.0,4.7,750.0,874.0,1270.0,799.0,15.8,73.5,1.3151
908.0,5.1,767.0,868.0,1272.0,807.0,17.0,68.0,1.3102
1348.0,22.2,1357.0,526.0,1833.0,1324.0,16.0,72.2,1.3077
1384.0,23.3,1386.0,504.0,1833.0,1404.0,17.8,65.4,1.3213
1473.0,26.3,1463.0,462.0,1948.0,1605.0,20.6,56.0,1.3467
1360.0,19.7,1287.0,517.0,1755.0,1478.0,23.6,48.0,1.3757
1305.0,17.4,1223.0,545.0,1720.0,1414.0,23.7,49.8,1.4433
1337.0,20.2,1302.0,507.0,1786.0,1465.0,24.7,47.4,1.4527
1414.0,24.4,1414.0,478.0,1896.0,1588.0,25.9,42.8,1.4122
1463.0,24.5,1417.0,467.0,1900.0,1651.0,26.8,43.3,1.4977
1530.0,24.8,1425.0,457.0,1975.0,1652.0,26.6,45.5,1.5555
1915.0,45.9,1889.0,340.0,2603.0,2110.0,24.8,53.9,1.6683
1882.0,47.5,1920.0,328.0,2609.0,2204.0,23.1,61.1,1.7082
1589.0,33.0,1619.0,406.0,2216.0,1780.0,22.2,63.7,1.6865
1463.0,27.2,1484.0,443.0,2011.0,1590.0,21.1,66.1,1.6313
1380.0,21.8,1345.0,493.0,1856.0,1419.0,20.0,69.0,1.5956
1383.0,21.3,1332.0,495.0,1855.0,1415.0,19.1,72.0,1.5732
1181.0,13.3,1094.0,600.0,1599.0,1180.0,18.8,70.6,1.5209
1061.0,8.8,931.0,699.0,1481.0,1015.0,18.5,69.5,1.4657
1091.0,9.2,945.0,698.0,1467.0,1014.0,18.4,68.5,1.439
1010.0,7.6,884.0,719.0,1430.0,938.0,16.8,73.3,1.3915
868.0,3.6,688.0,922.0,1249.0,777.0,17.9,66.8,1.3596
852.0,2.8,639.0,1009.0,1204.0,723.0,16.5,71.0,1.3239
826.0,2.2,601.0,1056.0,1180.0,702.0,16.9,67.9,1.295
862.0,3.4,677.0,973.0,1192.0,725.0,16.1,69.3,1.2591
951.0,5.7,800.0,803.0,1257.0,836.0,16.1,69.6,1.2593
1210.0,16.3,1188.0,583.0,1575.0,1129.0,16.2,70.1,1.2837
1601.0,37.9,1727.0,389.0,2252.0,1718.0,16.5,69.3,1.2897
1477.0,25.5,1443.0,469.0,1878.0,1646.0,19.6,58.3,1.3141
1458.0,24.2,1408.0,471.0,1889.0,1664.0,20.7,55.5,1.3414
1354.0,20.9,1321.0,504.0,1799.0,1496.0,20.8,56.3,1.3664
1385.0,22.1,1354.0,490.0,1823.0,1506.0,21.7,53.1,1.3649
1460.0,25.0,1430.0,466.0,1932.0,1604.0,23.0,49.0,1.362
1492.0,26.4,1463.0,460.0,1935.0,1632.0,24.2,44.0,1.3078
1569.0,29.8,1547.0,435.0,2016.0,1736.0,24.7,43.6,1.3396
1870.0,45.0,1871.0,351.0,2483.0,2165.0,23.0,54.2,1.5066
1774.0,42.8,1829.0,359.0,2457.0,2152.0,21.4,60.9,1.5322
1388.0,22.4,1363.0,485.0,1815.0,1556.0,20.3,61.4,1.4417
1303.0,15.9,1177.0,562.0,1619.0,1389.0,20.0,63.2,1.4581
1257.0,14.3,1126.0,581.0,1599.0,1300.0,19.1,64.4,1.405
1132.0,10.7,1002.0,640.0,1474.0,1126.0,18.1,67.5,1.3855
1050.0,7.6,881.0,732.0,1363.0,982.0,17.8,66.9,1.3464
1033.0,6.7,842.0,756.0,1362.0,941.0,17.6,66.5,1.3249
1106.0,9.0,938.0,685.0,1395.0,1010.0,16.1,71.2,1.2948
1107.0,9.0,940.0,689.0,1403.0,985.0,15.5,73.3,1.2845
1011.0,7.0,856.0,769.0,1341.0,889.0,15.4,72.8,1.2633
916.0,4.3,726.0,879.0,1248.0,791.0,15.6,70.8,1.2461
852.0,2.8,641.0,1012.0,1172.0,710.0,17.0,64.5,1.2374
889.0,3.7,694.0,913.0,1198.0,743.0,14.9,72.3,1.2186
1002.0,6.3,828.0,798.0,1307.0,857.0,14.0,76.6,1.2183
1231.0,14.5,1134.0,587.0,1572.0,1143.0,14.6,74.2,1.2256
1212.0,16.4,1191.0,551.0,1586.0,1210.0,15.9,69.8,1.253
1121.0,10.9,1012.0,650.0,1436.0,1060.0,18.4,61.3,1.2854
1260.0,14.1,1121.0,568.0,1569.0,1252.0,20.0,56.7,1.3078
1391.0,17.1,1214.0,518.0,1691.0,1435.0,20.4,57.0,1.3507
1463.0,19.4,1280.0,482.0,1794.0,1544.0,20.7,59.3,1.4283
1464.0,20.9,1321.0,475.0,1794.0,1600.0,21.7,54.8,1.4024
1412.0,17.7,1230.0,516.0,1672.0,1534.0,22.0,54.2,1.4096
1450.0,19.8,1292.0,495.0,1768.0,1495.0,21.4,57.1,1.4356
1416.0,19.5,1283.0,510.0,1739.0,1442.0,20.8,58.7,1.4259
1346.0,17.0,1211.0,540.0,1674.0,1340.0,20.1,59.6,1.3852
1273.0,14.6,1137.0,586.0,1563.0,1231.0,20.0,58.4,1.3473
1206.0,12.0,1049.0,634.0,1484.0,1128.0,19.5,58.9,1.3195
1252.0,13.3,1094.0,615.0,1526.0,1188.0,19.5,57.4,1.2874
1069.0,7.9,897.0,729.0,1364.0,998.0,19.1,59.2,1.295
1061.0,7.9,895.0,737.0,1359.0,944.0,18.8,59.1,1.2702
1072.0,7.5,880.0,767.0,1318.0,928.0,18.0,60.4,1.2331
1075.0,8.4,917.0,737.0,1354.0,1037.0,17.5,60.7,1.2009
992.0,6.9,853.0,796.0,1305.0,930.0,17.5,59.4,1.1768
914.0,4.6,741.0,891.0,1210.0,803.0,17.1,59.2,1.1477
854.0,3.8,700.0,980.0,1151.0,665.0,17.0,52.3,1.0009
774.0,2.1,591.0,1151.0,1044.0,533.0,16.1,49.8,0.9021
757.0,1.5,542.0,1339.0,1004.0,449.0,15.5,51.5,0.9026
752.0,1.2,516.0,1370.0,997.0,440.0,15.1,52.0,0.8878
757.0,1.6,551.0,1295.0,967.0,453.0,14.9,46.8,0.7885
777.0,1.9,580.0,1263.0,963.0,465.0,15.5,42.4,0.74
774.0,2.0,583.0,1246.0,966.0,457.0,16.6,38.2,0.7186
805.0,2.7,632.0,1176.0,1033.0,475.0,18.0,34.7,0.7089
838.0,3.6,686.0,1083.0,1046.0,532.0,18.0,35.1,0.7176
824.0,3.7,695.0,1091.0,1035.0,526.0,17.6,33.8,0.6726
812.0,3.9,704.0,1055.0,1044.0,520.0,17.5,33.7,0.6691
806.0,3.8,702.0,1052.0,1035.0,500.0,17.2,33.9,0.6591
789.0,3.4,675.0,1121.0,974.0,482.0,16.8,32.1,0.6073
821.0,4.0,713.0,1067.0,1030.0,539.0,16.0,34.1,0.6155
1024.0,14.3,1127.0,704.0,1346.0,943.0,14.8,37.5,0.6259
1009.0,10.5,995.0,784.0,1201.0,1016.0,14.4,39.2,0.6407
1064.0,12.2,1055.0,738.0,1242.0,1063.0,14.1,43.0,0.6883
1001.0,11.4,1029.0,733.0,1255.0,1034.0,13.4,48.4,0.7397
927.0,7.3,868.0,847.0,1155.0,864.0,12.7,51.2,0.7505
819.0,2.4,613.0,1118.0,1060.0,500.0,9.9,71.4,0.8736
847.0,2.7,630.0,1057.0,1091.0,537.0,10.2,71.6,0.8893
798.0,2.5,621.0,1115.0,1041.0,524.0,10.6,61.3,0.7856
757.0,1.7,561.0,1192.0,998.0,457.0,11.1,55.6,0.7344
703.0,0.5,446.0,1523.0,918.0,360.0,11.5,50.4,0.6815
689.0,0.3,407.0,1757.0,895.0,333.0,11.3,49.5,0.6615
698.0,0.4,424.0,1665.0,903.0,339.0,10.8,50.9,0.657
720.0,0.6,458.0,1536.0,917.0,358.0,10.9,50.1,0.6519
797.0,2.1,593.0,1212.0,984.0,494.0,10.8,49.7,0.6429
950.0,7.4,875.0,850.0,1179.0,828.0,10.7,50.4,0.6467
887.0,5.9,809.0,899.0,1111.0,769.0,10.9,50.0,0.6531
850.0,4.8,755.0,966.0,1051.0,714.0,12.1,46.5,0.653
836.0,4.5,740.0,987.0,1046.0,672.0,12.4,44.1,0.6324
827.0,5.1,768.0,972.0,1040.0,671.0,13.0,40.1,0.5989
819.0,6.0,810.0,947.0,1027.0,631.0,13.4,36.3,0.5556
919.0,10.0,978.0,820.0,1180.0,805.0,13.1,38.5,0.5776
897.0,7.8,890.0,850.0,1139.0,808.0,11.5,46.4,0.6302
973.0,11.2,1023.0,780.0,1226.0,964.0,13.1,40.4,0.606
1065.0,17.0,1211.0,669.0,1364.0,1188.0,13.0,39.3,0.5877
1341.0,31.0,1575.0,503.0,1778.0,1571.0,11.3,50.9,0.679
1303.0,28.9,1524.0,515.0,1744.0,1580.0,10.6,53.4,0.6818
1189.0,23.1,1381.0,566.0,1574.0,1426.0,9.5,57.9,0.6877
1054.0,13.7,1106.0,679.0,1297.0,1239.0,8.6,60.5,0.6788
943.0,8.0,900.0,816.0,1129.0,1064.0,8.5,59.7,0.6649
903.0,7.4,872.0,855.0,1108.0,987.0,7.9,61.4,0.6582
858.0,4.9,760.0,940.0,1049.0,873.0,7.1,63.6,0.6442
821.0,3.7,696.0,1032.0,1013.0,783.0,7.2,62.2,0.6362
781.0,2.9,645.0,1088.0,986.0,719.0,5.6,67.9,0.6247
741.0,1.9,580.0,1224.0,952.0,660.0,5.1,68.7,0.6077
720.0,1.4,540.0,1296.0,938.0,613.0,4.4,71.4,0.6024
733.0,1.9,574.0,1238.0,964.0,627.0,4.1,73.1,0.6074
780.0,3.2,666.0,1099.0,1003.0,697.0,3.2,76.8,0.5963
915.0,7.4,873.0,873.0,1135.0,915.0,3.7,76.2,0.6137
1228.0,22.4,1362.0,575.0,1543.0,1399.0,4.9,70.7,0.6193
1239.0,22.8,1373.0,550.0,1593.0,1495.0,7.1,62.0,0.6265
1209.0,18.5,1255.0,588.0,1447.0,1499.0,8.1,59.1,0.6397
1257.0,20.4,1308.0,548.0,1466.0,1720.0,11.1,48.8,0.643
1007.0,10.6,1000.0,727.0,1197.0,1210.0,11.3,46.5,0.6194
1020.0,11.8,1041.0,733.0,1245.0,1123.0,12.5,42.3,0.6104
1094.0,14.8,1144.0,669.0,1327.0,1209.0,12.5,42.8,0.6177
1045.0,13.1,1087.0,712.0,1270.0,1144.0,12.6,42.4,0.6159
909.0,7.5,879.0,874.0,1083.0,847.0,13.8,40.7,0.6405
1013.0,8.1,905.0,816.0,1201.0,923.0,11.0,58.8,0.7705
1236.0,16.9,1206.0,615.0,1523.0,1166.0,8.3,76.5,0.8426
1275.0,19.9,1294.0,570.0,1605.0,1280.0,8.6,75.5,0.8469
1237.0,16.5,1194.0,615.0,1508.0,1193.0,8.8,76.6,0.8678
1101.0,9.6,963.0,748.0,1320.0,966.0,8.0,81.0,0.8714
962.0,5.3,778.0,911.0,1162.0,752.0,7.3,85.7,0.8818
841.0,3.5,680.0,1052.0,1067.0,594.0,6.5,85.6,0.8353
831.0,2.5,620.0,1164.0,1039.0,545.0,6.5,83.5,0.8116
843.0,2.5,622.0,1146.0,1060.0,555.0,6.9,82.3,0.8244
798.0,2.2,600.0,1151.0,1049.0,543.0,7.3,78.1,0.8041
730.0,0.8,477.0,1433.0,950.0,420.0,7.9,68.0,0.7265
715.0,0.5,445.0,1601.0,925.0,373.0,8.0,64.5,0.695
726.0,0.5,443.0,1663.0,942.0,363.0,8.1,68.6,0.7409
771.0,0.9,490.0,1419.0,990.0,411.0,6.3,84.8,0.8148
805.0,1.6,555.0,1255.0,1019.0,496.0,6.7,79.8,0.7872
958.0,5.8,803.0,910.0,1172.0,738.0,7.1,77.9,0.7914
1021.0,9.5,959.0,760.0,1297.0,910.0,7.9,73.5,0.7883
969.0,6.7,843.0,857.0,1213.0,821.0,6.9,86.0,0.8632
923.0,4.4,733.0,962.0,1124.0,740.0,6.8,87.1,0.8652
973.0,6.8,850.0,868.0,1213.0,852.0,8.0,81.6,0.8755
996.0,7.8,893.0,808.0,1237.0,895.0,9.5,70.0,0.8296
1055.0,10.8,1007.0,736.0,1301.0,1019.0,10.5,62.2,0.7923
1023.0,9.8,971.0,752.0,1283.0,993.0,11.4,59.1,0.7963
1039.0,11.3,1024.0,721.0,1325.0,1043.0,11.1,58.6,0.7737
1051.0,12.3,1061.0,696.0,1333.0,1111.0,10.8,57.6,0.7473
1050.0,12.6,1070.0,699.0,1334.0,1087.0,10.6,56.9,0.7281
1156.0,17.0,1209.0,614.0,1467.0,1250.0,10.6,59.3,0.7588
1277.0,21.4,1335.0,551.0,1636.0,1331.0,10.0,71.5,0.8768
1172.0,15.3,1159.0,621.0,1461.0,1243.0,10.3,71.1,0.8878
1048.0,9.9,973.0,731.0,1298.0,1074.0,10.5,70.3,0.893
1144.0,13.4,1096.0,643.0,1394.0,1258.0,10.2,71.3,0.8859
1104.0,11.2,1023.0,677.0,1314.0,1189.0,9.7,73.1,0.8787
1038.0,9.4,957.0,713.0,1271.0,1092.0,9.3,73.5,0.8651
960.0,6.6,838.0,797.0,1189.0,996.0,9.2,73.9,0.8616
934.0,5.5,787.0,822.0,1147.0,974.0,8.1,78.1,0.8452
930.0,5.4,784.0,850.0,1151.0,902.0,7.6,81.2,0.8483
918.0,5.3,778.0,864.0,1136.0,859.0,7.5,81.5,0.8495
952.0,6.1,814.0,804.0,1153.0,970.0,8.3,77.2,0.8464
1019.0,8.1,905.0,757.0,1244.0,1062.0,8.9,75.6,0.8667
1287.0,17.3,1218.0,580.0,1580.0,1304.0,9.2,81.7,0.9506
1578.0,32.3,1605.0,429.0,2032.0,1643.0,9.9,83.4,1.0194
1417.0,24.1,1407.0,490.0,1709.0,1488.0,10.2,82.3,1.0253
1392.0,21.0,1325.0,511.0,1631.0,1465.0,11.2,80.7,1.0688
1147.0,12.7,1073.0,628.0,1415.0,1198.0,11.8,76.1,1.0516
1150.0,13.6,1105.0,629.0,1450.0,1160.0,12.5,71.3,1.0285
1252.0,18.0,1240.0,564.0,1614.0,1277.0,13.2,68.4,1.0346
1186.0,14.3,1125.0,617.0,1493.0,1171.0,12.5,73.2,1.0563
1172.0,13.7,1107.0,629.0,1449.0,1106.0,12.2,75.7,1.0693
1109.0,11.2,1021.0,689.0,1361.0,1036.0,11.5,78.1,1.0565
1201.0,16.5,1196.0,597.0,1546.0,1196.0,11.6,76.0,1.0354
1189.0,16.1,1183.0,603.0,1534.0,1170.0,12.0,73.3,1.0264
1282.0,20.6,1312.0,551.0,1671.0,1312.0,12.9,68.8,1.0175
1207.0,16.8,1203.0,625.0,1570.0,1251.0,13.1,69.6,1.0464
904.0,4.8,754.0,930.0,1172.0,805.0,12.3,73.4,1.049
900.0,4.0,711.0,975.0,1153.0,736.0,12.7,71.0,1.0387
932.0,4.5,740.0,926.0,1180.0,774.0,12.9,69.9,1.0371
968.0,5.4,785.0,872.0,1209.0,826.0,12.9,70.5,1.0442
827.0,2.4,610.0,1092.0,1120.0,636.0,13.1,67.7,1.0198
789.0,1.2,515.0,1276.0,1054.0,516.0,13.1,67.6,1.0127
812.0,1.6,549.0,1213.0,1079.0,531.0,13.8,64.0,1.0042
811.0,1.7,559.0,1170.0,1085.0,558.0,13.7,64.4,1.0036
827.0,1.7,560.0,1169.0,1087.0,565.0,13.9,63.8,1.0079
849.0,2.3,604.0,1086.0,1108.0,604.0,14.1,64.5,1.0287
1001.0,5.7,798.0,855.0,1257.0,794.0,14.0,66.1,1.0488
1021.0,7.9,896.0,741.0,1314.0,907.0,14.2,66.4,1.0673
978.0,6.4,831.0,807.0,1257.0,838.0,14.9,62.5,1.0529
996.0,6.9,855.0,793.0,1277.0,884.0,16.3,58.4,1.0729
1014.0,6.7,843.0,791.0,1297.0,866.0,16.9,56.5,1.0801
1061.0,8.7,928.0,730.0,1366.0,909.0,17.4,55.8,1.098
1092.0,9.9,975.0,690.0,1418.0,990.0,17.4,57.3,1.1328
1129.0,11.4,1028.0,661.0,1480.0,1050.0,17.7,55.5,1.1127
1077.0,9.8,969.0,690.0,1405.0,1023.0,16.8,58.9,1.1199
1153.0,12.9,1079.0,635.0,1496.0,1103.0,17.0,57.5,1.1071
1234.0,16.6,1197.0,575.0,1597.0,1239.0,16.2,60.2,1.1003
1319.0,20.8,1319.0,539.0,1735.0,1384.0,16.7,58.0,1.0916
1251.0,18.8,1264.0,561.0,1677.0,1289.0,16.5,58.8,1.0921
1165.0,12.6,1070.0,650.0,1467.0,1180.0,15.8,61.1,1.0856
954.0,5.9,807.0,833.0,1243.0,855.0,15.7,60.8,1.0769
971.0,6.1,818.0,828.0,1252.0,857.0,15.9,59.6,1.0673
961.0,5.0,765.0,865.0,1212.0,811.0,15.6,60.0,1.0594
952.0,4.9,758.0,876.0,1203.0,794.0,15.6,60.1,1.0557
875.0,2.7,635.0,1037.0,1133.0,612.0,15.7,59.5,1.0534
891.0,2.7,633.0,1035.0,1137.0,590.0,15.7,60.1,1.064
1006.0,5.0,765.0,848.0,1239.0,807.0,15.6,61.7,1.0847
907.0,3.7,691.0,927.0,1173.0,702.0,15.8,59.9,1.0693
938.0,3.8,702.0,904.0,1185.0,753.0,15.2,61.8,1.0602
925.0,3.3,672.0,991.0,1154.0,709.0,16.1,55.4,1.0089
1157.0,9.7,967.0,678.0,1365.0,1087.0,14.9,64.1,1.0773
1169.0,10.7,1003.0,665.0,1409.0,1126.0,15.6,62.0,1.0904
1312.0,14.7,1139.0,565.0,1568.0,1386.0,17.9,54.6,1.11
1347.0,17.6,1227.0,539.0,1627.0,1476.0,21.1,44.5,1.0964
1321.0,17.5,1224.0,543.0,1617.0,1424.0,20.3,46.7,1.0971
1267.0,14.1,1118.0,592.0,1503.0,1310.0,21.5,42.7,1.0837
1234.0,12.1,1053.0,639.0,1476.0,1114.0,21.5,43.1,1.0919
1101.0,9.2,947.0,699.0,1374.0,1029.0,21.5,43.4,1.0965
1149.0,10.6,998.0,664.0,1434.0,1101.0,20.8,45.5,1.1054
1094.0,9.0,941.0,695.0,1371.0,1040.0,19.2,49.6,1.0893
1056.0,7.5,878.0,758.0,1308.0,856.0,18.3,51.6,1.0732
1030.0,8.0,899.0,767.0,1275.0,836.0,17.7,51.5,1.0357
1075.0,9.1,943.0,752.0,1305.0,894.0,17.2,51.5,1.0015
927.0,4.7,748.0,888.0,1157.0,696.0,15.9,54.9,0.9853
793.0,1.8,570.0,1143.0,1036.0,524.0,14.0,55.2,0.8807
796.0,2.1,589.0,1136.0,1026.0,506.0,13.3,53.0,0.8044
780.0,1.8,568.0,1190.0,997.0,453.0,11.9,55.5,0.7711
774.0,1.8,569.0,1222.0,984.0,434.0,11.4,54.6,0.7363
718.0,1.0,500.0,1401.0,914.0,373.0,10.4,53.7,0.6749
705.0,0.8,478.0,1546.0,885.0,330.0,9.9,54.3,0.6609
689.0,0.7,470.0,1643.0,863.0,305.0,9.8,51.3,0.6225
678.0,0.4,427.0,1771.0,853.0,286.0,9.5,52.2,0.6198
655.0,0.2,402.0,2077.0,814.0,268.0,10.0,45.7,0.5598
649.0,0.2,397.0,2062.0,798.0,261.0,10.2,41.9,0.5209
647.0,0.3,412.0,1964.0,779.0,274.0,10.6,36.1,0.4624
667.0,0.4,429.0,1793.0,790.0,291.0,10.7,36.0,0.4623
669.0,0.5,444.0,1664.0,791.0,304.0,10.8,35.4,0.4583
667.0,0.6,455.0,1716.0,786.0,301.0,11.4,32.9,0.4435
705.0,1.1,508.0,1494.0,820.0,329.0,12.4,32.0,0.4583
710.0,1.2,523.0,1479.0,827.0,350.0,12.4,31.3,0.45
713.0,1.4,539.0,1593.0,829.0,380.0,12.2,31.8,0.4514
703.0,1.1,512.0,2121.0,837.0,356.0,10.5,37.9,0.4821
738.0,1.3,529.0,1991.0,876.0,383.0,9.6,44.2,0.5289
795.0,1.8,569.0,1773.0,959.0,429.0,8.2,57.9,0.6293
861.0,4.7,750.0,1481.0,1051.0,556.0,7.3,63.5,0.6519
836.0,3.0,653.0,1798.0,978.0,537.0,8.4,55.7,0.6155
812.0,3.0,652.0,1586.0,964.0,554.0,9.1,49.6,0.5765
771.0,2.8,642.0,1678.0,915.0,518.0,10.0,41.4,0.5102
711.0,1.6,556.0,1938.0,840.0,416.0,10.4,36.2,0.4561
741.0,2.3,607.0,1312.0,865.0,433.0,11.3,32.3,0.4329
696.0,1.3,532.0,1416.0,814.0,393.0,10.9,33.5,0.4378
692.0,1.1,507.0,1483.0,811.0,353.0,10.6,34.9,0.4455
679.0,0.6,449.0,1666.0,800.0,314.0,10.7,36.1,0.4639
676.0,0.4,429.0,1750.0,803.0,296.0,11.0,37.3,0.488
681.0,0.4,428.0,1768.0,817.0,297.0,10.7,39.2,0.5045
683.0,0.4,426.0,1775.0,805.0,302.0,10.4,38.6,0.4862
704.0,0.8,478.0,1498.0,821.0,348.0,10.4,37.4,0.4717
767.0,2.0,588.0,1292.0,885.0,508.0,10.5,37.0,0.4707
964.0,8.7,928.0,871.0,1130.0,936.0,10.7,37.9,0.487
925.0,8.6,923.0,841.0,1115.0,944.0,11.1,38.1,0.5023
883.0,6.8,849.0,910.0,1053.0,843.0,12.6,36.6,0.5314
894.0,6.2,820.0,932.0,1072.0,820.0,13.8,36.2,0.569
881.0,6.4,831.0,911.0,1074.0,793.0,13.4,37.1,0.5683
867.0,6.7,842.0,909.0,1077.0,737.0,13.5,34.9,0.5393
856.0,6.2,821.0,937.0,1043.0,718.0,13.7,32.2,0.5032
862.0,6.7,843.0,930.0,1032.0,743.0,13.6,32.1,0.4977
891.0,7.8,891.0,874.0,1077.0,848.0,13.5,31.8,0.4876
931.0,11.5,1032.0,795.0,1098.0,991.0,13.5,27.9,0.4287
1025.0,16.7,1202.0,691.0,1263.0,1191.0,12.7,28.9,0.4233
1029.0,16.6,1198.0,694.0,1305.0,1169.0,12.6,30.2,0.4384
1038.0,16.3,1190.0,685.0,1291.0,1167.0,12.3,32.0,0.4553
904.0,8.6,924.0,846.0,1083.0,966.0,12.0,34.3,0.4787
844.0,5.4,782.0,969.0,1003.0,796.0,11.6,37.3,0.5095
839.0,4.0,711.0,1029.0,990.0,712.0,11.3,40.3,0.5406
844.0,3.9,705.0,1035.0,986.0,701.0,11.3,41.8,0.561
800.0,2.8,641.0,1113.0,957.0,591.0,11.2,42.0,0.5582
786.0,2.2,596.0,1178.0,937.0,609.0,11.0,42.6,0.5595
737.0,0.9,492.0,1391.0,880.0,467.0,11.2,41.3,0.5498
732.0,0.7,472.0,1461.0,866.0,391.0,11.1,40.8,0.5395
737.0,0.7,468.0,1481.0,869.0,395.0,10.7,41.8,0.536
778.0,1.2,517.0,1330.0,890.0,510.0,10.2,43.6,0.5405
867.0,3.3,669.0,1069.0,981.0,779.0,10.1,44.0,0.5434
1248.0,16.6,1197.0,641.0,1405.0,1395.0,10.1,45.6,0.5632
1389.0,26.3,1463.0,518.0,1694.0,1706.0,11.3,43.9,0.5867
1184.0,16.4,1193.0,626.0,1327.0,1479.0,14.5,33.8,0.5541
1160.0,15.5,1165.0,655.0,1325.0,1403.0,17.5,26.4,0.5228
982.0,10.7,1003.0,1037.0,1117.0,1072.0,17.2,22.4,0.4354
948.0,11.1,1017.0,1065.0,1077.0,929.0,17.3,20.4,0.4011
1017.0,11.7,1039.0,769.0,1149.0,1024.0,18.1,21.0,0.4321
985.0,10.9,1011.0,779.0,1138.0,1010.0,17.9,22.3,0.4537
1017.0,11.4,1029.0,768.0,1160.0,1046.0,17.6,23.7,0.473
1121.0,16.3,1190.0,673.0,1297.0,1264.0,16.7,25.9,0.4886
1129.0,18.5,1255.0,634.0,1370.0,1365.0,14.8,29.6,0.4965
1101.0,14.5,1134.0,683.0,1283.0,1281.0,13.6,34.0,0.5251
1182.0,15.8,1175.0,637.0,1363.0,1463.0,13.4,40.4,0.6178
1144.0,13.2,1091.0,671.0,1295.0,1388.0,11.8,44.3,0.6121
1046.0,7.8,890.0,791.0,1109.0,1195.0,10.7,47.5,0.6108
990.0,6.1,817.0,849.0,1071.0,1111.0,10.2,49.4,0.6138
974.0,5.0,764.0,910.0,1029.0,992.0,9.5,51.0,0.6045
953.0,5.3,778.0,885.0,1051.0,1019.0,7.7,57.9,0.6107
868.0,2.9,647.0,1054.0,962.0,828.0,8.4,54.5,0.6022
833.0,1.9,574.0,1150.0,930.0,752.0,7.9,55.4,0.593
786.0,1.2,522.0,1253.0,910.0,699.0,6.2,61.0,0.5824
834.0,1.6,551.0,1193.0,917.0,719.0,6.8,58.6,0.5813
845.0,2.0,583.0,1132.0,929.0,761.0,5.7,62.7,0.5801
929.0,4.0,713.0,987.0,1002.0,830.0,5.9,62.0,0.5811
1234.0,15.4,1161.0,629.0,1386.0,1318.0,6.3,61.7,0.5926
1270.0,19.0,1267.0,565.0,1434.0,1482.0,7.5,58.8,0.6117
1241.0,14.6,1135.0,622.0,1280.0,1474.0,11.4,45.4,0.6113
1268.0,16.0,1180.0,593.0,1323.0,1632.0,14.1,39.2,0.6278
1248.0,14.4,1131.0,615.0,1296.0,1592.0,13.3,42.3,0.6448
1317.0,19.0,1269.0,554.0,1446.0,1679.0,14.7,38.9,0.6462
1308.0,20.3,1306.0,553.0,1471.0,1670.0,16.5,32.9,0.6127
1321.0,19.5,1281.0,557.0,1442.0,1650.0,17.4,32.7,0.6422
1360.0,21.0,1325.0,535.0,1513.0,1692.0,17.3,33.9,0.6627
1659.0,35.9,1685.0,423.0,1946.0,2155.0,16.0,41.5,0.7483
1802.0,47.7,1924.0,356.0,2235.0,2452.0,13.7,52.8,0.8244
1549.0,30.1,1553.0,446.0,1796.0,2032.0,13.0,55.1,0.824
1407.0,22.0,1351.0,516.0,1557.0,1751.0,12.4,56.8,0.8141
1374.0,19.0,1268.0,536.0,1531.0,1675.0,10.7,62.1,0.7972
1127.0,9.2,948.0,703.0,1188.0,1312.0,10.5,61.1,0.7755
1096.0,7.1,860.0,777.0,1131.0,1179.0,9.7,62.5,0.7509
1119.0,8.2,908.0,735.0,1173.0,1197.0,8.8,65.5,0.7435
999.0,5.1,771.0,864.0,1068.0,995.0,8.8,63.8,0.7236
987.0,5.6,794.0,852.0,1106.0,971.0,8.5,65.0,0.7221
912.0,3.5,685.0,934.0,1050.0,876.0,7.5,69.3,0.7201
893.0,3.8,701.0,935.0,1045.0,844.0,6.4,74.0,0.7134
878.0,3.6,687.0,964.0,1035.0,813.0,5.9,76.6,0.7179
996.0,6.6,841.0,797.0,1127.0,1005.0,6.1,76.7,0.7271
1119.0,9.9,974.0,710.0,1224.0,1170.0,6.8,74.5,0.7415
1407.0,21.5,1339.0,531.0,1584.0,1533.0,7.7,72.5,0.7666
1503.0,27.8,1498.0,469.0,1749.0,1783.0,8.9,67.4,0.7714
1446.0,22.9,1374.0,499.0,1560.0,1818.0,11.4,58.3,0.7868
1416.0,20.2,1302.0,526.0,1471.0,1826.0,13.4,52.8,0.8086
1448.0,19.7,1288.0,518.0,1506.0,1839.0,15.8,50.1,0.892
1282.0,13.8,1111.0,586.0,1455.0,1428.0,18.3,50.0,1.0431
1271.0,15.3,1157.0,572.0,1483.0,1353.0,18.8,49.2,1.0548
1321.0,15.9,1178.0,552.0,1539.0,1491.0,18.4,49.6,1.0391
1362.0,17.4,1223.0,535.0,1597.0,1517.0,18.3,51.0,1.0586
1316.0,17.6,1228.0,540.0,1610.0,1413.0,17.6,53.1,1.0596
1374.0,20.4,1307.0,521.0,1709.0,1429.0,17.3,53.6,1.0472
1388.0,22.6,1367.0,500.0,1722.0,1503.0,16.8,55.2,1.048
1422.0,25.1,1432.0,474.0,1852.0,1636.0,16.6,56.5,1.0551
1281.0,17.2,1216.0,548.0,1604.0,1687.0,16.3,58.1,1.0648
1192.0,11.7,1040.0,640.0,1441.0,1405.0,15.9,59.0,1.059
1108.0,9.2,945.0,692.0,1355.0,1199.0,15.9,59.4,1.0628
1071.0,7.7,885.0,740.0,1298.0,1090.0,15.7,60.9,1.0774
999.0,5.6,793.0,817.0,1242.0,898.0,16.1,59.5,1.0811
925.0,3.3,670.0,940.0,1173.0,663.0,15.5,63.8,1.1119
886.0,2.3,608.0,1013.0,1143.0,611.0,14.9,65.3,1.1018
888.0,2.1,590.0,1009.0,1152.0,625.0,14.7,64.4,1.0704
863.0,1.3,531.0,1097.0,1095.0,606.0,14.7,59.8,0.9968
870.0,1.6,550.0,1126.0,1078.0,515.0,15.4,55.9,0.9722
1043.0,5.3,776.0,800.0,1248.0,826.0,14.5,63.0,1.0319
1478.0,20.5,1310.0,492.0,1775.0,1542.0,14.7,63.1,1.0513
1436.0,22.7,1371.0,458.0,1808.0,1626.0,15.2,62.2,1.0641
1354.0,16.7,1201.0,529.0,1593.0,1538.0,16.1,59.2,1.0736
1290.0,13.8,1110.0,571.0,1512.0,1441.0,17.0,55.9,1.0741
1203.0,11.8,1043.0,617.0,1470.0,1217.0,17.6,52.2,1.0396
1298.0,15.2,1156.0,549.0,1582.0,1320.0,17.3,55.4,1.0836
1352.0,17.9,1236.0,522.0,1659.0,1368.0,17.8,53.5,1.0833
1247.0,14.8,1142.0,574.0,1547.0,1199.0,18.3,52.3,1.0922
1375.0,18.3,1247.0,531.0,1650.0,1375.0,18.3,52.8,1.1016
1553.0,24.4,1414.0,455.0,1851.0,1682.0,17.7,56.6,1.133
1521.0,25.0,1430.0,449.0,1907.0,1761.0,17.3,58.2,1.1435
1623.0,29.8,1547.0,414.0,2040.0,1883.0,16.2,62.6,1.1455
1510.0,27.9,1501.0,456.0,1901.0,1855.0,15.2,57.5,0.9829
837.0,6.5,835.0,896.0,960.0,1078.0,14.2,27.7,0.4451
667.0,3.6,689.0,1210.0,709.0,620.0,13.4,14.3,0.2185
695.0,4.0,711.0,1193.0,739.0,645.0,12.8,14.8,0.218
683.0,3.6,686.0,1240.0,702.0,627.0,12.2,14.0,0.1988
695.0,4.0,709.0,1236.0,717.0,645.0,12.0,14.5,0.2029
703.0,3.5,685.0,1218.0,734.0,641.0,10.8,17.0,0.2193
698.0,2.4,614.0,1286.0,718.0,591.0,10.4,19.2,0.242
714.0,2.3,605.0,1278.0,738.0,594.0,9.7,22.5,0.2698
692.0,1.5,546.0,1347.0,697.0,500.0,9.0,23.1,0.2648
729.0,2.8,639.0,1234.0,773.0,628.0,8.7,24.7,0.2785
880.0,6.0,812.0,928.0,954.0,1040.0,6.9,39.4,0.3948
974.0,11.1,1019.0,769.0,1122.0,1159.0,6.3,44.8,0.431
1086.0,15.3,1157.0,674.0,1237.0,1330.0,7.2,43.2,0.4417
1087.0,17.1,1213.0,668.0,1216.0,1402.0,11.9,27.9,0.3882
933.0,10.3,990.0,849.0,956.0,1104.0,14.8,17.9,0.2977
852.0,8.5,919.0,967.0,831.0,855.0,14.8,14.3,0.2397
882.0,10.4,993.0,902.0,941.0,862.0,14.7,15.5,0.2586
888.0,10.9,1009.0,866.0,937.0,973.0,14.7,16.6,0.2756
878.0,10.6,1000.0,880.0,942.0,936.0,14.8,15.6,0.2615
892.0,11.1,1018.0,879.0,931.0,1009.0,15.3,14.3,0.2462
1117.0,21.1,1327.0,692.0,1302.0,1475.0,13.5,19.5,0.3003
1252.0,22.3,1359.0,604.0,1380.0,1765.0,11.1,31.8,0.4187
1012.0,10.6,999.0,785.0,1057.0,1329.0,10.2,33.4,0.4143
1025.0,8.4,916.0,832.0,1018.0,1262.0,9.5,35.9,0.4273
1033.0,7.6,881.0,855.0,999.0,1230.0,8.0,39.8,0.4286
1008.0,7.1,861.0,858.0,991.0,1229.0,6.6,44.1,0.4333
992.0,7.2,867.0,876.0,997.0,1196.0,6.1,45.2,0.4295
1187.0,13.9,1114.0,700.0,1193.0,1433.0,5.2,50.8,0.452
1065.0,9.7,968.0,808.0,1059.0,1249.0,4.9,53.0,0.4629
889.0,4.9,760.0,968.0,919.0,983.0,5.3,48.7,0.4364
901.0,5.1,767.0,961.0,944.0,965.0,4.2,53.6,0.4454
875.0,5.6,795.0,928.0,965.0,932.0,3.1,56.3,0.4368
808.0,2.8,636.0,1120.0,862.0,770.0,4.1,52.2,0.4338
858.0,2.7,633.0,1136.0,878.0,788.0,3.5,55.9,0.4431
819.0,3.6,690.0,1051.0,907.0,819.0,1.8,61.7,0.4376
862.0,4.9,757.0,983.0,938.0,879.0,1.3,65.3,0.4457
877.0,5.6,793.0,944.0,951.0,924.0,3.2,57.0,0.4434
941.0,6.4,832.0,914.0,970.0,964.0,7.2,42.8,0.4356
983.0,6.8,846.0,871.0,996.0,1055.0,10.3,34.2,0.4291
1067.0,10.1,981.0,755.0,1104.0,1383.0,10.9,33.8,0.4393
1100.0,11.2,1022.0,752.0,1101.0,1367.0,12.2,30.0,0.4245
958.0,8.7,928.0,841.0,986.0,1120.0,13.3,24.3,0.3686
866.0,5.0,763.0,1018.0,859.0,775.0,15.2,18.7,0.3214
1018.0,8.2,907.0,889.0,981.0,1150.0,14.9,21.7,0.3646
1175.0,12.7,1074.0,748.0,1134.0,1528.0,13.1,25.4,0.3814
1197.0,10.9,1012.0,717.0,1103.0,1655.0,11.7,32.7,0.4472
1110.0,7.4,872.0,822.0,971.0,1393.0,10.1,34.4,0.4249
1060.0,6.3,825.0,854.0,967.0,1338.0,9.8,36.0,0.4364
1136.0,7.7,885.0,806.0,1006.0,1403.0,7.1,43.2,0.436
1049.0,7.2,864.0,818.0,1010.0,1327.0,5.9,47.8,0.4459
1053.0,7.0,859.0,810.0,1008.0,1346.0,5.3,50.5,0.453
970.0,5.0,763.0,917.0,930.0,1132.0,5.6,48.0,0.4412
1049.0,8.2,907.0,795.0,1038.0,1209.0,3.9,55.9,0.4568
919.0,5.0,761.0,911.0,942.0,1044.0,3.3,58.0,0.4551
870.0,3.5,684.0,997.0,895.0,936.0,3.7,56.3,0.4544
814.0,2.0,587.0,1146.0,876.0,840.0,4.2,54.8,0.4571
820.0,2.3,604.0,1127.0,874.0,847.0,2.6,60.8,0.4544
897.0,4.2,722.0,987.0,953.0,959.0,3.7,57.9,0.4651
988.0,6.8,850.0,861.0,1030.0,1133.0,4.5,54.8,0.466
1242.0,16.2,1185.0,625.0,1297.0,1511.0,4.9,55.8,0.4882
1493.0,50.7,1981.0,448.0,1567.0,2346.0,5.4,55.1,0.497
1394.0,63.7,2214.0,411.0,1629.0,2311.0,6.2,51.8,0.4952
1252.0,25.4,1439.0,559.0,1383.0,1798.0,6.8,49.8,0.4959
1255.0,20.1,1301.0,571.0,1355.0,1750.0,7.3,50.6,0.5184
1360.0,23.5,1392.0,490.0,1458.0,1863.0,7.8,49.0,0.5191
1369.0,25.2,1434.0,489.0,1539.0,1883.0,8.0,49.2,0.5282
1361.0,21.8,1347.0,518.0,1456.0,1851.0,8.3,49.3,0.5414
1411.0,22.8,1371.0,500.0,1484.0,1919.0,8.5,49.6,0.5517
1509.0,25.4,1439.0,459.0,1577.0,2078.0,8.5,52.6,0.5856
1738.0,38.3,1735.0,365.0,1917.0,2434.0,8.9,53.4,0.6117
1766.0,37.6,1720.0,361.0,1881.0,2515.0,9.1,53.8,0.6216
1706.0,33.9,1641.0,381.0,1778.0,2522.0,8.9,54.2,0.6183
1472.0,22.4,1361.0,462.0,1455.0,2334.0,8.5,54.2,0.6054
1392.0,16.9,1206.0,521.0,1347.0,2199.0,8.5,57.8,0.6432
1335.0,13.9,1112.0,570.0,1331.0,1861.0,7.7,71.1,0.7503
1285.0,11.6,1037.0,610.0,1277.0,1751.0,7.9,72.5,0.7766
1267.0,10.8,1008.0,628.0,1264.0,1652.0,8.0,75.3,0.8079
1176.0,8.8,930.0,679.0,1216.0,1455.0,8.0,76.2,0.8217
1079.0,6.0,812.0,782.0,1158.0,1158.0,7.8,81.3,0.8631
1084.0,6.1,816.0,776.0,1165.0,1126.0,7.9,81.8,0.8759
1091.0,6.4,829.0,755.0,1177.0,1126.0,8.2,81.4,0.888
1126.0,7.7,886.0,713.0,1225.0,1158.0,8.5,81.1,0.8989
1210.0,10.0,978.0,666.0,1332.0,1237.0,8.9,79.3,0.9088
1565.0,24.0,1405.0,488.0,1830.0,1696.0,9.5,77.9,0.9278
1578.0,27.6,1494.0,448.0,1854.0,1800.0,9.9,77.6,0.9488
1702.0,31.5,1585.0,422.0,1960.0,1967.0,10.7,76.2,0.9798
1552.0,24.1,1406.0,478.0,1749.0,1862.0,11.8,72.2,0.9948
1590.0,26.5,1466.0,448.0,1831.0,2003.0,13.3,66.9,1.0163
1640.0,27.1,1480.0,432.0,1865.0,2041.0,13.8,67.0,1.0513
1769.0,33.2,1624.0,396.0,2041.0,2202.0,13.9,67.6,1.0666
1581.0,25.5,1442.0,435.0,1839.0,1966.0,14.2,66.8,1.073
1658.0,27.1,1482.0,419.0,1893.0,2030.0,14.2,67.8,1.0879
1821.0,35.4,1673.0,371.0,2119.0,2201.0,13.6,71.0,1.1018
1982.0,49.5,1959.0,322.0,2536.0,2386.0,13.2,72.6,1.0936
2008.0,50.6,1980.0,325.0,2562.0,2342.0,12.4,74.7,1.0741
1918.0,49.4,1958.0,335.0,2477.0,2237.0,11.5,76.2,1.0324
1693.0,31.7,1590.0,412.0,1949.0,2025.0,10.4,79.3,0.9993
1495.0,21.8,1345.0,467.0,1649.0,1853.0,10.0,82.5,1.015
1449.0,19.8,1291.0,482.0,1580.0,1817.0,10.0,82.6,1.0163
1439.0,18.6,1257.0,494.0,1571.0,1704.0,10.1,83.5,1.0296
1270.0,13.4,1098.0,572.0,1420.0,1463.0,10.0,83.6,1.0235
1163.0,10.1,980.0,654.0,1327.0,1299.0,10.4,80.8,1.0191
1130.0,8.4,915.0,697.0,1281.0,1205.0,10.6,80.3,1.0252
1023.0,5.4,781.0,809.0,1195.0,1019.0,10.6,78.8,1.008
931.0,3.4,679.0,947.0,1138.0,867.0,10.5,77.8,0.9839
953.0,4.1,717.0,907.0,1152.0,911.0,9.8,79.2,0.9567
1108.0,8.7,927.0,718.0,1315.0,1106.0,9.5,80.3,0.9532
1414.0,18.7,1261.0,532.0,1644.0,1479.0,9.8,80.5,0.9724
1423.0,21.0,1323.0,496.0,1727.0,1568.0,10.3,80.3,1.002
1352.0,17.7,1231.0,538.0,1605.0,1530.0,11.1,77.2,1.0175
1303.0,15.1,1153.0,575.0,1520.0,1582.0,13.3,68.8,1.0505
1103.0,8.8,931.0,711.0,1293.0,1235.0,15.1,58.3,0.9978
1138.0,9.7,967.0,695.0,1332.0,1195.0,15.6,56.2,0.9876
1278.0,14.4,1130.0,580.0,1506.0,1471.0,15.4,59.6,1.0375
1292.0,14.7,1141.0,556.0,1498.0,1582.0,14.6,63.7,1.0508
1374.0,17.4,1222.0,516.0,1582.0,1671.0,13.7,66.8,1.0432
1464.0,22.3,1358.0,477.0,1719.0,1711.0,12.3,72.5,1.0331
1562.0,30.3,1557.0,427.0,1916.0,1852.0,10.8,77.2,1.0021
1592.0,33.3,1627.0,401.0,1957.0,1902.0,10.2,80.4,1.0003
1669.0,36.0,1686.0,384.0,2066.0,1961.0,10.1,79.3,0.9795
1429.0,23.9,1401.0,475.0,1698.0,1689.0,10.0,76.1,0.9329
1354.0,19.0,1269.0,506.0,1530.0,1580.0,8.6,82.3,0.9198
1311.0,16.8,1203.0,542.0,1448.0,1428.0,7.7,84.3,0.8881
1311.0,17.5,1225.0,538.0,1464.0,1434.0,7.1,84.1,0.8557
1292.0,17.4,1221.0,547.0,1437.0,1389.0,6.7,83.2,0.819
1091.0,11.3,1025.0,666.0,1262.0,1130.0,6.0,83.0,0.78
1009.0,8.7,928.0,754.0,1166.0,983.0,5.1,84.0,0.7439
1050.0,9.4,956.0,725.0,1162.0,1025.0,4.3,85.4,0.7152
1053.0,9.4,955.0,710.0,1154.0,1050.0,4.0,85.7,0.7041
1016.0,9.1,945.0,724.0,1147.0,1038.0,4.0,84.4,0.6943
1057.0,10.7,1004.0,702.0,1204.0,1080.0,4.0,83.1,0.682
1309.0,21.3,1333.0,537.0,1555.0,1411.0,4.4,81.3,0.689
1315.0,22.9,1375.0,526.0,1576.0,1549.0,6.7,72.6,0.718
1315.0,20.1,1300.0,547.0,1531.0,1659.0,10.0,63.4,0.7791
1111.0,11.8,1042.0,682.0,1257.0,1434.0,13.6,48.7,0.7547
1087.0,10.6,1000.0,706.0,1251.0,1310.0,14.6,46.5,0.7687
1104.0,11.4,1028.0,696.0,1263.0,1227.0,15.4,43.0,0.7483
1142.0,12.8,1078.0,670.0,1256.0,1261.0,16.4,38.2,0.7081
1164.0,13.4,1096.0,662.0,1311.0,1261.0,16.8,37.6,0.7129
1214.0,14.2,1124.0,659.0,1302.0,1345.0,16.8,36.7,0.6944
1369.0,21.8,1346.0,558.0,1537.0,1608.0,15.4,41.3,0.7151
1368.0,21.4,1334.0,529.0,1547.0,1653.0,13.8,48.9,0.7699
1226.0,15.4,1161.0,606.0,1368.0,1442.0,13.3,50.9,0.7745
1225.0,14.5,1134.0,614.0,1352.0,1421.0,11.5,57.3,0.7786
1190.0,11.4,1028.0,654.0,1287.0,1329.0,10.7,59.8,0.7674
1128.0,7.8,889.0,743.0,1160.0,1212.0,10.0,61.8,0.7576
1105.0,7.6,883.0,747.0,1180.0,1179.0,9.9,62.1,0.7566
1152.0,9.5,959.0,689.0,1232.0,1231.0,9.3,64.5,0.7554
1141.0,9.7,967.0,698.0,1245.0,1214.0,9.1,65.7,0.7607
1121.0,8.1,901.0,712.0,1215.0,1134.0,8.9,71.8,0.818
1043.0,5.9,805.0,798.0,1155.0,992.0,9.1,72.9,0.8429
1090.0,6.6,841.0,757.0,1202.0,989.0,8.7,77.6,0.8753
982.0,4.8,752.0,844.0,1153.0,897.0,9.0,77.3,0.8873
974.0,4.6,743.0,864.0,1155.0,885.0,9.1,77.3,0.8944
1118.0,8.4,915.0,731.0,1289.0,1059.0,9.3,76.9,0.9007
1508.0,23.1,1379.0,496.0,1767.0,1567.0,10.0,75.0,0.9179
1521.0,26.6,1470.0,456.0,1857.0,1727.0,10.6,72.7,0.9272
1562.0,26.1,1458.0,458.0,1770.0,2021.0,12.4,64.8,0.931
1392.0,16.4,1192.0,543.0,1508.0,1795.0,13.7,59.9,0.9335
1439.0,18.9,1267.0,522.0,1586.0,1852.0,14.9,57.0,0.9564
1539.0,22.7,1371.0,488.0,1712.0,1943.0,15.5,56.2,0.9814
1608.0,27.2,1483.0,446.0,1845.0,2058.0,15.8,56.3,1.0026
1589.0,24.1,1407.0,556.0,1757.0,1972.0,15.8,57.9,1.0292
1704.0,29.1,1531.0,507.0,1904.0,2098.0,15.7,58.9,1.0432
1822.0,36.0,1686.0,387.0,2077.0,2244.0,15.5,61.2,1.067
1956.0,45.2,1877.0,347.0,2338.0,2465.0,15.5,62.8,1.0979
1676.0,30.7,1568.0,444.0,1983.0,2096.0,15.6,64.9,1.1396
1834.0,37.7,1723.0,400.0,2204.0,2190.0,15.1,67.0,1.1394
1759.0,31.6,1588.0,437.0,1971.0,2234.0,14.6,67.7,1.1164
1518.0,19.9,1293.0,515.0,1602.0,2048.0,13.8,67.8,1.0609
1502.0,18.6,1256.0,560.0,1568.0,2044.0,13.4,69.0,1.0579
1499.0,16.9,1207.0,748.0,1530.0,1881.0,13.0,73.7,1.0957
1531.0,18.0,1238.0,619.0,1583.0,1774.0,12.7,77.5,1.1339
1424.0,14.9,1145.0,641.0,1482.0,1615.0,12.4,78.4,1.1269
1279.0,10.2,986.0,756.0,1362.0,1473.0,11.9,79.7,1.1075
1250.0,9.1,942.0,755.0,1323.0,1380.0,11.9,80.7,1.1199
1189.0,7.3,870.0,821.0,1272.0,1251.0,13.2,75.8,1.1459
1197.0,7.6,881.0,820.0,1295.0,1173.0,12.3,81.9,1.1674
1273.0,9.2,946.0,729.0,1349.0,1217.0,12.8,80.8,1.1898
1298.0,11.1,1017.0,727.0,1418.0,1193.0,13.7,76.3,1.1932
1453.0,16.3,1190.0,583.0,1644.0,1358.0,13.4,78.8,1.2104
1492.0,17.8,1233.0,561.0,1672.0,1481.0,13.8,77.8,1.2201
1481.0,16.7,1202.0,768.0,1639.0,1532.0,15.1,73.2,1.244
1524.0,17.6,1228.0,853.0,1646.0,1675.0,15.8,70.5,1.2557
1562.0,19.4,1280.0,479.0,1711.0,1709.0,15.4,73.3,1.27
1567.0,20.1,1300.0,473.0,1753.0,1743.0,15.6,71.4,1.2596
1568.0,19.4,1280.0,479.0,1703.0,1774.0,16.3,68.7,1.2596
1622.0,20.5,1312.0,477.0,1727.0,1804.0,16.4,68.2,1.2662
1515.0,18.7,1259.0,508.0,1695.0,1555.0,15.6,70.2,1.238
1603.0,24.5,1417.0,459.0,1871.0,1621.0,14.2,75.8,1.2202
1514.0,21.3,1334.0,489.0,1755.0,1614.0,14.0,74.6,1.1865
1567.0,23.5,1392.0,470.0,1821.0,1637.0,13.3,75.8,1.1506
1380.0,15.5,1163.0,573.0,1547.0,1485.0,13.7,72.5,1.1326
1214.0,9.9,972.0,663.0,1359.0,1280.0,12.8,73.8,1.0853
1225.0,10.1,982.0,656.0,1358.0,1236.0,11.2,78.3,1.0415
1250.0,10.3,989.0,665.0,1343.0,1204.0,10.6,79.4,1.0133
1143.0,7.6,882.0,738.0,1260.0,1069.0,10.8,77.5,1.0027
1046.0,6.1,817.0,790.0,1214.0,957.0,10.5,78.6,0.9976
953.0,4.2,722.0,911.0,1148.0,828.0,10.3,77.6,0.9743
913.0,3.1,659.0,1010.0,1121.0,748.0,10.3,74.9,0.9362
858.0,1.6,554.0,1207.0,1047.0,663.0,11.2,69.0,0.9159
848.0,1.7,560.0,1206.0,1045.0,644.0,8.9,77.1,0.8804
871.0,1.5,548.0,1197.0,1025.0,662.0,9.5,73.3,0.8719
909.0,2.6,624.0,1056.0,1073.0,736.0,8.6,77.2,0.8617
906.0,2.8,637.0,1024.0,1070.0,761.0,8.6,76.6,0.8586
859.0,1.9,573.0,1126.0,1039.0,696.0,9.7,72.0,0.8649
1028.0,5.2,773.0,877.0,1194.0,871.0,11.1,68.2,0.8979
1089.0,6.5,835.0,778.0,1216.0,1004.0,11.8,65.0,0.8966
1184.0,9.4,954.0,701.0,1313.0,1133.0,12.1,64.8,0.9135
1136.0,8.2,906.0,729.0,1274.0,1140.0,12.6,63.2,0.9209
1069.0,6.9,854.0,780.0,1242.0,999.0,13.4,61.9,0.9513
1214.0,8.6,922.0,741.0,1273.0,1124.0,13.3,63.3,0.9597
1212.0,8.6,926.0,720.0,1283.0,1193.0,11.2,70.9,0.9406
1218.0,10.1,981.0,677.0,1335.0,1258.0,9.6,76.5,0.9184
1279.0,12.6,1069.0,628.0,1418.0,1356.0,9.9,76.3,0.9296
1382.0,16.5,1196.0,573.0,1543.0,1468.0,10.4,74.6,0.9394
1292.0,13.0,1085.0,620.0,1438.0,1390.0,10.3,75.1,0.9399
1250.0,12.1,1054.0,634.0,1407.0,1348.0,10.4,75.4,0.947
1260.0,11.4,1030.0,639.0,1378.0,1355.0,10.5,75.4,0.9566
1203.0,10.3,988.0,658.0,1350.0,1315.0,10.2,78.4,0.9757
1146.0,8.0,900.0,718.0,1280.0,1183.0,9.9,80.5,0.984
1130.0,8.1,902.0,715.0,1289.0,1117.0,9.8,81.4,0.9855
1032.0,4.9,757.0,837.0,1182.0,1001.0,9.5,81.7,0.9693
993.0,4.2,720.0,891.0,1143.0,925.0,8.9,83.0,0.9487
987.0,4.9,759.0,856.0,1162.0,940.0,8.8,83.7,0.9529
1018.0,5.7,800.0,821.0,1185.0,956.0,8.7,84.2,0.9526
1129.0,9.8,971.0,707.0,1315.0,1064.0,8.7,83.7,0.9454
1440.0,20.6,1312.0,537.0,1657.0,1515.0,9.6,80.8,0.9687
1609.0,29.5,1540.0,486.0,1961.0,1803.0,11.3,75.3,1.0048
1573.0,28.3,1511.0,531.0,1916.0,1927.0,13.8,68.5,1.0718
1705.0,30.5,1562.0,473.0,1988.0,2197.0,14.9,64.9,1.0929
1551.0,23.0,1377.0,564.0,1734.0,2038.0,15.3,63.2,1.0898
1163.0,11.1,1016.0,781.0,1363.0,1339.0,18.6,49.1,1.0425
1186.0,12.8,1077.0,797.0,1404.0,1328.0,18.6,49.3,1.0451
1166.0,10.8,1007.0,775.0,1391.0,1227.0,18.4,49.9,1.0453
1200.0,11.4,1027.0,760.0,1416.0,1199.0,17.9,51.4,1.0488
1134.0,8.1,903.0,821.0,1299.0,1046.0,18.0,51.9,1.0622
1161.0,10.0,979.0,758.0,1375.0,1132.0,16.7,57.3,1.0813
1117.0,7.3,871.0,781.0,1320.0,986.0,17.3,57.0,1.1137
1114.0,7.3,872.0,857.0,1310.0,991.0,16.8,58.7,1.1109
1022.0,4.6,744.0,1224.0,1210.0,847.0,16.5,59.2,1.1021
996.0,4.0,710.0,1699.0,1182.0,783.0,16.3,59.7,1.0941
1002.0,3.9,704.0,1472.0,1202.0,752.0,16.0,61.6,1.1127
1032.0,3.6,688.0,1514.0,1200.0,737.0,15.6,66.6,1.1763
1052.0,5.1,766.0,1031.0,1302.0,796.0,13.8,80.4,1.2621
1014.0,4.5,737.0,1509.0,1288.0,765.0,13.2,84.4,1.2779
897.0,2.0,581.0,1184.0,1181.0,636.0,13.6,82.8,1.2845
878.0,1.2,518.0,1294.0,1149.0,539.0,13.8,81.3,1.2767
840.0,1.4,534.0,1268.0,1109.0,483.0,13.6,75.5,1.172
879.0,1.9,575.0,1262.0,1111.0,537.0,11.5,81.4,1.1025
999.0,3.6,690.0,1027.0,1192.0,707.0,11.8,80.7,1.1181
1251.0,11.0,1015.0,751.0,1453.0,1070.0,12.3,78.9,1.1283
1351.0,17.5,1226.0,648.0,1649.0,1248.0,13.0,76.0,1.1317
1312.0,15.9,1177.0,711.0,1588.0,1261.0,13.7,70.9,1.1076
1201.0,13.4,1098.0,763.0,1500.0,1209.0,14.0,70.9,1.1244
1120.0,8.8,932.0,897.0,1301.0,1039.0,14.6,65.9,1.088
1071.0,9.4,955.0,940.0,1311.0,977.0,14.9,59.9,1.0063
1085.0,9.7,967.0,943.0,1321.0,976.0,14.9,58.4,0.9839
1113.0,10.1,980.0,984.0,1311.0,995.0,15.3,54.3,0.9357
1310.0,20.2,1301.0,746.0,1694.0,1350.0,14.6,56.6,0.9367
1183.0,14.2,1122.0,897.0,1476.0,1215.0,12.6,62.0,0.9027
1362.0,22.8,1373.0,755.0,1698.0,1461.0,11.9,62.3,0.8674
1408.0,28.0,1502.0,640.0,1843.0,1598.0,11.6,64.3,0.8789
1471.0,30.3,1559.0,605.0,1939.0,1669.0,11.5,68.0,0.9207
1157.0,12.4,1063.0,905.0,1394.0,1223.0,10.7,73.9,0.9502
1061.0,8.0,899.0,1067.0,1277.0,939.0,9.6,83.0,0.9899
1006.0,6.5,836.0,1226.0,1210.0,902.0,9.6,79.9,0.9579
1039.0,7.5,880.0,1198.0,1251.0,933.0,9.8,79.4,0.9626
886.0,3.8,699.0,1900.0,1106.0,766.0,10.1,75.3,0.9322
900.0,3.8,701.0,1955.0,1127.0,749.0,9.1,80.0,0.9299
856.0,3.0,654.0,2042.0,1100.0,709.0,8.7,82.4,0.9294
857.0,2.8,638.0,2061.0,1083.0,746.0,8.5,81.7,0.9074
844.0,2.5,618.0,2095.0,1064.0,757.0,8.3,80.4,0.8861
927.0,3.3,671.0,2009.0,1098.0,792.0,8.9,79.2,0.9067
1007.0,7.0,857.0,1699.0,1248.0,921.0,8.7,80.8,0.9096
1318.0,18.1,1243.0,1261.0,1638.0,1318.0,9.0,79.8,0.9203
1396.0,24.6,1419.0,1104.0,1799.0,1547.0,9.5,78.3,0.9338
1337.0,19.7,1288.0,1192.0,1648.0,1516.0,10.4,76.0,0.9561
1202.0,13.0,1083.0,1376.0,1410.0,1340.0,11.0,74.4,0.9736
1309.0,17.1,1212.0,1267.0,1533.0,1556.0,13.8,63.6,0.9959
1351.0,19.3,1278.0,1249.0,1623.0,1582.0,13.6,65.6,1.0167
1501.0,28.4,1514.0,1090.0,1898.0,1791.0,13.7,66.5,1.038
1426.0,22.9,1375.0,1143.0,1751.0,1631.0,13.0,73.0,1.086
1544.0,25.7,1446.0,1070.0,1834.0,1679.0,12.7,77.1,1.1251
1566.0,26.8,1474.0,1049.0,1887.0,1681.0,12.3,79.7,1.1342
1547.0,29.2,1532.0,1009.0,1972.0,1718.0,12.3,78.8,1.1279
1124.0,11.9,1047.0,1401.0,1419.0,1193.0,12.5,72.6,1.0489
1090.0,10.1,981.0,1513.0,1390.0,1044.0,11.8,76.1,1.0544
1034.0,7.2,865.0,1732.0,1280.0,925.0,11.3,79.9,1.0697
1040.0,7.1,859.0,1705.0,1293.0,889.0,11.1,84.3,1.1137
1060.0,7.5,877.0,1648.0,1313.0,929.0,11.3,83.1,1.1089
1076.0,8.1,903.0,1627.0,1330.0,958.0,11.6,81.0,1.1082
975.0,5.5,787.0,1812.0,1238.0,844.0,11.7,77.8,1.0689
987.0,5.7,796.0,1789.0,1254.0,830.0,11.7,78.6,1.0813
928.0,3.8,699.0,1930.0,1198.0,785.0,11.9,78.2,1.0856
889.0,2.9,646.0,2047.0,1163.0,743.0,12.0,77.4,1.0825
880.0,2.4,610.0,2095.0,1150.0,711.0,12.0,78.0,1.094
919.0,4.0,711.0,1667.0,1195.0,819.0,12.4,75.3,1.0813
1073.0,7.2,867.0,768.0,1329.0,981.0,12.5,76.4,1.1021
1435.0,21.6,1341.0,501.0,1787.0,1480.0,12.9,73.8,1.0937
1477.0,27.9,1501.0,444.0,1972.0,1691.0,13.3,70.7,1.0749
1337.0,19.2,1275.0,525.0,1655.0,1548.0,14.3,66.1,1.0711
1308.0,16.4,1191.0,537.0,1559.0,1523.0,15.4,63.9,1.1071
1245.0,14.8,1143.0,569.0,1531.0,1406.0,15.9,62.7,1.1273
1295.0,16.8,1205.0,538.0,1579.0,1476.0,16.4,61.9,1.1465
1338.0,16.9,1208.0,539.0,1600.0,1481.0,18.0,58.0,1.1901
1405.0,19.0,1269.0,500.0,1735.0,1534.0,19.2,57.9,1.2757
1456.0,19.8,1291.0,490.0,1753.0,1592.0,18.1,62.1,1.2822
1516.0,24.8,1423.0,455.0,1881.0,1688.0,16.7,67.3,1.2707
1707.0,37.6,1721.0,375.0,2260.0,1940.0,15.8,70.7,1.2601
1816.0,43.9,1851.0,341.0,2405.0,2069.0,15.4,73.0,1.2688
1713.0,36.6,1699.0,371.0,2196.0,1943.0,15.4,73.0,1.2648
1646.0,30.8,1570.0,401.0,2049.0,1846.0,15.3,73.6,1.2691
1468.0,22.0,1351.0,472.0,1783.0,1611.0,15.1,74.3,1.2623
1443.0,20.9,1323.0,486.0,1760.0,1487.0,14.2,78.0,1.254
1289.0,13.1,1087.0,587.0,1515.0,1208.0,14.1,81.4,1.3066
1194.0,9.3,950.0,667.0,1433.0,1043.0,14.4,82.7,1.3496
1165.0,9.4,957.0,661.0,1452.0,979.0,14.1,84.1,1.3461
1003.0,4.7,747.0,843.0,1289.0,806.0,14.1,84.8,1.3544
986.0,3.8,700.0,883.0,1249.0,768.0,14.0,84.1,1.3389
930.0,2.5,623.0,975.0,1215.0,720.0,13.9,85.1,1.3449
988.0,4.0,709.0,897.0,1267.0,785.0,13.8,85.5,1.3469
1094.0,7.0,857.0,739.0,1378.0,903.0,13.8,85.3,1.3412
1528.0,21.1,1328.0,487.0,1839.0,1389.0,13.7,84.5,1.3202
1628.0,29.0,1528.0,416.0,2081.0,1649.0,13.9,83.9,1.3284
1555.0,23.0,1377.0,455.0,1834.0,1621.0,14.6,81.6,1.3448
1290.0,13.0,1084.0,586.0,1544.0,1362.0,15.8,74.7,1.3336
1280.0,14.9,1144.0,555.0,1599.0,1624.0,16.4,72.1,1.336
1302.0,15.7,1169.0,544.0,1636.0,1605.0,16.8,70.3,1.3341
1332.0,18.1,1242.0,524.0,1716.0,1608.0,17.9,66.3,1.3499
1332.0,15.5,1163.0,548.0,1664.0,1522.0,18.8,62.7,1.3506
1493.0,23.8,1399.0,466.0,1893.0,1708.0,19.0,61.6,1.3407
1648.0,32.6,1612.0,401.0,2177.0,1885.0,17.7,68.3,1.3713
1482.0,24.0,1404.0,463.0,1883.0,1657.0,16.5,71.7,1.3358
1501.0,23.6,1392.0,476.0,1832.0,1645.0,15.7,72.7,1.2872
1601.0,30.7,1568.0,422.0,2111.0,1729.0,15.0,74.4,1.2593
1421.0,20.9,1320.0,496.0,1804.0,1556.0,14.6,75.2,1.2405
1232.0,12.7,1074.0,606.0,1504.0,1317.0,14.0,75.7,1.2051
1270.0,14.0,1117.0,586.0,1528.0,1290.0,13.1,78.7,1.1817
1257.0,13.7,1108.0,592.0,1520.0,1287.0,12.6,78.4,1.1419
1246.0,12.8,1077.0,621.0,1462.0,1235.0,12.8,77.9,1.1438
1166.0,11.0,1013.0,643.0,1408.0,1144.0,12.1,79.4,1.1201
1062.0,8.2,906.0,724.0,1305.0,1004.0,11.6,80.1,1.0899
1005.0,6.4,829.0,779.0,1246.0,944.0,11.6,79.7,1.0858
1032.0,6.8,848.0,751.0,1266.0,972.0,11.4,81.1,1.0928
1034.0,7.4,876.0,740.0,1305.0,968.0,11.5,81.7,1.1033
1024.0,6.2,822.0,800.0,1266.0,954.0,12.4,77.1,1.1072
1243.0,13.7,1108.0,595.0,1539.0,1201.0,12.3,79.0,1.1293
1148.0,9.6,963.0,680.0,1395.0,1017.0,12.2,83.9,1.189
1182.0,10.4,994.0,654.0,1431.0,1039.0,12.2,85.1,1.2079
1015.0,6.5,835.0,796.0,1263.0,911.0,12.4,80.1,1.1462
1175.0,10.6,1002.0,668.0,1422.0,1059.0,13.0,77.8,1.1641
1224.0,11.9,1046.0,630.0,1476.0,1213.0,11.8,86.5,1.1981
1123.0,8.4,916.0,709.0,1346.0,1003.0,11.9,85.7,1.1912
1187.0,9.6,961.0,685.0,1408.0,1017.0,11.9,88.7,1.2352
1116.0,7.1,860.0,758.0,1316.0,937.0,12.3,87.0,1.2422
1131.0,8.3,912.0,728.0,1356.0,987.0,12.7,84.4,1.2352
1215.0,10.9,1012.0,653.0,1441.0,1131.0,13.1,81.7,1.2284
1077.0,6.9,852.0,773.0,1302.0,969.0,13.1,80.4,1.2038
1210.0,10.6,1000.0,679.0,1456.0,1062.0,13.4,79.9,1.2254
1181.0,9.4,956.0,689.0,1400.0,1058.0,13.8,76.8,1.206
1088.0,6.9,851.0,766.0,1307.0,959.0,14.0,75.9,1.2064
1054.0,5.6,794.0,830.0,1282.0,887.0,13.5,78.3,1.2097
1096.0,6.3,826.0,795.0,1285.0,911.0,13.0,79.2,1.182
1042.0,6.5,834.0,808.0,1267.0,914.0,12.4,77.5,1.1115
887.0,3.4,679.0,969.0,1132.0,786.0,12.3,71.2,1.0175
884.0,3.0,651.0,1034.0,1105.0,741.0,12.2,69.6,0.986
862.0,2.8,639.0,1033.0,1100.0,727.0,12.3,67.5,0.9624
821.0,2.0,584.0,1132.0,1070.0,686.0,12.7,65.6,0.9566
797.0,1.5,543.0,1235.0,1047.0,648.0,12.5,65.9,0.9533
802.0,1.4,538.0,1237.0,1042.0,645.0,12.4,65.4,0.9426
848.0,1.9,578.0,1160.0,1068.0,679.0,13.2,62.5,0.943
863.0,2.4,610.0,1088.0,1086.0,696.0,13.1,62.4,0.9366
889.0,3.1,661.0,1001.0,1115.0,735.0,12.9,64.7,0.9564
969.0,4.4,733.0,901.0,1191.0,803.0,13.0,67.6,1.009
1013.0,5.6,795.0,826.0,1257.0,848.0,13.0,69.7,1.0403
1100.0,6.7,842.0,774.0,1296.0,882.0,12.0,80.0,1.1167
1019.0,5.5,788.0,828.0,1267.0,812.0,11.4,83.7,1.1278
1061.0,7.7,887.0,745.0,1367.0,889.0,12.0,80.8,1.1264
940.0,3.7,692.0,934.0,1177.0,749.0,11.5,81.0,1.101
904.0,2.8,640.0,1022.0,1152.0,682.0,11.3,81.0,1.0851
1120.0,8.9,935.0,744.0,1385.0,922.0,12.0,78.4,1.0954
987.0,4.6,746.0,880.0,1212.0,833.0,12.1,75.5,1.0669
971.0,4.4,734.0,905.0,1187.0,808.0,12.5,71.9,1.0351
965.0,4.4,733.0,909.0,1173.0,790.0,12.6,70.5,1.0239
873.0,2.8,641.0,1025.0,1120.0,685.0,12.5,69.1,1.0003
892.0,3.3,672.0,1012.0,1111.0,706.0,13.1,64.3,0.9628
857.0,2.3,605.0,1094.0,1071.0,636.0,13.2,62.9,0.9517
901.0,3.2,662.0,1034.0,1127.0,678.0,13.3,63.6,0.9673
901.0,3.1,661.0,1022.0,1124.0,714.0,13.3,65.3,0.9948
904.0,3.0,649.0,983.0,1157.0,726.0,12.7,72.2,1.0525
857.0,1.7,562.0,1140.0,1130.0,646.0,11.9,79.6,1.1043
881.0,2.3,602.0,1034.0,1157.0,685.0,11.8,81.4,1.1238
913.0,3.8,701.0,926.0,1219.0,750.0,12.0,80.1,1.1231
1012.0,6.1,817.0,819.0,1314.0,878.0,12.2,78.8,1.1178
1314.0,15.8,1173.0,589.0,1627.0,1238.0,12.7,77.2,1.1298
1479.0,26.4,1465.0,471.0,2018.0,1572.0,13.4,74.4,1.1407
1299.0,18.5,1254.0,566.0,1662.0,1488.0,15.9,63.4,1.1349
1221.0,13.2,1090.0,641.0,1489.0,1424.0,18.5,52.9,1.1174
1171.0,12.0,1049.0,655.0,1418.0,1338.0,18.4,52.6,1.1064
1316.0,19.9,1293.0,538.0,1682.0,1559.0,19.4,49.8,1.1095
1208.0,16.4,1191.0,573.0,1589.0,1415.0,19.5,50.1,1.1225
1145.0,13.8,1112.0,621.0,1481.0,1331.0,20.3,47.5,1.1187
1189.0,15.6,1167.0,599.0,1541.0,1315.0,18.7,53.0,1.1322
1173.0,15.7,1170.0,597.0,1551.0,1289.0,17.3,57.1,1.1161
1237.0,18.0,1239.0,570.0,1620.0,1389.0,16.4,59.5,1.1017
1253.0,17.9,1238.0,571.0,1613.0,1351.0,15.9,60.8,1.088
1155.0,14.3,1126.0,617.0,1511.0,1267.0,15.5,60.7,1.0591
1175.0,12.8,1077.0,634.0,1480.0,1279.0,15.3,63.1,1.0872
1001.0,7.3,871.0,806.0,1264.0,1071.0,16.6,58.5,1.0963
1014.0,5.8,804.0,871.0,1233.0,994.0,14.6,64.7,1.0677
966.0,5.1,770.0,900.0,1206.0,956.0,14.0,66.1,1.05
987.0,5.5,786.0,901.0,1220.0,936.0,13.0,69.4,1.0364
888.0,3.5,680.0,985.0,1138.0,826.0,13.1,67.4,1.0101
911.0,4.2,719.0,947.0,1170.0,839.0,11.6,73.4,0.999
828.0,2.6,627.0,1074.0,1103.0,748.0,11.9,71.4,0.9921
857.0,2.3,604.0,1126.0,1091.0,740.0,12.4,68.3,0.9801
886.0,2.8,641.0,1082.0,1098.0,783.0,14.1,60.6,0.9715
964.0,4.3,730.0,985.0,1146.0,891.0,12.9,64.2,0.9506
1230.0,12.6,1070.0,761.0,1431.0,1197.0,11.7,68.9,0.9439
1236.0,16.8,1203.0,681.0,1566.0,1311.0,12.5,65.8,0.9538
1322.0,17.3,1219.0,682.0,1591.0,1472.0,14.5,61.1,1.0007
1407.0,19.8,1292.0,643.0,1638.0,1694.0,16.9,54.2,1.0371
1357.0,21.6,1339.0,657.0,1583.0,1639.0,17.4,53.3,1.0528
1289.0,18.0,1239.0,733.0,1635.0,1469.0,18.8,49.3,1.0581
1257.0,16.0,1179.0,818.0,1545.0,1415.0,19.4,47.1,1.051
1199.0,13.7,1108.0,818.0,1450.0,1250.0,19.2,47.1,1.0371
1181.0,14.1,1121.0,629.0,1466.0,1236.0,17.7,51.5,1.0315
1175.0,13.9,1112.0,628.0,1484.0,1212.0,16.5,54.6,1.0164
1202.0,14.3,1126.0,606.0,1480.0,1212.0,15.4,57.9,1.0068
1170.0,13.3,1095.0,618.0,1470.0,1195.0,15.2,58.4,1.0007
1115.0,11.6,1036.0,649.0,1381.0,1200.0,14.9,58.4,0.9843
1130.0,11.3,1026.0,657.0,1374.0,1209.0,14.5,60.4,0.9909
1195.0,11.0,1013.0,646.0,1345.0,1276.0,14.5,62.3,1.0216
1111.0,7.7,887.0,720.0,1262.0,1132.0,14.6,60.6,1.0033
1092.0,7.0,855.0,750.0,1231.0,1061.0,15.0,59.3,1.0045
1111.0,7.0,856.0,746.0,1254.0,1036.0,14.7,60.3,1.0031
992.0,4.4,731.0,1035.0,1149.0,911.0,15.3,59.1,1.0191
1051.0,6.1,815.0,1305.0,1203.0,951.0,12.3,69.7,0.9954
1080.0,7.9,896.0,1075.0,1262.0,1033.0,11.6,72.5,0.9916
893.0,3.1,655.0,990.0,1097.0,816.0,12.0,71.9,1.003
923.0,3.2,664.0,988.0,1121.0,822.0,11.8,71.8,0.9909
950.0,4.0,713.0,917.0,1139.0,841.0,11.8,71.4,0.9864
947.0,3.2,666.0,985.0,1115.0,795.0,12.8,66.3,0.9804
973.0,4.0,712.0,923.0,1157.0,831.0,13.2,65.2,0.9841
1111.0,7.6,884.0,751.0,1280.0,1025.0,13.1,66.2,0.9933
1206.0,9.8,969.0,701.0,1365.0,1178.0,14.3,63.3,1.0266
1202.0,9.5,958.0,732.0,1330.0,1181.0,16.0,58.1,1.0482
1261.0,11.2,1022.0,635.0,1407.0,1250.0,17.3,53.9,1.0562
1102.0,6.9,855.0,763.0,1279.0,1039.0,17.3,53.3,1.0407
997.0,4.6,742.0,911.0,1180.0,899.0,16.7,54.7,1.0311
1049.0,5.5,790.0,870.0,1183.0,1019.0,15.4,58.9,1.02
1082.0,6.5,834.0,800.0,1207.0,1057.0,15.2,58.0,0.9927
1177.0,10.3,987.0,692.0,1324.0,1229.0,16.2,54.5,0.9956
1166.0,8.9,935.0,756.0,1301.0,1135.0,16.5,55.3,1.0267
1352.0,14.0,1118.0,625.0,1524.0,1188.0,14.6,72.1,1.1947
1210.0,9.2,947.0,697.0,1404.0,1060.0,13.9,76.7,1.2098
1161.0,8.2,909.0,721.0,1370.0,962.0,13.7,79.3,1.2326
1142.0,7.2,866.0,815.0,1329.0,939.0,13.8,77.3,1.2169
1054.0,5.5,789.0,886.0,1254.0,864.0,14.2,71.7,1.1578
926.0,2.9,649.0,1035.0,1145.0,741.0,14.9,65.7,1.105
873.0,2.0,583.0,1155.0,1108.0,642.0,14.7,67.3,1.1177
832.0,1.2,518.0,1264.0,1061.0,539.0,15.2,63.2,1.0821
803.0,0.7,466.0,1451.0,1034.0,449.0,14.8,65.5,1.0965
818.0,0.7,463.0,1509.0,1046.0,437.0,14.4,68.5,1.1158
814.0,0.8,482.0,1426.0,1027.0,457.0,14.5,62.9,1.0335
832.0,1.3,530.0,1346.0,1027.0,512.0,14.6,56.7,0.9358
1091.0,7.6,882.0,844.0,1288.0,931.0,15.0,55.3,0.9338
1019.0,7.4,874.0,1113.0,1235.0,905.0,14.5,56.5,0.9306
937.0,4.7,750.0,1386.0,1141.0,790.0,14.3,55.4,0.9005
950.0,5.4,786.0,1038.0,1145.0,850.0,14.7,52.5,0.8716
962.0,5.4,785.0,993.0,1161.0,870.0,15.5,51.7,0.9033
969.0,6.0,812.0,989.0,1189.0,842.0,14.9,53.4,0.8998
1010.0,7.1,863.0,915.0,1257.0,886.0,15.2,51.0,0.8762
946.0,5.3,780.0,945.0,1142.0,801.0,15.2,50.1,0.858
988.0,7.2,865.0,876.0,1190.0,895.0,15.6,46.6,0.8176
948.0,5.7,799.0,1539.0,1145.0,827.0,14.8,48.4,0.8069
1045.0,9.5,960.0,1376.0,1259.0,972.0,14.6,48.0,0.7902
1114.0,12.2,1057.0,777.0,1301.0,1079.0,15.1,45.4,0.7759
1006.0,10.3,987.0,1028.0,1247.0,964.0,14.5,45.4,0.7458
889.0,4.5,738.0,1379.0,1061.0,743.0,13.4,48.1,0.7374
792.0,2.0,583.0,1972.0,946.0,517.0,12.3,48.7,0.6931
808.0,1.8,572.0,1729.0,954.0,468.0,12.0,51.2,0.7179
814.0,1.9,574.0,1613.0,965.0,461.0,11.9,54.6,0.7589
827.0,2.7,636.0,1485.0,980.0,483.0,13.7,45.0,0.6991
801.0,2.7,633.0,1489.0,940.0,482.0,14.7,37.5,0.622
770.0,2.2,600.0,2081.0,901.0,416.0,13.8,36.8,0.576
721.0,0.7,470.0,2331.0,815.0,367.0,13.2,35.6,0.5375
709.0,0.5,437.0,2559.0,787.0,324.0,12.0,37.3,0.5239
734.0,0.8,478.0,2294.0,805.0,378.0,11.7,38.1,0.5223
770.0,1.4,533.0,2683.0,839.0,480.0,11.5,38.0,0.5159
919.0,5.6,795.0,2327.0,998.0,822.0,12.3,35.8,0.5086
996.0,10.6,998.0,2318.0,1136.0,1060.0,12.9,34.5,0.5102
925.0,7.2,866.0,2542.0,1013.0,916.0,14.4,30.2,0.4911
883.0,6.2,821.0,886.0,967.0,844.0,16.2,26.2,0.4789
884.0,6.2,822.0,909.0,968.0,807.0,17.1,23.5,0.453
920.0,8.1,903.0,849.0,1011.0,853.0,18.1,21.3,0.4396
941.0,9.0,941.0,837.0,1036.0,884.0,18.8,20.0,0.4278
934.0,8.4,914.0,873.0,1016.0,834.0,18.1,20.8,0.4274
929.0,8.7,928.0,842.0,1001.0,893.0,17.6,19.9,0.3952
972.0,11.8,1043.0,764.0,1083.0,1037.0,16.0,20.8,0.3757
1073.0,16.5,1195.0,675.0,1249.0,1244.0,14.6,23.7,0.3903
1050.0,18.7,1260.0,662.0,1256.0,1269.0,13.7,22.9,0.3581
980.0,14.5,1132.0,742.0,1102.0,1125.0,12.8,21.7,0.3182
872.0,8.0,900.0,918.0,910.0,946.0,12.7,21.3,0.3119
802.0,4.6,743.0,1051.0,826.0,751.0,12.8,22.5,0.3309
792.0,3.4,674.0,1122.0,810.0,670.0,12.6,23.4,0.3408
857.0,4.8,753.0,1034.0,860.0,754.0,12.4,24.0,0.3443
856.0,4.4,734.0,1041.0,853.0,781.0,12.5,24.0,0.3462
869.0,3.8,702.0,1019.0,891.0,842.0,11.9,32.4,0.4489
890.0,3.6,688.0,1015.0,897.0,840.0,11.7,33.8,0.4623
834.0,2.7,632.0,1102.0,871.0,746.0,11.5,34.2,0.4621
860.0,2.4,616.0,1105.0,873.0,754.0,10.5,37.8,0.4799
909.0,4.3,728.0,933.0,948.0,905.0,7.8,47.4,0.5046
955.0,5.2,772.0,1030.0,957.0,960.0,9.3,43.1,0.5062
1035.0,8.4,914.0,947.0,1064.0,1080.0,8.2,46.8,0.5091
1087.0,14.1,1121.0,711.0,1177.0,1209.0,10.7,34.2,0.439
1101.0,13.0,1083.0,692.0,1130.0,1243.0,14.4,28.2,0.4593
1135.0,13.5,1100.0,679.0,1161.0,1273.0,17.4,23.3,0.4599
1095.0,12.5,1067.0,702.0,1152.0,1216.0,17.8,23.6,0.4766
986.0,8.8,931.0,815.0,1011.0,976.0,18.3,19.5,0.4044
991.0,9.0,940.0,816.0,1035.0,973.0,18.9,18.9,0.4091
926.0,6.1,815.0,931.0,945.0,827.0,18.4,19.7,0.4117
974.0,7.8,891.0,857.0,1005.0,912.0,17.8,21.0,0.4234
1042.0,11.5,1031.0,756.0,1094.0,1084.0,16.1,23.4,0.4248
1006.0,10.7,1005.0,781.0,1071.0,1045.0,14.9,24.9,0.4178
979.0,9.2,946.0,826.0,1018.0,1026.0,14.6,24.6,0.4054
1072.0,10.9,1011.0,762.0,1075.0,1172.0,14.2,26.8,0.4332
1217.0,11.6,1037.0,669.0,1167.0,1452.0,13.3,38.7,0.5867
1124.0,9.0,939.0,737.0,1126.0,1317.0,11.2,45.1,0.6004
1152.0,11.6,1036.0,670.0,1206.0,1365.0,8.8,52.5,0.5969
1216.0,11.7,1039.0,685.0,1183.0,1378.0,8.6,54.3,0.606
1095.0,11.3,1024.0,708.0,1219.0,1246.0,8.1,53.2,0.5746
1099.0,10.4,994.0,715.0,1164.0,1186.0,6.8,57.8,0.5768
974.0,6.4,832.0,832.0,1035.0,1024.0,6.6,58.1,0.5687
1091.0,9.8,971.0,703.0,1148.0,1187.0,5.4,64.1,0.5772
955.0,5.8,804.0,843.0,1017.0,1007.0,5.6,61.6,0.5656
975.0,7.0,859.0,777.0,1043.0,1019.0,4.2,69.0,0.5737
909.0,4.0,709.0,936.0,953.0,921.0,4.8,64.6,0.563
992.0,6.9,853.0,821.0,1052.0,1038.0,4.0,69.0,0.5661
1018.0,7.7,889.0,780.0,1085.0,1105.0,4.9,66.3,0.5786
1100.0,9.9,974.0,728.0,1131.0,1208.0,9.4,48.7,0.5748
1101.0,8.9,934.0,751.0,1085.0,1208.0,12.6,39.9,0.5804
1148.0,11.3,1025.0,701.0,1165.0,1282.0,14.4,35.3,0.5763
1253.0,13.7,1108.0,633.0,1253.0,1494.0,15.1,37.4,0.6374
1229.0,12.7,1075.0,638.0,1226.0,1500.0,16.0,35.8,0.6456
1250.0,14.5,1133.0,629.0,1274.0,1463.0,17.5,30.8,0.6095
1432.0,18.4,1251.0,547.0,1396.0,1722.0,17.2,34.2,0.6669
1530.0,22.0,1352.0,491.0,1550.0,1934.0,14.3,45.8,0.7452
1604.0,25.4,1438.0,466.0,1650.0,2018.0,12.2,53.9,0.7617
1352.0,16.4,1191.0,570.0,1362.0,1796.0,11.6,51.2,0.6965
1235.0,12.4,1065.0,640.0,1213.0,1594.0,11.3,50.1,0.672
1127.0,9.6,962.0,751.0,1120.0,1389.0,10.6,51.2,0.6541
1073.0,7.1,860.0,896.0,1058.0,1238.0,9.6,51.7,0.6163
1074.0,7.2,867.0,888.0,1064.0,1221.0,8.7,55.2,0.6225
1133.0,9.3,951.0,825.0,1156.0,1254.0,7.9,60.2,0.6432
1021.0,5.9,808.0,961.0,1048.0,1098.0,7.9,59.2,0.6331
995.0,5.9,807.0,978.0,1056.0,1044.0,6.7,64.6,0.6381
882.0,2.4,614.0,1221.0,931.0,888.0,6.9,62.3,0.6227
869.0,2.1,594.0,1326.0,935.0,835.0,6.3,64.6,0.6197
868.0,1.8,567.0,1238.0,919.0,823.0,6.4,63.3,0.6123
921.0,3.1,655.0,1001.0,972.0,908.0,6.4,64.4,0.6204
1041.0,6.8,846.0,829.0,1112.0,1076.0,5.6,68.9,0.6328
1275.0,16.4,1193.0,596.0,1389.0,1393.0,6.4,65.6,0.6348
1238.0,16.7,1202.0,748.0,1382.0,1429.0,7.3,61.4,0.6306
1288.0,17.3,1220.0,937.0,1391.0,1594.0,9.6,53.7,0.6409
1422.0,22.4,1362.0,775.0,1509.0,1956.0,12.0,45.9,0.6421
1293.0,17.9,1236.0,784.0,1370.0,1872.0,12.7,44.4,0.6512
1410.0,22.4,1363.0,690.0,1515.0,2014.0,13.9,42.8,0.6761
1425.0,23.3,1386.0,691.0,1536.0,1978.0,15.0,41.4,0.7016
1590.0,28.0,1503.0,575.0,1559.0,2257.0,16.0,38.7,0.6987
1520.0,30.1,1552.0,568.0,1615.0,2104.0,16.0,38.6,0.6952
1595.0,33.4,1628.0,495.0,1822.0,2140.0,14.1,44.9,0.7194
1881.0,50.8,1983.0,334.0,2271.0,2523.0,12.6,55.9,0.8142
1633.0,35.6,1677.0,400.0,1880.0,2188.0,11.7,60.8,0.8336
1391.0,21.5,1338.0,509.0,1514.0,1816.0,11.5,60.9,0.8249
1263.0,15.5,1164.0,581.0,1338.0,1587.0,10.6,64.1,0.8182
1147.0,10.9,1012.0,665.0,1214.0,1381.0,10.1,66.2,0.8185
1103.0,8.7,928.0,715.0,1174.0,1287.0,9.0,70.1,0.8036
1071.0,7.4,873.0,739.0,1150.0,1193.0,8.6,70.5,0.7915
1137.0,9.9,975.0,687.0,1234.0,1223.0,7.6,74.3,0.7783
1066.0,8.2,907.0,728.0,1174.0,1122.0,6.9,76.1,0.759
918.0,3.9,704.0,920.0,1032.0,932.0,8.0,70.6,0.7607
895.0,3.2,663.0,977.0,1007.0,866.0,6.8,75.4,0.7475
885.0,3.0,655.0,996.0,1015.0,848.0,6.6,75.3,0.7378
964.0,5.4,784.0,824.0,1080.0,959.0,6.0,77.3,0.7262
1088.0,8.7,927.0,715.0,1196.0,1154.0,6.0,76.7,0.722
1274.0,15.4,1160.0,587.0,1412.0,1373.0,6.9,73.7,0.7348
1406.0,27.2,1483.0,478.0,1767.0,1708.0,7.6,70.6,0.7371
1521.0,30.7,1568.0,440.0,1843.0,2097.0,9.3,64.2,0.7544
1408.0,24.3,1412.0,484.0,1608.0,2056.0,11.7,55.7,0.763
1377.0,21.7,1342.0,499.0,1546.0,2006.0,12.9,54.1,0.8003
1470.0,25.8,1450.0,481.0,1706.0,2015.0,14.0,53.0,0.8451
1416.0,21.8,1346.0,609.0,1570.0,1945.0,15.1,50.2,0.8552
1383.0,20.6,1314.0,785.0,1538.0,1793.0,16.7,47.3,0.8883
1574.0,27.2,1483.0,460.0,1778.0,1962.0,16.8,48.4,0.9175
1570.723684,27.05789474,1479.157895,461.3684211,1774.894737,1954.460526,16.75394737,48.65789474,0.919080263
1567.447368,26.91578947,1475.315789,462.7368421,1771.789474,1946.921053,16.70789474,48.91578947,0.920660526
1564.171053,26.77368421,1471.473684,464.1052632,1768.684211,1939.381579,16.66184211,49.17368421,0.922240789
1560.894737,26.63157895,1467.631579,465.4736842,1765.578947,1931.842105,16.61578947,49.43157895,0.923821053
1557.618421,26.48947368,1463.789474,466.8421053,1762.473684,1924.302632,16.56973684,49.68947368,0.925401316
1554.342105,26.34736842,1459.947368,468.2105263,1759.368421,1916.763158,16.52368421,49.94736842,0.926981579
1551.065789,26.20526316,1456.105263,469.5789474,1756.263158,1909.223684,16.47763158,50.20526316,0.928561842
1547.789474,26.06315789,1452.263158,470.9473684,1753.157895,1901.684211,16.43157895,50.46315789,0.930142105
1544.513158,25.92105263,1448.421053,472.3157895,1750.052632,1894.144737,16.38552632,50.72105263,0.931722368
1541.236842,25.77894737,1444.578947,473.6842105,1746.947368,1886.605263,16.33947368,50.97894737,0.933302632
1537.960526,25.63684211,1440.736842,475.0526316,1743.842105,1879.065789,16.29342105,51.23684211,0.934882895
1534.684211,25.49473684,1436.894737,476.4210526,1740.736842,1871.526316,16.24736842,51.49473684,0.936463158
1531.407895,25.35263158,1433.052632,477.7894737,1737.631579,1863.986842,16.20131579,51.75263158,0.938043421
1528.131579,25.21052632,1429.210526,479.1578947,1734.526316,1856.447368,16.15526316,52.01052632,0.939623684
1524.855263,25.06842105,1425.368421,480.5263158,1731.421053,1848.907895,16.10921053,52.26842105,0.941203947
1521.578947,24.92631579,1421.526316,481.8947368,1728.315789,1841.368421,16.06315789,52.52631579,0.942784211
1518.302632,24.78421053,1417.684211,483.2631579,1725.210526,1833.828947,16.01710526,52.78421053,0.944364474
1515.026316,24.64210526,1413.842105,484.6315789,1722.105263,1826.289474,15.97105263,53.04210526,0.945944737
1511.75,24.5,1410.0,486.0,1719.0,1818.75,15.925,53.3,0.947525
1508.473684,24.35789474,1406.157895,487.3684211,1715.894737,1811.210526,15.87894737,53.55789474,0.949105263
1505.197368,24.21578947,1402.315789,488.7368421,1712.789474,1803.671053,15.83289474,53.81578947,0.950685526
1501.921053,24.07368421,1398.473684,490.1052632,1709.684211,1796.131579,15.78684211,54.07368421,0.952265789
1498.644737,23.93157895,1394.631579,491.4736842,1706.578947,1788.592105,15.74078947,54.33157895,0.953846053
1495.368421,23.78947368,1390.789474,492.8421053,1703.473684,1781.052632,15.69473684,54.58947368,0.955426316
1492.092105,23.64736842,1386.947368,494.2105263,1700.368421,1773.513158,15.64868421,54.84736842,0.957006579
1488.815789,23.50526316,1383.105263,495.5789474,1697.263158,1765.973684,15.60263158,55.10526316,0.958586842
1485.539474,23.36315789,1379.263158,496.9473684,1694.157895,1758.434211,15.55657895,55.36315789,0.960167105
1482.263158,23.22105263,1375.421053,498.3157895,1691.052632,1750.894737,15.51052632,55.62105263,0.961747368
1478.986842,23.07894737,1371.578947,499.6842105,1687.947368,1743.355263,15.46447368,55.87894737,0.963327632
1475.710526,22.93684211,1367.736842,501.0526316,1684.842105,1735.815789,15.41842105,56.13684211,0.964907895
1472.434211,22.79473684,1363.894737,502.4210526,1681.736842,1728.276316,15.37236842,56.39473684,0.966488158
1469.157895,22.65263158,1360.052632,503.7894737,1678.631579,1720.736842,15.32631579,56.65263158,0.968068421
1465.881579,22.51052632,1356.210526,505.1578947,1675.526316,1713.197368,15.28026316,56.91052632,0.969648684
1462.605263,22.36842105,1352.368421,506.5263158,1672.421053,1705.657895,15.23421053,57.16842105,0.971228947
1459.328947,22.22631579,1348.526316,507.8947368,1669.315789,1698.118421,15.18815789,57.42631579,0.972809211
1456.052632,22.08421053,1344.684211,509.2631579,1666.210526,1690.578947,15.14210526,57.68421053,0.974389474
1452.776316,21.94210526,1340.842105,510.6315789,1663.105263,1683.039474,15.09605263,57.94210526,0.975969737
1449.5,21.8,1337.0,512.0,1660.0,1675.5,15.05,58.2,0.97755
1446.223684,21.65789474,1333.157895,513.3684211,1656.894737,1667.960526,15.00394737,58.45789474,0.979130263
1442.947368,21.51578947,1329.315789,514.7368421,1653.789474,1660.421053,14.95789474,58.71578947,0.980710526
1439.671053,21.37368421,1325.473684,516.1052632,1650.684211,1652.881579,14.91184211,58.97368421,0.982290789
1436.394737,21.23157895,1321.631579,517.4736842,1647.578947,1645.342105,14.86578947,59.23157895,0.983871053
1433.118421,21.08947368,1317.789474,518.8421053,1644.473684,1637.802632,14.81973684,59.48947368,0.985451316
1429.842105,20.94736842,1313.947368,520.2105263,1641.368421,1630.263158,14.77368421,59.74736842,0.987031579
1426.565789,20.80526316,1310.105263,521.5789474,1638.263158,1622.723684,14.72763158,60.00526316,0.988611842
1423.289474,20.66315789,1306.263158,522.9473684,1635.157895,1615.184211,14.68157895,60.26315789,0.990192105
1420.013158,20.52105263,1302.421053,524.3157895,1632.052632,1607.644737,14.63552632,60.52105263,0.991772368
1416.736842,20.37894737,1298.578947,525.6842105,1628.947368,1600.105263,14.58947368,60.77894737,0.993352632
1413.460526,20.23684211,1294.736842,527.0526316,1625.842105,1592.565789,14.54342105,61.03684211,0.994932895
1410.184211,20.09473684,1290.894737,528.4210526,1622.736842,1585.026316,14.49736842,61.29473684,0.996513158
1406.907895,19.95263158,1287.052632,529.7894737,1619.631579,1577.486842,14.45131579,61.55263158,0.998093421
1403.631579,19.81052632,1283.210526,531.1578947,1616.526316,1569.947368,14.40526316,61.81052632,0.999673684
1400.355263,19.66842105,1279.368421,532.5263158,1613.421053,1562.407895,14.35921053,62.06842105,1.001253947
1397.078947,19.52631579,1275.526316,533.8947368,1610.315789,1554.868421,14.31315789,62.32631579,1.002834211
1393.802632,19.38421053,1271.684211,535.2631579,1607.210526,1547.328947,14.26710526,62.58421053,1.004414474
1390.526316,19.24210526,1267.842105,536.6315789,1604.105263,1539.789474,14.22105263,62.84210526,1.005994737
1387.25,19.1,1264.0,538.0,1601.0,1532.25,14.175,63.1,1.007575
1383.973684,18.95789474,1260.157895,539.3684211,1597.894737,1524.710526,14.12894737,63.35789474,1.009155263
1380.697368,18.81578947,1256.315789,540.7368421,1594.789474,1517.171053,14.08289474,63.61578947,1.010735526
1377.421053,18.67368421,1252.473684,542.1052632,1591.684211,1509.631579,14.03684211,63.87368421,1.012315789
1374.144737,18.53157895,1248.631579,543.4736842,1588.578947,1502.092105,13.99078947,64.13157895,1.013896053
1370.868421,18.38947368,1244.789474,544.8421053,1585.473684,1494.552632,13.94473684,64.38947368,1.015476316
1367.592105,18.24736842,1240.947368,546.2105263,1582.368421,1487.013158,13.89868421,64.64736842,1.017056579
1364.315789,18.10526316,1237.105263,547.5789474,1579.263158,1479.473684,13.85263158,64.90526316,1.018636842
1361.039474,17.96315789,1233.263158,548.9473684,1576.157895,1471.934211,13.80657895,65.16315789,1.020217105
1357.763158,17.82105263,1229.421053,550.3157895,1573.052632,1464.394737,13.76052632,65.42105263,1.021797368
1354.486842,17.67894737,1225.578947,551.6842105,1569.947368,1456.855263,13.71447368,65.67894737,1.023377632
1351.210526,17.53684211,1221.736842,553.0526316,1566.842105,1449.315789,13.66842105,65.93684211,1.024957895
1347.934211,17.39473684,1217.894737,554.4210526,1563.736842,1441.776316,13.62236842,66.19473684,1.026538158
1344.657895,17.25263158,1214.052632,555.7894737,1560.631579,1434.236842,13.57631579,66.45263158,1.028118421
1341.381579,17.11052632,1210.210526,557.1578947,1557.526316,1426.697368,13.53026316,66.71052632,1.029698684
1338.105263,16.96842105,1206.368421,558.5263158,1554.421053,1419.157895,13.48421053,66.96842105,1.031278947
1334.828947,16.82631579,1202.526316,559.8947368,1551.315789,1411.618421,13.43815789,67.22631579,1.032859211
1331.552632,16.68421053,1198.684211,561.2631579,1548.210526,1404.078947,13.39210526,67.48421053,1.034439474
1328.276316,16.54210526,1194.842105,562.6315789,1545.105263,1396.539474,13.34605263,67.74210526,1.036019737
1325.0,16.4,1191.0,564.0,1542.0,1389.0,13.3,68.0,1.0376
1316.0,13.4,1099.0,610.0,1451.0,1268.0,13.2,72.8,1.0984
1170.0,8.2,906.0,707.0,1317.0,1046.0,12.6,76.5,1.1106
1061.0,5.7,800.0,819.0,1232.0,862.0,12.6,74.3,1.0843
1109.0,7.0,855.0,787.0,1220.0,866.0,12.9,72.1,1.0658
1025.0,5.6,794.0,848.0,1202.0,788.0,13.1,70.5,1.0594
1086.0,5.1,769.0,822.0,1196.0,857.0,12.4,73.8,1.0574
1058.0,4.3,727.0,834.0,1193.0,860.0,12.2,74.5,1.0537
1034.0,4.2,719.0,858.0,1189.0,845.0,11.8,76.3,1.0547
1065.0,6.1,816.0,777.0,1245.0,873.0,10.8,80.0,1.0367
988.0,5.2,774.0,842.0,1189.0,841.0,10.4,77.3,0.9709
986.0,5.4,785.0,842.0,1173.0,853.0,10.0,76.2,0.9332
1136.0,11.0,1015.0,702.0,1287.0,1063.0,9.4,67.7,0.8018
1256.0,16.1,1184.0,582.0,1448.0,1276.0,9.3,71.2,0.8325
1228.0,15.7,1170.0,596.0,1375.0,1332.0,12.6,54.0,0.784
956.0,8.8,931.0,799.0,1046.0,1015.0,16.1,28.5,0.5164
781.0,3.9,704.0,1062.0,842.0,594.0,16.6,19.9,0.3728
759.0,3.8,699.0,1223.0,799.0,501.0,15.9,18.2,0.3255
722.0,3.3,671.0,1596.0,737.0,448.0,14.3,18.4,0.2991
699.0,2.4,613.0,1731.0,682.0,387.0,15.0,16.3,0.2749
755.0,3.6,690.0,1653.0,750.0,467.0,14.9,17.1,0.2875
746.0,3.5,684.0,1301.0,764.0,484.0,13.2,18.8,0.2837
784.0,4.6,744.0,1080.0,802.0,608.0,12.4,19.6,0.2797
931.0,9.9,972.0,868.0,974.0,953.0,11.9,21.3,0.2957
1112.0,19.0,1267.0,671.0,1250.0,1307.0,11.1,24.8,0.3264
1133.0,17.2,1215.0,674.0,1196.0,1415.0,10.1,29.7,0.3666
886.0,8.4,917.0,908.0,901.0,1023.0,10.2,23.8,0.2955
993.0,11.4,1030.0,805.0,1005.0,1154.0,9.4,27.4,0.3239
1215.0,15.6,1167.0,664.0,1181.0,1426.0,7.9,39.0,0.4154
1160.0,13.0,1083.0,706.0,1114.0,1363.0,7.6,40.6,0.4273
928.0,6.2,819.0,919.0,923.0,1006.0,6.4,43.7,0.4242
879.0,4.2,722.0,1014.0,878.0,873.0,6.3,44.7,0.4293
833.0,2.7,632.0,1107.0,834.0,760.0,5.1,46.5,0.4125
840.0,3.0,649.0,1044.0,869.0,799.0,3.3,53.5,0.418
848.0,2.4,612.0,1169.0,852.0,703.0,4.8,49.9,0.4325
828.0,3.1,660.0,1078.0,881.0,781.0,2.2,60.1,0.4361
847.0,3.8,698.0,1034.0,905.0,815.0,2.5,59.3,0.4401
868.0,3.2,665.0,1067.0,865.0,800.0,3.2,55.7,0.4344
970.0,6.2,819.0,923.0,959.0,926.0,5.0,48.8,0.429
1077.0,9.6,963.0,761.0,1081.0,1151.0,5.8,49.8,0.4613
1058.0,9.6,962.0,778.0,1058.0,1153.0,6.0,47.6,0.4488
1136.0,12.5,1067.0,702.0,1143.0,1298.0,7.4,44.6,0.4613
1228.0,12.5,1068.0,658.0,1264.0,1238.0,5.2,73.1,0.6535
1235.0,14.0,1118.0,612.0,1354.0,1222.0,4.8,81.4,0.7055
1217.0,11.6,1036.0,661.0,1260.0,1171.0,4.7,82.3,0.7105
1298.0,13.0,1082.0,642.0,1287.0,1237.0,4.7,82.8,0.7157
1327.0,17.3,1219.0,582.0,1453.0,1366.0,4.7,83.4,0.7177
1293.0,14.6,1136.0,631.0,1365.0,1278.0,5.2,83.1,0.7411
1353.0,16.2,1187.0,599.0,1424.0,1293.0,5.5,84.1,0.7657
1254.0,13.8,1111.0,630.0,1360.0,1198.0,5.8,84.5,0.7822
1189.0,10.6,999.0,680.0,1286.0,1115.0,6.2,84.1,0.8018
1183.0,9.1,944.0,731.0,1226.0,1092.0,6.6,83.3,0.8183
1185.0,9.7,966.0,711.0,1250.0,1104.0,6.8,82.8,0.8216
1098.0,7.0,859.0,792.0,1211.0,1006.0,8.2,78.4,0.8561
938.0,2.8,639.0,1020.0,1059.0,777.0,9.7,70.9,0.8539
883.0,2.0,583.0,1116.0,1019.0,710.0,9.5,69.9,0.8298
839.0,1.4,536.0,1229.0,970.0,600.0,9.3,65.9,0.7757
784.0,0.8,479.0,1365.0,905.0,477.0,8.8,62.9,0.7154
779.0,0.7,466.0,1393.0,881.0,454.0,8.6,58.8,0.6603
883.0,2.6,625.0,1069.0,997.0,630.0,9.2,55.9,0.6521
970.0,5.3,776.0,873.0,1059.0,858.0,8.4,57.7,0.6376
1012.0,7.1,861.0,785.0,1133.0,951.0,8.5,60.4,0.6713
934.0,5.0,766.0,878.0,1047.0,836.0,8.9,57.4,0.6575
888.0,3.8,700.0,956.0,999.0,721.0,9.2,55.8,0.6479
918.0,4.5,737.0,1007.0,1030.0,703.0,9.6,53.9,0.6425
901.0,4.7,747.0,1001.0,1020.0,657.0,9.6,52.4,0.6276
857.0,3.9,708.0,972.0,983.0,581.0,9.7,49.8,0.5998
838.0,3.8,699.0,1015.0,944.0,546.0,9.4,44.9,0.5296
869.0,5.2,772.0,1051.0,966.0,641.0,9.8,41.9,0.5083
928.0,6.8,850.0,1118.0,1004.0,794.0,8.9,44.9,0.5125
1037.0,11.9,1047.0,869.0,1159.0,1042.0,8.4,45.4,0.5035
980.0,10.8,1008.0,758.0,1103.0,993.0,8.0,41.0,0.4416
978.0,11.5,1031.0,765.0,1066.0,968.0,7.9,37.1,0.3974
891.0,7.6,882.0,885.0,950.0,894.0,7.8,33.9,0.3594
762.0,3.1,657.0,1158.0,783.0,592.0,7.3,32.4,0.334
794.0,3.6,687.0,1100.0,826.0,611.0,7.4,34.6,0.3576
799.0,3.6,690.0,1125.0,823.0,611.0,7.1,33.7,0.3417
818.0,4.3,725.0,1065.0,849.0,694.0,6.4,35.8,0.3471
691.0,0.7,471.0,1552.0,698.0,357.0,5.6,37.7,0.3444
697.0,0.6,455.0,1726.0,698.0,318.0,5.6,37.6,0.3448
697.0,0.5,437.0,1705.0,702.0,325.0,5.3,38.8,0.3473
716.0,0.7,473.0,1595.0,734.0,343.0,4.7,41.4,0.3576
791.0,2.2,598.0,1186.0,802.0,608.0,4.3,43.9,0.3675
804.0,2.6,630.0,1188.0,806.0,712.0,4.9,40.6,0.3539
1093.0,13.4,1098.0,782.0,1221.0,1173.0,5.1,40.8,0.3603
1179.0,23.5,1390.0,567.0,1453.0,1459.0,6.5,38.1,0.3709
951.0,9.4,953.0,812.0,1022.0,1055.0,7.4,36.5,0.3778
882.0,6.3,826.0,952.0,910.0,799.0,7.9,36.4,0.3889
897.0,6.7,845.0,942.0,943.0,787.0,7.8,36.8,0.3908
949.0,9.7,965.0,860.0,1041.0,892.0,8.7,33.7,0.379
896.0,7.8,891.0,921.0,935.0,766.0,8.5,34.3,0.3813
908.0,7.7,886.0,922.0,947.0,835.0,8.9,34.5,0.3946
959.0,8.6,924.0,899.0,993.0,897.0,8.8,35.7,0.4043
994.0,10.7,1005.0,832.0,1054.0,1009.0,7.9,38.6,0.4137
1081.0,16.7,1202.0,691.0,1230.0,1250.0,7.6,40.1,0.4195
1081.0,15.5,1164.0,705.0,1171.0,1283.0,6.9,40.3,0.4025
1175.0,18.3,1248.0,661.0,1308.0,1377.0,6.5,41.7,0.4047
1123.0,13.8,1110.0,732.0,1152.0,1322.0,6.3,42.6,0.4106
1032.0,9.3,952.0,833.0,1025.0,1198.0,5.9,44.7,0.4186
927.0,5.8,805.0,965.0,918.0,1007.0,5.8,43.4,0.4037
952.0,6.6,838.0,948.0,937.0,976.0,5.8,42.5,0.3937
987.0,7.6,883.0,913.0,949.0,1013.0,5.6,42.0,0.3856
902.0,5.0,761.0,1048.0,872.0,868.0,5.3,42.3,0.3806
833.0,2.9,648.0,1135.0,814.0,760.0,5.1,43.5,0.3852
776.0,1.3,525.0,1391.0,770.0,585.0,5.1,44.8,0.3967
812.0,1.5,541.0,1309.0,774.0,616.0,5.2,45.9,0.4099
821.0,1.7,563.0,1270.0,807.0,678.0,4.7,49.0,0.4209
932.0,3.8,701.0,944.0,875.0,936.0,4.5,51.8,0.4418
1069.0,8.8,931.0,782.0,1054.0,1110.0,4.5,53.0,0.4495
1137.0,12.5,1066.0,681.0,1151.0,1258.0,4.8,53.1,0.4605
1009.0,8.7,926.0,791.0,1015.0,1080.0,7.8,42.0,0.4464
962.0,7.5,877.0,841.0,969.0,949.0,9.3,37.6,0.4391
972.0,8.2,909.0,827.0,1012.0,894.0,10.0,34.2,0.4212
968.0,8.5,920.0,831.0,991.0,882.0,10.3,32.6,0.4094
939.0,8.1,902.0,884.0,969.0,872.0,9.8,31.8,0.3858
901.0,6.7,843.0,1061.0,907.0,751.0,9.8,30.3,0.3658
975.0,9.0,938.0,874.0,989.0,928.0,9.6,29.6,0.3545
1028.0,11.3,1025.0,774.0,1024.0,1160.0,8.1,32.5,0.3516
998.0,9.9,972.0,806.0,984.0,1090.0,6.8,36.1,0.3575
1094.0,13.6,1105.0,708.0,1086.0,1274.0,6.4,36.5,0.3519
1128.0,15.4,1161.0,672.0,1163.0,1340.0,5.9,37.8,0.3528
1111.0,11.4,1030.0,751.0,1033.0,1271.0,5.1,40.7,0.3621
1121.0,11.2,1023.0,725.0,1053.0,1354.0,4.8,45.1,0.3925
956.0,5.7,796.0,915.0,861.0,1084.0,4.5,43.9,0.3728
973.0,5.4,785.0,916.0,883.0,1086.0,5.2,44.1,0.3939
952.0,5.5,790.0,921.0,896.0,1038.0,4.3,46.4,0.3896
969.0,5.2,773.0,889.0,914.0,1064.0,3.0,52.5,0.4021
919.0,3.7,693.0,955.0,882.0,979.0,2.3,56.3,0.4134
874.0,3.1,657.0,985.0,867.0,930.0,1.5,61.4,0.4235
806.0,1.6,554.0,1206.0,807.0,783.0,4.0,50.4,0.4154
874.0,2.5,623.0,1096.0,847.0,831.0,2.8,55.2,0.4177
961.0,5.3,779.0,917.0,960.0,983.0,1.2,61.4,0.4159
1195.0,13.4,1096.0,668.0,1166.0,1315.0,1.4,61.3,0.4208
1184.0,15.0,1148.0,651.0,1178.0,1389.0,2.2,58.1,0.4218
1135.0,12.8,1076.0,685.0,1120.0,1396.0,4.3,49.4,0.4138
1211.0,15.9,1177.0,620.0,1221.0,1585.0,6.6,42.5,0.416
1228.0,15.9,1178.0,621.0,1202.0,1628.0,8.0,38.3,0.4133
1247.0,16.3,1188.0,598.0,1237.0,1692.0,9.1,36.1,0.4172
1336.0,18.6,1256.0,567.0,1320.0,1828.0,10.0,34.7,0.4259
1205.0,12.8,1079.0,652.0,1168.0,1476.0,11.0,33.0,0.4331
1305.0,17.9,1238.0,565.0,1325.0,1640.0,11.3,33.6,0.4504
1568.0,29.0,1528.0,455.0,1661.0,2046.0,9.4,41.3,0.4888
1630.0,33.1,1622.0,421.0,1757.0,2238.0,8.0,45.9,0.4936
1704.0,36.1,1689.0,402.0,1820.0,2480.0,7.1,50.3,0.51
1701.0,36.3,1692.0,402.0,1832.0,2415.0,6.2,56.9,0.5419
1564.0,26.3,1462.0,472.0,1574.0,2181.0,6.3,57.9,0.5575
1441.0,20.6,1314.0,517.0,1389.0,2051.0,6.2,56.8,0.5421
1376.0,17.0,1209.0,549.0,1283.0,2041.0,6.1,54.7,0.5201
1412.0,17.2,1216.0,543.0,1300.0,2059.0,6.0,55.6,0.5244
1352.0,14.6,1137.0,567.0,1234.0,2016.0,5.1,59.0,0.5248
1285.0,12.1,1052.0,605.0,1164.0,1967.0,5.1,58.4,0.517
1263.0,10.5,997.0,625.0,1140.0,1960.0,4.7,60.8,0.5232
1200.0,8.7,929.0,664.0,1082.0,1847.0,4.2,63.1,0.5259
1187.0,8.8,931.0,669.0,1093.0,1792.0,4.3,64.1,0.537
1166.0,8.2,909.0,691.0,1079.0,1680.0,4.8,61.9,0.537
1209.0,9.5,958.0,666.0,1124.0,1662.0,5.3,61.1,0.5499
1349.0,14.6,1136.0,575.0,1299.0,1810.0,5.7,61.3,0.5657
1458.0,20.4,1307.0,497.0,1483.0,2103.0,6.1,60.5,0.5719
1462.0,18.8,1263.0,510.0,1421.0,2082.0,6.7,59.7,0.589
1448.0,18.8,1263.0,511.0,1428.0,1971.0,7.2,58.6,0.5986
1419.0,18.5,1254.0,524.0,1406.0,1950.0,8.0,55.9,0.6018
1561.0,24.8,1425.0,465.0,1624.0,2101.0,9.8,52.4,0.6349
1558.0,22.9,1375.0,471.0,1563.0,2112.0,10.5,51.1,0.6503
1438.0,16.9,1208.0,528.0,1405.0,1962.0,10.8,52.4,0.6767
1532.0,22.2,1356.0,474.0,1610.0,2033.0,10.6,55.3,0.7058
1522.0,21.5,1337.0,479.0,1578.0,2034.0,10.4,57.0,0.7167
1514.0,21.5,1338.0,474.0,1598.0,2018.0,10.2,58.3,0.7256
1512.5,20.51666667,1309.666667,482.5,1572.833333,2026.0,10.06666667,59.6,0.734933333
1511.0,19.53333333,1281.333333,491.0,1547.666667,2034.0,9.933333333,60.9,0.744266667
1509.5,18.55,1253.0,499.5,1522.5,2042.0,9.8,62.2,0.7536
1508.0,17.56666667,1224.666667,508.0,1497.333333,2050.0,9.666666667,63.5,0.762933333
1506.5,16.58333333,1196.333333,516.5,1472.166667,2058.0,9.533333333,64.8,0.772266667
1505.0,15.6,1168.0,525.0,1447.0,2066.0,9.4,66.1,0.7816
1458.0,14.2,1123.0,540.0,1395.0,2030.0,9.6,65.9,0.7869
1431.0,13.5,1100.0,553.0,1385.0,1913.0,9.5,66.2,0.7882
1366.0,11.4,1027.0,583.0,1328.0,1901.0,9.2,67.3,0.7851
1332.0,10.5,997.0,601.0,1304.0,1783.0,9.1,68.7,0.7925
1243.0,8.6,924.0,648.0,1250.0,1534.0,9.0,69.8,0.8039
1251.0,8.6,924.0,644.0,1246.0,1568.0,8.9,70.5,0.8056
1259.0,9.1,944.0,631.0,1267.0,1622.0,8.9,70.4,0.8074
1268.0,8.6,926.0,645.0,1247.0,1628.0,9.1,69.6,0.8045
1288.0,9.4,956.0,623.0,1272.0,1553.0,9.0,70.8,0.8173
1410.0,11.0,1015.0,594.0,1319.0,1769.0,9.8,68.6,0.8324
1374.0,10.6,999.0,598.0,1316.0,1776.0,10.2,67.3,0.8373
1458.0,13.2,1090.0,553.0,1383.0,1898.0,10.7,65.0,0.8378
1609.0,18.1,1243.0,505.0,1491.0,2100.0,11.4,62.9,0.8454
1424.0,13.2,1090.0,566.0,1351.0,1896.0,12.2,61.1,0.8652
1331.0,9.7,966.0,633.0,1266.0,1745.0,12.1,61.8,0.8723
1434.0,13.3,1093.0,561.0,1366.0,1893.0,11.7,65.6,0.898
1542.0,15.4,1161.0,531.0,1435.0,1972.0,11.4,67.9,0.9119
1651.0,17.8,1234.0,501.0,1513.0,2020.0,11.2,70.8,0.9386
1633.0,18.0,1240.0,496.0,1555.0,1906.0,10.9,75.9,0.9868
1739.0,21.3,1333.0,460.0,1689.0,1832.0,11.3,78.3,1.0455
1523.0,14.5,1132.0,541.0,1488.0,1470.0,10.3,82.8,1.0369
1543.0,15.8,1174.0,521.0,1542.0,1494.0,10.4,82.5,1.0406
1469.0,13.1,1086.0,564.0,1485.0,1394.0,11.0,81.7,1.0727
1271.0,7.7,886.0,688.0,1321.0,1113.0,11.7,79.8,1.0964
1161.0,6.0,810.0,775.0,1281.0,958.0,11.6,80.0,1.0924
1053.0,3.5,680.0,890.0,1166.0,807.0,11.3,80.1,1.0741
916.0,1.5,541.0,1143.0,1064.0,536.0,11.7,74.1,1.0167
900.0,1.2,522.0,1242.0,1070.0,471.0,10.8,78.7,1.0202
855.0,0.8,479.0,1319.0,1068.0,450.0,10.7,81.5,1.0497
848.0,0.7,464.0,1425.0,1062.0,438.0,10.9,80.3,1.0444
873.0,0.9,485.0,1305.0,1083.0,512.0,10.7,80.7,1.0377
945.0,1.8,569.0,1140.0,1135.0,632.0,10.5,81.8,1.0416
1003.0,2.5,618.0,1003.0,1159.0,754.0,10.4,82.9,1.0419
1041.0,3.1,659.0,908.0,1188.0,792.0,10.6,82.1,1.0451
1036.0,3.5,685.0,942.0,1168.0,776.0,11.5,72.6,0.9846
1124.0,5.7,799.0,775.0,1231.0,969.0,12.8,65.5,0.964
1130.0,5.8,803.0,772.0,1230.0,975.0,13.9,60.9,0.9644
991.0,2.7,632.0,981.0,1114.0,637.0,14.9,57.9,0.9726
988.0,2.2,596.0,1056.0,1118.0,541.0,14.8,63.5,1.0592
1163.0,5.8,801.0,772.0,1288.0,876.0,13.6,68.9,1.0699
1226.0,6.9,853.0,725.0,1307.0,1029.0,13.6,68.9,1.0661
1286.0,9.1,942.0,687.0,1362.0,1103.0,13.5,67.1,1.0357
1423.0,14.0,1116.0,553.0,1531.0,1369.0,12.3,75.4,1.0768
1408.0,13.1,1088.0,560.0,1504.0,1381.0,11.7,80.0,1.0938
1178.0,7.2,866.0,700.0,1342.0,1094.0,11.8,82.7,1.1381
985.0,3.8,701.0,877.0,1187.0,835.0,11.8,77.5,1.0741
1113.0,5.2,776.0,828.0,1217.0,881.0,12.0,72.3,1.0095
1178.0,7.4,873.0,700.0,1328.0,987.0,11.2,79.6,1.0587
1024.0,3.9,705.0,876.0,1168.0,807.0,11.5,74.2,1.0063
954.0,2.7,630.0,988.0,1107.0,664.0,11.6,68.9,0.9411
875.0,1.5,548.0,1165.0,1049.0,525.0,11.5,67.4,0.9106
877.0,1.3,526.0,1171.0,1023.0,496.0,11.7,64.6,0.8888
826.0,0.7,465.0,1322.0,978.0,433.0,11.9,61.1,0.8527
862.0,1.4,535.0,1193.0,1020.0,524.0,12.5,57.3,0.8269
938.0,3.0,653.0,970.0,1100.0,747.0,12.3,60.1,0.8562
1205.0,9.1,943.0,688.0,1361.0,1052.0,11.5,68.7,0.9302
1171.0,10.0,978.0,637.0,1374.0,1092.0,12.5,63.2,0.9113
1131.0,8.6,926.0,684.0,1324.0,1036.0,12.9,63.2,0.9335
1074.0,6.4,832.0,748.0,1230.0,934.0,13.5,59.9,0.9261
1062.0,6.2,822.0,764.0,1228.0,917.0,13.4,61.3,0.9379
1045.0,5.7,800.0,796.0,1193.0,839.0,14.4,57.1,0.9309
1034.0,5.0,763.0,840.0,1192.0,761.0,15.0,57.2,0.9698
1186.0,8.0,899.0,695.0,1332.0,926.0,12.4,72.6,1.0422
1256.0,10.5,996.0,625.0,1417.0,1104.0,12.8,73.6,1.0851
1138.0,6.9,854.0,735.0,1276.0,911.0,13.3,68.2,1.0356
1138.0,7.8,891.0,721.0,1295.0,918.0,13.4,66.6,1.0187
1114.0,8.0,899.0,710.0,1279.0,948.0,13.3,63.6,0.9661
1107.0,8.1,905.0,705.0,1288.0,966.0,12.9,62.4,0.9258
1117.0,7.5,876.0,706.0,1264.0,1057.0,12.4,64.7,0.9266
1090.0,6.0,812.0,753.0,1213.0,1001.0,12.1,65.6,0.9222
954.0,3.2,665.0,916.0,1119.0,777.0,11.3,69.8,0.932
987.0,4.1,715.0,884.0,1145.0,797.0,11.0,68.7,0.9001
969.0,3.1,659.0,945.0,1082.0,691.0,11.1,65.3,0.8601
939.0,2.9,648.0,949.0,1084.0,680.0,10.2,66.9,0.8323
961.0,3.0,654.0,925.0,1084.0,755.0,9.5,70.1,0.8343
916.0,2.5,623.0,962.0,1064.0,725.0,9.8,69.4,0.8397
835.0,0.9,484.0,1266.0,961.0,432.0,10.7,62.5,0.802
885.0,1.8,572.0,1081.0,1031.0,612.0,10.4,64.8,0.8138
1088.0,6.6,839.0,760.0,1236.0,951.0,9.7,73.1,0.8772
1358.0,15.3,1158.0,529.0,1537.0,1326.0,9.3,77.0,0.9018
1456.0,23.4,1389.0,443.0,1808.0,1504.0,9.1,77.1,0.8947
1274.0,15.3,1159.0,545.0,1493.0,1326.0,10.6,67.9,0.8666
1092.0,9.2,946.0,691.0,1234.0,1043.0,12.7,56.7,0.8304
1111.0,10.4,993.0,662.0,1287.0,1058.0,13.0,53.9,0.8029
1177.0,14.8,1143.0,574.0,1443.0,1205.0,13.9,49.0,0.7727
1199.0,14.6,1138.0,581.0,1452.0,1203.0,14.4,49.2,0.8027
1121.0,10.7,1003.0,656.0,1323.0,1058.0,14.3,48.6,0.79
1252.0,15.5,1164.0,559.0,1474.0,1257.0,13.6,52.8,0.8177
1233.0,14.9,1144.0,575.0,1436.0,1271.0,13.1,54.3,0.8167
1215.0,12.4,1063.0,616.0,1370.0,1214.0,12.4,59.3,0.853
1193.0,11.2,1020.0,645.0,1340.0,1135.0,12.1,61.5,0.8677
1195.0,11.3,1026.0,637.0,1342.0,1150.0,12.0,60.8,0.852
1301.0,12.9,1080.0,579.0,1435.0,1248.0,11.0,73.8,0.9677
1126.0,6.4,828.0,722.0,1250.0,955.0,9.6,82.9,0.99
1013.0,3.6,687.0,872.0,1135.0,726.0,8.6,83.5,0.9372
982.0,2.9,645.0,922.0,1107.0,708.0,8.7,83.0,0.9393
970.0,2.8,642.0,922.0,1107.0,704.0,8.8,81.2,0.9214
959.0,2.8,637.0,958.0,1107.0,667.0,8.9,79.0,0.9032
925.0,2.2,598.0,978.0,1079.0,662.0,9.0,76.5,0.8828
847.0,1.0,502.0,1198.0,1020.0,508.0,9.0,75.8,0.8721
885.0,1.4,534.0,1144.0,1036.0,529.0,9.1,73.9,0.8576
883.0,1.6,549.0,1019.0,1025.0,607.0,9.4,70.9,0.8386
892.0,2.0,587.0,1070.0,1041.0,623.0,10.1,65.9,0.8148
970.0,3.4,678.0,916.0,1101.0,732.0,10.1,64.6,0.7967
904.0,2.9,644.0,949.0,1036.0,697.0,9.3,64.7,0.7575
919.0,3.0,652.0,953.0,1045.0,712.0,9.9,61.3,0.7499
929.0,3.3,668.0,937.0,1054.0,696.0,10.6,59.9,0.7674
938.0,4.3,729.0,874.0,1060.0,702.0,11.1,55.3,0.7325
971.0,5.5,786.0,812.0,1086.0,796.0,12.0,49.3,0.69
914.0,4.5,739.0,870.0,1025.0,714.0,11.6,46.8,0.6397
892.0,4.1,719.0,918.0,1019.0,635.0,12.0,44.0,0.6169
913.0,4.5,735.0,905.0,1024.0,706.0,11.8,44.3,0.6141
928.0,4.9,759.0,871.0,1040.0,775.0,11.3,45.4,0.6063
1035.0,9.0,941.0,734.0,1175.0,965.0,11.3,44.1,0.5909
1033.0,9.0,939.0,729.0,1159.0,979.0,11.2,45.1,0.5971
990.0,7.2,865.0,764.0,1130.0,902.0,10.8,47.3,0.6122
934.0,4.7,750.0,891.0,1035.0,798.0,10.7,47.7,0.6127
881.0,3.3,670.0,979.0,978.0,697.0,10.5,46.9,0.5956
855.0,2.7,631.0,1033.0,932.0,626.0,10.2,45.4,0.5632
832.0,2.2,598.0,1122.0,912.0,537.0,9.7,46.0,0.5546
848.0,2.8,639.0,1057.0,929.0,574.0,9.8,45.2,0.5489
806.0,1.8,567.0,1163.0,878.0,490.0,9.4,45.4,0.5355
796.0,1.5,545.0,1210.0,853.0,450.0,9.3,44.0,0.5153
777.0,0.9,493.0,1247.0,828.0,438.0,8.8,45.2,0.5134
785.0,1.1,505.0,1226.0,829.0,428.0,8.7,45.6,0.5128
766.0,0.7,470.0,1317.0,810.0,404.0,8.5,44.8,0.498
808.0,1.4,534.0,1243.0,853.0,480.0,8.7,43.4,0.4905
975.0,6.2,822.0,852.0,1049.0,876.0,8.5,43.6,0.4865
943.0,6.1,816.0,828.0,1033.0,868.0,8.8,42.0,0.4773
886.0,5.0,764.0,920.0,946.0,740.0,10.8,35.1,0.4549
861.0,4.1,716.0,973.0,921.0,628.0,11.7,34.4,0.4712
881.0,4.4,734.0,961.0,925.0,636.0,12.6,31.7,0.4613
855.0,4.6,741.0,965.0,901.0,616.0,12.5,30.3,0.4367
855.0,4.3,725.0,983.0,898.0,613.0,11.4,32.8,0.4424
844.0,3.6,689.0,1040.0,867.0,545.0,12.1,31.1,0.4383
900.0,5.6,794.0,906.0,930.0,710.0,12.3,29.7,0.4226
883.0,4.8,751.0,962.0,922.0,661.0,9.8,36.4,0.4414
994.0,8.1,903.0,781.0,1079.0,922.0,9.3,40.8,0.4781
927.0,5.2,774.0,883.0,976.0,755.0,8.6,45.1,0.5038
1078.0,10.2,987.0,718.0,1152.0,1015.0,9.3,41.7,0.4884
952.0,5.5,788.0,849.0,1018.0,876.0,8.7,44.3,0.4998
882.0,3.1,660.0,991.0,922.0,727.0,8.0,47.6,0.5113
924.0,4.2,724.0,946.0,969.0,781.0,7.7,47.2,0.4975
987.0,6.2,823.0,827.0,1027.0,893.0,7.2,50.2,0.5118
930.0,4.8,752.0,889.0,981.0,820.0,6.9,50.3,0.5029
861.0,3.0,654.0,995.0,919.0,632.0,6.7,50.7,0.4998
783.0,1.2,522.0,1241.0,832.0,458.0,7.6,46.4,0.4869
744.0,0.4,431.0,1539.0,778.0,345.0,7.4,45.7,0.4714
753.0,0.4,426.0,1568.0,792.0,337.0,6.9,49.3,0.4913
787.0,0.6,452.0,1400.0,823.0,370.0,7.8,48.1,0.5095
820.0,1.1,506.0,1221.0,871.0,466.0,8.1,47.8,0.5157
840.0,1.6,552.0,1152.0,893.0,510.0,8.5,46.7,0.5191
897.0,3.1,656.0,953.0,964.0,641.0,8.9,44.1,0.5039
989.0,5.6,793.0,815.0,1052.0,862.0,9.4,42.5,0.5038
909.0,4.5,737.0,909.0,941.0,753.0,10.8,36.3,0.4712
865.0,3.8,697.0,1002.0,883.0,589.0,11.9,30.6,0.4264
924.0,6.2,821.0,899.0,955.0,704.0,12.2,29.7,0.4205
912.0,5.6,794.0,885.0,943.0,731.0,12.0,31.1,0.434
872.0,4.1,717.0,991.0,882.0,592.0,12.7,28.4,0.416
917.0,5.6,794.0,907.0,946.0,740.0,13.3,27.5,0.4185
962.0,7.6,883.0,818.0,996.0,896.0,11.4,30.8,0.4148
932.0,6.1,817.0,883.0,942.0,854.0,9.8,34.0,0.4112
930.0,5.3,781.0,933.0,906.0,866.0,9.3,33.6,0.3958
962.0,5.3,780.0,919.0,909.0,884.0,9.6,32.3,0.3871
974.0,5.5,790.0,915.0,895.0,951.0,9.1,32.5,0.3766
1055.0,5.6,791.0,845.0,936.0,1195.0,9.1,37.2,0.431
1003.0,4.6,744.0,882.0,899.0,1138.0,7.8,38.4,0.4085
1046.0,4.2,724.0,848.0,898.0,1201.0,8.2,40.1,0.4375
1275.0,8.8,930.0,649.0,1024.0,1617.0,5.3,50.7,0.4564
1173.0,7.5,878.0,738.0,1002.0,1355.0,5.9,50.0,0.4689
1163.0,7.6,881.0,748.0,1001.0,1296.0,4.9,53.9,0.4693
1054.0,5.6,791.0,830.0,967.0,1131.0,4.3,55.3,0.465
1004.0,4.8,753.0,879.0,942.0,1036.0,4.2,57.1,0.4759
1001.0,5.3,777.0,859.0,954.0,1009.0,3.5,58.3,0.4636
974.0,4.5,736.0,888.0,945.0,966.0,3.0,60.7,0.4667
915.0,3.0,653.0,973.0,905.0,901.0,2.6,63.2,0.4721
939.0,3.0,649.0,996.0,897.0,879.0,3.9,59.0,0.4807
973.0,4.7,748.0,878.0,968.0,991.0,4.7,57.2,0.4932
1011.0,5.4,782.0,846.0,992.0,1019.0,6.8,48.6,0.4822
1097.0,7.4,875.0,778.0,1080.0,1151.0,8.6,43.6,0.4887
1149.0,8.4,914.0,742.0,1072.0,1242.0,9.5,41.2,0.4908
1117.0,8.9,934.0,721.0,1075.0,1206.0,10.9,35.9,0.468
1085.0,7.9,896.0,760.0,1049.0,1138.0,12.5,32.3,0.467
1102.0,7.7,885.0,772.0,1051.0,1142.0,12.8,32.6,0.4814
1281.0,12.1,1053.0,659.0,1192.0,1438.0,10.9,39.7,0.5166
1472.0,16.6,1198.0,555.0,1344.0,1735.0,9.0,51.8,0.5961
1328.0,11.4,1029.0,637.0,1188.0,1611.0,8.1,54.1,0.5882
1198.0,7.9,897.0,720.0,1072.0,1436.0,7.8,54.6,0.5786
1176.0,8.1,905.0,718.0,1104.0,1389.0,6.2,59.6,0.5698
1118.0,6.4,830.0,765.0,1058.0,1313.0,5.7,59.9,0.5523
1091.0,5.2,773.0,820.0,1003.0,1232.0,5.6,59.7,0.5463
1078.0,5.2,775.0,809.0,1012.0,1195.0,4.7,62.9,0.5424
1043.0,4.3,726.0,875.0,972.0,1107.0,4.5,63.5,0.5411
992.0,3.6,685.0,916.0,963.0,1035.0,4.5,63.6,0.5414
1004.0,4.5,739.0,868.0,1004.0,1030.0,3.1,70.0,0.5388
947.0,3.3,673.0,929.0,974.0,929.0,3.2,68.3,0.531
923.0,2.7,634.0,984.0,943.0,875.0,3.1,69.2,0.5337
911.0,2.4,613.0,992.0,934.0,861.0,2.4,71.9,0.5288
924.0,2.6,629.0,994.0,941.0,852.0,3.1,68.7,0.5317
954.0,3.4,674.0,940.0,981.0,891.0,2.1,73.1,0.5289
960.0,3.9,704.0,887.0,1003.0,947.0,3.3,68.2,0.5346
1016.0,4.9,760.0,835.0,1044.0,1016.0,4.1,65.8,0.5451
1139.0,7.5,879.0,753.0,1092.0,1201.0,6.6,56.6,0.5528
1130.0,7.1,860.0,752.0,1058.0,1218.0,8.0,51.2,0.5516
1237.0,9.6,962.0,685.0,1138.0,1385.0,10.3,44.9,0.5612
1159.0,6.5,837.0,742.0,1087.0,1311.0,12.3,41.7,0.5961
1124.0,5.5,790.0,791.0,1071.0,1206.0,13.5,41.3,0.6342
1312.0,10.5,998.0,640.0,1249.0,1473.0,13.4,43.1,0.66
1246.0,8.9,936.0,665.0,1182.0,1460.0,9.9,53.3,0.6504
1232.0,8.8,931.0,674.0,1171.0,1627.0,8.9,54.6,0.6226
1286.0,10.5,996.0,644.0,1217.0,1827.0,8.9,54.8,0.6244
1347.0,13.0,1084.0,582.0,1290.0,2004.0,8.3,58.2,0.6391
1343.0,12.86037736,1078.490566,584.7358491,1287.735849,1987.90566,8.322641509,58.41320755,0.642628302
1339.0,12.72075472,1072.981132,587.4716981,1285.471698,1971.811321,8.345283019,58.62641509,0.646156604
1335.0,12.58113208,1067.471698,590.2075472,1283.207547,1955.716981,8.367924528,58.83962264,0.649684906
1331.0,12.44150943,1061.962264,592.9433962,1280.943396,1939.622642,8.390566038,59.05283019,0.653213208
1327.0,12.30188679,1056.45283,595.6792453,1278.679245,1923.528302,8.413207547,59.26603774,0.656741509
1323.0,12.16226415,1050.943396,598.4150943,1276.415094,1907.433962,8.435849057,59.47924528,0.660269811
1319.0,12.02264151,1045.433962,601.1509434,1274.150943,1891.339623,8.458490566,59.69245283,0.663798113
1315.0,11.88301887,1039.924528,603.8867925,1271.886792,1875.245283,8.481132075,59.90566038,0.667326415
1311.0,11.74339623,1034.415094,606.6226415,1269.622642,1859.150943,8.503773585,60.11886792,0.670854717
1307.0,11.60377358,1028.90566,609.3584906,1267.358491,1843.056604,8.526415094,60.33207547,0.674383019
1303.0,11.46415094,1023.396226,612.0943396,1265.09434,1826.962264,8.549056604,60.54528302,0.677911321
1299.0,11.3245283,1017.886792,614.8301887,1262.830189,1810.867925,8.571698113,60.75849057,0.681439623
1295.0,11.18490566,1012.377358,617.5660377,1260.566038,1794.773585,8.594339623,60.97169811,0.684967925
1291.0,11.04528302,1006.867925,620.3018868,1258.301887,1778.679245,8.616981132,61.18490566,0.688496226
1287.0,10.90566038,1001.358491,623.0377358,1256.037736,1762.584906,8.639622642,61.39811321,0.692024528
1283.0,10.76603774,995.8490566,625.7735849,1253.773585,1746.490566,8.662264151,61.61132075,0.69555283
1279.0,10.62641509,990.3396226,628.509434,1251.509434,1730.396226,8.68490566,61.8245283,0.699081132
1275.0,10.48679245,984.8301887,631.245283,1249.245283,1714.301887,8.70754717,62.03773585,0.702609434
1271.0,10.34716981,979.3207547,633.9811321,1246.981132,1698.207547,8.730188679,62.2509434,0.706137736
1267.0,10.20754717,973.8113208,636.7169811,1244.716981,1682.113208,8.752830189,62.46415094,0.709666038
1263.0,10.06792453,968.3018868,639.4528302,1242.45283,1666.018868,8.775471698,62.67735849,0.71319434
1259.0,9.928301887,962.7924528,642.1886792,1240.188679,1649.924528,8.798113208,62.89056604,0.716722642
1255.0,9.788679245,957.2830189,644.9245283,1237.924528,1633.830189,8.820754717,63.10377358,0.720250943
1251.0,9.649056604,951.7735849,647.6603774,1235.660377,1617.735849,8.843396226,63.31698113,0.723779245
1247.0,9.509433962,946.2641509,650.3962264,1233.396226,1601.641509,8.866037736,63.53018868,0.727307547
1243.0,9.369811321,940.754717,653.1320755,1231.132075,1585.54717,8.888679245,63.74339623,0.730835849
1239.0,9.230188679,935.245283,655.8679245,1228.867925,1569.45283,8.911320755,63.95660377,0.734364151
1235.0,9.090566038,929.7358491,658.6037736,1226.603774,1553.358491,8.933962264,64.16981132,0.737892453
1231.0,8.950943396,924.2264151,661.3396226,1224.339623,1537.264151,8.956603774,64.38301887,0.741420755
1227.0,8.811320755,918.7169811,664.0754717,1222.075472,1521.169811,8.979245283,64.59622642,0.744949057
1223.0,8.671698113,913.2075472,666.8113208,1219.811321,1505.075472,9.001886792,64.80943396,0.748477358
1219.0,8.532075472,907.6981132,669.5471698,1217.54717,1488.981132,9.024528302,65.02264151,0.75200566
1215.0,8.39245283,902.1886792,672.2830189,1215.283019,1472.886792,9.047169811,65.23584906,0.755533962
1211.0,8.252830189,896.6792453,675.0188679,1213.018868,1456.792453,9.069811321,65.4490566,0.759062264
1207.0,8.113207547,891.1698113,677.754717,1210.754717,1440.698113,9.09245283,65.66226415,0.762590566
1203.0,7.973584906,885.6603774,680.490566,1208.490566,1424.603774,9.11509434,65.8754717,0.766118868
1199.0,7.833962264,880.1509434,683.2264151,1206.226415,1408.509434,9.137735849,66.08867925,0.76964717
1195.0,7.694339623,874.6415094,685.9622642,1203.962264,1392.415094,9.160377358,66.30188679,0.773175472
1191.0,7.554716981,869.1320755,688.6981132,1201.698113,1376.320755,9.183018868,66.51509434,0.776703774
1187.0,7.41509434,863.6226415,691.4339623,1199.433962,1360.226415,9.205660377,66.72830189,0.780232075
1183.0,7.275471698,858.1132075,694.1698113,1197.169811,1344.132075,9.228301887,66.94150943,0.783760377
1179.0,7.135849057,852.6037736,696.9056604,1194.90566,1328.037736,9.250943396,67.15471698,0.787288679
1175.0,6.996226415,847.0943396,699.6415094,1192.641509,1311.943396,9.273584906,67.36792453,0.790816981
1171.0,6.856603774,841.5849057,702.3773585,1190.377358,1295.849057,9.296226415,67.58113208,0.794345283
1167.0,6.716981132,836.0754717,705.1132075,1188.113208,1279.754717,9.318867925,67.79433962,0.797873585
1163.0,6.577358491,830.5660377,707.8490566,1185.849057,1263.660377,9.341509434,68.00754717,0.801401887
1159.0,6.437735849,825.0566038,710.5849057,1183.584906,1247.566038,9.364150943,68.22075472,0.804930189
1155.0,6.298113208,819.5471698,713.3207547,1181.320755,1231.471698,9.386792453,68.43396226,0.808458491
1151.0,6.158490566,814.0377358,716.0566038,1179.056604,1215.377358,9.409433962,68.64716981,0.811986792
1147.0,6.018867925,808.5283019,718.7924528,1176.792453,1199.283019,9.432075472,68.86037736,0.815515094
1143.0,5.879245283,803.0188679,721.5283019,1174.528302,1183.188679,9.454716981,69.07358491,0.819043396
1139.0,5.739622642,797.509434,724.2641509,1172.264151,1167.09434,9.477358491,69.28679245,0.822571698
1135.0,5.6,792.0,727.0,1170.0,1151.0,9.5,69.5,0.8261
1188.0,8.1,901.0,657.0,1261.0,1185.0,9.1,70.9,0.8176
1242.0,8.5,921.0,626.0,1219.0,1374.0,8.1,72.1,0.7798
1219.0,7.7,889.0,649.0,1186.0,1405.0,7.9,72.1,0.7679
1187.0,6.8,850.0,653.0,1169.0,1383.0,7.6,72.7,0.7598
1225.0,8.1,904.0,644.0,1194.0,1460.0,7.5,71.7,0.7439
1333.0,11.1,1019.0,576.0,1275.0,1612.0,7.9,70.6,0.7562
1489.0,16.4,1193.0,497.0,1475.0,1776.0,8.6,69.0,0.7732
1596.0,21.6,1341.0,436.0,1672.0,1991.0,9.1,67.5,0.7831
1585.0,19.3,1277.0,456.0,1567.0,1944.0,9.8,65.8,0.7967
1674.0,22.9,1376.0,438.0,1643.0,2098.0,11.2,61.9,0.8226
1741.0,25.3,1438.0,416.0,1741.0,2159.0,12.8,60.1,0.882
1680.0,25.2,1434.0,417.0,1790.0,2005.0,13.4,62.4,0.9513
1295.0,13.2,1090.0,553.0,1479.0,1441.0,14.3,61.2,0.9941
1288.0,13.9,1112.0,560.0,1492.0,1380.0,14.6,59.6,0.9824
1281.0,13.8,1111.0,553.0,1483.0,1409.0,14.2,60.0,0.9684
1310.0,13.5,1099.0,559.0,1481.0,1445.0,13.8,62.6,0.9862
1276.0,13.5,1099.0,559.0,1504.0,1388.0,13.6,64.0,0.9891
1312.0,15.0,1148.0,532.0,1525.0,1411.0,13.4,64.5,0.9865
1332.0,14.9,1146.0,539.0,1523.0,1377.0,13.5,64.7,0.9971
1248.0,11.9,1046.0,588.0,1404.0,1316.0,13.4,65.3,0.9967
1182.0,9.2,947.0,643.0,1334.0,1210.0,13.2,64.5,0.9732
1059.0,6.0,810.0,764.0,1200.0,1002.0,13.2,62.3,0.9392
1056.0,5.6,795.0,783.0,1187.0,896.0,12.5,63.7,0.9196
1064.0,5.4,785.0,769.0,1184.0,946.0,12.3,64.6,0.9229
1059.0,5.4,783.0,781.0,1188.0,877.0,12.5,63.8,0.9244
991.0,3.5,681.0,874.0,1125.0,718.0,12.6,62.7,0.9121
950.0,2.5,622.0,960.0,1093.0,643.0,12.0,64.6,0.906
1005.0,3.4,679.0,875.0,1120.0,745.0,10.7,69.5,0.8919
939.0,1.8,568.0,1037.0,1054.0,656.0,12.4,62.6,0.8994
961.0,2.6,629.0,1011.0,1114.0,682.0,12.3,62.7,0.8947
1017.0,4.0,712.0,827.0,1147.0,829.0,11.4,66.6,0.8948
1108.0,6.2,823.0,720.0,1247.0,961.0,11.1,70.2,0.9276
1122.0,5.8,803.0,733.0,1225.0,960.0,13.4,61.0,0.9348
1099.0,6.3,826.0,739.0,1223.0,940.0,15.9,52.2,0.9377
1124.0,5.9,805.0,726.0,1233.0,938.0,15.6,54.0,0.9515
1186.0,8.5,921.0,660.0,1310.0,1040.0,16.3,51.5,0.9462
1096.0,6.2,819.0,733.0,1238.0,904.0,16.5,50.8,0.9442
1120.0,6.4,829.0,725.0,1259.0,910.0,16.3,51.9,0.9535
1185.0,7.9,893.0,666.0,1312.0,1011.0,16.2,53.0,0.9687
1173.0,7.7,885.0,685.0,1288.0,1038.0,15.6,54.8,0.966
1221.0,8.9,935.0,642.0,1323.0,1144.0,14.5,57.5,0.944
1330.0,12.4,1063.0,578.0,1419.0,1352.0,14.0,60.1,0.9566
1325.0,11.3,1027.0,591.0,1394.0,1365.0,13.5,63.0,0.9686
1195.0,8.4,915.0,666.0,1295.0,1245.0,12.6,65.4,0.9529
1150.0,7.3,869.0,694.0,1252.0,1203.0,12.0,67.5,0.9413
1145.0,5.9,806.0,736.0,1207.0,1120.0,10.5,72.0,0.912
1041.0,4.3,729.0,819.0,1130.0,972.0,10.0,70.9,0.8706
1032.0,3.6,687.0,867.0,1109.0,878.0,9.8,70.7,0.8571
1010.0,3.1,661.0,881.0,1100.0,853.0,8.0,75.0,0.8098
951.0,2.5,620.0,938.0,1077.0,779.0,7.9,75.1,0.805
944.0,2.5,617.0,944.0,1039.0,766.0,7.0,77.3,0.7782
862.0,1.4,540.0,1110.0,999.0,670.0,7.2,74.4,0.7581
909.0,1.8,567.0,1049.0,993.0,694.0,6.7,75.0,0.7418
965.0,3.1,659.0,973.0,1059.0,739.0,6.4,76.3,0.7389
1102.0,7.6,884.0,719.0,1218.0,940.0,6.0,78.5,0.7377
1226.0,15.3,1157.0,552.0,1464.0,1201.0,6.3,77.4,0.7452
1132.0,9.3,950.0,659.0,1253.0,1106.0,7.7,73.8,0.7769
1183.0,11.0,1013.0,632.0,1306.0,1186.0,10.2,61.5,0.7638
1211.0,10.6,998.0,605.0,1298.0,1302.0,11.3,58.1,0.7743
1253.0,11.4,1030.0,590.0,1351.0,1368.0,10.6,62.3,0.7981
1311.0,13.1,1088.0,563.0,1402.0,1452.0,11.1,62.0,0.8199
1341.0,14.8,1142.0,536.0,1454.0,1537.0,12.6,57.7,0.8387
1432.0,16.5,1195.0,509.0,1513.0,1651.0,13.3,56.2,0.8548
1404.0,16.5,1195.0,499.0,1501.0,1623.0,11.2,65.3,0.8639
1493.0,21.5,1337.0,466.0,1638.0,1742.0,8.8,74.6,0.8434
1478.0,22.2,1357.0,473.0,1652.0,1639.0,7.2,78.5,0.803
1411.0,20.5,1311.0,487.0,1589.0,1537.0,6.5,80.0,0.7789
1387.0,17.7,1231.0,523.0,1487.0,1463.0,5.8,83.8,0.7768
1306.0,15.4,1161.0,557.0,1407.0,1379.0,5.5,83.5,0.7619
1232.0,11.6,1035.0,623.0,1296.0,1256.0,5.8,81.3,0.7568
1277.0,13.0,1085.0,589.0,1329.0,1344.0,5.4,82.6,0.7495
1063.0,6.7,843.0,762.0,1125.0,1089.0,6.4,76.3,0.7369
991.0,4.6,744.0,863.0,1069.0,949.0,7.0,73.6,0.7417
989.0,3.8,701.0,871.0,1049.0,933.0,7.2,72.3,0.7392
972.0,3.4,674.0,926.0,1032.0,882.0,7.9,69.3,0.7413
973.0,3.4,675.0,903.0,1029.0,905.0,7.4,71.7,0.7434
985.0,3.6,691.0,878.0,1056.0,902.0,7.7,71.9,0.7575
1020.0,4.5,736.0,854.0,1069.0,923.0,8.1,68.0,0.7396
1192.0,10.0,978.0,638.0,1273.0,1210.0,6.7,77.1,0.7597
1325.0,14.7,1140.0,542.0,1403.0,1468.0,6.8,77.9,0.7756
1219.0,11.3,1026.0,604.0,1311.0,1329.0,8.9,66.7,0.7634
1195.0,10.4,992.0,632.0,1251.0,1295.0,11.6,54.1,0.7387
1230.0,11.2,1020.0,605.0,1301.0,1365.0,13.5,49.4,0.7598
1312.0,13.1,1087.0,567.0,1393.0,1452.0,13.8,50.9,0.796
1387.0,14.3,1127.0,530.0,1430.0,1615.0,13.4,55.9,0.8588
1375.0,12.8,1076.0,555.0,1377.0,1599.0,12.9,59.0,0.8736
1532.0,18.9,1265.0,482.0,1578.0,1777.0,13.3,59.0,0.8945
1531.0,17.9,1235.0,484.0,1541.0,1742.0,13.0,61.9,0.9224
1479.0,16.5,1196.0,498.0,1511.0,1739.0,12.5,63.6,0.9193
1521.0,16.9,1208.0,497.0,1549.0,1770.0,12.2,65.8,0.931
1616.0,22.4,1363.0,442.0,1701.0,1918.0,12.6,65.2,0.9474
1371.0,13.6,1105.0,553.0,1429.0,1581.0,13.3,63.6,0.9681
1198.0,9.1,943.0,647.0,1307.0,1291.0,13.5,62.6,0.9644
1102.0,6.0,813.0,764.0,1204.0,1000.0,14.1,59.6,0.9563
1120.0,6.3,826.0,750.0,1222.0,974.0,14.0,61.4,0.9773
1093.0,5.5,789.0,771.0,1206.0,949.0,13.5,63.4,0.9755
1112.0,5.6,791.0,764.0,1216.0,934.0,13.2,64.2,0.9706
986.0,3.4,674.0,883.0,1137.0,730.0,13.6,62.2,0.9643
934.0,2.3,609.0,976.0,1094.0,581.0,13.7,61.1,0.9537
919.0,1.8,571.0,1017.0,1082.0,521.0,13.5,63.8,0.9801
929.0,1.6,556.0,1035.0,1094.0,575.0,12.5,67.3,0.9743
919.0,1.6,552.0,1063.0,1080.0,522.0,13.2,64.2,0.9664
944.0,2.0,586.0,977.0,1090.0,586.0,13.1,63.4,0.9535
943.0,1.9,580.0,980.0,1074.0,566.0,13.8,60.5,0.9526
1036.0,3.5,683.0,846.0,1144.0,693.0,13.7,60.4,0.939
1168.0,5.7,797.0,698.0,1235.0,1022.0,14.0,59.7,0.9495
1232.0,8.1,903.0,626.0,1313.0,1152.0,15.0,56.2,0.9539
1236.0,8.1,901.0,628.0,1311.0,1108.0,16.9,50.9,0.9714
1278.0,12.6,1070.0,557.0,1479.0,1110.0,16.6,52.4,0.981
1369.0,18.1,1242.0,476.0,1669.0,1306.0,16.4,53.2,0.9826
1182.0,8.7,929.0,648.0,1324.0,1029.0,16.1,52.8,0.9579
1210.0,8.8,933.0,648.0,1327.0,1094.0,15.7,54.4,0.9616
1316.0,14.1,1121.0,548.0,1488.0,1282.0,15.4,55.3,0.9616
1221.0,9.3,952.0,641.0,1334.0,1147.0,15.2,54.7,0.9362
1260.0,11.6,1034.0,588.0,1402.0,1208.0,14.7,56.6,0.9392
1231.0,9.6,962.0,625.0,1348.0,1192.0,14.4,58.2,0.9495
1115.0,5.8,804.0,734.0,1220.0,1136.0,14.3,59.2,0.9608
1180.0,7.5,877.0,680.0,1297.0,1131.0,14.0,60.4,0.9622
1174.0,7.4,873.0,672.0,1300.0,1071.0,13.7,63.6,0.9912
1178.0,7.4,876.0,666.0,1319.0,1059.0,13.1,68.7,1.0329
1052.0,3.9,704.0,807.0,1210.0,909.0,13.2,69.9,1.0526
998.0,2.1,591.0,937.0,1147.0,820.0,12.8,71.2,1.0454
960.0,1.3,532.0,1059.0,1122.0,724.0,12.9,70.4,1.0444
958.0,1.8,571.0,998.0,1138.0,707.0,12.4,72.5,1.0411
989.0,3.0,650.0,900.0,1171.0,768.0,13.0,70.3,1.0502
1162.0,6.7,843.0,685.0,1336.0,1027.0,12.3,73.3,1.0448
1523.0,21.0,1324.0,451.0,1776.0,1502.0,12.8,71.8,1.0551
1511.0,21.4,1334.0,433.0,1804.0,1606.0,13.1,70.2,1.0567
1420.0,16.1,1183.0,488.0,1626.0,1520.0,12.8,71.8,1.0551
1413.0,16.4,1193.0,484.0,1598.0,1566.0,13.1,70.3,1.0566
1335.0,14.8,1141.0,512.0,1536.0,1501.0,13.7,67.0,1.0446
1451.0,20.1,1298.0,452.0,1744.0,1634.0,14.0,65.4,1.0427
1410.0,19.3,1276.0,459.0,1701.0,1587.0,14.4,63.8,1.0421
1429.0,19.3,1277.0,456.0,1721.0,1560.0,14.1,65.9,1.0531
1409.0,17.4,1223.0,475.0,1640.0,1538.0,14.1,65.9,1.0552
1372.0,17.0,1210.0,484.0,1629.0,1491.0,14.1,66.0,1.0539
1366.0,17.1,1213.0,489.0,1611.0,1469.0,14.0,66.4,1.0536
1365.0,16.4,1192.0,492.0,1593.0,1486.0,13.8,66.4,1.0451
1385.0,17.3,1218.0,478.0,1620.0,1494.0,13.4,68.1,1.0441
1361.0,14.6,1137.0,503.0,1526.0,1471.0,13.2,69.1,1.0452
1312.0,11.9,1047.0,545.0,1430.0,1399.0,13.0,70.0,1.042
1177.0,7.3,871.0,660.0,1292.0,1192.0,12.7,69.9,1.0223
1205.0,7.7,888.0,647.0,1292.0,1187.0,12.0,71.9,1.0071
1114.0,4.9,757.0,744.0,1204.0,1070.0,13.2,66.8,1.0087
1047.0,3.9,708.0,816.0,1167.0,949.0,12.4,69.5,0.9986
982.0,2.1,592.0,953.0,1106.0,830.0,13.1,65.7,0.9858
992.0,2.9,644.0,899.0,1128.0,854.0,11.8,70.6,0.9731
977.0,2.6,629.0,908.0,1129.0,835.0,12.3,68.0,0.9734
1047.0,3.3,671.0,863.0,1147.0,887.0,12.0,69.2,0.9697
1126.0,5.2,775.0,760.0,1205.0,1019.0,11.7,69.8,0.9612
1474.0,19.0,1268.0,502.0,1677.0,1503.0,12.1,67.6,0.95
1526.0,26.5,1466.0,415.0,1855.0,1687.0,12.5,65.1,0.9399
1386.0,15.3,1158.0,518.0,1485.0,1553.0,12.8,62.5,0.9213
1392.0,15.6,1166.0,519.0,1488.0,1624.0,13.4,59.9,0.9143
1363.0,16.4,1192.0,499.0,1501.0,1637.0,13.4,57.9,0.8895
1331.0,16.1,1184.0,507.0,1508.0,1533.0,13.6,56.4,0.8754
1401.0,18.8,1261.0,479.0,1580.0,1577.0,13.8,56.3,0.8841
1374.0,18.0,1239.0,483.0,1569.0,1532.0,13.7,57.9,0.9063
1436.0,20.1,1299.0,451.0,1616.0,1621.0,13.6,58.9,0.9139
1386.0,17.6,1228.0,479.0,1546.0,1578.0,13.4,59.7,0.9142
1419.0,19.3,1277.0,459.0,1603.0,1631.0,13.3,61.2,0.933
1428.0,19.7,1288.0,465.0,1580.0,1629.0,13.2,61.8,0.9313
1508.0,24.5,1416.0,418.0,1773.0,1733.0,12.9,61.5,0.9139
1438.0,18.4,1251.0,470.0,1593.0,1622.0,12.6,63.9,0.9307
1415.0,16.6,1197.0,486.0,1539.0,1597.0,12.0,67.4,0.9417
1433.0,16.2,1186.0,479.0,1497.0,1738.0,11.9,69.0,0.9568
1208.0,9.6,964.0,602.0,1305.0,1350.0,12.0,66.6,0.9293
1280.0,11.4,1029.0,564.0,1366.0,1363.0,11.4,69.6,0.9373
1174.0,9.1,942.0,626.0,1296.0,1262.0,11.2,70.3,0.9323
1022.0,4.3,729.0,803.0,1139.0,1034.0,11.5,68.2,0.9271
1002.0,4.2,722.0,807.0,1161.0,998.0,10.7,71.3,0.9161
1018.0,4.7,746.0,800.0,1171.0,958.0,10.0,74.8,0.9161
1095.0,7.3,868.0,676.0,1241.0,1078.0,9.2,78.5,0.9143
1182.0,9.3,951.0,634.0,1327.0,1143.0,8.8,79.4,0.9033
1478.0,17.8,1234.0,470.0,1606.0,1551.0,8.7,79.4,0.8944
1515.0,20.1,1298.0,434.0,1706.0,1669.0,8.9,76.5,0.8767
1488.0,19.6,1286.0,452.0,1648.0,1766.0,9.9,73.3,0.8936
1383.0,16.5,1196.0,497.0,1514.0,1717.0,11.8,65.5,0.901
1383.0,17.3,1218.0,497.0,1506.0,1738.0,13.0,60.9,0.9061
1337.0,17.7,1231.0,505.0,1518.0,1611.0,14.7,52.3,0.8687
1243.0,15.2,1155.0,546.0,1473.0,1398.0,15.1,49.6,0.8428
1304.0,18.2,1244.0,507.0,1558.0,1497.0,15.7,48.8,0.8657
1284.0,17.2,1216.0,522.0,1545.0,1415.0,15.8,48.9,0.8707
1303.0,17.6,1226.0,521.0,1554.0,1457.0,14.6,54.0,0.8946
1461.0,25.4,1440.0,440.0,1806.0,1669.0,14.3,56.3,0.9119
1517.0,28.4,1512.0,421.0,1902.0,1740.0,14.1,57.8,0.9262
1526.0,27.5,1492.0,428.0,1883.0,1770.0,13.1,62.9,0.943
1495.0,23.3,1386.0,457.0,1736.0,1734.0,12.0,67.5,0.9467
1333.0,15.2,1154.0,534.0,1441.0,1647.0,10.7,70.9,0.9113
1216.0,11.1,1020.0,605.0,1337.0,1379.0,10.0,73.2,0.8988
1232.0,11.5,1032.0,599.0,1347.0,1331.0,9.4,75.0,0.8874
1181.0,10.2,985.0,629.0,1312.0,1240.0,8.5,76.9,0.8557
1042.0,6.0,814.0,746.0,1167.0,1036.0,8.4,75.9,0.8407
1027.0,6.3,824.0,753.0,1171.0,969.0,6.9,80.7,0.8054
915.0,3.7,695.0,883.0,1094.0,826.0,6.2,82.1,0.7825
891.0,3.2,666.0,931.0,1058.0,798.0,7.0,77.3,0.7759
937.0,3.7,694.0,915.0,1054.0,817.0,6.5,79.7,0.7751
1086.0,8.0,901.0,715.0,1216.0,1055.0,7.7,76.8,0.8112
1326.0,16.3,1190.0,531.0,1509.0,1391.0,8.2,74.9,0.8184
1469.0,24.0,1403.0,452.0,1780.0,1665.0,8.8,73.2,0.8298
1321.0,15.7,1170.0,532.0,1488.0,1539.0,9.7,70.1,0.8432
1396.0,16.5,1196.0,524.0,1492.0,1653.0,11.7,62.7,0.8586
1270.0,12.8,1077.0,583.0,1353.0,1586.0,13.1,58.5,0.877
1189.0,11.3,1025.0,626.0,1316.0,1332.0,14.2,54.1,0.8707
1227.0,12.9,1081.0,570.0,1396.0,1369.0,14.2,54.3,0.8757
1266.0,14.1,1118.0,564.0,1410.0,1373.0,14.0,56.3,0.894
1277.0,15.8,1175.0,531.0,1480.0,1397.0,13.5,57.8,0.8933
1438.0,19.9,1295.0,470.0,1620.0,1577.0,12.3,63.0,0.9015
1523.0,26.6,1470.0,414.0,1811.0,1783.0,11.4,68.0,0.9166
1384.0,19.8,1290.0,475.0,1571.0,1568.0,10.8,69.5,0.8995
1283.0,13.3,1093.0,581.0,1354.0,1356.0,11.0,67.1,0.8766
1304.0,13.0,1085.0,571.0,1385.0,1419.0,9.5,71.3,0.8458
1126.0,7.5,880.0,690.0,1202.0,1177.0,8.8,71.0,0.8089
1141.0,7.8,892.0,686.0,1213.0,1141.0,8.0,73.4,0.7899
1183.0,8.8,930.0,669.0,1210.0,1179.0,7.6,73.0,0.7629
1090.0,6.4,830.0,744.0,1125.0,1056.0,7.1,73.9,0.7515
1032.0,4.5,736.0,809.0,1064.0,973.0,7.1,73.5,0.7439
940.0,3.6,691.0,877.0,1036.0,827.0,6.7,75.0,0.739
981.0,4.2,721.0,866.0,1059.0,836.0,5.1,81.3,0.7204
1104.0,6.9,851.0,687.0,1101.0,1085.0,4.3,82.9,0.6968
989.0,5.0,762.0,793.0,1076.0,959.0,5.3,80.4,0.7234
1079.0,7.3,869.0,732.0,1160.0,1039.0,5.7,79.3,0.7326
1472.0,24.5,1418.0,459.0,1681.0,1554.0,6.8,74.8,0.7423
1313.0,16.9,1206.0,513.0,1469.0,1546.0,6.9,75.2,0.7505
1363.0,17.7,1229.0,515.0,1490.0,1638.0,8.0,71.9,0.7712
1347.0,17.1,1212.0,527.0,1443.0,1568.0,9.3,67.1,0.7849
1240.0,14.7,1140.0,567.0,1388.0,1433.0,10.2,63.6,0.7928
1280.0,17.4,1222.0,526.0,1519.0,1452.0,11.0,60.9,0.7966
1210.0,15.1,1151.0,569.0,1428.0,1345.0,11.3,60.1,0.8022
1216.0,14.5,1134.0,566.0,1403.0,1336.0,12.2,56.9,0.8068
1320.0,16.9,1207.0,535.0,1498.0,1442.0,11.9,59.1,0.8211
1477.0,24.3,1412.0,450.0,1704.0,1748.0,10.3,66.3,0.8286
1500.0,26.1,1458.0,428.0,1750.0,1776.0,8.2,74.9,0.8187
1512.0,26.4,1463.0,435.0,1720.0,1802.0,7.9,77.1,0.8223
1496.0,25.7,1447.0,435.0,1710.0,1796.0,8.3,75.0,0.8253
1360.0,18.2,1246.0,513.0,1504.0,1600.0,8.2,75.2,0.8185
1024.0,6.2,819.0,782.0,1101.0,1083.0,8.3,69.7,0.7632
1094.0,6.7,845.0,780.0,1127.0,1064.0,6.7,74.4,0.7344
1111.0,7.5,877.0,735.0,1142.0,1104.0,6.4,74.9,0.7238
1097.0,7.5,878.0,737.0,1140.0,1053.0,4.9,80.1,0.7011
1051.0,6.2,820.0,778.0,1087.0,1009.0,4.8,79.4,0.6872
979.0,5.1,767.0,827.0,1041.0,908.0,3.3,82.6,0.645
978.0,4.8,756.0,834.0,1015.0,878.0,2.4,86.6,0.6369
902.0,3.1,659.0,940.0,972.0,800.0,3.4,81.4,0.6425
957.0,2.8,641.0,1013.0,940.0,784.0,4.2,77.0,0.6439
973.0,4.3,728.0,902.0,1004.0,854.0,3.5,80.8,0.6406
1074.0,9.7,967.0,703.0,1201.0,1065.0,3.5,80.3,0.6366
1115.0,10.9,1012.0,650.0,1230.0,1161.0,4.0,78.5,0.645
1136.0,10.6,1001.0,653.0,1216.0,1192.0,4.5,76.6,0.6534
1128.0,10.0,977.0,673.0,1199.0,1202.0,5.6,72.3,0.6627
1196.0,11.6,1035.0,633.0,1259.0,1338.0,7.5,64.4,0.672
1267.0,15.6,1166.0,567.0,1382.0,1505.0,8.9,60.8,0.6921
1355.0,18.1,1244.0,536.0,1454.0,1715.0,10.6,55.3,0.7058
1194.0,12.3,1061.0,622.0,1257.0,1473.0,12.3,46.3,0.6597
1188.0,11.4,1029.0,635.0,1243.0,1433.0,12.2,47.0,0.6686
1279.0,15.2,1154.0,573.0,1391.0,1544.0,10.5,55.1,0.6993
1361.0,17.4,1223.0,525.0,1454.0,1648.0,8.7,66.3,0.7491
1474.0,20.8,1319.0,496.0,1524.0,1784.0,7.9,69.9,0.7487
1235.0,12.8,1078.0,616.0,1265.0,1519.0,7.6,65.3,0.6842
1289.0,14.7,1140.0,590.0,1317.0,1532.0,6.5,67.6,0.6608
1124.0,8.3,910.0,717.0,1112.0,1340.0,5.9,66.4,0.6226
1231.0,11.1,1017.0,655.0,1207.0,1414.0,5.2,70.0,0.6232
1289.0,13.6,1104.0,623.0,1257.0,1499.0,5.2,67.8,0.6028
1166.0,9.8,970.0,705.0,1136.0,1306.0,4.9,67.1,0.5863
1062.0,7.6,884.0,748.0,1062.0,1172.0,5.1,65.5,0.5811
1028.0,6.0,813.0,794.0,1019.0,1076.0,4.0,69.5,0.5706
1003.0,5.9,807.0,819.0,1021.0,1005.0,3.7,68.9,0.5549
929.0,4.2,721.0,923.0,956.0,913.0,4.5,62.7,0.5343
951.0,4.5,737.0,910.0,977.0,922.0,4.7,62.3,0.5368
1011.0,5.4,783.0,835.0,1013.0,1026.0,3.9,67.1,0.5483
939.0,4.8,751.0,898.0,984.0,952.0,5.7,54.5,0.5034
946.0,6.3,827.0,876.0,1037.0,915.0,6.1,50.3,0.4769
841.0,2.6,625.0,1054.0,846.0,687.0,9.0,39.5,0.4554
850.0,2.6,629.0,1076.0,847.0,597.0,10.7,34.4,0.4406
831.0,2.2,602.0,1123.0,824.0,527.0,11.1,33.4,0.4401
866.0,3.0,652.0,1060.0,857.0,573.0,11.9,30.8,0.4285
819.0,1.9,576.0,1142.0,809.0,492.0,11.4,32.0,0.431
833.0,2.0,584.0,1144.0,821.0,463.0,11.3,32.5,0.4334
877.0,2.8,642.0,1037.0,859.0,565.0,11.0,33.0,0.4331
892.0,3.3,668.0,1017.0,872.0,632.0,10.3,35.0,0.4377
899.0,3.4,674.0,1002.0,893.0,691.0,8.4,40.9,0.4542
1008.0,7.1,861.0,839.0,977.0,943.0,8.3,38.5,0.4228
1013.0,7.4,873.0,820.0,984.0,985.0,8.1,37.9,0.41
912.0,4.3,730.0,959.0,893.0,821.0,7.7,39.0,0.4106
907.0,3.9,705.0,995.0,880.0,767.0,7.0,41.5,0.4193
953.0,5.2,771.0,905.0,936.0,895.0,6.6,42.6,0.4179
916.0,3.8,701.0,954.0,899.0,791.0,6.4,44.2,0.428
894.0,3.5,682.0,991.0,881.0,770.0,6.0,46.0,0.4349
895.0,2.9,648.0,1001.0,875.0,839.0,4.4,53.1,0.4484
845.0,1.4,534.0,1168.0,833.0,721.0,4.0,54.3,0.4454
837.0,1.1,512.0,1228.0,836.0,720.0,3.7,55.8,0.4489
795.0,1.0,504.0,1258.0,840.0,682.0,2.6,58.6,0.4385
874.0,1.6,552.0,1162.0,857.0,723.0,3.2,56.0,0.4364
920.0,3.2,667.0,1005.0,916.0,813.0,3.6,55.4,0.4419
1257.0,15.9,1176.0,612.0,1357.0,1365.0,1.8,63.3,0.4464
1222.0,18.0,1239.0,574.0,1346.0,1472.0,2.4,60.2,0.4426
1196.0,14.7,1139.0,617.0,1271.0,1497.0,4.6,52.1,0.4472
1214.0,15.1,1153.0,612.0,1244.0,1626.0,8.2,40.5,0.4414
1149.0,13.4,1096.0,639.0,1219.0,1476.0,10.5,34.7,0.4393
1166.0,14.5,1134.0,603.0,1227.0,1531.0,11.1,33.3,0.4384
1170.0,14.7,1138.0,611.0,1233.0,1503.0,11.1,32.6,0.4292
1176.0,17.0,1209.0,588.0,1264.0,1488.0,12.4,28.3,0.4076
1147.0,15.3,1158.0,615.0,1200.0,1435.0,12.9,24.5,0.363
1294.0,21.2,1330.0,535.0,1363.0,1725.0,11.4,28.7,0.3865
1683.0,43.0,1831.0,374.0,1964.0,2331.0,9.2,39.3,0.4573
1615.0,37.2,1712.0,384.0,1811.0,2312.0,7.8,48.1,0.5115
1256.0,16.7,1201.0,563.0,1251.0,1699.0,7.2,50.6,0.517
1205.0,13.4,1098.0,610.0,1170.0,1587.0,6.0,53.3,0.5008
1087.0,8.7,926.0,715.0,1053.0,1390.0,5.3,55.0,0.4921
1092.0,7.4,875.0,751.0,1010.0,1347.0,4.2,58.1,0.4832
1039.0,6.7,845.0,775.0,993.0,1268.0,3.4,60.9,0.4809
1001.0,5.0,762.0,850.0,948.0,1155.0,3.0,60.2,0.4639
925.0,3.4,677.0,958.0,901.0,1024.0,3.2,58.8,0.4578
880.0,2.4,613.0,1016.0,878.0,968.0,3.3,57.7,0.4516
873.0,2.1,592.0,1076.0,869.0,915.0,4.5,53.8,0.4572
880.0,2.5,618.0,1023.0,893.0,928.0,3.1,59.7,0.4604
950.0,3.5,680.0,936.0,914.0,1028.0,4.2,57.1,0.4743
1039.0,6.9,855.0,783.0,1025.0,1210.0,3.4,58.5,0.4608
1284.0,16.8,1204.0,599.0,1337.0,1531.0,3.9,57.3,0.4661
1350.0,20.3,1305.0,509.0,1383.0,1745.0,4.3,56.8,0.4768
1476.0,25.0,1428.0,477.0,1536.0,1974.0,5.6,52.9,0.4841
1342.0,17.2,1215.0,542.0,1332.0,1806.0,5.5,54.9,0.4985
1488.0,21.4,1336.0,479.0,1483.0,1985.0,5.1,64.3,0.5697
1557.0,25.1,1432.0,445.0,1605.0,2068.0,5.5,66.1,0.601
1610.0,28.0,1502.0,420.0,1697.0,2087.0,5.5,69.3,0.6331
1583.0,26.1,1457.0,431.0,1640.0,1994.0,5.0,75.5,0.6667
1620.0,24.7,1420.0,436.0,1598.0,1971.0,5.2,76.2,0.6796
1605.0,24.5,1416.0,436.0,1614.0,1941.0,5.3,77.4,0.6954
1604.0,27.7,1496.0,410.0,1733.0,1969.0,5.0,79.6,0.7022
1582.0,26.0,1455.0,423.0,1725.0,1813.0,5.1,83.0,0.7352
1523.0,21.7,1342.0,466.0,1588.0,1677.0,6.4,82.9,0.8022
1172.0,6.0,813.0,774.0,1233.0,1118.0,10.3,74.0,0.9237
1021.0,3.3,670.0,932.0,1187.0,828.0,11.3,71.8,0.9577
1125.0,4.9,758.0,820.0,1241.0,867.0,9.8,81.9,0.9923
1197.0,6.6,840.0,712.0,1298.0,974.0,9.5,83.8,0.9972
1174.0,6.7,842.0,723.0,1286.0,975.0,9.9,81.0,0.9885
1106.0,4.4,733.0,822.0,1208.0,902.0,9.9,79.8,0.9725
873.0,1.5,549.0,1106.0,1008.0,791.0,6.9,76.4,0.7661
828.0,1.1,506.0,1222.0,945.0,673.0,4.8,75.7,0.659
830.0,0.9,492.0,1263.0,948.0,578.0,4.7,78.9,0.682
840.0,1.2,515.0,1235.0,941.0,563.0,5.0,75.0,0.6627
909.0,2.5,622.0,1046.0,992.0,730.0,5.6,69.5,0.6362
1098.0,7.6,881.0,760.0,1203.0,974.0,7.0,64.9,0.6512
1036.0,7.3,868.0,732.0,1158.0,958.0,7.1,65.4,0.6644
912.0,3.7,692.0,923.0,1020.0,713.0,6.4,67.4,0.6537
873.0,2.5,618.0,1036.0,994.0,617.0,5.3,75.9,0.6824
889.0,2.7,634.0,1009.0,1018.0,591.0,6.3,73.0,0.7024
965.0,4.6,742.0,889.0,1099.0,661.0,8.6,63.3,0.7073
1009.0,6.7,845.0,771.0,1132.0,856.0,10.0,55.0,0.6753
918.0,4.3,729.0,904.0,1014.0,639.0,9.4,53.6,0.6333
920.0,4.3,729.0,891.0,1013.0,647.0,9.2,55.0,0.6402
923.0,4.1,715.0,915.0,1015.0,646.0,8.7,55.1,0.6228
1021.0,7.6,883.0,766.0,1139.0,846.0,8.9,54.4,0.62
998.0,7.0,858.0,770.0,1109.0,857.0,8.6,53.6,0.5992
1061.0,9.6,962.0,721.0,1167.0,942.0,9.0,50.4,0.5809
1016.0,7.8,892.0,758.0,1109.0,945.0,9.2,49.8,0.5808
859.0,2.4,611.0,1053.0,918.0,562.0,8.8,52.1,0.5918
945.0,3.9,707.0,963.0,1005.0,657.0,8.8,50.9,0.5781
937.0,4.1,715.0,896.0,995.0,723.0,8.7,51.1,0.5755
876.0,2.5,618.0,1032.0,948.0,555.0,8.6,51.5,0.5772
831.0,1.3,530.0,1169.0,893.0,472.0,8.5,51.9,0.5766
828.0,1.2,514.0,1205.0,880.0,434.0,8.1,53.1,0.5742
810.0,0.7,470.0,1315.0,863.0,412.0,7.8,54.2,0.5755
822.0,0.9,493.0,1278.0,876.0,453.0,7.1,56.0,0.569
898.0,2.9,646.0,1013.0,954.0,702.0,7.0,57.6,0.5784
909.0,2.7,636.0,992.0,947.0,720.0,7.5,55.3,0.5734
1256.0,14.4,1130.0,616.0,1316.0,1311.0,7.0,56.3,0.566
1298.0,17.2,1217.0,552.0,1409.0,1444.0,7.6,53.5,0.5605
1326.0,17.4,1223.0,547.0,1381.0,1613.0,8.3,50.5,0.5558
1139.0,11.5,1031.0,649.0,1181.0,1388.0,12.4,37.1,0.5329
1135.0,11.9,1047.0,641.0,1175.0,1379.0,13.9,32.3,0.5117
1117.0,12.6,1071.0,638.0,1178.0,1289.0,14.4,28.9,0.4723
1094.0,14.3,1128.0,626.0,1191.0,1280.0,14.8,25.4,0.4259
982.0,10.3,990.0,745.0,1018.0,1059.0,15.1,20.8,0.3536
1107.0,14.5,1134.0,639.0,1172.0,1299.0,15.4,23.5,0.4076
1290.0,21.9,1349.0,534.0,1386.0,1638.0,13.7,28.1,0.4381
1445.0,28.5,1516.0,455.0,1594.0,1946.0,11.5,37.5,0.5068
1357.0,21.2,1330.0,511.0,1414.0,1798.0,10.4,42.3,0.5337
1248.0,16.0,1179.0,577.0,1259.0,1609.0,9.9,44.0,0.5381
1220.0,13.0,1085.0,618.0,1205.0,1531.0,8.7,48.3,0.5458
1137.0,7.0,856.0,758.0,1032.0,1338.0,8.1,49.9,0.5417
1102.0,6.4,829.0,773.0,1015.0,1274.0,7.3,52.8,0.5419
1082.0,5.8,801.0,780.0,1035.0,1200.0,8.0,52.2,0.5623
1053.0,5.6,795.0,786.0,1039.0,1143.0,6.8,56.4,0.5609
1003.0,4.5,740.0,847.0,992.0,1048.0,6.7,57.4,0.5654
1019.0,4.6,744.0,836.0,1000.0,1049.0,5.9,62.1,0.5806
1071.0,5.9,808.0,757.0,1046.0,1172.0,5.4,65.9,0.5947
1118.0,6.6,841.0,702.0,1056.0,1368.0,5.5,66.5,0.6054
1206.0,9.2,948.0,628.0,1129.0,1540.0,5.9,65.8,0.6178
1256.0,12.2,1056.0,582.0,1230.0,1575.0,6.4,63.9,0.6192
1501.0,22.6,1367.0,465.0,1558.0,1856.0,7.2,62.2,0.6351
1578.0,29.0,1527.0,419.0,1761.0,2086.0,7.9,60.0,0.6406
1427.0,19.4,1280.0,500.0,1481.0,1948.0,8.3,58.5,0.6403
1440.0,20.5,1311.0,482.0,1476.0,2022.0,9.3,54.5,0.6415
1522.0,22.5,1365.0,464.0,1526.0,2104.0,10.2,53.1,0.6608
1517.0,24.0,1403.0,451.0,1579.0,2195.0,11.1,51.4,0.679
1300.0,13.9,1113.0,573.0,1291.0,1845.0,12.8,46.9,0.6919
1401.0,16.8,1204.0,526.0,1401.0,1947.0,13.1,48.0,0.7181
1551.0,20.2,1303.0,469.0,1520.0,2171.0,13.5,51.5,0.793
1411.0,16.4,1191.0,519.0,1426.0,1920.0,13.4,51.2,0.7808
1434.0,18.0,1239.0,506.0,1458.0,1835.0,12.1,55.3,0.7777
1489.0,20.3,1305.0,476.0,1547.0,1919.0,12.0,56.5,0.7924
1835.0,38.1,1731.0,355.0,2083.0,2254.0,10.4,64.4,0.8123
1804.0,35.7,1679.0,370.0,2005.0,2210.0,9.4,69.1,0.815
1579.0,21.8,1345.0,459.0,1608.0,1961.0,8.9,71.0,0.8115
1508.0,18.2,1246.0,496.0,1498.0,1791.0,8.1,73.8,0.7968
1535.0,20.1,1300.0,483.0,1524.0,1725.0,7.3,76.8,0.7904
1395.0,14.4,1131.0,552.0,1362.0,1553.0,7.3,76.7,0.7862
1392.0,15.1,1153.0,542.0,1395.0,1506.0,7.1,77.3,0.7826
1326.0,13.1,1087.0,571.0,1333.0,1398.0,6.7,78.7,0.7779
1297.0,11.5,1032.0,605.0,1297.0,1300.0,7.0,77.8,0.7848
1331.0,13.7,1106.0,568.0,1322.0,1383.0,5.7,80.5,0.7416
1288.0,11.6,1036.0,590.0,1242.0,1413.0,5.2,81.4,0.7276
1322.0,13.2,1091.0,565.0,1307.0,1471.0,5.6,80.4,0.7349
1390.0,15.6,1167.0,522.0,1392.0,1619.0,6.3,78.8,0.7544
1443.0,16.9,1207.0,502.0,1431.0,1673.0,6.9,76.9,0.7682
1496.0,18.5,1254.0,484.0,1472.0,1881.0,9.2,67.7,0.79
1439.0,16.6,1198.0,502.0,1426.0,1877.0,11.6,59.8,0.8152
1432.0,15.0,1150.0,527.0,1393.0,1818.0,14.0,52.0,0.8288
1398.0,15.0,1149.0,535.0,1417.0,1699.0,15.0,50.2,0.8495
1380.0,16.9,1206.0,515.0,1500.0,1677.0,14.9,49.9,0.8394
1022.0,7.0,857.0,770.0,1068.0,1088.0,15.8,33.8,0.6034
973.0,5.9,806.0,851.0,994.0,926.0,15.4,29.3,0.5068
951.0,7.1,862.0,823.0,972.0,961.0,14.4,25.7,0.4193
987.0,8.6,925.0,776.0,1016.0,1066.0,13.4,27.2,0.4157
1100.0,12.2,1057.0,687.0,1126.0,1241.0,12.2,28.7,0.4077
1064.0,12.6,1072.0,704.0,1103.0,1220.0,11.3,25.7,0.3422
1316.0,21.1,1327.0,549.0,1328.0,1613.0,9.7,31.9,0.3848
1262.0,16.9,1208.0,587.0,1219.0,1577.0,8.4,36.5,0.4035
1259.0,15.1,1152.0,610.0,1165.0,1569.0,8.2,36.8,0.4016
1166.0,10.1,981.0,697.0,993.0,1445.0,8.0,36.0,0.3872
1066.0,7.5,880.0,784.0,946.0,1240.0,7.0,39.9,0.4006
1051.0,7.6,883.0,783.0,978.0,1169.0,5.7,44.3,0.4093
992.0,5.9,808.0,849.0,926.0,1052.0,4.7,46.6,0.4025
969.0,5.5,788.0,854.0,938.0,1006.0,4.2,50.8,0.4234
862.0,2.3,609.0,1101.0,810.0,757.0,4.6,45.1,0.3861
859.0,2.0,581.0,1112.0,829.0,753.0,2.7,53.3,0.4006
849.0,1.6,552.0,1165.0,812.0,737.0,3.1,51.0,0.3947
879.0,2.1,594.0,1119.0,839.0,792.0,2.5,54.1,0.4017
956.0,4.4,735.0,915.0,942.0,945.0,3.1,53.5,0.4123
1039.0,6.4,828.0,791.0,987.0,1115.0,5.0,47.5,0.418
1066.0,7.3,871.0,775.0,996.0,1131.0,5.8,43.4,0.4032
1124.0,8.7,927.0,722.0,1047.0,1242.0,7.1,42.8,0.4327
1160.0,9.2,948.0,712.0,1072.0,1289.0,7.9,41.6,0.4459
1110.0,7.9,896.0,737.0,1040.0,1276.0,8.1,41.2,0.448
1138.0,9.0,940.0,706.0,1088.0,1359.0,8.3,41.3,0.4533
1095.0,7.0,857.0,756.0,1075.0,1020.0,8.9,49.1,0.5629
1045.0,3.7,694.0,911.0,1025.0,805.0,7.1,66.0,0.6678
1078.0,4.3,727.0,849.0,1057.0,857.0,5.7,75.1,0.6942
1169.0,6.8,846.0,767.0,1157.0,942.0,5.4,77.6,0.7031
1174.0,8.7,926.0,674.0,1220.0,1020.0,5.4,78.2,0.7074
1075.0,4.7,749.0,827.0,1050.0,899.0,7.3,68.1,0.6979
1044.0,3.5,685.0,903.0,1042.0,860.0,5.8,74.4,0.6924
1110.0,5.4,782.0,798.0,1101.0,954.0,6.2,72.3,0.6887
1086.0,4.4,733.0,848.0,1064.0,883.0,5.9,72.7,0.6791
1092.0,6.0,811.0,773.0,1129.0,966.0,5.0,76.5,0.6728
1127.0,7.6,884.0,704.0,1173.0,983.0,4.0,80.4,0.663
881.0,1.9,578.0,1017.0,876.0,607.0,5.8,59.0,0.5493
831.0,1.0,498.0,1237.0,855.0,443.0,5.8,59.5,0.5519
791.0,0.6,459.0,1421.0,809.0,390.0,6.6,51.3,0.5026
836.0,1.2,520.0,1296.0,832.0,479.0,7.0,47.2,0.4745
907.0,2.9,644.0,1028.0,902.0,732.0,6.6,47.9,0.4686
1174.0,11.1,1018.0,688.0,1210.0,1149.0,7.2,49.8,0.5061
1094.0,9.7,967.0,682.0,1147.0,1136.0,6.9,52.8,0.5293
992.0,5.7,800.0,797.0,1007.0,934.0,8.7,46.7,0.5249
955.0,5.4,783.0,844.0,976.0,845.0,10.0,40.6,0.4971
959.0,5.1,771.0,852.0,975.0,808.0,11.8,35.4,0.4877
981.0,5.8,804.0,829.0,997.0,783.0,10.7,37.2,0.4788
947.0,5.6,791.0,825.0,963.0,785.0,10.9,34.9,0.456
1023.0,8.0,898.0,759.0,1034.0,899.0,10.7,33.1,0.4256
1009.0,7.1,860.0,787.0,993.0,922.0,10.6,34.2,0.4375
1007.0,7.6,884.0,780.0,1014.0,951.0,8.9,38.1,0.4341
1054.0,10.4,992.0,715.0,1092.0,1051.0,7.8,39.7,0.4206
1018.0,8.9,934.0,740.0,1014.0,967.0,7.3,42.2,0.4341
976.0,7.3,870.0,795.0,971.0,861.0,6.9,42.5,0.4257
872.0,3.6,689.0,970.0,866.0,631.0,6.6,43.2,0.4247
805.0,1.7,559.0,1183.0,781.0,466.0,6.4,41.7,0.4034
800.0,1.5,541.0,1250.0,779.0,407.0,6.1,42.6,0.4041
785.0,1.0,504.0,1306.0,760.0,387.0,5.9,41.8,0.3928
757.0,0.6,459.0,1447.0,735.0,337.0,5.7,41.5,0.3836
751.0,0.4,424.0,1583.0,726.0,303.0,5.5,42.4,0.3867
766.0,0.3,412.0,1651.0,763.0,295.0,4.5,52.0,0.4436
759.0,0.2,399.0,1696.0,749.0,288.0,4.3,51.6,0.4323
758.0,0.2,388.0,1785.0,765.0,274.0,3.7,56.3,0.453
761.0,0.1,383.0,1745.0,787.0,289.0,3.3,58.1,0.4559
762.0,0.4,434.0,1556.0,763.0,318.0,3.9,47.3,0.3862
869.0,2.9,646.0,1068.0,876.0,476.0,4.3,45.9,0.3843
938.0,5.4,785.0,853.0,969.0,704.0,4.2,50.1,0.4168
951.0,5.1,769.0,856.0,1000.0,735.0,3.4,62.7,0.4943
892.0,3.8,702.0,935.0,924.0,735.0,5.0,51.4,0.4534
876.0,3.9,703.0,968.0,892.0,653.0,5.7,44.1,0.4063
872.0,3.6,686.0,972.0,880.0,603.0,5.2,44.5,0.3968
893.0,4.2,722.0,932.0,917.0,645.0,4.7,48.6,0.4194
879.0,3.6,687.0,980.0,914.0,564.0,4.5,51.0,0.4327
896.0,3.6,689.0,966.0,909.0,614.0,5.1,50.1,0.4432
909.0,3.9,706.0,928.0,923.0,658.0,5.0,50.4,0.443
958.0,4.9,758.0,858.0,985.0,719.0,4.3,56.4,0.4721
984.0,5.8,803.0,813.0,1012.0,772.0,4.3,56.7,0.476
991.0,6.1,814.0,790.0,1040.0,812.0,4.3,57.0,0.4771
881.0,2.8,638.0,990.0,910.0,583.0,3.5,60.3,0.4782
853.0,2.4,616.0,1071.0,870.0,491.0,4.1,52.5,0.4351
804.0,1.5,546.0,1194.0,796.0,400.0,3.9,50.6,0.4127
788.0,1.1,514.0,1285.0,771.0,354.0,3.9,47.7,0.3901
788.0,0.9,487.0,1346.0,769.0,329.0,4.0,47.8,0.3939
763.0,0.4,428.0,1532.0,757.0,296.0,3.9,50.9,0.4144
771.0,0.3,410.0,1622.0,765.0,283.0,3.0,57.7,0.4423
747.0,0.2,390.0,1775.0,738.0,266.0,3.3,52.8,0.4137
744.0,0.1,383.0,1881.0,720.0,253.0,2.7,53.9,0.4062
774.0,0.5,441.0,1646.0,760.0,282.0,2.8,54.4,0.411
800.0,0.9,492.0,1310.0,783.0,353.0,3.6,49.0,0.3915
896.0,3.3,668.0,1043.0,887.0,519.0,3.3,50.2,0.3934
913.0,4.4,733.0,902.0,901.0,681.0,3.5,47.5,0.3778
871.0,2.8,638.0,1022.0,860.0,583.0,4.3,49.4,0.4136
872.0,3.2,662.0,1007.0,874.0,628.0,4.5,48.4,0.4131
858.0,2.7,634.0,1053.0,868.0,566.0,4.3,50.0,0.4199
876.0,3.5,683.0,993.0,894.0,572.0,4.3,49.7,0.4166
900.0,4.8,751.0,891.0,913.0,637.0,4.9,45.3,0.3955
864.0,3.4,678.0,987.0,866.0,579.0,5.6,42.4,0.3884
902.0,4.2,721.0,924.0,900.0,666.0,5.7,43.1,0.3984
916.0,4.2,720.0,912.0,922.0,707.0,4.8,49.7,0.4305
1004.0,8.5,918.0,752.0,1033.0,990.0,5.1,43.0,0.3821
1024.0,9.2,945.0,729.0,1073.0,1026.0,5.3,44.4,0.397
1011.0,7.6,884.0,763.0,1048.0,910.0,4.9,47.9,0.418
1006.0,6.2,822.0,794.0,1025.0,897.0,4.7,50.8,0.4398
913.0,2.9,645.0,966.0,922.0,651.0,4.6,54.8,0.4704
905.0,2.5,620.0,986.0,904.0,598.0,4.0,56.8,0.4688
872.0,2.6,628.0,1009.0,857.0,560.0,4.2,46.8,0.39
843.0,2.2,597.0,1059.0,808.0,527.0,4.5,42.0,0.3571
863.0,2.5,622.0,1025.0,826.0,574.0,4.1,42.1,0.3487
791.0,0.8,480.0,1259.0,738.0,422.0,4.5,39.7,0.3379
769.0,0.3,412.0,1481.0,727.0,326.0,4.4,42.2,0.3571
778.0,0.3,417.0,1531.0,745.0,312.0,4.1,45.9,0.3804
801.0,0.7,470.0,1313.0,762.0,382.0,4.3,42.5,0.3556
827.0,1.4,533.0,1198.0,775.0,488.0,4.6,38.1,0.3267
1038.0,6.6,837.0,822.0,972.0,915.0,4.6,39.4,0.3367
1040.0,8.4,917.0,739.0,1038.0,1021.0,4.8,41.9,0.3634
980.0,5.5,790.0,839.0,934.0,897.0,5.9,40.2,0.376
912.0,3.5,683.0,961.0,872.0,699.0,7.0,38.4,0.3861
887.0,3.0,649.0,1009.0,854.0,588.0,6.6,40.2,0.3944
922.0,4.1,716.0,930.0,893.0,643.0,6.6,41.2,0.4046
928.0,4.7,748.0,900.0,900.0,685.0,7.3,36.8,0.3779
921.0,4.5,736.0,921.0,881.0,673.0,7.3,35.0,0.3584
905.0,4.7,747.0,924.0,850.0,691.0,7.0,33.5,0.3367
906.0,5.1,769.0,913.0,865.0,726.0,6.5,32.4,0.3155
981.0,7.7,886.0,819.0,928.0,912.0,5.7,33.9,0.3131
1053.0,10.3,987.0,750.0,1025.0,1048.0,5.0,36.1,0.3178
1086.0,11.5,1032.0,717.0,1049.0,1136.0,4.7,38.3,0.3306
967.0,6.0,811.0,863.0,911.0,909.0,4.5,39.9,0.339
902.0,3.6,689.0,995.0,838.0,719.0,4.3,41.1,0.3451
916.0,4.3,725.0,953.0,855.0,746.0,4.0,43.1,0.3551
895.0,3.4,677.0,999.0,827.0,700.0,3.7,46.0,0.3701
866.0,2.4,613.0,1075.0,810.0,579.0,3.3,47.4,0.3716
861.0,2.0,585.0,1120.0,807.0,553.0,3.0,49.1,0.3774
845.0,1.4,534.0,1146.0,781.0,519.0,3.5,48.0,0.3822
849.0,1.2,522.0,1158.0,779.0,467.0,3.6,48.0,0.3835
818.0,0.9,486.0,1282.0,781.0,422.0,4.0,47.8,0.3919
864.0,1.6,554.0,1159.0,819.0,545.0,4.1,48.1,0.3975
856.0,1.7,559.0,1138.0,810.0,556.0,4.1,47.4,0.3926
1024.0,6.2,823.0,827.0,992.0,879.0,4.2,48.7,0.4073
1050.0,8.2,909.0,742.0,1055.0,993.0,4.1,49.8,0.4117
984.0,6.4,832.0,822.0,966.0,892.0,4.3,48.4,0.4043
990.0,5.9,808.0,838.0,975.0,901.0,4.6,49.7,0.4271
970.0,5.7,798.0,842.0,941.0,874.0,4.5,49.6,0.421
943.0,5.3,781.0,871.0,925.0,722.0,4.4,48.4,0.4087
994.0,7.3,871.0,793.0,997.0,836.0,4.7,47.2,0.4075
932.0,5.1,767.0,888.0,920.0,669.0,4.2,49.5,0.4118
891.0,3.9,706.0,949.0,860.0,600.0,3.4,50.7,0.3991
881.2,3.59,683.4,984.7,848.5,577.6,3.25,50.6,0.39447
871.4,3.28,660.8,1020.4,837.0,555.2,3.1,50.5,0.38984
861.6,2.97,638.2,1056.1,825.5,532.8,2.95,50.4,0.38521
851.8,2.66,615.6,1091.8,814.0,510.4,2.8,50.3,0.38058
842.0,2.35,593.0,1127.5,802.5,488.0,2.65,50.2,0.37595
832.2,2.04,570.4,1163.2,791.0,465.6,2.5,50.1,0.37132
822.4,1.73,547.8,1198.9,779.5,443.2,2.35,50.0,0.36669
812.6,1.42,525.2,1234.6,768.0,420.8,2.2,49.9,0.36206
802.8,1.11,502.6,1270.3,756.5,398.4,2.05,49.8,0.35743
793.0,0.8,480.0,1306.0,745.0,376.0,1.9,49.7,0.3528
790.0,0.6,455.0,1376.0,751.0,336.0,1.6,52.9,0.3692
776.0,0.5,445.0,1460.0,737.0,330.0,1.4,53.8,0.3687
766.0,0.5,448.0,1494.0,734.0,321.0,1.0,54.7,0.3657
774.0,0.6,458.0,1473.0,735.0,334.0,1.4,52.3,0.3591
801.0,0.9,494.0,1324.0,754.0,395.0,1.6,51.0,0.3561
847.0,2.0,586.0,1163.0,814.0,473.0,1.4,53.1,0.3642
874.0,2.8,641.0,1022.0,857.0,553.0,1.7,54.1,0.3785
879.0,2.8,642.0,1027.0,836.0,545.0,2.5,51.0,0.3778
888.0,3.0,652.0,1025.0,833.0,547.0,2.9,48.7,0.3706
873.0,2.4,610.0,1051.0,819.0,527.0,3.6,45.8,0.3674
877.0,2.5,618.0,1027.0,830.0,505.0,3.1,48.1,0.3722
893.0,3.0,653.0,987.0,845.0,550.0,3.4,46.6,0.3668
866.0,2.2,602.0,1071.0,809.0,465.0,3.7,45.8,0.3697
873.0,2.6,629.0,1049.0,817.0,467.0,4.4,43.7,0.3688
911.0,3.4,676.0,998.0,855.0,555.0,4.0,44.9,0.3689
908.0,3.0,653.0,980.0,847.0,551.0,3.3,46.8,0.3671
907.0,3.1,657.0,981.0,844.0,569.0,3.1,48.1,0.3707
925.0,3.4,678.0,960.0,861.0,594.0,2.8,49.0,0.37
920.0,2.9,649.0,983.0,849.0,598.0,3.1,47.4,0.3661
865.0,1.7,561.0,1102.0,791.0,434.0,2.9,49.0,0.3725
867.0,1.6,553.0,1136.0,792.0,412.0,2.8,49.1,0.3726
900.0,2.3,604.0,1051.0,815.0,469.0,2.9,49.7,0.3782
901.0,2.2,599.0,1023.0,825.0,515.0,3.8,46.5,0.3762
863.0,1.7,560.0,1107.0,787.0,430.0,3.2,46.9,0.3658
884.0,2.2,599.0,1065.0,813.0,503.0,3.1,45.2,0.3504
873.0,1.8,565.0,1097.0,793.0,494.0,3.1,44.8,0.3473
806.0,0.6,459.0,1322.0,728.0,368.0,3.1,44.4,0.342
801.0,0.6,454.0,1374.0,727.0,348.0,3.0,43.4,0.3337
790.0,0.4,431.0,1439.0,722.0,354.0,2.8,43.8,0.3308
805.0,0.7,465.0,1358.0,736.0,382.0,2.7,43.2,0.3259
843.0,1.2,520.0,1202.0,762.0,450.0,3.3,42.3,0.3299
849.0,1.4,537.0,1148.0,757.0,460.0,4.6,39.0,0.333
872.0,2.0,583.0,1126.0,765.0,441.0,5.6,37.5,0.3426
890.0,2.0,585.0,1097.0,776.0,454.0,7.2,34.2,0.3488
874.0,1.6,552.0,1128.0,760.0,415.0,6.9,35.6,0.3561
863.0,1.6,553.0,1133.0,742.0,419.0,8.2,30.1,0.3281
840.0,1.8,566.0,1176.0,717.0,368.0,7.6,27.9,0.2927
845.0,1.8,569.0,1151.0,709.0,397.0,7.9,25.9,0.2774
888.0,2.6,625.0,1062.0,763.0,510.0,7.8,28.3,0.3017
845.0,2.0,582.0,1120.0,719.0,473.0,6.3,28.8,0.2772
880.0,2.8,641.0,1077.0,759.0,537.0,5.4,30.1,0.2726
917.0,3.9,708.0,972.0,787.0,670.0,5.0,31.1,0.273
927.0,4.1,715.0,965.0,797.0,711.0,4.6,33.8,0.2898
868.0,2.4,615.0,1095.0,752.0,551.0,4.3,36.6,0.3064
932.0,3.5,685.0,996.0,820.0,670.0,4.0,39.0,0.3203
971.0,4.6,741.0,901.0,864.0,771.0,2.9,42.8,0.3276
891.0,3.0,650.0,987.0,782.0,586.0,3.4,38.9,0.3076
806.0,1.0,495.0,1282.0,685.0,355.0,4.0,36.4,0.2982
787.0,0.5,446.0,1395.0,657.0,310.0,4.0,36.4,0.2989
791.0,0.4,435.0,1486.0,668.0,292.0,3.7,37.7,0.3024
787.0,0.3,415.0,1474.0,667.0,293.0,3.4,38.9,0.3075
814.0,0.6,449.0,1363.0,674.0,328.0,3.7,37.5,0.3012
844.0,1.4,538.0,1164.0,726.0,479.0,3.7,35.2,0.2833
1049.0,7.1,863.0,826.0,923.0,979.0,3.7,33.9,0.2732
1201.0,14.0,1116.0,617.0,1130.0,1469.0,4.4,38.8,0.328
1293.0,15.1,1153.0,602.0,1141.0,1667.0,6.6,34.4,0.3359
1121.0,12.5,1066.0,683.0,1040.0,1378.0,10.0,22.4,0.2753
1112.0,12.8,1078.0,683.0,1028.0,1426.0,11.9,18.6,0.2581
1060.0,11.9,1048.0,707.0,983.0,1246.0,12.5,17.2,0.2477
1056.0,11.7,1040.0,711.0,976.0,1187.0,13.2,17.3,0.2606
1131.0,14.7,1139.0,643.0,1097.0,1363.0,13.5,18.7,0.2872
1162.0,15.7,1170.0,618.0,1131.0,1425.0,14.1,18.2,0.2908
1283.0,21.1,1328.0,552.0,1294.0,1722.0,13.0,20.3,0.303
1414.0,27.4,1490.0,488.0,1433.0,2051.0,10.4,24.7,0.3116
1486.0,30.8,1570.0,455.0,1557.0,2179.0,8.6,29.8,0.3344
1523.0,29.2,1533.0,456.0,1532.0,2214.0,7.3,36.8,0.3771
1283.0,15.0,1149.0,587.0,1148.0,1799.0,6.3,39.4,0.3795
1109.0,7.1,863.0,737.0,960.0,1527.0,5.4,43.5,0.3922
1055.0,5.4,782.0,798.0,940.0,1377.0,5.1,45.6,0.4056
1038.0,4.8,756.0,813.0,921.0,1317.0,4.2,49.4,0.412
996.0,3.8,698.0,871.0,894.0,1228.0,4.1,50.1,0.415
995.0,3.5,680.0,879.0,904.0,1201.0,4.1,51.5,0.4263
1000.0,3.3,670.0,868.0,917.0,1158.0,3.7,57.5,0.4621
1042.0,3.6,688.0,814.0,935.0,1204.0,2.5,64.8,0.4807
1042.0,3.8,701.0,795.0,945.0,1216.0,1.8,68.9,0.4878
1024.0,4.2,724.0,814.0,944.0,1198.0,2.0,64.9,0.4661
1147.0,7.7,886.0,702.0,1056.0,1381.0,2.2,65.3,0.473
1496.0,20.0,1298.0,492.0,1441.0,1873.0,3.1,64.0,0.4938
1541.0,22.1,1353.0,449.0,1492.0,2112.0,3.7,61.7,0.4967
1491.0,17.2,1215.0,503.0,1343.0,2038.0,4.4,58.8,0.4979
1533.0,21.4,1334.0,466.0,1434.0,2118.0,5.8,54.1,0.502
1507.0,19.8,1292.0,479.0,1379.0,2110.0,7.3,50.8,0.5226
1451.0,18.8,1264.0,497.0,1408.0,1965.0,9.5,47.2,0.5589
1432.0,18.8,1264.0,487.0,1476.0,1888.0,11.8,44.4,0.6118
1408.0,16.7,1202.0,506.0,1411.0,1774.0,12.7,45.5,0.6648
1377.0,14.4,1129.0,540.0,1392.0,1626.0,13.5,44.8,0.6898
1454.0,16.3,1190.0,508.0,1434.0,1761.0,12.3,48.9,0.6967
1268.0,14.4,1128.0,573.0,1255.0,1533.0,10.8,40.3,0.5201
1259.0,17.0,1211.0,559.0,1243.0,1531.0,9.4,36.7,0.4324
1261.0,14.8,1143.0,595.0,1208.0,1477.0,8.3,39.5,0.4318
1133.0,9.8,971.0,683.0,1059.0,1332.0,7.8,41.3,0.4389
1054.0,6.1,818.0,777.0,966.0,1210.0,7.3,43.8,0.4505
1055.0,5.4,783.0,805.0,969.0,1167.0,6.7,47.6,0.4688
1059.0,4.7,747.0,820.0,964.0,1133.0,6.6,51.2,0.5007
1063.0,5.1,769.0,807.0,993.0,1109.0,6.4,52.6,0.5074
1135.0,6.9,854.0,722.0,1065.0,1218.0,5.3,57.8,0.5177
1126.0,7.3,869.0,680.0,1075.0,1222.0,3.4,66.7,0.5281
1058.0,4.8,753.0,764.0,986.0,1149.0,3.3,66.8,0.5215
1040.0,3.6,688.0,846.0,920.0,1090.0,3.7,62.9,0.5059
1069.0,4.5,737.0,792.0,946.0,1114.0,2.6,67.5,0.5034
1042.0,5.2,771.0,795.0,941.0,1089.0,3.5,60.9,0.4857
1322.0,15.1,1151.0,566.0,1286.0,1446.0,2.7,63.4,0.4787
1549.0,27.3,1485.0,422.0,1638.0,1930.0,2.8,64.2,0.4859
1416.0,19.6,1285.0,501.0,1390.0,1809.0,5.8,53.1,0.4942
1337.0,14.8,1143.0,560.0,1236.0,1769.0,9.7,40.1,0.4832
1281.0,14.5,1132.0,577.0,1206.0,1696.0,12.7,30.0,0.4398
1037.0,10.1,981.0,721.0,1000.0,1086.0,13.7,20.7,0.3221
1028.0,10.1,983.0,728.0,979.0,1048.0,13.7,19.9,0.3114
984.0,8.3,913.0,762.0,930.0,990.0,14.1,18.1,0.2884
1010.0,9.0,940.0,759.0,960.0,1027.0,14.5,18.0,0.2956
1113.0,13.4,1096.0,645.0,1092.0,1359.0,13.2,20.4,0.3074
1253.0,19.5,1284.0,536.0,1285.0,1618.0,10.5,25.1,0.3194
1400.0,27.8,1499.0,461.0,1527.0,1869.0,8.9,31.4,0.3597
1470.0,31.4,1584.0,436.0,1641.0,2033.0,8.2,36.2,0.3953
1281.0,15.6,1168.0,571.0,1195.0,1756.0,6.7,39.6,0.3906
1084.0,7.0,855.0,748.0,939.0,1446.0,5.8,42.0,0.3904
1097.0,7.8,892.0,719.0,979.0,1423.0,4.9,45.9,0.3999
1032.0,5.6,791.0,793.0,915.0,1278.0,4.5,47.9,0.4079
1046.0,6.0,812.0,782.0,940.0,1265.0,3.9,51.6,0.4226
975.0,3.9,707.0,860.0,902.0,1107.0,3.4,54.7,0.4323
932.0,2.8,642.0,950.0,871.0,1014.0,3.3,56.1,0.4379
926.0,2.6,623.0,954.0,873.0,1011.0,2.0,60.8,0.4337
932.0,2.9,645.0,916.0,882.0,1006.0,1.2,63.7,0.4327
937.0,2.8,640.0,923.0,870.0,1010.0,2.1,60.3,0.4368
996.0,4.2,724.0,861.0,938.0,1067.0,1.3,63.1,0.4322
1382.0,16.7,1202.0,534.0,1352.0,1630.0,1.3,64.8,0.441
1544.0,29.1,1530.0,416.0,1706.0,2030.0,2.1,62.2,0.4491
1429.0,20.7,1317.0,495.0,1425.0,1916.0,5.1,50.8,0.4499
1312.0,15.5,1164.0,570.0,1230.0,1761.0,8.5,39.7,0.4425
1205.0,10.3,989.0,643.0,1084.0,1597.0,11.5,33.0,0.4476
1322.0,13.8,1110.0,568.0,1208.0,1776.0,12.2,34.3,0.4864
1301.0,12.7,1074.0,574.0,1255.0,1636.0,13.5,35.0,0.5396
1280.0,11.4,1030.0,597.0,1246.0,1480.0,14.9,34.9,0.5869
1256.0,10.2,986.0,612.0,1240.0,1413.0,15.7,34.5,0.6111
1358.0,14.3,1128.0,545.0,1344.0,1611.0,14.7,37.2,0.618
1713.0,32.4,1605.0,383.0,1870.0,2186.0,12.2,44.8,0.6342
1655.0,29.0,1527.0,393.0,1758.0,2203.0,10.3,52.4,0.6578
1444.0,17.6,1227.0,485.0,1414.0,1891.0,9.3,55.5,0.6503
1314.0,12.6,1069.0,571.0,1271.0,1662.0,8.3,57.6,0.6304
1368.0,15.5,1164.0,524.0,1350.0,1674.0,6.3,65.1,0.6237
1195.0,9.1,943.0,645.0,1149.0,1462.0,6.5,63.1,0.6132
1083.0,6.4,828.0,734.0,1067.0,1273.0,6.0,62.7,0.589
1055.0,5.1,771.0,781.0,1030.0,1174.0,5.1,65.4,0.5797
973.0,3.3,672.0,887.0,954.0,1031.0,4.7,64.6,0.5568
1039.0,5.3,777.0,778.0,1031.0,1082.0,2.9,72.2,0.5523
949.0,3.1,657.0,895.0,948.0,991.0,5.0,63.5,0.5575
920.0,2.2,601.0,974.0,920.0,925.0,3.9,65.5,0.5367
989.0,3.9,703.0,843.0,988.0,1017.0,1.8,74.5,0.5271
1100.0,6.9,854.0,714.0,1075.0,1187.0,1.8,73.7,0.5198
1411.0,19.7,1288.0,492.0,1472.0,1638.0,2.3,70.9,0.5182
1328.0,20.1,1300.0,499.0,1405.0,1672.0,4.4,61.1,0.5176
1308.0,16.3,1189.0,534.0,1325.0,1656.0,7.7,49.8,0.5267
1280.0,14.3,1127.0,558.0,1277.0,1641.0,12.1,36.9,0.5212
1056.0,7.0,857.0,735.0,1028.0,1117.0,15.0,28.5,0.4821
1019.0,6.3,825.0,781.0,994.0,901.0,14.5,28.3,0.4665
1084.0,8.6,923.0,712.0,1085.0,1046.0,12.9,31.8,0.4707
998.0,6.6,841.0,792.0,979.0,884.0,12.1,32.3,0.4548
987.0,6.1,816.0,816.0,959.0,821.0,11.3,33.5,0.4476
1079.0,8.8,932.0,719.0,1018.0,1056.0,11.4,32.6,0.4373
1096.0,9.4,954.0,687.0,1085.0,1139.0,9.1,37.8,0.4372
1146.0,11.8,1043.0,639.0,1169.0,1248.0,8.1,41.0,0.4458
1125.0,11.3,1025.0,653.0,1147.0,1200.0,7.7,41.9,0.4409
1130.0,9.7,968.0,680.0,1102.0,1220.0,7.1,43.9,0.4433
1017.0,5.8,805.0,807.0,958.0,1032.0,6.3,45.8,0.4408
1017.0,5.3,776.0,843.0,946.0,971.0,6.0,46.1,0.4351
1041.0,5.3,778.0,828.0,947.0,1011.0,5.5,49.0,0.4471
1034.0,5.1,769.0,816.0,952.0,1049.0,4.9,52.0,0.4548
1009.0,4.8,751.0,828.0,939.0,1053.0,4.1,54.7,0.4536
1105.0,6.4,828.0,735.0,997.0,1157.0,2.1,64.2,0.4633
1084.0,7.0,859.0,703.0,1017.0,1163.0,1.5,66.2,0.4571
989.0,4.4,731.0,815.0,936.0,1018.0,1.0,67.7,0.4523
1047.0,5.6,792.0,757.0,957.0,1121.0,0.8,69.9,0.4591
1091.0,7.3,868.0,705.0,1021.0,1200.0,1.3,67.2,0.4598
1263.0,12.7,1074.0,614.0,1198.0,1403.0,2.0,63.6,0.4564
1165.0,11.3,1024.0,646.0,1134.0,1365.0,4.1,52.7,0.4345
966.0,4.9,760.0,877.0,890.0,940.0,7.5,39.2,0.4091
927.0,3.8,702.0,932.0,847.0,750.0,9.0,34.5,0.398
909.0,3.4,678.0,960.0,838.0,652.0,9.2,34.5,0.4025
941.0,4.2,723.0,922.0,880.0,643.0,9.3,33.8,0.3981
903.0,3.7,696.0,932.0,850.0,629.0,9.3,33.1,0.3874
891.0,3.3,668.0,991.0,819.0,549.0,9.7,30.8,0.3716
904.0,3.4,674.0,968.0,824.0,578.0,9.6,31.1,0.3718
900.0,3.1,659.0,990.0,807.0,582.0,8.6,32.8,0.3669
926.0,4.3,725.0,933.0,847.0,694.0,7.2,35.0,0.3567
999.0,6.2,821.0,846.0,915.0,926.0,6.4,36.8,0.3566
994.0,5.2,774.0,854.0,917.0,915.0,6.0,40.2,0.3773
1010.0,5.8,801.0,826.0,944.0,986.0,5.5,42.6,0.3874
938.0,3.5,685.0,934.0,870.0,840.0,4.9,43.7,0.3809
983.0,4.9,760.0,869.0,898.0,939.0,4.2,43.2,0.3605
963.0,4.7,749.0,900.0,834.0,869.0,4.0,39.2,0.3228
962.0,4.9,756.0,902.0,843.0,908.0,3.7,40.1,0.323
980.0,5.0,761.0,854.0,876.0,1051.0,3.1,47.1,0.3638
914.0,2.9,644.0,972.0,832.0,922.0,2.6,48.8,0.3658
898.0,2.6,624.0,987.0,825.0,871.0,0.8,53.8,0.3542
854.0,1.8,572.0,1070.0,788.0,793.0,1.2,51.9,0.3515
838.0,1.3,531.0,1146.0,774.0,753.0,1.0,52.2,0.3489
831.0,1.5,543.0,1132.0,787.0,737.0,0.6,53.3,0.3467
833.0,1.3,526.0,1169.0,771.0,722.0,0.8,52.8,0.3468
870.0,2.0,582.0,1091.0,791.0,737.0,0.3,53.7,0.3424
984.0,4.3,727.0,891.0,908.0,913.0,4.1,42.9,0.3551
1065.0,6.7,844.0,780.0,979.0,1117.0,8.0,33.3,0.3591
968.0,4.6,743.0,886.0,840.0,774.0,10.7,25.2,0.3242
911.0,3.5,683.0,981.0,790.0,558.0,11.1,23.5,0.3105
868.0,2.1,590.0,1081.0,753.0,420.0,10.6,26.0,0.332
868.0,1.9,576.0,1128.0,755.0,363.0,10.3,27.7,0.3481
904.0,2.7,633.0,1040.0,789.0,410.0,10.2,28.3,0.3516
944.0,3.7,693.0,928.0,832.0,568.0,9.2,29.9,0.3479
925.0,2.9,649.0,1003.0,819.0,570.0,6.9,36.4,0.3635
985.0,4.5,736.0,891.0,875.0,774.0,6.0,38.0,0.3584
1002.0,5.3,780.0,855.0,892.0,857.0,5.8,36.4,0.3385
938.0,3.7,692.0,937.0,805.0,737.0,5.8,35.4,0.3286
896.0,2.6,627.0,1033.0,782.0,610.0,5.4,36.6,0.3304
907.0,2.4,614.0,1052.0,782.0,627.0,5.1,37.9,0.3358
902.0,2.4,613.0,1049.0,777.0,566.0,4.8,38.0,0.33
885.0,2.0,582.0,1072.0,760.0,517.0,4.5,38.1,0.3249
863.0,1.5,545.0,1119.0,749.0,484.0,4.3,38.1,0.3207
861.0,1.2,518.0,1141.0,738.0,482.0,3.9,39.9,0.325
852.0,0.8,482.0,1187.0,726.0,496.0,3.8,41.0,0.3327
879.0,1.0,495.0,1147.0,753.0,623.0,3.3,44.6,0.3499
900.0,1.3,525.0,1090.0,780.0,696.0,3.6,44.5,0.3574
963.0,2.4,615.0,980.0,837.0,916.0,3.4,47.0,0.3713
1183.0,8.7,929.0,675.0,1037.0,1309.0,2.9,49.5,0.3775
1161.0,10.5,996.0,639.0,1067.0,1396.0,5.6,40.5,0.3704
1102.0,7.9,896.0,720.0,969.0,1226.0,7.5,33.8,0.352
1029.0,6.5,835.0,771.0,897.0,1002.0,10.8,25.2,0.3251
973.0,5.7,797.0,845.0,845.0,769.0,12.9,20.6,0.3045
981.0,6.2,820.0,807.0,876.0,784.0,12.2,21.4,0.3033
960.0,5.4,784.0,842.0,868.0,643.0,12.0,21.9,0.3069
973.0,4.9,761.0,862.0,865.0,682.0,12.2,24.0,0.3392
968.0,5.0,765.0,843.0,863.0,692.0,12.0,24.3,0.3393
1022.0,6.9,854.0,771.0,941.0,926.0,10.5,27.8,0.3525
1067.0,7.5,879.0,740.0,989.0,996.0,8.7,33.9,0.3832
1101.0,8.2,908.0,707.0,1025.0,1095.0,7.8,37.6,0.4004
1081.0,7.7,885.0,720.0,1017.0,1058.0,7.2,39.4,0.4032
988.0,4.5,738.0,843.0,906.0,893.0,7.1,39.6,0.4019
932.0,2.7,630.0,980.0,842.0,681.0,7.1,39.6,0.4001
923.0,2.3,602.0,1028.0,831.0,599.0,7.2,39.3,0.4004
915.0,2.1,589.0,1045.0,813.0,550.0,6.9,39.6,0.3966
879.0,1.4,534.0,1129.0,785.0,470.0,7.0,39.8,0.4006
852.0,0.8,479.0,1275.0,761.0,375.0,7.1,40.5,0.409
844.0,0.6,453.0,1378.0,748.0,337.0,6.9,40.9,0.4091
878.0,1.0,496.0,1182.0,782.0,451.0,6.0,42.9,0.404
910.0,1.3,524.0,1102.0,802.0,600.0,6.4,42.7,0.4126
918.0,1.6,551.0,1062.0,817.0,712.0,6.1,43.6,0.4129
991.0,3.0,653.0,944.0,885.0,931.0,5.9,45.1,0.4211
1223.0,10.0,979.0,658.0,1120.0,1332.0,6.0,46.4,0.4367
1277.0,15.1,1153.0,543.0,1268.0,1520.0,6.6,43.7,0.4273
1114.0,8.6,922.0,689.0,1022.0,1223.0,8.7,36.3,0.4074
1088.0,6.9,853.0,729.0,996.0,1122.0,10.5,33.4,0.4246
1064.0,7.6,881.0,727.0,979.0,1099.0,11.4,27.8,0.3748
1047.0,6.9,854.0,753.0,959.0,904.0,12.7,27.4,0.4011
1075.0,8.5,920.0,726.0,992.0,1022.0,13.3,23.3,0.354
973.0,5.3,777.0,858.0,844.0,719.0,13.9,20.7,0.3271
942.0,4.4,733.0,912.0,800.0,609.0,13.6,20.0,0.3093
949.5194805,4.561038961,739.1038961,906.3376623,807.7922078,628.8961039,13.53376623,20.4012987,0.312638961
957.038961,4.722077922,745.2077922,900.6753247,815.5844156,648.7922078,13.46753247,20.8025974,0.315977922
964.5584416,4.883116883,751.3116883,895.012987,823.3766234,668.6883117,13.4012987,21.2038961,0.319316883
972.0779221,5.044155844,757.4155844,889.3506494,831.1688312,688.5844156,13.33506494,21.60519481,0.322655844
979.5974026,5.205194805,763.5194805,883.6883117,838.961039,708.4805195,13.26883117,22.00649351,0.325994805
987.1168831,5.366233766,769.6233766,878.025974,846.7532468,728.3766234,13.2025974,22.40779221,0.329333766
994.6363636,5.527272727,775.7272727,872.3636364,854.5454545,748.2727273,13.13636364,22.80909091,0.332672727
1002.155844,5.688311688,781.8311688,866.7012987,862.3376623,768.1688312,13.07012987,23.21038961,0.336011688
1009.675325,5.849350649,787.9350649,861.038961,870.1298701,788.0649351,13.0038961,23.61168831,0.339350649
1017.194805,6.01038961,794.038961,855.3766234,877.9220779,807.961039,12.93766234,24.01298701,0.34268961
1024.714286,6.171428571,800.1428571,849.7142857,885.7142857,827.8571429,12.87142857,24.41428571,0.346028571
1032.233766,6.332467532,806.2467532,844.0519481,893.5064935,847.7532468,12.80519481,24.81558442,0.349367532
1039.753247,6.493506494,812.3506494,838.3896104,901.2987013,867.6493506,12.73896104,25.21688312,0.352706494
1047.272727,6.654545455,818.4545455,832.7272727,909.0909091,887.5454545,12.67272727,25.61818182,0.356045455
1054.792208,6.815584416,824.5584416,827.0649351,916.8831169,907.4415584,12.60649351,26.01948052,0.359384416
1062.311688,6.976623377,830.6623377,821.4025974,924.6753247,927.3376623,12.54025974,26.42077922,0.362723377
1069.831169,7.137662338,836.7662338,815.7402597,932.4675325,947.2337662,12.47402597,26.82207792,0.366062338
1077.350649,7.298701299,842.8701299,810.0779221,940.2597403,967.1298701,12.40779221,27.22337662,0.369401299
1084.87013,7.45974026,848.974026,804.4155844,948.0519481,987.025974,12.34155844,27.62467532,0.37274026
1092.38961,7.620779221,855.0779221,798.7532468,955.8441558,1006.922078,12.27532468,28.02597403,0.376079221
1099.909091,7.781818182,861.1818182,793.0909091,963.6363636,1026.818182,12.20909091,28.42727273,0.379418182
1107.428571,7.942857143,867.2857143,787.4285714,971.4285714,1046.714286,12.14285714,28.82857143,0.382757143
1114.948052,8.103896104,873.3896104,781.7662338,979.2207792,1066.61039,12.07662338,29.22987013,0.386096104
1122.467532,8.264935065,879.4935065,776.1038961,987.012987,1086.506494,12.01038961,29.63116883,0.389435065
1129.987013,8.425974026,885.5974026,770.4415584,994.8051948,1106.402597,11.94415584,30.03246753,0.392774026
1137.506494,8.587012987,891.7012987,764.7792208,1002.597403,1126.298701,11.87792208,30.43376623,0.396112987
1145.025974,8.748051948,897.8051948,759.1168831,1010.38961,1146.194805,11.81168831,30.83506494,0.399451948
1152.545455,8.909090909,903.9090909,753.4545455,1018.181818,1166.090909,11.74545455,31.23636364,0.402790909
1160.064935,9.07012987,910.012987,747.7922078,1025.974026,1185.987013,11.67922078,31.63766234,0.40612987
1167.584416,9.231168831,916.1168831,742.1298701,1033.766234,1205.883117,11.61298701,32.03896104,0.409468831
1175.103896,9.392207792,922.2207792,736.4675325,1041.558442,1225.779221,11.54675325,32.44025974,0.412807792
1182.623377,9.553246753,928.3246753,730.8051948,1049.350649,1245.675325,11.48051948,32.84155844,0.416146753
1190.142857,9.714285714,934.4285714,725.1428571,1057.142857,1265.571429,11.41428571,33.24285714,0.419485714
1197.662338,9.875324675,940.5324675,719.4805195,1064.935065,1285.467532,11.34805195,33.64415584,0.422824675
1205.181818,10.03636364,946.6363636,713.8181818,1072.727273,1305.363636,11.28181818,34.04545455,0.426163636
1212.701299,10.1974026,952.7402597,708.1558442,1080.519481,1325.25974,11.21558442,34.44675325,0.429502597
1220.220779,10.35844156,958.8441558,702.4935065,1088.311688,1345.155844,11.14935065,34.84805195,0.432841558
1227.74026,10.51948052,964.9480519,696.8311688,1096.103896,1365.051948,11.08311688,35.24935065,0.436180519
1235.25974,10.68051948,971.0519481,691.1688312,1103.896104,1384.948052,11.01688312,35.65064935,0.439519481
1242.779221,10.84155844,977.1558442,685.5064935,1111.688312,1404.844156,10.95064935,36.05194805,0.442858442
1250.298701,11.0025974,983.2597403,679.8441558,1119.480519,1424.74026,10.88441558,36.45324675,0.446197403
1257.818182,11.16363636,989.3636364,674.1818182,1127.272727,1444.636364,10.81818182,36.85454545,0.449536364
1265.337662,11.32467532,995.4675325,668.5194805,1135.064935,1464.532468,10.75194805,37.25584416,0.452875325
1272.857143,11.48571429,1001.571429,662.8571429,1142.857143,1484.428571,10.68571429,37.65714286,0.456214286
1280.376623,11.64675325,1007.675325,657.1948052,1150.649351,1504.324675,10.61948052,38.05844156,0.459553247
1287.896104,11.80779221,1013.779221,651.5324675,1158.441558,1524.220779,10.55324675,38.45974026,0.462892208
1295.415584,11.96883117,1019.883117,645.8701299,1166.233766,1544.116883,10.48701299,38.86103896,0.466231169
1302.935065,12.12987013,1025.987013,640.2077922,1174.025974,1564.012987,10.42077922,39.26233766,0.46957013
1310.454545,12.29090909,1032.090909,634.5454545,1181.818182,1583.909091,10.35454545,39.66363636,0.472909091
1317.974026,12.45194805,1038.194805,628.8831169,1189.61039,1603.805195,10.28831169,40.06493506,0.476248052
1325.493506,12.61298701,1044.298701,623.2207792,1197.402597,1623.701299,10.22207792,40.46623377,0.479587013
1333.012987,12.77402597,1050.402597,617.5584416,1205.194805,1643.597403,10.15584416,40.86753247,0.482925974
1340.532468,12.93506494,1056.506494,611.8961039,1212.987013,1663.493506,10.08961039,41.26883117,0.486264935
1348.051948,13.0961039,1062.61039,606.2337662,1220.779221,1683.38961,10.02337662,41.67012987,0.489603896
1355.571429,13.25714286,1068.714286,600.5714286,1228.571429,1703.285714,9.957142857,42.07142857,0.492942857
1363.090909,13.41818182,1074.818182,594.9090909,1236.363636,1723.181818,9.890909091,42.47272727,0.496281818
1370.61039,13.57922078,1080.922078,589.2467532,1244.155844,1743.077922,9.824675325,42.87402597,0.499620779
1378.12987,13.74025974,1087.025974,583.5844156,1251.948052,1762.974026,9.758441558,43.27532468,0.50295974
1385.649351,13.9012987,1093.12987,577.9220779,1259.74026,1782.87013,9.692207792,43.67662338,0.506298701
1393.168831,14.06233766,1099.233766,572.2597403,1267.532468,1802.766234,9.625974026,44.07792208,0.509637662
1400.688312,14.22337662,1105.337662,566.5974026,1275.324675,1822.662338,9.55974026,44.47922078,0.512976623
1408.207792,14.38441558,1111.441558,560.9350649,1283.116883,1842.558442,9.493506494,44.88051948,0.516315584
1415.727273,14.54545455,1117.545455,555.2727273,1290.909091,1862.454545,9.427272727,45.28181818,0.519654545
1423.246753,14.70649351,1123.649351,549.6103896,1298.701299,1882.350649,9.361038961,45.68311688,0.522993506
1430.766234,14.86753247,1129.753247,543.9480519,1306.493506,1902.246753,9.294805195,46.08441558,0.526332468
1438.285714,15.02857143,1135.857143,538.2857143,1314.285714,1922.142857,9.228571429,46.48571429,0.529671429
1445.805195,15.18961039,1141.961039,532.6233766,1322.077922,1942.038961,9.162337662,46.88701299,0.53301039
1453.324675,15.35064935,1148.064935,526.961039,1329.87013,1961.935065,9.096103896,47.28831169,0.536349351
1460.844156,15.51168831,1154.168831,521.2987013,1337.662338,1981.831169,9.02987013,47.68961039,0.539688312
1468.363636,15.67272727,1160.272727,515.6363636,1345.454545,2001.727273,8.963636364,48.09090909,0.543027273
1475.883117,15.83376623,1166.376623,509.974026,1353.246753,2021.623377,8.897402597,48.49220779,0.546366234
1483.402597,15.99480519,1172.480519,504.3116883,1361.038961,2041.519481,8.831168831,48.89350649,0.549705195
1490.922078,16.15584416,1178.584416,498.6493506,1368.831169,2061.415584,8.764935065,49.29480519,0.553044156
1498.441558,16.31688312,1184.688312,492.987013,1376.623377,2081.311688,8.698701299,49.6961039,0.556383117
1505.961039,16.47792208,1190.792208,487.3246753,1384.415584,2101.207792,8.632467532,50.0974026,0.559722078
1513.480519,16.63896104,1196.896104,481.6623377,1392.207792,2121.103896,8.566233766,50.4987013,0.563061039
1521.0,16.8,1203.0,476.0,1400.0,2141.0,8.5,50.9,0.5664
1428.0,13.0,1085.0,526.0,1268.0,2023.0,8.3,53.3,0.5843
1463.0,12.6,1069.0,530.0,1279.0,1967.0,7.1,58.1,0.5885
1494.0,14.2,1124.0,504.0,1313.0,1931.0,5.8,64.3,0.5964
1462.0,12.9,1080.0,522.0,1274.0,1889.0,5.3,66.8,0.5979
1326.0,9.7,967.0,578.0,1174.0,1699.0,5.0,66.6,0.5871
1185.0,5.9,807.0,685.0,1051.0,1467.0,5.0,66.3,0.5811
1154.0,5.5,788.0,709.0,1065.0,1390.0,5.1,65.9,0.5827
1175.0,6.6,839.0,670.0,1087.0,1371.0,4.1,69.0,0.5735
1203.0,7.3,870.0,641.0,1103.0,1427.0,4.6,67.6,0.5778
1250.0,8.8,933.0,620.0,1144.0,1489.0,5.2,65.5,0.5836
1321.0,11.9,1046.0,562.0,1263.0,1610.0,6.0,62.8,0.5929
1323.0,12.0,1049.0,550.0,1290.0,1619.0,7.1,59.3,0.6005
1381.0,11.9,1045.0,541.0,1307.0,1706.0,7.8,58.0,0.6136
1480.0,16.2,1186.0,498.0,1382.0,1882.0,9.0,54.7,0.6271
1485.0,17.6,1229.0,477.0,1450.0,1911.0,10.0,53.1,0.6495
1522.0,17.6,1229.0,470.0,1488.0,1943.0,10.8,52.0,0.6738
1570.0,17.5,1224.0,468.0,1448.0,2020.0,11.0,51.4,0.6746
1507.0,15.7,1170.0,488.0,1392.0,1999.0,11.0,51.4,0.6725
1540.0,16.7,1202.0,475.0,1440.0,2008.0,10.9,52.0,0.6796
1556.0,17.1,1214.0,472.0,1435.0,2026.0,11.1,52.0,0.6869
1707.0,23.0,1378.0,416.0,1637.0,2225.0,11.0,53.6,0.7033
1766.0,24.6,1419.0,404.0,1659.0,2317.0,11.0,55.1,0.7221
1846.0,26.8,1474.0,389.0,1712.0,2426.0,11.4,55.4,0.7471
1795.0,23.2,1382.0,410.0,1609.0,2355.0,11.1,56.9,0.7506
1755.0,22.0,1352.0,417.0,1587.0,2375.0,10.2,60.0,0.7461
1738.0,20.4,1309.0,424.0,1543.0,2494.0,10.1,59.9,0.7379
1712.0,18.0,1239.0,443.0,1488.0,2411.0,9.9,63.2,0.7706
1751.0,18.5,1255.0,435.0,1541.0,2226.0,9.4,73.4,0.8662
1574.0,13.3,1093.0,497.0,1451.0,1808.0,9.4,77.7,0.9203
1458.0,11.3,1024.0,530.0,1413.0,1571.0,9.6,78.7,0.9429
1515.0,12.5,1066.0,508.0,1430.0,1548.0,8.9,81.3,0.9277
1491.0,11.5,1031.0,515.0,1387.0,1541.0,8.5,82.9,0.9243
1453.0,10.9,1012.0,534.0,1348.0,1441.0,8.3,84.0,0.9234
1443.0,10.7,1003.0,542.0,1356.0,1396.0,8.1,85.0,0.9221
1473.0,11.9,1047.0,522.0,1420.0,1411.0,8.7,83.7,0.9423
1548.0,13.4,1097.0,491.0,1477.0,1497.0,9.5,82.4,0.976
1586.0,13.0,1084.0,495.0,1473.0,1619.0,11.0,78.2,1.022
1488.0,11.2,1023.0,533.0,1456.0,1590.0,14.1,67.9,1.0859
1220.0,5.5,787.0,675.0,1310.0,1163.0,16.3,56.6,1.0422
1198.0,4.9,758.0,698.0,1277.0,1001.0,18.7,48.0,1.0259
1168.0,6.5,836.0,666.0,1278.0,822.0,19.5,39.3,0.882
1149.0,8.4,917.0,616.0,1293.0,773.0,19.9,34.1,0.782
1052.0,4.4,734.0,799.0,1109.0,588.0,19.4,32.4,0.7239
1053.0,4.3,727.0,789.0,1081.0,610.0,17.1,35.8,0.6944
1238.0,11.6,1037.0,583.0,1388.0,1000.0,15.5,40.7,0.7103
1188.0,9.0,939.0,658.0,1234.0,1048.0,14.8,42.8,0.7182
1150.0,7.8,891.0,684.0,1198.0,1002.0,13.9,43.8,0.6937
984.0,3.7,694.0,881.0,1032.0,711.0,13.7,42.9,0.6687
1111.0,5.3,777.0,760.0,1137.0,1024.0,12.5,47.8,0.6877
1131.0,5.6,793.0,728.0,1173.0,1054.0,11.8,53.4,0.7366
1115.0,5.3,778.0,749.0,1158.0,994.0,10.9,55.9,0.7312
1133.0,6.0,811.0,708.0,1182.0,1031.0,10.1,58.9,0.7301
1024.0,4.0,709.0,798.0,1120.0,884.0,9.8,61.2,0.7413
968.0,2.8,639.0,891.0,1080.0,794.0,8.4,67.1,0.7411
923.0,1.8,567.0,994.0,1024.0,688.0,8.3,67.2,0.7382
902.0,1.5,548.0,1063.0,1024.0,617.0,7.7,68.9,0.728
995.0,2.9,646.0,895.0,1053.0,818.0,6.9,70.0,0.6997
858.0,2.2,597.0,1054.0,857.0,690.0,9.0,37.3,0.4297
1233.0,11.4,1030.0,619.0,1257.0,1291.0,9.4,44.9,0.5296
1140.0,9.5,958.0,627.0,1175.0,1200.0,10.3,45.4,0.5666
1096.0,11.6,1036.0,635.0,1043.0,1127.0,11.5,39.6,0.5372
1295.0,33.9,1639.0,477.0,1013.0,1582.0,11.7,36.9,0.506
926.0,7.6,882.0,744.0,913.0,700.0,11.8,36.2,0.4999
970.0,7.0,857.0,748.0,990.0,693.0,12.0,38.7,0.5402
960.0,6.9,853.0,782.0,967.0,709.0,13.7,30.3,0.4724
941.0,5.8,800.0,823.0,917.0,671.0,12.6,30.6,0.4443
921.0,5.2,771.0,850.0,885.0,632.0,13.0,27.4,0.4085
940.0,6.4,829.0,823.0,901.0,716.0,13.6,22.7,0.3529
1036.0,11.9,1046.0,694.0,1044.0,1059.0,11.8,23.0,0.3171
1102.0,17.4,1221.0,609.0,1136.0,1329.0,10.7,19.9,0.2547
1035.0,14.7,1141.0,670.0,1018.0,1196.0,10.4,18.0,0.2269
990.0,10.0,978.0,751.0,928.0,1131.0,9.7,20.6,0.2488
950.0,6.6,839.0,834.0,878.0,977.0,9.4,24.8,0.2923
988.0,6.6,839.0,803.0,936.0,963.0,8.8,31.2,0.3533
884.0,3.1,658.0,982.0,813.0,581.0,8.7,31.2,0.3521
840.0,2.2,597.0,1081.0,766.0,432.0,8.5,30.4,0.3391
814.0,1.3,526.0,1228.0,740.0,352.0,8.0,32.9,0.353
821.0,1.1,509.0,1235.0,762.0,348.0,7.1,37.4,0.3799
802.0,0.5,440.0,1413.0,738.0,312.0,6.9,39.1,0.3901
805.0,0.5,437.0,1491.0,738.0,296.0,6.9,39.8,0.3966
850.0,1.3,529.0,1183.0,780.0,385.0,6.1,40.8,0.3868
913.0,2.5,619.0,1018.0,834.0,586.0,6.0,41.5,0.3896
1047.0,6.7,844.0,784.0,979.0,987.0,6.1,39.9,0.3781
1055.0,8.0,899.0,731.0,1017.0,1035.0,6.5,39.5,0.3865
974.0,5.3,778.0,832.0,905.0,782.0,9.4,32.7,0.3855
863.0,3.3,669.0,993.0,776.0,511.0,11.3,24.9,0.3318
889.0,4.4,734.0,942.0,801.0,566.0,12.8,19.8,0.2933
906.0,5.5,790.0,893.0,837.0,642.0,12.3,19.3,0.274
874.0,4.8,751.0,918.0,792.0,591.0,12.0,19.3,0.2716
849.0,3.5,680.0,1015.0,741.0,461.0,11.9,19.2,0.2677
923.0,4.9,761.0,909.0,840.0,609.0,12.1,20.7,0.2906
962.0,6.6,841.0,827.0,901.0,821.0,11.5,22.1,0.2987
1067.0,12.3,1059.0,671.0,1085.0,1163.0,10.4,23.1,0.2905
1125.0,14.1,1121.0,630.0,1132.0,1405.0,9.5,25.2,0.2996
1149.0,14.2,1124.0,623.0,1141.0,1405.0,8.9,26.9,0.3069
1155.0,11.6,1034.0,648.0,1061.0,1429.0,8.2,30.1,0.327
1065.0,8.2,908.0,741.0,953.0,1284.0,7.4,31.8,0.3287
1145.0,9.2,946.0,699.0,1015.0,1409.0,6.6,37.5,0.3664
1134.0,8.3,912.0,707.0,999.0,1376.0,6.3,40.1,0.3842
1195.0,10.7,1004.0,652.0,1078.0,1421.0,5.2,44.2,0.3943
1141.0,8.0,898.0,689.0,1014.0,1356.0,4.4,47.5,0.4017
1077.0,5.9,806.0,725.0,949.0,1296.0,4.0,49.1,0.4019
1052.0,4.5,740.0,768.0,913.0,1202.0,3.3,52.2,0.4074
1033.0,3.8,701.0,782.0,883.0,1206.0,3.2,52.4,0.4071
1080.0,5.1,768.0,732.0,924.0,1305.0,3.6,51.7,0.4123
1208.0,8.8,931.0,622.0,1052.0,1485.0,3.5,54.2,0.4297
1363.0,16.1,1183.0,520.0,1273.0,1643.0,5.2,48.3,0.4304
1239.0,13.4,1096.0,577.0,1211.0,1459.0,7.8,37.6,0.3994
1044.0,9.0,940.0,706.0,1014.0,1152.0,8.9,33.8,0.385
956.0,5.0,761.0,849.0,887.0,885.0,9.1,33.0,0.3827
955.0,4.3,725.0,890.0,880.0,770.0,9.1,34.5,0.3994
997.0,6.3,825.0,790.0,948.0,852.0,9.6,31.3,0.3763
987.0,6.0,810.0,801.0,939.0,830.0,8.5,36.3,0.4026
1007.0,5.7,798.0,793.0,942.0,867.0,9.3,34.6,0.405
1025.0,5.6,795.0,783.0,967.0,881.0,8.9,37.9,0.4318
1083.0,7.0,856.0,720.0,1010.0,975.0,8.2,41.8,0.4563
1143.0,9.5,960.0,641.0,1110.0,1136.0,7.4,44.5,0.4582
1288.0,15.9,1178.0,539.0,1300.0,1434.0,7.0,43.4,0.4366
1464.0,24.7,1421.0,457.0,1542.0,1746.0,6.6,43.4,0.4241
1341.0,16.8,1204.0,534.0,1294.0,1592.0,5.9,44.3,0.4137
1177.0,10.7,1004.0,640.0,1111.0,1341.0,5.0,46.6,0.4099
1089.0,8.3,913.0,712.0,1016.0,1208.0,5.8,40.3,0.374
1196.0,11.0,1014.0,643.0,1101.0,1334.0,5.4,43.8,0.3945
1107.0,7.4,874.0,721.0,984.0,1208.0,5.7,42.1,0.3883
1102.0,7.9,897.0,715.0,1024.0,1196.0,5.7,42.1,0.3885
993.0,3.6,688.0,847.0,874.0,931.0,5.8,42.9,0.399
912.0,1.7,559.0,1016.0,837.0,656.0,5.7,46.6,0.4298
883.0,1.0,496.0,1140.0,804.0,478.0,6.9,45.0,0.4499
893.0,1.1,507.0,1111.0,794.0,489.0,6.9,42.2,0.4224
1033.0,4.0,711.0,893.0,935.0,893.0,6.4,43.8,0.423
1222.0,9.7,966.0,636.0,1134.0,1322.0,6.6,44.6,0.4383
1190.0,10.6,1000.0,624.0,1152.0,1280.0,7.7,42.1,0.444
1035.0,5.4,783.0,794.0,969.0,943.0,10.1,36.7,0.4536
990.0,3.9,705.0,873.0,913.0,772.0,9.0,41.4,0.4775
1011.0,4.4,732.0,830.0,944.0,826.0,8.7,42.5,0.4787
1041.0,5.0,763.0,790.0,1003.0,808.0,8.3,47.8,0.5238
1086.0,6.8,850.0,723.0,1072.0,901.0,8.9,45.5,0.5208
1021.0,4.8,755.0,807.0,980.0,763.0,8.9,46.1,0.5256
1014.0,5.0,761.0,806.0,972.0,722.0,9.0,44.9,0.5173
1023.0,5.2,771.0,807.0,982.0,735.0,9.3,42.3,0.4974
1172.0,10.0,977.0,657.0,1160.0,1047.0,8.4,45.2,0.4977
1172.0,11.1,1017.0,623.0,1185.0,1163.0,7.6,47.8,0.5013
1219.0,12.9,1081.0,590.0,1246.0,1244.0,7.4,47.2,0.4871
1106.0,7.8,891.0,708.0,1058.0,1025.0,7.4,46.9,0.4854
1078.0,6.3,824.0,759.0,1016.0,982.0,6.9,48.2,0.4832
939.0,2.8,637.0,960.0,883.0,607.0,7.1,47.9,0.4867
975.0,3.3,670.0,943.0,910.0,616.0,6.9,48.7,0.4874
958.0,3.1,660.0,935.0,905.0,654.0,6.8,48.2,0.4792
921.0,2.1,594.0,1025.0,867.0,479.0,6.3,49.6,0.4787
931.0,1.9,580.0,983.0,863.0,487.0,5.6,52.9,0.4855
874.0,0.7,472.0,1179.0,803.0,382.0,6.4,49.8,0.4814
872.0,0.8,476.0,1249.0,794.0,350.0,6.9,48.1,0.4796
904.0,1.3,530.0,1079.0,846.0,438.0,6.4,50.2,0.485
951.0,1.8,568.0,1021.0,888.0,578.0,6.4,50.7,0.4886
1183.0,7.9,896.0,673.0,1115.0,1140.0,6.9,48.8,0.4903
1187.0,9.8,970.0,625.0,1174.0,1203.0,8.4,44.6,0.4922
1072.0,7.4,874.0,715.0,1033.0,1000.0,10.8,37.1,0.4794
1011.0,5.3,780.0,805.0,964.0,806.0,11.2,36.2,0.4818
997.0,4.8,752.0,837.0,952.0,724.0,11.8,34.4,0.4758
989.0,5.6,791.0,804.0,953.0,690.0,11.5,33.1,0.4479
1006.0,6.6,837.0,775.0,971.0,757.0,10.9,32.6,0.426
1016.0,6.7,845.0,771.0,987.0,818.0,11.3,31.7,0.4249
1069.0,8.4,918.0,724.0,1045.0,936.0,11.6,30.9,0.4223
1109.0,10.3,989.0,664.0,1096.0,1133.0,11.1,32.2,0.4243
1182.0,12.6,1071.0,617.0,1187.0,1298.0,9.7,36.0,0.4333
1253.0,16.0,1179.0,573.0,1268.0,1387.0,8.5,39.0,0.4336
1288.0,17.6,1228.0,549.0,1333.0,1502.0,8.3,40.3,0.4411
1153.0,10.1,981.0,666.0,1097.0,1273.0,8.0,41.3,0.4448
1161.0,9.8,969.0,677.0,1111.0,1271.0,7.0,44.2,0.4446
1271.0,11.5,1031.0,618.0,1138.0,1464.0,5.4,51.8,0.4698
1156.0,8.2,909.0,684.0,1023.0,1384.0,4.1,55.0,0.4558
1106.0,6.8,850.0,727.0,997.0,1281.0,3.1,57.8,0.4462
1008.0,4.3,726.0,834.0,913.0,1083.0,3.1,56.7,0.4388
966.0,3.9,703.0,865.0,903.0,989.0,2.2,59.6,0.4333
931.0,2.6,627.0,948.0,860.0,911.0,2.3,58.9,0.4317
922.0,2.4,611.0,962.0,867.0,893.0,1.9,60.0,0.4276
911.0,2.3,606.0,950.0,866.0,894.0,1.9,60.3,0.4293
993.0,4.5,736.0,819.0,941.0,1018.0,0.9,64.6,0.4294
1100.0,8.5,919.0,678.0,1072.0,1191.0,0.6,65.0,0.4231
1141.0,9.0,940.0,651.0,1099.0,1285.0,2.1,59.9,0.4338
1085.0,5.7,800.0,750.0,983.0,1219.0,3.1,57.2,0.4402
1153.0,6.9,853.0,696.0,1027.0,1370.0,4.2,54.0,0.4483
1122.0,6.4,831.0,722.0,982.0,1317.0,7.4,43.8,0.4538
992.0,3.5,685.0,890.0,902.0,818.0,11.2,34.5,0.4586
1018.0,3.7,693.0,868.0,937.0,683.0,13.8,32.4,0.5084
981.0,2.9,649.0,924.0,901.0,573.0,12.4,34.9,0.5002
988.0,3.4,679.0,905.0,911.0,595.0,12.8,31.9,0.4684
1059.0,5.3,777.0,797.0,969.0,774.0,13.5,29.1,0.4486
1110.0,7.3,870.0,708.0,1057.0,1059.0,11.6,33.3,0.454
1204.0,10.0,979.0,639.0,1147.0,1326.0,10.9,34.9,0.4568
1275.0,12.3,1061.0,593.0,1203.0,1494.0,10.4,37.3,0.4708
1297.0,11.8,1044.0,600.0,1185.0,1559.0,9.7,39.7,0.4792
1277.0,10.4,991.0,609.0,1141.0,1575.0,9.1,41.9,0.4857
1207.0,7.7,888.0,664.0,1062.0,1447.0,9.3,41.9,0.4927
1222.0,7.5,880.0,684.0,1083.0,1367.0,9.4,44.7,0.5279
1141.0,6.1,816.0,745.0,1026.0,1230.0,8.5,45.8,0.5108
1228.0,8.3,913.0,643.0,1124.0,1396.0,7.8,50.0,0.53
1120.0,5.1,770.0,756.0,1012.0,1191.0,7.7,49.7,0.5242
1067.0,4.9,758.0,775.0,993.0,1009.0,8.2,46.9,0.5099
947.0,1.9,580.0,978.0,894.0,572.0,8.4,48.6,0.5375
918.0,1.0,501.0,1148.0,881.0,420.0,8.0,54.7,0.5883
920.0,1.1,506.0,1142.0,905.0,453.0,7.8,55.7,0.5914
941.0,1.5,541.0,1065.0,919.0,520.0,8.0,53.8,0.5796
949.0,1.6,552.0,1035.0,919.0,531.0,8.8,50.7,0.5752
990.0,2.3,604.0,944.0,947.0,579.0,10.1,47.6,0.587
996.0,2.5,620.0,928.0,946.0,570.0,10.6,45.8,0.5838
1023.0,2.5,623.0,916.0,976.0,571.0,9.1,56.2,0.6515
1037.0,2.8,636.0,891.0,1024.0,582.0,7.9,66.5,0.7124
1017.0,2.4,613.0,919.0,1007.0,551.0,8.0,65.0,0.6991
1042.0,3.3,671.0,861.0,1038.0,634.0,8.4,61.0,0.6721
1037.0,3.2,665.0,854.0,1013.0,633.0,8.6,57.3,0.6429
1009.0,2.8,640.0,915.0,996.0,613.0,8.4,56.3,0.6227
1033.0,3.4,675.0,853.0,1006.0,702.0,8.0,57.7,0.6222
1016.0,2.9,647.0,906.0,997.0,649.0,7.1,62.6,0.6341
1076.0,4.6,745.0,801.0,1040.0,841.0,7.4,59.3,0.6123
1029.0,3.8,699.0,851.0,1001.0,795.0,7.7,56.9,0.5994
984.0,3.1,661.0,898.0,965.0,638.0,7.7,54.4,0.5753
1003.0,3.7,694.0,876.0,976.0,663.0,7.7,53.0,0.5572
1009.0,3.3,671.0,877.0,1010.0,610.0,6.7,62.8,0.6188
946.0,2.1,588.0,1005.0,948.0,480.0,6.6,61.9,0.6056
910.0,1.2,518.0,1130.0,936.0,404.0,5.7,70.3,0.6498
886.0,0.7,464.0,1273.0,919.0,357.0,4.5,79.2,0.6751
879.0,0.5,447.0,1317.0,910.0,348.0,4.0,81.5,0.6712
907.0,1.0,502.0,1129.0,947.0,399.0,3.9,81.5,0.6653
949.0,2.1,589.0,987.0,1001.0,464.0,3.3,84.3,0.6617
1054.0,5.5,786.0,766.0,1129.0,699.0,4.2,80.9,0.6742
1214.0,10.9,1010.0,609.0,1282.0,1006.0,5.1,75.0,0.6646
1253.0,13.3,1095.0,566.0,1375.0,1206.0,4.6,77.6,0.6651
1197.0,9.6,964.0,614.0,1260.0,1122.0,3.8,84.3,0.6811
1156.0,7.0,859.0,684.0,1196.0,1069.0,6.2,77.4,0.7383
1132.0,6.6,837.0,694.0,1199.0,1062.0,7.7,67.6,0.7133
1207.0,9.3,950.0,623.0,1303.0,1162.0,8.1,64.8,0.7039
1127.0,7.9,896.0,664.0,1227.0,1010.0,8.1,64.0,0.6942
1112.0,6.9,851.0,694.0,1184.0,931.0,6.9,71.3,0.7118
1186.0,8.6,925.0,641.0,1272.0,1025.0,7.0,73.7,0.7425
1192.0,10.0,976.0,618.0,1290.0,1110.0,7.3,70.0,0.7195
1177.0,8.8,931.0,656.0,1281.0,979.0,5.8,77.8,0.7223
1478.0,20.2,1301.0,469.0,1682.0,1409.0,5.4,80.9,0.7293
1486.0,19.7,1289.0,466.0,1633.0,1438.0,5.5,79.8,0.7261
1118.0,7.1,863.0,680.0,1194.0,1083.0,5.6,74.0,0.6808
1019.0,4.4,730.0,811.0,1082.0,916.0,5.6,71.9,0.6604
961.0,2.9,643.0,914.0,1046.0,825.0,6.4,70.7,0.6848
931.0,2.1,591.0,1015.0,1015.0,704.0,6.3,70.1,0.6733
938.0,2.1,592.0,992.0,1032.0,668.0,4.4,80.5,0.6825
888.0,1.1,511.0,1112.0,963.0,512.0,3.9,83.1,0.6787
844.0,0.6,454.0,1327.0,908.0,385.0,2.5,86.6,0.6407
851.0,0.5,440.0,1349.0,918.0,377.0,3.4,85.4,0.6736
905.0,1.0,503.0,1152.0,956.0,467.0,3.3,84.5,0.6608
987.0,2.6,628.0,929.0,1035.0,691.0,3.4,84.5,0.664
1124.0,6.7,842.0,690.0,1180.0,981.0,3.4,84.5,0.6677
1408.0,16.7,1200.0,490.0,1523.0,1369.0,4.1,82.7,0.682
1501.0,24.0,1403.0,418.0,1789.0,1589.0,4.6,80.3,0.6889
1266.0,15.0,1149.0,528.0,1435.0,1370.0,6.1,74.0,0.7025
1082.0,6.9,855.0,725.0,1140.0,1005.0,9.1,58.4,0.6787
1123.0,9.1,942.0,653.0,1225.0,1105.0,11.4,48.9,0.658
1174.0,10.0,979.0,611.0,1282.0,1142.0,8.3,64.4,0.7072
1209.0,12.9,1082.0,573.0,1355.0,1105.0,6.5,71.0,0.6903
1120.0,9.0,940.0,657.0,1245.0,917.0,6.6,71.1,0.6973
1174.0,10.9,1010.0,613.0,1305.0,1050.0,7.4,69.3,0.7165
1068.0,7.9,896.0,702.0,1177.0,848.0,6.4,70.6,0.6834
1146.0,10.2,985.0,650.0,1236.0,952.0,5.8,72.5,0.6718
1204.0,13.2,1089.0,601.0,1335.0,1059.0,5.6,71.6,0.6556
1062.0,8.1,903.0,717.0,1141.0,720.0,4.2,77.8,0.6491
1122.0,8.5,919.0,680.0,1201.0,981.0,4.3,79.5,0.6648
940.0,3.6,686.0,903.0,1005.0,648.0,4.5,75.5,0.6429
935.0,2.6,628.0,995.0,986.0,611.0,4.4,77.1,0.6523
1011.0,4.3,725.0,852.0,1050.0,773.0,4.2,78.2,0.6506
952.0,3.2,665.0,907.0,1007.0,703.0,4.0,79.3,0.6517
899.0,1.8,572.0,1063.0,951.0,560.0,3.9,78.7,0.643
880.0,1.4,533.0,1161.0,948.0,499.0,3.5,80.6,0.6403
882.0,1.2,516.0,1132.0,959.0,575.0,3.2,82.8,0.6426
844.0,0.7,466.0,1261.0,894.0,478.0,4.1,76.0,0.6304
860.0,1.0,497.0,1251.0,912.0,442.0,4.2,75.9,0.6311
917.0,2.2,597.0,1084.0,994.0,602.0,4.5,76.3,0.648
1126.0,7.7,886.0,719.0,1208.0,936.0,4.4,79.1,0.6687
1033.0,6.2,820.0,740.0,1114.0,870.0,4.3,79.8,0.6706
944.0,3.8,697.0,881.0,1022.0,688.0,3.1,83.0,0.6419
955.0,3.6,687.0,895.0,1004.0,706.0,2.8,83.9,0.6326
992.0,3.7,694.0,900.0,1020.0,756.0,3.9,79.5,0.6482
1090.0,8.3,910.0,701.0,1192.0,974.0,5.1,74.5,0.6621
1151.0,10.1,983.0,629.0,1244.0,1121.0,5.7,72.5,0.6686
1148.0,9.9,975.0,638.0,1243.0,1064.0,5.6,74.6,0.6826
1140.0,9.2,946.0,653.0,1231.0,1076.0,5.4,75.9,0.6875
1160.0,10.3,990.0,632.0,1254.0,1090.0,4.9,78.2,0.6826
1167.0,11.4,1027.0,610.0,1289.0,1119.0,4.8,79.0,0.6845
1194.0,11.7,1038.0,605.0,1317.0,1181.0,4.8,78.6,0.6826
1224.0,12.6,1071.0,590.0,1331.0,1240.0,4.6,78.2,0.6686
1209.0,11.4,1028.0,619.0,1264.0,1254.0,4.2,79.7,0.6647
1145.0,9.6,962.0,657.0,1212.0,1192.0,4.3,78.9,0.6621
1016.0,4.6,744.0,825.0,1053.0,1020.0,4.2,77.9,0.6479
1018.0,4.7,750.0,831.0,1051.0,916.0,3.2,83.0,0.645
937.0,2.6,625.0,977.0,983.0,798.0,5.1,74.5,0.6626
949.0,2.9,647.0,956.0,1023.0,762.0,4.0,80.8,0.6666
895.0,1.5,545.0,1080.0,964.0,685.0,4.3,81.0,0.677
884.0,1.3,528.0,1148.0,960.0,619.0,2.9,85.3,0.6503
883.0,1.2,518.0,1135.0,962.0,606.0,3.3,84.5,0.6612
968.0,3.0,652.0,937.0,1051.0,788.0,3.6,84.4,0.6724
1071.0,5.5,787.0,755.0,1146.0,947.0,3.8,83.8,0.6771
1310.0,12.9,1082.0,555.0,1400.0,1254.0,4.1,82.5,0.6819
1332.0,14.5,1132.0,522.0,1439.0,1352.0,3.9,83.9,0.6847
1178.0,9.0,939.0,640.0,1228.0,1165.0,4.1,83.9,0.6967
1093.0,6.5,836.0,728.0,1142.0,1025.0,4.6,82.0,0.6997
1060.0,5.4,784.0,770.0,1117.0,941.0,5.5,79.5,0.7238
1121.0,7.4,873.0,697.0,1206.0,1000.0,6.7,76.2,0.7519
1118.0,7.7,888.0,685.0,1223.0,962.0,7.9,69.0,0.7394
1205.0,10.7,1002.0,612.0,1299.0,1214.0,8.5,66.3,0.7387
