family,dataset,sequence_length,model_seed,draw,metric,evaluator_seed,value,lower_is_better,sample_count,real_reference_sha256,generated_sha256,evaluator_source,runtime_seconds,gpu
Diffusion-TS,AirQuality,64,0,100000,context_fid,0,0.2187510776496959,True,4096,08866e0a33d9b75e91a981c6031b183546043fc0bf762d0e9377bc734a6c4c09,9885c06b0b72d92b053eb58344c90990fc66294fe46979d2b86022db59746ef4,/path/to/PETS-FFT-Ablation/results/final_unconditional_main_v1/evaluators/AirQuality/T64/ts2vec_seed_0.pt,1.3105456829071045,2
Diffusion-TS,AirQuality,64,0,100000,context_fid,42,0.2388632459713761,True,4096,08866e0a33d9b75e91a981c6031b183546043fc0bf762d0e9377bc734a6c4c09,9885c06b0b72d92b053eb58344c90990fc66294fe46979d2b86022db59746ef4,/path/to/PETS-FFT-Ablation/results/final_unconditional_main_v1/evaluators/AirQuality/T64/ts2vec_seed_42.pt,1.2609403133392334,2
Diffusion-TS,AirQuality,64,0,100000,context_fid,123,0.23655017678988324,True,4096,08866e0a33d9b75e91a981c6031b183546043fc0bf762d0e9377bc734a6c4c09,9885c06b0b72d92b053eb58344c90990fc66294fe46979d2b86022db59746ef4,/path/to/PETS-FFT-Ablation/results/final_unconditional_main_v1/evaluators/AirQuality/T64/ts2vec_seed_123.pt,1.2991116046905518,0
Diffusion-TS,AirQuality,64,0,100001,context_fid,0,0.2259620738419958,True,4096,08866e0a33d9b75e91a981c6031b183546043fc0bf762d0e9377bc734a6c4c09,8380ee826f8b5e318ee13f84ee0aca034017c2bf91817af2629099900d4bfdcd,/path/to/PETS-FFT-Ablation/results/final_unconditional_main_v1/evaluators/AirQuality/T64/ts2vec_seed_0.pt,1.2944691181182861,2
Diffusion-TS,AirQuality,64,0,100001,context_fid,42,0.2517188444242018,True,4096,08866e0a33d9b75e91a981c6031b183546043fc0bf762d0e9377bc734a6c4c09,8380ee826f8b5e318ee13f84ee0aca034017c2bf91817af2629099900d4bfdcd,/path/to/PETS-FFT-Ablation/results/final_unconditional_main_v1/evaluators/AirQuality/T64/ts2vec_seed_42.pt,1.3040709495544434,1
Diffusion-TS,AirQuality,64,0,100001,context_fid,123,0.24264758448534018,True,4096,08866e0a33d9b75e91a981c6031b183546043fc0bf762d0e9377bc734a6c4c09,8380ee826f8b5e318ee13f84ee0aca034017c2bf91817af2629099900d4bfdcd,/path/to/PETS-FFT-Ablation/results/final_unconditional_main_v1/evaluators/AirQuality/T64/ts2vec_seed_123.pt,1.3040287494659424,0
Diffusion-TS,AirQuality,64,0,100002,context_fid,0,0.22495376483781251,True,4096,08866e0a33d9b75e91a981c6031b183546043fc0bf762d0e9377bc734a6c4c09,5a50411dc6ae7d7564f745b9fe970e0b1ba04df1dc6c5481714e6cec7c60dd19,/path/to/PETS-FFT-Ablation/results/final_unconditional_main_v1/evaluators/AirQuality/T64/ts2vec_seed_0.pt,1.3575317859649658,2
Diffusion-TS,AirQuality,64,0,100002,context_fid,42,0.24290299009432698,True,4096,08866e0a33d9b75e91a981c6031b183546043fc0bf762d0e9377bc734a6c4c09,5a50411dc6ae7d7564f745b9fe970e0b1ba04df1dc6c5481714e6cec7c60dd19,/path/to/PETS-FFT-Ablation/results/final_unconditional_main_v1/evaluators/AirQuality/T64/ts2vec_seed_42.pt,1.3191571235656738,1
Diffusion-TS,AirQuality,64,0,100002,context_fid,123,0.24309160373150285,True,4096,08866e0a33d9b75e91a981c6031b183546043fc0bf762d0e9377bc734a6c4c09,5a50411dc6ae7d7564f745b9fe970e0b1ba04df1dc6c5481714e6cec7c60dd19,/path/to/PETS-FFT-Ablation/results/final_unconditional_main_v1/evaluators/AirQuality/T64/ts2vec_seed_123.pt,1.6922671794891357,2
Diffusion-TS,AirQuality,64,0,100003,context_fid,0,0.21359913757193605,True,4096,08866e0a33d9b75e91a981c6031b183546043fc0bf762d0e9377bc734a6c4c09,236fb2f12cf121577c0366ded552f53226e148bdf67e95b6ecb527979a7b2280,/path/to/PETS-FFT-Ablation/results/final_unconditional_main_v1/evaluators/AirQuality/T64/ts2vec_seed_0.pt,1.4370217323303223,1
Diffusion-TS,AirQuality,64,0,100003,context_fid,42,0.22921021444851153,True,4096,08866e0a33d9b75e91a981c6031b183546043fc0bf762d0e9377bc734a6c4c09,236fb2f12cf121577c0366ded552f53226e148bdf67e95b6ecb527979a7b2280,/path/to/PETS-FFT-Ablation/results/final_unconditional_main_v1/evaluators/AirQuality/T64/ts2vec_seed_42.pt,1.364424228668213,1
Diffusion-TS,AirQuality,64,0,100003,context_fid,123,0.22890807920100703,True,4096,08866e0a33d9b75e91a981c6031b183546043fc0bf762d0e9377bc734a6c4c09,236fb2f12cf121577c0366ded552f53226e148bdf67e95b6ecb527979a7b2280,/path/to/PETS-FFT-Ablation/results/final_unconditional_main_v1/evaluators/AirQuality/T64/ts2vec_seed_123.pt,1.3045639991760254,2
Diffusion-TS,AirQuality,64,0,100004,context_fid,0,0.2440990157937086,True,4096,08866e0a33d9b75e91a981c6031b183546043fc0bf762d0e9377bc734a6c4c09,04c0fba51040601dee56f06163b42b7a804ba3edbf657e902ce8f5a9b98f31c2,/path/to/PETS-FFT-Ablation/results/final_unconditional_main_v1/evaluators/AirQuality/T64/ts2vec_seed_0.pt,1.3032310009002686,2
Diffusion-TS,AirQuality,64,0,100004,context_fid,42,0.26869109529699625,True,4096,08866e0a33d9b75e91a981c6031b183546043fc0bf762d0e9377bc734a6c4c09,04c0fba51040601dee56f06163b42b7a804ba3edbf657e902ce8f5a9b98f31c2,/path/to/PETS-FFT-Ablation/results/final_unconditional_main_v1/evaluators/AirQuality/T64/ts2vec_seed_42.pt,1.3295235633850098,1
Diffusion-TS,AirQuality,64,0,100004,context_fid,123,0.2592819705378583,True,4096,08866e0a33d9b75e91a981c6031b183546043fc0bf762d0e9377bc734a6c4c09,04c0fba51040601dee56f06163b42b7a804ba3edbf657e902ce8f5a9b98f31c2,/path/to/PETS-FFT-Ablation/results/final_unconditional_main_v1/evaluators/AirQuality/T64/ts2vec_seed_123.pt,1.3010022640228271,2
Diffusion-TS,AirQuality,64,42,100000,context_fid,0,0.6081898490704742,True,4096,08866e0a33d9b75e91a981c6031b183546043fc0bf762d0e9377bc734a6c4c09,05cb6b9fcd46135ab12931d1d1c63b979661024812aa7454e0d06165a45e752a,/path/to/PETS-FFT-Ablation/results/final_unconditional_main_v1/evaluators/AirQuality/T64/ts2vec_seed_0.pt,1.3030869960784912,0
Diffusion-TS,AirQuality,64,42,100000,context_fid,42,0.648445439352149,True,4096,08866e0a33d9b75e91a981c6031b183546043fc0bf762d0e9377bc734a6c4c09,05cb6b9fcd46135ab12931d1d1c63b979661024812aa7454e0d06165a45e752a,/path/to/PETS-FFT-Ablation/results/final_unconditional_main_v1/evaluators/AirQuality/T64/ts2vec_seed_42.pt,1.3407726287841797,2
Diffusion-TS,AirQuality,64,42,100000,context_fid,123,0.6165815487029779,True,4096,08866e0a33d9b75e91a981c6031b183546043fc0bf762d0e9377bc734a6c4c09,05cb6b9fcd46135ab12931d1d1c63b979661024812aa7454e0d06165a45e752a,/path/to/PETS-FFT-Ablation/results/final_unconditional_main_v1/evaluators/AirQuality/T64/ts2vec_seed_123.pt,1.3537929058074951,1
Diffusion-TS,AirQuality,64,42,100001,context_fid,0,0.6435554369344284,True,4096,08866e0a33d9b75e91a981c6031b183546043fc0bf762d0e9377bc734a6c4c09,1955f542415426b71a05f1158d2f07525166a1d46982b19beadb9a8113d81356,/path/to/PETS-FFT-Ablation/results/final_unconditional_main_v1/evaluators/AirQuality/T64/ts2vec_seed_0.pt,1.3633129596710205,1
Diffusion-TS,AirQuality,64,42,100001,context_fid,42,0.6879524740028012,True,4096,08866e0a33d9b75e91a981c6031b183546043fc0bf762d0e9377bc734a6c4c09,1955f542415426b71a05f1158d2f07525166a1d46982b19beadb9a8113d81356,/path/to/PETS-FFT-Ablation/results/final_unconditional_main_v1/evaluators/AirQuality/T64/ts2vec_seed_42.pt,1.2534306049346924,0
Diffusion-TS,AirQuality,64,42,100001,context_fid,123,0.6509417601191592,True,4096,08866e0a33d9b75e91a981c6031b183546043fc0bf762d0e9377bc734a6c4c09,1955f542415426b71a05f1158d2f07525166a1d46982b19beadb9a8113d81356,/path/to/PETS-FFT-Ablation/results/final_unconditional_main_v1/evaluators/AirQuality/T64/ts2vec_seed_123.pt,1.425957441329956,2
Diffusion-TS,AirQuality,64,42,100002,context_fid,0,0.6284252280603708,True,4096,08866e0a33d9b75e91a981c6031b183546043fc0bf762d0e9377bc734a6c4c09,cf4894a5ed6904328aca52044ec037aaa7ec6011c53bf9979036f7bd85d8db13,/path/to/PETS-FFT-Ablation/results/final_unconditional_main_v1/evaluators/AirQuality/T64/ts2vec_seed_0.pt,1.241880178451538,1
Diffusion-TS,AirQuality,64,42,100002,context_fid,42,0.67397384670171,True,4096,08866e0a33d9b75e91a981c6031b183546043fc0bf762d0e9377bc734a6c4c09,cf4894a5ed6904328aca52044ec037aaa7ec6011c53bf9979036f7bd85d8db13,/path/to/PETS-FFT-Ablation/results/final_unconditional_main_v1/evaluators/AirQuality/T64/ts2vec_seed_42.pt,1.3280580043792725,1
Diffusion-TS,AirQuality,64,42,100002,context_fid,123,0.640027366290572,True,4096,08866e0a33d9b75e91a981c6031b183546043fc0bf762d0e9377bc734a6c4c09,cf4894a5ed6904328aca52044ec037aaa7ec6011c53bf9979036f7bd85d8db13,/path/to/PETS-FFT-Ablation/results/final_unconditional_main_v1/evaluators/AirQuality/T64/ts2vec_seed_123.pt,1.358288288116455,2
Diffusion-TS,AirQuality,64,42,100003,context_fid,0,0.6201570112067611,True,4096,08866e0a33d9b75e91a981c6031b183546043fc0bf762d0e9377bc734a6c4c09,50acd91d9388abbd1e2457f14e7de498ae9ac8e23dcfcbd2fe04d8592d91a3a1,/path/to/PETS-FFT-Ablation/results/final_unconditional_main_v1/evaluators/AirQuality/T64/ts2vec_seed_0.pt,1.236135721206665,1
Diffusion-TS,AirQuality,64,42,100003,context_fid,42,0.6643893199848065,True,4096,08866e0a33d9b75e91a981c6031b183546043fc0bf762d0e9377bc734a6c4c09,50acd91d9388abbd1e2457f14e7de498ae9ac8e23dcfcbd2fe04d8592d91a3a1,/path/to/PETS-FFT-Ablation/results/final_unconditional_main_v1/evaluators/AirQuality/T64/ts2vec_seed_42.pt,1.3000853061676025,0
Diffusion-TS,AirQuality,64,42,100003,context_fid,123,0.6340546195757445,True,4096,08866e0a33d9b75e91a981c6031b183546043fc0bf762d0e9377bc734a6c4c09,50acd91d9388abbd1e2457f14e7de498ae9ac8e23dcfcbd2fe04d8592d91a3a1,/path/to/PETS-FFT-Ablation/results/final_unconditional_main_v1/evaluators/AirQuality/T64/ts2vec_seed_123.pt,1.3689515590667725,2
Diffusion-TS,AirQuality,64,42,100004,context_fid,0,0.6231452240011274,True,4096,08866e0a33d9b75e91a981c6031b183546043fc0bf762d0e9377bc734a6c4c09,136338148d5f6d8b6b5ecc5e2a3324e1ade069ca434817ea155c66d16846154c,/path/to/PETS-FFT-Ablation/results/final_unconditional_main_v1/evaluators/AirQuality/T64/ts2vec_seed_0.pt,1.3993644714355469,1
Diffusion-TS,AirQuality,64,42,100004,context_fid,42,0.6760289633053467,True,4096,08866e0a33d9b75e91a981c6031b183546043fc0bf762d0e9377bc734a6c4c09,136338148d5f6d8b6b5ecc5e2a3324e1ade069ca434817ea155c66d16846154c,/path/to/PETS-FFT-Ablation/results/final_unconditional_main_v1/evaluators/AirQuality/T64/ts2vec_seed_42.pt,1.3934321403503418,1
Diffusion-TS,AirQuality,64,42,100004,context_fid,123,0.6415556155922743,True,4096,08866e0a33d9b75e91a981c6031b183546043fc0bf762d0e9377bc734a6c4c09,136338148d5f6d8b6b5ecc5e2a3324e1ade069ca434817ea155c66d16846154c,/path/to/PETS-FFT-Ablation/results/final_unconditional_main_v1/evaluators/AirQuality/T64/ts2vec_seed_123.pt,1.3345084190368652,0
Diffusion-TS,AirQuality,64,123,100000,context_fid,0,0.5158197651565832,True,4096,08866e0a33d9b75e91a981c6031b183546043fc0bf762d0e9377bc734a6c4c09,853ce434948779d0c7c216cd2f6fa7571d755331387b1967f100e0b1178fa28d,/path/to/PETS-FFT-Ablation/results/final_unconditional_main_v1/evaluators/AirQuality/T64/ts2vec_seed_0.pt,1.226170301437378,0
Diffusion-TS,AirQuality,64,123,100000,context_fid,42,0.5409666262814192,True,4096,08866e0a33d9b75e91a981c6031b183546043fc0bf762d0e9377bc734a6c4c09,853ce434948779d0c7c216cd2f6fa7571d755331387b1967f100e0b1178fa28d,/path/to/PETS-FFT-Ablation/results/final_unconditional_main_v1/evaluators/AirQuality/T64/ts2vec_seed_42.pt,1.5104258060455322,2
Diffusion-TS,AirQuality,64,123,100000,context_fid,123,0.5455393320705262,True,4096,08866e0a33d9b75e91a981c6031b183546043fc0bf762d0e9377bc734a6c4c09,853ce434948779d0c7c216cd2f6fa7571d755331387b1967f100e0b1178fa28d,/path/to/PETS-FFT-Ablation/results/final_unconditional_main_v1/evaluators/AirQuality/T64/ts2vec_seed_123.pt,1.4510700702667236,0
Diffusion-TS,AirQuality,64,123,100001,context_fid,0,0.510416811543562,True,4096,08866e0a33d9b75e91a981c6031b183546043fc0bf762d0e9377bc734a6c4c09,42800bf40d7f0d097d075e5ca8785991eb3fc1b2155d96afc993272c96bdae21,/path/to/PETS-FFT-Ablation/results/final_unconditional_main_v1/evaluators/AirQuality/T64/ts2vec_seed_0.pt,1.2034106254577637,0
Diffusion-TS,AirQuality,64,123,100001,context_fid,42,0.54258705823286,True,4096,08866e0a33d9b75e91a981c6031b183546043fc0bf762d0e9377bc734a6c4c09,42800bf40d7f0d097d075e5ca8785991eb3fc1b2155d96afc993272c96bdae21,/path/to/PETS-FFT-Ablation/results/final_unconditional_main_v1/evaluators/AirQuality/T64/ts2vec_seed_42.pt,1.3398771286010742,2
Diffusion-TS,AirQuality,64,123,100001,context_fid,123,0.5440242201745744,True,4096,08866e0a33d9b75e91a981c6031b183546043fc0bf762d0e9377bc734a6c4c09,42800bf40d7f0d097d075e5ca8785991eb3fc1b2155d96afc993272c96bdae21,/path/to/PETS-FFT-Ablation/results/final_unconditional_main_v1/evaluators/AirQuality/T64/ts2vec_seed_123.pt,1.4158005714416504,1
Diffusion-TS,AirQuality,64,123,100002,context_fid,0,0.5641991776473614,True,4096,08866e0a33d9b75e91a981c6031b183546043fc0bf762d0e9377bc734a6c4c09,87b9a55e28b94feb907008fc570ac9731403548de0ca095a85e2f4f8fdc3be2d,/path/to/PETS-FFT-Ablation/results/final_unconditional_main_v1/evaluators/AirQuality/T64/ts2vec_seed_0.pt,1.3427724838256836,2
Diffusion-TS,AirQuality,64,123,100002,context_fid,42,0.5954533597794596,True,4096,08866e0a33d9b75e91a981c6031b183546043fc0bf762d0e9377bc734a6c4c09,87b9a55e28b94feb907008fc570ac9731403548de0ca095a85e2f4f8fdc3be2d,/path/to/PETS-FFT-Ablation/results/final_unconditional_main_v1/evaluators/AirQuality/T64/ts2vec_seed_42.pt,1.4693408012390137,2
Diffusion-TS,AirQuality,64,123,100002,context_fid,123,0.5934152651380905,True,4096,08866e0a33d9b75e91a981c6031b183546043fc0bf762d0e9377bc734a6c4c09,87b9a55e28b94feb907008fc570ac9731403548de0ca095a85e2f4f8fdc3be2d,/path/to/PETS-FFT-Ablation/results/final_unconditional_main_v1/evaluators/AirQuality/T64/ts2vec_seed_123.pt,1.2318542003631592,0
Diffusion-TS,AirQuality,64,123,100003,context_fid,0,0.5363641684864024,True,4096,08866e0a33d9b75e91a981c6031b183546043fc0bf762d0e9377bc734a6c4c09,f3e0bce8f776e92f49f10e6358006b0ee42cce68affe1f11056da96216f3855e,/path/to/PETS-FFT-Ablation/results/final_unconditional_main_v1/evaluators/AirQuality/T64/ts2vec_seed_0.pt,1.4771311283111572,1
Diffusion-TS,AirQuality,64,123,100003,context_fid,42,0.5726396621430815,True,4096,08866e0a33d9b75e91a981c6031b183546043fc0bf762d0e9377bc734a6c4c09,f3e0bce8f776e92f49f10e6358006b0ee42cce68affe1f11056da96216f3855e,/path/to/PETS-FFT-Ablation/results/final_unconditional_main_v1/evaluators/AirQuality/T64/ts2vec_seed_42.pt,1.316697359085083,0
Diffusion-TS,AirQuality,64,123,100003,context_fid,123,0.5760374694108141,True,4096,08866e0a33d9b75e91a981c6031b183546043fc0bf762d0e9377bc734a6c4c09,f3e0bce8f776e92f49f10e6358006b0ee42cce68affe1f11056da96216f3855e,/path/to/PETS-FFT-Ablation/results/final_unconditional_main_v1/evaluators/AirQuality/T64/ts2vec_seed_123.pt,1.3573455810546875,1
Diffusion-TS,AirQuality,64,123,100004,context_fid,0,0.513037024675475,True,4096,08866e0a33d9b75e91a981c6031b183546043fc0bf762d0e9377bc734a6c4c09,fb57f5ea6f29969897961d3a2bd53a816846c572f3b643d4b50ccdd2470cf38f,/path/to/PETS-FFT-Ablation/results/final_unconditional_main_v1/evaluators/AirQuality/T64/ts2vec_seed_0.pt,1.3566505908966064,0
Diffusion-TS,AirQuality,64,123,100004,context_fid,42,0.55119358074279,True,4096,08866e0a33d9b75e91a981c6031b183546043fc0bf762d0e9377bc734a6c4c09,fb57f5ea6f29969897961d3a2bd53a816846c572f3b643d4b50ccdd2470cf38f,/path/to/PETS-FFT-Ablation/results/final_unconditional_main_v1/evaluators/AirQuality/T64/ts2vec_seed_42.pt,1.3646013736724854,0
Diffusion-TS,AirQuality,64,123,100004,context_fid,123,0.5464422040096043,True,4096,08866e0a33d9b75e91a981c6031b183546043fc0bf762d0e9377bc734a6c4c09,fb57f5ea6f29969897961d3a2bd53a816846c572f3b643d4b50ccdd2470cf38f,/path/to/PETS-FFT-Ablation/results/final_unconditional_main_v1/evaluators/AirQuality/T64/ts2vec_seed_123.pt,1.2982549667358398,1
PETS-U,AirQuality,64,0,100000,context_fid,0,0.36221703805099226,True,4096,08866e0a33d9b75e91a981c6031b183546043fc0bf762d0e9377bc734a6c4c09,7b377155dd34cca3c30a23542b52294c6665bf57b1e4454ddd69299ee2de5f50,/path/to/PETS-FFT-Ablation/results/final_unconditional_main_v1/evaluators/AirQuality/T64/ts2vec_seed_0.pt,1.2029922008514404,0
PETS-U,AirQuality,64,0,100000,context_fid,42,0.3510154376641414,True,4096,08866e0a33d9b75e91a981c6031b183546043fc0bf762d0e9377bc734a6c4c09,7b377155dd34cca3c30a23542b52294c6665bf57b1e4454ddd69299ee2de5f50,/path/to/PETS-FFT-Ablation/results/final_unconditional_main_v1/evaluators/AirQuality/T64/ts2vec_seed_42.pt,1.3175172805786133,2
PETS-U,AirQuality,64,0,100000,context_fid,123,0.37382504845463294,True,4096,08866e0a33d9b75e91a981c6031b183546043fc0bf762d0e9377bc734a6c4c09,7b377155dd34cca3c30a23542b52294c6665bf57b1e4454ddd69299ee2de5f50,/path/to/PETS-FFT-Ablation/results/final_unconditional_main_v1/evaluators/AirQuality/T64/ts2vec_seed_123.pt,1.519120216369629,0
PETS-U,AirQuality,64,0,100001,context_fid,0,0.38123582459119276,True,4096,08866e0a33d9b75e91a981c6031b183546043fc0bf762d0e9377bc734a6c4c09,75c5cf9d79ab68a8d9ede0c73e3e031702717bdf2537c10333825da92740a7dd,/path/to/PETS-FFT-Ablation/results/final_unconditional_main_v1/evaluators/AirQuality/T64/ts2vec_seed_0.pt,1.5518980026245117,2
PETS-U,AirQuality,64,0,100001,context_fid,42,0.383018834835578,True,4096,08866e0a33d9b75e91a981c6031b183546043fc0bf762d0e9377bc734a6c4c09,75c5cf9d79ab68a8d9ede0c73e3e031702717bdf2537c10333825da92740a7dd,/path/to/PETS-FFT-Ablation/results/final_unconditional_main_v1/evaluators/AirQuality/T64/ts2vec_seed_42.pt,1.293950080871582,1
PETS-U,AirQuality,64,0,100001,context_fid,123,0.3927936392813769,True,4096,08866e0a33d9b75e91a981c6031b183546043fc0bf762d0e9377bc734a6c4c09,75c5cf9d79ab68a8d9ede0c73e3e031702717bdf2537c10333825da92740a7dd,/path/to/PETS-FFT-Ablation/results/final_unconditional_main_v1/evaluators/AirQuality/T64/ts2vec_seed_123.pt,1.3705554008483887,1
PETS-U,AirQuality,64,0,100002,context_fid,0,0.36236353940499166,True,4096,08866e0a33d9b75e91a981c6031b183546043fc0bf762d0e9377bc734a6c4c09,bf2864a622671d66f1bbd60460d72fbf168b573e9eaa157eda97a78b4ea55f21,/path/to/PETS-FFT-Ablation/results/final_unconditional_main_v1/evaluators/AirQuality/T64/ts2vec_seed_0.pt,1.4601504802703857,2
PETS-U,AirQuality,64,0,100002,context_fid,42,0.36586476580638977,True,4096,08866e0a33d9b75e91a981c6031b183546043fc0bf762d0e9377bc734a6c4c09,bf2864a622671d66f1bbd60460d72fbf168b573e9eaa157eda97a78b4ea55f21,/path/to/PETS-FFT-Ablation/results/final_unconditional_main_v1/evaluators/AirQuality/T64/ts2vec_seed_42.pt,1.3715951442718506,0
PETS-U,AirQuality,64,0,100002,context_fid,123,0.3767388600817252,True,4096,08866e0a33d9b75e91a981c6031b183546043fc0bf762d0e9377bc734a6c4c09,bf2864a622671d66f1bbd60460d72fbf168b573e9eaa157eda97a78b4ea55f21,/path/to/PETS-FFT-Ablation/results/final_unconditional_main_v1/evaluators/AirQuality/T64/ts2vec_seed_123.pt,1.3980698585510254,1
PETS-U,AirQuality,64,0,100003,context_fid,0,0.38644811001213875,True,4096,08866e0a33d9b75e91a981c6031b183546043fc0bf762d0e9377bc734a6c4c09,86e67a144a0e3831cf6a06ae16f1ab2155e758531f2112ee937b919d665ea010,/path/to/PETS-FFT-Ablation/results/final_unconditional_main_v1/evaluators/AirQuality/T64/ts2vec_seed_0.pt,1.5714914798736572,2
PETS-U,AirQuality,64,0,100003,context_fid,42,0.37900041475624197,True,4096,08866e0a33d9b75e91a981c6031b183546043fc0bf762d0e9377bc734a6c4c09,86e67a144a0e3831cf6a06ae16f1ab2155e758531f2112ee937b919d665ea010,/path/to/PETS-FFT-Ablation/results/final_unconditional_main_v1/evaluators/AirQuality/T64/ts2vec_seed_42.pt,1.2012019157409668,0
PETS-U,AirQuality,64,0,100003,context_fid,123,0.3941422902656209,True,4096,08866e0a33d9b75e91a981c6031b183546043fc0bf762d0e9377bc734a6c4c09,86e67a144a0e3831cf6a06ae16f1ab2155e758531f2112ee937b919d665ea010,/path/to/PETS-FFT-Ablation/results/final_unconditional_main_v1/evaluators/AirQuality/T64/ts2vec_seed_123.pt,1.39559006690979,1
PETS-U,AirQuality,64,0,100004,context_fid,0,0.39495458257220367,True,4096,08866e0a33d9b75e91a981c6031b183546043fc0bf762d0e9377bc734a6c4c09,feaef89e930e61d47fd577399925384f9eb3bc766f3c60f9964c6dac50efe3f6,/path/to/PETS-FFT-Ablation/results/final_unconditional_main_v1/evaluators/AirQuality/T64/ts2vec_seed_0.pt,1.2016041278839111,0
PETS-U,AirQuality,64,0,100004,context_fid,42,0.38855407327370706,True,4096,08866e0a33d9b75e91a981c6031b183546043fc0bf762d0e9377bc734a6c4c09,feaef89e930e61d47fd577399925384f9eb3bc766f3c60f9964c6dac50efe3f6,/path/to/PETS-FFT-Ablation/results/final_unconditional_main_v1/evaluators/AirQuality/T64/ts2vec_seed_42.pt,1.3059659004211426,1
PETS-U,AirQuality,64,0,100004,context_fid,123,0.40767365094879826,True,4096,08866e0a33d9b75e91a981c6031b183546043fc0bf762d0e9377bc734a6c4c09,feaef89e930e61d47fd577399925384f9eb3bc766f3c60f9964c6dac50efe3f6,/path/to/PETS-FFT-Ablation/results/final_unconditional_main_v1/evaluators/AirQuality/T64/ts2vec_seed_123.pt,1.352889060974121,2
PETS-U,AirQuality,64,42,100000,context_fid,0,0.7394751689629708,True,4096,08866e0a33d9b75e91a981c6031b183546043fc0bf762d0e9377bc734a6c4c09,cc4e67e73abdc2f7615311ebda17e637c958a7cd58d531a69e756346e5a68fda,/path/to/PETS-FFT-Ablation/results/final_unconditional_main_v1/evaluators/AirQuality/T64/ts2vec_seed_0.pt,1.2496612071990967,2
PETS-U,AirQuality,64,42,100000,context_fid,42,0.7090980201164504,True,4096,08866e0a33d9b75e91a981c6031b183546043fc0bf762d0e9377bc734a6c4c09,cc4e67e73abdc2f7615311ebda17e637c958a7cd58d531a69e756346e5a68fda,/path/to/PETS-FFT-Ablation/results/final_unconditional_main_v1/evaluators/AirQuality/T64/ts2vec_seed_42.pt,1.4019100666046143,1
PETS-U,AirQuality,64,42,100000,context_fid,123,0.7385288477883851,True,4096,08866e0a33d9b75e91a981c6031b183546043fc0bf762d0e9377bc734a6c4c09,cc4e67e73abdc2f7615311ebda17e637c958a7cd58d531a69e756346e5a68fda,/path/to/PETS-FFT-Ablation/results/final_unconditional_main_v1/evaluators/AirQuality/T64/ts2vec_seed_123.pt,1.3011126518249512,0
PETS-U,AirQuality,64,42,100001,context_fid,0,0.8276575779578323,True,4096,08866e0a33d9b75e91a981c6031b183546043fc0bf762d0e9377bc734a6c4c09,dd5d3e43f0f82e4c0c484c8bbdbfe016cdf18decb5b77cdc189731c7cf3fe8cd,/path/to/PETS-FFT-Ablation/results/final_unconditional_main_v1/evaluators/AirQuality/T64/ts2vec_seed_0.pt,1.2593538761138916,1
PETS-U,AirQuality,64,42,100001,context_fid,42,0.807864803163064,True,4096,08866e0a33d9b75e91a981c6031b183546043fc0bf762d0e9377bc734a6c4c09,dd5d3e43f0f82e4c0c484c8bbdbfe016cdf18decb5b77cdc189731c7cf3fe8cd,/path/to/PETS-FFT-Ablation/results/final_unconditional_main_v1/evaluators/AirQuality/T64/ts2vec_seed_42.pt,1.4289028644561768,2
PETS-U,AirQuality,64,42,100001,context_fid,123,0.8264749299185434,True,4096,08866e0a33d9b75e91a981c6031b183546043fc0bf762d0e9377bc734a6c4c09,dd5d3e43f0f82e4c0c484c8bbdbfe016cdf18decb5b77cdc189731c7cf3fe8cd,/path/to/PETS-FFT-Ablation/results/final_unconditional_main_v1/evaluators/AirQuality/T64/ts2vec_seed_123.pt,1.4765427112579346,1
PETS-U,AirQuality,64,42,100002,context_fid,0,0.7888585236754343,True,4096,08866e0a33d9b75e91a981c6031b183546043fc0bf762d0e9377bc734a6c4c09,0e084eab4a1705e9c1fc6006452596ff5392e79232f092eff6c38aaca89cca34,/path/to/PETS-FFT-Ablation/results/final_unconditional_main_v1/evaluators/AirQuality/T64/ts2vec_seed_0.pt,1.356555461883545,2
PETS-U,AirQuality,64,42,100002,context_fid,42,0.7491987260070664,True,4096,08866e0a33d9b75e91a981c6031b183546043fc0bf762d0e9377bc734a6c4c09,0e084eab4a1705e9c1fc6006452596ff5392e79232f092eff6c38aaca89cca34,/path/to/PETS-FFT-Ablation/results/final_unconditional_main_v1/evaluators/AirQuality/T64/ts2vec_seed_42.pt,1.4868338108062744,2
PETS-U,AirQuality,64,42,100002,context_fid,123,0.784714001075934,True,4096,08866e0a33d9b75e91a981c6031b183546043fc0bf762d0e9377bc734a6c4c09,0e084eab4a1705e9c1fc6006452596ff5392e79232f092eff6c38aaca89cca34,/path/to/PETS-FFT-Ablation/results/final_unconditional_main_v1/evaluators/AirQuality/T64/ts2vec_seed_123.pt,1.4072587490081787,2
PETS-U,AirQuality,64,42,100003,context_fid,0,0.8119775296965811,True,4096,08866e0a33d9b75e91a981c6031b183546043fc0bf762d0e9377bc734a6c4c09,cd1718cae04d1055d6d66b2cc57bb7bdffccb38b5dc5cc6e449234dae276ba1a,/path/to/PETS-FFT-Ablation/results/final_unconditional_main_v1/evaluators/AirQuality/T64/ts2vec_seed_0.pt,1.2367432117462158,2
PETS-U,AirQuality,64,42,100003,context_fid,42,0.7801361969167155,True,4096,08866e0a33d9b75e91a981c6031b183546043fc0bf762d0e9377bc734a6c4c09,cd1718cae04d1055d6d66b2cc57bb7bdffccb38b5dc5cc6e449234dae276ba1a,/path/to/PETS-FFT-Ablation/results/final_unconditional_main_v1/evaluators/AirQuality/T64/ts2vec_seed_42.pt,1.4515533447265625,2
PETS-U,AirQuality,64,42,100003,context_fid,123,0.8069086522869972,True,4096,08866e0a33d9b75e91a981c6031b183546043fc0bf762d0e9377bc734a6c4c09,cd1718cae04d1055d6d66b2cc57bb7bdffccb38b5dc5cc6e449234dae276ba1a,/path/to/PETS-FFT-Ablation/results/final_unconditional_main_v1/evaluators/AirQuality/T64/ts2vec_seed_123.pt,1.3543577194213867,1
PETS-U,AirQuality,64,42,100004,context_fid,0,0.7655584682093277,True,4096,08866e0a33d9b75e91a981c6031b183546043fc0bf762d0e9377bc734a6c4c09,9f0f84d92adbc1a96d88c565d097f626a6a27150e9dc6ebcc20f3d0a6777170d,/path/to/PETS-FFT-Ablation/results/final_unconditional_main_v1/evaluators/AirQuality/T64/ts2vec_seed_0.pt,1.3124582767486572,0
PETS-U,AirQuality,64,42,100004,context_fid,42,0.7419748375537967,True,4096,08866e0a33d9b75e91a981c6031b183546043fc0bf762d0e9377bc734a6c4c09,9f0f84d92adbc1a96d88c565d097f626a6a27150e9dc6ebcc20f3d0a6777170d,/path/to/PETS-FFT-Ablation/results/final_unconditional_main_v1/evaluators/AirQuality/T64/ts2vec_seed_42.pt,1.3963863849639893,0
PETS-U,AirQuality,64,42,100004,context_fid,123,0.7616253632631333,True,4096,08866e0a33d9b75e91a981c6031b183546043fc0bf762d0e9377bc734a6c4c09,9f0f84d92adbc1a96d88c565d097f626a6a27150e9dc6ebcc20f3d0a6777170d,/path/to/PETS-FFT-Ablation/results/final_unconditional_main_v1/evaluators/AirQuality/T64/ts2vec_seed_123.pt,1.4121861457824707,0
PETS-U,AirQuality,64,123,100000,context_fid,0,0.536147805599443,True,4096,08866e0a33d9b75e91a981c6031b183546043fc0bf762d0e9377bc734a6c4c09,9d4f46d4bdc98616aae3c78cffe28deab79fedc72134eac2bc6fe63ae1b6bb7c,/path/to/PETS-FFT-Ablation/results/final_unconditional_main_v1/evaluators/AirQuality/T64/ts2vec_seed_0.pt,1.3983983993530273,1
PETS-U,AirQuality,64,123,100000,context_fid,42,0.5505096469338385,True,4096,08866e0a33d9b75e91a981c6031b183546043fc0bf762d0e9377bc734a6c4c09,9d4f46d4bdc98616aae3c78cffe28deab79fedc72134eac2bc6fe63ae1b6bb7c,/path/to/PETS-FFT-Ablation/results/final_unconditional_main_v1/evaluators/AirQuality/T64/ts2vec_seed_42.pt,1.4042723178863525,1
PETS-U,AirQuality,64,123,100000,context_fid,123,0.5428366259071222,True,4096,08866e0a33d9b75e91a981c6031b183546043fc0bf762d0e9377bc734a6c4c09,9d4f46d4bdc98616aae3c78cffe28deab79fedc72134eac2bc6fe63ae1b6bb7c,/path/to/PETS-FFT-Ablation/results/final_unconditional_main_v1/evaluators/AirQuality/T64/ts2vec_seed_123.pt,1.48459792137146,1
PETS-U,AirQuality,64,123,100001,context_fid,0,0.5461205009577725,True,4096,08866e0a33d9b75e91a981c6031b183546043fc0bf762d0e9377bc734a6c4c09,7c546757eece4776ecf44ebdb5addb37bf6cee2364351529595b6798ae585d22,/path/to/PETS-FFT-Ablation/results/final_unconditional_main_v1/evaluators/AirQuality/T64/ts2vec_seed_0.pt,1.329970121383667,2
PETS-U,AirQuality,64,123,100001,context_fid,42,0.542632319436037,True,4096,08866e0a33d9b75e91a981c6031b183546043fc0bf762d0e9377bc734a6c4c09,7c546757eece4776ecf44ebdb5addb37bf6cee2364351529595b6798ae585d22,/path/to/PETS-FFT-Ablation/results/final_unconditional_main_v1/evaluators/AirQuality/T64/ts2vec_seed_42.pt,1.4043848514556885,0
PETS-U,AirQuality,64,123,100001,context_fid,123,0.5406812858981748,True,4096,08866e0a33d9b75e91a981c6031b183546043fc0bf762d0e9377bc734a6c4c09,7c546757eece4776ecf44ebdb5addb37bf6cee2364351529595b6798ae585d22,/path/to/PETS-FFT-Ablation/results/final_unconditional_main_v1/evaluators/AirQuality/T64/ts2vec_seed_123.pt,1.4439282417297363,2
PETS-U,AirQuality,64,123,100002,context_fid,0,0.5025287821442022,True,4096,08866e0a33d9b75e91a981c6031b183546043fc0bf762d0e9377bc734a6c4c09,3c4163092a151b5a9393209970b2f3afb8b319f6471d61cf9674cdda9f426a55,/path/to/PETS-FFT-Ablation/results/final_unconditional_main_v1/evaluators/AirQuality/T64/ts2vec_seed_0.pt,1.2973129749298096,0
PETS-U,AirQuality,64,123,100002,context_fid,42,0.5029430900918713,True,4096,08866e0a33d9b75e91a981c6031b183546043fc0bf762d0e9377bc734a6c4c09,3c4163092a151b5a9393209970b2f3afb8b319f6471d61cf9674cdda9f426a55,/path/to/PETS-FFT-Ablation/results/final_unconditional_main_v1/evaluators/AirQuality/T64/ts2vec_seed_42.pt,1.361997127532959,0
PETS-U,AirQuality,64,123,100002,context_fid,123,0.49818574818284334,True,4096,08866e0a33d9b75e91a981c6031b183546043fc0bf762d0e9377bc734a6c4c09,3c4163092a151b5a9393209970b2f3afb8b319f6471d61cf9674cdda9f426a55,/path/to/PETS-FFT-Ablation/results/final_unconditional_main_v1/evaluators/AirQuality/T64/ts2vec_seed_123.pt,1.4678564071655273,1
PETS-U,AirQuality,64,123,100003,context_fid,0,0.5628199110089388,True,4096,08866e0a33d9b75e91a981c6031b183546043fc0bf762d0e9377bc734a6c4c09,3d7f4e3931194782d89d8b4e2f2f93605d58690cc55d691e4f78eaf6d891917b,/path/to/PETS-FFT-Ablation/results/final_unconditional_main_v1/evaluators/AirQuality/T64/ts2vec_seed_0.pt,1.5253794193267822,0
PETS-U,AirQuality,64,123,100003,context_fid,42,0.5492441949134478,True,4096,08866e0a33d9b75e91a981c6031b183546043fc0bf762d0e9377bc734a6c4c09,3d7f4e3931194782d89d8b4e2f2f93605d58690cc55d691e4f78eaf6d891917b,/path/to/PETS-FFT-Ablation/results/final_unconditional_main_v1/evaluators/AirQuality/T64/ts2vec_seed_42.pt,1.380707025527954,0
PETS-U,AirQuality,64,123,100003,context_fid,123,0.551679631533377,True,4096,08866e0a33d9b75e91a981c6031b183546043fc0bf762d0e9377bc734a6c4c09,3d7f4e3931194782d89d8b4e2f2f93605d58690cc55d691e4f78eaf6d891917b,/path/to/PETS-FFT-Ablation/results/final_unconditional_main_v1/evaluators/AirQuality/T64/ts2vec_seed_123.pt,1.3199429512023926,2
PETS-U,AirQuality,64,123,100004,context_fid,0,0.4894666483008688,True,4096,08866e0a33d9b75e91a981c6031b183546043fc0bf762d0e9377bc734a6c4c09,74e838a7656e016990aff03daf41b0336922a7ab6ffa3e7d7b9bab2d9b0734ad,/path/to/PETS-FFT-Ablation/results/final_unconditional_main_v1/evaluators/AirQuality/T64/ts2vec_seed_0.pt,1.2382891178131104,2
PETS-U,AirQuality,64,123,100004,context_fid,42,0.497482297544696,True,4096,08866e0a33d9b75e91a981c6031b183546043fc0bf762d0e9377bc734a6c4c09,74e838a7656e016990aff03daf41b0336922a7ab6ffa3e7d7b9bab2d9b0734ad,/path/to/PETS-FFT-Ablation/results/final_unconditional_main_v1/evaluators/AirQuality/T64/ts2vec_seed_42.pt,1.253472089767456,0
PETS-U,AirQuality,64,123,100004,context_fid,123,0.49088425848945105,True,4096,08866e0a33d9b75e91a981c6031b183546043fc0bf762d0e9377bc734a6c4c09,74e838a7656e016990aff03daf41b0336922a7ab6ffa3e7d7b9bab2d9b0734ad,/path/to/PETS-FFT-Ablation/results/final_unconditional_main_v1/evaluators/AirQuality/T64/ts2vec_seed_123.pt,1.342646837234497,1
Diffusion-TS,AirQuality,128,0,100000,context_fid,0,0.28431070731962355,True,4096,5afe3b08282b3892cd469742e000c4f1d5bc811df0531b8e9f27f911568f0272,8b0fea87f7e01cf26d2b38cf65a3165ee8728e4cf5f82853140f836a363dd542,/path/to/PETS-FFT-Ablation/results/final_unconditional_main_v1/evaluators/AirQuality/T128/ts2vec_seed_0.pt,1.2208764553070068,0
Diffusion-TS,AirQuality,128,0,100000,context_fid,42,0.3084724599611741,True,4096,5afe3b08282b3892cd469742e000c4f1d5bc811df0531b8e9f27f911568f0272,8b0fea87f7e01cf26d2b38cf65a3165ee8728e4cf5f82853140f836a363dd542,/path/to/PETS-FFT-Ablation/results/final_unconditional_main_v1/evaluators/AirQuality/T128/ts2vec_seed_42.pt,1.3360772132873535,0
Diffusion-TS,AirQuality,128,0,100000,context_fid,123,0.2827601719689189,True,4096,5afe3b08282b3892cd469742e000c4f1d5bc811df0531b8e9f27f911568f0272,8b0fea87f7e01cf26d2b38cf65a3165ee8728e4cf5f82853140f836a363dd542,/path/to/PETS-FFT-Ablation/results/final_unconditional_main_v1/evaluators/AirQuality/T128/ts2vec_seed_123.pt,1.3937578201293945,2
Diffusion-TS,AirQuality,128,0,100001,context_fid,0,0.2929195021688539,True,4096,5afe3b08282b3892cd469742e000c4f1d5bc811df0531b8e9f27f911568f0272,aea40b82d06aa3e37887979840bd139e5aca0aad24baa7f1179a8e2e160703c2,/path/to/PETS-FFT-Ablation/results/final_unconditional_main_v1/evaluators/AirQuality/T128/ts2vec_seed_0.pt,1.3028974533081055,1
Diffusion-TS,AirQuality,128,0,100001,context_fid,42,0.31790481416970356,True,4096,5afe3b08282b3892cd469742e000c4f1d5bc811df0531b8e9f27f911568f0272,aea40b82d06aa3e37887979840bd139e5aca0aad24baa7f1179a8e2e160703c2,/path/to/PETS-FFT-Ablation/results/final_unconditional_main_v1/evaluators/AirQuality/T128/ts2vec_seed_42.pt,1.3502731323242188,2
Diffusion-TS,AirQuality,128,0,100001,context_fid,123,0.2919090148819187,True,4096,5afe3b08282b3892cd469742e000c4f1d5bc811df0531b8e9f27f911568f0272,aea40b82d06aa3e37887979840bd139e5aca0aad24baa7f1179a8e2e160703c2,/path/to/PETS-FFT-Ablation/results/final_unconditional_main_v1/evaluators/AirQuality/T128/ts2vec_seed_123.pt,1.4022858142852783,0
Diffusion-TS,AirQuality,128,0,100002,context_fid,0,0.28437485516496264,True,4096,5afe3b08282b3892cd469742e000c4f1d5bc811df0531b8e9f27f911568f0272,d71e35048df5b4700a40d14554dc4e0fea6053be0cb740815905aa467fb68864,/path/to/PETS-FFT-Ablation/results/final_unconditional_main_v1/evaluators/AirQuality/T128/ts2vec_seed_0.pt,1.3329298496246338,0
Diffusion-TS,AirQuality,128,0,100002,context_fid,42,0.30822004239021267,True,4096,5afe3b08282b3892cd469742e000c4f1d5bc811df0531b8e9f27f911568f0272,d71e35048df5b4700a40d14554dc4e0fea6053be0cb740815905aa467fb68864,/path/to/PETS-FFT-Ablation/results/final_unconditional_main_v1/evaluators/AirQuality/T128/ts2vec_seed_42.pt,1.5381402969360352,0
Diffusion-TS,AirQuality,128,0,100002,context_fid,123,0.28156600670209947,True,4096,5afe3b08282b3892cd469742e000c4f1d5bc811df0531b8e9f27f911568f0272,d71e35048df5b4700a40d14554dc4e0fea6053be0cb740815905aa467fb68864,/path/to/PETS-FFT-Ablation/results/final_unconditional_main_v1/evaluators/AirQuality/T128/ts2vec_seed_123.pt,1.453322410583496,0
Diffusion-TS,AirQuality,128,0,100003,context_fid,0,0.2773957041921705,True,4096,5afe3b08282b3892cd469742e000c4f1d5bc811df0531b8e9f27f911568f0272,f65703e3c6ec2c0066535fcd88946aad7568fdc2498666e5b1f7bf7f8a607129,/path/to/PETS-FFT-Ablation/results/final_unconditional_main_v1/evaluators/AirQuality/T128/ts2vec_seed_0.pt,1.3836066722869873,2
Diffusion-TS,AirQuality,128,0,100003,context_fid,42,0.30527624601662595,True,4096,5afe3b08282b3892cd469742e000c4f1d5bc811df0531b8e9f27f911568f0272,f65703e3c6ec2c0066535fcd88946aad7568fdc2498666e5b1f7bf7f8a607129,/path/to/PETS-FFT-Ablation/results/final_unconditional_main_v1/evaluators/AirQuality/T128/ts2vec_seed_42.pt,1.3803017139434814,2
Diffusion-TS,AirQuality,128,0,100003,context_fid,123,0.2753744284219565,True,4096,5afe3b08282b3892cd469742e000c4f1d5bc811df0531b8e9f27f911568f0272,f65703e3c6ec2c0066535fcd88946aad7568fdc2498666e5b1f7bf7f8a607129,/path/to/PETS-FFT-Ablation/results/final_unconditional_main_v1/evaluators/AirQuality/T128/ts2vec_seed_123.pt,1.3153703212738037,0
Diffusion-TS,AirQuality,128,0,100004,context_fid,0,0.2941668116428921,True,4096,5afe3b08282b3892cd469742e000c4f1d5bc811df0531b8e9f27f911568f0272,eac4ba3c69bf01285094e47414b4f13bf5956c18648475a6591a7860674d221f,/path/to/PETS-FFT-Ablation/results/final_unconditional_main_v1/evaluators/AirQuality/T128/ts2vec_seed_0.pt,1.3982596397399902,1
Diffusion-TS,AirQuality,128,0,100004,context_fid,42,0.31747338092043215,True,4096,5afe3b08282b3892cd469742e000c4f1d5bc811df0531b8e9f27f911568f0272,eac4ba3c69bf01285094e47414b4f13bf5956c18648475a6591a7860674d221f,/path/to/PETS-FFT-Ablation/results/final_unconditional_main_v1/evaluators/AirQuality/T128/ts2vec_seed_42.pt,1.3350250720977783,0
Diffusion-TS,AirQuality,128,0,100004,context_fid,123,0.2933251237249458,True,4096,5afe3b08282b3892cd469742e000c4f1d5bc811df0531b8e9f27f911568f0272,eac4ba3c69bf01285094e47414b4f13bf5956c18648475a6591a7860674d221f,/path/to/PETS-FFT-Ablation/results/final_unconditional_main_v1/evaluators/AirQuality/T128/ts2vec_seed_123.pt,1.4667389392852783,1
Diffusion-TS,AirQuality,128,42,100000,context_fid,0,0.7233825763350933,True,4096,5afe3b08282b3892cd469742e000c4f1d5bc811df0531b8e9f27f911568f0272,643ff477acdae7f2016c240692be3d47e7f826ba94d94e64c11c88aa39d52fae,/path/to/PETS-FFT-Ablation/results/final_unconditional_main_v1/evaluators/AirQuality/T128/ts2vec_seed_0.pt,1.3064100742340088,1
Diffusion-TS,AirQuality,128,42,100000,context_fid,42,0.8315807195218503,True,4096,5afe3b08282b3892cd469742e000c4f1d5bc811df0531b8e9f27f911568f0272,643ff477acdae7f2016c240692be3d47e7f826ba94d94e64c11c88aa39d52fae,/path/to/PETS-FFT-Ablation/results/final_unconditional_main_v1/evaluators/AirQuality/T128/ts2vec_seed_42.pt,1.3813724517822266,1
Diffusion-TS,AirQuality,128,42,100000,context_fid,123,0.6945688914240925,True,4096,5afe3b08282b3892cd469742e000c4f1d5bc811df0531b8e9f27f911568f0272,643ff477acdae7f2016c240692be3d47e7f826ba94d94e64c11c88aa39d52fae,/path/to/PETS-FFT-Ablation/results/final_unconditional_main_v1/evaluators/AirQuality/T128/ts2vec_seed_123.pt,1.3152363300323486,0
Diffusion-TS,AirQuality,128,42,100001,context_fid,0,0.7354709702829594,True,4096,5afe3b08282b3892cd469742e000c4f1d5bc811df0531b8e9f27f911568f0272,32c640bdd71b8edff76b7fb7d99b86b6856974ec045a1d893b408837ab1e7e3b,/path/to/PETS-FFT-Ablation/results/final_unconditional_main_v1/evaluators/AirQuality/T128/ts2vec_seed_0.pt,1.4008302688598633,2
Diffusion-TS,AirQuality,128,42,100001,context_fid,42,0.8510744925436342,True,4096,5afe3b08282b3892cd469742e000c4f1d5bc811df0531b8e9f27f911568f0272,32c640bdd71b8edff76b7fb7d99b86b6856974ec045a1d893b408837ab1e7e3b,/path/to/PETS-FFT-Ablation/results/final_unconditional_main_v1/evaluators/AirQuality/T128/ts2vec_seed_42.pt,1.3967654705047607,2
Diffusion-TS,AirQuality,128,42,100001,context_fid,123,0.706511471518068,True,4096,5afe3b08282b3892cd469742e000c4f1d5bc811df0531b8e9f27f911568f0272,32c640bdd71b8edff76b7fb7d99b86b6856974ec045a1d893b408837ab1e7e3b,/path/to/PETS-FFT-Ablation/results/final_unconditional_main_v1/evaluators/AirQuality/T128/ts2vec_seed_123.pt,1.459150791168213,1
Diffusion-TS,AirQuality,128,42,100002,context_fid,0,0.7547677839460807,True,4096,5afe3b08282b3892cd469742e000c4f1d5bc811df0531b8e9f27f911568f0272,44110360d9916e7b9fc4894e979c044e59cd7c9df4448942e0d1f08b56bace46,/path/to/PETS-FFT-Ablation/results/final_unconditional_main_v1/evaluators/AirQuality/T128/ts2vec_seed_0.pt,1.3545677661895752,0
Diffusion-TS,AirQuality,128,42,100002,context_fid,42,0.8577675017089997,True,4096,5afe3b08282b3892cd469742e000c4f1d5bc811df0531b8e9f27f911568f0272,44110360d9916e7b9fc4894e979c044e59cd7c9df4448942e0d1f08b56bace46,/path/to/PETS-FFT-Ablation/results/final_unconditional_main_v1/evaluators/AirQuality/T128/ts2vec_seed_42.pt,1.2937781810760498,0
Diffusion-TS,AirQuality,128,42,100002,context_fid,123,0.7249399829034293,True,4096,5afe3b08282b3892cd469742e000c4f1d5bc811df0531b8e9f27f911568f0272,44110360d9916e7b9fc4894e979c044e59cd7c9df4448942e0d1f08b56bace46,/path/to/PETS-FFT-Ablation/results/final_unconditional_main_v1/evaluators/AirQuality/T128/ts2vec_seed_123.pt,1.4378464221954346,1
Diffusion-TS,AirQuality,128,42,100003,context_fid,0,0.754437096653156,True,4096,5afe3b08282b3892cd469742e000c4f1d5bc811df0531b8e9f27f911568f0272,35781741db0317fbc30fbae002a033b848ab026d0572fef7612b883ed76facdc,/path/to/PETS-FFT-Ablation/results/final_unconditional_main_v1/evaluators/AirQuality/T128/ts2vec_seed_0.pt,1.465831995010376,0
Diffusion-TS,AirQuality,128,42,100003,context_fid,42,0.8782779479007189,True,4096,5afe3b08282b3892cd469742e000c4f1d5bc811df0531b8e9f27f911568f0272,35781741db0317fbc30fbae002a033b848ab026d0572fef7612b883ed76facdc,/path/to/PETS-FFT-Ablation/results/final_unconditional_main_v1/evaluators/AirQuality/T128/ts2vec_seed_42.pt,1.3122754096984863,0
Diffusion-TS,AirQuality,128,42,100003,context_fid,123,0.7311623302635533,True,4096,5afe3b08282b3892cd469742e000c4f1d5bc811df0531b8e9f27f911568f0272,35781741db0317fbc30fbae002a033b848ab026d0572fef7612b883ed76facdc,/path/to/PETS-FFT-Ablation/results/final_unconditional_main_v1/evaluators/AirQuality/T128/ts2vec_seed_123.pt,1.3391497135162354,0
Diffusion-TS,AirQuality,128,42,100004,context_fid,0,0.7537148335875883,True,4096,5afe3b08282b3892cd469742e000c4f1d5bc811df0531b8e9f27f911568f0272,253edb785077fe762156790234e17563950843fadf692c60ce7359c0d9df1dd1,/path/to/PETS-FFT-Ablation/results/final_unconditional_main_v1/evaluators/AirQuality/T128/ts2vec_seed_0.pt,1.2348883152008057,0
Diffusion-TS,AirQuality,128,42,100004,context_fid,42,0.8740337076802275,True,4096,5afe3b08282b3892cd469742e000c4f1d5bc811df0531b8e9f27f911568f0272,253edb785077fe762156790234e17563950843fadf692c60ce7359c0d9df1dd1,/path/to/PETS-FFT-Ablation/results/final_unconditional_main_v1/evaluators/AirQuality/T128/ts2vec_seed_42.pt,1.3199763298034668,2
Diffusion-TS,AirQuality,128,42,100004,context_fid,123,0.7299738982638058,True,4096,5afe3b08282b3892cd469742e000c4f1d5bc811df0531b8e9f27f911568f0272,253edb785077fe762156790234e17563950843fadf692c60ce7359c0d9df1dd1,/path/to/PETS-FFT-Ablation/results/final_unconditional_main_v1/evaluators/AirQuality/T128/ts2vec_seed_123.pt,1.415726900100708,0
Diffusion-TS,AirQuality,128,123,100000,context_fid,0,0.798692627016541,True,4096,5afe3b08282b3892cd469742e000c4f1d5bc811df0531b8e9f27f911568f0272,f1cdbabf38ef9d9dfb47e15fc31f5b1b4226ddcd54862fa4b38dc062c8053b6e,/path/to/PETS-FFT-Ablation/results/final_unconditional_main_v1/evaluators/AirQuality/T128/ts2vec_seed_0.pt,1.2942304611206055,1
Diffusion-TS,AirQuality,128,123,100000,context_fid,42,0.9423742394413761,True,4096,5afe3b08282b3892cd469742e000c4f1d5bc811df0531b8e9f27f911568f0272,f1cdbabf38ef9d9dfb47e15fc31f5b1b4226ddcd54862fa4b38dc062c8053b6e,/path/to/PETS-FFT-Ablation/results/final_unconditional_main_v1/evaluators/AirQuality/T128/ts2vec_seed_42.pt,1.2965595722198486,0
Diffusion-TS,AirQuality,128,123,100000,context_fid,123,0.7806902602395929,True,4096,5afe3b08282b3892cd469742e000c4f1d5bc811df0531b8e9f27f911568f0272,f1cdbabf38ef9d9dfb47e15fc31f5b1b4226ddcd54862fa4b38dc062c8053b6e,/path/to/PETS-FFT-Ablation/results/final_unconditional_main_v1/evaluators/AirQuality/T128/ts2vec_seed_123.pt,1.5672175884246826,1
Diffusion-TS,AirQuality,128,123,100001,context_fid,0,0.7891598583927906,True,4096,5afe3b08282b3892cd469742e000c4f1d5bc811df0531b8e9f27f911568f0272,7375d9f2562b9ab21fe6244f93e60ca34c4d044699581a75ae663473cb16b950,/path/to/PETS-FFT-Ablation/results/final_unconditional_main_v1/evaluators/AirQuality/T128/ts2vec_seed_0.pt,1.4290337562561035,2
Diffusion-TS,AirQuality,128,123,100001,context_fid,42,0.9275650202354585,True,4096,5afe3b08282b3892cd469742e000c4f1d5bc811df0531b8e9f27f911568f0272,7375d9f2562b9ab21fe6244f93e60ca34c4d044699581a75ae663473cb16b950,/path/to/PETS-FFT-Ablation/results/final_unconditional_main_v1/evaluators/AirQuality/T128/ts2vec_seed_42.pt,1.4290533065795898,1
Diffusion-TS,AirQuality,128,123,100001,context_fid,123,0.7702004083765284,True,4096,5afe3b08282b3892cd469742e000c4f1d5bc811df0531b8e9f27f911568f0272,7375d9f2562b9ab21fe6244f93e60ca34c4d044699581a75ae663473cb16b950,/path/to/PETS-FFT-Ablation/results/final_unconditional_main_v1/evaluators/AirQuality/T128/ts2vec_seed_123.pt,1.5338714122772217,2
Diffusion-TS,AirQuality,128,123,100002,context_fid,0,0.7828294395208503,True,4096,5afe3b08282b3892cd469742e000c4f1d5bc811df0531b8e9f27f911568f0272,b3128fb7a8164a978d4b74076aaf861515dab71f33c55e2130fa94f12a39a0c8,/path/to/PETS-FFT-Ablation/results/final_unconditional_main_v1/evaluators/AirQuality/T128/ts2vec_seed_0.pt,1.3234083652496338,1
Diffusion-TS,AirQuality,128,123,100002,context_fid,42,0.919808094396805,True,4096,5afe3b08282b3892cd469742e000c4f1d5bc811df0531b8e9f27f911568f0272,b3128fb7a8164a978d4b74076aaf861515dab71f33c55e2130fa94f12a39a0c8,/path/to/PETS-FFT-Ablation/results/final_unconditional_main_v1/evaluators/AirQuality/T128/ts2vec_seed_42.pt,1.3127477169036865,1
Diffusion-TS,AirQuality,128,123,100002,context_fid,123,0.7648281240339831,True,4096,5afe3b08282b3892cd469742e000c4f1d5bc811df0531b8e9f27f911568f0272,b3128fb7a8164a978d4b74076aaf861515dab71f33c55e2130fa94f12a39a0c8,/path/to/PETS-FFT-Ablation/results/final_unconditional_main_v1/evaluators/AirQuality/T128/ts2vec_seed_123.pt,1.306915521621704,0
Diffusion-TS,AirQuality,128,123,100003,context_fid,0,0.8495088045212315,True,4096,5afe3b08282b3892cd469742e000c4f1d5bc811df0531b8e9f27f911568f0272,9dbb0678a62bcfcd09fe755d77be4ba2715becd1eac0d9542cfdf32a8de75f4b,/path/to/PETS-FFT-Ablation/results/final_unconditional_main_v1/evaluators/AirQuality/T128/ts2vec_seed_0.pt,1.2499678134918213,0
Diffusion-TS,AirQuality,128,123,100003,context_fid,42,0.9989941124270878,True,4096,5afe3b08282b3892cd469742e000c4f1d5bc811df0531b8e9f27f911568f0272,9dbb0678a62bcfcd09fe755d77be4ba2715becd1eac0d9542cfdf32a8de75f4b,/path/to/PETS-FFT-Ablation/results/final_unconditional_main_v1/evaluators/AirQuality/T128/ts2vec_seed_42.pt,1.3388760089874268,1
Diffusion-TS,AirQuality,128,123,100003,context_fid,123,0.8273304572245911,True,4096,5afe3b08282b3892cd469742e000c4f1d5bc811df0531b8e9f27f911568f0272,9dbb0678a62bcfcd09fe755d77be4ba2715becd1eac0d9542cfdf32a8de75f4b,/path/to/PETS-FFT-Ablation/results/final_unconditional_main_v1/evaluators/AirQuality/T128/ts2vec_seed_123.pt,1.5871069431304932,0
Diffusion-TS,AirQuality,128,123,100004,context_fid,0,0.8378298294400733,True,4096,5afe3b08282b3892cd469742e000c4f1d5bc811df0531b8e9f27f911568f0272,06ffef3aff7109eb85ad85665a74c1b4620513530aa56ab68b741afa3d15775f,/path/to/PETS-FFT-Ablation/results/final_unconditional_main_v1/evaluators/AirQuality/T128/ts2vec_seed_0.pt,1.3254292011260986,0
Diffusion-TS,AirQuality,128,123,100004,context_fid,42,0.9778219880365794,True,4096,5afe3b08282b3892cd469742e000c4f1d5bc811df0531b8e9f27f911568f0272,06ffef3aff7109eb85ad85665a74c1b4620513530aa56ab68b741afa3d15775f,/path/to/PETS-FFT-Ablation/results/final_unconditional_main_v1/evaluators/AirQuality/T128/ts2vec_seed_42.pt,1.3501410484313965,2
Diffusion-TS,AirQuality,128,123,100004,context_fid,123,0.8218765878869039,True,4096,5afe3b08282b3892cd469742e000c4f1d5bc811df0531b8e9f27f911568f0272,06ffef3aff7109eb85ad85665a74c1b4620513530aa56ab68b741afa3d15775f,/path/to/PETS-FFT-Ablation/results/final_unconditional_main_v1/evaluators/AirQuality/T128/ts2vec_seed_123.pt,1.3942010402679443,0
PETS-U,AirQuality,128,0,100000,context_fid,0,0.4830007251261847,True,4096,5afe3b08282b3892cd469742e000c4f1d5bc811df0531b8e9f27f911568f0272,7b6fd5a6d42085991c68d8879ff4e30ba81a6e76047afa8cc80b4e71959c01a4,/path/to/PETS-FFT-Ablation/results/final_unconditional_main_v1/evaluators/AirQuality/T128/ts2vec_seed_0.pt,1.272244930267334,2
PETS-U,AirQuality,128,0,100000,context_fid,42,0.4993625000080472,True,4096,5afe3b08282b3892cd469742e000c4f1d5bc811df0531b8e9f27f911568f0272,7b6fd5a6d42085991c68d8879ff4e30ba81a6e76047afa8cc80b4e71959c01a4,/path/to/PETS-FFT-Ablation/results/final_unconditional_main_v1/evaluators/AirQuality/T128/ts2vec_seed_42.pt,1.2898316383361816,0
PETS-U,AirQuality,128,0,100000,context_fid,123,0.47629700296324257,True,4096,5afe3b08282b3892cd469742e000c4f1d5bc811df0531b8e9f27f911568f0272,7b6fd5a6d42085991c68d8879ff4e30ba81a6e76047afa8cc80b4e71959c01a4,/path/to/PETS-FFT-Ablation/results/final_unconditional_main_v1/evaluators/AirQuality/T128/ts2vec_seed_123.pt,1.4977121353149414,1
PETS-U,AirQuality,128,0,100001,context_fid,0,0.4852750998949061,True,4096,5afe3b08282b3892cd469742e000c4f1d5bc811df0531b8e9f27f911568f0272,3b8d370ea0aa2d137e7e8c858d5957166fe8f0bd034701777d36d1f6051bb36b,/path/to/PETS-FFT-Ablation/results/final_unconditional_main_v1/evaluators/AirQuality/T128/ts2vec_seed_0.pt,1.3412189483642578,2
PETS-U,AirQuality,128,0,100001,context_fid,42,0.5036987401670787,True,4096,5afe3b08282b3892cd469742e000c4f1d5bc811df0531b8e9f27f911568f0272,3b8d370ea0aa2d137e7e8c858d5957166fe8f0bd034701777d36d1f6051bb36b,/path/to/PETS-FFT-Ablation/results/final_unconditional_main_v1/evaluators/AirQuality/T128/ts2vec_seed_42.pt,1.3200507164001465,0
PETS-U,AirQuality,128,0,100001,context_fid,123,0.4793692138798012,True,4096,5afe3b08282b3892cd469742e000c4f1d5bc811df0531b8e9f27f911568f0272,3b8d370ea0aa2d137e7e8c858d5957166fe8f0bd034701777d36d1f6051bb36b,/path/to/PETS-FFT-Ablation/results/final_unconditional_main_v1/evaluators/AirQuality/T128/ts2vec_seed_123.pt,1.4416749477386475,2
PETS-U,AirQuality,128,0,100002,context_fid,0,0.517740061538447,True,4096,5afe3b08282b3892cd469742e000c4f1d5bc811df0531b8e9f27f911568f0272,fca0a0f17d34b0dd65a71a7d093ca663574a331edc8b5c623470c046d4d8ac33,/path/to/PETS-FFT-Ablation/results/final_unconditional_main_v1/evaluators/AirQuality/T128/ts2vec_seed_0.pt,1.3404841423034668,0
PETS-U,AirQuality,128,0,100002,context_fid,42,0.532857080921383,True,4096,5afe3b08282b3892cd469742e000c4f1d5bc811df0531b8e9f27f911568f0272,fca0a0f17d34b0dd65a71a7d093ca663574a331edc8b5c623470c046d4d8ac33,/path/to/PETS-FFT-Ablation/results/final_unconditional_main_v1/evaluators/AirQuality/T128/ts2vec_seed_42.pt,1.3571240901947021,0
PETS-U,AirQuality,128,0,100002,context_fid,123,0.5046662553609998,True,4096,5afe3b08282b3892cd469742e000c4f1d5bc811df0531b8e9f27f911568f0272,fca0a0f17d34b0dd65a71a7d093ca663574a331edc8b5c623470c046d4d8ac33,/path/to/PETS-FFT-Ablation/results/final_unconditional_main_v1/evaluators/AirQuality/T128/ts2vec_seed_123.pt,1.447896957397461,1
PETS-U,AirQuality,128,0,100003,context_fid,0,0.5112737634185535,True,4096,5afe3b08282b3892cd469742e000c4f1d5bc811df0531b8e9f27f911568f0272,57029a23e26631f520476f0fcf563e0fd4ff245d9292a706db5e67254ffa23f4,/path/to/PETS-FFT-Ablation/results/final_unconditional_main_v1/evaluators/AirQuality/T128/ts2vec_seed_0.pt,1.2673451900482178,0
PETS-U,AirQuality,128,0,100003,context_fid,42,0.5196695815666222,True,4096,5afe3b08282b3892cd469742e000c4f1d5bc811df0531b8e9f27f911568f0272,57029a23e26631f520476f0fcf563e0fd4ff245d9292a706db5e67254ffa23f4,/path/to/PETS-FFT-Ablation/results/final_unconditional_main_v1/evaluators/AirQuality/T128/ts2vec_seed_42.pt,1.3262484073638916,0
PETS-U,AirQuality,128,0,100003,context_fid,123,0.4965472352483329,True,4096,5afe3b08282b3892cd469742e000c4f1d5bc811df0531b8e9f27f911568f0272,57029a23e26631f520476f0fcf563e0fd4ff245d9292a706db5e67254ffa23f4,/path/to/PETS-FFT-Ablation/results/final_unconditional_main_v1/evaluators/AirQuality/T128/ts2vec_seed_123.pt,1.3773586750030518,2
PETS-U,AirQuality,128,0,100004,context_fid,0,0.47568616583167167,True,4096,5afe3b08282b3892cd469742e000c4f1d5bc811df0531b8e9f27f911568f0272,cad0ab70163687c2fa679748e67b79e6dfe1b2b831e36005a4060a1f52c143b8,/path/to/PETS-FFT-Ablation/results/final_unconditional_main_v1/evaluators/AirQuality/T128/ts2vec_seed_0.pt,1.2296476364135742,0
PETS-U,AirQuality,128,0,100004,context_fid,42,0.4866363778960485,True,4096,5afe3b08282b3892cd469742e000c4f1d5bc811df0531b8e9f27f911568f0272,cad0ab70163687c2fa679748e67b79e6dfe1b2b831e36005a4060a1f52c143b8,/path/to/PETS-FFT-Ablation/results/final_unconditional_main_v1/evaluators/AirQuality/T128/ts2vec_seed_42.pt,1.384169340133667,2
PETS-U,AirQuality,128,0,100004,context_fid,123,0.4653992522939914,True,4096,5afe3b08282b3892cd469742e000c4f1d5bc811df0531b8e9f27f911568f0272,cad0ab70163687c2fa679748e67b79e6dfe1b2b831e36005a4060a1f52c143b8,/path/to/PETS-FFT-Ablation/results/final_unconditional_main_v1/evaluators/AirQuality/T128/ts2vec_seed_123.pt,1.5639305114746094,0
PETS-U,AirQuality,128,42,100000,context_fid,0,0.5312784637248721,True,4096,5afe3b08282b3892cd469742e000c4f1d5bc811df0531b8e9f27f911568f0272,2eeb070017ea159b8b37c32fd448c8676e935ecf5b3b0f32ac022dce651ef31a,/path/to/PETS-FFT-Ablation/results/final_unconditional_main_v1/evaluators/AirQuality/T128/ts2vec_seed_0.pt,1.452026605606079,1
PETS-U,AirQuality,128,42,100000,context_fid,42,0.5535970907178209,True,4096,5afe3b08282b3892cd469742e000c4f1d5bc811df0531b8e9f27f911568f0272,2eeb070017ea159b8b37c32fd448c8676e935ecf5b3b0f32ac022dce651ef31a,/path/to/PETS-FFT-Ablation/results/final_unconditional_main_v1/evaluators/AirQuality/T128/ts2vec_seed_42.pt,1.3990538120269775,1
PETS-U,AirQuality,128,42,100000,context_fid,123,0.5315467423090812,True,4096,5afe3b08282b3892cd469742e000c4f1d5bc811df0531b8e9f27f911568f0272,2eeb070017ea159b8b37c32fd448c8676e935ecf5b3b0f32ac022dce651ef31a,/path/to/PETS-FFT-Ablation/results/final_unconditional_main_v1/evaluators/AirQuality/T128/ts2vec_seed_123.pt,1.3831555843353271,1
PETS-U,AirQuality,128,42,100001,context_fid,0,0.4725174337748814,True,4096,5afe3b08282b3892cd469742e000c4f1d5bc811df0531b8e9f27f911568f0272,e8450c5e71c3e77994e1e054583e442c650908652aa096b91887fcd36f1897b0,/path/to/PETS-FFT-Ablation/results/final_unconditional_main_v1/evaluators/AirQuality/T128/ts2vec_seed_0.pt,1.265444278717041,1
PETS-U,AirQuality,128,42,100001,context_fid,42,0.4964154082151706,True,4096,5afe3b08282b3892cd469742e000c4f1d5bc811df0531b8e9f27f911568f0272,e8450c5e71c3e77994e1e054583e442c650908652aa096b91887fcd36f1897b0,/path/to/PETS-FFT-Ablation/results/final_unconditional_main_v1/evaluators/AirQuality/T128/ts2vec_seed_42.pt,1.5501344203948975,0
PETS-U,AirQuality,128,42,100001,context_fid,123,0.4804078196101498,True,4096,5afe3b08282b3892cd469742e000c4f1d5bc811df0531b8e9f27f911568f0272,e8450c5e71c3e77994e1e054583e442c650908652aa096b91887fcd36f1897b0,/path/to/PETS-FFT-Ablation/results/final_unconditional_main_v1/evaluators/AirQuality/T128/ts2vec_seed_123.pt,1.3755466938018799,2
PETS-U,AirQuality,128,42,100002,context_fid,0,0.5022469175302526,True,4096,5afe3b08282b3892cd469742e000c4f1d5bc811df0531b8e9f27f911568f0272,71b0941835fe1e0a5d690a8674c90716bb76b0ad60b096ea588e6a8d726795c6,/path/to/PETS-FFT-Ablation/results/final_unconditional_main_v1/evaluators/AirQuality/T128/ts2vec_seed_0.pt,1.4976272583007812,1
PETS-U,AirQuality,128,42,100002,context_fid,42,0.5293374285460708,True,4096,5afe3b08282b3892cd469742e000c4f1d5bc811df0531b8e9f27f911568f0272,71b0941835fe1e0a5d690a8674c90716bb76b0ad60b096ea588e6a8d726795c6,/path/to/PETS-FFT-Ablation/results/final_unconditional_main_v1/evaluators/AirQuality/T128/ts2vec_seed_42.pt,1.4066729545593262,2
PETS-U,AirQuality,128,42,100002,context_fid,123,0.5093951692155875,True,4096,5afe3b08282b3892cd469742e000c4f1d5bc811df0531b8e9f27f911568f0272,71b0941835fe1e0a5d690a8674c90716bb76b0ad60b096ea588e6a8d726795c6,/path/to/PETS-FFT-Ablation/results/final_unconditional_main_v1/evaluators/AirQuality/T128/ts2vec_seed_123.pt,1.4397344589233398,0
PETS-U,AirQuality,128,42,100003,context_fid,0,0.5087575097678487,True,4096,5afe3b08282b3892cd469742e000c4f1d5bc811df0531b8e9f27f911568f0272,6cde61a19cfb4c2cbbc4bbee4e5a503d9c62093f728bdbf99b96af5c6466c294,/path/to/PETS-FFT-Ablation/results/final_unconditional_main_v1/evaluators/AirQuality/T128/ts2vec_seed_0.pt,1.271864414215088,1
PETS-U,AirQuality,128,42,100003,context_fid,42,0.5490616543388578,True,4096,5afe3b08282b3892cd469742e000c4f1d5bc811df0531b8e9f27f911568f0272,6cde61a19cfb4c2cbbc4bbee4e5a503d9c62093f728bdbf99b96af5c6466c294,/path/to/PETS-FFT-Ablation/results/final_unconditional_main_v1/evaluators/AirQuality/T128/ts2vec_seed_42.pt,1.3543791770935059,0
PETS-U,AirQuality,128,42,100003,context_fid,123,0.5250855285122235,True,4096,5afe3b08282b3892cd469742e000c4f1d5bc811df0531b8e9f27f911568f0272,6cde61a19cfb4c2cbbc4bbee4e5a503d9c62093f728bdbf99b96af5c6466c294,/path/to/PETS-FFT-Ablation/results/final_unconditional_main_v1/evaluators/AirQuality/T128/ts2vec_seed_123.pt,1.4545314311981201,1
PETS-U,AirQuality,128,42,100004,context_fid,0,0.5071485704885823,True,4096,5afe3b08282b3892cd469742e000c4f1d5bc811df0531b8e9f27f911568f0272,8c6a323ae357a506329fa44f78101c31ef3e9496f16afa5c803bd0cec77e56ed,/path/to/PETS-FFT-Ablation/results/final_unconditional_main_v1/evaluators/AirQuality/T128/ts2vec_seed_0.pt,1.335184097290039,2
PETS-U,AirQuality,128,42,100004,context_fid,42,0.5448549544732737,True,4096,5afe3b08282b3892cd469742e000c4f1d5bc811df0531b8e9f27f911568f0272,8c6a323ae357a506329fa44f78101c31ef3e9496f16afa5c803bd0cec77e56ed,/path/to/PETS-FFT-Ablation/results/final_unconditional_main_v1/evaluators/AirQuality/T128/ts2vec_seed_42.pt,1.3792369365692139,2
PETS-U,AirQuality,128,42,100004,context_fid,123,0.5186328985825364,True,4096,5afe3b08282b3892cd469742e000c4f1d5bc811df0531b8e9f27f911568f0272,8c6a323ae357a506329fa44f78101c31ef3e9496f16afa5c803bd0cec77e56ed,/path/to/PETS-FFT-Ablation/results/final_unconditional_main_v1/evaluators/AirQuality/T128/ts2vec_seed_123.pt,1.3698015213012695,1
PETS-U,AirQuality,128,123,100000,context_fid,0,0.6435985373335695,True,4096,5afe3b08282b3892cd469742e000c4f1d5bc811df0531b8e9f27f911568f0272,7caa49fab2aca277999602ab2d459c1eef728e14324d2f6ced87f97a6a8246e4,/path/to/PETS-FFT-Ablation/results/final_unconditional_main_v1/evaluators/AirQuality/T128/ts2vec_seed_0.pt,1.510890007019043,2
PETS-U,AirQuality,128,123,100000,context_fid,42,0.7026339096691425,True,4096,5afe3b08282b3892cd469742e000c4f1d5bc811df0531b8e9f27f911568f0272,7caa49fab2aca277999602ab2d459c1eef728e14324d2f6ced87f97a6a8246e4,/path/to/PETS-FFT-Ablation/results/final_unconditional_main_v1/evaluators/AirQuality/T128/ts2vec_seed_42.pt,1.393691062927246,2
PETS-U,AirQuality,128,123,100000,context_fid,123,0.6439338827795613,True,4096,5afe3b08282b3892cd469742e000c4f1d5bc811df0531b8e9f27f911568f0272,7caa49fab2aca277999602ab2d459c1eef728e14324d2f6ced87f97a6a8246e4,/path/to/PETS-FFT-Ablation/results/final_unconditional_main_v1/evaluators/AirQuality/T128/ts2vec_seed_123.pt,1.40336275100708,2
PETS-U,AirQuality,128,123,100001,context_fid,0,0.6447593412323029,True,4096,5afe3b08282b3892cd469742e000c4f1d5bc811df0531b8e9f27f911568f0272,a4f79d8367c5071e00425472f1b0dd4f3f98464b6c4685022553142dfa6a4075,/path/to/PETS-FFT-Ablation/results/final_unconditional_main_v1/evaluators/AirQuality/T128/ts2vec_seed_0.pt,1.2921016216278076,1
PETS-U,AirQuality,128,123,100001,context_fid,42,0.6981378335756299,True,4096,5afe3b08282b3892cd469742e000c4f1d5bc811df0531b8e9f27f911568f0272,a4f79d8367c5071e00425472f1b0dd4f3f98464b6c4685022553142dfa6a4075,/path/to/PETS-FFT-Ablation/results/final_unconditional_main_v1/evaluators/AirQuality/T128/ts2vec_seed_42.pt,1.3550550937652588,2
PETS-U,AirQuality,128,123,100001,context_fid,123,0.644973351828115,True,4096,5afe3b08282b3892cd469742e000c4f1d5bc811df0531b8e9f27f911568f0272,a4f79d8367c5071e00425472f1b0dd4f3f98464b6c4685022553142dfa6a4075,/path/to/PETS-FFT-Ablation/results/final_unconditional_main_v1/evaluators/AirQuality/T128/ts2vec_seed_123.pt,1.450718641281128,1
PETS-U,AirQuality,128,123,100002,context_fid,0,0.6613893885054589,True,4096,5afe3b08282b3892cd469742e000c4f1d5bc811df0531b8e9f27f911568f0272,9ab89d1757da6b07c7c2154a91d865da6db7070e8a544eba333c05da07fb6334,/path/to/PETS-FFT-Ablation/results/final_unconditional_main_v1/evaluators/AirQuality/T128/ts2vec_seed_0.pt,1.3428595066070557,2
PETS-U,AirQuality,128,123,100002,context_fid,42,0.7273703349356722,True,4096,5afe3b08282b3892cd469742e000c4f1d5bc811df0531b8e9f27f911568f0272,9ab89d1757da6b07c7c2154a91d865da6db7070e8a544eba333c05da07fb6334,/path/to/PETS-FFT-Ablation/results/final_unconditional_main_v1/evaluators/AirQuality/T128/ts2vec_seed_42.pt,1.3586382865905762,2
PETS-U,AirQuality,128,123,100002,context_fid,123,0.6642085737418406,True,4096,5afe3b08282b3892cd469742e000c4f1d5bc811df0531b8e9f27f911568f0272,9ab89d1757da6b07c7c2154a91d865da6db7070e8a544eba333c05da07fb6334,/path/to/PETS-FFT-Ablation/results/final_unconditional_main_v1/evaluators/AirQuality/T128/ts2vec_seed_123.pt,1.4165616035461426,1
PETS-U,AirQuality,128,123,100003,context_fid,0,0.6630265186154789,True,4096,5afe3b08282b3892cd469742e000c4f1d5bc811df0531b8e9f27f911568f0272,6ce6a1ee1a5caa78db2b13a7bb836b253b8f50d515c40cefe2e0afb031e8d65f,/path/to/PETS-FFT-Ablation/results/final_unconditional_main_v1/evaluators/AirQuality/T128/ts2vec_seed_0.pt,1.2646698951721191,2
PETS-U,AirQuality,128,123,100003,context_fid,42,0.715371848357587,True,4096,5afe3b08282b3892cd469742e000c4f1d5bc811df0531b8e9f27f911568f0272,6ce6a1ee1a5caa78db2b13a7bb836b253b8f50d515c40cefe2e0afb031e8d65f,/path/to/PETS-FFT-Ablation/results/final_unconditional_main_v1/evaluators/AirQuality/T128/ts2vec_seed_42.pt,1.4427995681762695,1
PETS-U,AirQuality,128,123,100003,context_fid,123,0.6596637233798048,True,4096,5afe3b08282b3892cd469742e000c4f1d5bc811df0531b8e9f27f911568f0272,6ce6a1ee1a5caa78db2b13a7bb836b253b8f50d515c40cefe2e0afb031e8d65f,/path/to/PETS-FFT-Ablation/results/final_unconditional_main_v1/evaluators/AirQuality/T128/ts2vec_seed_123.pt,1.3491530418395996,0
PETS-U,AirQuality,128,123,100004,context_fid,0,0.7177707027169549,True,4096,5afe3b08282b3892cd469742e000c4f1d5bc811df0531b8e9f27f911568f0272,27e55acb4908efcd870b14b07a44951edefcfbe6629a664580c28aad360f4a3f,/path/to/PETS-FFT-Ablation/results/final_unconditional_main_v1/evaluators/AirQuality/T128/ts2vec_seed_0.pt,1.336449146270752,1
PETS-U,AirQuality,128,123,100004,context_fid,42,0.7825499656894243,True,4096,5afe3b08282b3892cd469742e000c4f1d5bc811df0531b8e9f27f911568f0272,27e55acb4908efcd870b14b07a44951edefcfbe6629a664580c28aad360f4a3f,/path/to/PETS-FFT-Ablation/results/final_unconditional_main_v1/evaluators/AirQuality/T128/ts2vec_seed_42.pt,1.445235252380371,0
PETS-U,AirQuality,128,123,100004,context_fid,123,0.727725845467378,True,4096,5afe3b08282b3892cd469742e000c4f1d5bc811df0531b8e9f27f911568f0272,27e55acb4908efcd870b14b07a44951edefcfbe6629a664580c28aad360f4a3f,/path/to/PETS-FFT-Ablation/results/final_unconditional_main_v1/evaluators/AirQuality/T128/ts2vec_seed_123.pt,1.4676311016082764,1
Diffusion-TS,AirQuality,256,0,100000,context_fid,0,0.607925779349819,True,4096,763f03006b43ade6ea1a2dab673228b628a027e58a379e6eb9a5ef91fedd89f9,952e00e97c761e64166d043f14b71954b542cf69a9bbd6a835a78d3a2b5be155,/path/to/PETS-FFT-Ablation/results/final_unconditional_main_v1/evaluators/AirQuality/T256/ts2vec_seed_0.pt,1.3668982982635498,0
Diffusion-TS,AirQuality,256,0,100000,context_fid,42,0.6271191834089693,True,4096,763f03006b43ade6ea1a2dab673228b628a027e58a379e6eb9a5ef91fedd89f9,952e00e97c761e64166d043f14b71954b542cf69a9bbd6a835a78d3a2b5be155,/path/to/PETS-FFT-Ablation/results/final_unconditional_main_v1/evaluators/AirQuality/T256/ts2vec_seed_42.pt,1.3898348808288574,0
Diffusion-TS,AirQuality,256,0,100000,context_fid,123,0.632108715936318,True,4096,763f03006b43ade6ea1a2dab673228b628a027e58a379e6eb9a5ef91fedd89f9,952e00e97c761e64166d043f14b71954b542cf69a9bbd6a835a78d3a2b5be155,/path/to/PETS-FFT-Ablation/results/final_unconditional_main_v1/evaluators/AirQuality/T256/ts2vec_seed_123.pt,1.4644720554351807,2
Diffusion-TS,AirQuality,256,0,100001,context_fid,0,0.6334959630349777,True,4096,763f03006b43ade6ea1a2dab673228b628a027e58a379e6eb9a5ef91fedd89f9,c78df9da81ee6de76955a03a83e5faaa763d2b932f7e1037c49db05cab6bf701,/path/to/PETS-FFT-Ablation/results/final_unconditional_main_v1/evaluators/AirQuality/T256/ts2vec_seed_0.pt,1.3720247745513916,0
Diffusion-TS,AirQuality,256,0,100001,context_fid,42,0.65577903883297,True,4096,763f03006b43ade6ea1a2dab673228b628a027e58a379e6eb9a5ef91fedd89f9,c78df9da81ee6de76955a03a83e5faaa763d2b932f7e1037c49db05cab6bf701,/path/to/PETS-FFT-Ablation/results/final_unconditional_main_v1/evaluators/AirQuality/T256/ts2vec_seed_42.pt,1.446561336517334,1
Diffusion-TS,AirQuality,256,0,100001,context_fid,123,0.6589149168778485,True,4096,763f03006b43ade6ea1a2dab673228b628a027e58a379e6eb9a5ef91fedd89f9,c78df9da81ee6de76955a03a83e5faaa763d2b932f7e1037c49db05cab6bf701,/path/to/PETS-FFT-Ablation/results/final_unconditional_main_v1/evaluators/AirQuality/T256/ts2vec_seed_123.pt,1.4524965286254883,0
Diffusion-TS,AirQuality,256,0,100002,context_fid,0,0.6512197743472337,True,4096,763f03006b43ade6ea1a2dab673228b628a027e58a379e6eb9a5ef91fedd89f9,54c2d67cb2431a0f7645789daa5dd8652fa6344b7084818cd553af6cf0170046,/path/to/PETS-FFT-Ablation/results/final_unconditional_main_v1/evaluators/AirQuality/T256/ts2vec_seed_0.pt,1.3641290664672852,1
Diffusion-TS,AirQuality,256,0,100002,context_fid,42,0.6747852873531905,True,4096,763f03006b43ade6ea1a2dab673228b628a027e58a379e6eb9a5ef91fedd89f9,54c2d67cb2431a0f7645789daa5dd8652fa6344b7084818cd553af6cf0170046,/path/to/PETS-FFT-Ablation/results/final_unconditional_main_v1/evaluators/AirQuality/T256/ts2vec_seed_42.pt,1.4434549808502197,1
Diffusion-TS,AirQuality,256,0,100002,context_fid,123,0.6789650512501917,True,4096,763f03006b43ade6ea1a2dab673228b628a027e58a379e6eb9a5ef91fedd89f9,54c2d67cb2431a0f7645789daa5dd8652fa6344b7084818cd553af6cf0170046,/path/to/PETS-FFT-Ablation/results/final_unconditional_main_v1/evaluators/AirQuality/T256/ts2vec_seed_123.pt,1.4882760047912598,1
Diffusion-TS,AirQuality,256,0,100003,context_fid,0,0.6316146295469476,True,4096,763f03006b43ade6ea1a2dab673228b628a027e58a379e6eb9a5ef91fedd89f9,c87cab9330a1cd378ef5d295ffe88f296c9fff0c93922c59dddbcd0c717aeeb0,/path/to/PETS-FFT-Ablation/results/final_unconditional_main_v1/evaluators/AirQuality/T256/ts2vec_seed_0.pt,1.3273930549621582,2
Diffusion-TS,AirQuality,256,0,100003,context_fid,42,0.6509947979573816,True,4096,763f03006b43ade6ea1a2dab673228b628a027e58a379e6eb9a5ef91fedd89f9,c87cab9330a1cd378ef5d295ffe88f296c9fff0c93922c59dddbcd0c717aeeb0,/path/to/PETS-FFT-Ablation/results/final_unconditional_main_v1/evaluators/AirQuality/T256/ts2vec_seed_42.pt,1.8478436470031738,2
Diffusion-TS,AirQuality,256,0,100003,context_fid,123,0.6591524620114704,True,4096,763f03006b43ade6ea1a2dab673228b628a027e58a379e6eb9a5ef91fedd89f9,c87cab9330a1cd378ef5d295ffe88f296c9fff0c93922c59dddbcd0c717aeeb0,/path/to/PETS-FFT-Ablation/results/final_unconditional_main_v1/evaluators/AirQuality/T256/ts2vec_seed_123.pt,1.8602492809295654,0
Diffusion-TS,AirQuality,256,0,100004,context_fid,0,0.6363902625070543,True,4096,763f03006b43ade6ea1a2dab673228b628a027e58a379e6eb9a5ef91fedd89f9,bae8dd328fde09691678368b9681970fd93a1d405f8d03ebc3216448bbbf5fd8,/path/to/PETS-FFT-Ablation/results/final_unconditional_main_v1/evaluators/AirQuality/T256/ts2vec_seed_0.pt,1.3321776390075684,1
Diffusion-TS,AirQuality,256,0,100004,context_fid,42,0.6597795668722853,True,4096,763f03006b43ade6ea1a2dab673228b628a027e58a379e6eb9a5ef91fedd89f9,bae8dd328fde09691678368b9681970fd93a1d405f8d03ebc3216448bbbf5fd8,/path/to/PETS-FFT-Ablation/results/final_unconditional_main_v1/evaluators/AirQuality/T256/ts2vec_seed_42.pt,1.3753635883331299,0
Diffusion-TS,AirQuality,256,0,100004,context_fid,123,0.670602178553538,True,4096,763f03006b43ade6ea1a2dab673228b628a027e58a379e6eb9a5ef91fedd89f9,bae8dd328fde09691678368b9681970fd93a1d405f8d03ebc3216448bbbf5fd8,/path/to/PETS-FFT-Ablation/results/final_unconditional_main_v1/evaluators/AirQuality/T256/ts2vec_seed_123.pt,1.5028235912322998,2
Diffusion-TS,AirQuality,256,42,100000,context_fid,0,0.9504373884967199,True,4096,763f03006b43ade6ea1a2dab673228b628a027e58a379e6eb9a5ef91fedd89f9,a8e9e3f2d0616092012a8f38dc670087a4ac62ad34ac41d501507729935ef5e6,/path/to/PETS-FFT-Ablation/results/final_unconditional_main_v1/evaluators/AirQuality/T256/ts2vec_seed_0.pt,1.382481575012207,1
Diffusion-TS,AirQuality,256,42,100000,context_fid,42,1.0158583606576572,True,4096,763f03006b43ade6ea1a2dab673228b628a027e58a379e6eb9a5ef91fedd89f9,a8e9e3f2d0616092012a8f38dc670087a4ac62ad34ac41d501507729935ef5e6,/path/to/PETS-FFT-Ablation/results/final_unconditional_main_v1/evaluators/AirQuality/T256/ts2vec_seed_42.pt,1.5070950984954834,2
Diffusion-TS,AirQuality,256,42,100000,context_fid,123,0.9862241444078556,True,4096,763f03006b43ade6ea1a2dab673228b628a027e58a379e6eb9a5ef91fedd89f9,a8e9e3f2d0616092012a8f38dc670087a4ac62ad34ac41d501507729935ef5e6,/path/to/PETS-FFT-Ablation/results/final_unconditional_main_v1/evaluators/AirQuality/T256/ts2vec_seed_123.pt,1.570110559463501,1
Diffusion-TS,AirQuality,256,42,100001,context_fid,0,0.9656408399015087,True,4096,763f03006b43ade6ea1a2dab673228b628a027e58a379e6eb9a5ef91fedd89f9,4b3d4b10dbe7014ecc1bf978c9b8b516c1afa553f7be41275e33cddb3b0a03fe,/path/to/PETS-FFT-Ablation/results/final_unconditional_main_v1/evaluators/AirQuality/T256/ts2vec_seed_0.pt,1.6332430839538574,2
Diffusion-TS,AirQuality,256,42,100001,context_fid,42,1.0386030415774452,True,4096,763f03006b43ade6ea1a2dab673228b628a027e58a379e6eb9a5ef91fedd89f9,4b3d4b10dbe7014ecc1bf978c9b8b516c1afa553f7be41275e33cddb3b0a03fe,/path/to/PETS-FFT-Ablation/results/final_unconditional_main_v1/evaluators/AirQuality/T256/ts2vec_seed_42.pt,1.5517499446868896,2
Diffusion-TS,AirQuality,256,42,100001,context_fid,123,1.0038919695574369,True,4096,763f03006b43ade6ea1a2dab673228b628a027e58a379e6eb9a5ef91fedd89f9,4b3d4b10dbe7014ecc1bf978c9b8b516c1afa553f7be41275e33cddb3b0a03fe,/path/to/PETS-FFT-Ablation/results/final_unconditional_main_v1/evaluators/AirQuality/T256/ts2vec_seed_123.pt,1.4652836322784424,1
Diffusion-TS,AirQuality,256,42,100002,context_fid,0,1.023816986482445,True,4096,763f03006b43ade6ea1a2dab673228b628a027e58a379e6eb9a5ef91fedd89f9,6ae1446e3fa2bcaf4dd5d08bbc9546f30d4a291e230fe0143d720fe30ccee220,/path/to/PETS-FFT-Ablation/results/final_unconditional_main_v1/evaluators/AirQuality/T256/ts2vec_seed_0.pt,1.3173584938049316,0
Diffusion-TS,AirQuality,256,42,100002,context_fid,42,1.096196029503888,True,4096,763f03006b43ade6ea1a2dab673228b628a027e58a379e6eb9a5ef91fedd89f9,6ae1446e3fa2bcaf4dd5d08bbc9546f30d4a291e230fe0143d720fe30ccee220,/path/to/PETS-FFT-Ablation/results/final_unconditional_main_v1/evaluators/AirQuality/T256/ts2vec_seed_42.pt,1.4001436233520508,0
Diffusion-TS,AirQuality,256,42,100002,context_fid,123,1.0617269329060122,True,4096,763f03006b43ade6ea1a2dab673228b628a027e58a379e6eb9a5ef91fedd89f9,6ae1446e3fa2bcaf4dd5d08bbc9546f30d4a291e230fe0143d720fe30ccee220,/path/to/PETS-FFT-Ablation/results/final_unconditional_main_v1/evaluators/AirQuality/T256/ts2vec_seed_123.pt,1.4062495231628418,2
Diffusion-TS,AirQuality,256,42,100003,context_fid,0,1.0114987177304935,True,4096,763f03006b43ade6ea1a2dab673228b628a027e58a379e6eb9a5ef91fedd89f9,5624438f07e5d4c9278a2563bc906c96c848ab40189159dc5b29a6d158014599,/path/to/PETS-FFT-Ablation/results/final_unconditional_main_v1/evaluators/AirQuality/T256/ts2vec_seed_0.pt,1.3955135345458984,0
Diffusion-TS,AirQuality,256,42,100003,context_fid,42,1.089246131126751,True,4096,763f03006b43ade6ea1a2dab673228b628a027e58a379e6eb9a5ef91fedd89f9,5624438f07e5d4c9278a2563bc906c96c848ab40189159dc5b29a6d158014599,/path/to/PETS-FFT-Ablation/results/final_unconditional_main_v1/evaluators/AirQuality/T256/ts2vec_seed_42.pt,1.477189540863037,2
Diffusion-TS,AirQuality,256,42,100003,context_fid,123,1.0429205322777086,True,4096,763f03006b43ade6ea1a2dab673228b628a027e58a379e6eb9a5ef91fedd89f9,5624438f07e5d4c9278a2563bc906c96c848ab40189159dc5b29a6d158014599,/path/to/PETS-FFT-Ablation/results/final_unconditional_main_v1/evaluators/AirQuality/T256/ts2vec_seed_123.pt,1.8748984336853027,0
Diffusion-TS,AirQuality,256,42,100004,context_fid,0,1.0034683641580187,True,4096,763f03006b43ade6ea1a2dab673228b628a027e58a379e6eb9a5ef91fedd89f9,c613b6769f7ec7e38468d16b1fdc738e0daaf86b2bbc971e07a98f0f00bbeea6,/path/to/PETS-FFT-Ablation/results/final_unconditional_main_v1/evaluators/AirQuality/T256/ts2vec_seed_0.pt,1.3216979503631592,2
Diffusion-TS,AirQuality,256,42,100004,context_fid,42,1.0722971313428344,True,4096,763f03006b43ade6ea1a2dab673228b628a027e58a379e6eb9a5ef91fedd89f9,c613b6769f7ec7e38468d16b1fdc738e0daaf86b2bbc971e07a98f0f00bbeea6,/path/to/PETS-FFT-Ablation/results/final_unconditional_main_v1/evaluators/AirQuality/T256/ts2vec_seed_42.pt,1.3779056072235107,0
Diffusion-TS,AirQuality,256,42,100004,context_fid,123,1.0440121762305095,True,4096,763f03006b43ade6ea1a2dab673228b628a027e58a379e6eb9a5ef91fedd89f9,c613b6769f7ec7e38468d16b1fdc738e0daaf86b2bbc971e07a98f0f00bbeea6,/path/to/PETS-FFT-Ablation/results/final_unconditional_main_v1/evaluators/AirQuality/T256/ts2vec_seed_123.pt,1.4496357440948486,1
Diffusion-TS,AirQuality,256,123,100000,context_fid,0,1.4033247121888863,True,4096,763f03006b43ade6ea1a2dab673228b628a027e58a379e6eb9a5ef91fedd89f9,27828374064e532da21afc154fb61caa8f442816727c1a749d4eccce3f85582f,/path/to/PETS-FFT-Ablation/results/final_unconditional_main_v1/evaluators/AirQuality/T256/ts2vec_seed_0.pt,1.5958425998687744,1
Diffusion-TS,AirQuality,256,123,100000,context_fid,42,1.5635249666032682,True,4096,763f03006b43ade6ea1a2dab673228b628a027e58a379e6eb9a5ef91fedd89f9,27828374064e532da21afc154fb61caa8f442816727c1a749d4eccce3f85582f,/path/to/PETS-FFT-Ablation/results/final_unconditional_main_v1/evaluators/AirQuality/T256/ts2vec_seed_42.pt,1.4218623638153076,0
Diffusion-TS,AirQuality,256,123,100000,context_fid,123,1.3930770249480426,True,4096,763f03006b43ade6ea1a2dab673228b628a027e58a379e6eb9a5ef91fedd89f9,27828374064e532da21afc154fb61caa8f442816727c1a749d4eccce3f85582f,/path/to/PETS-FFT-Ablation/results/final_unconditional_main_v1/evaluators/AirQuality/T256/ts2vec_seed_123.pt,1.468041181564331,2
Diffusion-TS,AirQuality,256,123,100001,context_fid,0,1.4343103319519197,True,4096,763f03006b43ade6ea1a2dab673228b628a027e58a379e6eb9a5ef91fedd89f9,1f092fb345bbd440bfd8134b052e219c2665daeda132c41f3c2582fa8d6e8e15,/path/to/PETS-FFT-Ablation/results/final_unconditional_main_v1/evaluators/AirQuality/T256/ts2vec_seed_0.pt,1.4125750064849854,0
Diffusion-TS,AirQuality,256,123,100001,context_fid,42,1.5955148902270666,True,4096,763f03006b43ade6ea1a2dab673228b628a027e58a379e6eb9a5ef91fedd89f9,1f092fb345bbd440bfd8134b052e219c2665daeda132c41f3c2582fa8d6e8e15,/path/to/PETS-FFT-Ablation/results/final_unconditional_main_v1/evaluators/AirQuality/T256/ts2vec_seed_42.pt,1.4321160316467285,1
Diffusion-TS,AirQuality,256,123,100001,context_fid,123,1.4238333734230102,True,4096,763f03006b43ade6ea1a2dab673228b628a027e58a379e6eb9a5ef91fedd89f9,1f092fb345bbd440bfd8134b052e219c2665daeda132c41f3c2582fa8d6e8e15,/path/to/PETS-FFT-Ablation/results/final_unconditional_main_v1/evaluators/AirQuality/T256/ts2vec_seed_123.pt,1.42659330368042,2
Diffusion-TS,AirQuality,256,123,100002,context_fid,0,1.3788625888822026,True,4096,763f03006b43ade6ea1a2dab673228b628a027e58a379e6eb9a5ef91fedd89f9,8489f6c99dd499f447b166f5c71e3b6ae2ceebdb8127a4f6284292c3a93ca858,/path/to/PETS-FFT-Ablation/results/final_unconditional_main_v1/evaluators/AirQuality/T256/ts2vec_seed_0.pt,1.5801174640655518,0
Diffusion-TS,AirQuality,256,123,100002,context_fid,42,1.5398804699830553,True,4096,763f03006b43ade6ea1a2dab673228b628a027e58a379e6eb9a5ef91fedd89f9,8489f6c99dd499f447b166f5c71e3b6ae2ceebdb8127a4f6284292c3a93ca858,/path/to/PETS-FFT-Ablation/results/final_unconditional_main_v1/evaluators/AirQuality/T256/ts2vec_seed_42.pt,1.3800568580627441,0
Diffusion-TS,AirQuality,256,123,100002,context_fid,123,1.3779026361719335,True,4096,763f03006b43ade6ea1a2dab673228b628a027e58a379e6eb9a5ef91fedd89f9,8489f6c99dd499f447b166f5c71e3b6ae2ceebdb8127a4f6284292c3a93ca858,/path/to/PETS-FFT-Ablation/results/final_unconditional_main_v1/evaluators/AirQuality/T256/ts2vec_seed_123.pt,1.440605878829956,1
Diffusion-TS,AirQuality,256,123,100003,context_fid,0,1.418546565057663,True,4096,763f03006b43ade6ea1a2dab673228b628a027e58a379e6eb9a5ef91fedd89f9,ca524808e6be8ff77507e2afb48b692910f21b06e3bee217519ecdae89e21efd,/path/to/PETS-FFT-Ablation/results/final_unconditional_main_v1/evaluators/AirQuality/T256/ts2vec_seed_0.pt,1.3546993732452393,0
Diffusion-TS,AirQuality,256,123,100003,context_fid,42,1.5688160847213846,True,4096,763f03006b43ade6ea1a2dab673228b628a027e58a379e6eb9a5ef91fedd89f9,ca524808e6be8ff77507e2afb48b692910f21b06e3bee217519ecdae89e21efd,/path/to/PETS-FFT-Ablation/results/final_unconditional_main_v1/evaluators/AirQuality/T256/ts2vec_seed_42.pt,1.4727904796600342,0
Diffusion-TS,AirQuality,256,123,100003,context_fid,123,1.3974079882317514,True,4096,763f03006b43ade6ea1a2dab673228b628a027e58a379e6eb9a5ef91fedd89f9,ca524808e6be8ff77507e2afb48b692910f21b06e3bee217519ecdae89e21efd,/path/to/PETS-FFT-Ablation/results/final_unconditional_main_v1/evaluators/AirQuality/T256/ts2vec_seed_123.pt,1.4059109687805176,0
Diffusion-TS,AirQuality,256,123,100004,context_fid,0,1.4423188665940385,True,4096,763f03006b43ade6ea1a2dab673228b628a027e58a379e6eb9a5ef91fedd89f9,b84336b99480468ed77e9520ecca8bea3201ad223548ba23e0bc0d5a7e29dea7,/path/to/PETS-FFT-Ablation/results/final_unconditional_main_v1/evaluators/AirQuality/T256/ts2vec_seed_0.pt,1.489339828491211,1
Diffusion-TS,AirQuality,256,123,100004,context_fid,42,1.6089763433793707,True,4096,763f03006b43ade6ea1a2dab673228b628a027e58a379e6eb9a5ef91fedd89f9,b84336b99480468ed77e9520ecca8bea3201ad223548ba23e0bc0d5a7e29dea7,/path/to/PETS-FFT-Ablation/results/final_unconditional_main_v1/evaluators/AirQuality/T256/ts2vec_seed_42.pt,1.4666919708251953,0
Diffusion-TS,AirQuality,256,123,100004,context_fid,123,1.4312550905855541,True,4096,763f03006b43ade6ea1a2dab673228b628a027e58a379e6eb9a5ef91fedd89f9,b84336b99480468ed77e9520ecca8bea3201ad223548ba23e0bc0d5a7e29dea7,/path/to/PETS-FFT-Ablation/results/final_unconditional_main_v1/evaluators/AirQuality/T256/ts2vec_seed_123.pt,1.4860706329345703,1
PETS-U,AirQuality,256,0,100000,context_fid,0,3.15286595145621,True,4096,763f03006b43ade6ea1a2dab673228b628a027e58a379e6eb9a5ef91fedd89f9,cc1eeb9cb3a415a9eeef782709379f412d7387423e41e2e6a47d9685e7b0071a,/path/to/PETS-FFT-Ablation/results/final_unconditional_main_v1/evaluators/AirQuality/T256/ts2vec_seed_0.pt,1.3201990127563477,0
PETS-U,AirQuality,256,0,100000,context_fid,42,3.5784775427898348,True,4096,763f03006b43ade6ea1a2dab673228b628a027e58a379e6eb9a5ef91fedd89f9,cc1eeb9cb3a415a9eeef782709379f412d7387423e41e2e6a47d9685e7b0071a,/path/to/PETS-FFT-Ablation/results/final_unconditional_main_v1/evaluators/AirQuality/T256/ts2vec_seed_42.pt,1.525587558746338,1
PETS-U,AirQuality,256,0,100000,context_fid,123,2.8392103914880136,True,4096,763f03006b43ade6ea1a2dab673228b628a027e58a379e6eb9a5ef91fedd89f9,cc1eeb9cb3a415a9eeef782709379f412d7387423e41e2e6a47d9685e7b0071a,/path/to/PETS-FFT-Ablation/results/final_unconditional_main_v1/evaluators/AirQuality/T256/ts2vec_seed_123.pt,1.4800372123718262,2
PETS-U,AirQuality,256,0,100001,context_fid,0,3.0718535570199896,True,4096,763f03006b43ade6ea1a2dab673228b628a027e58a379e6eb9a5ef91fedd89f9,b7bdd9360de5034aefd394c69bf478dbea5f430e60bcbda90687f4197835036c,/path/to/PETS-FFT-Ablation/results/final_unconditional_main_v1/evaluators/AirQuality/T256/ts2vec_seed_0.pt,1.3994178771972656,1
PETS-U,AirQuality,256,0,100001,context_fid,42,3.5017975865492956,True,4096,763f03006b43ade6ea1a2dab673228b628a027e58a379e6eb9a5ef91fedd89f9,b7bdd9360de5034aefd394c69bf478dbea5f430e60bcbda90687f4197835036c,/path/to/PETS-FFT-Ablation/results/final_unconditional_main_v1/evaluators/AirQuality/T256/ts2vec_seed_42.pt,1.421884536743164,0
PETS-U,AirQuality,256,0,100001,context_fid,123,2.7689001869538012,True,4096,763f03006b43ade6ea1a2dab673228b628a027e58a379e6eb9a5ef91fedd89f9,b7bdd9360de5034aefd394c69bf478dbea5f430e60bcbda90687f4197835036c,/path/to/PETS-FFT-Ablation/results/final_unconditional_main_v1/evaluators/AirQuality/T256/ts2vec_seed_123.pt,1.6716034412384033,1
PETS-U,AirQuality,256,0,100002,context_fid,0,3.222186833139087,True,4096,763f03006b43ade6ea1a2dab673228b628a027e58a379e6eb9a5ef91fedd89f9,599e3ce819d6e6358d9d1baa7442d03da301072c324593d4d7eaa48bc2c49953,/path/to/PETS-FFT-Ablation/results/final_unconditional_main_v1/evaluators/AirQuality/T256/ts2vec_seed_0.pt,1.4044718742370605,0
PETS-U,AirQuality,256,0,100002,context_fid,42,3.6652017096888816,True,4096,763f03006b43ade6ea1a2dab673228b628a027e58a379e6eb9a5ef91fedd89f9,599e3ce819d6e6358d9d1baa7442d03da301072c324593d4d7eaa48bc2c49953,/path/to/PETS-FFT-Ablation/results/final_unconditional_main_v1/evaluators/AirQuality/T256/ts2vec_seed_42.pt,1.4689984321594238,1
PETS-U,AirQuality,256,0,100002,context_fid,123,2.8817503727380513,True,4096,763f03006b43ade6ea1a2dab673228b628a027e58a379e6eb9a5ef91fedd89f9,599e3ce819d6e6358d9d1baa7442d03da301072c324593d4d7eaa48bc2c49953,/path/to/PETS-FFT-Ablation/results/final_unconditional_main_v1/evaluators/AirQuality/T256/ts2vec_seed_123.pt,1.527254343032837,0
PETS-U,AirQuality,256,0,100003,context_fid,0,3.103828000837781,True,4096,763f03006b43ade6ea1a2dab673228b628a027e58a379e6eb9a5ef91fedd89f9,172f4549658b6db49649fc6cd533f8fc54442bec3def470a3760a4f7b2709f6a,/path/to/PETS-FFT-Ablation/results/final_unconditional_main_v1/evaluators/AirQuality/T256/ts2vec_seed_0.pt,1.4459857940673828,1
PETS-U,AirQuality,256,0,100003,context_fid,42,3.494206731677701,True,4096,763f03006b43ade6ea1a2dab673228b628a027e58a379e6eb9a5ef91fedd89f9,172f4549658b6db49649fc6cd533f8fc54442bec3def470a3760a4f7b2709f6a,/path/to/PETS-FFT-Ablation/results/final_unconditional_main_v1/evaluators/AirQuality/T256/ts2vec_seed_42.pt,1.5004527568817139,2
PETS-U,AirQuality,256,0,100003,context_fid,123,2.838470598255382,True,4096,763f03006b43ade6ea1a2dab673228b628a027e58a379e6eb9a5ef91fedd89f9,172f4549658b6db49649fc6cd533f8fc54442bec3def470a3760a4f7b2709f6a,/path/to/PETS-FFT-Ablation/results/final_unconditional_main_v1/evaluators/AirQuality/T256/ts2vec_seed_123.pt,1.5316376686096191,1
PETS-U,AirQuality,256,0,100004,context_fid,0,3.1036141431992004,True,4096,763f03006b43ade6ea1a2dab673228b628a027e58a379e6eb9a5ef91fedd89f9,36641fdc0dae019ade148f495cfb6e0d82083977bf29f7f9a5b085ef29463e43,/path/to/PETS-FFT-Ablation/results/final_unconditional_main_v1/evaluators/AirQuality/T256/ts2vec_seed_0.pt,1.3043642044067383,0
PETS-U,AirQuality,256,0,100004,context_fid,42,3.52846682836177,True,4096,763f03006b43ade6ea1a2dab673228b628a027e58a379e6eb9a5ef91fedd89f9,36641fdc0dae019ade148f495cfb6e0d82083977bf29f7f9a5b085ef29463e43,/path/to/PETS-FFT-Ablation/results/final_unconditional_main_v1/evaluators/AirQuality/T256/ts2vec_seed_42.pt,1.4348204135894775,2
PETS-U,AirQuality,256,0,100004,context_fid,123,2.795052644423108,True,4096,763f03006b43ade6ea1a2dab673228b628a027e58a379e6eb9a5ef91fedd89f9,36641fdc0dae019ade148f495cfb6e0d82083977bf29f7f9a5b085ef29463e43,/path/to/PETS-FFT-Ablation/results/final_unconditional_main_v1/evaluators/AirQuality/T256/ts2vec_seed_123.pt,1.4645705223083496,1
PETS-U,AirQuality,256,42,100000,context_fid,0,0.8782483018284563,True,4096,763f03006b43ade6ea1a2dab673228b628a027e58a379e6eb9a5ef91fedd89f9,fcfd3ad612ed59701c3531d82cdf2fea540f945c3183e32101c93a8e9a3bd9c4,/path/to/PETS-FFT-Ablation/results/final_unconditional_main_v1/evaluators/AirQuality/T256/ts2vec_seed_0.pt,1.287245273590088,0
PETS-U,AirQuality,256,42,100000,context_fid,42,0.9098479346320854,True,4096,763f03006b43ade6ea1a2dab673228b628a027e58a379e6eb9a5ef91fedd89f9,fcfd3ad612ed59701c3531d82cdf2fea540f945c3183e32101c93a8e9a3bd9c4,/path/to/PETS-FFT-Ablation/results/final_unconditional_main_v1/evaluators/AirQuality/T256/ts2vec_seed_42.pt,1.609717607498169,2
PETS-U,AirQuality,256,42,100000,context_fid,123,0.8433353405278208,True,4096,763f03006b43ade6ea1a2dab673228b628a027e58a379e6eb9a5ef91fedd89f9,fcfd3ad612ed59701c3531d82cdf2fea540f945c3183e32101c93a8e9a3bd9c4,/path/to/PETS-FFT-Ablation/results/final_unconditional_main_v1/evaluators/AirQuality/T256/ts2vec_seed_123.pt,1.524993896484375,1
PETS-U,AirQuality,256,42,100001,context_fid,0,0.8753838957401275,True,4096,763f03006b43ade6ea1a2dab673228b628a027e58a379e6eb9a5ef91fedd89f9,6dfb520ad11a34e1ad0ae2fe7bf402edc1f1c1620bf770b2198b3c996865c01c,/path/to/PETS-FFT-Ablation/results/final_unconditional_main_v1/evaluators/AirQuality/T256/ts2vec_seed_0.pt,1.4885571002960205,0
PETS-U,AirQuality,256,42,100001,context_fid,42,0.9023932914826837,True,4096,763f03006b43ade6ea1a2dab673228b628a027e58a379e6eb9a5ef91fedd89f9,6dfb520ad11a34e1ad0ae2fe7bf402edc1f1c1620bf770b2198b3c996865c01c,/path/to/PETS-FFT-Ablation/results/final_unconditional_main_v1/evaluators/AirQuality/T256/ts2vec_seed_42.pt,1.442229986190796,0
PETS-U,AirQuality,256,42,100001,context_fid,123,0.8347745110000658,True,4096,763f03006b43ade6ea1a2dab673228b628a027e58a379e6eb9a5ef91fedd89f9,6dfb520ad11a34e1ad0ae2fe7bf402edc1f1c1620bf770b2198b3c996865c01c,/path/to/PETS-FFT-Ablation/results/final_unconditional_main_v1/evaluators/AirQuality/T256/ts2vec_seed_123.pt,1.4292542934417725,0
PETS-U,AirQuality,256,42,100002,context_fid,0,0.8777404255467809,True,4096,763f03006b43ade6ea1a2dab673228b628a027e58a379e6eb9a5ef91fedd89f9,3f2e8ac6982ca5b3931b1fe8fc0eba66f40020193e43693e27e887280118dcbf,/path/to/PETS-FFT-Ablation/results/final_unconditional_main_v1/evaluators/AirQuality/T256/ts2vec_seed_0.pt,1.460421085357666,2
PETS-U,AirQuality,256,42,100002,context_fid,42,0.8960933303141039,True,4096,763f03006b43ade6ea1a2dab673228b628a027e58a379e6eb9a5ef91fedd89f9,3f2e8ac6982ca5b3931b1fe8fc0eba66f40020193e43693e27e887280118dcbf,/path/to/PETS-FFT-Ablation/results/final_unconditional_main_v1/evaluators/AirQuality/T256/ts2vec_seed_42.pt,1.4431359767913818,2
PETS-U,AirQuality,256,42,100002,context_fid,123,0.8382790819836353,True,4096,763f03006b43ade6ea1a2dab673228b628a027e58a379e6eb9a5ef91fedd89f9,3f2e8ac6982ca5b3931b1fe8fc0eba66f40020193e43693e27e887280118dcbf,/path/to/PETS-FFT-Ablation/results/final_unconditional_main_v1/evaluators/AirQuality/T256/ts2vec_seed_123.pt,1.529480218887329,2
PETS-U,AirQuality,256,42,100003,context_fid,0,0.8827996678460874,True,4096,763f03006b43ade6ea1a2dab673228b628a027e58a379e6eb9a5ef91fedd89f9,a49cca1309106eba5a37bfefeb70323184245401362ea8a0d89368cbf3110a32,/path/to/PETS-FFT-Ablation/results/final_unconditional_main_v1/evaluators/AirQuality/T256/ts2vec_seed_0.pt,1.3871395587921143,0
PETS-U,AirQuality,256,42,100003,context_fid,42,0.9066693534200115,True,4096,763f03006b43ade6ea1a2dab673228b628a027e58a379e6eb9a5ef91fedd89f9,a49cca1309106eba5a37bfefeb70323184245401362ea8a0d89368cbf3110a32,/path/to/PETS-FFT-Ablation/results/final_unconditional_main_v1/evaluators/AirQuality/T256/ts2vec_seed_42.pt,1.436155080795288,0
PETS-U,AirQuality,256,42,100003,context_fid,123,0.8490904845604635,True,4096,763f03006b43ade6ea1a2dab673228b628a027e58a379e6eb9a5ef91fedd89f9,a49cca1309106eba5a37bfefeb70323184245401362ea8a0d89368cbf3110a32,/path/to/PETS-FFT-Ablation/results/final_unconditional_main_v1/evaluators/AirQuality/T256/ts2vec_seed_123.pt,1.4068222045898438,0
PETS-U,AirQuality,256,42,100004,context_fid,0,0.885119125082162,True,4096,763f03006b43ade6ea1a2dab673228b628a027e58a379e6eb9a5ef91fedd89f9,7092dfac09844d22a891a3a77f0baff9b4e3fe466afde7745d53f4261edb18e6,/path/to/PETS-FFT-Ablation/results/final_unconditional_main_v1/evaluators/AirQuality/T256/ts2vec_seed_0.pt,1.349984884262085,0
PETS-U,AirQuality,256,42,100004,context_fid,42,0.9097748916958754,True,4096,763f03006b43ade6ea1a2dab673228b628a027e58a379e6eb9a5ef91fedd89f9,7092dfac09844d22a891a3a77f0baff9b4e3fe466afde7745d53f4261edb18e6,/path/to/PETS-FFT-Ablation/results/final_unconditional_main_v1/evaluators/AirQuality/T256/ts2vec_seed_42.pt,1.427264928817749,0
PETS-U,AirQuality,256,42,100004,context_fid,123,0.8459016216247733,True,4096,763f03006b43ade6ea1a2dab673228b628a027e58a379e6eb9a5ef91fedd89f9,7092dfac09844d22a891a3a77f0baff9b4e3fe466afde7745d53f4261edb18e6,/path/to/PETS-FFT-Ablation/results/final_unconditional_main_v1/evaluators/AirQuality/T256/ts2vec_seed_123.pt,1.373528003692627,0
PETS-U,AirQuality,256,123,100000,context_fid,0,1.0306839284966478,True,4096,763f03006b43ade6ea1a2dab673228b628a027e58a379e6eb9a5ef91fedd89f9,153f427e7f2a388a598df5601e13410a61163a0375088c84195a95640c83c100,/path/to/PETS-FFT-Ablation/results/final_unconditional_main_v1/evaluators/AirQuality/T256/ts2vec_seed_0.pt,1.423506259918213,2
PETS-U,AirQuality,256,123,100000,context_fid,42,1.1566404422232806,True,4096,763f03006b43ade6ea1a2dab673228b628a027e58a379e6eb9a5ef91fedd89f9,153f427e7f2a388a598df5601e13410a61163a0375088c84195a95640c83c100,/path/to/PETS-FFT-Ablation/results/final_unconditional_main_v1/evaluators/AirQuality/T256/ts2vec_seed_42.pt,1.6796448230743408,2
PETS-U,AirQuality,256,123,100000,context_fid,123,0.9851915383280627,True,4096,763f03006b43ade6ea1a2dab673228b628a027e58a379e6eb9a5ef91fedd89f9,153f427e7f2a388a598df5601e13410a61163a0375088c84195a95640c83c100,/path/to/PETS-FFT-Ablation/results/final_unconditional_main_v1/evaluators/AirQuality/T256/ts2vec_seed_123.pt,1.3281960487365723,0
PETS-U,AirQuality,256,123,100001,context_fid,0,1.1086694969102666,True,4096,763f03006b43ade6ea1a2dab673228b628a027e58a379e6eb9a5ef91fedd89f9,cfc428d986757248b8c0be4f1a4a8eb0cc38ce0ca576476b146179bb256330d5,/path/to/PETS-FFT-Ablation/results/final_unconditional_main_v1/evaluators/AirQuality/T256/ts2vec_seed_0.pt,1.3744659423828125,0
PETS-U,AirQuality,256,123,100001,context_fid,42,1.239835599629554,True,4096,763f03006b43ade6ea1a2dab673228b628a027e58a379e6eb9a5ef91fedd89f9,cfc428d986757248b8c0be4f1a4a8eb0cc38ce0ca576476b146179bb256330d5,/path/to/PETS-FFT-Ablation/results/final_unconditional_main_v1/evaluators/AirQuality/T256/ts2vec_seed_42.pt,1.3804373741149902,0
PETS-U,AirQuality,256,123,100001,context_fid,123,1.0447008345572733,True,4096,763f03006b43ade6ea1a2dab673228b628a027e58a379e6eb9a5ef91fedd89f9,cfc428d986757248b8c0be4f1a4a8eb0cc38ce0ca576476b146179bb256330d5,/path/to/PETS-FFT-Ablation/results/final_unconditional_main_v1/evaluators/AirQuality/T256/ts2vec_seed_123.pt,1.4013359546661377,1
PETS-U,AirQuality,256,123,100002,context_fid,0,1.1635012642793017,True,4096,763f03006b43ade6ea1a2dab673228b628a027e58a379e6eb9a5ef91fedd89f9,577750aff2432c27195e61dbe9f1741fcae7da28880665bd6ccacd95be3728ab,/path/to/PETS-FFT-Ablation/results/final_unconditional_main_v1/evaluators/AirQuality/T256/ts2vec_seed_0.pt,1.4136130809783936,0
PETS-U,AirQuality,256,123,100002,context_fid,42,1.3161958052142433,True,4096,763f03006b43ade6ea1a2dab673228b628a027e58a379e6eb9a5ef91fedd89f9,577750aff2432c27195e61dbe9f1741fcae7da28880665bd6ccacd95be3728ab,/path/to/PETS-FFT-Ablation/results/final_unconditional_main_v1/evaluators/AirQuality/T256/ts2vec_seed_42.pt,1.321674108505249,0
PETS-U,AirQuality,256,123,100002,context_fid,123,1.1045957760086287,True,4096,763f03006b43ade6ea1a2dab673228b628a027e58a379e6eb9a5ef91fedd89f9,577750aff2432c27195e61dbe9f1741fcae7da28880665bd6ccacd95be3728ab,/path/to/PETS-FFT-Ablation/results/final_unconditional_main_v1/evaluators/AirQuality/T256/ts2vec_seed_123.pt,1.4033498764038086,2
PETS-U,AirQuality,256,123,100003,context_fid,0,1.0033682388427752,True,4096,763f03006b43ade6ea1a2dab673228b628a027e58a379e6eb9a5ef91fedd89f9,e6e46ee82fcf9bdb56313de4ab97bb3c727b2a6162f0754eee079a6603bb58a0,/path/to/PETS-FFT-Ablation/results/final_unconditional_main_v1/evaluators/AirQuality/T256/ts2vec_seed_0.pt,1.2985060214996338,0
PETS-U,AirQuality,256,123,100003,context_fid,42,1.1267412403340598,True,4096,763f03006b43ade6ea1a2dab673228b628a027e58a379e6eb9a5ef91fedd89f9,e6e46ee82fcf9bdb56313de4ab97bb3c727b2a6162f0754eee079a6603bb58a0,/path/to/PETS-FFT-Ablation/results/final_unconditional_main_v1/evaluators/AirQuality/T256/ts2vec_seed_42.pt,1.585371732711792,0
PETS-U,AirQuality,256,123,100003,context_fid,123,0.9554408325491838,True,4096,763f03006b43ade6ea1a2dab673228b628a027e58a379e6eb9a5ef91fedd89f9,e6e46ee82fcf9bdb56313de4ab97bb3c727b2a6162f0754eee079a6603bb58a0,/path/to/PETS-FFT-Ablation/results/final_unconditional_main_v1/evaluators/AirQuality/T256/ts2vec_seed_123.pt,1.37078857421875,0
PETS-U,AirQuality,256,123,100004,context_fid,0,1.0685279410180684,True,4096,763f03006b43ade6ea1a2dab673228b628a027e58a379e6eb9a5ef91fedd89f9,2c13047b0397a807ce3a708a739a5903dbde615ab9b0812c8d7b2781068c2737,/path/to/PETS-FFT-Ablation/results/final_unconditional_main_v1/evaluators/AirQuality/T256/ts2vec_seed_0.pt,1.3915627002716064,2
PETS-U,AirQuality,256,123,100004,context_fid,42,1.2012377913421681,True,4096,763f03006b43ade6ea1a2dab673228b628a027e58a379e6eb9a5ef91fedd89f9,2c13047b0397a807ce3a708a739a5903dbde615ab9b0812c8d7b2781068c2737,/path/to/PETS-FFT-Ablation/results/final_unconditional_main_v1/evaluators/AirQuality/T256/ts2vec_seed_42.pt,1.4468600749969482,2
PETS-U,AirQuality,256,123,100004,context_fid,123,1.0255582350468009,True,4096,763f03006b43ade6ea1a2dab673228b628a027e58a379e6eb9a5ef91fedd89f9,2c13047b0397a807ce3a708a739a5903dbde615ab9b0812c8d7b2781068c2737,/path/to/PETS-FFT-Ablation/results/final_unconditional_main_v1/evaluators/AirQuality/T256/ts2vec_seed_123.pt,1.4386780261993408,0
Diffusion-TS,ETTh,64,0,100000,context_fid,0,0.31895473693740206,True,4096,cdc35aa47ea833d7d776683628a7cc1b1aac76f389b2775c001a5f99adfe98bf,cf2fba45e47417a2e8ad43a8106c7dcb09a4d2263f7d4ce53eadd31c15056c19,/path/to/PETS-FFT-Ablation/results/final_unconditional_main_v1/evaluators/ETTh/T64/ts2vec_seed_0.pt,1.2818119525909424,1
Diffusion-TS,ETTh,64,0,100000,context_fid,42,0.29663286552749585,True,4096,cdc35aa47ea833d7d776683628a7cc1b1aac76f389b2775c001a5f99adfe98bf,cf2fba45e47417a2e8ad43a8106c7dcb09a4d2263f7d4ce53eadd31c15056c19,/path/to/PETS-FFT-Ablation/results/final_unconditional_main_v1/evaluators/ETTh/T64/ts2vec_seed_42.pt,1.3453528881072998,2
Diffusion-TS,ETTh,64,0,100000,context_fid,123,0.2965508244346513,True,4096,cdc35aa47ea833d7d776683628a7cc1b1aac76f389b2775c001a5f99adfe98bf,cf2fba45e47417a2e8ad43a8106c7dcb09a4d2263f7d4ce53eadd31c15056c19,/path/to/PETS-FFT-Ablation/results/final_unconditional_main_v1/evaluators/ETTh/T64/ts2vec_seed_123.pt,1.4067473411560059,1
Diffusion-TS,ETTh,64,0,100001,context_fid,0,0.32127408260981144,True,4096,cdc35aa47ea833d7d776683628a7cc1b1aac76f389b2775c001a5f99adfe98bf,4f8ad149305de8de585d86a186b73d50cc9a5ed066e8d1e078a94a384afbb892,/path/to/PETS-FFT-Ablation/results/final_unconditional_main_v1/evaluators/ETTh/T64/ts2vec_seed_0.pt,1.3080604076385498,2
Diffusion-TS,ETTh,64,0,100001,context_fid,42,0.30102979487375997,True,4096,cdc35aa47ea833d7d776683628a7cc1b1aac76f389b2775c001a5f99adfe98bf,4f8ad149305de8de585d86a186b73d50cc9a5ed066e8d1e078a94a384afbb892,/path/to/PETS-FFT-Ablation/results/final_unconditional_main_v1/evaluators/ETTh/T64/ts2vec_seed_42.pt,1.4215388298034668,0
Diffusion-TS,ETTh,64,0,100001,context_fid,123,0.29692223690803987,True,4096,cdc35aa47ea833d7d776683628a7cc1b1aac76f389b2775c001a5f99adfe98bf,4f8ad149305de8de585d86a186b73d50cc9a5ed066e8d1e078a94a384afbb892,/path/to/PETS-FFT-Ablation/results/final_unconditional_main_v1/evaluators/ETTh/T64/ts2vec_seed_123.pt,1.4370412826538086,2
Diffusion-TS,ETTh,64,0,100002,context_fid,0,0.3521670866150467,True,4096,cdc35aa47ea833d7d776683628a7cc1b1aac76f389b2775c001a5f99adfe98bf,484dd8cf63a592f1500f00e3b26bc1e4c4d4a8a1266b970e82b66550788a9577,/path/to/PETS-FFT-Ablation/results/final_unconditional_main_v1/evaluators/ETTh/T64/ts2vec_seed_0.pt,1.3380334377288818,2
Diffusion-TS,ETTh,64,0,100002,context_fid,42,0.3256797250266274,True,4096,cdc35aa47ea833d7d776683628a7cc1b1aac76f389b2775c001a5f99adfe98bf,484dd8cf63a592f1500f00e3b26bc1e4c4d4a8a1266b970e82b66550788a9577,/path/to/PETS-FFT-Ablation/results/final_unconditional_main_v1/evaluators/ETTh/T64/ts2vec_seed_42.pt,1.4634778499603271,2
Diffusion-TS,ETTh,64,0,100002,context_fid,123,0.32694286094023406,True,4096,cdc35aa47ea833d7d776683628a7cc1b1aac76f389b2775c001a5f99adfe98bf,484dd8cf63a592f1500f00e3b26bc1e4c4d4a8a1266b970e82b66550788a9577,/path/to/PETS-FFT-Ablation/results/final_unconditional_main_v1/evaluators/ETTh/T64/ts2vec_seed_123.pt,1.495236873626709,2
Diffusion-TS,ETTh,64,0,100003,context_fid,0,0.3106335447496903,True,4096,cdc35aa47ea833d7d776683628a7cc1b1aac76f389b2775c001a5f99adfe98bf,9b7b6ee7020e94c2b61b3e0654ac1f86109dd89895bff209e374208dd76012f3,/path/to/PETS-FFT-Ablation/results/final_unconditional_main_v1/evaluators/ETTh/T64/ts2vec_seed_0.pt,1.2564222812652588,2
Diffusion-TS,ETTh,64,0,100003,context_fid,42,0.2843271086354293,True,4096,cdc35aa47ea833d7d776683628a7cc1b1aac76f389b2775c001a5f99adfe98bf,9b7b6ee7020e94c2b61b3e0654ac1f86109dd89895bff209e374208dd76012f3,/path/to/PETS-FFT-Ablation/results/final_unconditional_main_v1/evaluators/ETTh/T64/ts2vec_seed_42.pt,1.2633800506591797,0
Diffusion-TS,ETTh,64,0,100003,context_fid,123,0.28775839322869967,True,4096,cdc35aa47ea833d7d776683628a7cc1b1aac76f389b2775c001a5f99adfe98bf,9b7b6ee7020e94c2b61b3e0654ac1f86109dd89895bff209e374208dd76012f3,/path/to/PETS-FFT-Ablation/results/final_unconditional_main_v1/evaluators/ETTh/T64/ts2vec_seed_123.pt,1.4245569705963135,1
Diffusion-TS,ETTh,64,0,100004,context_fid,0,0.3132009997630027,True,4096,cdc35aa47ea833d7d776683628a7cc1b1aac76f389b2775c001a5f99adfe98bf,54677f91f54e83603271d07dcc54c721fe30a384b547e3ada04278e5da0c5a1a,/path/to/PETS-FFT-Ablation/results/final_unconditional_main_v1/evaluators/ETTh/T64/ts2vec_seed_0.pt,1.3550612926483154,1
Diffusion-TS,ETTh,64,0,100004,context_fid,42,0.2899138719215758,True,4096,cdc35aa47ea833d7d776683628a7cc1b1aac76f389b2775c001a5f99adfe98bf,54677f91f54e83603271d07dcc54c721fe30a384b547e3ada04278e5da0c5a1a,/path/to/PETS-FFT-Ablation/results/final_unconditional_main_v1/evaluators/ETTh/T64/ts2vec_seed_42.pt,1.4947717189788818,2
Diffusion-TS,ETTh,64,0,100004,context_fid,123,0.29301643031496044,True,4096,cdc35aa47ea833d7d776683628a7cc1b1aac76f389b2775c001a5f99adfe98bf,54677f91f54e83603271d07dcc54c721fe30a384b547e3ada04278e5da0c5a1a,/path/to/PETS-FFT-Ablation/results/final_unconditional_main_v1/evaluators/ETTh/T64/ts2vec_seed_123.pt,2.1120212078094482,1
Diffusion-TS,ETTh,64,42,100000,context_fid,0,0.33985308062376945,True,4096,cdc35aa47ea833d7d776683628a7cc1b1aac76f389b2775c001a5f99adfe98bf,b6aca45e73a46925e7057a700477251b834abc13d04a1d2dac90396e2b6fc17e,/path/to/PETS-FFT-Ablation/results/final_unconditional_main_v1/evaluators/ETTh/T64/ts2vec_seed_0.pt,1.3228704929351807,2
Diffusion-TS,ETTh,64,42,100000,context_fid,42,0.3155671683960555,True,4096,cdc35aa47ea833d7d776683628a7cc1b1aac76f389b2775c001a5f99adfe98bf,b6aca45e73a46925e7057a700477251b834abc13d04a1d2dac90396e2b6fc17e,/path/to/PETS-FFT-Ablation/results/final_unconditional_main_v1/evaluators/ETTh/T64/ts2vec_seed_42.pt,1.406287670135498,2
Diffusion-TS,ETTh,64,42,100000,context_fid,123,0.3143707557043532,True,4096,cdc35aa47ea833d7d776683628a7cc1b1aac76f389b2775c001a5f99adfe98bf,b6aca45e73a46925e7057a700477251b834abc13d04a1d2dac90396e2b6fc17e,/path/to/PETS-FFT-Ablation/results/final_unconditional_main_v1/evaluators/ETTh/T64/ts2vec_seed_123.pt,1.3389055728912354,2
Diffusion-TS,ETTh,64,42,100001,context_fid,0,0.3410583999455856,True,4096,cdc35aa47ea833d7d776683628a7cc1b1aac76f389b2775c001a5f99adfe98bf,ac3faeae757c8fc5a34dc51cd1fedfb3b40783a180484c7d864a5a63a6a09d8e,/path/to/PETS-FFT-Ablation/results/final_unconditional_main_v1/evaluators/ETTh/T64/ts2vec_seed_0.pt,1.2969908714294434,1
Diffusion-TS,ETTh,64,42,100001,context_fid,42,0.3173708694094869,True,4096,cdc35aa47ea833d7d776683628a7cc1b1aac76f389b2775c001a5f99adfe98bf,ac3faeae757c8fc5a34dc51cd1fedfb3b40783a180484c7d864a5a63a6a09d8e,/path/to/PETS-FFT-Ablation/results/final_unconditional_main_v1/evaluators/ETTh/T64/ts2vec_seed_42.pt,1.871401071548462,1
Diffusion-TS,ETTh,64,42,100001,context_fid,123,0.3069347673218853,True,4096,cdc35aa47ea833d7d776683628a7cc1b1aac76f389b2775c001a5f99adfe98bf,ac3faeae757c8fc5a34dc51cd1fedfb3b40783a180484c7d864a5a63a6a09d8e,/path/to/PETS-FFT-Ablation/results/final_unconditional_main_v1/evaluators/ETTh/T64/ts2vec_seed_123.pt,1.760763168334961,0
Diffusion-TS,ETTh,64,42,100002,context_fid,0,0.35478316899464335,True,4096,cdc35aa47ea833d7d776683628a7cc1b1aac76f389b2775c001a5f99adfe98bf,194780308122a1abdfd1e214950563fc372fac3a877ad79cd48d3e2e315639f2,/path/to/PETS-FFT-Ablation/results/final_unconditional_main_v1/evaluators/ETTh/T64/ts2vec_seed_0.pt,1.367307424545288,0
Diffusion-TS,ETTh,64,42,100002,context_fid,42,0.32315470900926296,True,4096,cdc35aa47ea833d7d776683628a7cc1b1aac76f389b2775c001a5f99adfe98bf,194780308122a1abdfd1e214950563fc372fac3a877ad79cd48d3e2e315639f2,/path/to/PETS-FFT-Ablation/results/final_unconditional_main_v1/evaluators/ETTh/T64/ts2vec_seed_42.pt,1.2968165874481201,0
Diffusion-TS,ETTh,64,42,100002,context_fid,123,0.3141572091248102,True,4096,cdc35aa47ea833d7d776683628a7cc1b1aac76f389b2775c001a5f99adfe98bf,194780308122a1abdfd1e214950563fc372fac3a877ad79cd48d3e2e315639f2,/path/to/PETS-FFT-Ablation/results/final_unconditional_main_v1/evaluators/ETTh/T64/ts2vec_seed_123.pt,1.308809757232666,2
Diffusion-TS,ETTh,64,42,100003,context_fid,0,0.34341218384016414,True,4096,cdc35aa47ea833d7d776683628a7cc1b1aac76f389b2775c001a5f99adfe98bf,b16cfe65d2cf7a533855ac894a125638ac1f55a5650b1c49447c66d728c1e162,/path/to/PETS-FFT-Ablation/results/final_unconditional_main_v1/evaluators/ETTh/T64/ts2vec_seed_0.pt,1.276592493057251,0
Diffusion-TS,ETTh,64,42,100003,context_fid,42,0.31628805523030823,True,4096,cdc35aa47ea833d7d776683628a7cc1b1aac76f389b2775c001a5f99adfe98bf,b16cfe65d2cf7a533855ac894a125638ac1f55a5650b1c49447c66d728c1e162,/path/to/PETS-FFT-Ablation/results/final_unconditional_main_v1/evaluators/ETTh/T64/ts2vec_seed_42.pt,1.3703956604003906,1
Diffusion-TS,ETTh,64,42,100003,context_fid,123,0.3156355591158847,True,4096,cdc35aa47ea833d7d776683628a7cc1b1aac76f389b2775c001a5f99adfe98bf,b16cfe65d2cf7a533855ac894a125638ac1f55a5650b1c49447c66d728c1e162,/path/to/PETS-FFT-Ablation/results/final_unconditional_main_v1/evaluators/ETTh/T64/ts2vec_seed_123.pt,1.4236340522766113,0
Diffusion-TS,ETTh,64,42,100004,context_fid,0,0.3583335027236949,True,4096,cdc35aa47ea833d7d776683628a7cc1b1aac76f389b2775c001a5f99adfe98bf,bb70f0bcaadf586897b4bceff87f348cb9a3061d56a7e84d8ee1d4f7b5393b10,/path/to/PETS-FFT-Ablation/results/final_unconditional_main_v1/evaluators/ETTh/T64/ts2vec_seed_0.pt,1.2540175914764404,2
Diffusion-TS,ETTh,64,42,100004,context_fid,42,0.3322331320798575,True,4096,cdc35aa47ea833d7d776683628a7cc1b1aac76f389b2775c001a5f99adfe98bf,bb70f0bcaadf586897b4bceff87f348cb9a3061d56a7e84d8ee1d4f7b5393b10,/path/to/PETS-FFT-Ablation/results/final_unconditional_main_v1/evaluators/ETTh/T64/ts2vec_seed_42.pt,1.3357317447662354,1
Diffusion-TS,ETTh,64,42,100004,context_fid,123,0.32340974260078453,True,4096,cdc35aa47ea833d7d776683628a7cc1b1aac76f389b2775c001a5f99adfe98bf,bb70f0bcaadf586897b4bceff87f348cb9a3061d56a7e84d8ee1d4f7b5393b10,/path/to/PETS-FFT-Ablation/results/final_unconditional_main_v1/evaluators/ETTh/T64/ts2vec_seed_123.pt,1.4017112255096436,2
Diffusion-TS,ETTh,64,123,100000,context_fid,0,0.297166244450384,True,4096,cdc35aa47ea833d7d776683628a7cc1b1aac76f389b2775c001a5f99adfe98bf,43c63ec892a604987d5e5c26c1b2403da69e1f6c940c4adaec277bf38c522ed2,/path/to/PETS-FFT-Ablation/results/final_unconditional_main_v1/evaluators/ETTh/T64/ts2vec_seed_0.pt,1.3888192176818848,0
Diffusion-TS,ETTh,64,123,100000,context_fid,42,0.2836934958816253,True,4096,cdc35aa47ea833d7d776683628a7cc1b1aac76f389b2775c001a5f99adfe98bf,43c63ec892a604987d5e5c26c1b2403da69e1f6c940c4adaec277bf38c522ed2,/path/to/PETS-FFT-Ablation/results/final_unconditional_main_v1/evaluators/ETTh/T64/ts2vec_seed_42.pt,1.3158912658691406,0
Diffusion-TS,ETTh,64,123,100000,context_fid,123,0.27483313034862683,True,4096,cdc35aa47ea833d7d776683628a7cc1b1aac76f389b2775c001a5f99adfe98bf,43c63ec892a604987d5e5c26c1b2403da69e1f6c940c4adaec277bf38c522ed2,/path/to/PETS-FFT-Ablation/results/final_unconditional_main_v1/evaluators/ETTh/T64/ts2vec_seed_123.pt,1.3577539920806885,1
Diffusion-TS,ETTh,64,123,100001,context_fid,0,0.28065066796782434,True,4096,cdc35aa47ea833d7d776683628a7cc1b1aac76f389b2775c001a5f99adfe98bf,6d7656e0f4715333e2f11ae229fdb27ad7c24050cb04dca7d63bc4eb2f4dbf88,/path/to/PETS-FFT-Ablation/results/final_unconditional_main_v1/evaluators/ETTh/T64/ts2vec_seed_0.pt,1.2414240837097168,1
Diffusion-TS,ETTh,64,123,100001,context_fid,42,0.2662308433547369,True,4096,cdc35aa47ea833d7d776683628a7cc1b1aac76f389b2775c001a5f99adfe98bf,6d7656e0f4715333e2f11ae229fdb27ad7c24050cb04dca7d63bc4eb2f4dbf88,/path/to/PETS-FFT-Ablation/results/final_unconditional_main_v1/evaluators/ETTh/T64/ts2vec_seed_42.pt,1.3879759311676025,0
Diffusion-TS,ETTh,64,123,100001,context_fid,123,0.2616742061416033,True,4096,cdc35aa47ea833d7d776683628a7cc1b1aac76f389b2775c001a5f99adfe98bf,6d7656e0f4715333e2f11ae229fdb27ad7c24050cb04dca7d63bc4eb2f4dbf88,/path/to/PETS-FFT-Ablation/results/final_unconditional_main_v1/evaluators/ETTh/T64/ts2vec_seed_123.pt,1.3924589157104492,2
Diffusion-TS,ETTh,64,123,100002,context_fid,0,0.33501546319166225,True,4096,cdc35aa47ea833d7d776683628a7cc1b1aac76f389b2775c001a5f99adfe98bf,9ffc48afa9c07a01e30ce02b5bff5765c2d12d86ea89bbe9d0777713e17fa8cc,/path/to/PETS-FFT-Ablation/results/final_unconditional_main_v1/evaluators/ETTh/T64/ts2vec_seed_0.pt,1.2569818496704102,2
Diffusion-TS,ETTh,64,123,100002,context_fid,42,0.3211661103143064,True,4096,cdc35aa47ea833d7d776683628a7cc1b1aac76f389b2775c001a5f99adfe98bf,9ffc48afa9c07a01e30ce02b5bff5765c2d12d86ea89bbe9d0777713e17fa8cc,/path/to/PETS-FFT-Ablation/results/final_unconditional_main_v1/evaluators/ETTh/T64/ts2vec_seed_42.pt,1.4765732288360596,1
Diffusion-TS,ETTh,64,123,100002,context_fid,123,0.3109271807189524,True,4096,cdc35aa47ea833d7d776683628a7cc1b1aac76f389b2775c001a5f99adfe98bf,9ffc48afa9c07a01e30ce02b5bff5765c2d12d86ea89bbe9d0777713e17fa8cc,/path/to/PETS-FFT-Ablation/results/final_unconditional_main_v1/evaluators/ETTh/T64/ts2vec_seed_123.pt,1.3040134906768799,0
Diffusion-TS,ETTh,64,123,100003,context_fid,0,0.2781805912439703,True,4096,cdc35aa47ea833d7d776683628a7cc1b1aac76f389b2775c001a5f99adfe98bf,08775f3ddf0ec28ca362b00fba0c6a0403869fae405fb6e10ab58c3d9c38a66a,/path/to/PETS-FFT-Ablation/results/final_unconditional_main_v1/evaluators/ETTh/T64/ts2vec_seed_0.pt,1.4309470653533936,2
Diffusion-TS,ETTh,64,123,100003,context_fid,42,0.263022432752409,True,4096,cdc35aa47ea833d7d776683628a7cc1b1aac76f389b2775c001a5f99adfe98bf,08775f3ddf0ec28ca362b00fba0c6a0403869fae405fb6e10ab58c3d9c38a66a,/path/to/PETS-FFT-Ablation/results/final_unconditional_main_v1/evaluators/ETTh/T64/ts2vec_seed_42.pt,1.3964033126831055,1
Diffusion-TS,ETTh,64,123,100003,context_fid,123,0.2569939964670102,True,4096,cdc35aa47ea833d7d776683628a7cc1b1aac76f389b2775c001a5f99adfe98bf,08775f3ddf0ec28ca362b00fba0c6a0403869fae405fb6e10ab58c3d9c38a66a,/path/to/PETS-FFT-Ablation/results/final_unconditional_main_v1/evaluators/ETTh/T64/ts2vec_seed_123.pt,1.3698582649230957,2
Diffusion-TS,ETTh,64,123,100004,context_fid,0,0.3284817312765107,True,4096,cdc35aa47ea833d7d776683628a7cc1b1aac76f389b2775c001a5f99adfe98bf,996e1e573a4de3915814a9347e560be7c7e72e9f67fb5106052fcd3a1ef0aec8,/path/to/PETS-FFT-Ablation/results/final_unconditional_main_v1/evaluators/ETTh/T64/ts2vec_seed_0.pt,1.3042497634887695,1
Diffusion-TS,ETTh,64,123,100004,context_fid,42,0.3145204698523022,True,4096,cdc35aa47ea833d7d776683628a7cc1b1aac76f389b2775c001a5f99adfe98bf,996e1e573a4de3915814a9347e560be7c7e72e9f67fb5106052fcd3a1ef0aec8,/path/to/PETS-FFT-Ablation/results/final_unconditional_main_v1/evaluators/ETTh/T64/ts2vec_seed_42.pt,1.308868169784546,0
Diffusion-TS,ETTh,64,123,100004,context_fid,123,0.30677573523559176,True,4096,cdc35aa47ea833d7d776683628a7cc1b1aac76f389b2775c001a5f99adfe98bf,996e1e573a4de3915814a9347e560be7c7e72e9f67fb5106052fcd3a1ef0aec8,/path/to/PETS-FFT-Ablation/results/final_unconditional_main_v1/evaluators/ETTh/T64/ts2vec_seed_123.pt,1.8422126770019531,1
PETS-U,ETTh,64,0,100000,context_fid,0,1.0122138188040481,True,4096,cdc35aa47ea833d7d776683628a7cc1b1aac76f389b2775c001a5f99adfe98bf,9e3cb06d5dc84fe4facb699a45cd304b7338f26c2e5aed2a1d3e6aff7e7a9ddc,/path/to/PETS-FFT-Ablation/results/final_unconditional_main_v1/evaluators/ETTh/T64/ts2vec_seed_0.pt,4.430586338043213,0
PETS-U,ETTh,64,0,100000,context_fid,42,0.9181582169325209,True,4096,cdc35aa47ea833d7d776683628a7cc1b1aac76f389b2775c001a5f99adfe98bf,9e3cb06d5dc84fe4facb699a45cd304b7338f26c2e5aed2a1d3e6aff7e7a9ddc,/path/to/PETS-FFT-Ablation/results/final_unconditional_main_v1/evaluators/ETTh/T64/ts2vec_seed_42.pt,4.4087440967559814,2
PETS-U,ETTh,64,0,100000,context_fid,123,0.8577680517095504,True,4096,cdc35aa47ea833d7d776683628a7cc1b1aac76f389b2775c001a5f99adfe98bf,9e3cb06d5dc84fe4facb699a45cd304b7338f26c2e5aed2a1d3e6aff7e7a9ddc,/path/to/PETS-FFT-Ablation/results/final_unconditional_main_v1/evaluators/ETTh/T64/ts2vec_seed_123.pt,4.467894077301025,1
PETS-U,ETTh,64,0,100001,context_fid,0,0.9178744328077276,True,4096,cdc35aa47ea833d7d776683628a7cc1b1aac76f389b2775c001a5f99adfe98bf,52321555f1e81681fb2280559877adc8ec6a6bf5da86f47dbc93446f7ba3bc78,/path/to/PETS-FFT-Ablation/results/final_unconditional_main_v1/evaluators/ETTh/T64/ts2vec_seed_0.pt,1.4683597087860107,2
PETS-U,ETTh,64,0,100001,context_fid,42,0.8314538450336366,True,4096,cdc35aa47ea833d7d776683628a7cc1b1aac76f389b2775c001a5f99adfe98bf,52321555f1e81681fb2280559877adc8ec6a6bf5da86f47dbc93446f7ba3bc78,/path/to/PETS-FFT-Ablation/results/final_unconditional_main_v1/evaluators/ETTh/T64/ts2vec_seed_42.pt,1.2181627750396729,0
PETS-U,ETTh,64,0,100001,context_fid,123,0.7822911894359058,True,4096,cdc35aa47ea833d7d776683628a7cc1b1aac76f389b2775c001a5f99adfe98bf,52321555f1e81681fb2280559877adc8ec6a6bf5da86f47dbc93446f7ba3bc78,/path/to/PETS-FFT-Ablation/results/final_unconditional_main_v1/evaluators/ETTh/T64/ts2vec_seed_123.pt,1.376460313796997,1
PETS-U,ETTh,64,0,100002,context_fid,0,0.9510030152586102,True,4096,cdc35aa47ea833d7d776683628a7cc1b1aac76f389b2775c001a5f99adfe98bf,8f07cc0d916598f648efb0646030e29d5003d9ab54691faa2b4f029d746583b0,/path/to/PETS-FFT-Ablation/results/final_unconditional_main_v1/evaluators/ETTh/T64/ts2vec_seed_0.pt,1.3856887817382812,1
PETS-U,ETTh,64,0,100002,context_fid,42,0.8682804077830173,True,4096,cdc35aa47ea833d7d776683628a7cc1b1aac76f389b2775c001a5f99adfe98bf,8f07cc0d916598f648efb0646030e29d5003d9ab54691faa2b4f029d746583b0,/path/to/PETS-FFT-Ablation/results/final_unconditional_main_v1/evaluators/ETTh/T64/ts2vec_seed_42.pt,1.5162696838378906,0
PETS-U,ETTh,64,0,100002,context_fid,123,0.813858548331928,True,4096,cdc35aa47ea833d7d776683628a7cc1b1aac76f389b2775c001a5f99adfe98bf,8f07cc0d916598f648efb0646030e29d5003d9ab54691faa2b4f029d746583b0,/path/to/PETS-FFT-Ablation/results/final_unconditional_main_v1/evaluators/ETTh/T64/ts2vec_seed_123.pt,1.810643196105957,2
PETS-U,ETTh,64,0,100003,context_fid,0,1.0602212786823806,True,4096,cdc35aa47ea833d7d776683628a7cc1b1aac76f389b2775c001a5f99adfe98bf,8bebd96342406289aed8c53ac40b749be745ba45e92789fd8d836c43cf796d29,/path/to/PETS-FFT-Ablation/results/final_unconditional_main_v1/evaluators/ETTh/T64/ts2vec_seed_0.pt,1.2184526920318604,0
PETS-U,ETTh,64,0,100003,context_fid,42,0.9548332079096086,True,4096,cdc35aa47ea833d7d776683628a7cc1b1aac76f389b2775c001a5f99adfe98bf,8bebd96342406289aed8c53ac40b749be745ba45e92789fd8d836c43cf796d29,/path/to/PETS-FFT-Ablation/results/final_unconditional_main_v1/evaluators/ETTh/T64/ts2vec_seed_42.pt,1.4508411884307861,1
PETS-U,ETTh,64,0,100003,context_fid,123,0.893904745214839,True,4096,cdc35aa47ea833d7d776683628a7cc1b1aac76f389b2775c001a5f99adfe98bf,8bebd96342406289aed8c53ac40b749be745ba45e92789fd8d836c43cf796d29,/path/to/PETS-FFT-Ablation/results/final_unconditional_main_v1/evaluators/ETTh/T64/ts2vec_seed_123.pt,1.5345635414123535,0
PETS-U,ETTh,64,0,100004,context_fid,0,0.9424654372138147,True,4096,cdc35aa47ea833d7d776683628a7cc1b1aac76f389b2775c001a5f99adfe98bf,2afabab467eea64405988d2bcd2f828cf83ff3672b866fc4ea38b8665c2baa58,/path/to/PETS-FFT-Ablation/results/final_unconditional_main_v1/evaluators/ETTh/T64/ts2vec_seed_0.pt,1.4022705554962158,0
PETS-U,ETTh,64,0,100004,context_fid,42,0.8522560512044761,True,4096,cdc35aa47ea833d7d776683628a7cc1b1aac76f389b2775c001a5f99adfe98bf,2afabab467eea64405988d2bcd2f828cf83ff3672b866fc4ea38b8665c2baa58,/path/to/PETS-FFT-Ablation/results/final_unconditional_main_v1/evaluators/ETTh/T64/ts2vec_seed_42.pt,1.4594290256500244,1
PETS-U,ETTh,64,0,100004,context_fid,123,0.8023517349830933,True,4096,cdc35aa47ea833d7d776683628a7cc1b1aac76f389b2775c001a5f99adfe98bf,2afabab467eea64405988d2bcd2f828cf83ff3672b866fc4ea38b8665c2baa58,/path/to/PETS-FFT-Ablation/results/final_unconditional_main_v1/evaluators/ETTh/T64/ts2vec_seed_123.pt,1.4663848876953125,0
PETS-U,ETTh,64,42,100000,context_fid,0,0.6642411491816891,True,4096,cdc35aa47ea833d7d776683628a7cc1b1aac76f389b2775c001a5f99adfe98bf,250db135e18a42a17009c0e3107173c1dab4ab25611052bd1f27b35dde127bae,/path/to/PETS-FFT-Ablation/results/final_unconditional_main_v1/evaluators/ETTh/T64/ts2vec_seed_0.pt,1.3197097778320312,2
PETS-U,ETTh,64,42,100000,context_fid,42,0.6026090441584736,True,4096,cdc35aa47ea833d7d776683628a7cc1b1aac76f389b2775c001a5f99adfe98bf,250db135e18a42a17009c0e3107173c1dab4ab25611052bd1f27b35dde127bae,/path/to/PETS-FFT-Ablation/results/final_unconditional_main_v1/evaluators/ETTh/T64/ts2vec_seed_42.pt,1.555138111114502,2
PETS-U,ETTh,64,42,100000,context_fid,123,0.5648759065895306,True,4096,cdc35aa47ea833d7d776683628a7cc1b1aac76f389b2775c001a5f99adfe98bf,250db135e18a42a17009c0e3107173c1dab4ab25611052bd1f27b35dde127bae,/path/to/PETS-FFT-Ablation/results/final_unconditional_main_v1/evaluators/ETTh/T64/ts2vec_seed_123.pt,1.5508677959442139,0
PETS-U,ETTh,64,42,100001,context_fid,0,0.7214073787464312,True,4096,cdc35aa47ea833d7d776683628a7cc1b1aac76f389b2775c001a5f99adfe98bf,33f42df6dbaf5041491fabd7a128fb5236d895e3eae95e37ddec9988f12b6d04,/path/to/PETS-FFT-Ablation/results/final_unconditional_main_v1/evaluators/ETTh/T64/ts2vec_seed_0.pt,1.2706024646759033,1
PETS-U,ETTh,64,42,100001,context_fid,42,0.659020995386625,True,4096,cdc35aa47ea833d7d776683628a7cc1b1aac76f389b2775c001a5f99adfe98bf,33f42df6dbaf5041491fabd7a128fb5236d895e3eae95e37ddec9988f12b6d04,/path/to/PETS-FFT-Ablation/results/final_unconditional_main_v1/evaluators/ETTh/T64/ts2vec_seed_42.pt,1.3418114185333252,1
PETS-U,ETTh,64,42,100001,context_fid,123,0.6143934835662981,True,4096,cdc35aa47ea833d7d776683628a7cc1b1aac76f389b2775c001a5f99adfe98bf,33f42df6dbaf5041491fabd7a128fb5236d895e3eae95e37ddec9988f12b6d04,/path/to/PETS-FFT-Ablation/results/final_unconditional_main_v1/evaluators/ETTh/T64/ts2vec_seed_123.pt,1.542140245437622,1
PETS-U,ETTh,64,42,100002,context_fid,0,0.6368940394335727,True,4096,cdc35aa47ea833d7d776683628a7cc1b1aac76f389b2775c001a5f99adfe98bf,c7c1fbc153296c0e91bd8a32491f9736a7c9ec69870f4d8e78cfedfa674928e4,/path/to/PETS-FFT-Ablation/results/final_unconditional_main_v1/evaluators/ETTh/T64/ts2vec_seed_0.pt,1.2788975238800049,0
PETS-U,ETTh,64,42,100002,context_fid,42,0.580275318028121,True,4096,cdc35aa47ea833d7d776683628a7cc1b1aac76f389b2775c001a5f99adfe98bf,c7c1fbc153296c0e91bd8a32491f9736a7c9ec69870f4d8e78cfedfa674928e4,/path/to/PETS-FFT-Ablation/results/final_unconditional_main_v1/evaluators/ETTh/T64/ts2vec_seed_42.pt,1.4337751865386963,1
PETS-U,ETTh,64,42,100002,context_fid,123,0.552641018006011,True,4096,cdc35aa47ea833d7d776683628a7cc1b1aac76f389b2775c001a5f99adfe98bf,c7c1fbc153296c0e91bd8a32491f9736a7c9ec69870f4d8e78cfedfa674928e4,/path/to/PETS-FFT-Ablation/results/final_unconditional_main_v1/evaluators/ETTh/T64/ts2vec_seed_123.pt,1.457418441772461,0
PETS-U,ETTh,64,42,100003,context_fid,0,0.5874036502358202,True,4096,cdc35aa47ea833d7d776683628a7cc1b1aac76f389b2775c001a5f99adfe98bf,9e7f9e91dbf798b79aef0e00dc988d8fbf0bcec808c7ec469c6eb42e7706b3ad,/path/to/PETS-FFT-Ablation/results/final_unconditional_main_v1/evaluators/ETTh/T64/ts2vec_seed_0.pt,1.337949275970459,1
PETS-U,ETTh,64,42,100003,context_fid,42,0.531314464356292,True,4096,cdc35aa47ea833d7d776683628a7cc1b1aac76f389b2775c001a5f99adfe98bf,9e7f9e91dbf798b79aef0e00dc988d8fbf0bcec808c7ec469c6eb42e7706b3ad,/path/to/PETS-FFT-Ablation/results/final_unconditional_main_v1/evaluators/ETTh/T64/ts2vec_seed_42.pt,1.4102966785430908,1
PETS-U,ETTh,64,42,100003,context_fid,123,0.49801481397051417,True,4096,cdc35aa47ea833d7d776683628a7cc1b1aac76f389b2775c001a5f99adfe98bf,9e7f9e91dbf798b79aef0e00dc988d8fbf0bcec808c7ec469c6eb42e7706b3ad,/path/to/PETS-FFT-Ablation/results/final_unconditional_main_v1/evaluators/ETTh/T64/ts2vec_seed_123.pt,1.3189008235931396,0
PETS-U,ETTh,64,42,100004,context_fid,0,0.6260307365836663,True,4096,cdc35aa47ea833d7d776683628a7cc1b1aac76f389b2775c001a5f99adfe98bf,7bde06cbd1da758d11003db66f76a46388619803b314ca622f0c4df543ff1c18,/path/to/PETS-FFT-Ablation/results/final_unconditional_main_v1/evaluators/ETTh/T64/ts2vec_seed_0.pt,1.3568589687347412,2
PETS-U,ETTh,64,42,100004,context_fid,42,0.5647785926161408,True,4096,cdc35aa47ea833d7d776683628a7cc1b1aac76f389b2775c001a5f99adfe98bf,7bde06cbd1da758d11003db66f76a46388619803b314ca622f0c4df543ff1c18,/path/to/PETS-FFT-Ablation/results/final_unconditional_main_v1/evaluators/ETTh/T64/ts2vec_seed_42.pt,1.2894139289855957,0
PETS-U,ETTh,64,42,100004,context_fid,123,0.5389841623158642,True,4096,cdc35aa47ea833d7d776683628a7cc1b1aac76f389b2775c001a5f99adfe98bf,7bde06cbd1da758d11003db66f76a46388619803b314ca622f0c4df543ff1c18,/path/to/PETS-FFT-Ablation/results/final_unconditional_main_v1/evaluators/ETTh/T64/ts2vec_seed_123.pt,1.3933322429656982,2
PETS-U,ETTh,64,123,100000,context_fid,0,0.7389558404566802,True,4096,cdc35aa47ea833d7d776683628a7cc1b1aac76f389b2775c001a5f99adfe98bf,cde026425046538a1c44f34f09a042ec7c06428628f3e80c455c6c634ee2cf36,/path/to/PETS-FFT-Ablation/results/final_unconditional_main_v1/evaluators/ETTh/T64/ts2vec_seed_0.pt,1.4722893238067627,1
PETS-U,ETTh,64,123,100000,context_fid,42,0.6745103452063789,True,4096,cdc35aa47ea833d7d776683628a7cc1b1aac76f389b2775c001a5f99adfe98bf,cde026425046538a1c44f34f09a042ec7c06428628f3e80c455c6c634ee2cf36,/path/to/PETS-FFT-Ablation/results/final_unconditional_main_v1/evaluators/ETTh/T64/ts2vec_seed_42.pt,1.3568451404571533,0
PETS-U,ETTh,64,123,100000,context_fid,123,0.6048208593211157,True,4096,cdc35aa47ea833d7d776683628a7cc1b1aac76f389b2775c001a5f99adfe98bf,cde026425046538a1c44f34f09a042ec7c06428628f3e80c455c6c634ee2cf36,/path/to/PETS-FFT-Ablation/results/final_unconditional_main_v1/evaluators/ETTh/T64/ts2vec_seed_123.pt,1.4616107940673828,1
PETS-U,ETTh,64,123,100001,context_fid,0,0.7514930615734434,True,4096,cdc35aa47ea833d7d776683628a7cc1b1aac76f389b2775c001a5f99adfe98bf,57cdb5b069965f307c4988ad92a158e759d94c840b3e9acc4ec403253c276e73,/path/to/PETS-FFT-Ablation/results/final_unconditional_main_v1/evaluators/ETTh/T64/ts2vec_seed_0.pt,1.3409597873687744,1
PETS-U,ETTh,64,123,100001,context_fid,42,0.6879896010007733,True,4096,cdc35aa47ea833d7d776683628a7cc1b1aac76f389b2775c001a5f99adfe98bf,57cdb5b069965f307c4988ad92a158e759d94c840b3e9acc4ec403253c276e73,/path/to/PETS-FFT-Ablation/results/final_unconditional_main_v1/evaluators/ETTh/T64/ts2vec_seed_42.pt,1.356261968612671,1
PETS-U,ETTh,64,123,100001,context_fid,123,0.6124502453993744,True,4096,cdc35aa47ea833d7d776683628a7cc1b1aac76f389b2775c001a5f99adfe98bf,57cdb5b069965f307c4988ad92a158e759d94c840b3e9acc4ec403253c276e73,/path/to/PETS-FFT-Ablation/results/final_unconditional_main_v1/evaluators/ETTh/T64/ts2vec_seed_123.pt,1.4511427879333496,2
PETS-U,ETTh,64,123,100002,context_fid,0,0.8406436548869756,True,4096,cdc35aa47ea833d7d776683628a7cc1b1aac76f389b2775c001a5f99adfe98bf,6d12b7de92f0b29521b5aed5ab771c9c5fa9658c04db89a9e8faa056dea9568e,/path/to/PETS-FFT-Ablation/results/final_unconditional_main_v1/evaluators/ETTh/T64/ts2vec_seed_0.pt,1.2003722190856934,0
PETS-U,ETTh,64,123,100002,context_fid,42,0.7592556180839709,True,4096,cdc35aa47ea833d7d776683628a7cc1b1aac76f389b2775c001a5f99adfe98bf,6d12b7de92f0b29521b5aed5ab771c9c5fa9658c04db89a9e8faa056dea9568e,/path/to/PETS-FFT-Ablation/results/final_unconditional_main_v1/evaluators/ETTh/T64/ts2vec_seed_42.pt,1.3361256122589111,2
PETS-U,ETTh,64,123,100002,context_fid,123,0.6911191834338355,True,4096,cdc35aa47ea833d7d776683628a7cc1b1aac76f389b2775c001a5f99adfe98bf,6d12b7de92f0b29521b5aed5ab771c9c5fa9658c04db89a9e8faa056dea9568e,/path/to/PETS-FFT-Ablation/results/final_unconditional_main_v1/evaluators/ETTh/T64/ts2vec_seed_123.pt,1.4146361351013184,1
PETS-U,ETTh,64,123,100003,context_fid,0,0.7538187527404465,True,4096,cdc35aa47ea833d7d776683628a7cc1b1aac76f389b2775c001a5f99adfe98bf,6e7a7e8129ef44c836564b08c0c604056744e06539688442edb1d2578212ebe1,/path/to/PETS-FFT-Ablation/results/final_unconditional_main_v1/evaluators/ETTh/T64/ts2vec_seed_0.pt,1.251664400100708,1
PETS-U,ETTh,64,123,100003,context_fid,42,0.6832778571051452,True,4096,cdc35aa47ea833d7d776683628a7cc1b1aac76f389b2775c001a5f99adfe98bf,6e7a7e8129ef44c836564b08c0c604056744e06539688442edb1d2578212ebe1,/path/to/PETS-FFT-Ablation/results/final_unconditional_main_v1/evaluators/ETTh/T64/ts2vec_seed_42.pt,1.349175214767456,2
PETS-U,ETTh,64,123,100003,context_fid,123,0.6183909943577546,True,4096,cdc35aa47ea833d7d776683628a7cc1b1aac76f389b2775c001a5f99adfe98bf,6e7a7e8129ef44c836564b08c0c604056744e06539688442edb1d2578212ebe1,/path/to/PETS-FFT-Ablation/results/final_unconditional_main_v1/evaluators/ETTh/T64/ts2vec_seed_123.pt,1.4137353897094727,1
PETS-U,ETTh,64,123,100004,context_fid,0,0.769450569815805,True,4096,cdc35aa47ea833d7d776683628a7cc1b1aac76f389b2775c001a5f99adfe98bf,c6f8b71aa8385642228a5bb79a70773d47ad2bf818704a46c71fa9c38b3cd34f,/path/to/PETS-FFT-Ablation/results/final_unconditional_main_v1/evaluators/ETTh/T64/ts2vec_seed_0.pt,1.2112808227539062,0
PETS-U,ETTh,64,123,100004,context_fid,42,0.6988340628211774,True,4096,cdc35aa47ea833d7d776683628a7cc1b1aac76f389b2775c001a5f99adfe98bf,c6f8b71aa8385642228a5bb79a70773d47ad2bf818704a46c71fa9c38b3cd34f,/path/to/PETS-FFT-Ablation/results/final_unconditional_main_v1/evaluators/ETTh/T64/ts2vec_seed_42.pt,1.7465286254882812,2
PETS-U,ETTh,64,123,100004,context_fid,123,0.6315346599969263,True,4096,cdc35aa47ea833d7d776683628a7cc1b1aac76f389b2775c001a5f99adfe98bf,c6f8b71aa8385642228a5bb79a70773d47ad2bf818704a46c71fa9c38b3cd34f,/path/to/PETS-FFT-Ablation/results/final_unconditional_main_v1/evaluators/ETTh/T64/ts2vec_seed_123.pt,1.579300880432129,0
Diffusion-TS,ETTh,128,0,100000,context_fid,0,0.4804466466037906,True,4096,7738f737c4dfcedd618d7ad6f490ed21d761bacb5f690c68e54a6607f5d6e950,ab5c9e395c225d409e241c3abbf5c3412a989cafc3d3b1ebfcf4af9412d35c12,/path/to/PETS-FFT-Ablation/results/final_unconditional_main_v1/evaluators/ETTh/T128/ts2vec_seed_0.pt,1.2543411254882812,0
Diffusion-TS,ETTh,128,0,100000,context_fid,42,0.5674476269714706,True,4096,7738f737c4dfcedd618d7ad6f490ed21d761bacb5f690c68e54a6607f5d6e950,ab5c9e395c225d409e241c3abbf5c3412a989cafc3d3b1ebfcf4af9412d35c12,/path/to/PETS-FFT-Ablation/results/final_unconditional_main_v1/evaluators/ETTh/T128/ts2vec_seed_42.pt,1.3227558135986328,0
Diffusion-TS,ETTh,128,0,100000,context_fid,123,0.517636666246338,True,4096,7738f737c4dfcedd618d7ad6f490ed21d761bacb5f690c68e54a6607f5d6e950,ab5c9e395c225d409e241c3abbf5c3412a989cafc3d3b1ebfcf4af9412d35c12,/path/to/PETS-FFT-Ablation/results/final_unconditional_main_v1/evaluators/ETTh/T128/ts2vec_seed_123.pt,1.3317797183990479,0
Diffusion-TS,ETTh,128,0,100001,context_fid,0,0.49018376658675517,True,4096,7738f737c4dfcedd618d7ad6f490ed21d761bacb5f690c68e54a6607f5d6e950,bba198a07dc98acb4e063e899b4859086701ff661999f25bf550d8dab49e6b48,/path/to/PETS-FFT-Ablation/results/final_unconditional_main_v1/evaluators/ETTh/T128/ts2vec_seed_0.pt,1.2592663764953613,1
Diffusion-TS,ETTh,128,0,100001,context_fid,42,0.5741141488973578,True,4096,7738f737c4dfcedd618d7ad6f490ed21d761bacb5f690c68e54a6607f5d6e950,bba198a07dc98acb4e063e899b4859086701ff661999f25bf550d8dab49e6b48,/path/to/PETS-FFT-Ablation/results/final_unconditional_main_v1/evaluators/ETTh/T128/ts2vec_seed_42.pt,1.944274663925171,2
Diffusion-TS,ETTh,128,0,100001,context_fid,123,0.5094091229842318,True,4096,7738f737c4dfcedd618d7ad6f490ed21d761bacb5f690c68e54a6607f5d6e950,bba198a07dc98acb4e063e899b4859086701ff661999f25bf550d8dab49e6b48,/path/to/PETS-FFT-Ablation/results/final_unconditional_main_v1/evaluators/ETTh/T128/ts2vec_seed_123.pt,1.292574167251587,0
Diffusion-TS,ETTh,128,0,100002,context_fid,0,0.5379559372464636,True,4096,7738f737c4dfcedd618d7ad6f490ed21d761bacb5f690c68e54a6607f5d6e950,f304c3fed2322f42a64d1c739e43188472acd3849576d995467609b6a418b7cf,/path/to/PETS-FFT-Ablation/results/final_unconditional_main_v1/evaluators/ETTh/T128/ts2vec_seed_0.pt,1.3927149772644043,1
Diffusion-TS,ETTh,128,0,100002,context_fid,42,0.637416830545795,True,4096,7738f737c4dfcedd618d7ad6f490ed21d761bacb5f690c68e54a6607f5d6e950,f304c3fed2322f42a64d1c739e43188472acd3849576d995467609b6a418b7cf,/path/to/PETS-FFT-Ablation/results/final_unconditional_main_v1/evaluators/ETTh/T128/ts2vec_seed_42.pt,1.3599598407745361,2
Diffusion-TS,ETTh,128,0,100002,context_fid,123,0.5686450299510575,True,4096,7738f737c4dfcedd618d7ad6f490ed21d761bacb5f690c68e54a6607f5d6e950,f304c3fed2322f42a64d1c739e43188472acd3849576d995467609b6a418b7cf,/path/to/PETS-FFT-Ablation/results/final_unconditional_main_v1/evaluators/ETTh/T128/ts2vec_seed_123.pt,1.378053903579712,1
Diffusion-TS,ETTh,128,0,100003,context_fid,0,0.49639915895406983,True,4096,7738f737c4dfcedd618d7ad6f490ed21d761bacb5f690c68e54a6607f5d6e950,2366bb7da844ed68dbde19414f23053e04b1223050f7437363db5b8a207a4670,/path/to/PETS-FFT-Ablation/results/final_unconditional_main_v1/evaluators/ETTh/T128/ts2vec_seed_0.pt,1.2463440895080566,0
Diffusion-TS,ETTh,128,0,100003,context_fid,42,0.5823204463036988,True,4096,7738f737c4dfcedd618d7ad6f490ed21d761bacb5f690c68e54a6607f5d6e950,2366bb7da844ed68dbde19414f23053e04b1223050f7437363db5b8a207a4670,/path/to/PETS-FFT-Ablation/results/final_unconditional_main_v1/evaluators/ETTh/T128/ts2vec_seed_42.pt,1.332911491394043,1
Diffusion-TS,ETTh,128,0,100003,context_fid,123,0.5257333327636053,True,4096,7738f737c4dfcedd618d7ad6f490ed21d761bacb5f690c68e54a6607f5d6e950,2366bb7da844ed68dbde19414f23053e04b1223050f7437363db5b8a207a4670,/path/to/PETS-FFT-Ablation/results/final_unconditional_main_v1/evaluators/ETTh/T128/ts2vec_seed_123.pt,1.3666560649871826,2
Diffusion-TS,ETTh,128,0,100004,context_fid,0,0.4521471478908246,True,4096,7738f737c4dfcedd618d7ad6f490ed21d761bacb5f690c68e54a6607f5d6e950,58ac6803b1d66c2fd000d48fd7e18e595bfff5c99bdf7e40c902ac1a66a772c3,/path/to/PETS-FFT-Ablation/results/final_unconditional_main_v1/evaluators/ETTh/T128/ts2vec_seed_0.pt,1.2659587860107422,2
Diffusion-TS,ETTh,128,0,100004,context_fid,42,0.532921544916783,True,4096,7738f737c4dfcedd618d7ad6f490ed21d761bacb5f690c68e54a6607f5d6e950,58ac6803b1d66c2fd000d48fd7e18e595bfff5c99bdf7e40c902ac1a66a772c3,/path/to/PETS-FFT-Ablation/results/final_unconditional_main_v1/evaluators/ETTh/T128/ts2vec_seed_42.pt,1.2864291667938232,0
Diffusion-TS,ETTh,128,0,100004,context_fid,123,0.47802327175182446,True,4096,7738f737c4dfcedd618d7ad6f490ed21d761bacb5f690c68e54a6607f5d6e950,58ac6803b1d66c2fd000d48fd7e18e595bfff5c99bdf7e40c902ac1a66a772c3,/path/to/PETS-FFT-Ablation/results/final_unconditional_main_v1/evaluators/ETTh/T128/ts2vec_seed_123.pt,1.3883891105651855,1
Diffusion-TS,ETTh,128,42,100000,context_fid,0,0.5651360884700114,True,4096,7738f737c4dfcedd618d7ad6f490ed21d761bacb5f690c68e54a6607f5d6e950,03b6263cd9bff475cd6347d4af11551df538ac9db3248747f4cbb827f189996d,/path/to/PETS-FFT-Ablation/results/final_unconditional_main_v1/evaluators/ETTh/T128/ts2vec_seed_0.pt,1.3887097835540771,2
Diffusion-TS,ETTh,128,42,100000,context_fid,42,0.6548124342173283,True,4096,7738f737c4dfcedd618d7ad6f490ed21d761bacb5f690c68e54a6607f5d6e950,03b6263cd9bff475cd6347d4af11551df538ac9db3248747f4cbb827f189996d,/path/to/PETS-FFT-Ablation/results/final_unconditional_main_v1/evaluators/ETTh/T128/ts2vec_seed_42.pt,1.6799862384796143,0
Diffusion-TS,ETTh,128,42,100000,context_fid,123,0.58744296460549,True,4096,7738f737c4dfcedd618d7ad6f490ed21d761bacb5f690c68e54a6607f5d6e950,03b6263cd9bff475cd6347d4af11551df538ac9db3248747f4cbb827f189996d,/path/to/PETS-FFT-Ablation/results/final_unconditional_main_v1/evaluators/ETTh/T128/ts2vec_seed_123.pt,1.4982116222381592,2
Diffusion-TS,ETTh,128,42,100001,context_fid,0,0.5336683773424483,True,4096,7738f737c4dfcedd618d7ad6f490ed21d761bacb5f690c68e54a6607f5d6e950,5dfca3affb007219052b9280332995d1e4ce4ecb12216cb6fb0c39025aeeffb8,/path/to/PETS-FFT-Ablation/results/final_unconditional_main_v1/evaluators/ETTh/T128/ts2vec_seed_0.pt,1.28969144821167,0
Diffusion-TS,ETTh,128,42,100001,context_fid,42,0.6247563449983514,True,4096,7738f737c4dfcedd618d7ad6f490ed21d761bacb5f690c68e54a6607f5d6e950,5dfca3affb007219052b9280332995d1e4ce4ecb12216cb6fb0c39025aeeffb8,/path/to/PETS-FFT-Ablation/results/final_unconditional_main_v1/evaluators/ETTh/T128/ts2vec_seed_42.pt,1.3452696800231934,0
Diffusion-TS,ETTh,128,42,100001,context_fid,123,0.5496813257014015,True,4096,7738f737c4dfcedd618d7ad6f490ed21d761bacb5f690c68e54a6607f5d6e950,5dfca3affb007219052b9280332995d1e4ce4ecb12216cb6fb0c39025aeeffb8,/path/to/PETS-FFT-Ablation/results/final_unconditional_main_v1/evaluators/ETTh/T128/ts2vec_seed_123.pt,1.3193862438201904,1
Diffusion-TS,ETTh,128,42,100002,context_fid,0,0.5318350826335775,True,4096,7738f737c4dfcedd618d7ad6f490ed21d761bacb5f690c68e54a6607f5d6e950,226594936ffb32e1bc2656906bf6bc0542d4fe8ed7b5211b36ff27fffc2a3978,/path/to/PETS-FFT-Ablation/results/final_unconditional_main_v1/evaluators/ETTh/T128/ts2vec_seed_0.pt,1.3964366912841797,0
Diffusion-TS,ETTh,128,42,100002,context_fid,42,0.6183240588236913,True,4096,7738f737c4dfcedd618d7ad6f490ed21d761bacb5f690c68e54a6607f5d6e950,226594936ffb32e1bc2656906bf6bc0542d4fe8ed7b5211b36ff27fffc2a3978,/path/to/PETS-FFT-Ablation/results/final_unconditional_main_v1/evaluators/ETTh/T128/ts2vec_seed_42.pt,1.3644521236419678,0
Diffusion-TS,ETTh,128,42,100002,context_fid,123,0.5547469109537383,True,4096,7738f737c4dfcedd618d7ad6f490ed21d761bacb5f690c68e54a6607f5d6e950,226594936ffb32e1bc2656906bf6bc0542d4fe8ed7b5211b36ff27fffc2a3978,/path/to/PETS-FFT-Ablation/results/final_unconditional_main_v1/evaluators/ETTh/T128/ts2vec_seed_123.pt,1.3863024711608887,2
Diffusion-TS,ETTh,128,42,100003,context_fid,0,0.5150298605726109,True,4096,7738f737c4dfcedd618d7ad6f490ed21d761bacb5f690c68e54a6607f5d6e950,8c683060efe05505e2d9ef1eedfca5856651509fa8c1a46114cfae42661315b4,/path/to/PETS-FFT-Ablation/results/final_unconditional_main_v1/evaluators/ETTh/T128/ts2vec_seed_0.pt,1.2925705909729004,1
Diffusion-TS,ETTh,128,42,100003,context_fid,42,0.5967785490803905,True,4096,7738f737c4dfcedd618d7ad6f490ed21d761bacb5f690c68e54a6607f5d6e950,8c683060efe05505e2d9ef1eedfca5856651509fa8c1a46114cfae42661315b4,/path/to/PETS-FFT-Ablation/results/final_unconditional_main_v1/evaluators/ETTh/T128/ts2vec_seed_42.pt,1.421308994293213,2
Diffusion-TS,ETTh,128,42,100003,context_fid,123,0.5376122617765291,True,4096,7738f737c4dfcedd618d7ad6f490ed21d761bacb5f690c68e54a6607f5d6e950,8c683060efe05505e2d9ef1eedfca5856651509fa8c1a46114cfae42661315b4,/path/to/PETS-FFT-Ablation/results/final_unconditional_main_v1/evaluators/ETTh/T128/ts2vec_seed_123.pt,1.527611494064331,1
Diffusion-TS,ETTh,128,42,100004,context_fid,0,0.5593881664399905,True,4096,7738f737c4dfcedd618d7ad6f490ed21d761bacb5f690c68e54a6607f5d6e950,c2b305421e12cd4645819258d301f0f6812abcfe3ed1a014dfcece7c8931c1b1,/path/to/PETS-FFT-Ablation/results/final_unconditional_main_v1/evaluators/ETTh/T128/ts2vec_seed_0.pt,1.4132919311523438,2
Diffusion-TS,ETTh,128,42,100004,context_fid,42,0.6496661935691889,True,4096,7738f737c4dfcedd618d7ad6f490ed21d761bacb5f690c68e54a6607f5d6e950,c2b305421e12cd4645819258d301f0f6812abcfe3ed1a014dfcece7c8931c1b1,/path/to/PETS-FFT-Ablation/results/final_unconditional_main_v1/evaluators/ETTh/T128/ts2vec_seed_42.pt,1.5279200077056885,0
Diffusion-TS,ETTh,128,42,100004,context_fid,123,0.5750568045306963,True,4096,7738f737c4dfcedd618d7ad6f490ed21d761bacb5f690c68e54a6607f5d6e950,c2b305421e12cd4645819258d301f0f6812abcfe3ed1a014dfcece7c8931c1b1,/path/to/PETS-FFT-Ablation/results/final_unconditional_main_v1/evaluators/ETTh/T128/ts2vec_seed_123.pt,2.1809775829315186,2
Diffusion-TS,ETTh,128,123,100000,context_fid,0,1.7364014909903518,True,4096,7738f737c4dfcedd618d7ad6f490ed21d761bacb5f690c68e54a6607f5d6e950,6ff369d03097b914bb1ae29739d80bc1443d6f67a9c56dde28a7c78aad6f2ce0,/path/to/PETS-FFT-Ablation/results/final_unconditional_main_v1/evaluators/ETTh/T128/ts2vec_seed_0.pt,1.320361614227295,0
Diffusion-TS,ETTh,128,123,100000,context_fid,42,2.152927057655022,True,4096,7738f737c4dfcedd618d7ad6f490ed21d761bacb5f690c68e54a6607f5d6e950,6ff369d03097b914bb1ae29739d80bc1443d6f67a9c56dde28a7c78aad6f2ce0,/path/to/PETS-FFT-Ablation/results/final_unconditional_main_v1/evaluators/ETTh/T128/ts2vec_seed_42.pt,1.4074516296386719,1
Diffusion-TS,ETTh,128,123,100000,context_fid,123,1.7289476024813897,True,4096,7738f737c4dfcedd618d7ad6f490ed21d761bacb5f690c68e54a6607f5d6e950,6ff369d03097b914bb1ae29739d80bc1443d6f67a9c56dde28a7c78aad6f2ce0,/path/to/PETS-FFT-Ablation/results/final_unconditional_main_v1/evaluators/ETTh/T128/ts2vec_seed_123.pt,1.4723880290985107,0
Diffusion-TS,ETTh,128,123,100001,context_fid,0,1.7404647588298054,True,4096,7738f737c4dfcedd618d7ad6f490ed21d761bacb5f690c68e54a6607f5d6e950,e9cfca1fa3e509a130741df1c1c2a3680ceef3541732fc931626cefa0b1ea4eb,/path/to/PETS-FFT-Ablation/results/final_unconditional_main_v1/evaluators/ETTh/T128/ts2vec_seed_0.pt,1.3294506072998047,1
Diffusion-TS,ETTh,128,123,100001,context_fid,42,2.1380337613728613,True,4096,7738f737c4dfcedd618d7ad6f490ed21d761bacb5f690c68e54a6607f5d6e950,e9cfca1fa3e509a130741df1c1c2a3680ceef3541732fc931626cefa0b1ea4eb,/path/to/PETS-FFT-Ablation/results/final_unconditional_main_v1/evaluators/ETTh/T128/ts2vec_seed_42.pt,1.358963966369629,1
Diffusion-TS,ETTh,128,123,100001,context_fid,123,1.7248676931334799,True,4096,7738f737c4dfcedd618d7ad6f490ed21d761bacb5f690c68e54a6607f5d6e950,e9cfca1fa3e509a130741df1c1c2a3680ceef3541732fc931626cefa0b1ea4eb,/path/to/PETS-FFT-Ablation/results/final_unconditional_main_v1/evaluators/ETTh/T128/ts2vec_seed_123.pt,1.4992506504058838,0
Diffusion-TS,ETTh,128,123,100002,context_fid,0,1.7792253994027907,True,4096,7738f737c4dfcedd618d7ad6f490ed21d761bacb5f690c68e54a6607f5d6e950,336dbe001ff375aa92438482071872b17508d7da41129d663c445b96dad6ebb5,/path/to/PETS-FFT-Ablation/results/final_unconditional_main_v1/evaluators/ETTh/T128/ts2vec_seed_0.pt,1.3347244262695312,1
Diffusion-TS,ETTh,128,123,100002,context_fid,42,2.2006534489297227,True,4096,7738f737c4dfcedd618d7ad6f490ed21d761bacb5f690c68e54a6607f5d6e950,336dbe001ff375aa92438482071872b17508d7da41129d663c445b96dad6ebb5,/path/to/PETS-FFT-Ablation/results/final_unconditional_main_v1/evaluators/ETTh/T128/ts2vec_seed_42.pt,1.5115947723388672,1
Diffusion-TS,ETTh,128,123,100002,context_fid,123,1.7661290052123189,True,4096,7738f737c4dfcedd618d7ad6f490ed21d761bacb5f690c68e54a6607f5d6e950,336dbe001ff375aa92438482071872b17508d7da41129d663c445b96dad6ebb5,/path/to/PETS-FFT-Ablation/results/final_unconditional_main_v1/evaluators/ETTh/T128/ts2vec_seed_123.pt,1.6444745063781738,1
Diffusion-TS,ETTh,128,123,100003,context_fid,0,1.7476543040181591,True,4096,7738f737c4dfcedd618d7ad6f490ed21d761bacb5f690c68e54a6607f5d6e950,cb22e8809755d754ce853172080bd96938a60d0c7e8a73636838ad52521032e3,/path/to/PETS-FFT-Ablation/results/final_unconditional_main_v1/evaluators/ETTh/T128/ts2vec_seed_0.pt,1.241694688796997,0
Diffusion-TS,ETTh,128,123,100003,context_fid,42,2.1601129969156907,True,4096,7738f737c4dfcedd618d7ad6f490ed21d761bacb5f690c68e54a6607f5d6e950,cb22e8809755d754ce853172080bd96938a60d0c7e8a73636838ad52521032e3,/path/to/PETS-FFT-Ablation/results/final_unconditional_main_v1/evaluators/ETTh/T128/ts2vec_seed_42.pt,1.3340351581573486,2
Diffusion-TS,ETTh,128,123,100003,context_fid,123,1.7428949532219025,True,4096,7738f737c4dfcedd618d7ad6f490ed21d761bacb5f690c68e54a6607f5d6e950,cb22e8809755d754ce853172080bd96938a60d0c7e8a73636838ad52521032e3,/path/to/PETS-FFT-Ablation/results/final_unconditional_main_v1/evaluators/ETTh/T128/ts2vec_seed_123.pt,1.5512077808380127,0
Diffusion-TS,ETTh,128,123,100004,context_fid,0,1.7607139776560345,True,4096,7738f737c4dfcedd618d7ad6f490ed21d761bacb5f690c68e54a6607f5d6e950,a3307ef9c364c43366b573744d7f0ff69055cf71b2437329dc9ef332cf2ecc72,/path/to/PETS-FFT-Ablation/results/final_unconditional_main_v1/evaluators/ETTh/T128/ts2vec_seed_0.pt,1.4227502346038818,1
Diffusion-TS,ETTh,128,123,100004,context_fid,42,2.160456755880738,True,4096,7738f737c4dfcedd618d7ad6f490ed21d761bacb5f690c68e54a6607f5d6e950,a3307ef9c364c43366b573744d7f0ff69055cf71b2437329dc9ef332cf2ecc72,/path/to/PETS-FFT-Ablation/results/final_unconditional_main_v1/evaluators/ETTh/T128/ts2vec_seed_42.pt,1.4063758850097656,2
Diffusion-TS,ETTh,128,123,100004,context_fid,123,1.7415571610912803,True,4096,7738f737c4dfcedd618d7ad6f490ed21d761bacb5f690c68e54a6607f5d6e950,a3307ef9c364c43366b573744d7f0ff69055cf71b2437329dc9ef332cf2ecc72,/path/to/PETS-FFT-Ablation/results/final_unconditional_main_v1/evaluators/ETTh/T128/ts2vec_seed_123.pt,1.4517452716827393,1
PETS-U,ETTh,128,0,100000,context_fid,0,0.8012856303100262,True,4096,7738f737c4dfcedd618d7ad6f490ed21d761bacb5f690c68e54a6607f5d6e950,699cbba29bdeee448c5f4515d6cc0ff4519aa91689187704c56b2e18a80e82f9,/path/to/PETS-FFT-Ablation/results/final_unconditional_main_v1/evaluators/ETTh/T128/ts2vec_seed_0.pt,1.4570417404174805,1
PETS-U,ETTh,128,0,100000,context_fid,42,0.9565485542422819,True,4096,7738f737c4dfcedd618d7ad6f490ed21d761bacb5f690c68e54a6607f5d6e950,699cbba29bdeee448c5f4515d6cc0ff4519aa91689187704c56b2e18a80e82f9,/path/to/PETS-FFT-Ablation/results/final_unconditional_main_v1/evaluators/ETTh/T128/ts2vec_seed_42.pt,1.5458312034606934,1
PETS-U,ETTh,128,0,100000,context_fid,123,0.8130360163296673,True,4096,7738f737c4dfcedd618d7ad6f490ed21d761bacb5f690c68e54a6607f5d6e950,699cbba29bdeee448c5f4515d6cc0ff4519aa91689187704c56b2e18a80e82f9,/path/to/PETS-FFT-Ablation/results/final_unconditional_main_v1/evaluators/ETTh/T128/ts2vec_seed_123.pt,1.4110658168792725,1
PETS-U,ETTh,128,0,100001,context_fid,0,0.8122239093709969,True,4096,7738f737c4dfcedd618d7ad6f490ed21d761bacb5f690c68e54a6607f5d6e950,e2aa36c497d214be6e093a7b32d5a946d11930fae2b4733684184f5c05b7d91e,/path/to/PETS-FFT-Ablation/results/final_unconditional_main_v1/evaluators/ETTh/T128/ts2vec_seed_0.pt,1.2845354080200195,2
PETS-U,ETTh,128,0,100001,context_fid,42,0.9568870849365063,True,4096,7738f737c4dfcedd618d7ad6f490ed21d761bacb5f690c68e54a6607f5d6e950,e2aa36c497d214be6e093a7b32d5a946d11930fae2b4733684184f5c05b7d91e,/path/to/PETS-FFT-Ablation/results/final_unconditional_main_v1/evaluators/ETTh/T128/ts2vec_seed_42.pt,1.696089267730713,2
PETS-U,ETTh,128,0,100001,context_fid,123,0.8064634262899508,True,4096,7738f737c4dfcedd618d7ad6f490ed21d761bacb5f690c68e54a6607f5d6e950,e2aa36c497d214be6e093a7b32d5a946d11930fae2b4733684184f5c05b7d91e,/path/to/PETS-FFT-Ablation/results/final_unconditional_main_v1/evaluators/ETTh/T128/ts2vec_seed_123.pt,1.7355797290802002,1
PETS-U,ETTh,128,0,100002,context_fid,0,0.8727422113631047,True,4096,7738f737c4dfcedd618d7ad6f490ed21d761bacb5f690c68e54a6607f5d6e950,733b6aeeffe18c52fd204a532a8b3977a3008a474e676c37bb8016ea80c68db3,/path/to/PETS-FFT-Ablation/results/final_unconditional_main_v1/evaluators/ETTh/T128/ts2vec_seed_0.pt,1.3594110012054443,0
PETS-U,ETTh,128,0,100002,context_fid,42,1.033053269204316,True,4096,7738f737c4dfcedd618d7ad6f490ed21d761bacb5f690c68e54a6607f5d6e950,733b6aeeffe18c52fd204a532a8b3977a3008a474e676c37bb8016ea80c68db3,/path/to/PETS-FFT-Ablation/results/final_unconditional_main_v1/evaluators/ETTh/T128/ts2vec_seed_42.pt,1.303452968597412,0
PETS-U,ETTh,128,0,100002,context_fid,123,0.8737364536191548,True,4096,7738f737c4dfcedd618d7ad6f490ed21d761bacb5f690c68e54a6607f5d6e950,733b6aeeffe18c52fd204a532a8b3977a3008a474e676c37bb8016ea80c68db3,/path/to/PETS-FFT-Ablation/results/final_unconditional_main_v1/evaluators/ETTh/T128/ts2vec_seed_123.pt,1.3291797637939453,1
PETS-U,ETTh,128,0,100003,context_fid,0,0.8352171036654455,True,4096,7738f737c4dfcedd618d7ad6f490ed21d761bacb5f690c68e54a6607f5d6e950,7c1ed7e1cf73415f21a2a7f3e0e74cc9e20b6488e45467df44a412a53af42e16,/path/to/PETS-FFT-Ablation/results/final_unconditional_main_v1/evaluators/ETTh/T128/ts2vec_seed_0.pt,1.3168323040008545,1
PETS-U,ETTh,128,0,100003,context_fid,42,0.9996319114192094,True,4096,7738f737c4dfcedd618d7ad6f490ed21d761bacb5f690c68e54a6607f5d6e950,7c1ed7e1cf73415f21a2a7f3e0e74cc9e20b6488e45467df44a412a53af42e16,/path/to/PETS-FFT-Ablation/results/final_unconditional_main_v1/evaluators/ETTh/T128/ts2vec_seed_42.pt,1.3468053340911865,0
PETS-U,ETTh,128,0,100003,context_fid,123,0.8387106585530781,True,4096,7738f737c4dfcedd618d7ad6f490ed21d761bacb5f690c68e54a6607f5d6e950,7c1ed7e1cf73415f21a2a7f3e0e74cc9e20b6488e45467df44a412a53af42e16,/path/to/PETS-FFT-Ablation/results/final_unconditional_main_v1/evaluators/ETTh/T128/ts2vec_seed_123.pt,1.4457728862762451,1
PETS-U,ETTh,128,0,100004,context_fid,0,0.8510776253974216,True,4096,7738f737c4dfcedd618d7ad6f490ed21d761bacb5f690c68e54a6607f5d6e950,61c11a5265bcaf09280d58a44359d136ca0c2d6c284c38e9c86392434cb8bf62,/path/to/PETS-FFT-Ablation/results/final_unconditional_main_v1/evaluators/ETTh/T128/ts2vec_seed_0.pt,1.6733615398406982,1
PETS-U,ETTh,128,0,100004,context_fid,42,1.0006338807744621,True,4096,7738f737c4dfcedd618d7ad6f490ed21d761bacb5f690c68e54a6607f5d6e950,61c11a5265bcaf09280d58a44359d136ca0c2d6c284c38e9c86392434cb8bf62,/path/to/PETS-FFT-Ablation/results/final_unconditional_main_v1/evaluators/ETTh/T128/ts2vec_seed_42.pt,1.4464638233184814,1
PETS-U,ETTh,128,0,100004,context_fid,123,0.8419331051048381,True,4096,7738f737c4dfcedd618d7ad6f490ed21d761bacb5f690c68e54a6607f5d6e950,61c11a5265bcaf09280d58a44359d136ca0c2d6c284c38e9c86392434cb8bf62,/path/to/PETS-FFT-Ablation/results/final_unconditional_main_v1/evaluators/ETTh/T128/ts2vec_seed_123.pt,1.3767971992492676,0
PETS-U,ETTh,128,42,100000,context_fid,0,0.918092799405258,True,4096,7738f737c4dfcedd618d7ad6f490ed21d761bacb5f690c68e54a6607f5d6e950,6369962dad56e115ae09de42dfbc6d377a79835f3c9abd8dee9f9cba3c9e3dd9,/path/to/PETS-FFT-Ablation/results/final_unconditional_main_v1/evaluators/ETTh/T128/ts2vec_seed_0.pt,1.3206868171691895,2
PETS-U,ETTh,128,42,100000,context_fid,42,1.0683810062115398,True,4096,7738f737c4dfcedd618d7ad6f490ed21d761bacb5f690c68e54a6607f5d6e950,6369962dad56e115ae09de42dfbc6d377a79835f3c9abd8dee9f9cba3c9e3dd9,/path/to/PETS-FFT-Ablation/results/final_unconditional_main_v1/evaluators/ETTh/T128/ts2vec_seed_42.pt,1.3745856285095215,1
PETS-U,ETTh,128,42,100000,context_fid,123,0.9060393334874397,True,4096,7738f737c4dfcedd618d7ad6f490ed21d761bacb5f690c68e54a6607f5d6e950,6369962dad56e115ae09de42dfbc6d377a79835f3c9abd8dee9f9cba3c9e3dd9,/path/to/PETS-FFT-Ablation/results/final_unconditional_main_v1/evaluators/ETTh/T128/ts2vec_seed_123.pt,1.4578704833984375,2
PETS-U,ETTh,128,42,100001,context_fid,0,0.85464970809331,True,4096,7738f737c4dfcedd618d7ad6f490ed21d761bacb5f690c68e54a6607f5d6e950,090e388bee3d0c48937e36dd612d36694740abc0012c5061a5b6503da5d284ae,/path/to/PETS-FFT-Ablation/results/final_unconditional_main_v1/evaluators/ETTh/T128/ts2vec_seed_0.pt,1.497391939163208,1
PETS-U,ETTh,128,42,100001,context_fid,42,1.0038287650967073,True,4096,7738f737c4dfcedd618d7ad6f490ed21d761bacb5f690c68e54a6607f5d6e950,090e388bee3d0c48937e36dd612d36694740abc0012c5061a5b6503da5d284ae,/path/to/PETS-FFT-Ablation/results/final_unconditional_main_v1/evaluators/ETTh/T128/ts2vec_seed_42.pt,1.347611904144287,0
PETS-U,ETTh,128,42,100001,context_fid,123,0.8405816668014323,True,4096,7738f737c4dfcedd618d7ad6f490ed21d761bacb5f690c68e54a6607f5d6e950,090e388bee3d0c48937e36dd612d36694740abc0012c5061a5b6503da5d284ae,/path/to/PETS-FFT-Ablation/results/final_unconditional_main_v1/evaluators/ETTh/T128/ts2vec_seed_123.pt,1.4843058586120605,2
PETS-U,ETTh,128,42,100002,context_fid,0,0.9447314764396917,True,4096,7738f737c4dfcedd618d7ad6f490ed21d761bacb5f690c68e54a6607f5d6e950,943e6b139e3174c55444891ee93f16dd5fd597fbc2fbb0bd3b242b0289718d87,/path/to/PETS-FFT-Ablation/results/final_unconditional_main_v1/evaluators/ETTh/T128/ts2vec_seed_0.pt,1.300159215927124,1
PETS-U,ETTh,128,42,100002,context_fid,42,1.1141691549299524,True,4096,7738f737c4dfcedd618d7ad6f490ed21d761bacb5f690c68e54a6607f5d6e950,943e6b139e3174c55444891ee93f16dd5fd597fbc2fbb0bd3b242b0289718d87,/path/to/PETS-FFT-Ablation/results/final_unconditional_main_v1/evaluators/ETTh/T128/ts2vec_seed_42.pt,1.339792013168335,2
PETS-U,ETTh,128,42,100002,context_fid,123,0.92599268117166,True,4096,7738f737c4dfcedd618d7ad6f490ed21d761bacb5f690c68e54a6607f5d6e950,943e6b139e3174c55444891ee93f16dd5fd597fbc2fbb0bd3b242b0289718d87,/path/to/PETS-FFT-Ablation/results/final_unconditional_main_v1/evaluators/ETTh/T128/ts2vec_seed_123.pt,1.346595048904419,1
PETS-U,ETTh,128,42,100003,context_fid,0,0.8932814863606453,True,4096,7738f737c4dfcedd618d7ad6f490ed21d761bacb5f690c68e54a6607f5d6e950,aad2e3d923005c4f1ec96f9e72ba37854413fa73eaf1d82d589848e527d05c0a,/path/to/PETS-FFT-Ablation/results/final_unconditional_main_v1/evaluators/ETTh/T128/ts2vec_seed_0.pt,1.3785126209259033,2
PETS-U,ETTh,128,42,100003,context_fid,42,1.0496835948264391,True,4096,7738f737c4dfcedd618d7ad6f490ed21d761bacb5f690c68e54a6607f5d6e950,aad2e3d923005c4f1ec96f9e72ba37854413fa73eaf1d82d589848e527d05c0a,/path/to/PETS-FFT-Ablation/results/final_unconditional_main_v1/evaluators/ETTh/T128/ts2vec_seed_42.pt,1.3670539855957031,2
PETS-U,ETTh,128,42,100003,context_fid,123,0.87973420054476,True,4096,7738f737c4dfcedd618d7ad6f490ed21d761bacb5f690c68e54a6607f5d6e950,aad2e3d923005c4f1ec96f9e72ba37854413fa73eaf1d82d589848e527d05c0a,/path/to/PETS-FFT-Ablation/results/final_unconditional_main_v1/evaluators/ETTh/T128/ts2vec_seed_123.pt,1.3551955223083496,1
PETS-U,ETTh,128,42,100004,context_fid,0,0.8560773508872017,True,4096,7738f737c4dfcedd618d7ad6f490ed21d761bacb5f690c68e54a6607f5d6e950,52781f8fc67c907a03da955112f0d28fcfc57b5cf2eddf0a649465d526f36fa9,/path/to/PETS-FFT-Ablation/results/final_unconditional_main_v1/evaluators/ETTh/T128/ts2vec_seed_0.pt,1.2876594066619873,2
PETS-U,ETTh,128,42,100004,context_fid,42,1.0116926485021318,True,4096,7738f737c4dfcedd618d7ad6f490ed21d761bacb5f690c68e54a6607f5d6e950,52781f8fc67c907a03da955112f0d28fcfc57b5cf2eddf0a649465d526f36fa9,/path/to/PETS-FFT-Ablation/results/final_unconditional_main_v1/evaluators/ETTh/T128/ts2vec_seed_42.pt,1.3222270011901855,0
PETS-U,ETTh,128,42,100004,context_fid,123,0.8535988013648903,True,4096,7738f737c4dfcedd618d7ad6f490ed21d761bacb5f690c68e54a6607f5d6e950,52781f8fc67c907a03da955112f0d28fcfc57b5cf2eddf0a649465d526f36fa9,/path/to/PETS-FFT-Ablation/results/final_unconditional_main_v1/evaluators/ETTh/T128/ts2vec_seed_123.pt,1.5261309146881104,2
PETS-U,ETTh,128,123,100000,context_fid,0,0.9216083643937697,True,4096,7738f737c4dfcedd618d7ad6f490ed21d761bacb5f690c68e54a6607f5d6e950,2b1bb2422d20d4f7e9863e601ca6f11b7ea6e2284109c12d7ec774757775d586,/path/to/PETS-FFT-Ablation/results/final_unconditional_main_v1/evaluators/ETTh/T128/ts2vec_seed_0.pt,1.3508069515228271,1
PETS-U,ETTh,128,123,100000,context_fid,42,1.0756810541632882,True,4096,7738f737c4dfcedd618d7ad6f490ed21d761bacb5f690c68e54a6607f5d6e950,2b1bb2422d20d4f7e9863e601ca6f11b7ea6e2284109c12d7ec774757775d586,/path/to/PETS-FFT-Ablation/results/final_unconditional_main_v1/evaluators/ETTh/T128/ts2vec_seed_42.pt,1.2716283798217773,1
PETS-U,ETTh,128,123,100000,context_fid,123,0.9044945154797749,True,4096,7738f737c4dfcedd618d7ad6f490ed21d761bacb5f690c68e54a6607f5d6e950,2b1bb2422d20d4f7e9863e601ca6f11b7ea6e2284109c12d7ec774757775d586,/path/to/PETS-FFT-Ablation/results/final_unconditional_main_v1/evaluators/ETTh/T128/ts2vec_seed_123.pt,1.6983089447021484,2
PETS-U,ETTh,128,123,100001,context_fid,0,0.8714645431990811,True,4096,7738f737c4dfcedd618d7ad6f490ed21d761bacb5f690c68e54a6607f5d6e950,d66e4daa83f4bfc0feb528c7979e46d6eb3ef73064be812a6ca524561b876f52,/path/to/PETS-FFT-Ablation/results/final_unconditional_main_v1/evaluators/ETTh/T128/ts2vec_seed_0.pt,1.707343339920044,2
PETS-U,ETTh,128,123,100001,context_fid,42,1.0162589583851334,True,4096,7738f737c4dfcedd618d7ad6f490ed21d761bacb5f690c68e54a6607f5d6e950,d66e4daa83f4bfc0feb528c7979e46d6eb3ef73064be812a6ca524561b876f52,/path/to/PETS-FFT-Ablation/results/final_unconditional_main_v1/evaluators/ETTh/T128/ts2vec_seed_42.pt,1.5973701477050781,1
PETS-U,ETTh,128,123,100001,context_fid,123,0.8484417392635467,True,4096,7738f737c4dfcedd618d7ad6f490ed21d761bacb5f690c68e54a6607f5d6e950,d66e4daa83f4bfc0feb528c7979e46d6eb3ef73064be812a6ca524561b876f52,/path/to/PETS-FFT-Ablation/results/final_unconditional_main_v1/evaluators/ETTh/T128/ts2vec_seed_123.pt,1.3503859043121338,1
PETS-U,ETTh,128,123,100002,context_fid,0,0.8963435870621806,True,4096,7738f737c4dfcedd618d7ad6f490ed21d761bacb5f690c68e54a6607f5d6e950,5466cfa9fe64e6d610b3837b74a920c51b64020fc053da17a6ce0c3061c45404,/path/to/PETS-FFT-Ablation/results/final_unconditional_main_v1/evaluators/ETTh/T128/ts2vec_seed_0.pt,1.2728428840637207,2
PETS-U,ETTh,128,123,100002,context_fid,42,1.0498078791778738,True,4096,7738f737c4dfcedd618d7ad6f490ed21d761bacb5f690c68e54a6607f5d6e950,5466cfa9fe64e6d610b3837b74a920c51b64020fc053da17a6ce0c3061c45404,/path/to/PETS-FFT-Ablation/results/final_unconditional_main_v1/evaluators/ETTh/T128/ts2vec_seed_42.pt,1.3877851963043213,2
PETS-U,ETTh,128,123,100002,context_fid,123,0.8787572561215924,True,4096,7738f737c4dfcedd618d7ad6f490ed21d761bacb5f690c68e54a6607f5d6e950,5466cfa9fe64e6d610b3837b74a920c51b64020fc053da17a6ce0c3061c45404,/path/to/PETS-FFT-Ablation/results/final_unconditional_main_v1/evaluators/ETTh/T128/ts2vec_seed_123.pt,1.4230968952178955,0
PETS-U,ETTh,128,123,100003,context_fid,0,0.952942153219851,True,4096,7738f737c4dfcedd618d7ad6f490ed21d761bacb5f690c68e54a6607f5d6e950,475bced8dcb5a7198be816fe7c00832df8405d21d01c3f351ec0eb08ec949e43,/path/to/PETS-FFT-Ablation/results/final_unconditional_main_v1/evaluators/ETTh/T128/ts2vec_seed_0.pt,1.3857927322387695,2
PETS-U,ETTh,128,123,100003,context_fid,42,1.1145173287600092,True,4096,7738f737c4dfcedd618d7ad6f490ed21d761bacb5f690c68e54a6607f5d6e950,475bced8dcb5a7198be816fe7c00832df8405d21d01c3f351ec0eb08ec949e43,/path/to/PETS-FFT-Ablation/results/final_unconditional_main_v1/evaluators/ETTh/T128/ts2vec_seed_42.pt,1.5763509273529053,2
PETS-U,ETTh,128,123,100003,context_fid,123,0.9315140714623625,True,4096,7738f737c4dfcedd618d7ad6f490ed21d761bacb5f690c68e54a6607f5d6e950,475bced8dcb5a7198be816fe7c00832df8405d21d01c3f351ec0eb08ec949e43,/path/to/PETS-FFT-Ablation/results/final_unconditional_main_v1/evaluators/ETTh/T128/ts2vec_seed_123.pt,1.4444503784179688,1
PETS-U,ETTh,128,123,100004,context_fid,0,0.9360129206575567,True,4096,7738f737c4dfcedd618d7ad6f490ed21d761bacb5f690c68e54a6607f5d6e950,bdda64b132402142a6eef57dcc92fa64875c34c6588931a0ba3681c6073280e5,/path/to/PETS-FFT-Ablation/results/final_unconditional_main_v1/evaluators/ETTh/T128/ts2vec_seed_0.pt,1.332611083984375,0
PETS-U,ETTh,128,123,100004,context_fid,42,1.0933339555100683,True,4096,7738f737c4dfcedd618d7ad6f490ed21d761bacb5f690c68e54a6607f5d6e950,bdda64b132402142a6eef57dcc92fa64875c34c6588931a0ba3681c6073280e5,/path/to/PETS-FFT-Ablation/results/final_unconditional_main_v1/evaluators/ETTh/T128/ts2vec_seed_42.pt,1.3729939460754395,0
PETS-U,ETTh,128,123,100004,context_fid,123,0.9043866358560968,True,4096,7738f737c4dfcedd618d7ad6f490ed21d761bacb5f690c68e54a6607f5d6e950,bdda64b132402142a6eef57dcc92fa64875c34c6588931a0ba3681c6073280e5,/path/to/PETS-FFT-Ablation/results/final_unconditional_main_v1/evaluators/ETTh/T128/ts2vec_seed_123.pt,1.6061832904815674,1
Diffusion-TS,ETTh,256,0,100000,context_fid,0,2.844943420281874,True,4096,a24f236875ae64e90ac2659e91858d641ab1afc1e0a10df901307ea5e750b5bb,4ed8f7f0372fcb3e3a37668fc4281324799e7f0a770fb6511da577966691db3f,/path/to/PETS-FFT-Ablation/results/final_unconditional_main_v1/evaluators/ETTh/T256/ts2vec_seed_0.pt,1.4075469970703125,1
Diffusion-TS,ETTh,256,0,100000,context_fid,42,2.790937426509715,True,4096,a24f236875ae64e90ac2659e91858d641ab1afc1e0a10df901307ea5e750b5bb,4ed8f7f0372fcb3e3a37668fc4281324799e7f0a770fb6511da577966691db3f,/path/to/PETS-FFT-Ablation/results/final_unconditional_main_v1/evaluators/ETTh/T256/ts2vec_seed_42.pt,1.430307149887085,1
Diffusion-TS,ETTh,256,0,100000,context_fid,123,2.5045146085409375,True,4096,a24f236875ae64e90ac2659e91858d641ab1afc1e0a10df901307ea5e750b5bb,4ed8f7f0372fcb3e3a37668fc4281324799e7f0a770fb6511da577966691db3f,/path/to/PETS-FFT-Ablation/results/final_unconditional_main_v1/evaluators/ETTh/T256/ts2vec_seed_123.pt,1.5683116912841797,1
Diffusion-TS,ETTh,256,0,100001,context_fid,0,2.73869611832369,True,4096,a24f236875ae64e90ac2659e91858d641ab1afc1e0a10df901307ea5e750b5bb,04fbbe6b657a079d996b719f847d6fdad961c94e973b50c9a42b9d2859d2dff8,/path/to/PETS-FFT-Ablation/results/final_unconditional_main_v1/evaluators/ETTh/T256/ts2vec_seed_0.pt,1.3322885036468506,0
Diffusion-TS,ETTh,256,0,100001,context_fid,42,2.69234733675499,True,4096,a24f236875ae64e90ac2659e91858d641ab1afc1e0a10df901307ea5e750b5bb,04fbbe6b657a079d996b719f847d6fdad961c94e973b50c9a42b9d2859d2dff8,/path/to/PETS-FFT-Ablation/results/final_unconditional_main_v1/evaluators/ETTh/T256/ts2vec_seed_42.pt,1.479672908782959,2
Diffusion-TS,ETTh,256,0,100001,context_fid,123,2.416413857199637,True,4096,a24f236875ae64e90ac2659e91858d641ab1afc1e0a10df901307ea5e750b5bb,04fbbe6b657a079d996b719f847d6fdad961c94e973b50c9a42b9d2859d2dff8,/path/to/PETS-FFT-Ablation/results/final_unconditional_main_v1/evaluators/ETTh/T256/ts2vec_seed_123.pt,1.4756317138671875,0
Diffusion-TS,ETTh,256,0,100002,context_fid,0,2.753307655179268,True,4096,a24f236875ae64e90ac2659e91858d641ab1afc1e0a10df901307ea5e750b5bb,aaa4ef2bb28f5cf6dde6420196dee05f692bb1ae81f08475c1223d71e47f4225,/path/to/PETS-FFT-Ablation/results/final_unconditional_main_v1/evaluators/ETTh/T256/ts2vec_seed_0.pt,1.386749267578125,2
Diffusion-TS,ETTh,256,0,100002,context_fid,42,2.6957616099544213,True,4096,a24f236875ae64e90ac2659e91858d641ab1afc1e0a10df901307ea5e750b5bb,aaa4ef2bb28f5cf6dde6420196dee05f692bb1ae81f08475c1223d71e47f4225,/path/to/PETS-FFT-Ablation/results/final_unconditional_main_v1/evaluators/ETTh/T256/ts2vec_seed_42.pt,1.4229626655578613,2
Diffusion-TS,ETTh,256,0,100002,context_fid,123,2.417986065461583,True,4096,a24f236875ae64e90ac2659e91858d641ab1afc1e0a10df901307ea5e750b5bb,aaa4ef2bb28f5cf6dde6420196dee05f692bb1ae81f08475c1223d71e47f4225,/path/to/PETS-FFT-Ablation/results/final_unconditional_main_v1/evaluators/ETTh/T256/ts2vec_seed_123.pt,1.422485113143921,2
Diffusion-TS,ETTh,256,0,100003,context_fid,0,2.8482554090053624,True,4096,a24f236875ae64e90ac2659e91858d641ab1afc1e0a10df901307ea5e750b5bb,5f72ca081d46c121e5d9485d8580208a800d3c3d7dd7d79a6c8c13847080a281,/path/to/PETS-FFT-Ablation/results/final_unconditional_main_v1/evaluators/ETTh/T256/ts2vec_seed_0.pt,1.3631253242492676,2
Diffusion-TS,ETTh,256,0,100003,context_fid,42,2.7899969293956945,True,4096,a24f236875ae64e90ac2659e91858d641ab1afc1e0a10df901307ea5e750b5bb,5f72ca081d46c121e5d9485d8580208a800d3c3d7dd7d79a6c8c13847080a281,/path/to/PETS-FFT-Ablation/results/final_unconditional_main_v1/evaluators/ETTh/T256/ts2vec_seed_42.pt,1.3946270942687988,2
Diffusion-TS,ETTh,256,0,100003,context_fid,123,2.504718561583833,True,4096,a24f236875ae64e90ac2659e91858d641ab1afc1e0a10df901307ea5e750b5bb,5f72ca081d46c121e5d9485d8580208a800d3c3d7dd7d79a6c8c13847080a281,/path/to/PETS-FFT-Ablation/results/final_unconditional_main_v1/evaluators/ETTh/T256/ts2vec_seed_123.pt,1.461376428604126,0
Diffusion-TS,ETTh,256,0,100004,context_fid,0,2.784609045570753,True,4096,a24f236875ae64e90ac2659e91858d641ab1afc1e0a10df901307ea5e750b5bb,f93f9b271e61ecb48cb247ecdbb743d9e5984cbf20c152f9c22140159dcef709,/path/to/PETS-FFT-Ablation/results/final_unconditional_main_v1/evaluators/ETTh/T256/ts2vec_seed_0.pt,1.327540636062622,1
Diffusion-TS,ETTh,256,0,100004,context_fid,42,2.7208346933969634,True,4096,a24f236875ae64e90ac2659e91858d641ab1afc1e0a10df901307ea5e750b5bb,f93f9b271e61ecb48cb247ecdbb743d9e5984cbf20c152f9c22140159dcef709,/path/to/PETS-FFT-Ablation/results/final_unconditional_main_v1/evaluators/ETTh/T256/ts2vec_seed_42.pt,1.4127132892608643,0
Diffusion-TS,ETTh,256,0,100004,context_fid,123,2.443791675359949,True,4096,a24f236875ae64e90ac2659e91858d641ab1afc1e0a10df901307ea5e750b5bb,f93f9b271e61ecb48cb247ecdbb743d9e5984cbf20c152f9c22140159dcef709,/path/to/PETS-FFT-Ablation/results/final_unconditional_main_v1/evaluators/ETTh/T256/ts2vec_seed_123.pt,1.5708825588226318,1
Diffusion-TS,ETTh,256,42,100000,context_fid,0,0.8156839097142976,True,4096,a24f236875ae64e90ac2659e91858d641ab1afc1e0a10df901307ea5e750b5bb,1eb084835c1397a9db577571b7589e948657ab08f796d66796f25742f7a59a6e,/path/to/PETS-FFT-Ablation/results/final_unconditional_main_v1/evaluators/ETTh/T256/ts2vec_seed_0.pt,1.5549418926239014,0
Diffusion-TS,ETTh,256,42,100000,context_fid,42,0.8624589000212316,True,4096,a24f236875ae64e90ac2659e91858d641ab1afc1e0a10df901307ea5e750b5bb,1eb084835c1397a9db577571b7589e948657ab08f796d66796f25742f7a59a6e,/path/to/PETS-FFT-Ablation/results/final_unconditional_main_v1/evaluators/ETTh/T256/ts2vec_seed_42.pt,1.4610042572021484,0
Diffusion-TS,ETTh,256,42,100000,context_fid,123,0.7644899297956321,True,4096,a24f236875ae64e90ac2659e91858d641ab1afc1e0a10df901307ea5e750b5bb,1eb084835c1397a9db577571b7589e948657ab08f796d66796f25742f7a59a6e,/path/to/PETS-FFT-Ablation/results/final_unconditional_main_v1/evaluators/ETTh/T256/ts2vec_seed_123.pt,1.5889811515808105,2
Diffusion-TS,ETTh,256,42,100001,context_fid,0,0.8073302146357864,True,4096,a24f236875ae64e90ac2659e91858d641ab1afc1e0a10df901307ea5e750b5bb,92c1ad14bfde71a37509ed7bcdcf8ffbc9fe2dbe226e5294266a07c3842687a0,/path/to/PETS-FFT-Ablation/results/final_unconditional_main_v1/evaluators/ETTh/T256/ts2vec_seed_0.pt,1.4478564262390137,0
Diffusion-TS,ETTh,256,42,100001,context_fid,42,0.852210378327027,True,4096,a24f236875ae64e90ac2659e91858d641ab1afc1e0a10df901307ea5e750b5bb,92c1ad14bfde71a37509ed7bcdcf8ffbc9fe2dbe226e5294266a07c3842687a0,/path/to/PETS-FFT-Ablation/results/final_unconditional_main_v1/evaluators/ETTh/T256/ts2vec_seed_42.pt,1.360111951828003,0
Diffusion-TS,ETTh,256,42,100001,context_fid,123,0.7598511808597277,True,4096,a24f236875ae64e90ac2659e91858d641ab1afc1e0a10df901307ea5e750b5bb,92c1ad14bfde71a37509ed7bcdcf8ffbc9fe2dbe226e5294266a07c3842687a0,/path/to/PETS-FFT-Ablation/results/final_unconditional_main_v1/evaluators/ETTh/T256/ts2vec_seed_123.pt,1.4633448123931885,0
Diffusion-TS,ETTh,256,42,100002,context_fid,0,0.8648624341463494,True,4096,a24f236875ae64e90ac2659e91858d641ab1afc1e0a10df901307ea5e750b5bb,a885f945bd0ef745ace1cb77bd1118f5d683215dd9bc9dc3f02318d02e8788cb,/path/to/PETS-FFT-Ablation/results/final_unconditional_main_v1/evaluators/ETTh/T256/ts2vec_seed_0.pt,1.481459379196167,1
Diffusion-TS,ETTh,256,42,100002,context_fid,42,0.913618463307273,True,4096,a24f236875ae64e90ac2659e91858d641ab1afc1e0a10df901307ea5e750b5bb,a885f945bd0ef745ace1cb77bd1118f5d683215dd9bc9dc3f02318d02e8788cb,/path/to/PETS-FFT-Ablation/results/final_unconditional_main_v1/evaluators/ETTh/T256/ts2vec_seed_42.pt,1.566371202468872,1
Diffusion-TS,ETTh,256,42,100002,context_fid,123,0.8200118935866773,True,4096,a24f236875ae64e90ac2659e91858d641ab1afc1e0a10df901307ea5e750b5bb,a885f945bd0ef745ace1cb77bd1118f5d683215dd9bc9dc3f02318d02e8788cb,/path/to/PETS-FFT-Ablation/results/final_unconditional_main_v1/evaluators/ETTh/T256/ts2vec_seed_123.pt,1.4321322441101074,2
Diffusion-TS,ETTh,256,42,100003,context_fid,0,0.8156119966869657,True,4096,a24f236875ae64e90ac2659e91858d641ab1afc1e0a10df901307ea5e750b5bb,af5cec60423d77ae9bb013aa9d466cb5f08c2400614a198c46561203b17184e0,/path/to/PETS-FFT-Ablation/results/final_unconditional_main_v1/evaluators/ETTh/T256/ts2vec_seed_0.pt,1.46148681640625,1
Diffusion-TS,ETTh,256,42,100003,context_fid,42,0.860996403825111,True,4096,a24f236875ae64e90ac2659e91858d641ab1afc1e0a10df901307ea5e750b5bb,af5cec60423d77ae9bb013aa9d466cb5f08c2400614a198c46561203b17184e0,/path/to/PETS-FFT-Ablation/results/final_unconditional_main_v1/evaluators/ETTh/T256/ts2vec_seed_42.pt,1.3450188636779785,2
Diffusion-TS,ETTh,256,42,100003,context_fid,123,0.7699592525951103,True,4096,a24f236875ae64e90ac2659e91858d641ab1afc1e0a10df901307ea5e750b5bb,af5cec60423d77ae9bb013aa9d466cb5f08c2400614a198c46561203b17184e0,/path/to/PETS-FFT-Ablation/results/final_unconditional_main_v1/evaluators/ETTh/T256/ts2vec_seed_123.pt,1.3593940734863281,1
Diffusion-TS,ETTh,256,42,100004,context_fid,0,0.8172453075362749,True,4096,a24f236875ae64e90ac2659e91858d641ab1afc1e0a10df901307ea5e750b5bb,61fe4d42858ce2c5e8ec1d8d8cee205045e85a65887770a31b78c7094b1db423,/path/to/PETS-FFT-Ablation/results/final_unconditional_main_v1/evaluators/ETTh/T256/ts2vec_seed_0.pt,1.3592610359191895,0
Diffusion-TS,ETTh,256,42,100004,context_fid,42,0.8709484005827051,True,4096,a24f236875ae64e90ac2659e91858d641ab1afc1e0a10df901307ea5e750b5bb,61fe4d42858ce2c5e8ec1d8d8cee205045e85a65887770a31b78c7094b1db423,/path/to/PETS-FFT-Ablation/results/final_unconditional_main_v1/evaluators/ETTh/T256/ts2vec_seed_42.pt,1.3782734870910645,0
Diffusion-TS,ETTh,256,42,100004,context_fid,123,0.7713939618232919,True,4096,a24f236875ae64e90ac2659e91858d641ab1afc1e0a10df901307ea5e750b5bb,61fe4d42858ce2c5e8ec1d8d8cee205045e85a65887770a31b78c7094b1db423,/path/to/PETS-FFT-Ablation/results/final_unconditional_main_v1/evaluators/ETTh/T256/ts2vec_seed_123.pt,1.4251811504364014,2
Diffusion-TS,ETTh,256,123,100000,context_fid,0,2.819154299660657,True,4096,a24f236875ae64e90ac2659e91858d641ab1afc1e0a10df901307ea5e750b5bb,03b8b54dc1d901a5557568f6da81d462ac49a8d2219c973401eb4459bf083f5d,/path/to/PETS-FFT-Ablation/results/final_unconditional_main_v1/evaluators/ETTh/T256/ts2vec_seed_0.pt,1.3922057151794434,0
Diffusion-TS,ETTh,256,123,100000,context_fid,42,2.7108628401796224,True,4096,a24f236875ae64e90ac2659e91858d641ab1afc1e0a10df901307ea5e750b5bb,03b8b54dc1d901a5557568f6da81d462ac49a8d2219c973401eb4459bf083f5d,/path/to/PETS-FFT-Ablation/results/final_unconditional_main_v1/evaluators/ETTh/T256/ts2vec_seed_42.pt,1.4319498538970947,0
Diffusion-TS,ETTh,256,123,100000,context_fid,123,2.4565810639534256,True,4096,a24f236875ae64e90ac2659e91858d641ab1afc1e0a10df901307ea5e750b5bb,03b8b54dc1d901a5557568f6da81d462ac49a8d2219c973401eb4459bf083f5d,/path/to/PETS-FFT-Ablation/results/final_unconditional_main_v1/evaluators/ETTh/T256/ts2vec_seed_123.pt,1.541743516921997,0
Diffusion-TS,ETTh,256,123,100001,context_fid,0,2.8524332929496254,True,4096,a24f236875ae64e90ac2659e91858d641ab1afc1e0a10df901307ea5e750b5bb,e352da5ec0b3338bebdf162247f333fac3856c676e5bf2130fa0239d7cb2ad6b,/path/to/PETS-FFT-Ablation/results/final_unconditional_main_v1/evaluators/ETTh/T256/ts2vec_seed_0.pt,1.5077719688415527,2
Diffusion-TS,ETTh,256,123,100001,context_fid,42,2.7457841320692964,True,4096,a24f236875ae64e90ac2659e91858d641ab1afc1e0a10df901307ea5e750b5bb,e352da5ec0b3338bebdf162247f333fac3856c676e5bf2130fa0239d7cb2ad6b,/path/to/PETS-FFT-Ablation/results/final_unconditional_main_v1/evaluators/ETTh/T256/ts2vec_seed_42.pt,1.4699687957763672,2
Diffusion-TS,ETTh,256,123,100001,context_fid,123,2.4911909001417083,True,4096,a24f236875ae64e90ac2659e91858d641ab1afc1e0a10df901307ea5e750b5bb,e352da5ec0b3338bebdf162247f333fac3856c676e5bf2130fa0239d7cb2ad6b,/path/to/PETS-FFT-Ablation/results/final_unconditional_main_v1/evaluators/ETTh/T256/ts2vec_seed_123.pt,1.4321098327636719,2
Diffusion-TS,ETTh,256,123,100002,context_fid,0,2.871273799176046,True,4096,a24f236875ae64e90ac2659e91858d641ab1afc1e0a10df901307ea5e750b5bb,0daedec9d3d595c2d177edeac1102afe1be5857fe9efbb2c0b572fc1a20ec34c,/path/to/PETS-FFT-Ablation/results/final_unconditional_main_v1/evaluators/ETTh/T256/ts2vec_seed_0.pt,1.4510853290557861,1
Diffusion-TS,ETTh,256,123,100002,context_fid,42,2.7591349142241723,True,4096,a24f236875ae64e90ac2659e91858d641ab1afc1e0a10df901307ea5e750b5bb,0daedec9d3d595c2d177edeac1102afe1be5857fe9efbb2c0b572fc1a20ec34c,/path/to/PETS-FFT-Ablation/results/final_unconditional_main_v1/evaluators/ETTh/T256/ts2vec_seed_42.pt,1.407735824584961,2
Diffusion-TS,ETTh,256,123,100002,context_fid,123,2.5097958087519685,True,4096,a24f236875ae64e90ac2659e91858d641ab1afc1e0a10df901307ea5e750b5bb,0daedec9d3d595c2d177edeac1102afe1be5857fe9efbb2c0b572fc1a20ec34c,/path/to/PETS-FFT-Ablation/results/final_unconditional_main_v1/evaluators/ETTh/T256/ts2vec_seed_123.pt,1.446643352508545,1
Diffusion-TS,ETTh,256,123,100003,context_fid,0,2.8346974555495237,True,4096,a24f236875ae64e90ac2659e91858d641ab1afc1e0a10df901307ea5e750b5bb,a1f1025c91057034fed61959a9b037c2206f150d081efaf60435049265665d33,/path/to/PETS-FFT-Ablation/results/final_unconditional_main_v1/evaluators/ETTh/T256/ts2vec_seed_0.pt,1.2988426685333252,1
Diffusion-TS,ETTh,256,123,100003,context_fid,42,2.722747665861041,True,4096,a24f236875ae64e90ac2659e91858d641ab1afc1e0a10df901307ea5e750b5bb,a1f1025c91057034fed61959a9b037c2206f150d081efaf60435049265665d33,/path/to/PETS-FFT-Ablation/results/final_unconditional_main_v1/evaluators/ETTh/T256/ts2vec_seed_42.pt,1.3799662590026855,0
Diffusion-TS,ETTh,256,123,100003,context_fid,123,2.4733061820725166,True,4096,a24f236875ae64e90ac2659e91858d641ab1afc1e0a10df901307ea5e750b5bb,a1f1025c91057034fed61959a9b037c2206f150d081efaf60435049265665d33,/path/to/PETS-FFT-Ablation/results/final_unconditional_main_v1/evaluators/ETTh/T256/ts2vec_seed_123.pt,1.5509591102600098,1
Diffusion-TS,ETTh,256,123,100004,context_fid,0,2.861763289277877,True,4096,a24f236875ae64e90ac2659e91858d641ab1afc1e0a10df901307ea5e750b5bb,84d163dcdfdd5751e18a05371e562a76f47c21b2814d1defdc2c4da0f8fd516d,/path/to/PETS-FFT-Ablation/results/final_unconditional_main_v1/evaluators/ETTh/T256/ts2vec_seed_0.pt,1.3907082080841064,1
Diffusion-TS,ETTh,256,123,100004,context_fid,42,2.7548759555178206,True,4096,a24f236875ae64e90ac2659e91858d641ab1afc1e0a10df901307ea5e750b5bb,84d163dcdfdd5751e18a05371e562a76f47c21b2814d1defdc2c4da0f8fd516d,/path/to/PETS-FFT-Ablation/results/final_unconditional_main_v1/evaluators/ETTh/T256/ts2vec_seed_42.pt,1.489069938659668,1
Diffusion-TS,ETTh,256,123,100004,context_fid,123,2.495924433932234,True,4096,a24f236875ae64e90ac2659e91858d641ab1afc1e0a10df901307ea5e750b5bb,84d163dcdfdd5751e18a05371e562a76f47c21b2814d1defdc2c4da0f8fd516d,/path/to/PETS-FFT-Ablation/results/final_unconditional_main_v1/evaluators/ETTh/T256/ts2vec_seed_123.pt,1.3742644786834717,0
PETS-U,ETTh,256,0,100000,context_fid,0,1.8980622309291448,True,4096,a24f236875ae64e90ac2659e91858d641ab1afc1e0a10df901307ea5e750b5bb,61e9b06d75337aacb33cbea8dce4a5143b4f91ac1769cab57b76beb5d036e64a,/path/to/PETS-FFT-Ablation/results/final_unconditional_main_v1/evaluators/ETTh/T256/ts2vec_seed_0.pt,1.366220474243164,2
PETS-U,ETTh,256,0,100000,context_fid,42,1.85548684417951,True,4096,a24f236875ae64e90ac2659e91858d641ab1afc1e0a10df901307ea5e750b5bb,61e9b06d75337aacb33cbea8dce4a5143b4f91ac1769cab57b76beb5d036e64a,/path/to/PETS-FFT-Ablation/results/final_unconditional_main_v1/evaluators/ETTh/T256/ts2vec_seed_42.pt,1.4000308513641357,0
PETS-U,ETTh,256,0,100000,context_fid,123,1.6046695972660028,True,4096,a24f236875ae64e90ac2659e91858d641ab1afc1e0a10df901307ea5e750b5bb,61e9b06d75337aacb33cbea8dce4a5143b4f91ac1769cab57b76beb5d036e64a,/path/to/PETS-FFT-Ablation/results/final_unconditional_main_v1/evaluators/ETTh/T256/ts2vec_seed_123.pt,1.6625540256500244,2
PETS-U,ETTh,256,0,100001,context_fid,0,2.016047894100046,True,4096,a24f236875ae64e90ac2659e91858d641ab1afc1e0a10df901307ea5e750b5bb,c1a8073f3ce1640da49d2e34020d3b7c202d56d6d5e6f0bf206bc61471ce6416,/path/to/PETS-FFT-Ablation/results/final_unconditional_main_v1/evaluators/ETTh/T256/ts2vec_seed_0.pt,1.5083913803100586,1
PETS-U,ETTh,256,0,100001,context_fid,42,1.9687402916689032,True,4096,a24f236875ae64e90ac2659e91858d641ab1afc1e0a10df901307ea5e750b5bb,c1a8073f3ce1640da49d2e34020d3b7c202d56d6d5e6f0bf206bc61471ce6416,/path/to/PETS-FFT-Ablation/results/final_unconditional_main_v1/evaluators/ETTh/T256/ts2vec_seed_42.pt,1.435577154159546,2
PETS-U,ETTh,256,0,100001,context_fid,123,1.7071374958526073,True,4096,a24f236875ae64e90ac2659e91858d641ab1afc1e0a10df901307ea5e750b5bb,c1a8073f3ce1640da49d2e34020d3b7c202d56d6d5e6f0bf206bc61471ce6416,/path/to/PETS-FFT-Ablation/results/final_unconditional_main_v1/evaluators/ETTh/T256/ts2vec_seed_123.pt,1.480919599533081,1
PETS-U,ETTh,256,0,100002,context_fid,0,1.912792690785285,True,4096,a24f236875ae64e90ac2659e91858d641ab1afc1e0a10df901307ea5e750b5bb,1a9070dead1c94938dac48a117a0f6c5836e6425d69f652a316dc04e8f14a877,/path/to/PETS-FFT-Ablation/results/final_unconditional_main_v1/evaluators/ETTh/T256/ts2vec_seed_0.pt,1.398442029953003,1
PETS-U,ETTh,256,0,100002,context_fid,42,1.8768375768391738,True,4096,a24f236875ae64e90ac2659e91858d641ab1afc1e0a10df901307ea5e750b5bb,1a9070dead1c94938dac48a117a0f6c5836e6425d69f652a316dc04e8f14a877,/path/to/PETS-FFT-Ablation/results/final_unconditional_main_v1/evaluators/ETTh/T256/ts2vec_seed_42.pt,1.4639701843261719,2
PETS-U,ETTh,256,0,100002,context_fid,123,1.6264813232265982,True,4096,a24f236875ae64e90ac2659e91858d641ab1afc1e0a10df901307ea5e750b5bb,1a9070dead1c94938dac48a117a0f6c5836e6425d69f652a316dc04e8f14a877,/path/to/PETS-FFT-Ablation/results/final_unconditional_main_v1/evaluators/ETTh/T256/ts2vec_seed_123.pt,1.5034525394439697,1
PETS-U,ETTh,256,0,100003,context_fid,0,1.9228783051556624,True,4096,a24f236875ae64e90ac2659e91858d641ab1afc1e0a10df901307ea5e750b5bb,c1e3f8867fa27f86d0627163958c37ce71a1109d9554149abd41e3ac18f96c9d,/path/to/PETS-FFT-Ablation/results/final_unconditional_main_v1/evaluators/ETTh/T256/ts2vec_seed_0.pt,1.4838032722473145,2
PETS-U,ETTh,256,0,100003,context_fid,42,1.8759012677703892,True,4096,a24f236875ae64e90ac2659e91858d641ab1afc1e0a10df901307ea5e750b5bb,c1e3f8867fa27f86d0627163958c37ce71a1109d9554149abd41e3ac18f96c9d,/path/to/PETS-FFT-Ablation/results/final_unconditional_main_v1/evaluators/ETTh/T256/ts2vec_seed_42.pt,1.3881983757019043,2
PETS-U,ETTh,256,0,100003,context_fid,123,1.6286334800345252,True,4096,a24f236875ae64e90ac2659e91858d641ab1afc1e0a10df901307ea5e750b5bb,c1e3f8867fa27f86d0627163958c37ce71a1109d9554149abd41e3ac18f96c9d,/path/to/PETS-FFT-Ablation/results/final_unconditional_main_v1/evaluators/ETTh/T256/ts2vec_seed_123.pt,1.5092041492462158,1
PETS-U,ETTh,256,0,100004,context_fid,0,2.0238458722013717,True,4096,a24f236875ae64e90ac2659e91858d641ab1afc1e0a10df901307ea5e750b5bb,a5089773c92781e2d9dd6eee08f18b1bd99e0f9ed323d3124070a4642ef32d64,/path/to/PETS-FFT-Ablation/results/final_unconditional_main_v1/evaluators/ETTh/T256/ts2vec_seed_0.pt,1.390749216079712,1
PETS-U,ETTh,256,0,100004,context_fid,42,1.9718212201579968,True,4096,a24f236875ae64e90ac2659e91858d641ab1afc1e0a10df901307ea5e750b5bb,a5089773c92781e2d9dd6eee08f18b1bd99e0f9ed323d3124070a4642ef32d64,/path/to/PETS-FFT-Ablation/results/final_unconditional_main_v1/evaluators/ETTh/T256/ts2vec_seed_42.pt,1.38704252243042,1
PETS-U,ETTh,256,0,100004,context_fid,123,1.7233604219822145,True,4096,a24f236875ae64e90ac2659e91858d641ab1afc1e0a10df901307ea5e750b5bb,a5089773c92781e2d9dd6eee08f18b1bd99e0f9ed323d3124070a4642ef32d64,/path/to/PETS-FFT-Ablation/results/final_unconditional_main_v1/evaluators/ETTh/T256/ts2vec_seed_123.pt,1.4998116493225098,1
PETS-U,ETTh,256,42,100000,context_fid,0,1.760133092968961,True,4096,a24f236875ae64e90ac2659e91858d641ab1afc1e0a10df901307ea5e750b5bb,45ebaa29c0b2aa8a54894379ef2ffa5a4edc7cd415694688c1b0b1434373a604,/path/to/PETS-FFT-Ablation/results/final_unconditional_main_v1/evaluators/ETTh/T256/ts2vec_seed_0.pt,1.386568307876587,1
PETS-U,ETTh,256,42,100000,context_fid,42,1.7452785338503414,True,4096,a24f236875ae64e90ac2659e91858d641ab1afc1e0a10df901307ea5e750b5bb,45ebaa29c0b2aa8a54894379ef2ffa5a4edc7cd415694688c1b0b1434373a604,/path/to/PETS-FFT-Ablation/results/final_unconditional_main_v1/evaluators/ETTh/T256/ts2vec_seed_42.pt,1.4149806499481201,1
PETS-U,ETTh,256,42,100000,context_fid,123,1.4792102738602781,True,4096,a24f236875ae64e90ac2659e91858d641ab1afc1e0a10df901307ea5e750b5bb,45ebaa29c0b2aa8a54894379ef2ffa5a4edc7cd415694688c1b0b1434373a604,/path/to/PETS-FFT-Ablation/results/final_unconditional_main_v1/evaluators/ETTh/T256/ts2vec_seed_123.pt,1.5586004257202148,2
PETS-U,ETTh,256,42,100001,context_fid,0,1.7400121071401156,True,4096,a24f236875ae64e90ac2659e91858d641ab1afc1e0a10df901307ea5e750b5bb,43f09be7b372bea7fcff91a2d9d18aa84fb372ff5f5c4f9fa7cef8c05346b577,/path/to/PETS-FFT-Ablation/results/final_unconditional_main_v1/evaluators/ETTh/T256/ts2vec_seed_0.pt,1.4071846008300781,1
PETS-U,ETTh,256,42,100001,context_fid,42,1.72969098077987,True,4096,a24f236875ae64e90ac2659e91858d641ab1afc1e0a10df901307ea5e750b5bb,43f09be7b372bea7fcff91a2d9d18aa84fb372ff5f5c4f9fa7cef8c05346b577,/path/to/PETS-FFT-Ablation/results/final_unconditional_main_v1/evaluators/ETTh/T256/ts2vec_seed_42.pt,1.5393080711364746,1
PETS-U,ETTh,256,42,100001,context_fid,123,1.4766853283749097,True,4096,a24f236875ae64e90ac2659e91858d641ab1afc1e0a10df901307ea5e750b5bb,43f09be7b372bea7fcff91a2d9d18aa84fb372ff5f5c4f9fa7cef8c05346b577,/path/to/PETS-FFT-Ablation/results/final_unconditional_main_v1/evaluators/ETTh/T256/ts2vec_seed_123.pt,1.3849658966064453,1
PETS-U,ETTh,256,42,100002,context_fid,0,1.7154930340196195,True,4096,a24f236875ae64e90ac2659e91858d641ab1afc1e0a10df901307ea5e750b5bb,9f063845221ac71ce73936d7960dd2f63f3fa941aae607dcf0677844972e0cda,/path/to/PETS-FFT-Ablation/results/final_unconditional_main_v1/evaluators/ETTh/T256/ts2vec_seed_0.pt,1.5114946365356445,1
PETS-U,ETTh,256,42,100002,context_fid,42,1.697315145863615,True,4096,a24f236875ae64e90ac2659e91858d641ab1afc1e0a10df901307ea5e750b5bb,9f063845221ac71ce73936d7960dd2f63f3fa941aae607dcf0677844972e0cda,/path/to/PETS-FFT-Ablation/results/final_unconditional_main_v1/evaluators/ETTh/T256/ts2vec_seed_42.pt,1.48110032081604,1
PETS-U,ETTh,256,42,100002,context_fid,123,1.4577816078276913,True,4096,a24f236875ae64e90ac2659e91858d641ab1afc1e0a10df901307ea5e750b5bb,9f063845221ac71ce73936d7960dd2f63f3fa941aae607dcf0677844972e0cda,/path/to/PETS-FFT-Ablation/results/final_unconditional_main_v1/evaluators/ETTh/T256/ts2vec_seed_123.pt,1.544924020767212,2
PETS-U,ETTh,256,42,100003,context_fid,0,1.661427077306938,True,4096,a24f236875ae64e90ac2659e91858d641ab1afc1e0a10df901307ea5e750b5bb,0c6ccc3b4dde105be3af1c1eaa3633efce2de6569391090bd0326def08d55c26,/path/to/PETS-FFT-Ablation/results/final_unconditional_main_v1/evaluators/ETTh/T256/ts2vec_seed_0.pt,1.567664623260498,2
PETS-U,ETTh,256,42,100003,context_fid,42,1.647166954328726,True,4096,a24f236875ae64e90ac2659e91858d641ab1afc1e0a10df901307ea5e750b5bb,0c6ccc3b4dde105be3af1c1eaa3633efce2de6569391090bd0326def08d55c26,/path/to/PETS-FFT-Ablation/results/final_unconditional_main_v1/evaluators/ETTh/T256/ts2vec_seed_42.pt,1.4188194274902344,2
PETS-U,ETTh,256,42,100003,context_fid,123,1.4032032437820288,True,4096,a24f236875ae64e90ac2659e91858d641ab1afc1e0a10df901307ea5e750b5bb,0c6ccc3b4dde105be3af1c1eaa3633efce2de6569391090bd0326def08d55c26,/path/to/PETS-FFT-Ablation/results/final_unconditional_main_v1/evaluators/ETTh/T256/ts2vec_seed_123.pt,1.4985589981079102,1
PETS-U,ETTh,256,42,100004,context_fid,0,1.686996883183482,True,4096,a24f236875ae64e90ac2659e91858d641ab1afc1e0a10df901307ea5e750b5bb,471af5005fb43efe517e6ad116a56eca694d5a29acf532d0914a81c656ab375e,/path/to/PETS-FFT-Ablation/results/final_unconditional_main_v1/evaluators/ETTh/T256/ts2vec_seed_0.pt,1.4630074501037598,1
PETS-U,ETTh,256,42,100004,context_fid,42,1.678119758658386,True,4096,a24f236875ae64e90ac2659e91858d641ab1afc1e0a10df901307ea5e750b5bb,471af5005fb43efe517e6ad116a56eca694d5a29acf532d0914a81c656ab375e,/path/to/PETS-FFT-Ablation/results/final_unconditional_main_v1/evaluators/ETTh/T256/ts2vec_seed_42.pt,1.4122488498687744,1
PETS-U,ETTh,256,42,100004,context_fid,123,1.436857340532543,True,4096,a24f236875ae64e90ac2659e91858d641ab1afc1e0a10df901307ea5e750b5bb,471af5005fb43efe517e6ad116a56eca694d5a29acf532d0914a81c656ab375e,/path/to/PETS-FFT-Ablation/results/final_unconditional_main_v1/evaluators/ETTh/T256/ts2vec_seed_123.pt,1.4394354820251465,1
PETS-U,ETTh,256,123,100000,context_fid,0,1.6055906236605924,True,4096,a24f236875ae64e90ac2659e91858d641ab1afc1e0a10df901307ea5e750b5bb,612a1bbd6c648b474d41a06e66a4d8eaa107c5685977e3ce2398df0ecda97b63,/path/to/PETS-FFT-Ablation/results/final_unconditional_main_v1/evaluators/ETTh/T256/ts2vec_seed_0.pt,1.332183837890625,1
PETS-U,ETTh,256,123,100000,context_fid,42,1.5994298717996502,True,4096,a24f236875ae64e90ac2659e91858d641ab1afc1e0a10df901307ea5e750b5bb,612a1bbd6c648b474d41a06e66a4d8eaa107c5685977e3ce2398df0ecda97b63,/path/to/PETS-FFT-Ablation/results/final_unconditional_main_v1/evaluators/ETTh/T256/ts2vec_seed_42.pt,1.496180772781372,2
PETS-U,ETTh,256,123,100000,context_fid,123,1.3992529049067581,True,4096,a24f236875ae64e90ac2659e91858d641ab1afc1e0a10df901307ea5e750b5bb,612a1bbd6c648b474d41a06e66a4d8eaa107c5685977e3ce2398df0ecda97b63,/path/to/PETS-FFT-Ablation/results/final_unconditional_main_v1/evaluators/ETTh/T256/ts2vec_seed_123.pt,1.5788171291351318,1
PETS-U,ETTh,256,123,100001,context_fid,0,1.6229988059713403,True,4096,a24f236875ae64e90ac2659e91858d641ab1afc1e0a10df901307ea5e750b5bb,2fdf542b47f17d39af419df3d9040ffaaf1cc343b6012bd111fc993e06653874,/path/to/PETS-FFT-Ablation/results/final_unconditional_main_v1/evaluators/ETTh/T256/ts2vec_seed_0.pt,1.4378752708435059,1
PETS-U,ETTh,256,123,100001,context_fid,42,1.6193215505432783,True,4096,a24f236875ae64e90ac2659e91858d641ab1afc1e0a10df901307ea5e750b5bb,2fdf542b47f17d39af419df3d9040ffaaf1cc343b6012bd111fc993e06653874,/path/to/PETS-FFT-Ablation/results/final_unconditional_main_v1/evaluators/ETTh/T256/ts2vec_seed_42.pt,1.482496976852417,1
PETS-U,ETTh,256,123,100001,context_fid,123,1.4123987150930337,True,4096,a24f236875ae64e90ac2659e91858d641ab1afc1e0a10df901307ea5e750b5bb,2fdf542b47f17d39af419df3d9040ffaaf1cc343b6012bd111fc993e06653874,/path/to/PETS-FFT-Ablation/results/final_unconditional_main_v1/evaluators/ETTh/T256/ts2vec_seed_123.pt,1.5450348854064941,2
PETS-U,ETTh,256,123,100002,context_fid,0,1.5858751949393146,True,4096,a24f236875ae64e90ac2659e91858d641ab1afc1e0a10df901307ea5e750b5bb,449fb48733fa2fc154801423cdbeac4d3b28abb2badf43ea678a4649784cd093,/path/to/PETS-FFT-Ablation/results/final_unconditional_main_v1/evaluators/ETTh/T256/ts2vec_seed_0.pt,1.344940423965454,0
PETS-U,ETTh,256,123,100002,context_fid,42,1.5838590130629449,True,4096,a24f236875ae64e90ac2659e91858d641ab1afc1e0a10df901307ea5e750b5bb,449fb48733fa2fc154801423cdbeac4d3b28abb2badf43ea678a4649784cd093,/path/to/PETS-FFT-Ablation/results/final_unconditional_main_v1/evaluators/ETTh/T256/ts2vec_seed_42.pt,1.4472382068634033,1
PETS-U,ETTh,256,123,100002,context_fid,123,1.378103185911419,True,4096,a24f236875ae64e90ac2659e91858d641ab1afc1e0a10df901307ea5e750b5bb,449fb48733fa2fc154801423cdbeac4d3b28abb2badf43ea678a4649784cd093,/path/to/PETS-FFT-Ablation/results/final_unconditional_main_v1/evaluators/ETTh/T256/ts2vec_seed_123.pt,1.5400311946868896,0
PETS-U,ETTh,256,123,100003,context_fid,0,1.5722578779850496,True,4096,a24f236875ae64e90ac2659e91858d641ab1afc1e0a10df901307ea5e750b5bb,fcdf1e2ba7967cd6bdb0292b33a0bfa70459557dc3b2ebd598919e2795adc58e,/path/to/PETS-FFT-Ablation/results/final_unconditional_main_v1/evaluators/ETTh/T256/ts2vec_seed_0.pt,1.5470359325408936,0
PETS-U,ETTh,256,123,100003,context_fid,42,1.5703306674042317,True,4096,a24f236875ae64e90ac2659e91858d641ab1afc1e0a10df901307ea5e750b5bb,fcdf1e2ba7967cd6bdb0292b33a0bfa70459557dc3b2ebd598919e2795adc58e,/path/to/PETS-FFT-Ablation/results/final_unconditional_main_v1/evaluators/ETTh/T256/ts2vec_seed_42.pt,1.4477782249450684,1
PETS-U,ETTh,256,123,100003,context_fid,123,1.3742057882581917,True,4096,a24f236875ae64e90ac2659e91858d641ab1afc1e0a10df901307ea5e750b5bb,fcdf1e2ba7967cd6bdb0292b33a0bfa70459557dc3b2ebd598919e2795adc58e,/path/to/PETS-FFT-Ablation/results/final_unconditional_main_v1/evaluators/ETTh/T256/ts2vec_seed_123.pt,1.4447646141052246,0
PETS-U,ETTh,256,123,100004,context_fid,0,1.592927784420838,True,4096,a24f236875ae64e90ac2659e91858d641ab1afc1e0a10df901307ea5e750b5bb,c35a89c64f8cb6fe013b6d2ed775c733b397c13e068b8746319ccef2a7c7f11c,/path/to/PETS-FFT-Ablation/results/final_unconditional_main_v1/evaluators/ETTh/T256/ts2vec_seed_0.pt,1.4225893020629883,1
PETS-U,ETTh,256,123,100004,context_fid,42,1.5872434935097244,True,4096,a24f236875ae64e90ac2659e91858d641ab1afc1e0a10df901307ea5e750b5bb,c35a89c64f8cb6fe013b6d2ed775c733b397c13e068b8746319ccef2a7c7f11c,/path/to/PETS-FFT-Ablation/results/final_unconditional_main_v1/evaluators/ETTh/T256/ts2vec_seed_42.pt,1.4477269649505615,1
PETS-U,ETTh,256,123,100004,context_fid,123,1.38538373534461,True,4096,a24f236875ae64e90ac2659e91858d641ab1afc1e0a10df901307ea5e750b5bb,c35a89c64f8cb6fe013b6d2ed775c733b397c13e068b8746319ccef2a7c7f11c,/path/to/PETS-FFT-Ablation/results/final_unconditional_main_v1/evaluators/ETTh/T256/ts2vec_seed_123.pt,1.385507345199585,1
Diffusion-TS,Energy,64,0,100000,context_fid,0,0.924281971808558,True,4096,4de04ef73b0e56b19af594a31b813a4697ed7c514b305259bb0ad4595412bc35,e894fdca7597a52277dbfab5eb39f2394aa54da2e62e0a3b8a012f991d92c4ea,/path/to/PETS-FFT-Ablation/results/final_unconditional_main_v1/evaluators/Energy/T64/ts2vec_seed_0.pt,1.3257145881652832,0
Diffusion-TS,Energy,64,0,100000,context_fid,42,0.6272993951879915,True,4096,4de04ef73b0e56b19af594a31b813a4697ed7c514b305259bb0ad4595412bc35,e894fdca7597a52277dbfab5eb39f2394aa54da2e62e0a3b8a012f991d92c4ea,/path/to/PETS-FFT-Ablation/results/final_unconditional_main_v1/evaluators/Energy/T64/ts2vec_seed_42.pt,1.5538718700408936,0
Diffusion-TS,Energy,64,0,100000,context_fid,123,0.8591934379452084,True,4096,4de04ef73b0e56b19af594a31b813a4697ed7c514b305259bb0ad4595412bc35,e894fdca7597a52277dbfab5eb39f2394aa54da2e62e0a3b8a012f991d92c4ea,/path/to/PETS-FFT-Ablation/results/final_unconditional_main_v1/evaluators/Energy/T64/ts2vec_seed_123.pt,1.4972798824310303,1
Diffusion-TS,Energy,64,0,100001,context_fid,0,0.9348240593172185,True,4096,4de04ef73b0e56b19af594a31b813a4697ed7c514b305259bb0ad4595412bc35,65c0fd8ab10fb4849cb8d87a2b48f4834a50ab0072986ffc158f1576ef703003,/path/to/PETS-FFT-Ablation/results/final_unconditional_main_v1/evaluators/Energy/T64/ts2vec_seed_0.pt,1.275277853012085,2
Diffusion-TS,Energy,64,0,100001,context_fid,42,0.610307618005109,True,4096,4de04ef73b0e56b19af594a31b813a4697ed7c514b305259bb0ad4595412bc35,65c0fd8ab10fb4849cb8d87a2b48f4834a50ab0072986ffc158f1576ef703003,/path/to/PETS-FFT-Ablation/results/final_unconditional_main_v1/evaluators/Energy/T64/ts2vec_seed_42.pt,1.3112754821777344,0
Diffusion-TS,Energy,64,0,100001,context_fid,123,0.8520070172704862,True,4096,4de04ef73b0e56b19af594a31b813a4697ed7c514b305259bb0ad4595412bc35,65c0fd8ab10fb4849cb8d87a2b48f4834a50ab0072986ffc158f1576ef703003,/path/to/PETS-FFT-Ablation/results/final_unconditional_main_v1/evaluators/Energy/T64/ts2vec_seed_123.pt,1.4217722415924072,2
Diffusion-TS,Energy,64,0,100002,context_fid,0,0.9513035223598443,True,4096,4de04ef73b0e56b19af594a31b813a4697ed7c514b305259bb0ad4595412bc35,639670711b50478ac77c495df203ac3a80b48612b51e226c43d6bb1fa5e80fef,/path/to/PETS-FFT-Ablation/results/final_unconditional_main_v1/evaluators/Energy/T64/ts2vec_seed_0.pt,1.6982266902923584,2
Diffusion-TS,Energy,64,0,100002,context_fid,42,0.6330644002889942,True,4096,4de04ef73b0e56b19af594a31b813a4697ed7c514b305259bb0ad4595412bc35,639670711b50478ac77c495df203ac3a80b48612b51e226c43d6bb1fa5e80fef,/path/to/PETS-FFT-Ablation/results/final_unconditional_main_v1/evaluators/Energy/T64/ts2vec_seed_42.pt,1.266207218170166,0
Diffusion-TS,Energy,64,0,100002,context_fid,123,0.8593920267341115,True,4096,4de04ef73b0e56b19af594a31b813a4697ed7c514b305259bb0ad4595412bc35,639670711b50478ac77c495df203ac3a80b48612b51e226c43d6bb1fa5e80fef,/path/to/PETS-FFT-Ablation/results/final_unconditional_main_v1/evaluators/Energy/T64/ts2vec_seed_123.pt,1.5311172008514404,1
Diffusion-TS,Energy,64,0,100003,context_fid,0,0.9279947200366753,True,4096,4de04ef73b0e56b19af594a31b813a4697ed7c514b305259bb0ad4595412bc35,927fb8ec58f6312c6454420e2d46a19900ab6b7883f887d4bd98c34635dcf26b,/path/to/PETS-FFT-Ablation/results/final_unconditional_main_v1/evaluators/Energy/T64/ts2vec_seed_0.pt,1.4891440868377686,2
Diffusion-TS,Energy,64,0,100003,context_fid,42,0.6194528255595326,True,4096,4de04ef73b0e56b19af594a31b813a4697ed7c514b305259bb0ad4595412bc35,927fb8ec58f6312c6454420e2d46a19900ab6b7883f887d4bd98c34635dcf26b,/path/to/PETS-FFT-Ablation/results/final_unconditional_main_v1/evaluators/Energy/T64/ts2vec_seed_42.pt,1.507378101348877,1
Diffusion-TS,Energy,64,0,100003,context_fid,123,0.8386156587207854,True,4096,4de04ef73b0e56b19af594a31b813a4697ed7c514b305259bb0ad4595412bc35,927fb8ec58f6312c6454420e2d46a19900ab6b7883f887d4bd98c34635dcf26b,/path/to/PETS-FFT-Ablation/results/final_unconditional_main_v1/evaluators/Energy/T64/ts2vec_seed_123.pt,1.3501851558685303,0
Diffusion-TS,Energy,64,0,100004,context_fid,0,0.9385253582790009,True,4096,4de04ef73b0e56b19af594a31b813a4697ed7c514b305259bb0ad4595412bc35,a1056254d228cba8d34f615b135cd51ad98531b018f210a24061cfd54be9e246,/path/to/PETS-FFT-Ablation/results/final_unconditional_main_v1/evaluators/Energy/T64/ts2vec_seed_0.pt,1.3594756126403809,0
Diffusion-TS,Energy,64,0,100004,context_fid,42,0.6181766273144551,True,4096,4de04ef73b0e56b19af594a31b813a4697ed7c514b305259bb0ad4595412bc35,a1056254d228cba8d34f615b135cd51ad98531b018f210a24061cfd54be9e246,/path/to/PETS-FFT-Ablation/results/final_unconditional_main_v1/evaluators/Energy/T64/ts2vec_seed_42.pt,1.4741590023040771,1
Diffusion-TS,Energy,64,0,100004,context_fid,123,0.8663047201635987,True,4096,4de04ef73b0e56b19af594a31b813a4697ed7c514b305259bb0ad4595412bc35,a1056254d228cba8d34f615b135cd51ad98531b018f210a24061cfd54be9e246,/path/to/PETS-FFT-Ablation/results/final_unconditional_main_v1/evaluators/Energy/T64/ts2vec_seed_123.pt,1.4455196857452393,0
Diffusion-TS,Energy,64,42,100000,context_fid,0,0.7054979063950053,True,4096,4de04ef73b0e56b19af594a31b813a4697ed7c514b305259bb0ad4595412bc35,7ff244d602c0f6afdec471d87887f5bc501aae3b99065081f8e82a1280bd2bbb,/path/to/PETS-FFT-Ablation/results/final_unconditional_main_v1/evaluators/Energy/T64/ts2vec_seed_0.pt,1.344649314880371,2
Diffusion-TS,Energy,64,42,100000,context_fid,42,0.45085765406394795,True,4096,4de04ef73b0e56b19af594a31b813a4697ed7c514b305259bb0ad4595412bc35,7ff244d602c0f6afdec471d87887f5bc501aae3b99065081f8e82a1280bd2bbb,/path/to/PETS-FFT-Ablation/results/final_unconditional_main_v1/evaluators/Energy/T64/ts2vec_seed_42.pt,1.367737054824829,0
Diffusion-TS,Energy,64,42,100000,context_fid,123,0.6420848799263721,True,4096,4de04ef73b0e56b19af594a31b813a4697ed7c514b305259bb0ad4595412bc35,7ff244d602c0f6afdec471d87887f5bc501aae3b99065081f8e82a1280bd2bbb,/path/to/PETS-FFT-Ablation/results/final_unconditional_main_v1/evaluators/Energy/T64/ts2vec_seed_123.pt,1.3755593299865723,1
Diffusion-TS,Energy,64,42,100001,context_fid,0,0.7330880575686531,True,4096,4de04ef73b0e56b19af594a31b813a4697ed7c514b305259bb0ad4595412bc35,e7605d732d74206276da1542cf93ddcf12e4301100ee39a8a527c32094e47ac1,/path/to/PETS-FFT-Ablation/results/final_unconditional_main_v1/evaluators/Energy/T64/ts2vec_seed_0.pt,1.3441870212554932,0
Diffusion-TS,Energy,64,42,100001,context_fid,42,0.46411498064335,True,4096,4de04ef73b0e56b19af594a31b813a4697ed7c514b305259bb0ad4595412bc35,e7605d732d74206276da1542cf93ddcf12e4301100ee39a8a527c32094e47ac1,/path/to/PETS-FFT-Ablation/results/final_unconditional_main_v1/evaluators/Energy/T64/ts2vec_seed_42.pt,1.4891390800476074,0
Diffusion-TS,Energy,64,42,100001,context_fid,123,0.6806576838636897,True,4096,4de04ef73b0e56b19af594a31b813a4697ed7c514b305259bb0ad4595412bc35,e7605d732d74206276da1542cf93ddcf12e4301100ee39a8a527c32094e47ac1,/path/to/PETS-FFT-Ablation/results/final_unconditional_main_v1/evaluators/Energy/T64/ts2vec_seed_123.pt,1.3423244953155518,2
Diffusion-TS,Energy,64,42,100002,context_fid,0,0.7523511172050332,True,4096,4de04ef73b0e56b19af594a31b813a4697ed7c514b305259bb0ad4595412bc35,5cf3b20e13956bcdd7bbe11d007dcc8ac81d6206931009796fc366b9ee9382a6,/path/to/PETS-FFT-Ablation/results/final_unconditional_main_v1/evaluators/Energy/T64/ts2vec_seed_0.pt,1.308403491973877,2
Diffusion-TS,Energy,64,42,100002,context_fid,42,0.4839697475981565,True,4096,4de04ef73b0e56b19af594a31b813a4697ed7c514b305259bb0ad4595412bc35,5cf3b20e13956bcdd7bbe11d007dcc8ac81d6206931009796fc366b9ee9382a6,/path/to/PETS-FFT-Ablation/results/final_unconditional_main_v1/evaluators/Energy/T64/ts2vec_seed_42.pt,1.4680709838867188,0
Diffusion-TS,Energy,64,42,100002,context_fid,123,0.6887096651215449,True,4096,4de04ef73b0e56b19af594a31b813a4697ed7c514b305259bb0ad4595412bc35,5cf3b20e13956bcdd7bbe11d007dcc8ac81d6206931009796fc366b9ee9382a6,/path/to/PETS-FFT-Ablation/results/final_unconditional_main_v1/evaluators/Energy/T64/ts2vec_seed_123.pt,1.4970974922180176,2
Diffusion-TS,Energy,64,42,100003,context_fid,0,0.7474967831542233,True,4096,4de04ef73b0e56b19af594a31b813a4697ed7c514b305259bb0ad4595412bc35,30ecb3be2b8ba46d9e62e40425e3cc481fbdb0ccc64e768f19eed4cafe943fe4,/path/to/PETS-FFT-Ablation/results/final_unconditional_main_v1/evaluators/Energy/T64/ts2vec_seed_0.pt,1.2763900756835938,2
Diffusion-TS,Energy,64,42,100003,context_fid,42,0.4750199932940809,True,4096,4de04ef73b0e56b19af594a31b813a4697ed7c514b305259bb0ad4595412bc35,30ecb3be2b8ba46d9e62e40425e3cc481fbdb0ccc64e768f19eed4cafe943fe4,/path/to/PETS-FFT-Ablation/results/final_unconditional_main_v1/evaluators/Energy/T64/ts2vec_seed_42.pt,1.408571481704712,1
Diffusion-TS,Energy,64,42,100003,context_fid,123,0.6988221773471002,True,4096,4de04ef73b0e56b19af594a31b813a4697ed7c514b305259bb0ad4595412bc35,30ecb3be2b8ba46d9e62e40425e3cc481fbdb0ccc64e768f19eed4cafe943fe4,/path/to/PETS-FFT-Ablation/results/final_unconditional_main_v1/evaluators/Energy/T64/ts2vec_seed_123.pt,1.366283655166626,0
Diffusion-TS,Energy,64,42,100004,context_fid,0,0.7209897780665802,True,4096,4de04ef73b0e56b19af594a31b813a4697ed7c514b305259bb0ad4595412bc35,c5e378319b90864454e078be03d98d86859e4733e14d6c4adfa234960d0cb5de,/path/to/PETS-FFT-Ablation/results/final_unconditional_main_v1/evaluators/Energy/T64/ts2vec_seed_0.pt,1.5155489444732666,2
Diffusion-TS,Energy,64,42,100004,context_fid,42,0.4735849726762732,True,4096,4de04ef73b0e56b19af594a31b813a4697ed7c514b305259bb0ad4595412bc35,c5e378319b90864454e078be03d98d86859e4733e14d6c4adfa234960d0cb5de,/path/to/PETS-FFT-Ablation/results/final_unconditional_main_v1/evaluators/Energy/T64/ts2vec_seed_42.pt,1.3612151145935059,0
Diffusion-TS,Energy,64,42,100004,context_fid,123,0.6674007386116196,True,4096,4de04ef73b0e56b19af594a31b813a4697ed7c514b305259bb0ad4595412bc35,c5e378319b90864454e078be03d98d86859e4733e14d6c4adfa234960d0cb5de,/path/to/PETS-FFT-Ablation/results/final_unconditional_main_v1/evaluators/Energy/T64/ts2vec_seed_123.pt,1.5617899894714355,1
Diffusion-TS,Energy,64,123,100000,context_fid,0,0.8909339078281189,True,4096,4de04ef73b0e56b19af594a31b813a4697ed7c514b305259bb0ad4595412bc35,3de19e5b9ed79d4c49d1ccaf70434cfb01b15136cbcc517483298a7c947ec3ef,/path/to/PETS-FFT-Ablation/results/final_unconditional_main_v1/evaluators/Energy/T64/ts2vec_seed_0.pt,1.3483788967132568,0
Diffusion-TS,Energy,64,123,100000,context_fid,42,0.5802565078622594,True,4096,4de04ef73b0e56b19af594a31b813a4697ed7c514b305259bb0ad4595412bc35,3de19e5b9ed79d4c49d1ccaf70434cfb01b15136cbcc517483298a7c947ec3ef,/path/to/PETS-FFT-Ablation/results/final_unconditional_main_v1/evaluators/Energy/T64/ts2vec_seed_42.pt,1.4351210594177246,2
Diffusion-TS,Energy,64,123,100000,context_fid,123,0.7749529342574402,True,4096,4de04ef73b0e56b19af594a31b813a4697ed7c514b305259bb0ad4595412bc35,3de19e5b9ed79d4c49d1ccaf70434cfb01b15136cbcc517483298a7c947ec3ef,/path/to/PETS-FFT-Ablation/results/final_unconditional_main_v1/evaluators/Energy/T64/ts2vec_seed_123.pt,1.3762390613555908,1
Diffusion-TS,Energy,64,123,100001,context_fid,0,0.9525488438101314,True,4096,4de04ef73b0e56b19af594a31b813a4697ed7c514b305259bb0ad4595412bc35,f4efebf2275be445e89fe56ac020dc0f2cb2a0500ebf83a90da8ab9c8509a04d,/path/to/PETS-FFT-Ablation/results/final_unconditional_main_v1/evaluators/Energy/T64/ts2vec_seed_0.pt,1.224336862564087,0
Diffusion-TS,Energy,64,123,100001,context_fid,42,0.627117114935732,True,4096,4de04ef73b0e56b19af594a31b813a4697ed7c514b305259bb0ad4595412bc35,f4efebf2275be445e89fe56ac020dc0f2cb2a0500ebf83a90da8ab9c8509a04d,/path/to/PETS-FFT-Ablation/results/final_unconditional_main_v1/evaluators/Energy/T64/ts2vec_seed_42.pt,1.3607778549194336,2
Diffusion-TS,Energy,64,123,100001,context_fid,123,0.8433788349116226,True,4096,4de04ef73b0e56b19af594a31b813a4697ed7c514b305259bb0ad4595412bc35,f4efebf2275be445e89fe56ac020dc0f2cb2a0500ebf83a90da8ab9c8509a04d,/path/to/PETS-FFT-Ablation/results/final_unconditional_main_v1/evaluators/Energy/T64/ts2vec_seed_123.pt,1.391714096069336,1
Diffusion-TS,Energy,64,123,100002,context_fid,0,0.9478403787952183,True,4096,4de04ef73b0e56b19af594a31b813a4697ed7c514b305259bb0ad4595412bc35,173c0c6a7b6d729e8216b9c8c39c043dfa6b01f8c0872e93aa50e3f312b669be,/path/to/PETS-FFT-Ablation/results/final_unconditional_main_v1/evaluators/Energy/T64/ts2vec_seed_0.pt,1.2844569683074951,2
Diffusion-TS,Energy,64,123,100002,context_fid,42,0.6212677793058841,True,4096,4de04ef73b0e56b19af594a31b813a4697ed7c514b305259bb0ad4595412bc35,173c0c6a7b6d729e8216b9c8c39c043dfa6b01f8c0872e93aa50e3f312b669be,/path/to/PETS-FFT-Ablation/results/final_unconditional_main_v1/evaluators/Energy/T64/ts2vec_seed_42.pt,1.305525779724121,1
Diffusion-TS,Energy,64,123,100002,context_fid,123,0.8273956055457808,True,4096,4de04ef73b0e56b19af594a31b813a4697ed7c514b305259bb0ad4595412bc35,173c0c6a7b6d729e8216b9c8c39c043dfa6b01f8c0872e93aa50e3f312b669be,/path/to/PETS-FFT-Ablation/results/final_unconditional_main_v1/evaluators/Energy/T64/ts2vec_seed_123.pt,1.561997652053833,2
Diffusion-TS,Energy,64,123,100003,context_fid,0,0.9199396191965548,True,4096,4de04ef73b0e56b19af594a31b813a4697ed7c514b305259bb0ad4595412bc35,41e7dfdecbfccda1d576d441cc9239729e84adfecdd881f311381b817be10044,/path/to/PETS-FFT-Ablation/results/final_unconditional_main_v1/evaluators/Energy/T64/ts2vec_seed_0.pt,1.2914402484893799,2
Diffusion-TS,Energy,64,123,100003,context_fid,42,0.6187929965941958,True,4096,4de04ef73b0e56b19af594a31b813a4697ed7c514b305259bb0ad4595412bc35,41e7dfdecbfccda1d576d441cc9239729e84adfecdd881f311381b817be10044,/path/to/PETS-FFT-Ablation/results/final_unconditional_main_v1/evaluators/Energy/T64/ts2vec_seed_42.pt,1.310720443725586,0
Diffusion-TS,Energy,64,123,100003,context_fid,123,0.8178716817422877,True,4096,4de04ef73b0e56b19af594a31b813a4697ed7c514b305259bb0ad4595412bc35,41e7dfdecbfccda1d576d441cc9239729e84adfecdd881f311381b817be10044,/path/to/PETS-FFT-Ablation/results/final_unconditional_main_v1/evaluators/Energy/T64/ts2vec_seed_123.pt,1.403437852859497,1
Diffusion-TS,Energy,64,123,100004,context_fid,0,0.9593601794370299,True,4096,4de04ef73b0e56b19af594a31b813a4697ed7c514b305259bb0ad4595412bc35,0f3b18e283b6491230ebd6223a4ca1d30ac1bc032860c81659c0726c977ddea1,/path/to/PETS-FFT-Ablation/results/final_unconditional_main_v1/evaluators/Energy/T64/ts2vec_seed_0.pt,1.4460177421569824,1
Diffusion-TS,Energy,64,123,100004,context_fid,42,0.617816130810724,True,4096,4de04ef73b0e56b19af594a31b813a4697ed7c514b305259bb0ad4595412bc35,0f3b18e283b6491230ebd6223a4ca1d30ac1bc032860c81659c0726c977ddea1,/path/to/PETS-FFT-Ablation/results/final_unconditional_main_v1/evaluators/Energy/T64/ts2vec_seed_42.pt,1.2762260437011719,0
Diffusion-TS,Energy,64,123,100004,context_fid,123,0.8639573025373288,True,4096,4de04ef73b0e56b19af594a31b813a4697ed7c514b305259bb0ad4595412bc35,0f3b18e283b6491230ebd6223a4ca1d30ac1bc032860c81659c0726c977ddea1,/path/to/PETS-FFT-Ablation/results/final_unconditional_main_v1/evaluators/Energy/T64/ts2vec_seed_123.pt,1.3654921054840088,2
PETS-U,Energy,64,0,100000,context_fid,0,1.1835469172353048,True,4096,4de04ef73b0e56b19af594a31b813a4697ed7c514b305259bb0ad4595412bc35,5b9c139869091113bd6098672401efc060e66684fd48d138fe9354cc6cb5215b,/path/to/PETS-FFT-Ablation/results/final_unconditional_main_v1/evaluators/Energy/T64/ts2vec_seed_0.pt,1.3835384845733643,1
PETS-U,Energy,64,0,100000,context_fid,42,0.788242373982391,True,4096,4de04ef73b0e56b19af594a31b813a4697ed7c514b305259bb0ad4595412bc35,5b9c139869091113bd6098672401efc060e66684fd48d138fe9354cc6cb5215b,/path/to/PETS-FFT-Ablation/results/final_unconditional_main_v1/evaluators/Energy/T64/ts2vec_seed_42.pt,1.5310192108154297,1
PETS-U,Energy,64,0,100000,context_fid,123,1.0111105836066692,True,4096,4de04ef73b0e56b19af594a31b813a4697ed7c514b305259bb0ad4595412bc35,5b9c139869091113bd6098672401efc060e66684fd48d138fe9354cc6cb5215b,/path/to/PETS-FFT-Ablation/results/final_unconditional_main_v1/evaluators/Energy/T64/ts2vec_seed_123.pt,1.3696315288543701,2
PETS-U,Energy,64,0,100001,context_fid,0,1.1340942746918525,True,4096,4de04ef73b0e56b19af594a31b813a4697ed7c514b305259bb0ad4595412bc35,9ffb4946f857579c06548b88fbf41e8d8fccfec643c69d902f6492864d90b6ec,/path/to/PETS-FFT-Ablation/results/final_unconditional_main_v1/evaluators/Energy/T64/ts2vec_seed_0.pt,1.4140372276306152,1
PETS-U,Energy,64,0,100001,context_fid,42,0.750623937729761,True,4096,4de04ef73b0e56b19af594a31b813a4697ed7c514b305259bb0ad4595412bc35,9ffb4946f857579c06548b88fbf41e8d8fccfec643c69d902f6492864d90b6ec,/path/to/PETS-FFT-Ablation/results/final_unconditional_main_v1/evaluators/Energy/T64/ts2vec_seed_42.pt,1.5194880962371826,1
PETS-U,Energy,64,0,100001,context_fid,123,0.9773911842547314,True,4096,4de04ef73b0e56b19af594a31b813a4697ed7c514b305259bb0ad4595412bc35,9ffb4946f857579c06548b88fbf41e8d8fccfec643c69d902f6492864d90b6ec,/path/to/PETS-FFT-Ablation/results/final_unconditional_main_v1/evaluators/Energy/T64/ts2vec_seed_123.pt,1.5768616199493408,2
PETS-U,Energy,64,0,100002,context_fid,0,1.1203128924316232,True,4096,4de04ef73b0e56b19af594a31b813a4697ed7c514b305259bb0ad4595412bc35,20dd38ae02db3a3cb74f01ed2610c14a10ee40c5e399731979614a957eea3c93,/path/to/PETS-FFT-Ablation/results/final_unconditional_main_v1/evaluators/Energy/T64/ts2vec_seed_0.pt,1.2625906467437744,1
PETS-U,Energy,64,0,100002,context_fid,42,0.7395176169592208,True,4096,4de04ef73b0e56b19af594a31b813a4697ed7c514b305259bb0ad4595412bc35,20dd38ae02db3a3cb74f01ed2610c14a10ee40c5e399731979614a957eea3c93,/path/to/PETS-FFT-Ablation/results/final_unconditional_main_v1/evaluators/Energy/T64/ts2vec_seed_42.pt,1.5994470119476318,2
PETS-U,Energy,64,0,100002,context_fid,123,0.9586038221515041,True,4096,4de04ef73b0e56b19af594a31b813a4697ed7c514b305259bb0ad4595412bc35,20dd38ae02db3a3cb74f01ed2610c14a10ee40c5e399731979614a957eea3c93,/path/to/PETS-FFT-Ablation/results/final_unconditional_main_v1/evaluators/Energy/T64/ts2vec_seed_123.pt,1.5061895847320557,1
PETS-U,Energy,64,0,100003,context_fid,0,1.1167545365696419,True,4096,4de04ef73b0e56b19af594a31b813a4697ed7c514b305259bb0ad4595412bc35,3b4ffe973cb21ff45ffc47206acea5a37dd8e047fccb71674b7a3b47a98d4cb6,/path/to/PETS-FFT-Ablation/results/final_unconditional_main_v1/evaluators/Energy/T64/ts2vec_seed_0.pt,1.33864426612854,0
PETS-U,Energy,64,0,100003,context_fid,42,0.744007381133176,True,4096,4de04ef73b0e56b19af594a31b813a4697ed7c514b305259bb0ad4595412bc35,3b4ffe973cb21ff45ffc47206acea5a37dd8e047fccb71674b7a3b47a98d4cb6,/path/to/PETS-FFT-Ablation/results/final_unconditional_main_v1/evaluators/Energy/T64/ts2vec_seed_42.pt,1.4308593273162842,2
PETS-U,Energy,64,0,100003,context_fid,123,0.9467745351626577,True,4096,4de04ef73b0e56b19af594a31b813a4697ed7c514b305259bb0ad4595412bc35,3b4ffe973cb21ff45ffc47206acea5a37dd8e047fccb71674b7a3b47a98d4cb6,/path/to/PETS-FFT-Ablation/results/final_unconditional_main_v1/evaluators/Energy/T64/ts2vec_seed_123.pt,1.5470795631408691,0
PETS-U,Energy,64,0,100004,context_fid,0,1.1040663966785333,True,4096,4de04ef73b0e56b19af594a31b813a4697ed7c514b305259bb0ad4595412bc35,5c359165b3b167d6bb54576e8d1e8d1d9f6022a650231ea1bd40c95567cba511,/path/to/PETS-FFT-Ablation/results/final_unconditional_main_v1/evaluators/Energy/T64/ts2vec_seed_0.pt,1.2323129177093506,0
PETS-U,Energy,64,0,100004,context_fid,42,0.7280959541633474,True,4096,4de04ef73b0e56b19af594a31b813a4697ed7c514b305259bb0ad4595412bc35,5c359165b3b167d6bb54576e8d1e8d1d9f6022a650231ea1bd40c95567cba511,/path/to/PETS-FFT-Ablation/results/final_unconditional_main_v1/evaluators/Energy/T64/ts2vec_seed_42.pt,1.3823513984680176,1
PETS-U,Energy,64,0,100004,context_fid,123,0.9282572130226785,True,4096,4de04ef73b0e56b19af594a31b813a4697ed7c514b305259bb0ad4595412bc35,5c359165b3b167d6bb54576e8d1e8d1d9f6022a650231ea1bd40c95567cba511,/path/to/PETS-FFT-Ablation/results/final_unconditional_main_v1/evaluators/Energy/T64/ts2vec_seed_123.pt,1.4076993465423584,2
PETS-U,Energy,64,42,100000,context_fid,0,1.0986422833255123,True,4096,4de04ef73b0e56b19af594a31b813a4697ed7c514b305259bb0ad4595412bc35,056f244d84881383816acf2f91c802c0f014df8e503228aa6f5af9d145f276d4,/path/to/PETS-FFT-Ablation/results/final_unconditional_main_v1/evaluators/Energy/T64/ts2vec_seed_0.pt,1.5692522525787354,1
PETS-U,Energy,64,42,100000,context_fid,42,0.6589312796967719,True,4096,4de04ef73b0e56b19af594a31b813a4697ed7c514b305259bb0ad4595412bc35,056f244d84881383816acf2f91c802c0f014df8e503228aa6f5af9d145f276d4,/path/to/PETS-FFT-Ablation/results/final_unconditional_main_v1/evaluators/Energy/T64/ts2vec_seed_42.pt,1.330127239227295,0
PETS-U,Energy,64,42,100000,context_fid,123,0.9487468446506744,True,4096,4de04ef73b0e56b19af594a31b813a4697ed7c514b305259bb0ad4595412bc35,056f244d84881383816acf2f91c802c0f014df8e503228aa6f5af9d145f276d4,/path/to/PETS-FFT-Ablation/results/final_unconditional_main_v1/evaluators/Energy/T64/ts2vec_seed_123.pt,1.5089468955993652,0
PETS-U,Energy,64,42,100001,context_fid,0,1.1154543201023173,True,4096,4de04ef73b0e56b19af594a31b813a4697ed7c514b305259bb0ad4595412bc35,39b7260655d8eb7a2df063d22f213bb886c1310e02c23739bb5a3f2c14a25d7c,/path/to/PETS-FFT-Ablation/results/final_unconditional_main_v1/evaluators/Energy/T64/ts2vec_seed_0.pt,1.6045265197753906,1
PETS-U,Energy,64,42,100001,context_fid,42,0.6635108484274295,True,4096,4de04ef73b0e56b19af594a31b813a4697ed7c514b305259bb0ad4595412bc35,39b7260655d8eb7a2df063d22f213bb886c1310e02c23739bb5a3f2c14a25d7c,/path/to/PETS-FFT-Ablation/results/final_unconditional_main_v1/evaluators/Energy/T64/ts2vec_seed_42.pt,1.3639819622039795,1
PETS-U,Energy,64,42,100001,context_fid,123,0.9771596538448548,True,4096,4de04ef73b0e56b19af594a31b813a4697ed7c514b305259bb0ad4595412bc35,39b7260655d8eb7a2df063d22f213bb886c1310e02c23739bb5a3f2c14a25d7c,/path/to/PETS-FFT-Ablation/results/final_unconditional_main_v1/evaluators/Energy/T64/ts2vec_seed_123.pt,1.3859822750091553,0
PETS-U,Energy,64,42,100002,context_fid,0,1.1045838712151599,True,4096,4de04ef73b0e56b19af594a31b813a4697ed7c514b305259bb0ad4595412bc35,53efa6fb2d17e7c6be4a814786c8e921cdd94483c29549117cc7e106bcb13288,/path/to/PETS-FFT-Ablation/results/final_unconditional_main_v1/evaluators/Energy/T64/ts2vec_seed_0.pt,1.3956248760223389,1
PETS-U,Energy,64,42,100002,context_fid,42,0.6426412937409722,True,4096,4de04ef73b0e56b19af594a31b813a4697ed7c514b305259bb0ad4595412bc35,53efa6fb2d17e7c6be4a814786c8e921cdd94483c29549117cc7e106bcb13288,/path/to/PETS-FFT-Ablation/results/final_unconditional_main_v1/evaluators/Energy/T64/ts2vec_seed_42.pt,1.593888282775879,1
PETS-U,Energy,64,42,100002,context_fid,123,0.9558073380863009,True,4096,4de04ef73b0e56b19af594a31b813a4697ed7c514b305259bb0ad4595412bc35,53efa6fb2d17e7c6be4a814786c8e921cdd94483c29549117cc7e106bcb13288,/path/to/PETS-FFT-Ablation/results/final_unconditional_main_v1/evaluators/Energy/T64/ts2vec_seed_123.pt,1.4636216163635254,1
PETS-U,Energy,64,42,100003,context_fid,0,1.0912121767065246,True,4096,4de04ef73b0e56b19af594a31b813a4697ed7c514b305259bb0ad4595412bc35,1a05077b858d4bdc8024b9eea10ae1ad854a9f9537dba9988f4bc0e9a6182afb,/path/to/PETS-FFT-Ablation/results/final_unconditional_main_v1/evaluators/Energy/T64/ts2vec_seed_0.pt,1.4214980602264404,0
PETS-U,Energy,64,42,100003,context_fid,42,0.6435350119992356,True,4096,4de04ef73b0e56b19af594a31b813a4697ed7c514b305259bb0ad4595412bc35,1a05077b858d4bdc8024b9eea10ae1ad854a9f9537dba9988f4bc0e9a6182afb,/path/to/PETS-FFT-Ablation/results/final_unconditional_main_v1/evaluators/Energy/T64/ts2vec_seed_42.pt,1.3567650318145752,0
PETS-U,Energy,64,42,100003,context_fid,123,0.9552924346857509,True,4096,4de04ef73b0e56b19af594a31b813a4697ed7c514b305259bb0ad4595412bc35,1a05077b858d4bdc8024b9eea10ae1ad854a9f9537dba9988f4bc0e9a6182afb,/path/to/PETS-FFT-Ablation/results/final_unconditional_main_v1/evaluators/Energy/T64/ts2vec_seed_123.pt,1.4425666332244873,1
PETS-U,Energy,64,42,100004,context_fid,0,1.1329692505493738,True,4096,4de04ef73b0e56b19af594a31b813a4697ed7c514b305259bb0ad4595412bc35,676fde7d85a2a3ec3e47eeb7cfd0e64f65c093aa4771cf5bb9e06201dde6878f,/path/to/PETS-FFT-Ablation/results/final_unconditional_main_v1/evaluators/Energy/T64/ts2vec_seed_0.pt,1.459001064300537,1
PETS-U,Energy,64,42,100004,context_fid,42,0.6731030349349734,True,4096,4de04ef73b0e56b19af594a31b813a4697ed7c514b305259bb0ad4595412bc35,676fde7d85a2a3ec3e47eeb7cfd0e64f65c093aa4771cf5bb9e06201dde6878f,/path/to/PETS-FFT-Ablation/results/final_unconditional_main_v1/evaluators/Energy/T64/ts2vec_seed_42.pt,1.3449583053588867,2
PETS-U,Energy,64,42,100004,context_fid,123,0.9655072924239773,True,4096,4de04ef73b0e56b19af594a31b813a4697ed7c514b305259bb0ad4595412bc35,676fde7d85a2a3ec3e47eeb7cfd0e64f65c093aa4771cf5bb9e06201dde6878f,/path/to/PETS-FFT-Ablation/results/final_unconditional_main_v1/evaluators/Energy/T64/ts2vec_seed_123.pt,1.5373969078063965,1
PETS-U,Energy,64,123,100000,context_fid,0,1.1725779220151138,True,4096,4de04ef73b0e56b19af594a31b813a4697ed7c514b305259bb0ad4595412bc35,3db31a6a4bd8b3a6640dd6b7ef3fe422f8eb479c5e4def1f3fde3cae6dfab7df,/path/to/PETS-FFT-Ablation/results/final_unconditional_main_v1/evaluators/Energy/T64/ts2vec_seed_0.pt,1.3349573612213135,0
PETS-U,Energy,64,123,100000,context_fid,42,0.7188817265772395,True,4096,4de04ef73b0e56b19af594a31b813a4697ed7c514b305259bb0ad4595412bc35,3db31a6a4bd8b3a6640dd6b7ef3fe422f8eb479c5e4def1f3fde3cae6dfab7df,/path/to/PETS-FFT-Ablation/results/final_unconditional_main_v1/evaluators/Energy/T64/ts2vec_seed_42.pt,1.439939260482788,2
PETS-U,Energy,64,123,100000,context_fid,123,0.9750974947487925,True,4096,4de04ef73b0e56b19af594a31b813a4697ed7c514b305259bb0ad4595412bc35,3db31a6a4bd8b3a6640dd6b7ef3fe422f8eb479c5e4def1f3fde3cae6dfab7df,/path/to/PETS-FFT-Ablation/results/final_unconditional_main_v1/evaluators/Energy/T64/ts2vec_seed_123.pt,1.5552136898040771,0
PETS-U,Energy,64,123,100001,context_fid,0,1.1571753951571253,True,4096,4de04ef73b0e56b19af594a31b813a4697ed7c514b305259bb0ad4595412bc35,e35aba46b18b9606c0c959dcd144ca9346b4938133f5075a023fc7201a4a6dae,/path/to/PETS-FFT-Ablation/results/final_unconditional_main_v1/evaluators/Energy/T64/ts2vec_seed_0.pt,1.4346036911010742,2
PETS-U,Energy,64,123,100001,context_fid,42,0.715440414411588,True,4096,4de04ef73b0e56b19af594a31b813a4697ed7c514b305259bb0ad4595412bc35,e35aba46b18b9606c0c959dcd144ca9346b4938133f5075a023fc7201a4a6dae,/path/to/PETS-FFT-Ablation/results/final_unconditional_main_v1/evaluators/Energy/T64/ts2vec_seed_42.pt,1.3564841747283936,1
PETS-U,Energy,64,123,100001,context_fid,123,0.9540773283892405,True,4096,4de04ef73b0e56b19af594a31b813a4697ed7c514b305259bb0ad4595412bc35,e35aba46b18b9606c0c959dcd144ca9346b4938133f5075a023fc7201a4a6dae,/path/to/PETS-FFT-Ablation/results/final_unconditional_main_v1/evaluators/Energy/T64/ts2vec_seed_123.pt,1.4158155918121338,2
PETS-U,Energy,64,123,100002,context_fid,0,1.1975314051407164,True,4096,4de04ef73b0e56b19af594a31b813a4697ed7c514b305259bb0ad4595412bc35,45396f26917eb6e7f20138fa03e27dc6351541242c1c93542a099720f5a778bd,/path/to/PETS-FFT-Ablation/results/final_unconditional_main_v1/evaluators/Energy/T64/ts2vec_seed_0.pt,1.3105905055999756,0
PETS-U,Energy,64,123,100002,context_fid,42,0.7160265884037649,True,4096,4de04ef73b0e56b19af594a31b813a4697ed7c514b305259bb0ad4595412bc35,45396f26917eb6e7f20138fa03e27dc6351541242c1c93542a099720f5a778bd,/path/to/PETS-FFT-Ablation/results/final_unconditional_main_v1/evaluators/Energy/T64/ts2vec_seed_42.pt,1.4894053936004639,1
PETS-U,Energy,64,123,100002,context_fid,123,1.0008200411971537,True,4096,4de04ef73b0e56b19af594a31b813a4697ed7c514b305259bb0ad4595412bc35,45396f26917eb6e7f20138fa03e27dc6351541242c1c93542a099720f5a778bd,/path/to/PETS-FFT-Ablation/results/final_unconditional_main_v1/evaluators/Energy/T64/ts2vec_seed_123.pt,1.4256105422973633,0
PETS-U,Energy,64,123,100003,context_fid,0,1.1920130707595202,True,4096,4de04ef73b0e56b19af594a31b813a4697ed7c514b305259bb0ad4595412bc35,d99b24a8c8ce39759a92b8dfb6975236a258395016f1716dd06d7b2307dea724,/path/to/PETS-FFT-Ablation/results/final_unconditional_main_v1/evaluators/Energy/T64/ts2vec_seed_0.pt,1.4213240146636963,2
PETS-U,Energy,64,123,100003,context_fid,42,0.7262090078533802,True,4096,4de04ef73b0e56b19af594a31b813a4697ed7c514b305259bb0ad4595412bc35,d99b24a8c8ce39759a92b8dfb6975236a258395016f1716dd06d7b2307dea724,/path/to/PETS-FFT-Ablation/results/final_unconditional_main_v1/evaluators/Energy/T64/ts2vec_seed_42.pt,1.3294105529785156,0
PETS-U,Energy,64,123,100003,context_fid,123,0.9811206434943242,True,4096,4de04ef73b0e56b19af594a31b813a4697ed7c514b305259bb0ad4595412bc35,d99b24a8c8ce39759a92b8dfb6975236a258395016f1716dd06d7b2307dea724,/path/to/PETS-FFT-Ablation/results/final_unconditional_main_v1/evaluators/Energy/T64/ts2vec_seed_123.pt,1.602168083190918,2
PETS-U,Energy,64,123,100004,context_fid,0,1.159799353128719,True,4096,4de04ef73b0e56b19af594a31b813a4697ed7c514b305259bb0ad4595412bc35,021a9daace458b823ec8b6f3b108bf3bf09d306f912341d69606228a94f60070,/path/to/PETS-FFT-Ablation/results/final_unconditional_main_v1/evaluators/Energy/T64/ts2vec_seed_0.pt,1.2268531322479248,0
PETS-U,Energy,64,123,100004,context_fid,42,0.708437224109879,True,4096,4de04ef73b0e56b19af594a31b813a4697ed7c514b305259bb0ad4595412bc35,021a9daace458b823ec8b6f3b108bf3bf09d306f912341d69606228a94f60070,/path/to/PETS-FFT-Ablation/results/final_unconditional_main_v1/evaluators/Energy/T64/ts2vec_seed_42.pt,1.3016104698181152,2
PETS-U,Energy,64,123,100004,context_fid,123,0.9810938856904827,True,4096,4de04ef73b0e56b19af594a31b813a4697ed7c514b305259bb0ad4595412bc35,021a9daace458b823ec8b6f3b108bf3bf09d306f912341d69606228a94f60070,/path/to/PETS-FFT-Ablation/results/final_unconditional_main_v1/evaluators/Energy/T64/ts2vec_seed_123.pt,1.3548998832702637,1
Diffusion-TS,Energy,128,0,100000,context_fid,0,1.023479933417052,True,4096,0082877761fe99d6f9502c5bbd4a86e23459340386e532f91d26799d68158192,420a671cc8221bff26966317fb7c14375f3881103cfac1e0cb8f97d1241ae0c1,/path/to/PETS-FFT-Ablation/results/final_unconditional_main_v1/evaluators/Energy/T128/ts2vec_seed_0.pt,1.373586654663086,2
Diffusion-TS,Energy,128,0,100000,context_fid,42,0.7873506102105947,True,4096,0082877761fe99d6f9502c5bbd4a86e23459340386e532f91d26799d68158192,420a671cc8221bff26966317fb7c14375f3881103cfac1e0cb8f97d1241ae0c1,/path/to/PETS-FFT-Ablation/results/final_unconditional_main_v1/evaluators/Energy/T128/ts2vec_seed_42.pt,1.4319679737091064,1
Diffusion-TS,Energy,128,0,100000,context_fid,123,0.9632050339492911,True,4096,0082877761fe99d6f9502c5bbd4a86e23459340386e532f91d26799d68158192,420a671cc8221bff26966317fb7c14375f3881103cfac1e0cb8f97d1241ae0c1,/path/to/PETS-FFT-Ablation/results/final_unconditional_main_v1/evaluators/Energy/T128/ts2vec_seed_123.pt,1.4060921669006348,0
Diffusion-TS,Energy,128,0,100001,context_fid,0,1.0316506631951246,True,4096,0082877761fe99d6f9502c5bbd4a86e23459340386e532f91d26799d68158192,8b8ef11a7ba05dae499482e58db53c71d57979f3e2c68510233b152d810be0cc,/path/to/PETS-FFT-Ablation/results/final_unconditional_main_v1/evaluators/Energy/T128/ts2vec_seed_0.pt,1.4230294227600098,1
Diffusion-TS,Energy,128,0,100001,context_fid,42,0.7938482118965431,True,4096,0082877761fe99d6f9502c5bbd4a86e23459340386e532f91d26799d68158192,8b8ef11a7ba05dae499482e58db53c71d57979f3e2c68510233b152d810be0cc,/path/to/PETS-FFT-Ablation/results/final_unconditional_main_v1/evaluators/Energy/T128/ts2vec_seed_42.pt,1.520458459854126,2
Diffusion-TS,Energy,128,0,100001,context_fid,123,0.9838955376176388,True,4096,0082877761fe99d6f9502c5bbd4a86e23459340386e532f91d26799d68158192,8b8ef11a7ba05dae499482e58db53c71d57979f3e2c68510233b152d810be0cc,/path/to/PETS-FFT-Ablation/results/final_unconditional_main_v1/evaluators/Energy/T128/ts2vec_seed_123.pt,1.415637493133545,1
Diffusion-TS,Energy,128,0,100002,context_fid,0,1.0321319884750304,True,4096,0082877761fe99d6f9502c5bbd4a86e23459340386e532f91d26799d68158192,71d86f00bec4b2eca8ca521d449dc2df57056c4881a798a65eb39565a4d574bb,/path/to/PETS-FFT-Ablation/results/final_unconditional_main_v1/evaluators/Energy/T128/ts2vec_seed_0.pt,1.3290925025939941,2
Diffusion-TS,Energy,128,0,100002,context_fid,42,0.8105003399585868,True,4096,0082877761fe99d6f9502c5bbd4a86e23459340386e532f91d26799d68158192,71d86f00bec4b2eca8ca521d449dc2df57056c4881a798a65eb39565a4d574bb,/path/to/PETS-FFT-Ablation/results/final_unconditional_main_v1/evaluators/Energy/T128/ts2vec_seed_42.pt,1.4667820930480957,1
Diffusion-TS,Energy,128,0,100002,context_fid,123,0.9787894776677768,True,4096,0082877761fe99d6f9502c5bbd4a86e23459340386e532f91d26799d68158192,71d86f00bec4b2eca8ca521d449dc2df57056c4881a798a65eb39565a4d574bb,/path/to/PETS-FFT-Ablation/results/final_unconditional_main_v1/evaluators/Energy/T128/ts2vec_seed_123.pt,1.5887641906738281,2
Diffusion-TS,Energy,128,0,100003,context_fid,0,1.0115037319706428,True,4096,0082877761fe99d6f9502c5bbd4a86e23459340386e532f91d26799d68158192,31240832f06f70e7a81df6afeb669e32e6097ef255566ddcbe67b3ee0187039b,/path/to/PETS-FFT-Ablation/results/final_unconditional_main_v1/evaluators/Energy/T128/ts2vec_seed_0.pt,1.5799071788787842,1
Diffusion-TS,Energy,128,0,100003,context_fid,42,0.7768744892325341,True,4096,0082877761fe99d6f9502c5bbd4a86e23459340386e532f91d26799d68158192,31240832f06f70e7a81df6afeb669e32e6097ef255566ddcbe67b3ee0187039b,/path/to/PETS-FFT-Ablation/results/final_unconditional_main_v1/evaluators/Energy/T128/ts2vec_seed_42.pt,1.429042100906372,2
Diffusion-TS,Energy,128,0,100003,context_fid,123,0.9522752764173095,True,4096,0082877761fe99d6f9502c5bbd4a86e23459340386e532f91d26799d68158192,31240832f06f70e7a81df6afeb669e32e6097ef255566ddcbe67b3ee0187039b,/path/to/PETS-FFT-Ablation/results/final_unconditional_main_v1/evaluators/Energy/T128/ts2vec_seed_123.pt,1.6622934341430664,1
Diffusion-TS,Energy,128,0,100004,context_fid,0,1.0167741728737703,True,4096,0082877761fe99d6f9502c5bbd4a86e23459340386e532f91d26799d68158192,82fe2f970e2a21e5c3b19d4a43b8dd614352614a4c459a3fa4927aa6827d14b7,/path/to/PETS-FFT-Ablation/results/final_unconditional_main_v1/evaluators/Energy/T128/ts2vec_seed_0.pt,1.2803294658660889,0
Diffusion-TS,Energy,128,0,100004,context_fid,42,0.8087399474187843,True,4096,0082877761fe99d6f9502c5bbd4a86e23459340386e532f91d26799d68158192,82fe2f970e2a21e5c3b19d4a43b8dd614352614a4c459a3fa4927aa6827d14b7,/path/to/PETS-FFT-Ablation/results/final_unconditional_main_v1/evaluators/Energy/T128/ts2vec_seed_42.pt,1.4356098175048828,2
Diffusion-TS,Energy,128,0,100004,context_fid,123,0.9759736386209535,True,4096,0082877761fe99d6f9502c5bbd4a86e23459340386e532f91d26799d68158192,82fe2f970e2a21e5c3b19d4a43b8dd614352614a4c459a3fa4927aa6827d14b7,/path/to/PETS-FFT-Ablation/results/final_unconditional_main_v1/evaluators/Energy/T128/ts2vec_seed_123.pt,1.4537549018859863,1
Diffusion-TS,Energy,128,42,100000,context_fid,0,0.9774122302077488,True,4096,0082877761fe99d6f9502c5bbd4a86e23459340386e532f91d26799d68158192,900b1b0759d5a3fd871ad0df64ac7de0af78244dede70e6696c6ae3199610b8a,/path/to/PETS-FFT-Ablation/results/final_unconditional_main_v1/evaluators/Energy/T128/ts2vec_seed_0.pt,1.4458591938018799,0
Diffusion-TS,Energy,128,42,100000,context_fid,42,0.7028013799931401,True,4096,0082877761fe99d6f9502c5bbd4a86e23459340386e532f91d26799d68158192,900b1b0759d5a3fd871ad0df64ac7de0af78244dede70e6696c6ae3199610b8a,/path/to/PETS-FFT-Ablation/results/final_unconditional_main_v1/evaluators/Energy/T128/ts2vec_seed_42.pt,1.47989821434021,1
Diffusion-TS,Energy,128,42,100000,context_fid,123,0.9055877657462325,True,4096,0082877761fe99d6f9502c5bbd4a86e23459340386e532f91d26799d68158192,900b1b0759d5a3fd871ad0df64ac7de0af78244dede70e6696c6ae3199610b8a,/path/to/PETS-FFT-Ablation/results/final_unconditional_main_v1/evaluators/Energy/T128/ts2vec_seed_123.pt,1.368513584136963,0
Diffusion-TS,Energy,128,42,100001,context_fid,0,1.014280150706527,True,4096,0082877761fe99d6f9502c5bbd4a86e23459340386e532f91d26799d68158192,f072ce0ed2acaa98fe36bea134638fe7cd596796c7316b587faf5970ac9d9dba,/path/to/PETS-FFT-Ablation/results/final_unconditional_main_v1/evaluators/Energy/T128/ts2vec_seed_0.pt,1.6712896823883057,2
Diffusion-TS,Energy,128,42,100001,context_fid,42,0.7362485610507591,True,4096,0082877761fe99d6f9502c5bbd4a86e23459340386e532f91d26799d68158192,f072ce0ed2acaa98fe36bea134638fe7cd596796c7316b587faf5970ac9d9dba,/path/to/PETS-FFT-Ablation/results/final_unconditional_main_v1/evaluators/Energy/T128/ts2vec_seed_42.pt,1.366114854812622,2
Diffusion-TS,Energy,128,42,100001,context_fid,123,0.9434944227291913,True,4096,0082877761fe99d6f9502c5bbd4a86e23459340386e532f91d26799d68158192,f072ce0ed2acaa98fe36bea134638fe7cd596796c7316b587faf5970ac9d9dba,/path/to/PETS-FFT-Ablation/results/final_unconditional_main_v1/evaluators/Energy/T128/ts2vec_seed_123.pt,1.4232635498046875,1
Diffusion-TS,Energy,128,42,100002,context_fid,0,1.012610348149968,True,4096,0082877761fe99d6f9502c5bbd4a86e23459340386e532f91d26799d68158192,9f7567cda4c2b3d2f11f9e5121c25db533698f3891e15cfde2e957dc01be107f,/path/to/PETS-FFT-Ablation/results/final_unconditional_main_v1/evaluators/Energy/T128/ts2vec_seed_0.pt,1.4582390785217285,2
Diffusion-TS,Energy,128,42,100002,context_fid,42,0.7376562819112049,True,4096,0082877761fe99d6f9502c5bbd4a86e23459340386e532f91d26799d68158192,9f7567cda4c2b3d2f11f9e5121c25db533698f3891e15cfde2e957dc01be107f,/path/to/PETS-FFT-Ablation/results/final_unconditional_main_v1/evaluators/Energy/T128/ts2vec_seed_42.pt,1.4530014991760254,2
Diffusion-TS,Energy,128,42,100002,context_fid,123,0.9506848846662473,True,4096,0082877761fe99d6f9502c5bbd4a86e23459340386e532f91d26799d68158192,9f7567cda4c2b3d2f11f9e5121c25db533698f3891e15cfde2e957dc01be107f,/path/to/PETS-FFT-Ablation/results/final_unconditional_main_v1/evaluators/Energy/T128/ts2vec_seed_123.pt,1.6478097438812256,1
Diffusion-TS,Energy,128,42,100003,context_fid,0,1.0320553633784955,True,4096,0082877761fe99d6f9502c5bbd4a86e23459340386e532f91d26799d68158192,fb003b62d8e53827b2e5218ddbff82b367d04e6c4b105accba61c07bb8f532c4,/path/to/PETS-FFT-Ablation/results/final_unconditional_main_v1/evaluators/Energy/T128/ts2vec_seed_0.pt,1.4400720596313477,2
Diffusion-TS,Energy,128,42,100003,context_fid,42,0.7509299247143264,True,4096,0082877761fe99d6f9502c5bbd4a86e23459340386e532f91d26799d68158192,fb003b62d8e53827b2e5218ddbff82b367d04e6c4b105accba61c07bb8f532c4,/path/to/PETS-FFT-Ablation/results/final_unconditional_main_v1/evaluators/Energy/T128/ts2vec_seed_42.pt,1.403151035308838,2
Diffusion-TS,Energy,128,42,100003,context_fid,123,0.9702824049939061,True,4096,0082877761fe99d6f9502c5bbd4a86e23459340386e532f91d26799d68158192,fb003b62d8e53827b2e5218ddbff82b367d04e6c4b105accba61c07bb8f532c4,/path/to/PETS-FFT-Ablation/results/final_unconditional_main_v1/evaluators/Energy/T128/ts2vec_seed_123.pt,1.4692881107330322,2
Diffusion-TS,Energy,128,42,100004,context_fid,0,0.9954771987711409,True,4096,0082877761fe99d6f9502c5bbd4a86e23459340386e532f91d26799d68158192,9c0ca51b3528df5a85de903fe361c88431e1b412762756408d80fb5e6491cbb6,/path/to/PETS-FFT-Ablation/results/final_unconditional_main_v1/evaluators/Energy/T128/ts2vec_seed_0.pt,1.315974235534668,2
Diffusion-TS,Energy,128,42,100004,context_fid,42,0.7029549227510288,True,4096,0082877761fe99d6f9502c5bbd4a86e23459340386e532f91d26799d68158192,9c0ca51b3528df5a85de903fe361c88431e1b412762756408d80fb5e6491cbb6,/path/to/PETS-FFT-Ablation/results/final_unconditional_main_v1/evaluators/Energy/T128/ts2vec_seed_42.pt,1.4608306884765625,1
Diffusion-TS,Energy,128,42,100004,context_fid,123,0.9173336041786623,True,4096,0082877761fe99d6f9502c5bbd4a86e23459340386e532f91d26799d68158192,9c0ca51b3528df5a85de903fe361c88431e1b412762756408d80fb5e6491cbb6,/path/to/PETS-FFT-Ablation/results/final_unconditional_main_v1/evaluators/Energy/T128/ts2vec_seed_123.pt,1.5721943378448486,2
Diffusion-TS,Energy,128,123,100000,context_fid,0,1.0225216675269981,True,4096,0082877761fe99d6f9502c5bbd4a86e23459340386e532f91d26799d68158192,044267d24e44b319d77937ecd994c8a1577bf180651c87efb6efb4719b8fb3da,/path/to/PETS-FFT-Ablation/results/final_unconditional_main_v1/evaluators/Energy/T128/ts2vec_seed_0.pt,1.3153407573699951,0
Diffusion-TS,Energy,128,123,100000,context_fid,42,0.8568944277765429,True,4096,0082877761fe99d6f9502c5bbd4a86e23459340386e532f91d26799d68158192,044267d24e44b319d77937ecd994c8a1577bf180651c87efb6efb4719b8fb3da,/path/to/PETS-FFT-Ablation/results/final_unconditional_main_v1/evaluators/Energy/T128/ts2vec_seed_42.pt,1.3758392333984375,0
Diffusion-TS,Energy,128,123,100000,context_fid,123,1.0583962681180104,True,4096,0082877761fe99d6f9502c5bbd4a86e23459340386e532f91d26799d68158192,044267d24e44b319d77937ecd994c8a1577bf180651c87efb6efb4719b8fb3da,/path/to/PETS-FFT-Ablation/results/final_unconditional_main_v1/evaluators/Energy/T128/ts2vec_seed_123.pt,1.5026066303253174,1
Diffusion-TS,Energy,128,123,100001,context_fid,0,1.067188566490339,True,4096,0082877761fe99d6f9502c5bbd4a86e23459340386e532f91d26799d68158192,4ec496fb29eef1ab06d8f518885fd9b1632103ffbe8589c80cc6c592a0f6ba0c,/path/to/PETS-FFT-Ablation/results/final_unconditional_main_v1/evaluators/Energy/T128/ts2vec_seed_0.pt,1.461965799331665,1
Diffusion-TS,Energy,128,123,100001,context_fid,42,0.9246979325879354,True,4096,0082877761fe99d6f9502c5bbd4a86e23459340386e532f91d26799d68158192,4ec496fb29eef1ab06d8f518885fd9b1632103ffbe8589c80cc6c592a0f6ba0c,/path/to/PETS-FFT-Ablation/results/final_unconditional_main_v1/evaluators/Energy/T128/ts2vec_seed_42.pt,1.4548356533050537,1
Diffusion-TS,Energy,128,123,100001,context_fid,123,1.1081745932950466,True,4096,0082877761fe99d6f9502c5bbd4a86e23459340386e532f91d26799d68158192,4ec496fb29eef1ab06d8f518885fd9b1632103ffbe8589c80cc6c592a0f6ba0c,/path/to/PETS-FFT-Ablation/results/final_unconditional_main_v1/evaluators/Energy/T128/ts2vec_seed_123.pt,1.5964782238006592,1
Diffusion-TS,Energy,128,123,100002,context_fid,0,1.0364963194831383,True,4096,0082877761fe99d6f9502c5bbd4a86e23459340386e532f91d26799d68158192,9bda9caf4c79d683ec6f2585f674b7b9460a793609437294ac40ba470cd3138b,/path/to/PETS-FFT-Ablation/results/final_unconditional_main_v1/evaluators/Energy/T128/ts2vec_seed_0.pt,1.4437024593353271,1
Diffusion-TS,Energy,128,123,100002,context_fid,42,0.8875752648514108,True,4096,0082877761fe99d6f9502c5bbd4a86e23459340386e532f91d26799d68158192,9bda9caf4c79d683ec6f2585f674b7b9460a793609437294ac40ba470cd3138b,/path/to/PETS-FFT-Ablation/results/final_unconditional_main_v1/evaluators/Energy/T128/ts2vec_seed_42.pt,1.474881649017334,1
Diffusion-TS,Energy,128,123,100002,context_fid,123,1.0764806042717,True,4096,0082877761fe99d6f9502c5bbd4a86e23459340386e532f91d26799d68158192,9bda9caf4c79d683ec6f2585f674b7b9460a793609437294ac40ba470cd3138b,/path/to/PETS-FFT-Ablation/results/final_unconditional_main_v1/evaluators/Energy/T128/ts2vec_seed_123.pt,1.5121171474456787,2
Diffusion-TS,Energy,128,123,100003,context_fid,0,1.0117859757434216,True,4096,0082877761fe99d6f9502c5bbd4a86e23459340386e532f91d26799d68158192,c6a86f4a9ffca73bd1aeac4a13f427ee46f1114a010a792bc26a37b1e65cfaaa,/path/to/PETS-FFT-Ablation/results/final_unconditional_main_v1/evaluators/Energy/T128/ts2vec_seed_0.pt,1.4556701183319092,1
Diffusion-TS,Energy,128,123,100003,context_fid,42,0.8281707648006433,True,4096,0082877761fe99d6f9502c5bbd4a86e23459340386e532f91d26799d68158192,c6a86f4a9ffca73bd1aeac4a13f427ee46f1114a010a792bc26a37b1e65cfaaa,/path/to/PETS-FFT-Ablation/results/final_unconditional_main_v1/evaluators/Energy/T128/ts2vec_seed_42.pt,1.4762389659881592,1
Diffusion-TS,Energy,128,123,100003,context_fid,123,1.0446361620214821,True,4096,0082877761fe99d6f9502c5bbd4a86e23459340386e532f91d26799d68158192,c6a86f4a9ffca73bd1aeac4a13f427ee46f1114a010a792bc26a37b1e65cfaaa,/path/to/PETS-FFT-Ablation/results/final_unconditional_main_v1/evaluators/Energy/T128/ts2vec_seed_123.pt,1.7861697673797607,1
Diffusion-TS,Energy,128,123,100004,context_fid,0,1.0498397086771225,True,4096,0082877761fe99d6f9502c5bbd4a86e23459340386e532f91d26799d68158192,7db6096fe1cdb9de994fd3c2f3dd93fbf1c42a81c456e5ebf5c7a3d546417aa0,/path/to/PETS-FFT-Ablation/results/final_unconditional_main_v1/evaluators/Energy/T128/ts2vec_seed_0.pt,1.3312525749206543,0
Diffusion-TS,Energy,128,123,100004,context_fid,42,0.8827930980756051,True,4096,0082877761fe99d6f9502c5bbd4a86e23459340386e532f91d26799d68158192,7db6096fe1cdb9de994fd3c2f3dd93fbf1c42a81c456e5ebf5c7a3d546417aa0,/path/to/PETS-FFT-Ablation/results/final_unconditional_main_v1/evaluators/Energy/T128/ts2vec_seed_42.pt,1.405655860900879,2
Diffusion-TS,Energy,128,123,100004,context_fid,123,1.088770892354609,True,4096,0082877761fe99d6f9502c5bbd4a86e23459340386e532f91d26799d68158192,7db6096fe1cdb9de994fd3c2f3dd93fbf1c42a81c456e5ebf5c7a3d546417aa0,/path/to/PETS-FFT-Ablation/results/final_unconditional_main_v1/evaluators/Energy/T128/ts2vec_seed_123.pt,1.6721320152282715,0
PETS-U,Energy,128,0,100000,context_fid,0,1.7074838609567613,True,4096,0082877761fe99d6f9502c5bbd4a86e23459340386e532f91d26799d68158192,b5a89ffd2b3829d29f6058255027553df1df8955aca42a98761edd4023cdfda1,/path/to/PETS-FFT-Ablation/results/final_unconditional_main_v1/evaluators/Energy/T128/ts2vec_seed_0.pt,1.3641448020935059,1
PETS-U,Energy,128,0,100000,context_fid,42,1.2168983980637211,True,4096,0082877761fe99d6f9502c5bbd4a86e23459340386e532f91d26799d68158192,b5a89ffd2b3829d29f6058255027553df1df8955aca42a98761edd4023cdfda1,/path/to/PETS-FFT-Ablation/results/final_unconditional_main_v1/evaluators/Energy/T128/ts2vec_seed_42.pt,1.4553780555725098,0
PETS-U,Energy,128,0,100000,context_fid,123,1.6262720374407764,True,4096,0082877761fe99d6f9502c5bbd4a86e23459340386e532f91d26799d68158192,b5a89ffd2b3829d29f6058255027553df1df8955aca42a98761edd4023cdfda1,/path/to/PETS-FFT-Ablation/results/final_unconditional_main_v1/evaluators/Energy/T128/ts2vec_seed_123.pt,1.4763104915618896,1
PETS-U,Energy,128,0,100001,context_fid,0,1.7289123141601173,True,4096,0082877761fe99d6f9502c5bbd4a86e23459340386e532f91d26799d68158192,66f62205452e3e031fe9f49c834c61fe00116f823935d820dc8ad752f109a688,/path/to/PETS-FFT-Ablation/results/final_unconditional_main_v1/evaluators/Energy/T128/ts2vec_seed_0.pt,1.4919469356536865,0
PETS-U,Energy,128,0,100001,context_fid,42,1.255669601540303,True,4096,0082877761fe99d6f9502c5bbd4a86e23459340386e532f91d26799d68158192,66f62205452e3e031fe9f49c834c61fe00116f823935d820dc8ad752f109a688,/path/to/PETS-FFT-Ablation/results/final_unconditional_main_v1/evaluators/Energy/T128/ts2vec_seed_42.pt,1.3809866905212402,0
PETS-U,Energy,128,0,100001,context_fid,123,1.676538771977544,True,4096,0082877761fe99d6f9502c5bbd4a86e23459340386e532f91d26799d68158192,66f62205452e3e031fe9f49c834c61fe00116f823935d820dc8ad752f109a688,/path/to/PETS-FFT-Ablation/results/final_unconditional_main_v1/evaluators/Energy/T128/ts2vec_seed_123.pt,1.591325044631958,1
PETS-U,Energy,128,0,100002,context_fid,0,1.774662512551993,True,4096,0082877761fe99d6f9502c5bbd4a86e23459340386e532f91d26799d68158192,fde905efcf527dd0f18da61dce9c8e7bd73519d074114dfaf0687244ab2503d7,/path/to/PETS-FFT-Ablation/results/final_unconditional_main_v1/evaluators/Energy/T128/ts2vec_seed_0.pt,1.4218237400054932,2
PETS-U,Energy,128,0,100002,context_fid,42,1.280109828761386,True,4096,0082877761fe99d6f9502c5bbd4a86e23459340386e532f91d26799d68158192,fde905efcf527dd0f18da61dce9c8e7bd73519d074114dfaf0687244ab2503d7,/path/to/PETS-FFT-Ablation/results/final_unconditional_main_v1/evaluators/Energy/T128/ts2vec_seed_42.pt,1.5143201351165771,1
PETS-U,Energy,128,0,100002,context_fid,123,1.7058195275698331,True,4096,0082877761fe99d6f9502c5bbd4a86e23459340386e532f91d26799d68158192,fde905efcf527dd0f18da61dce9c8e7bd73519d074114dfaf0687244ab2503d7,/path/to/PETS-FFT-Ablation/results/final_unconditional_main_v1/evaluators/Energy/T128/ts2vec_seed_123.pt,1.9091827869415283,0
PETS-U,Energy,128,0,100003,context_fid,0,1.7534524423422657,True,4096,0082877761fe99d6f9502c5bbd4a86e23459340386e532f91d26799d68158192,3811dac65971661b2db6bbd5155ceed52278351597ee778f436a99908643f8ba,/path/to/PETS-FFT-Ablation/results/final_unconditional_main_v1/evaluators/Energy/T128/ts2vec_seed_0.pt,1.3224246501922607,1
PETS-U,Energy,128,0,100003,context_fid,42,1.2464826478402453,True,4096,0082877761fe99d6f9502c5bbd4a86e23459340386e532f91d26799d68158192,3811dac65971661b2db6bbd5155ceed52278351597ee778f436a99908643f8ba,/path/to/PETS-FFT-Ablation/results/final_unconditional_main_v1/evaluators/Energy/T128/ts2vec_seed_42.pt,1.3968939781188965,2
PETS-U,Energy,128,0,100003,context_fid,123,1.6684496169766616,True,4096,0082877761fe99d6f9502c5bbd4a86e23459340386e532f91d26799d68158192,3811dac65971661b2db6bbd5155ceed52278351597ee778f436a99908643f8ba,/path/to/PETS-FFT-Ablation/results/final_unconditional_main_v1/evaluators/Energy/T128/ts2vec_seed_123.pt,1.4843759536743164,0
PETS-U,Energy,128,0,100004,context_fid,0,1.7518880731874293,True,4096,0082877761fe99d6f9502c5bbd4a86e23459340386e532f91d26799d68158192,e271f6b575a360600f946ed44296651355592dc08db8ec56af67f5804a960ee5,/path/to/PETS-FFT-Ablation/results/final_unconditional_main_v1/evaluators/Energy/T128/ts2vec_seed_0.pt,1.4977753162384033,1
PETS-U,Energy,128,0,100004,context_fid,42,1.276545632549601,True,4096,0082877761fe99d6f9502c5bbd4a86e23459340386e532f91d26799d68158192,e271f6b575a360600f946ed44296651355592dc08db8ec56af67f5804a960ee5,/path/to/PETS-FFT-Ablation/results/final_unconditional_main_v1/evaluators/Energy/T128/ts2vec_seed_42.pt,1.8790292739868164,0
PETS-U,Energy,128,0,100004,context_fid,123,1.677577501014363,True,4096,0082877761fe99d6f9502c5bbd4a86e23459340386e532f91d26799d68158192,e271f6b575a360600f946ed44296651355592dc08db8ec56af67f5804a960ee5,/path/to/PETS-FFT-Ablation/results/final_unconditional_main_v1/evaluators/Energy/T128/ts2vec_seed_123.pt,1.4415357112884521,1
PETS-U,Energy,128,42,100000,context_fid,0,1.9198187852744286,True,4096,0082877761fe99d6f9502c5bbd4a86e23459340386e532f91d26799d68158192,de0c38f641024c892e97236670dc4418cdd50cb7482f67fb637285cc5e07e6d2,/path/to/PETS-FFT-Ablation/results/final_unconditional_main_v1/evaluators/Energy/T128/ts2vec_seed_0.pt,1.2786140441894531,0
PETS-U,Energy,128,42,100000,context_fid,42,1.3676809515118356,True,4096,0082877761fe99d6f9502c5bbd4a86e23459340386e532f91d26799d68158192,de0c38f641024c892e97236670dc4418cdd50cb7482f67fb637285cc5e07e6d2,/path/to/PETS-FFT-Ablation/results/final_unconditional_main_v1/evaluators/Energy/T128/ts2vec_seed_42.pt,1.3979084491729736,1
PETS-U,Energy,128,42,100000,context_fid,123,1.72618209836084,True,4096,0082877761fe99d6f9502c5bbd4a86e23459340386e532f91d26799d68158192,de0c38f641024c892e97236670dc4418cdd50cb7482f67fb637285cc5e07e6d2,/path/to/PETS-FFT-Ablation/results/final_unconditional_main_v1/evaluators/Energy/T128/ts2vec_seed_123.pt,1.4816298484802246,2
PETS-U,Energy,128,42,100001,context_fid,0,1.961333609066767,True,4096,0082877761fe99d6f9502c5bbd4a86e23459340386e532f91d26799d68158192,35e5190b9132c49821b2cc505c6f68e67443f082b071cf43eae9cfcd8728e5ca,/path/to/PETS-FFT-Ablation/results/final_unconditional_main_v1/evaluators/Energy/T128/ts2vec_seed_0.pt,1.3512794971466064,2
PETS-U,Energy,128,42,100001,context_fid,42,1.3975331705579657,True,4096,0082877761fe99d6f9502c5bbd4a86e23459340386e532f91d26799d68158192,35e5190b9132c49821b2cc505c6f68e67443f082b071cf43eae9cfcd8728e5ca,/path/to/PETS-FFT-Ablation/results/final_unconditional_main_v1/evaluators/Energy/T128/ts2vec_seed_42.pt,1.3444170951843262,0
PETS-U,Energy,128,42,100001,context_fid,123,1.7722837908674922,True,4096,0082877761fe99d6f9502c5bbd4a86e23459340386e532f91d26799d68158192,35e5190b9132c49821b2cc505c6f68e67443f082b071cf43eae9cfcd8728e5ca,/path/to/PETS-FFT-Ablation/results/final_unconditional_main_v1/evaluators/Energy/T128/ts2vec_seed_123.pt,1.4673597812652588,1
PETS-U,Energy,128,42,100002,context_fid,0,1.9710925020177963,True,4096,0082877761fe99d6f9502c5bbd4a86e23459340386e532f91d26799d68158192,0800867c1f7f42c5078ce87d46753aaba2c622fd858d19cadce382da9ad04807,/path/to/PETS-FFT-Ablation/results/final_unconditional_main_v1/evaluators/Energy/T128/ts2vec_seed_0.pt,1.37703537940979,2
PETS-U,Energy,128,42,100002,context_fid,42,1.390788177056825,True,4096,0082877761fe99d6f9502c5bbd4a86e23459340386e532f91d26799d68158192,0800867c1f7f42c5078ce87d46753aaba2c622fd858d19cadce382da9ad04807,/path/to/PETS-FFT-Ablation/results/final_unconditional_main_v1/evaluators/Energy/T128/ts2vec_seed_42.pt,1.3748459815979004,0
PETS-U,Energy,128,42,100002,context_fid,123,1.78277175951222,True,4096,0082877761fe99d6f9502c5bbd4a86e23459340386e532f91d26799d68158192,0800867c1f7f42c5078ce87d46753aaba2c622fd858d19cadce382da9ad04807,/path/to/PETS-FFT-Ablation/results/final_unconditional_main_v1/evaluators/Energy/T128/ts2vec_seed_123.pt,1.4542686939239502,2
PETS-U,Energy,128,42,100003,context_fid,0,2.018391691841755,True,4096,0082877761fe99d6f9502c5bbd4a86e23459340386e532f91d26799d68158192,ceb7f6e24c6c3c6d989bf0ad5e23e741e7fceb5ded9d5227fb09934bb269c58d,/path/to/PETS-FFT-Ablation/results/final_unconditional_main_v1/evaluators/Energy/T128/ts2vec_seed_0.pt,1.3415887355804443,0
PETS-U,Energy,128,42,100003,context_fid,42,1.4359950862397832,True,4096,0082877761fe99d6f9502c5bbd4a86e23459340386e532f91d26799d68158192,ceb7f6e24c6c3c6d989bf0ad5e23e741e7fceb5ded9d5227fb09934bb269c58d,/path/to/PETS-FFT-Ablation/results/final_unconditional_main_v1/evaluators/Energy/T128/ts2vec_seed_42.pt,1.47684907913208,2
PETS-U,Energy,128,42,100003,context_fid,123,1.8107400997289163,True,4096,0082877761fe99d6f9502c5bbd4a86e23459340386e532f91d26799d68158192,ceb7f6e24c6c3c6d989bf0ad5e23e741e7fceb5ded9d5227fb09934bb269c58d,/path/to/PETS-FFT-Ablation/results/final_unconditional_main_v1/evaluators/Energy/T128/ts2vec_seed_123.pt,1.4807767868041992,1
PETS-U,Energy,128,42,100004,context_fid,0,1.9483107069503225,True,4096,0082877761fe99d6f9502c5bbd4a86e23459340386e532f91d26799d68158192,6f9a120dfa7117e916d5298faeb1760718362cc31c9d06ef9e61bd717eb2891c,/path/to/PETS-FFT-Ablation/results/final_unconditional_main_v1/evaluators/Energy/T128/ts2vec_seed_0.pt,1.478808879852295,0
PETS-U,Energy,128,42,100004,context_fid,42,1.3722333647684433,True,4096,0082877761fe99d6f9502c5bbd4a86e23459340386e532f91d26799d68158192,6f9a120dfa7117e916d5298faeb1760718362cc31c9d06ef9e61bd717eb2891c,/path/to/PETS-FFT-Ablation/results/final_unconditional_main_v1/evaluators/Energy/T128/ts2vec_seed_42.pt,1.5626537799835205,2
PETS-U,Energy,128,42,100004,context_fid,123,1.753983162738779,True,4096,0082877761fe99d6f9502c5bbd4a86e23459340386e532f91d26799d68158192,6f9a120dfa7117e916d5298faeb1760718362cc31c9d06ef9e61bd717eb2891c,/path/to/PETS-FFT-Ablation/results/final_unconditional_main_v1/evaluators/Energy/T128/ts2vec_seed_123.pt,1.8356537818908691,0
PETS-U,Energy,128,123,100000,context_fid,0,1.83560429579635,True,4096,0082877761fe99d6f9502c5bbd4a86e23459340386e532f91d26799d68158192,14130a12e3f1d76749ba4aa31c0065357f96e6dd1aefb54117c11aaedbc6678b,/path/to/PETS-FFT-Ablation/results/final_unconditional_main_v1/evaluators/Energy/T128/ts2vec_seed_0.pt,1.3348512649536133,0
PETS-U,Energy,128,123,100000,context_fid,42,1.3206346691168753,True,4096,0082877761fe99d6f9502c5bbd4a86e23459340386e532f91d26799d68158192,14130a12e3f1d76749ba4aa31c0065357f96e6dd1aefb54117c11aaedbc6678b,/path/to/PETS-FFT-Ablation/results/final_unconditional_main_v1/evaluators/Energy/T128/ts2vec_seed_42.pt,1.4184963703155518,2
PETS-U,Energy,128,123,100000,context_fid,123,1.7189303216389569,True,4096,0082877761fe99d6f9502c5bbd4a86e23459340386e532f91d26799d68158192,14130a12e3f1d76749ba4aa31c0065357f96e6dd1aefb54117c11aaedbc6678b,/path/to/PETS-FFT-Ablation/results/final_unconditional_main_v1/evaluators/Energy/T128/ts2vec_seed_123.pt,1.6100010871887207,0
PETS-U,Energy,128,123,100001,context_fid,0,1.8108944539866574,True,4096,0082877761fe99d6f9502c5bbd4a86e23459340386e532f91d26799d68158192,fcc266386a67fd61f4528883fa1aa582f390d577465292c550b6eaf24897eefd,/path/to/PETS-FFT-Ablation/results/final_unconditional_main_v1/evaluators/Energy/T128/ts2vec_seed_0.pt,1.369175910949707,2
PETS-U,Energy,128,123,100001,context_fid,42,1.2972505067355022,True,4096,0082877761fe99d6f9502c5bbd4a86e23459340386e532f91d26799d68158192,fcc266386a67fd61f4528883fa1aa582f390d577465292c550b6eaf24897eefd,/path/to/PETS-FFT-Ablation/results/final_unconditional_main_v1/evaluators/Energy/T128/ts2vec_seed_42.pt,1.3650546073913574,0
PETS-U,Energy,128,123,100001,context_fid,123,1.6785494588050585,True,4096,0082877761fe99d6f9502c5bbd4a86e23459340386e532f91d26799d68158192,fcc266386a67fd61f4528883fa1aa582f390d577465292c550b6eaf24897eefd,/path/to/PETS-FFT-Ablation/results/final_unconditional_main_v1/evaluators/Energy/T128/ts2vec_seed_123.pt,1.469923734664917,2
PETS-U,Energy,128,123,100002,context_fid,0,1.8537894291893573,True,4096,0082877761fe99d6f9502c5bbd4a86e23459340386e532f91d26799d68158192,dade79624058ffa3c3a1fc88d8400b124d1a42db69a7096d3c39924d5efe3c84,/path/to/PETS-FFT-Ablation/results/final_unconditional_main_v1/evaluators/Energy/T128/ts2vec_seed_0.pt,1.4453227519989014,1
PETS-U,Energy,128,123,100002,context_fid,42,1.32762575313457,True,4096,0082877761fe99d6f9502c5bbd4a86e23459340386e532f91d26799d68158192,dade79624058ffa3c3a1fc88d8400b124d1a42db69a7096d3c39924d5efe3c84,/path/to/PETS-FFT-Ablation/results/final_unconditional_main_v1/evaluators/Energy/T128/ts2vec_seed_42.pt,1.4445111751556396,2
PETS-U,Energy,128,123,100002,context_fid,123,1.7238901783868077,True,4096,0082877761fe99d6f9502c5bbd4a86e23459340386e532f91d26799d68158192,dade79624058ffa3c3a1fc88d8400b124d1a42db69a7096d3c39924d5efe3c84,/path/to/PETS-FFT-Ablation/results/final_unconditional_main_v1/evaluators/Energy/T128/ts2vec_seed_123.pt,1.4879307746887207,1
PETS-U,Energy,128,123,100003,context_fid,0,1.8196772121796703,True,4096,0082877761fe99d6f9502c5bbd4a86e23459340386e532f91d26799d68158192,082bb1eb0d713e2a35e3d5c819e091f5448db878efcf194430b71b466be6efb6,/path/to/PETS-FFT-Ablation/results/final_unconditional_main_v1/evaluators/Energy/T128/ts2vec_seed_0.pt,1.5189802646636963,0
PETS-U,Energy,128,123,100003,context_fid,42,1.3018739891200064,True,4096,0082877761fe99d6f9502c5bbd4a86e23459340386e532f91d26799d68158192,082bb1eb0d713e2a35e3d5c819e091f5448db878efcf194430b71b466be6efb6,/path/to/PETS-FFT-Ablation/results/final_unconditional_main_v1/evaluators/Energy/T128/ts2vec_seed_42.pt,1.4848604202270508,2
PETS-U,Energy,128,123,100003,context_fid,123,1.700921056549336,True,4096,0082877761fe99d6f9502c5bbd4a86e23459340386e532f91d26799d68158192,082bb1eb0d713e2a35e3d5c819e091f5448db878efcf194430b71b466be6efb6,/path/to/PETS-FFT-Ablation/results/final_unconditional_main_v1/evaluators/Energy/T128/ts2vec_seed_123.pt,1.4899568557739258,0
PETS-U,Energy,128,123,100004,context_fid,0,1.8788709981816085,True,4096,0082877761fe99d6f9502c5bbd4a86e23459340386e532f91d26799d68158192,5df62705c1c8b25204dad83c088e5544440212c2e42c13877be119496e19098e,/path/to/PETS-FFT-Ablation/results/final_unconditional_main_v1/evaluators/Energy/T128/ts2vec_seed_0.pt,1.4102284908294678,2
PETS-U,Energy,128,123,100004,context_fid,42,1.3298691767551398,True,4096,0082877761fe99d6f9502c5bbd4a86e23459340386e532f91d26799d68158192,5df62705c1c8b25204dad83c088e5544440212c2e42c13877be119496e19098e,/path/to/PETS-FFT-Ablation/results/final_unconditional_main_v1/evaluators/Energy/T128/ts2vec_seed_42.pt,1.419114589691162,2
PETS-U,Energy,128,123,100004,context_fid,123,1.7467543004169888,True,4096,0082877761fe99d6f9502c5bbd4a86e23459340386e532f91d26799d68158192,5df62705c1c8b25204dad83c088e5544440212c2e42c13877be119496e19098e,/path/to/PETS-FFT-Ablation/results/final_unconditional_main_v1/evaluators/Energy/T128/ts2vec_seed_123.pt,1.4286000728607178,1
Diffusion-TS,Energy,256,0,100000,context_fid,0,1.9876122276038508,True,4096,85497375d523f70b566ec01c5da04796afe02d4640334dc033d8d61f3fccd859,4324b0ebbcfa7a75b1ac92e5d1dd2efc4d0e52462d8f0500a02c5b151290e627,/path/to/PETS-FFT-Ablation/results/final_unconditional_main_v1/evaluators/Energy/T256/ts2vec_seed_0.pt,1.5272910594940186,1
Diffusion-TS,Energy,256,0,100000,context_fid,42,1.610235064501695,True,4096,85497375d523f70b566ec01c5da04796afe02d4640334dc033d8d61f3fccd859,4324b0ebbcfa7a75b1ac92e5d1dd2efc4d0e52462d8f0500a02c5b151290e627,/path/to/PETS-FFT-Ablation/results/final_unconditional_main_v1/evaluators/Energy/T256/ts2vec_seed_42.pt,1.5116493701934814,2
Diffusion-TS,Energy,256,0,100000,context_fid,123,1.7118086200812426,True,4096,85497375d523f70b566ec01c5da04796afe02d4640334dc033d8d61f3fccd859,4324b0ebbcfa7a75b1ac92e5d1dd2efc4d0e52462d8f0500a02c5b151290e627,/path/to/PETS-FFT-Ablation/results/final_unconditional_main_v1/evaluators/Energy/T256/ts2vec_seed_123.pt,1.5503296852111816,1
Diffusion-TS,Energy,256,0,100001,context_fid,0,1.9418000715163226,True,4096,85497375d523f70b566ec01c5da04796afe02d4640334dc033d8d61f3fccd859,1244e75109996c20886e009e1e0e250945e09f062de82f8f0043aed3a0fe8fb9,/path/to/PETS-FFT-Ablation/results/final_unconditional_main_v1/evaluators/Energy/T256/ts2vec_seed_0.pt,1.661792278289795,2
Diffusion-TS,Energy,256,0,100001,context_fid,42,1.5467013430838292,True,4096,85497375d523f70b566ec01c5da04796afe02d4640334dc033d8d61f3fccd859,1244e75109996c20886e009e1e0e250945e09f062de82f8f0043aed3a0fe8fb9,/path/to/PETS-FFT-Ablation/results/final_unconditional_main_v1/evaluators/Energy/T256/ts2vec_seed_42.pt,1.551842451095581,1
Diffusion-TS,Energy,256,0,100001,context_fid,123,1.6682312400891526,True,4096,85497375d523f70b566ec01c5da04796afe02d4640334dc033d8d61f3fccd859,1244e75109996c20886e009e1e0e250945e09f062de82f8f0043aed3a0fe8fb9,/path/to/PETS-FFT-Ablation/results/final_unconditional_main_v1/evaluators/Energy/T256/ts2vec_seed_123.pt,1.5798602104187012,2
Diffusion-TS,Energy,256,0,100002,context_fid,0,1.9324049161354435,True,4096,85497375d523f70b566ec01c5da04796afe02d4640334dc033d8d61f3fccd859,bc034830620b9472fba3c2fb6d45245a0d47cba64a4ff1af0dec22ace37a334e,/path/to/PETS-FFT-Ablation/results/final_unconditional_main_v1/evaluators/Energy/T256/ts2vec_seed_0.pt,1.5460906028747559,1
Diffusion-TS,Energy,256,0,100002,context_fid,42,1.5485441990908204,True,4096,85497375d523f70b566ec01c5da04796afe02d4640334dc033d8d61f3fccd859,bc034830620b9472fba3c2fb6d45245a0d47cba64a4ff1af0dec22ace37a334e,/path/to/PETS-FFT-Ablation/results/final_unconditional_main_v1/evaluators/Energy/T256/ts2vec_seed_42.pt,1.643277883529663,1
Diffusion-TS,Energy,256,0,100002,context_fid,123,1.6854825511851212,True,4096,85497375d523f70b566ec01c5da04796afe02d4640334dc033d8d61f3fccd859,bc034830620b9472fba3c2fb6d45245a0d47cba64a4ff1af0dec22ace37a334e,/path/to/PETS-FFT-Ablation/results/final_unconditional_main_v1/evaluators/Energy/T256/ts2vec_seed_123.pt,1.5105791091918945,1
Diffusion-TS,Energy,256,0,100003,context_fid,0,1.9297359349263001,True,4096,85497375d523f70b566ec01c5da04796afe02d4640334dc033d8d61f3fccd859,d4b17754bb8c847aab25c1998ab42eb98c2078c237d6e56804319f4f81700803,/path/to/PETS-FFT-Ablation/results/final_unconditional_main_v1/evaluators/Energy/T256/ts2vec_seed_0.pt,1.4090795516967773,0
Diffusion-TS,Energy,256,0,100003,context_fid,42,1.538093806329334,True,4096,85497375d523f70b566ec01c5da04796afe02d4640334dc033d8d61f3fccd859,d4b17754bb8c847aab25c1998ab42eb98c2078c237d6e56804319f4f81700803,/path/to/PETS-FFT-Ablation/results/final_unconditional_main_v1/evaluators/Energy/T256/ts2vec_seed_42.pt,1.6350817680358887,2
Diffusion-TS,Energy,256,0,100003,context_fid,123,1.6626428222007361,True,4096,85497375d523f70b566ec01c5da04796afe02d4640334dc033d8d61f3fccd859,d4b17754bb8c847aab25c1998ab42eb98c2078c237d6e56804319f4f81700803,/path/to/PETS-FFT-Ablation/results/final_unconditional_main_v1/evaluators/Energy/T256/ts2vec_seed_123.pt,1.579847812652588,1
Diffusion-TS,Energy,256,0,100004,context_fid,0,1.9396589254024779,True,4096,85497375d523f70b566ec01c5da04796afe02d4640334dc033d8d61f3fccd859,fa44d0e575948cad899a2c28480bc77dee171b2ee48bd5cd9693ef4fa0af94af,/path/to/PETS-FFT-Ablation/results/final_unconditional_main_v1/evaluators/Energy/T256/ts2vec_seed_0.pt,1.5916476249694824,1
Diffusion-TS,Energy,256,0,100004,context_fid,42,1.5576943352959118,True,4096,85497375d523f70b566ec01c5da04796afe02d4640334dc033d8d61f3fccd859,fa44d0e575948cad899a2c28480bc77dee171b2ee48bd5cd9693ef4fa0af94af,/path/to/PETS-FFT-Ablation/results/final_unconditional_main_v1/evaluators/Energy/T256/ts2vec_seed_42.pt,1.572525978088379,1
Diffusion-TS,Energy,256,0,100004,context_fid,123,1.6604407644753492,True,4096,85497375d523f70b566ec01c5da04796afe02d4640334dc033d8d61f3fccd859,fa44d0e575948cad899a2c28480bc77dee171b2ee48bd5cd9693ef4fa0af94af,/path/to/PETS-FFT-Ablation/results/final_unconditional_main_v1/evaluators/Energy/T256/ts2vec_seed_123.pt,1.5672075748443604,1
Diffusion-TS,Energy,256,42,100000,context_fid,0,2.0445909140067893,True,4096,85497375d523f70b566ec01c5da04796afe02d4640334dc033d8d61f3fccd859,7d3b7d779f3043253da56dc781b53c7059c49933ff3e7d5ad0e06d82824a6a46,/path/to/PETS-FFT-Ablation/results/final_unconditional_main_v1/evaluators/Energy/T256/ts2vec_seed_0.pt,1.4808402061462402,1
Diffusion-TS,Energy,256,42,100000,context_fid,42,1.6898034245435931,True,4096,85497375d523f70b566ec01c5da04796afe02d4640334dc033d8d61f3fccd859,7d3b7d779f3043253da56dc781b53c7059c49933ff3e7d5ad0e06d82824a6a46,/path/to/PETS-FFT-Ablation/results/final_unconditional_main_v1/evaluators/Energy/T256/ts2vec_seed_42.pt,1.590299367904663,1
Diffusion-TS,Energy,256,42,100000,context_fid,123,1.7096423007222534,True,4096,85497375d523f70b566ec01c5da04796afe02d4640334dc033d8d61f3fccd859,7d3b7d779f3043253da56dc781b53c7059c49933ff3e7d5ad0e06d82824a6a46,/path/to/PETS-FFT-Ablation/results/final_unconditional_main_v1/evaluators/Energy/T256/ts2vec_seed_123.pt,1.5030150413513184,0
Diffusion-TS,Energy,256,42,100001,context_fid,0,2.0402843914321775,True,4096,85497375d523f70b566ec01c5da04796afe02d4640334dc033d8d61f3fccd859,d5559b5ab3ca4ec92da0be7eff31a477ab0c1f8fdcd5d9035eeddc0016a3300e,/path/to/PETS-FFT-Ablation/results/final_unconditional_main_v1/evaluators/Energy/T256/ts2vec_seed_0.pt,1.7042012214660645,0
Diffusion-TS,Energy,256,42,100001,context_fid,42,1.6707421914135296,True,4096,85497375d523f70b566ec01c5da04796afe02d4640334dc033d8d61f3fccd859,d5559b5ab3ca4ec92da0be7eff31a477ab0c1f8fdcd5d9035eeddc0016a3300e,/path/to/PETS-FFT-Ablation/results/final_unconditional_main_v1/evaluators/Energy/T256/ts2vec_seed_42.pt,1.50431227684021,0
Diffusion-TS,Energy,256,42,100001,context_fid,123,1.7051292698030496,True,4096,85497375d523f70b566ec01c5da04796afe02d4640334dc033d8d61f3fccd859,d5559b5ab3ca4ec92da0be7eff31a477ab0c1f8fdcd5d9035eeddc0016a3300e,/path/to/PETS-FFT-Ablation/results/final_unconditional_main_v1/evaluators/Energy/T256/ts2vec_seed_123.pt,1.5360538959503174,0
Diffusion-TS,Energy,256,42,100002,context_fid,0,2.0577915599846293,True,4096,85497375d523f70b566ec01c5da04796afe02d4640334dc033d8d61f3fccd859,8ff69c54c46ac0e5a12e4faf44d889e1e117365c88c346c8730224a5bb3f1368,/path/to/PETS-FFT-Ablation/results/final_unconditional_main_v1/evaluators/Energy/T256/ts2vec_seed_0.pt,1.5043020248413086,1
Diffusion-TS,Energy,256,42,100002,context_fid,42,1.6872148261617632,True,4096,85497375d523f70b566ec01c5da04796afe02d4640334dc033d8d61f3fccd859,8ff69c54c46ac0e5a12e4faf44d889e1e117365c88c346c8730224a5bb3f1368,/path/to/PETS-FFT-Ablation/results/final_unconditional_main_v1/evaluators/Energy/T256/ts2vec_seed_42.pt,1.583810567855835,0
Diffusion-TS,Energy,256,42,100002,context_fid,123,1.7176807246883001,True,4096,85497375d523f70b566ec01c5da04796afe02d4640334dc033d8d61f3fccd859,8ff69c54c46ac0e5a12e4faf44d889e1e117365c88c346c8730224a5bb3f1368,/path/to/PETS-FFT-Ablation/results/final_unconditional_main_v1/evaluators/Energy/T256/ts2vec_seed_123.pt,1.6067240238189697,1
Diffusion-TS,Energy,256,42,100003,context_fid,0,2.0855884496440535,True,4096,85497375d523f70b566ec01c5da04796afe02d4640334dc033d8d61f3fccd859,fff9f293872ec8f421d9bc28179a147d49fc96f941c202492eaaebdc7f6d2a9e,/path/to/PETS-FFT-Ablation/results/final_unconditional_main_v1/evaluators/Energy/T256/ts2vec_seed_0.pt,1.576493501663208,1
Diffusion-TS,Energy,256,42,100003,context_fid,42,1.7187716620728795,True,4096,85497375d523f70b566ec01c5da04796afe02d4640334dc033d8d61f3fccd859,fff9f293872ec8f421d9bc28179a147d49fc96f941c202492eaaebdc7f6d2a9e,/path/to/PETS-FFT-Ablation/results/final_unconditional_main_v1/evaluators/Energy/T256/ts2vec_seed_42.pt,1.6902320384979248,0
Diffusion-TS,Energy,256,42,100003,context_fid,123,1.7338287328710549,True,4096,85497375d523f70b566ec01c5da04796afe02d4640334dc033d8d61f3fccd859,fff9f293872ec8f421d9bc28179a147d49fc96f941c202492eaaebdc7f6d2a9e,/path/to/PETS-FFT-Ablation/results/final_unconditional_main_v1/evaluators/Energy/T256/ts2vec_seed_123.pt,1.6422157287597656,1
Diffusion-TS,Energy,256,42,100004,context_fid,0,2.0381924894551684,True,4096,85497375d523f70b566ec01c5da04796afe02d4640334dc033d8d61f3fccd859,a12c903027b821cc5b312f3e8ed2dd4baef24db50bfbde5742bdd8238d05be6d,/path/to/PETS-FFT-Ablation/results/final_unconditional_main_v1/evaluators/Energy/T256/ts2vec_seed_0.pt,1.537327766418457,1
Diffusion-TS,Energy,256,42,100004,context_fid,42,1.6846695933218598,True,4096,85497375d523f70b566ec01c5da04796afe02d4640334dc033d8d61f3fccd859,a12c903027b821cc5b312f3e8ed2dd4baef24db50bfbde5742bdd8238d05be6d,/path/to/PETS-FFT-Ablation/results/final_unconditional_main_v1/evaluators/Energy/T256/ts2vec_seed_42.pt,1.528266191482544,1
Diffusion-TS,Energy,256,42,100004,context_fid,123,1.7080062773517055,True,4096,85497375d523f70b566ec01c5da04796afe02d4640334dc033d8d61f3fccd859,a12c903027b821cc5b312f3e8ed2dd4baef24db50bfbde5742bdd8238d05be6d,/path/to/PETS-FFT-Ablation/results/final_unconditional_main_v1/evaluators/Energy/T256/ts2vec_seed_123.pt,1.5393648147583008,1
Diffusion-TS,Energy,256,123,100000,context_fid,0,1.3465093870370355,True,4096,85497375d523f70b566ec01c5da04796afe02d4640334dc033d8d61f3fccd859,b4b2f13ee711ae28ad3544fee70997b3649f2f2e79d1a130fb17d304e88f7277,/path/to/PETS-FFT-Ablation/results/final_unconditional_main_v1/evaluators/Energy/T256/ts2vec_seed_0.pt,1.5623056888580322,1
Diffusion-TS,Energy,256,123,100000,context_fid,42,0.9898783075139688,True,4096,85497375d523f70b566ec01c5da04796afe02d4640334dc033d8d61f3fccd859,b4b2f13ee711ae28ad3544fee70997b3649f2f2e79d1a130fb17d304e88f7277,/path/to/PETS-FFT-Ablation/results/final_unconditional_main_v1/evaluators/Energy/T256/ts2vec_seed_42.pt,1.5555305480957031,1
Diffusion-TS,Energy,256,123,100000,context_fid,123,1.0529477900166944,True,4096,85497375d523f70b566ec01c5da04796afe02d4640334dc033d8d61f3fccd859,b4b2f13ee711ae28ad3544fee70997b3649f2f2e79d1a130fb17d304e88f7277,/path/to/PETS-FFT-Ablation/results/final_unconditional_main_v1/evaluators/Energy/T256/ts2vec_seed_123.pt,1.6253972053527832,1
Diffusion-TS,Energy,256,123,100001,context_fid,0,1.4084513347862098,True,4096,85497375d523f70b566ec01c5da04796afe02d4640334dc033d8d61f3fccd859,c5d0d58a5abe36bcf24aa90794dc3476694730f1951d0521d79e587dd785e292,/path/to/PETS-FFT-Ablation/results/final_unconditional_main_v1/evaluators/Energy/T256/ts2vec_seed_0.pt,1.5594942569732666,1
Diffusion-TS,Energy,256,123,100001,context_fid,42,1.039556393368374,True,4096,85497375d523f70b566ec01c5da04796afe02d4640334dc033d8d61f3fccd859,c5d0d58a5abe36bcf24aa90794dc3476694730f1951d0521d79e587dd785e292,/path/to/PETS-FFT-Ablation/results/final_unconditional_main_v1/evaluators/Energy/T256/ts2vec_seed_42.pt,1.6085870265960693,1
Diffusion-TS,Energy,256,123,100001,context_fid,123,1.0988832634003505,True,4096,85497375d523f70b566ec01c5da04796afe02d4640334dc033d8d61f3fccd859,c5d0d58a5abe36bcf24aa90794dc3476694730f1951d0521d79e587dd785e292,/path/to/PETS-FFT-Ablation/results/final_unconditional_main_v1/evaluators/Energy/T256/ts2vec_seed_123.pt,1.5673692226409912,1
Diffusion-TS,Energy,256,123,100002,context_fid,0,1.3648396824043492,True,4096,85497375d523f70b566ec01c5da04796afe02d4640334dc033d8d61f3fccd859,d55e0bbd732d6f9a623c4c8d6116fc559cd5945b9cd43bd9f23f12f776b0a132,/path/to/PETS-FFT-Ablation/results/final_unconditional_main_v1/evaluators/Energy/T256/ts2vec_seed_0.pt,1.5767199993133545,1
Diffusion-TS,Energy,256,123,100002,context_fid,42,1.0068861781259657,True,4096,85497375d523f70b566ec01c5da04796afe02d4640334dc033d8d61f3fccd859,d55e0bbd732d6f9a623c4c8d6116fc559cd5945b9cd43bd9f23f12f776b0a132,/path/to/PETS-FFT-Ablation/results/final_unconditional_main_v1/evaluators/Energy/T256/ts2vec_seed_42.pt,1.6380209922790527,0
Diffusion-TS,Energy,256,123,100002,context_fid,123,1.0626012060520922,True,4096,85497375d523f70b566ec01c5da04796afe02d4640334dc033d8d61f3fccd859,d55e0bbd732d6f9a623c4c8d6116fc559cd5945b9cd43bd9f23f12f776b0a132,/path/to/PETS-FFT-Ablation/results/final_unconditional_main_v1/evaluators/Energy/T256/ts2vec_seed_123.pt,1.6841740608215332,1
Diffusion-TS,Energy,256,123,100003,context_fid,0,1.3232467629047995,True,4096,85497375d523f70b566ec01c5da04796afe02d4640334dc033d8d61f3fccd859,6a0290626282f24e87c89be3c6a33138d7700cef499c82704faf19ac82092a06,/path/to/PETS-FFT-Ablation/results/final_unconditional_main_v1/evaluators/Energy/T256/ts2vec_seed_0.pt,1.5687856674194336,1
Diffusion-TS,Energy,256,123,100003,context_fid,42,0.9641767783158351,True,4096,85497375d523f70b566ec01c5da04796afe02d4640334dc033d8d61f3fccd859,6a0290626282f24e87c89be3c6a33138d7700cef499c82704faf19ac82092a06,/path/to/PETS-FFT-Ablation/results/final_unconditional_main_v1/evaluators/Energy/T256/ts2vec_seed_42.pt,1.647763967514038,1
Diffusion-TS,Energy,256,123,100003,context_fid,123,1.0507686615265752,True,4096,85497375d523f70b566ec01c5da04796afe02d4640334dc033d8d61f3fccd859,6a0290626282f24e87c89be3c6a33138d7700cef499c82704faf19ac82092a06,/path/to/PETS-FFT-Ablation/results/final_unconditional_main_v1/evaluators/Energy/T256/ts2vec_seed_123.pt,1.580984354019165,1
Diffusion-TS,Energy,256,123,100004,context_fid,0,1.4149955675000851,True,4096,85497375d523f70b566ec01c5da04796afe02d4640334dc033d8d61f3fccd859,725d2df73965ea51e3996965d36d932bfbd251366d9d59aafce85ec067fb3c72,/path/to/PETS-FFT-Ablation/results/final_unconditional_main_v1/evaluators/Energy/T256/ts2vec_seed_0.pt,1.4634795188903809,1
Diffusion-TS,Energy,256,123,100004,context_fid,42,1.0590371517064079,True,4096,85497375d523f70b566ec01c5da04796afe02d4640334dc033d8d61f3fccd859,725d2df73965ea51e3996965d36d932bfbd251366d9d59aafce85ec067fb3c72,/path/to/PETS-FFT-Ablation/results/final_unconditional_main_v1/evaluators/Energy/T256/ts2vec_seed_42.pt,1.6207795143127441,0
Diffusion-TS,Energy,256,123,100004,context_fid,123,1.116658010810164,True,4096,85497375d523f70b566ec01c5da04796afe02d4640334dc033d8d61f3fccd859,725d2df73965ea51e3996965d36d932bfbd251366d9d59aafce85ec067fb3c72,/path/to/PETS-FFT-Ablation/results/final_unconditional_main_v1/evaluators/Energy/T256/ts2vec_seed_123.pt,1.6483561992645264,2
PETS-U,Energy,256,0,100000,context_fid,0,2.362043369617913,True,4096,85497375d523f70b566ec01c5da04796afe02d4640334dc033d8d61f3fccd859,a3e7acd00bd426edfbec326fb770e04499f8fd9770c23d9a0e2f80ff0d7bdb25,/path/to/PETS-FFT-Ablation/results/final_unconditional_main_v1/evaluators/Energy/T256/ts2vec_seed_0.pt,1.549853801727295,2
PETS-U,Energy,256,0,100000,context_fid,42,1.8359606262077934,True,4096,85497375d523f70b566ec01c5da04796afe02d4640334dc033d8d61f3fccd859,a3e7acd00bd426edfbec326fb770e04499f8fd9770c23d9a0e2f80ff0d7bdb25,/path/to/PETS-FFT-Ablation/results/final_unconditional_main_v1/evaluators/Energy/T256/ts2vec_seed_42.pt,1.8775391578674316,0
PETS-U,Energy,256,0,100000,context_fid,123,2.3784660843233296,True,4096,85497375d523f70b566ec01c5da04796afe02d4640334dc033d8d61f3fccd859,a3e7acd00bd426edfbec326fb770e04499f8fd9770c23d9a0e2f80ff0d7bdb25,/path/to/PETS-FFT-Ablation/results/final_unconditional_main_v1/evaluators/Energy/T256/ts2vec_seed_123.pt,1.764310359954834,1
PETS-U,Energy,256,0,100001,context_fid,0,2.3786591820606287,True,4096,85497375d523f70b566ec01c5da04796afe02d4640334dc033d8d61f3fccd859,ef00a3a1e7f8bd1211d88eaf3ab342456cb24ba92129c45b818896da5a43e28c,/path/to/PETS-FFT-Ablation/results/final_unconditional_main_v1/evaluators/Energy/T256/ts2vec_seed_0.pt,1.5253167152404785,2
PETS-U,Energy,256,0,100001,context_fid,42,1.8309120133039105,True,4096,85497375d523f70b566ec01c5da04796afe02d4640334dc033d8d61f3fccd859,ef00a3a1e7f8bd1211d88eaf3ab342456cb24ba92129c45b818896da5a43e28c,/path/to/PETS-FFT-Ablation/results/final_unconditional_main_v1/evaluators/Energy/T256/ts2vec_seed_42.pt,1.4884209632873535,2
PETS-U,Energy,256,0,100001,context_fid,123,2.402374419492736,True,4096,85497375d523f70b566ec01c5da04796afe02d4640334dc033d8d61f3fccd859,ef00a3a1e7f8bd1211d88eaf3ab342456cb24ba92129c45b818896da5a43e28c,/path/to/PETS-FFT-Ablation/results/final_unconditional_main_v1/evaluators/Energy/T256/ts2vec_seed_123.pt,1.5942506790161133,2
PETS-U,Energy,256,0,100002,context_fid,0,2.368997991389817,True,4096,85497375d523f70b566ec01c5da04796afe02d4640334dc033d8d61f3fccd859,60f28a2768cec24408866a714dcbee904114c85e4109152666afafd6ac59a350,/path/to/PETS-FFT-Ablation/results/final_unconditional_main_v1/evaluators/Energy/T256/ts2vec_seed_0.pt,1.5400171279907227,1
PETS-U,Energy,256,0,100002,context_fid,42,1.8319861456583113,True,4096,85497375d523f70b566ec01c5da04796afe02d4640334dc033d8d61f3fccd859,60f28a2768cec24408866a714dcbee904114c85e4109152666afafd6ac59a350,/path/to/PETS-FFT-Ablation/results/final_unconditional_main_v1/evaluators/Energy/T256/ts2vec_seed_42.pt,1.5895981788635254,0
PETS-U,Energy,256,0,100002,context_fid,123,2.4025842420239503,True,4096,85497375d523f70b566ec01c5da04796afe02d4640334dc033d8d61f3fccd859,60f28a2768cec24408866a714dcbee904114c85e4109152666afafd6ac59a350,/path/to/PETS-FFT-Ablation/results/final_unconditional_main_v1/evaluators/Energy/T256/ts2vec_seed_123.pt,1.8038110733032227,1
PETS-U,Energy,256,0,100003,context_fid,0,2.3557929872195245,True,4096,85497375d523f70b566ec01c5da04796afe02d4640334dc033d8d61f3fccd859,1f8a304cbf2335f27d349c8e7b20fbb417f8df04bf27f85ea8f16ca0103c7a3d,/path/to/PETS-FFT-Ablation/results/final_unconditional_main_v1/evaluators/Energy/T256/ts2vec_seed_0.pt,1.462233543395996,0
PETS-U,Energy,256,0,100003,context_fid,42,1.8083928141573065,True,4096,85497375d523f70b566ec01c5da04796afe02d4640334dc033d8d61f3fccd859,1f8a304cbf2335f27d349c8e7b20fbb417f8df04bf27f85ea8f16ca0103c7a3d,/path/to/PETS-FFT-Ablation/results/final_unconditional_main_v1/evaluators/Energy/T256/ts2vec_seed_42.pt,1.5408008098602295,1
PETS-U,Energy,256,0,100003,context_fid,123,2.3616482553941642,True,4096,85497375d523f70b566ec01c5da04796afe02d4640334dc033d8d61f3fccd859,1f8a304cbf2335f27d349c8e7b20fbb417f8df04bf27f85ea8f16ca0103c7a3d,/path/to/PETS-FFT-Ablation/results/final_unconditional_main_v1/evaluators/Energy/T256/ts2vec_seed_123.pt,1.5539140701293945,0
PETS-U,Energy,256,0,100004,context_fid,0,2.336938198214472,True,4096,85497375d523f70b566ec01c5da04796afe02d4640334dc033d8d61f3fccd859,b0fa2ceb04b48df617b73fe97eed9ee3f9a4a210fcd4e8afd786791a2f2f41c2,/path/to/PETS-FFT-Ablation/results/final_unconditional_main_v1/evaluators/Energy/T256/ts2vec_seed_0.pt,1.6642396450042725,1
PETS-U,Energy,256,0,100004,context_fid,42,1.7883060186774435,True,4096,85497375d523f70b566ec01c5da04796afe02d4640334dc033d8d61f3fccd859,b0fa2ceb04b48df617b73fe97eed9ee3f9a4a210fcd4e8afd786791a2f2f41c2,/path/to/PETS-FFT-Ablation/results/final_unconditional_main_v1/evaluators/Energy/T256/ts2vec_seed_42.pt,1.592214584350586,1
PETS-U,Energy,256,0,100004,context_fid,123,2.3623451206234622,True,4096,85497375d523f70b566ec01c5da04796afe02d4640334dc033d8d61f3fccd859,b0fa2ceb04b48df617b73fe97eed9ee3f9a4a210fcd4e8afd786791a2f2f41c2,/path/to/PETS-FFT-Ablation/results/final_unconditional_main_v1/evaluators/Energy/T256/ts2vec_seed_123.pt,1.528815746307373,1
PETS-U,Energy,256,42,100000,context_fid,0,2.412135431118105,True,4096,85497375d523f70b566ec01c5da04796afe02d4640334dc033d8d61f3fccd859,d92ba08b7e977e87403f9932a42c1426c12b19e7d557b94de2fa45c7d3bc9b07,/path/to/PETS-FFT-Ablation/results/final_unconditional_main_v1/evaluators/Energy/T256/ts2vec_seed_0.pt,1.5879464149475098,2
PETS-U,Energy,256,42,100000,context_fid,42,1.8694553605591318,True,4096,85497375d523f70b566ec01c5da04796afe02d4640334dc033d8d61f3fccd859,d92ba08b7e977e87403f9932a42c1426c12b19e7d557b94de2fa45c7d3bc9b07,/path/to/PETS-FFT-Ablation/results/final_unconditional_main_v1/evaluators/Energy/T256/ts2vec_seed_42.pt,1.5686335563659668,0
PETS-U,Energy,256,42,100000,context_fid,123,2.2255748528261377,True,4096,85497375d523f70b566ec01c5da04796afe02d4640334dc033d8d61f3fccd859,d92ba08b7e977e87403f9932a42c1426c12b19e7d557b94de2fa45c7d3bc9b07,/path/to/PETS-FFT-Ablation/results/final_unconditional_main_v1/evaluators/Energy/T256/ts2vec_seed_123.pt,1.7499511241912842,2
PETS-U,Energy,256,42,100001,context_fid,0,2.418582281075658,True,4096,85497375d523f70b566ec01c5da04796afe02d4640334dc033d8d61f3fccd859,86e4a378e626ca8a5c120e95b7677502a8a32d7da443268c1c1015e54f8ec19b,/path/to/PETS-FFT-Ablation/results/final_unconditional_main_v1/evaluators/Energy/T256/ts2vec_seed_0.pt,1.6582627296447754,0
PETS-U,Energy,256,42,100001,context_fid,42,1.8654831720914529,True,4096,85497375d523f70b566ec01c5da04796afe02d4640334dc033d8d61f3fccd859,86e4a378e626ca8a5c120e95b7677502a8a32d7da443268c1c1015e54f8ec19b,/path/to/PETS-FFT-Ablation/results/final_unconditional_main_v1/evaluators/Energy/T256/ts2vec_seed_42.pt,1.4874060153961182,0
PETS-U,Energy,256,42,100001,context_fid,123,2.199740332922011,True,4096,85497375d523f70b566ec01c5da04796afe02d4640334dc033d8d61f3fccd859,86e4a378e626ca8a5c120e95b7677502a8a32d7da443268c1c1015e54f8ec19b,/path/to/PETS-FFT-Ablation/results/final_unconditional_main_v1/evaluators/Energy/T256/ts2vec_seed_123.pt,1.5594756603240967,2
PETS-U,Energy,256,42,100002,context_fid,0,2.4428779803890683,True,4096,85497375d523f70b566ec01c5da04796afe02d4640334dc033d8d61f3fccd859,f0e521bf199fdf99218d73e9f41f3169c9a778be5221831b7de93997b913d8c4,/path/to/PETS-FFT-Ablation/results/final_unconditional_main_v1/evaluators/Energy/T256/ts2vec_seed_0.pt,1.5565855503082275,0
PETS-U,Energy,256,42,100002,context_fid,42,1.9136643822407537,True,4096,85497375d523f70b566ec01c5da04796afe02d4640334dc033d8d61f3fccd859,f0e521bf199fdf99218d73e9f41f3169c9a778be5221831b7de93997b913d8c4,/path/to/PETS-FFT-Ablation/results/final_unconditional_main_v1/evaluators/Energy/T256/ts2vec_seed_42.pt,1.5747206211090088,0
PETS-U,Energy,256,42,100002,context_fid,123,2.243514403125093,True,4096,85497375d523f70b566ec01c5da04796afe02d4640334dc033d8d61f3fccd859,f0e521bf199fdf99218d73e9f41f3169c9a778be5221831b7de93997b913d8c4,/path/to/PETS-FFT-Ablation/results/final_unconditional_main_v1/evaluators/Energy/T256/ts2vec_seed_123.pt,1.5220518112182617,0
PETS-U,Energy,256,42,100003,context_fid,0,2.4644146002919607,True,4096,85497375d523f70b566ec01c5da04796afe02d4640334dc033d8d61f3fccd859,9ff321fda7cae5bed983e99e887dc96d4ecc42bc749fda2cc223f5d182e80df6,/path/to/PETS-FFT-Ablation/results/final_unconditional_main_v1/evaluators/Energy/T256/ts2vec_seed_0.pt,1.55061936378479,0
PETS-U,Energy,256,42,100003,context_fid,42,1.9137164363200625,True,4096,85497375d523f70b566ec01c5da04796afe02d4640334dc033d8d61f3fccd859,9ff321fda7cae5bed983e99e887dc96d4ecc42bc749fda2cc223f5d182e80df6,/path/to/PETS-FFT-Ablation/results/final_unconditional_main_v1/evaluators/Energy/T256/ts2vec_seed_42.pt,1.5385451316833496,0
PETS-U,Energy,256,42,100003,context_fid,123,2.2581364396384562,True,4096,85497375d523f70b566ec01c5da04796afe02d4640334dc033d8d61f3fccd859,9ff321fda7cae5bed983e99e887dc96d4ecc42bc749fda2cc223f5d182e80df6,/path/to/PETS-FFT-Ablation/results/final_unconditional_main_v1/evaluators/Energy/T256/ts2vec_seed_123.pt,1.5321297645568848,0
PETS-U,Energy,256,42,100004,context_fid,0,2.4953653964476006,True,4096,85497375d523f70b566ec01c5da04796afe02d4640334dc033d8d61f3fccd859,87dfed4b72bb35eb3ab4df43627d971142b6894e385c8fbaa1300999b6bb7da2,/path/to/PETS-FFT-Ablation/results/final_unconditional_main_v1/evaluators/Energy/T256/ts2vec_seed_0.pt,1.4447720050811768,0
PETS-U,Energy,256,42,100004,context_fid,42,1.9369275667174048,True,4096,85497375d523f70b566ec01c5da04796afe02d4640334dc033d8d61f3fccd859,87dfed4b72bb35eb3ab4df43627d971142b6894e385c8fbaa1300999b6bb7da2,/path/to/PETS-FFT-Ablation/results/final_unconditional_main_v1/evaluators/Energy/T256/ts2vec_seed_42.pt,1.6893689632415771,0
PETS-U,Energy,256,42,100004,context_fid,123,2.282277676857102,True,4096,85497375d523f70b566ec01c5da04796afe02d4640334dc033d8d61f3fccd859,87dfed4b72bb35eb3ab4df43627d971142b6894e385c8fbaa1300999b6bb7da2,/path/to/PETS-FFT-Ablation/results/final_unconditional_main_v1/evaluators/Energy/T256/ts2vec_seed_123.pt,1.8074722290039062,0
PETS-U,Energy,256,123,100000,context_fid,0,1.9452607656199379,True,4096,85497375d523f70b566ec01c5da04796afe02d4640334dc033d8d61f3fccd859,f3ff220e476cb4c0893ebe5fe7c4716db5327834d374512533acbce5657c42d1,/path/to/PETS-FFT-Ablation/results/final_unconditional_main_v1/evaluators/Energy/T256/ts2vec_seed_0.pt,1.5400352478027344,2
PETS-U,Energy,256,123,100000,context_fid,42,1.464718016775703,True,4096,85497375d523f70b566ec01c5da04796afe02d4640334dc033d8d61f3fccd859,f3ff220e476cb4c0893ebe5fe7c4716db5327834d374512533acbce5657c42d1,/path/to/PETS-FFT-Ablation/results/final_unconditional_main_v1/evaluators/Energy/T256/ts2vec_seed_42.pt,1.5298395156860352,2
PETS-U,Energy,256,123,100000,context_fid,123,2.01541160019176,True,4096,85497375d523f70b566ec01c5da04796afe02d4640334dc033d8d61f3fccd859,f3ff220e476cb4c0893ebe5fe7c4716db5327834d374512533acbce5657c42d1,/path/to/PETS-FFT-Ablation/results/final_unconditional_main_v1/evaluators/Energy/T256/ts2vec_seed_123.pt,1.5874934196472168,2
PETS-U,Energy,256,123,100001,context_fid,0,2.0117969330462007,True,4096,85497375d523f70b566ec01c5da04796afe02d4640334dc033d8d61f3fccd859,fa17092f64da581ffdf8bb8ac792601a31ddcfe6771b13c31edcf57e3651dd59,/path/to/PETS-FFT-Ablation/results/final_unconditional_main_v1/evaluators/Energy/T256/ts2vec_seed_0.pt,1.723249912261963,1
PETS-U,Energy,256,123,100001,context_fid,42,1.5263820459344053,True,4096,85497375d523f70b566ec01c5da04796afe02d4640334dc033d8d61f3fccd859,fa17092f64da581ffdf8bb8ac792601a31ddcfe6771b13c31edcf57e3651dd59,/path/to/PETS-FFT-Ablation/results/final_unconditional_main_v1/evaluators/Energy/T256/ts2vec_seed_42.pt,1.4795687198638916,1
PETS-U,Energy,256,123,100001,context_fid,123,2.102658187261925,True,4096,85497375d523f70b566ec01c5da04796afe02d4640334dc033d8d61f3fccd859,fa17092f64da581ffdf8bb8ac792601a31ddcfe6771b13c31edcf57e3651dd59,/path/to/PETS-FFT-Ablation/results/final_unconditional_main_v1/evaluators/Energy/T256/ts2vec_seed_123.pt,1.5312044620513916,0
PETS-U,Energy,256,123,100002,context_fid,0,2.000782891931263,True,4096,85497375d523f70b566ec01c5da04796afe02d4640334dc033d8d61f3fccd859,32e32431b198e2b02a4306e889d82ee94f179af438b950b65735e06c0810eb21,/path/to/PETS-FFT-Ablation/results/final_unconditional_main_v1/evaluators/Energy/T256/ts2vec_seed_0.pt,1.5082924365997314,2
PETS-U,Energy,256,123,100002,context_fid,42,1.525639453071743,True,4096,85497375d523f70b566ec01c5da04796afe02d4640334dc033d8d61f3fccd859,32e32431b198e2b02a4306e889d82ee94f179af438b950b65735e06c0810eb21,/path/to/PETS-FFT-Ablation/results/final_unconditional_main_v1/evaluators/Energy/T256/ts2vec_seed_42.pt,1.6730966567993164,2
PETS-U,Energy,256,123,100002,context_fid,123,2.0791846737097295,True,4096,85497375d523f70b566ec01c5da04796afe02d4640334dc033d8d61f3fccd859,32e32431b198e2b02a4306e889d82ee94f179af438b950b65735e06c0810eb21,/path/to/PETS-FFT-Ablation/results/final_unconditional_main_v1/evaluators/Energy/T256/ts2vec_seed_123.pt,1.5827953815460205,2
PETS-U,Energy,256,123,100003,context_fid,0,1.9712187160527812,True,4096,85497375d523f70b566ec01c5da04796afe02d4640334dc033d8d61f3fccd859,72cf6f845f16f0dba0d921533442bd7715fb86b872a4b4509ad91ebb701bc338,/path/to/PETS-FFT-Ablation/results/final_unconditional_main_v1/evaluators/Energy/T256/ts2vec_seed_0.pt,1.5492160320281982,2
PETS-U,Energy,256,123,100003,context_fid,42,1.481875425979906,True,4096,85497375d523f70b566ec01c5da04796afe02d4640334dc033d8d61f3fccd859,72cf6f845f16f0dba0d921533442bd7715fb86b872a4b4509ad91ebb701bc338,/path/to/PETS-FFT-Ablation/results/final_unconditional_main_v1/evaluators/Energy/T256/ts2vec_seed_42.pt,1.602527379989624,1
PETS-U,Energy,256,123,100003,context_fid,123,2.0385341461367714,True,4096,85497375d523f70b566ec01c5da04796afe02d4640334dc033d8d61f3fccd859,72cf6f845f16f0dba0d921533442bd7715fb86b872a4b4509ad91ebb701bc338,/path/to/PETS-FFT-Ablation/results/final_unconditional_main_v1/evaluators/Energy/T256/ts2vec_seed_123.pt,1.624474287033081,2
PETS-U,Energy,256,123,100004,context_fid,0,1.992021297501112,True,4096,85497375d523f70b566ec01c5da04796afe02d4640334dc033d8d61f3fccd859,c5a9a6f87063d59a21fa7d9a671345b1ba59f9e0c326ac75178f80b1f5f5e132,/path/to/PETS-FFT-Ablation/results/final_unconditional_main_v1/evaluators/Energy/T256/ts2vec_seed_0.pt,1.4861433506011963,0
PETS-U,Energy,256,123,100004,context_fid,42,1.5194367742548056,True,4096,85497375d523f70b566ec01c5da04796afe02d4640334dc033d8d61f3fccd859,c5a9a6f87063d59a21fa7d9a671345b1ba59f9e0c326ac75178f80b1f5f5e132,/path/to/PETS-FFT-Ablation/results/final_unconditional_main_v1/evaluators/Energy/T256/ts2vec_seed_42.pt,1.8244545459747314,1
PETS-U,Energy,256,123,100004,context_fid,123,2.0590319670662955,True,4096,85497375d523f70b566ec01c5da04796afe02d4640334dc033d8d61f3fccd859,c5a9a6f87063d59a21fa7d9a671345b1ba59f9e0c326ac75178f80b1f5f5e132,/path/to/PETS-FFT-Ablation/results/final_unconditional_main_v1/evaluators/Energy/T256/ts2vec_seed_123.pt,1.6616065502166748,2
