family,dataset,sequence_length,model_seed,draw,metric,evaluator_seed,value,lower_is_better,sample_count,real_reference_sha256,generated_sha256,evaluator_source,runtime_seconds,gpu
Diffusion-TS,AirQuality,64,0,100000,discriminative_score,0,0.12317073170731707,True,4096,08866e0a33d9b75e91a981c6031b183546043fc0bf762d0e9377bc734a6c4c09,9885c06b0b72d92b053eb58344c90990fc66294fe46979d2b86022db59746ef4,/path/to/Diffusion-TS/Utils/discriminative_metric.py,33.008458614349365,1
Diffusion-TS,AirQuality,64,0,100000,discriminative_score,42,0.10853658536585364,True,4096,08866e0a33d9b75e91a981c6031b183546043fc0bf762d0e9377bc734a6c4c09,9885c06b0b72d92b053eb58344c90990fc66294fe46979d2b86022db59746ef4,/path/to/Diffusion-TS/Utils/discriminative_metric.py,32.36893320083618,2
Diffusion-TS,AirQuality,64,0,100000,discriminative_score,123,0.09268292682926826,True,4096,08866e0a33d9b75e91a981c6031b183546043fc0bf762d0e9377bc734a6c4c09,9885c06b0b72d92b053eb58344c90990fc66294fe46979d2b86022db59746ef4,/path/to/Diffusion-TS/Utils/discriminative_metric.py,32.186970949172974,0
Diffusion-TS,AirQuality,64,0,100001,discriminative_score,0,0.11646341463414633,True,4096,08866e0a33d9b75e91a981c6031b183546043fc0bf762d0e9377bc734a6c4c09,8380ee826f8b5e318ee13f84ee0aca034017c2bf91817af2629099900d4bfdcd,/path/to/Diffusion-TS/Utils/discriminative_metric.py,32.684491872787476,2
Diffusion-TS,AirQuality,64,0,100001,discriminative_score,42,0.07073170731707312,True,4096,08866e0a33d9b75e91a981c6031b183546043fc0bf762d0e9377bc734a6c4c09,8380ee826f8b5e318ee13f84ee0aca034017c2bf91817af2629099900d4bfdcd,/path/to/Diffusion-TS/Utils/discriminative_metric.py,32.881202697753906,1
Diffusion-TS,AirQuality,64,0,100001,discriminative_score,123,0.10731707317073169,True,4096,08866e0a33d9b75e91a981c6031b183546043fc0bf762d0e9377bc734a6c4c09,8380ee826f8b5e318ee13f84ee0aca034017c2bf91817af2629099900d4bfdcd,/path/to/Diffusion-TS/Utils/discriminative_metric.py,32.728602170944214,0
Diffusion-TS,AirQuality,64,0,100002,discriminative_score,0,0.11951219512195121,True,4096,08866e0a33d9b75e91a981c6031b183546043fc0bf762d0e9377bc734a6c4c09,5a50411dc6ae7d7564f745b9fe970e0b1ba04df1dc6c5481714e6cec7c60dd19,/path/to/Diffusion-TS/Utils/discriminative_metric.py,33.17222809791565,1
Diffusion-TS,AirQuality,64,0,100002,discriminative_score,42,0.099390243902439,True,4096,08866e0a33d9b75e91a981c6031b183546043fc0bf762d0e9377bc734a6c4c09,5a50411dc6ae7d7564f745b9fe970e0b1ba04df1dc6c5481714e6cec7c60dd19,/path/to/Diffusion-TS/Utils/discriminative_metric.py,33.27516746520996,0
Diffusion-TS,AirQuality,64,0,100002,discriminative_score,123,0.10060975609756095,True,4096,08866e0a33d9b75e91a981c6031b183546043fc0bf762d0e9377bc734a6c4c09,5a50411dc6ae7d7564f745b9fe970e0b1ba04df1dc6c5481714e6cec7c60dd19,/path/to/Diffusion-TS/Utils/discriminative_metric.py,32.68824791908264,2
Diffusion-TS,AirQuality,64,0,100003,discriminative_score,0,0.11951219512195121,True,4096,08866e0a33d9b75e91a981c6031b183546043fc0bf762d0e9377bc734a6c4c09,236fb2f12cf121577c0366ded552f53226e148bdf67e95b6ecb527979a7b2280,/path/to/Diffusion-TS/Utils/discriminative_metric.py,32.71711993217468,1
Diffusion-TS,AirQuality,64,0,100003,discriminative_score,42,0.099390243902439,True,4096,08866e0a33d9b75e91a981c6031b183546043fc0bf762d0e9377bc734a6c4c09,236fb2f12cf121577c0366ded552f53226e148bdf67e95b6ecb527979a7b2280,/path/to/Diffusion-TS/Utils/discriminative_metric.py,32.678428173065186,2
Diffusion-TS,AirQuality,64,0,100003,discriminative_score,123,0.09999999999999998,True,4096,08866e0a33d9b75e91a981c6031b183546043fc0bf762d0e9377bc734a6c4c09,236fb2f12cf121577c0366ded552f53226e148bdf67e95b6ecb527979a7b2280,/path/to/Diffusion-TS/Utils/discriminative_metric.py,32.61359143257141,0
Diffusion-TS,AirQuality,64,0,100004,discriminative_score,0,0.13353658536585367,True,4096,08866e0a33d9b75e91a981c6031b183546043fc0bf762d0e9377bc734a6c4c09,04c0fba51040601dee56f06163b42b7a804ba3edbf657e902ce8f5a9b98f31c2,/path/to/Diffusion-TS/Utils/discriminative_metric.py,32.60992169380188,0
Diffusion-TS,AirQuality,64,0,100004,discriminative_score,42,0.08902439024390241,True,4096,08866e0a33d9b75e91a981c6031b183546043fc0bf762d0e9377bc734a6c4c09,04c0fba51040601dee56f06163b42b7a804ba3edbf657e902ce8f5a9b98f31c2,/path/to/Diffusion-TS/Utils/discriminative_metric.py,32.65654158592224,1
Diffusion-TS,AirQuality,64,0,100004,discriminative_score,123,0.10304878048780486,True,4096,08866e0a33d9b75e91a981c6031b183546043fc0bf762d0e9377bc734a6c4c09,04c0fba51040601dee56f06163b42b7a804ba3edbf657e902ce8f5a9b98f31c2,/path/to/Diffusion-TS/Utils/discriminative_metric.py,32.6344256401062,2
Diffusion-TS,AirQuality,64,42,100000,discriminative_score,0,0.19207317073170727,True,4096,08866e0a33d9b75e91a981c6031b183546043fc0bf762d0e9377bc734a6c4c09,05cb6b9fcd46135ab12931d1d1c63b979661024812aa7454e0d06165a45e752a,/path/to/Diffusion-TS/Utils/discriminative_metric.py,32.81545948982239,0
Diffusion-TS,AirQuality,64,42,100000,discriminative_score,42,0.1682926829268293,True,4096,08866e0a33d9b75e91a981c6031b183546043fc0bf762d0e9377bc734a6c4c09,05cb6b9fcd46135ab12931d1d1c63b979661024812aa7454e0d06165a45e752a,/path/to/Diffusion-TS/Utils/discriminative_metric.py,32.78033804893494,2
Diffusion-TS,AirQuality,64,42,100000,discriminative_score,123,0.21097560975609753,True,4096,08866e0a33d9b75e91a981c6031b183546043fc0bf762d0e9377bc734a6c4c09,05cb6b9fcd46135ab12931d1d1c63b979661024812aa7454e0d06165a45e752a,/path/to/Diffusion-TS/Utils/discriminative_metric.py,32.641982555389404,1
Diffusion-TS,AirQuality,64,42,100001,discriminative_score,0,0.20182926829268288,True,4096,08866e0a33d9b75e91a981c6031b183546043fc0bf762d0e9377bc734a6c4c09,1955f542415426b71a05f1158d2f07525166a1d46982b19beadb9a8113d81356,/path/to/Diffusion-TS/Utils/discriminative_metric.py,32.35033059120178,1
Diffusion-TS,AirQuality,64,42,100001,discriminative_score,42,0.15487804878048783,True,4096,08866e0a33d9b75e91a981c6031b183546043fc0bf762d0e9377bc734a6c4c09,1955f542415426b71a05f1158d2f07525166a1d46982b19beadb9a8113d81356,/path/to/Diffusion-TS/Utils/discriminative_metric.py,32.62295579910278,0
Diffusion-TS,AirQuality,64,42,100001,discriminative_score,123,0.21219512195121948,True,4096,08866e0a33d9b75e91a981c6031b183546043fc0bf762d0e9377bc734a6c4c09,1955f542415426b71a05f1158d2f07525166a1d46982b19beadb9a8113d81356,/path/to/Diffusion-TS/Utils/discriminative_metric.py,32.692559003829956,2
Diffusion-TS,AirQuality,64,42,100002,discriminative_score,0,0.18170731707317078,True,4096,08866e0a33d9b75e91a981c6031b183546043fc0bf762d0e9377bc734a6c4c09,cf4894a5ed6904328aca52044ec037aaa7ec6011c53bf9979036f7bd85d8db13,/path/to/Diffusion-TS/Utils/discriminative_metric.py,33.28742718696594,1
Diffusion-TS,AirQuality,64,42,100002,discriminative_score,42,0.16707317073170735,True,4096,08866e0a33d9b75e91a981c6031b183546043fc0bf762d0e9377bc734a6c4c09,cf4894a5ed6904328aca52044ec037aaa7ec6011c53bf9979036f7bd85d8db13,/path/to/Diffusion-TS/Utils/discriminative_metric.py,32.7031774520874,0
Diffusion-TS,AirQuality,64,42,100002,discriminative_score,123,0.2036585365853658,True,4096,08866e0a33d9b75e91a981c6031b183546043fc0bf762d0e9377bc734a6c4c09,cf4894a5ed6904328aca52044ec037aaa7ec6011c53bf9979036f7bd85d8db13,/path/to/Diffusion-TS/Utils/discriminative_metric.py,32.85619568824768,2
Diffusion-TS,AirQuality,64,42,100003,discriminative_score,0,0.19512195121951215,True,4096,08866e0a33d9b75e91a981c6031b183546043fc0bf762d0e9377bc734a6c4c09,50acd91d9388abbd1e2457f14e7de498ae9ac8e23dcfcbd2fe04d8592d91a3a1,/path/to/Diffusion-TS/Utils/discriminative_metric.py,32.80708146095276,1
Diffusion-TS,AirQuality,64,42,100003,discriminative_score,42,0.1786585365853659,True,4096,08866e0a33d9b75e91a981c6031b183546043fc0bf762d0e9377bc734a6c4c09,50acd91d9388abbd1e2457f14e7de498ae9ac8e23dcfcbd2fe04d8592d91a3a1,/path/to/Diffusion-TS/Utils/discriminative_metric.py,32.91024470329285,0
Diffusion-TS,AirQuality,64,42,100003,discriminative_score,123,0.1865853658536586,True,4096,08866e0a33d9b75e91a981c6031b183546043fc0bf762d0e9377bc734a6c4c09,50acd91d9388abbd1e2457f14e7de498ae9ac8e23dcfcbd2fe04d8592d91a3a1,/path/to/Diffusion-TS/Utils/discriminative_metric.py,32.61540150642395,2
Diffusion-TS,AirQuality,64,42,100004,discriminative_score,0,0.1786585365853659,True,4096,08866e0a33d9b75e91a981c6031b183546043fc0bf762d0e9377bc734a6c4c09,136338148d5f6d8b6b5ecc5e2a3324e1ade069ca434817ea155c66d16846154c,/path/to/Diffusion-TS/Utils/discriminative_metric.py,32.63704466819763,1
Diffusion-TS,AirQuality,64,42,100004,discriminative_score,42,0.19695121951219507,True,4096,08866e0a33d9b75e91a981c6031b183546043fc0bf762d0e9377bc734a6c4c09,136338148d5f6d8b6b5ecc5e2a3324e1ade069ca434817ea155c66d16846154c,/path/to/Diffusion-TS/Utils/discriminative_metric.py,32.09108066558838,0
Diffusion-TS,AirQuality,64,42,100004,discriminative_score,123,0.2170731707317073,True,4096,08866e0a33d9b75e91a981c6031b183546043fc0bf762d0e9377bc734a6c4c09,136338148d5f6d8b6b5ecc5e2a3324e1ade069ca434817ea155c66d16846154c,/path/to/Diffusion-TS/Utils/discriminative_metric.py,32.59515905380249,2
Diffusion-TS,AirQuality,64,123,100000,discriminative_score,0,0.24451219512195121,True,4096,08866e0a33d9b75e91a981c6031b183546043fc0bf762d0e9377bc734a6c4c09,853ce434948779d0c7c216cd2f6fa7571d755331387b1967f100e0b1178fa28d,/path/to/Diffusion-TS/Utils/discriminative_metric.py,32.97001123428345,2
Diffusion-TS,AirQuality,64,123,100000,discriminative_score,42,0.1658536585365854,True,4096,08866e0a33d9b75e91a981c6031b183546043fc0bf762d0e9377bc734a6c4c09,853ce434948779d0c7c216cd2f6fa7571d755331387b1967f100e0b1178fa28d,/path/to/Diffusion-TS/Utils/discriminative_metric.py,32.997323513031006,1
Diffusion-TS,AirQuality,64,123,100000,discriminative_score,123,0.16036585365853662,True,4096,08866e0a33d9b75e91a981c6031b183546043fc0bf762d0e9377bc734a6c4c09,853ce434948779d0c7c216cd2f6fa7571d755331387b1967f100e0b1178fa28d,/path/to/Diffusion-TS/Utils/discriminative_metric.py,32.185078859329224,0
Diffusion-TS,AirQuality,64,123,100001,discriminative_score,0,0.25182926829268293,True,4096,08866e0a33d9b75e91a981c6031b183546043fc0bf762d0e9377bc734a6c4c09,42800bf40d7f0d097d075e5ca8785991eb3fc1b2155d96afc993272c96bdae21,/path/to/Diffusion-TS/Utils/discriminative_metric.py,32.91879105567932,0
Diffusion-TS,AirQuality,64,123,100001,discriminative_score,42,0.1713414634146342,True,4096,08866e0a33d9b75e91a981c6031b183546043fc0bf762d0e9377bc734a6c4c09,42800bf40d7f0d097d075e5ca8785991eb3fc1b2155d96afc993272c96bdae21,/path/to/Diffusion-TS/Utils/discriminative_metric.py,32.65994715690613,2
Diffusion-TS,AirQuality,64,123,100001,discriminative_score,123,0.1609756097560976,True,4096,08866e0a33d9b75e91a981c6031b183546043fc0bf762d0e9377bc734a6c4c09,42800bf40d7f0d097d075e5ca8785991eb3fc1b2155d96afc993272c96bdae21,/path/to/Diffusion-TS/Utils/discriminative_metric.py,32.682265281677246,1
Diffusion-TS,AirQuality,64,123,100002,discriminative_score,0,0.24024390243902438,True,4096,08866e0a33d9b75e91a981c6031b183546043fc0bf762d0e9377bc734a6c4c09,87b9a55e28b94feb907008fc570ac9731403548de0ca095a85e2f4f8fdc3be2d,/path/to/Diffusion-TS/Utils/discriminative_metric.py,32.64393424987793,1
Diffusion-TS,AirQuality,64,123,100002,discriminative_score,42,0.1786585365853659,True,4096,08866e0a33d9b75e91a981c6031b183546043fc0bf762d0e9377bc734a6c4c09,87b9a55e28b94feb907008fc570ac9731403548de0ca095a85e2f4f8fdc3be2d,/path/to/Diffusion-TS/Utils/discriminative_metric.py,32.60468888282776,0
Diffusion-TS,AirQuality,64,123,100002,discriminative_score,123,0.17926829268292688,True,4096,08866e0a33d9b75e91a981c6031b183546043fc0bf762d0e9377bc734a6c4c09,87b9a55e28b94feb907008fc570ac9731403548de0ca095a85e2f4f8fdc3be2d,/path/to/Diffusion-TS/Utils/discriminative_metric.py,32.534162759780884,2
Diffusion-TS,AirQuality,64,123,100003,discriminative_score,0,0.2548780487804878,True,4096,08866e0a33d9b75e91a981c6031b183546043fc0bf762d0e9377bc734a6c4c09,f3e0bce8f776e92f49f10e6358006b0ee42cce68affe1f11056da96216f3855e,/path/to/Diffusion-TS/Utils/discriminative_metric.py,32.175374269485474,2
Diffusion-TS,AirQuality,64,123,100003,discriminative_score,42,0.17317073170731712,True,4096,08866e0a33d9b75e91a981c6031b183546043fc0bf762d0e9377bc734a6c4c09,f3e0bce8f776e92f49f10e6358006b0ee42cce68affe1f11056da96216f3855e,/path/to/Diffusion-TS/Utils/discriminative_metric.py,32.69789958000183,0
Diffusion-TS,AirQuality,64,123,100003,discriminative_score,123,0.15731707317073174,True,4096,08866e0a33d9b75e91a981c6031b183546043fc0bf762d0e9377bc734a6c4c09,f3e0bce8f776e92f49f10e6358006b0ee42cce68affe1f11056da96216f3855e,/path/to/Diffusion-TS/Utils/discriminative_metric.py,32.60857963562012,1
Diffusion-TS,AirQuality,64,123,100004,discriminative_score,0,0.23353658536585364,True,4096,08866e0a33d9b75e91a981c6031b183546043fc0bf762d0e9377bc734a6c4c09,fb57f5ea6f29969897961d3a2bd53a816846c572f3b643d4b50ccdd2470cf38f,/path/to/Diffusion-TS/Utils/discriminative_metric.py,32.739158630371094,0
Diffusion-TS,AirQuality,64,123,100004,discriminative_score,42,0.17317073170731712,True,4096,08866e0a33d9b75e91a981c6031b183546043fc0bf762d0e9377bc734a6c4c09,fb57f5ea6f29969897961d3a2bd53a816846c572f3b643d4b50ccdd2470cf38f,/path/to/Diffusion-TS/Utils/discriminative_metric.py,32.67585301399231,1
Diffusion-TS,AirQuality,64,123,100004,discriminative_score,123,0.18597560975609762,True,4096,08866e0a33d9b75e91a981c6031b183546043fc0bf762d0e9377bc734a6c4c09,fb57f5ea6f29969897961d3a2bd53a816846c572f3b643d4b50ccdd2470cf38f,/path/to/Diffusion-TS/Utils/discriminative_metric.py,32.819839000701904,2
PETS-U,AirQuality,64,0,100000,discriminative_score,0,0.15365853658536588,True,4096,08866e0a33d9b75e91a981c6031b183546043fc0bf762d0e9377bc734a6c4c09,7b377155dd34cca3c30a23542b52294c6665bf57b1e4454ddd69299ee2de5f50,/path/to/Diffusion-TS/Utils/discriminative_metric.py,32.8225781917572,1
PETS-U,AirQuality,64,0,100000,discriminative_score,42,0.15000000000000002,True,4096,08866e0a33d9b75e91a981c6031b183546043fc0bf762d0e9377bc734a6c4c09,7b377155dd34cca3c30a23542b52294c6665bf57b1e4454ddd69299ee2de5f50,/path/to/Diffusion-TS/Utils/discriminative_metric.py,32.816487550735474,2
PETS-U,AirQuality,64,0,100000,discriminative_score,123,0.15975609756097564,True,4096,08866e0a33d9b75e91a981c6031b183546043fc0bf762d0e9377bc734a6c4c09,7b377155dd34cca3c30a23542b52294c6665bf57b1e4454ddd69299ee2de5f50,/path/to/Diffusion-TS/Utils/discriminative_metric.py,32.5944037437439,0
PETS-U,AirQuality,64,0,100001,discriminative_score,0,0.17926829268292688,True,4096,08866e0a33d9b75e91a981c6031b183546043fc0bf762d0e9377bc734a6c4c09,75c5cf9d79ab68a8d9ede0c73e3e031702717bdf2537c10333825da92740a7dd,/path/to/Diffusion-TS/Utils/discriminative_metric.py,32.718114614486694,2
PETS-U,AirQuality,64,0,100001,discriminative_score,42,0.14207317073170733,True,4096,08866e0a33d9b75e91a981c6031b183546043fc0bf762d0e9377bc734a6c4c09,75c5cf9d79ab68a8d9ede0c73e3e031702717bdf2537c10333825da92740a7dd,/path/to/Diffusion-TS/Utils/discriminative_metric.py,32.997527837753296,1
PETS-U,AirQuality,64,0,100001,discriminative_score,123,0.14390243902439026,True,4096,08866e0a33d9b75e91a981c6031b183546043fc0bf762d0e9377bc734a6c4c09,75c5cf9d79ab68a8d9ede0c73e3e031702717bdf2537c10333825da92740a7dd,/path/to/Diffusion-TS/Utils/discriminative_metric.py,32.824873208999634,0
PETS-U,AirQuality,64,0,100002,discriminative_score,0,0.15731707317073174,True,4096,08866e0a33d9b75e91a981c6031b183546043fc0bf762d0e9377bc734a6c4c09,bf2864a622671d66f1bbd60460d72fbf168b573e9eaa157eda97a78b4ea55f21,/path/to/Diffusion-TS/Utils/discriminative_metric.py,33.0930016040802,0
PETS-U,AirQuality,64,0,100002,discriminative_score,42,0.14939024390243905,True,4096,08866e0a33d9b75e91a981c6031b183546043fc0bf762d0e9377bc734a6c4c09,bf2864a622671d66f1bbd60460d72fbf168b573e9eaa157eda97a78b4ea55f21,/path/to/Diffusion-TS/Utils/discriminative_metric.py,32.936208963394165,2
PETS-U,AirQuality,64,0,100002,discriminative_score,123,0.1426829268292683,True,4096,08866e0a33d9b75e91a981c6031b183546043fc0bf762d0e9377bc734a6c4c09,bf2864a622671d66f1bbd60460d72fbf168b573e9eaa157eda97a78b4ea55f21,/path/to/Diffusion-TS/Utils/discriminative_metric.py,32.6763973236084,1
PETS-U,AirQuality,64,0,100003,discriminative_score,0,0.150609756097561,True,4096,08866e0a33d9b75e91a981c6031b183546043fc0bf762d0e9377bc734a6c4c09,86e67a144a0e3831cf6a06ae16f1ab2155e758531f2112ee937b919d665ea010,/path/to/Diffusion-TS/Utils/discriminative_metric.py,33.06707525253296,0
PETS-U,AirQuality,64,0,100003,discriminative_score,42,0.15487804878048783,True,4096,08866e0a33d9b75e91a981c6031b183546043fc0bf762d0e9377bc734a6c4c09,86e67a144a0e3831cf6a06ae16f1ab2155e758531f2112ee937b919d665ea010,/path/to/Diffusion-TS/Utils/discriminative_metric.py,32.738667011260986,2
PETS-U,AirQuality,64,0,100003,discriminative_score,123,0.14756097560975612,True,4096,08866e0a33d9b75e91a981c6031b183546043fc0bf762d0e9377bc734a6c4c09,86e67a144a0e3831cf6a06ae16f1ab2155e758531f2112ee937b919d665ea010,/path/to/Diffusion-TS/Utils/discriminative_metric.py,32.66665029525757,1
PETS-U,AirQuality,64,0,100004,discriminative_score,0,0.15975609756097564,True,4096,08866e0a33d9b75e91a981c6031b183546043fc0bf762d0e9377bc734a6c4c09,feaef89e930e61d47fd577399925384f9eb3bc766f3c60f9964c6dac50efe3f6,/path/to/Diffusion-TS/Utils/discriminative_metric.py,32.63001894950867,0
PETS-U,AirQuality,64,0,100004,discriminative_score,42,0.1353658536585366,True,4096,08866e0a33d9b75e91a981c6031b183546043fc0bf762d0e9377bc734a6c4c09,feaef89e930e61d47fd577399925384f9eb3bc766f3c60f9964c6dac50efe3f6,/path/to/Diffusion-TS/Utils/discriminative_metric.py,33.119544506073,1
PETS-U,AirQuality,64,0,100004,discriminative_score,123,0.15121951219512197,True,4096,08866e0a33d9b75e91a981c6031b183546043fc0bf762d0e9377bc734a6c4c09,feaef89e930e61d47fd577399925384f9eb3bc766f3c60f9964c6dac50efe3f6,/path/to/Diffusion-TS/Utils/discriminative_metric.py,33.02184844017029,2
PETS-U,AirQuality,64,42,100000,discriminative_score,0,0.19756097560975605,True,4096,08866e0a33d9b75e91a981c6031b183546043fc0bf762d0e9377bc734a6c4c09,cc4e67e73abdc2f7615311ebda17e637c958a7cd58d531a69e756346e5a68fda,/path/to/Diffusion-TS/Utils/discriminative_metric.py,32.625420570373535,2
PETS-U,AirQuality,64,42,100000,discriminative_score,42,0.19512195121951215,True,4096,08866e0a33d9b75e91a981c6031b183546043fc0bf762d0e9377bc734a6c4c09,cc4e67e73abdc2f7615311ebda17e637c958a7cd58d531a69e756346e5a68fda,/path/to/Diffusion-TS/Utils/discriminative_metric.py,32.39223790168762,1
PETS-U,AirQuality,64,42,100000,discriminative_score,123,0.1810975609756098,True,4096,08866e0a33d9b75e91a981c6031b183546043fc0bf762d0e9377bc734a6c4c09,cc4e67e73abdc2f7615311ebda17e637c958a7cd58d531a69e756346e5a68fda,/path/to/Diffusion-TS/Utils/discriminative_metric.py,32.55807399749756,0
PETS-U,AirQuality,64,42,100001,discriminative_score,0,0.1835365853658537,True,4096,08866e0a33d9b75e91a981c6031b183546043fc0bf762d0e9377bc734a6c4c09,dd5d3e43f0f82e4c0c484c8bbdbfe016cdf18decb5b77cdc189731c7cf3fe8cd,/path/to/Diffusion-TS/Utils/discriminative_metric.py,32.83732557296753,2
PETS-U,AirQuality,64,42,100001,discriminative_score,42,0.17804878048780493,True,4096,08866e0a33d9b75e91a981c6031b183546043fc0bf762d0e9377bc734a6c4c09,dd5d3e43f0f82e4c0c484c8bbdbfe016cdf18decb5b77cdc189731c7cf3fe8cd,/path/to/Diffusion-TS/Utils/discriminative_metric.py,32.83429527282715,1
PETS-U,AirQuality,64,42,100001,discriminative_score,123,0.1835365853658537,True,4096,08866e0a33d9b75e91a981c6031b183546043fc0bf762d0e9377bc734a6c4c09,dd5d3e43f0f82e4c0c484c8bbdbfe016cdf18decb5b77cdc189731c7cf3fe8cd,/path/to/Diffusion-TS/Utils/discriminative_metric.py,32.71727633476257,0
PETS-U,AirQuality,64,42,100002,discriminative_score,0,0.19329268292682922,True,4096,08866e0a33d9b75e91a981c6031b183546043fc0bf762d0e9377bc734a6c4c09,0e084eab4a1705e9c1fc6006452596ff5392e79232f092eff6c38aaca89cca34,/path/to/Diffusion-TS/Utils/discriminative_metric.py,32.85004782676697,1
PETS-U,AirQuality,64,42,100002,discriminative_score,42,0.1835365853658537,True,4096,08866e0a33d9b75e91a981c6031b183546043fc0bf762d0e9377bc734a6c4c09,0e084eab4a1705e9c1fc6006452596ff5392e79232f092eff6c38aaca89cca34,/path/to/Diffusion-TS/Utils/discriminative_metric.py,32.45290470123291,2
PETS-U,AirQuality,64,42,100002,discriminative_score,123,0.18170731707317078,True,4096,08866e0a33d9b75e91a981c6031b183546043fc0bf762d0e9377bc734a6c4c09,0e084eab4a1705e9c1fc6006452596ff5392e79232f092eff6c38aaca89cca34,/path/to/Diffusion-TS/Utils/discriminative_metric.py,32.890511989593506,0
PETS-U,AirQuality,64,42,100003,discriminative_score,0,0.19573170731707312,True,4096,08866e0a33d9b75e91a981c6031b183546043fc0bf762d0e9377bc734a6c4c09,cd1718cae04d1055d6d66b2cc57bb7bdffccb38b5dc5cc6e449234dae276ba1a,/path/to/Diffusion-TS/Utils/discriminative_metric.py,32.643413066864014,0
PETS-U,AirQuality,64,42,100003,discriminative_score,42,0.21280487804878045,True,4096,08866e0a33d9b75e91a981c6031b183546043fc0bf762d0e9377bc734a6c4c09,cd1718cae04d1055d6d66b2cc57bb7bdffccb38b5dc5cc6e449234dae276ba1a,/path/to/Diffusion-TS/Utils/discriminative_metric.py,32.88788414001465,2
PETS-U,AirQuality,64,42,100003,discriminative_score,123,0.1810975609756098,True,4096,08866e0a33d9b75e91a981c6031b183546043fc0bf762d0e9377bc734a6c4c09,cd1718cae04d1055d6d66b2cc57bb7bdffccb38b5dc5cc6e449234dae276ba1a,/path/to/Diffusion-TS/Utils/discriminative_metric.py,32.67991280555725,1
PETS-U,AirQuality,64,42,100004,discriminative_score,0,0.21097560975609753,True,4096,08866e0a33d9b75e91a981c6031b183546043fc0bf762d0e9377bc734a6c4c09,9f0f84d92adbc1a96d88c565d097f626a6a27150e9dc6ebcc20f3d0a6777170d,/path/to/Diffusion-TS/Utils/discriminative_metric.py,32.206674575805664,1
PETS-U,AirQuality,64,42,100004,discriminative_score,42,0.18292682926829273,True,4096,08866e0a33d9b75e91a981c6031b183546043fc0bf762d0e9377bc734a6c4c09,9f0f84d92adbc1a96d88c565d097f626a6a27150e9dc6ebcc20f3d0a6777170d,/path/to/Diffusion-TS/Utils/discriminative_metric.py,32.99677276611328,0
PETS-U,AirQuality,64,42,100004,discriminative_score,123,0.18231707317073176,True,4096,08866e0a33d9b75e91a981c6031b183546043fc0bf762d0e9377bc734a6c4c09,9f0f84d92adbc1a96d88c565d097f626a6a27150e9dc6ebcc20f3d0a6777170d,/path/to/Diffusion-TS/Utils/discriminative_metric.py,32.799132347106934,2
PETS-U,AirQuality,64,123,100000,discriminative_score,0,0.2634146341463415,True,4096,08866e0a33d9b75e91a981c6031b183546043fc0bf762d0e9377bc734a6c4c09,9d4f46d4bdc98616aae3c78cffe28deab79fedc72134eac2bc6fe63ae1b6bb7c,/path/to/Diffusion-TS/Utils/discriminative_metric.py,32.5969135761261,2
PETS-U,AirQuality,64,123,100000,discriminative_score,42,0.2067073170731707,True,4096,08866e0a33d9b75e91a981c6031b183546043fc0bf762d0e9377bc734a6c4c09,9d4f46d4bdc98616aae3c78cffe28deab79fedc72134eac2bc6fe63ae1b6bb7c,/path/to/Diffusion-TS/Utils/discriminative_metric.py,32.773489475250244,0
PETS-U,AirQuality,64,123,100000,discriminative_score,123,0.1713414634146342,True,4096,08866e0a33d9b75e91a981c6031b183546043fc0bf762d0e9377bc734a6c4c09,9d4f46d4bdc98616aae3c78cffe28deab79fedc72134eac2bc6fe63ae1b6bb7c,/path/to/Diffusion-TS/Utils/discriminative_metric.py,32.55969047546387,1
PETS-U,AirQuality,64,123,100001,discriminative_score,0,0.23414634146341462,True,4096,08866e0a33d9b75e91a981c6031b183546043fc0bf762d0e9377bc734a6c4c09,7c546757eece4776ecf44ebdb5addb37bf6cee2364351529595b6798ae585d22,/path/to/Diffusion-TS/Utils/discriminative_metric.py,32.548677921295166,0
PETS-U,AirQuality,64,123,100001,discriminative_score,42,0.23170731707317072,True,4096,08866e0a33d9b75e91a981c6031b183546043fc0bf762d0e9377bc734a6c4c09,7c546757eece4776ecf44ebdb5addb37bf6cee2364351529595b6798ae585d22,/path/to/Diffusion-TS/Utils/discriminative_metric.py,33.08741021156311,2
PETS-U,AirQuality,64,123,100001,discriminative_score,123,0.18048780487804883,True,4096,08866e0a33d9b75e91a981c6031b183546043fc0bf762d0e9377bc734a6c4c09,7c546757eece4776ecf44ebdb5addb37bf6cee2364351529595b6798ae585d22,/path/to/Diffusion-TS/Utils/discriminative_metric.py,32.949950218200684,1
PETS-U,AirQuality,64,123,100002,discriminative_score,0,0.24146341463414633,True,4096,08866e0a33d9b75e91a981c6031b183546043fc0bf762d0e9377bc734a6c4c09,3c4163092a151b5a9393209970b2f3afb8b319f6471d61cf9674cdda9f426a55,/path/to/Diffusion-TS/Utils/discriminative_metric.py,32.89351963996887,0
PETS-U,AirQuality,64,123,100002,discriminative_score,42,0.19512195121951215,True,4096,08866e0a33d9b75e91a981c6031b183546043fc0bf762d0e9377bc734a6c4c09,3c4163092a151b5a9393209970b2f3afb8b319f6471d61cf9674cdda9f426a55,/path/to/Diffusion-TS/Utils/discriminative_metric.py,32.959484815597534,1
PETS-U,AirQuality,64,123,100002,discriminative_score,123,0.18475609756097566,True,4096,08866e0a33d9b75e91a981c6031b183546043fc0bf762d0e9377bc734a6c4c09,3c4163092a151b5a9393209970b2f3afb8b319f6471d61cf9674cdda9f426a55,/path/to/Diffusion-TS/Utils/discriminative_metric.py,32.4273796081543,2
PETS-U,AirQuality,64,123,100003,discriminative_score,0,0.20487804878048776,True,4096,08866e0a33d9b75e91a981c6031b183546043fc0bf762d0e9377bc734a6c4c09,3d7f4e3931194782d89d8b4e2f2f93605d58690cc55d691e4f78eaf6d891917b,/path/to/Diffusion-TS/Utils/discriminative_metric.py,33.16284513473511,0
PETS-U,AirQuality,64,123,100003,discriminative_score,42,0.20487804878048776,True,4096,08866e0a33d9b75e91a981c6031b183546043fc0bf762d0e9377bc734a6c4c09,3d7f4e3931194782d89d8b4e2f2f93605d58690cc55d691e4f78eaf6d891917b,/path/to/Diffusion-TS/Utils/discriminative_metric.py,32.7184796333313,1
PETS-U,AirQuality,64,123,100003,discriminative_score,123,0.1914634146341463,True,4096,08866e0a33d9b75e91a981c6031b183546043fc0bf762d0e9377bc734a6c4c09,3d7f4e3931194782d89d8b4e2f2f93605d58690cc55d691e4f78eaf6d891917b,/path/to/Diffusion-TS/Utils/discriminative_metric.py,32.651267290115356,2
PETS-U,AirQuality,64,123,100004,discriminative_score,0,0.2420731707317073,True,4096,08866e0a33d9b75e91a981c6031b183546043fc0bf762d0e9377bc734a6c4c09,74e838a7656e016990aff03daf41b0336922a7ab6ffa3e7d7b9bab2d9b0734ad,/path/to/Diffusion-TS/Utils/discriminative_metric.py,32.842769384384155,2
PETS-U,AirQuality,64,123,100004,discriminative_score,42,0.1865853658536586,True,4096,08866e0a33d9b75e91a981c6031b183546043fc0bf762d0e9377bc734a6c4c09,74e838a7656e016990aff03daf41b0336922a7ab6ffa3e7d7b9bab2d9b0734ad,/path/to/Diffusion-TS/Utils/discriminative_metric.py,32.587756872177124,0
PETS-U,AirQuality,64,123,100004,discriminative_score,123,0.17012195121951224,True,4096,08866e0a33d9b75e91a981c6031b183546043fc0bf762d0e9377bc734a6c4c09,74e838a7656e016990aff03daf41b0336922a7ab6ffa3e7d7b9bab2d9b0734ad,/path/to/Diffusion-TS/Utils/discriminative_metric.py,32.31803750991821,1
Diffusion-TS,AirQuality,128,0,100000,discriminative_score,0,0.14390243902439026,True,4096,5afe3b08282b3892cd469742e000c4f1d5bc811df0531b8e9f27f911568f0272,8b0fea87f7e01cf26d2b38cf65a3165ee8728e4cf5f82853140f836a363dd542,/path/to/Diffusion-TS/Utils/discriminative_metric.py,60.52231407165527,1
Diffusion-TS,AirQuality,128,0,100000,discriminative_score,42,0.1121951219512195,True,4096,5afe3b08282b3892cd469742e000c4f1d5bc811df0531b8e9f27f911568f0272,8b0fea87f7e01cf26d2b38cf65a3165ee8728e4cf5f82853140f836a363dd542,/path/to/Diffusion-TS/Utils/discriminative_metric.py,60.49956703186035,0
Diffusion-TS,AirQuality,128,0,100000,discriminative_score,123,0.11158536585365852,True,4096,5afe3b08282b3892cd469742e000c4f1d5bc811df0531b8e9f27f911568f0272,8b0fea87f7e01cf26d2b38cf65a3165ee8728e4cf5f82853140f836a363dd542,/path/to/Diffusion-TS/Utils/discriminative_metric.py,60.55366134643555,2
Diffusion-TS,AirQuality,128,0,100001,discriminative_score,0,0.1426829268292683,True,4096,5afe3b08282b3892cd469742e000c4f1d5bc811df0531b8e9f27f911568f0272,aea40b82d06aa3e37887979840bd139e5aca0aad24baa7f1179a8e2e160703c2,/path/to/Diffusion-TS/Utils/discriminative_metric.py,60.90474486351013,1
Diffusion-TS,AirQuality,128,0,100001,discriminative_score,42,0.10853658536585364,True,4096,5afe3b08282b3892cd469742e000c4f1d5bc811df0531b8e9f27f911568f0272,aea40b82d06aa3e37887979840bd139e5aca0aad24baa7f1179a8e2e160703c2,/path/to/Diffusion-TS/Utils/discriminative_metric.py,60.38624429702759,2
Diffusion-TS,AirQuality,128,0,100001,discriminative_score,123,0.12195121951219512,True,4096,5afe3b08282b3892cd469742e000c4f1d5bc811df0531b8e9f27f911568f0272,aea40b82d06aa3e37887979840bd139e5aca0aad24baa7f1179a8e2e160703c2,/path/to/Diffusion-TS/Utils/discriminative_metric.py,60.27688932418823,0
Diffusion-TS,AirQuality,128,0,100002,discriminative_score,0,0.12926829268292683,True,4096,5afe3b08282b3892cd469742e000c4f1d5bc811df0531b8e9f27f911568f0272,d71e35048df5b4700a40d14554dc4e0fea6053be0cb740815905aa467fb68864,/path/to/Diffusion-TS/Utils/discriminative_metric.py,60.63961839675903,2
Diffusion-TS,AirQuality,128,0,100002,discriminative_score,42,0.10304878048780486,True,4096,5afe3b08282b3892cd469742e000c4f1d5bc811df0531b8e9f27f911568f0272,d71e35048df5b4700a40d14554dc4e0fea6053be0cb740815905aa467fb68864,/path/to/Diffusion-TS/Utils/discriminative_metric.py,59.827513694763184,1
Diffusion-TS,AirQuality,128,0,100002,discriminative_score,123,0.09207317073170729,True,4096,5afe3b08282b3892cd469742e000c4f1d5bc811df0531b8e9f27f911568f0272,d71e35048df5b4700a40d14554dc4e0fea6053be0cb740815905aa467fb68864,/path/to/Diffusion-TS/Utils/discriminative_metric.py,59.633049726486206,0
Diffusion-TS,AirQuality,128,0,100003,discriminative_score,0,0.1353658536585366,True,4096,5afe3b08282b3892cd469742e000c4f1d5bc811df0531b8e9f27f911568f0272,f65703e3c6ec2c0066535fcd88946aad7568fdc2498666e5b1f7bf7f8a607129,/path/to/Diffusion-TS/Utils/discriminative_metric.py,60.84519124031067,1
Diffusion-TS,AirQuality,128,0,100003,discriminative_score,42,0.07926829268292679,True,4096,5afe3b08282b3892cd469742e000c4f1d5bc811df0531b8e9f27f911568f0272,f65703e3c6ec2c0066535fcd88946aad7568fdc2498666e5b1f7bf7f8a607129,/path/to/Diffusion-TS/Utils/discriminative_metric.py,61.16114521026611,2
Diffusion-TS,AirQuality,128,0,100003,discriminative_score,123,0.10243902439024388,True,4096,5afe3b08282b3892cd469742e000c4f1d5bc811df0531b8e9f27f911568f0272,f65703e3c6ec2c0066535fcd88946aad7568fdc2498666e5b1f7bf7f8a607129,/path/to/Diffusion-TS/Utils/discriminative_metric.py,60.71695113182068,0
Diffusion-TS,AirQuality,128,0,100004,discriminative_score,0,0.14085365853658538,True,4096,5afe3b08282b3892cd469742e000c4f1d5bc811df0531b8e9f27f911568f0272,eac4ba3c69bf01285094e47414b4f13bf5956c18648475a6591a7860674d221f,/path/to/Diffusion-TS/Utils/discriminative_metric.py,60.37138342857361,0
Diffusion-TS,AirQuality,128,0,100004,discriminative_score,42,0.12317073170731707,True,4096,5afe3b08282b3892cd469742e000c4f1d5bc811df0531b8e9f27f911568f0272,eac4ba3c69bf01285094e47414b4f13bf5956c18648475a6591a7860674d221f,/path/to/Diffusion-TS/Utils/discriminative_metric.py,60.81195020675659,2
Diffusion-TS,AirQuality,128,0,100004,discriminative_score,123,0.12317073170731707,True,4096,5afe3b08282b3892cd469742e000c4f1d5bc811df0531b8e9f27f911568f0272,eac4ba3c69bf01285094e47414b4f13bf5956c18648475a6591a7860674d221f,/path/to/Diffusion-TS/Utils/discriminative_metric.py,60.21166682243347,1
Diffusion-TS,AirQuality,128,42,100000,discriminative_score,0,0.17987804878048785,True,4096,5afe3b08282b3892cd469742e000c4f1d5bc811df0531b8e9f27f911568f0272,643ff477acdae7f2016c240692be3d47e7f826ba94d94e64c11c88aa39d52fae,/path/to/Diffusion-TS/Utils/discriminative_metric.py,60.39508652687073,2
Diffusion-TS,AirQuality,128,42,100000,discriminative_score,42,0.22743902439024388,True,4096,5afe3b08282b3892cd469742e000c4f1d5bc811df0531b8e9f27f911568f0272,643ff477acdae7f2016c240692be3d47e7f826ba94d94e64c11c88aa39d52fae,/path/to/Diffusion-TS/Utils/discriminative_metric.py,60.96096229553223,1
Diffusion-TS,AirQuality,128,42,100000,discriminative_score,123,0.20060975609756093,True,4096,5afe3b08282b3892cd469742e000c4f1d5bc811df0531b8e9f27f911568f0272,643ff477acdae7f2016c240692be3d47e7f826ba94d94e64c11c88aa39d52fae,/path/to/Diffusion-TS/Utils/discriminative_metric.py,60.6779351234436,0
Diffusion-TS,AirQuality,128,42,100001,discriminative_score,0,0.19329268292682922,True,4096,5afe3b08282b3892cd469742e000c4f1d5bc811df0531b8e9f27f911568f0272,32c640bdd71b8edff76b7fb7d99b86b6856974ec045a1d893b408837ab1e7e3b,/path/to/Diffusion-TS/Utils/discriminative_metric.py,60.629756450653076,0
Diffusion-TS,AirQuality,128,42,100001,discriminative_score,42,0.23170731707317072,True,4096,5afe3b08282b3892cd469742e000c4f1d5bc811df0531b8e9f27f911568f0272,32c640bdd71b8edff76b7fb7d99b86b6856974ec045a1d893b408837ab1e7e3b,/path/to/Diffusion-TS/Utils/discriminative_metric.py,60.865142583847046,2
Diffusion-TS,AirQuality,128,42,100001,discriminative_score,123,0.24878048780487805,True,4096,5afe3b08282b3892cd469742e000c4f1d5bc811df0531b8e9f27f911568f0272,32c640bdd71b8edff76b7fb7d99b86b6856974ec045a1d893b408837ab1e7e3b,/path/to/Diffusion-TS/Utils/discriminative_metric.py,60.54312014579773,1
Diffusion-TS,AirQuality,128,42,100002,discriminative_score,0,0.18292682926829273,True,4096,5afe3b08282b3892cd469742e000c4f1d5bc811df0531b8e9f27f911568f0272,44110360d9916e7b9fc4894e979c044e59cd7c9df4448942e0d1f08b56bace46,/path/to/Diffusion-TS/Utils/discriminative_metric.py,60.45583915710449,0
Diffusion-TS,AirQuality,128,42,100002,discriminative_score,42,0.24817073170731707,True,4096,5afe3b08282b3892cd469742e000c4f1d5bc811df0531b8e9f27f911568f0272,44110360d9916e7b9fc4894e979c044e59cd7c9df4448942e0d1f08b56bace46,/path/to/Diffusion-TS/Utils/discriminative_metric.py,60.67589044570923,1
Diffusion-TS,AirQuality,128,42,100002,discriminative_score,123,0.2268292682926829,True,4096,5afe3b08282b3892cd469742e000c4f1d5bc811df0531b8e9f27f911568f0272,44110360d9916e7b9fc4894e979c044e59cd7c9df4448942e0d1f08b56bace46,/path/to/Diffusion-TS/Utils/discriminative_metric.py,60.39466738700867,2
Diffusion-TS,AirQuality,128,42,100003,discriminative_score,0,0.18048780487804883,True,4096,5afe3b08282b3892cd469742e000c4f1d5bc811df0531b8e9f27f911568f0272,35781741db0317fbc30fbae002a033b848ab026d0572fef7612b883ed76facdc,/path/to/Diffusion-TS/Utils/discriminative_metric.py,60.62372803688049,0
Diffusion-TS,AirQuality,128,42,100003,discriminative_score,42,0.23353658536585364,True,4096,5afe3b08282b3892cd469742e000c4f1d5bc811df0531b8e9f27f911568f0272,35781741db0317fbc30fbae002a033b848ab026d0572fef7612b883ed76facdc,/path/to/Diffusion-TS/Utils/discriminative_metric.py,60.46747040748596,2
Diffusion-TS,AirQuality,128,42,100003,discriminative_score,123,0.2115853658536585,True,4096,5afe3b08282b3892cd469742e000c4f1d5bc811df0531b8e9f27f911568f0272,35781741db0317fbc30fbae002a033b848ab026d0572fef7612b883ed76facdc,/path/to/Diffusion-TS/Utils/discriminative_metric.py,60.531327962875366,1
Diffusion-TS,AirQuality,128,42,100004,discriminative_score,0,0.1865853658536586,True,4096,5afe3b08282b3892cd469742e000c4f1d5bc811df0531b8e9f27f911568f0272,253edb785077fe762156790234e17563950843fadf692c60ce7359c0d9df1dd1,/path/to/Diffusion-TS/Utils/discriminative_metric.py,60.38253211975098,2
Diffusion-TS,AirQuality,128,42,100004,discriminative_score,42,0.25182926829268293,True,4096,5afe3b08282b3892cd469742e000c4f1d5bc811df0531b8e9f27f911568f0272,253edb785077fe762156790234e17563950843fadf692c60ce7359c0d9df1dd1,/path/to/Diffusion-TS/Utils/discriminative_metric.py,60.7034330368042,1
Diffusion-TS,AirQuality,128,42,100004,discriminative_score,123,0.16707317073170735,True,4096,5afe3b08282b3892cd469742e000c4f1d5bc811df0531b8e9f27f911568f0272,253edb785077fe762156790234e17563950843fadf692c60ce7359c0d9df1dd1,/path/to/Diffusion-TS/Utils/discriminative_metric.py,60.59193754196167,0
Diffusion-TS,AirQuality,128,123,100000,discriminative_score,0,0.3347560975609756,True,4096,5afe3b08282b3892cd469742e000c4f1d5bc811df0531b8e9f27f911568f0272,f1cdbabf38ef9d9dfb47e15fc31f5b1b4226ddcd54862fa4b38dc062c8053b6e,/path/to/Diffusion-TS/Utils/discriminative_metric.py,60.324066400527954,2
Diffusion-TS,AirQuality,128,123,100000,discriminative_score,42,0.20182926829268288,True,4096,5afe3b08282b3892cd469742e000c4f1d5bc811df0531b8e9f27f911568f0272,f1cdbabf38ef9d9dfb47e15fc31f5b1b4226ddcd54862fa4b38dc062c8053b6e,/path/to/Diffusion-TS/Utils/discriminative_metric.py,60.714548110961914,0
Diffusion-TS,AirQuality,128,123,100000,discriminative_score,123,0.19756097560975605,True,4096,5afe3b08282b3892cd469742e000c4f1d5bc811df0531b8e9f27f911568f0272,f1cdbabf38ef9d9dfb47e15fc31f5b1b4226ddcd54862fa4b38dc062c8053b6e,/path/to/Diffusion-TS/Utils/discriminative_metric.py,60.25232791900635,1
Diffusion-TS,AirQuality,128,123,100001,discriminative_score,0,0.32743902439024386,True,4096,5afe3b08282b3892cd469742e000c4f1d5bc811df0531b8e9f27f911568f0272,7375d9f2562b9ab21fe6244f93e60ca34c4d044699581a75ae663473cb16b950,/path/to/Diffusion-TS/Utils/discriminative_metric.py,60.3590521812439,1
Diffusion-TS,AirQuality,128,123,100001,discriminative_score,42,0.21524390243902436,True,4096,5afe3b08282b3892cd469742e000c4f1d5bc811df0531b8e9f27f911568f0272,7375d9f2562b9ab21fe6244f93e60ca34c4d044699581a75ae663473cb16b950,/path/to/Diffusion-TS/Utils/discriminative_metric.py,60.394301891326904,2
Diffusion-TS,AirQuality,128,123,100001,discriminative_score,123,0.23841463414634145,True,4096,5afe3b08282b3892cd469742e000c4f1d5bc811df0531b8e9f27f911568f0272,7375d9f2562b9ab21fe6244f93e60ca34c4d044699581a75ae663473cb16b950,/path/to/Diffusion-TS/Utils/discriminative_metric.py,60.703941106796265,0
Diffusion-TS,AirQuality,128,123,100002,discriminative_score,0,0.33780487804878045,True,4096,5afe3b08282b3892cd469742e000c4f1d5bc811df0531b8e9f27f911568f0272,b3128fb7a8164a978d4b74076aaf861515dab71f33c55e2130fa94f12a39a0c8,/path/to/Diffusion-TS/Utils/discriminative_metric.py,60.39717102050781,1
Diffusion-TS,AirQuality,128,123,100002,discriminative_score,42,0.19573170731707312,True,4096,5afe3b08282b3892cd469742e000c4f1d5bc811df0531b8e9f27f911568f0272,b3128fb7a8164a978d4b74076aaf861515dab71f33c55e2130fa94f12a39a0c8,/path/to/Diffusion-TS/Utils/discriminative_metric.py,60.55508613586426,0
Diffusion-TS,AirQuality,128,123,100002,discriminative_score,123,0.24878048780487805,True,4096,5afe3b08282b3892cd469742e000c4f1d5bc811df0531b8e9f27f911568f0272,b3128fb7a8164a978d4b74076aaf861515dab71f33c55e2130fa94f12a39a0c8,/path/to/Diffusion-TS/Utils/discriminative_metric.py,60.567742109298706,2
Diffusion-TS,AirQuality,128,123,100003,discriminative_score,0,0.3213414634146341,True,4096,5afe3b08282b3892cd469742e000c4f1d5bc811df0531b8e9f27f911568f0272,9dbb0678a62bcfcd09fe755d77be4ba2715becd1eac0d9542cfdf32a8de75f4b,/path/to/Diffusion-TS/Utils/discriminative_metric.py,60.757046937942505,2
Diffusion-TS,AirQuality,128,123,100003,discriminative_score,42,0.22012195121951217,True,4096,5afe3b08282b3892cd469742e000c4f1d5bc811df0531b8e9f27f911568f0272,9dbb0678a62bcfcd09fe755d77be4ba2715becd1eac0d9542cfdf32a8de75f4b,/path/to/Diffusion-TS/Utils/discriminative_metric.py,61.14321947097778,1
Diffusion-TS,AirQuality,128,123,100003,discriminative_score,123,0.24451219512195121,True,4096,5afe3b08282b3892cd469742e000c4f1d5bc811df0531b8e9f27f911568f0272,9dbb0678a62bcfcd09fe755d77be4ba2715becd1eac0d9542cfdf32a8de75f4b,/path/to/Diffusion-TS/Utils/discriminative_metric.py,60.22868514060974,0
Diffusion-TS,AirQuality,128,123,100004,discriminative_score,0,0.33292682926829265,True,4096,5afe3b08282b3892cd469742e000c4f1d5bc811df0531b8e9f27f911568f0272,06ffef3aff7109eb85ad85665a74c1b4620513530aa56ab68b741afa3d15775f,/path/to/Diffusion-TS/Utils/discriminative_metric.py,60.60839891433716,2
Diffusion-TS,AirQuality,128,123,100004,discriminative_score,42,0.21768292682926826,True,4096,5afe3b08282b3892cd469742e000c4f1d5bc811df0531b8e9f27f911568f0272,06ffef3aff7109eb85ad85665a74c1b4620513530aa56ab68b741afa3d15775f,/path/to/Diffusion-TS/Utils/discriminative_metric.py,60.59137582778931,1
Diffusion-TS,AirQuality,128,123,100004,discriminative_score,123,0.21829268292682924,True,4096,5afe3b08282b3892cd469742e000c4f1d5bc811df0531b8e9f27f911568f0272,06ffef3aff7109eb85ad85665a74c1b4620513530aa56ab68b741afa3d15775f,/path/to/Diffusion-TS/Utils/discriminative_metric.py,60.35940480232239,0
PETS-U,AirQuality,128,0,100000,discriminative_score,0,0.21341463414634143,True,4096,5afe3b08282b3892cd469742e000c4f1d5bc811df0531b8e9f27f911568f0272,7b6fd5a6d42085991c68d8879ff4e30ba81a6e76047afa8cc80b4e71959c01a4,/path/to/Diffusion-TS/Utils/discriminative_metric.py,61.025686740875244,2
PETS-U,AirQuality,128,0,100000,discriminative_score,42,0.20243902439024386,True,4096,5afe3b08282b3892cd469742e000c4f1d5bc811df0531b8e9f27f911568f0272,7b6fd5a6d42085991c68d8879ff4e30ba81a6e76047afa8cc80b4e71959c01a4,/path/to/Diffusion-TS/Utils/discriminative_metric.py,59.49506330490112,0
PETS-U,AirQuality,128,0,100000,discriminative_score,123,0.14756097560975612,True,4096,5afe3b08282b3892cd469742e000c4f1d5bc811df0531b8e9f27f911568f0272,7b6fd5a6d42085991c68d8879ff4e30ba81a6e76047afa8cc80b4e71959c01a4,/path/to/Diffusion-TS/Utils/discriminative_metric.py,60.32232141494751,1
PETS-U,AirQuality,128,0,100001,discriminative_score,0,0.20548780487804874,True,4096,5afe3b08282b3892cd469742e000c4f1d5bc811df0531b8e9f27f911568f0272,3b8d370ea0aa2d137e7e8c858d5957166fe8f0bd034701777d36d1f6051bb36b,/path/to/Diffusion-TS/Utils/discriminative_metric.py,59.632065296173096,0
PETS-U,AirQuality,128,0,100001,discriminative_score,42,0.19817073170731703,True,4096,5afe3b08282b3892cd469742e000c4f1d5bc811df0531b8e9f27f911568f0272,3b8d370ea0aa2d137e7e8c858d5957166fe8f0bd034701777d36d1f6051bb36b,/path/to/Diffusion-TS/Utils/discriminative_metric.py,60.44081449508667,2
PETS-U,AirQuality,128,0,100001,discriminative_score,123,0.15609756097560978,True,4096,5afe3b08282b3892cd469742e000c4f1d5bc811df0531b8e9f27f911568f0272,3b8d370ea0aa2d137e7e8c858d5957166fe8f0bd034701777d36d1f6051bb36b,/path/to/Diffusion-TS/Utils/discriminative_metric.py,59.4143283367157,1
PETS-U,AirQuality,128,0,100002,discriminative_score,0,0.21036585365853655,True,4096,5afe3b08282b3892cd469742e000c4f1d5bc811df0531b8e9f27f911568f0272,fca0a0f17d34b0dd65a71a7d093ca663574a331edc8b5c623470c046d4d8ac33,/path/to/Diffusion-TS/Utils/discriminative_metric.py,60.51584577560425,0
PETS-U,AirQuality,128,0,100002,discriminative_score,42,0.18719512195121957,True,4096,5afe3b08282b3892cd469742e000c4f1d5bc811df0531b8e9f27f911568f0272,fca0a0f17d34b0dd65a71a7d093ca663574a331edc8b5c623470c046d4d8ac33,/path/to/Diffusion-TS/Utils/discriminative_metric.py,60.653685092926025,1
PETS-U,AirQuality,128,0,100002,discriminative_score,123,0.125,True,4096,5afe3b08282b3892cd469742e000c4f1d5bc811df0531b8e9f27f911568f0272,fca0a0f17d34b0dd65a71a7d093ca663574a331edc8b5c623470c046d4d8ac33,/path/to/Diffusion-TS/Utils/discriminative_metric.py,59.92107701301575,2
PETS-U,AirQuality,128,0,100003,discriminative_score,0,0.22073170731707314,True,4096,5afe3b08282b3892cd469742e000c4f1d5bc811df0531b8e9f27f911568f0272,57029a23e26631f520476f0fcf563e0fd4ff245d9292a706db5e67254ffa23f4,/path/to/Diffusion-TS/Utils/discriminative_metric.py,61.21825957298279,1
PETS-U,AirQuality,128,0,100003,discriminative_score,42,0.18231707317073176,True,4096,5afe3b08282b3892cd469742e000c4f1d5bc811df0531b8e9f27f911568f0272,57029a23e26631f520476f0fcf563e0fd4ff245d9292a706db5e67254ffa23f4,/path/to/Diffusion-TS/Utils/discriminative_metric.py,61.19973611831665,0
PETS-U,AirQuality,128,0,100003,discriminative_score,123,0.15609756097560978,True,4096,5afe3b08282b3892cd469742e000c4f1d5bc811df0531b8e9f27f911568f0272,57029a23e26631f520476f0fcf563e0fd4ff245d9292a706db5e67254ffa23f4,/path/to/Diffusion-TS/Utils/discriminative_metric.py,60.803038358688354,2
PETS-U,AirQuality,128,0,100004,discriminative_score,0,0.20609756097560972,True,4096,5afe3b08282b3892cd469742e000c4f1d5bc811df0531b8e9f27f911568f0272,cad0ab70163687c2fa679748e67b79e6dfe1b2b831e36005a4060a1f52c143b8,/path/to/Diffusion-TS/Utils/discriminative_metric.py,60.43791389465332,1
PETS-U,AirQuality,128,0,100004,discriminative_score,42,0.2091463414634146,True,4096,5afe3b08282b3892cd469742e000c4f1d5bc811df0531b8e9f27f911568f0272,cad0ab70163687c2fa679748e67b79e6dfe1b2b831e36005a4060a1f52c143b8,/path/to/Diffusion-TS/Utils/discriminative_metric.py,60.725985288619995,2
PETS-U,AirQuality,128,0,100004,discriminative_score,123,0.1481707317073171,True,4096,5afe3b08282b3892cd469742e000c4f1d5bc811df0531b8e9f27f911568f0272,cad0ab70163687c2fa679748e67b79e6dfe1b2b831e36005a4060a1f52c143b8,/path/to/Diffusion-TS/Utils/discriminative_metric.py,60.38331317901611,0
PETS-U,AirQuality,128,42,100000,discriminative_score,0,0.2603658536585366,True,4096,5afe3b08282b3892cd469742e000c4f1d5bc811df0531b8e9f27f911568f0272,2eeb070017ea159b8b37c32fd448c8676e935ecf5b3b0f32ac022dce651ef31a,/path/to/Diffusion-TS/Utils/discriminative_metric.py,60.0429801940918,1
PETS-U,AirQuality,128,42,100000,discriminative_score,42,0.2530487804878049,True,4096,5afe3b08282b3892cd469742e000c4f1d5bc811df0531b8e9f27f911568f0272,2eeb070017ea159b8b37c32fd448c8676e935ecf5b3b0f32ac022dce651ef31a,/path/to/Diffusion-TS/Utils/discriminative_metric.py,60.77395296096802,2
PETS-U,AirQuality,128,42,100000,discriminative_score,123,0.17926829268292688,True,4096,5afe3b08282b3892cd469742e000c4f1d5bc811df0531b8e9f27f911568f0272,2eeb070017ea159b8b37c32fd448c8676e935ecf5b3b0f32ac022dce651ef31a,/path/to/Diffusion-TS/Utils/discriminative_metric.py,60.43815493583679,0
PETS-U,AirQuality,128,42,100001,discriminative_score,0,0.24939024390243902,True,4096,5afe3b08282b3892cd469742e000c4f1d5bc811df0531b8e9f27f911568f0272,e8450c5e71c3e77994e1e054583e442c650908652aa096b91887fcd36f1897b0,/path/to/Diffusion-TS/Utils/discriminative_metric.py,60.805965185165405,1
PETS-U,AirQuality,128,42,100001,discriminative_score,42,0.2426829268292683,True,4096,5afe3b08282b3892cd469742e000c4f1d5bc811df0531b8e9f27f911568f0272,e8450c5e71c3e77994e1e054583e442c650908652aa096b91887fcd36f1897b0,/path/to/Diffusion-TS/Utils/discriminative_metric.py,59.933430194854736,2
PETS-U,AirQuality,128,42,100001,discriminative_score,123,0.19573170731707312,True,4096,5afe3b08282b3892cd469742e000c4f1d5bc811df0531b8e9f27f911568f0272,e8450c5e71c3e77994e1e054583e442c650908652aa096b91887fcd36f1897b0,/path/to/Diffusion-TS/Utils/discriminative_metric.py,59.51956486701965,0
PETS-U,AirQuality,128,42,100002,discriminative_score,0,0.2603658536585366,True,4096,5afe3b08282b3892cd469742e000c4f1d5bc811df0531b8e9f27f911568f0272,71b0941835fe1e0a5d690a8674c90716bb76b0ad60b096ea588e6a8d726795c6,/path/to/Diffusion-TS/Utils/discriminative_metric.py,60.69924592971802,1
PETS-U,AirQuality,128,42,100002,discriminative_score,42,0.24695121951219512,True,4096,5afe3b08282b3892cd469742e000c4f1d5bc811df0531b8e9f27f911568f0272,71b0941835fe1e0a5d690a8674c90716bb76b0ad60b096ea588e6a8d726795c6,/path/to/Diffusion-TS/Utils/discriminative_metric.py,60.648579359054565,2
PETS-U,AirQuality,128,42,100002,discriminative_score,123,0.18536585365853664,True,4096,5afe3b08282b3892cd469742e000c4f1d5bc811df0531b8e9f27f911568f0272,71b0941835fe1e0a5d690a8674c90716bb76b0ad60b096ea588e6a8d726795c6,/path/to/Diffusion-TS/Utils/discriminative_metric.py,59.753172636032104,0
PETS-U,AirQuality,128,42,100003,discriminative_score,0,0.23414634146341462,True,4096,5afe3b08282b3892cd469742e000c4f1d5bc811df0531b8e9f27f911568f0272,6cde61a19cfb4c2cbbc4bbee4e5a503d9c62093f728bdbf99b96af5c6466c294,/path/to/Diffusion-TS/Utils/discriminative_metric.py,60.28294539451599,2
PETS-U,AirQuality,128,42,100003,discriminative_score,42,0.2292682926829268,True,4096,5afe3b08282b3892cd469742e000c4f1d5bc811df0531b8e9f27f911568f0272,6cde61a19cfb4c2cbbc4bbee4e5a503d9c62093f728bdbf99b96af5c6466c294,/path/to/Diffusion-TS/Utils/discriminative_metric.py,60.27534031867981,0
PETS-U,AirQuality,128,42,100003,discriminative_score,123,0.1707317073170732,True,4096,5afe3b08282b3892cd469742e000c4f1d5bc811df0531b8e9f27f911568f0272,6cde61a19cfb4c2cbbc4bbee4e5a503d9c62093f728bdbf99b96af5c6466c294,/path/to/Diffusion-TS/Utils/discriminative_metric.py,60.11799097061157,1
PETS-U,AirQuality,128,42,100004,discriminative_score,0,0.24390243902439024,True,4096,5afe3b08282b3892cd469742e000c4f1d5bc811df0531b8e9f27f911568f0272,8c6a323ae357a506329fa44f78101c31ef3e9496f16afa5c803bd0cec77e56ed,/path/to/Diffusion-TS/Utils/discriminative_metric.py,59.816006898880005,2
PETS-U,AirQuality,128,42,100004,discriminative_score,42,0.25609756097560976,True,4096,5afe3b08282b3892cd469742e000c4f1d5bc811df0531b8e9f27f911568f0272,8c6a323ae357a506329fa44f78101c31ef3e9496f16afa5c803bd0cec77e56ed,/path/to/Diffusion-TS/Utils/discriminative_metric.py,60.97635006904602,1
PETS-U,AirQuality,128,42,100004,discriminative_score,123,0.17560975609756102,True,4096,5afe3b08282b3892cd469742e000c4f1d5bc811df0531b8e9f27f911568f0272,8c6a323ae357a506329fa44f78101c31ef3e9496f16afa5c803bd0cec77e56ed,/path/to/Diffusion-TS/Utils/discriminative_metric.py,60.60997200012207,0
PETS-U,AirQuality,128,123,100000,discriminative_score,0,0.17500000000000004,True,4096,5afe3b08282b3892cd469742e000c4f1d5bc811df0531b8e9f27f911568f0272,7caa49fab2aca277999602ab2d459c1eef728e14324d2f6ced87f97a6a8246e4,/path/to/Diffusion-TS/Utils/discriminative_metric.py,60.41387939453125,2
PETS-U,AirQuality,128,123,100000,discriminative_score,42,0.17987804878048785,True,4096,5afe3b08282b3892cd469742e000c4f1d5bc811df0531b8e9f27f911568f0272,7caa49fab2aca277999602ab2d459c1eef728e14324d2f6ced87f97a6a8246e4,/path/to/Diffusion-TS/Utils/discriminative_metric.py,59.9719614982605,1
PETS-U,AirQuality,128,123,100000,discriminative_score,123,0.125,True,4096,5afe3b08282b3892cd469742e000c4f1d5bc811df0531b8e9f27f911568f0272,7caa49fab2aca277999602ab2d459c1eef728e14324d2f6ced87f97a6a8246e4,/path/to/Diffusion-TS/Utils/discriminative_metric.py,60.5034236907959,0
PETS-U,AirQuality,128,123,100001,discriminative_score,0,0.1884146341463414,True,4096,5afe3b08282b3892cd469742e000c4f1d5bc811df0531b8e9f27f911568f0272,a4f79d8367c5071e00425472f1b0dd4f3f98464b6c4685022553142dfa6a4075,/path/to/Diffusion-TS/Utils/discriminative_metric.py,59.85929083824158,2
PETS-U,AirQuality,128,123,100001,discriminative_score,42,0.18780487804878043,True,4096,5afe3b08282b3892cd469742e000c4f1d5bc811df0531b8e9f27f911568f0272,a4f79d8367c5071e00425472f1b0dd4f3f98464b6c4685022553142dfa6a4075,/path/to/Diffusion-TS/Utils/discriminative_metric.py,60.813013792037964,1
PETS-U,AirQuality,128,123,100001,discriminative_score,123,0.15426829268292686,True,4096,5afe3b08282b3892cd469742e000c4f1d5bc811df0531b8e9f27f911568f0272,a4f79d8367c5071e00425472f1b0dd4f3f98464b6c4685022553142dfa6a4075,/path/to/Diffusion-TS/Utils/discriminative_metric.py,60.41098165512085,0
PETS-U,AirQuality,128,123,100002,discriminative_score,0,0.1707317073170732,True,4096,5afe3b08282b3892cd469742e000c4f1d5bc811df0531b8e9f27f911568f0272,9ab89d1757da6b07c7c2154a91d865da6db7070e8a544eba333c05da07fb6334,/path/to/Diffusion-TS/Utils/discriminative_metric.py,60.66043782234192,0
PETS-U,AirQuality,128,123,100002,discriminative_score,42,0.17317073170731712,True,4096,5afe3b08282b3892cd469742e000c4f1d5bc811df0531b8e9f27f911568f0272,9ab89d1757da6b07c7c2154a91d865da6db7070e8a544eba333c05da07fb6334,/path/to/Diffusion-TS/Utils/discriminative_metric.py,60.429723024368286,2
PETS-U,AirQuality,128,123,100002,discriminative_score,123,0.16158536585365857,True,4096,5afe3b08282b3892cd469742e000c4f1d5bc811df0531b8e9f27f911568f0272,9ab89d1757da6b07c7c2154a91d865da6db7070e8a544eba333c05da07fb6334,/path/to/Diffusion-TS/Utils/discriminative_metric.py,60.32562017440796,1
PETS-U,AirQuality,128,123,100003,discriminative_score,0,0.1810975609756098,True,4096,5afe3b08282b3892cd469742e000c4f1d5bc811df0531b8e9f27f911568f0272,6ce6a1ee1a5caa78db2b13a7bb836b253b8f50d515c40cefe2e0afb031e8d65f,/path/to/Diffusion-TS/Utils/discriminative_metric.py,60.616793632507324,2
PETS-U,AirQuality,128,123,100003,discriminative_score,42,0.18292682926829273,True,4096,5afe3b08282b3892cd469742e000c4f1d5bc811df0531b8e9f27f911568f0272,6ce6a1ee1a5caa78db2b13a7bb836b253b8f50d515c40cefe2e0afb031e8d65f,/path/to/Diffusion-TS/Utils/discriminative_metric.py,59.40700721740723,1
PETS-U,AirQuality,128,123,100003,discriminative_score,123,0.13902439024390245,True,4096,5afe3b08282b3892cd469742e000c4f1d5bc811df0531b8e9f27f911568f0272,6ce6a1ee1a5caa78db2b13a7bb836b253b8f50d515c40cefe2e0afb031e8d65f,/path/to/Diffusion-TS/Utils/discriminative_metric.py,60.15162944793701,0
PETS-U,AirQuality,128,123,100004,discriminative_score,0,0.18048780487804883,True,4096,5afe3b08282b3892cd469742e000c4f1d5bc811df0531b8e9f27f911568f0272,27e55acb4908efcd870b14b07a44951edefcfbe6629a664580c28aad360f4a3f,/path/to/Diffusion-TS/Utils/discriminative_metric.py,60.3524272441864,0
PETS-U,AirQuality,128,123,100004,discriminative_score,42,0.18292682926829273,True,4096,5afe3b08282b3892cd469742e000c4f1d5bc811df0531b8e9f27f911568f0272,27e55acb4908efcd870b14b07a44951edefcfbe6629a664580c28aad360f4a3f,/path/to/Diffusion-TS/Utils/discriminative_metric.py,60.67743706703186,1
PETS-U,AirQuality,128,123,100004,discriminative_score,123,0.12195121951219512,True,4096,5afe3b08282b3892cd469742e000c4f1d5bc811df0531b8e9f27f911568f0272,27e55acb4908efcd870b14b07a44951edefcfbe6629a664580c28aad360f4a3f,/path/to/Diffusion-TS/Utils/discriminative_metric.py,60.457892179489136,2
Diffusion-TS,AirQuality,256,0,100000,discriminative_score,0,0.16890243902439028,True,4096,763f03006b43ade6ea1a2dab673228b628a027e58a379e6eb9a5ef91fedd89f9,952e00e97c761e64166d043f14b71954b542cf69a9bbd6a835a78d3a2b5be155,/path/to/Diffusion-TS/Utils/discriminative_metric.py,114.62449383735657,0
Diffusion-TS,AirQuality,256,0,100000,discriminative_score,42,0.03597560975609759,True,4096,763f03006b43ade6ea1a2dab673228b628a027e58a379e6eb9a5ef91fedd89f9,952e00e97c761e64166d043f14b71954b542cf69a9bbd6a835a78d3a2b5be155,/path/to/Diffusion-TS/Utils/discriminative_metric.py,114.84531712532043,2
Diffusion-TS,AirQuality,256,0,100000,discriminative_score,123,0.1481707317073171,True,4096,763f03006b43ade6ea1a2dab673228b628a027e58a379e6eb9a5ef91fedd89f9,952e00e97c761e64166d043f14b71954b542cf69a9bbd6a835a78d3a2b5be155,/path/to/Diffusion-TS/Utils/discriminative_metric.py,113.67767906188965,1
Diffusion-TS,AirQuality,256,0,100001,discriminative_score,0,0.20060975609756093,True,4096,763f03006b43ade6ea1a2dab673228b628a027e58a379e6eb9a5ef91fedd89f9,c78df9da81ee6de76955a03a83e5faaa763d2b932f7e1037c49db05cab6bf701,/path/to/Diffusion-TS/Utils/discriminative_metric.py,114.41059708595276,1
Diffusion-TS,AirQuality,256,0,100001,discriminative_score,42,0.045121951219512235,True,4096,763f03006b43ade6ea1a2dab673228b628a027e58a379e6eb9a5ef91fedd89f9,c78df9da81ee6de76955a03a83e5faaa763d2b932f7e1037c49db05cab6bf701,/path/to/Diffusion-TS/Utils/discriminative_metric.py,115.26061153411865,2
Diffusion-TS,AirQuality,256,0,100001,discriminative_score,123,0.11585365853658536,True,4096,763f03006b43ade6ea1a2dab673228b628a027e58a379e6eb9a5ef91fedd89f9,c78df9da81ee6de76955a03a83e5faaa763d2b932f7e1037c49db05cab6bf701,/path/to/Diffusion-TS/Utils/discriminative_metric.py,114.48104643821716,0
Diffusion-TS,AirQuality,256,0,100002,discriminative_score,0,0.1810975609756098,True,4096,763f03006b43ade6ea1a2dab673228b628a027e58a379e6eb9a5ef91fedd89f9,54c2d67cb2431a0f7645789daa5dd8652fa6344b7084818cd553af6cf0170046,/path/to/Diffusion-TS/Utils/discriminative_metric.py,114.14448070526123,0
Diffusion-TS,AirQuality,256,0,100002,discriminative_score,42,0.014024390243902451,True,4096,763f03006b43ade6ea1a2dab673228b628a027e58a379e6eb9a5ef91fedd89f9,54c2d67cb2431a0f7645789daa5dd8652fa6344b7084818cd553af6cf0170046,/path/to/Diffusion-TS/Utils/discriminative_metric.py,115.08943438529968,1
Diffusion-TS,AirQuality,256,0,100002,discriminative_score,123,0.05914634146341469,True,4096,763f03006b43ade6ea1a2dab673228b628a027e58a379e6eb9a5ef91fedd89f9,54c2d67cb2431a0f7645789daa5dd8652fa6344b7084818cd553af6cf0170046,/path/to/Diffusion-TS/Utils/discriminative_metric.py,113.70839190483093,2
Diffusion-TS,AirQuality,256,0,100003,discriminative_score,0,0.16280487804878052,True,4096,763f03006b43ade6ea1a2dab673228b628a027e58a379e6eb9a5ef91fedd89f9,c87cab9330a1cd378ef5d295ffe88f296c9fff0c93922c59dddbcd0c717aeeb0,/path/to/Diffusion-TS/Utils/discriminative_metric.py,114.38127899169922,1
Diffusion-TS,AirQuality,256,0,100003,discriminative_score,42,0.03536585365853662,True,4096,763f03006b43ade6ea1a2dab673228b628a027e58a379e6eb9a5ef91fedd89f9,c87cab9330a1cd378ef5d295ffe88f296c9fff0c93922c59dddbcd0c717aeeb0,/path/to/Diffusion-TS/Utils/discriminative_metric.py,115.28260111808777,2
Diffusion-TS,AirQuality,256,0,100003,discriminative_score,123,0.11097560975609755,True,4096,763f03006b43ade6ea1a2dab673228b628a027e58a379e6eb9a5ef91fedd89f9,c87cab9330a1cd378ef5d295ffe88f296c9fff0c93922c59dddbcd0c717aeeb0,/path/to/Diffusion-TS/Utils/discriminative_metric.py,113.63130640983582,0
Diffusion-TS,AirQuality,256,0,100004,discriminative_score,0,0.19268292682926824,True,4096,763f03006b43ade6ea1a2dab673228b628a027e58a379e6eb9a5ef91fedd89f9,bae8dd328fde09691678368b9681970fd93a1d405f8d03ebc3216448bbbf5fd8,/path/to/Diffusion-TS/Utils/discriminative_metric.py,115.62125635147095,1
Diffusion-TS,AirQuality,256,0,100004,discriminative_score,42,0.02682926829268295,True,4096,763f03006b43ade6ea1a2dab673228b628a027e58a379e6eb9a5ef91fedd89f9,bae8dd328fde09691678368b9681970fd93a1d405f8d03ebc3216448bbbf5fd8,/path/to/Diffusion-TS/Utils/discriminative_metric.py,114.54333686828613,0
Diffusion-TS,AirQuality,256,0,100004,discriminative_score,123,0.1298780487804878,True,4096,763f03006b43ade6ea1a2dab673228b628a027e58a379e6eb9a5ef91fedd89f9,bae8dd328fde09691678368b9681970fd93a1d405f8d03ebc3216448bbbf5fd8,/path/to/Diffusion-TS/Utils/discriminative_metric.py,114.44032144546509,2
Diffusion-TS,AirQuality,256,42,100000,discriminative_score,0,0.37865853658536586,True,4096,763f03006b43ade6ea1a2dab673228b628a027e58a379e6eb9a5ef91fedd89f9,a8e9e3f2d0616092012a8f38dc670087a4ac62ad34ac41d501507729935ef5e6,/path/to/Diffusion-TS/Utils/discriminative_metric.py,114.60224914550781,0
Diffusion-TS,AirQuality,256,42,100000,discriminative_score,42,0.250609756097561,True,4096,763f03006b43ade6ea1a2dab673228b628a027e58a379e6eb9a5ef91fedd89f9,a8e9e3f2d0616092012a8f38dc670087a4ac62ad34ac41d501507729935ef5e6,/path/to/Diffusion-TS/Utils/discriminative_metric.py,113.81622385978699,2
Diffusion-TS,AirQuality,256,42,100000,discriminative_score,123,0.34085365853658534,True,4096,763f03006b43ade6ea1a2dab673228b628a027e58a379e6eb9a5ef91fedd89f9,a8e9e3f2d0616092012a8f38dc670087a4ac62ad34ac41d501507729935ef5e6,/path/to/Diffusion-TS/Utils/discriminative_metric.py,114.44580245018005,1
Diffusion-TS,AirQuality,256,42,100001,discriminative_score,0,0.3884146341463415,True,4096,763f03006b43ade6ea1a2dab673228b628a027e58a379e6eb9a5ef91fedd89f9,4b3d4b10dbe7014ecc1bf978c9b8b516c1afa553f7be41275e33cddb3b0a03fe,/path/to/Diffusion-TS/Utils/discriminative_metric.py,114.81074643135071,2
Diffusion-TS,AirQuality,256,42,100001,discriminative_score,42,0.2628048780487805,True,4096,763f03006b43ade6ea1a2dab673228b628a027e58a379e6eb9a5ef91fedd89f9,4b3d4b10dbe7014ecc1bf978c9b8b516c1afa553f7be41275e33cddb3b0a03fe,/path/to/Diffusion-TS/Utils/discriminative_metric.py,114.82189893722534,0
Diffusion-TS,AirQuality,256,42,100001,discriminative_score,123,0.2853658536585366,True,4096,763f03006b43ade6ea1a2dab673228b628a027e58a379e6eb9a5ef91fedd89f9,4b3d4b10dbe7014ecc1bf978c9b8b516c1afa553f7be41275e33cddb3b0a03fe,/path/to/Diffusion-TS/Utils/discriminative_metric.py,114.12341213226318,1
Diffusion-TS,AirQuality,256,42,100002,discriminative_score,0,0.37073170731707317,True,4096,763f03006b43ade6ea1a2dab673228b628a027e58a379e6eb9a5ef91fedd89f9,6ae1446e3fa2bcaf4dd5d08bbc9546f30d4a291e230fe0143d720fe30ccee220,/path/to/Diffusion-TS/Utils/discriminative_metric.py,113.62612247467041,0
Diffusion-TS,AirQuality,256,42,100002,discriminative_score,42,0.2658536585365854,True,4096,763f03006b43ade6ea1a2dab673228b628a027e58a379e6eb9a5ef91fedd89f9,6ae1446e3fa2bcaf4dd5d08bbc9546f30d4a291e230fe0143d720fe30ccee220,/path/to/Diffusion-TS/Utils/discriminative_metric.py,114.54617071151733,2
Diffusion-TS,AirQuality,256,42,100002,discriminative_score,123,0.35060975609756095,True,4096,763f03006b43ade6ea1a2dab673228b628a027e58a379e6eb9a5ef91fedd89f9,6ae1446e3fa2bcaf4dd5d08bbc9546f30d4a291e230fe0143d720fe30ccee220,/path/to/Diffusion-TS/Utils/discriminative_metric.py,113.89438366889954,1
Diffusion-TS,AirQuality,256,42,100003,discriminative_score,0,0.3524390243902439,True,4096,763f03006b43ade6ea1a2dab673228b628a027e58a379e6eb9a5ef91fedd89f9,5624438f07e5d4c9278a2563bc906c96c848ab40189159dc5b29a6d158014599,/path/to/Diffusion-TS/Utils/discriminative_metric.py,114.7692244052887,2
Diffusion-TS,AirQuality,256,42,100003,discriminative_score,42,0.2786585365853659,True,4096,763f03006b43ade6ea1a2dab673228b628a027e58a379e6eb9a5ef91fedd89f9,5624438f07e5d4c9278a2563bc906c96c848ab40189159dc5b29a6d158014599,/path/to/Diffusion-TS/Utils/discriminative_metric.py,114.94426488876343,0
Diffusion-TS,AirQuality,256,42,100003,discriminative_score,123,0.25426829268292683,True,4096,763f03006b43ade6ea1a2dab673228b628a027e58a379e6eb9a5ef91fedd89f9,5624438f07e5d4c9278a2563bc906c96c848ab40189159dc5b29a6d158014599,/path/to/Diffusion-TS/Utils/discriminative_metric.py,114.7655348777771,1
Diffusion-TS,AirQuality,256,42,100004,discriminative_score,0,0.3615853658536585,True,4096,763f03006b43ade6ea1a2dab673228b628a027e58a379e6eb9a5ef91fedd89f9,c613b6769f7ec7e38468d16b1fdc738e0daaf86b2bbc971e07a98f0f00bbeea6,/path/to/Diffusion-TS/Utils/discriminative_metric.py,114.69829535484314,2
Diffusion-TS,AirQuality,256,42,100004,discriminative_score,42,0.275,True,4096,763f03006b43ade6ea1a2dab673228b628a027e58a379e6eb9a5ef91fedd89f9,c613b6769f7ec7e38468d16b1fdc738e0daaf86b2bbc971e07a98f0f00bbeea6,/path/to/Diffusion-TS/Utils/discriminative_metric.py,113.8973000049591,0
Diffusion-TS,AirQuality,256,42,100004,discriminative_score,123,0.27378048780487807,True,4096,763f03006b43ade6ea1a2dab673228b628a027e58a379e6eb9a5ef91fedd89f9,c613b6769f7ec7e38468d16b1fdc738e0daaf86b2bbc971e07a98f0f00bbeea6,/path/to/Diffusion-TS/Utils/discriminative_metric.py,114.07135558128357,1
Diffusion-TS,AirQuality,256,123,100000,discriminative_score,0,0.41463414634146345,True,4096,763f03006b43ade6ea1a2dab673228b628a027e58a379e6eb9a5ef91fedd89f9,27828374064e532da21afc154fb61caa8f442816727c1a749d4eccce3f85582f,/path/to/Diffusion-TS/Utils/discriminative_metric.py,114.68395757675171,1
Diffusion-TS,AirQuality,256,123,100000,discriminative_score,42,0.28414634146341466,True,4096,763f03006b43ade6ea1a2dab673228b628a027e58a379e6eb9a5ef91fedd89f9,27828374064e532da21afc154fb61caa8f442816727c1a749d4eccce3f85582f,/path/to/Diffusion-TS/Utils/discriminative_metric.py,114.18819975852966,0
Diffusion-TS,AirQuality,256,123,100000,discriminative_score,123,0.26707317073170733,True,4096,763f03006b43ade6ea1a2dab673228b628a027e58a379e6eb9a5ef91fedd89f9,27828374064e532da21afc154fb61caa8f442816727c1a749d4eccce3f85582f,/path/to/Diffusion-TS/Utils/discriminative_metric.py,114.07291722297668,2
Diffusion-TS,AirQuality,256,123,100001,discriminative_score,0,0.4213414634146342,True,4096,763f03006b43ade6ea1a2dab673228b628a027e58a379e6eb9a5ef91fedd89f9,1f092fb345bbd440bfd8134b052e219c2665daeda132c41f3c2582fa8d6e8e15,/path/to/Diffusion-TS/Utils/discriminative_metric.py,114.0169472694397,0
Diffusion-TS,AirQuality,256,123,100001,discriminative_score,42,0.28719512195121955,True,4096,763f03006b43ade6ea1a2dab673228b628a027e58a379e6eb9a5ef91fedd89f9,1f092fb345bbd440bfd8134b052e219c2665daeda132c41f3c2582fa8d6e8e15,/path/to/Diffusion-TS/Utils/discriminative_metric.py,113.97004818916321,1
Diffusion-TS,AirQuality,256,123,100001,discriminative_score,123,0.2347560975609756,True,4096,763f03006b43ade6ea1a2dab673228b628a027e58a379e6eb9a5ef91fedd89f9,1f092fb345bbd440bfd8134b052e219c2665daeda132c41f3c2582fa8d6e8e15,/path/to/Diffusion-TS/Utils/discriminative_metric.py,114.66336178779602,2
Diffusion-TS,AirQuality,256,123,100002,discriminative_score,0,0.425609756097561,True,4096,763f03006b43ade6ea1a2dab673228b628a027e58a379e6eb9a5ef91fedd89f9,8489f6c99dd499f447b166f5c71e3b6ae2ceebdb8127a4f6284292c3a93ca858,/path/to/Diffusion-TS/Utils/discriminative_metric.py,114.42913174629211,0
Diffusion-TS,AirQuality,256,123,100002,discriminative_score,42,0.275,True,4096,763f03006b43ade6ea1a2dab673228b628a027e58a379e6eb9a5ef91fedd89f9,8489f6c99dd499f447b166f5c71e3b6ae2ceebdb8127a4f6284292c3a93ca858,/path/to/Diffusion-TS/Utils/discriminative_metric.py,114.66368746757507,1
Diffusion-TS,AirQuality,256,123,100002,discriminative_score,123,0.2597560975609756,True,4096,763f03006b43ade6ea1a2dab673228b628a027e58a379e6eb9a5ef91fedd89f9,8489f6c99dd499f447b166f5c71e3b6ae2ceebdb8127a4f6284292c3a93ca858,/path/to/Diffusion-TS/Utils/discriminative_metric.py,114.35047245025635,2
Diffusion-TS,AirQuality,256,123,100003,discriminative_score,0,0.4213414634146342,True,4096,763f03006b43ade6ea1a2dab673228b628a027e58a379e6eb9a5ef91fedd89f9,ca524808e6be8ff77507e2afb48b692910f21b06e3bee217519ecdae89e21efd,/path/to/Diffusion-TS/Utils/discriminative_metric.py,114.05224013328552,1
Diffusion-TS,AirQuality,256,123,100003,discriminative_score,42,0.2701219512195122,True,4096,763f03006b43ade6ea1a2dab673228b628a027e58a379e6eb9a5ef91fedd89f9,ca524808e6be8ff77507e2afb48b692910f21b06e3bee217519ecdae89e21efd,/path/to/Diffusion-TS/Utils/discriminative_metric.py,115.28779530525208,2
Diffusion-TS,AirQuality,256,123,100003,discriminative_score,123,0.23597560975609755,True,4096,763f03006b43ade6ea1a2dab673228b628a027e58a379e6eb9a5ef91fedd89f9,ca524808e6be8ff77507e2afb48b692910f21b06e3bee217519ecdae89e21efd,/path/to/Diffusion-TS/Utils/discriminative_metric.py,114.7266354560852,0
Diffusion-TS,AirQuality,256,123,100004,discriminative_score,0,0.4280487804878049,True,4096,763f03006b43ade6ea1a2dab673228b628a027e58a379e6eb9a5ef91fedd89f9,b84336b99480468ed77e9520ecca8bea3201ad223548ba23e0bc0d5a7e29dea7,/path/to/Diffusion-TS/Utils/discriminative_metric.py,114.44956493377686,0
Diffusion-TS,AirQuality,256,123,100004,discriminative_score,42,0.26951219512195124,True,4096,763f03006b43ade6ea1a2dab673228b628a027e58a379e6eb9a5ef91fedd89f9,b84336b99480468ed77e9520ecca8bea3201ad223548ba23e0bc0d5a7e29dea7,/path/to/Diffusion-TS/Utils/discriminative_metric.py,115.24594330787659,1
Diffusion-TS,AirQuality,256,123,100004,discriminative_score,123,0.2548780487804878,True,4096,763f03006b43ade6ea1a2dab673228b628a027e58a379e6eb9a5ef91fedd89f9,b84336b99480468ed77e9520ecca8bea3201ad223548ba23e0bc0d5a7e29dea7,/path/to/Diffusion-TS/Utils/discriminative_metric.py,114.37291026115417,2
PETS-U,AirQuality,256,0,100000,discriminative_score,0,0.4518292682926829,True,4096,763f03006b43ade6ea1a2dab673228b628a027e58a379e6eb9a5ef91fedd89f9,cc1eeb9cb3a415a9eeef782709379f412d7387423e41e2e6a47d9685e7b0071a,/path/to/Diffusion-TS/Utils/discriminative_metric.py,114.77851295471191,0
PETS-U,AirQuality,256,0,100000,discriminative_score,42,0.3268292682926829,True,4096,763f03006b43ade6ea1a2dab673228b628a027e58a379e6eb9a5ef91fedd89f9,cc1eeb9cb3a415a9eeef782709379f412d7387423e41e2e6a47d9685e7b0071a,/path/to/Diffusion-TS/Utils/discriminative_metric.py,113.76473474502563,1
PETS-U,AirQuality,256,0,100000,discriminative_score,123,0.14451219512195124,True,4096,763f03006b43ade6ea1a2dab673228b628a027e58a379e6eb9a5ef91fedd89f9,cc1eeb9cb3a415a9eeef782709379f412d7387423e41e2e6a47d9685e7b0071a,/path/to/Diffusion-TS/Utils/discriminative_metric.py,114.30967092514038,2
PETS-U,AirQuality,256,0,100001,discriminative_score,0,0.4591463414634146,True,4096,763f03006b43ade6ea1a2dab673228b628a027e58a379e6eb9a5ef91fedd89f9,b7bdd9360de5034aefd394c69bf478dbea5f430e60bcbda90687f4197835036c,/path/to/Diffusion-TS/Utils/discriminative_metric.py,116.08698058128357,0
PETS-U,AirQuality,256,0,100001,discriminative_score,42,0.2652439024390244,True,4096,763f03006b43ade6ea1a2dab673228b628a027e58a379e6eb9a5ef91fedd89f9,b7bdd9360de5034aefd394c69bf478dbea5f430e60bcbda90687f4197835036c,/path/to/Diffusion-TS/Utils/discriminative_metric.py,114.38092517852783,1
PETS-U,AirQuality,256,0,100001,discriminative_score,123,0.1274390243902439,True,4096,763f03006b43ade6ea1a2dab673228b628a027e58a379e6eb9a5ef91fedd89f9,b7bdd9360de5034aefd394c69bf478dbea5f430e60bcbda90687f4197835036c,/path/to/Diffusion-TS/Utils/discriminative_metric.py,114.52731227874756,2
PETS-U,AirQuality,256,0,100002,discriminative_score,0,0.4591463414634146,True,4096,763f03006b43ade6ea1a2dab673228b628a027e58a379e6eb9a5ef91fedd89f9,599e3ce819d6e6358d9d1baa7442d03da301072c324593d4d7eaa48bc2c49953,/path/to/Diffusion-TS/Utils/discriminative_metric.py,114.60280466079712,1
PETS-U,AirQuality,256,0,100002,discriminative_score,42,0.34817073170731705,True,4096,763f03006b43ade6ea1a2dab673228b628a027e58a379e6eb9a5ef91fedd89f9,599e3ce819d6e6358d9d1baa7442d03da301072c324593d4d7eaa48bc2c49953,/path/to/Diffusion-TS/Utils/discriminative_metric.py,114.39344692230225,0
PETS-U,AirQuality,256,0,100002,discriminative_score,123,0.022560975609756118,True,4096,763f03006b43ade6ea1a2dab673228b628a027e58a379e6eb9a5ef91fedd89f9,599e3ce819d6e6358d9d1baa7442d03da301072c324593d4d7eaa48bc2c49953,/path/to/Diffusion-TS/Utils/discriminative_metric.py,114.0304548740387,2
PETS-U,AirQuality,256,0,100003,discriminative_score,0,0.4560975609756097,True,4096,763f03006b43ade6ea1a2dab673228b628a027e58a379e6eb9a5ef91fedd89f9,172f4549658b6db49649fc6cd533f8fc54442bec3def470a3760a4f7b2709f6a,/path/to/Diffusion-TS/Utils/discriminative_metric.py,113.83939123153687,0
PETS-U,AirQuality,256,0,100003,discriminative_score,42,0.22378048780487803,True,4096,763f03006b43ade6ea1a2dab673228b628a027e58a379e6eb9a5ef91fedd89f9,172f4549658b6db49649fc6cd533f8fc54442bec3def470a3760a4f7b2709f6a,/path/to/Diffusion-TS/Utils/discriminative_metric.py,114.09636664390564,2
PETS-U,AirQuality,256,0,100003,discriminative_score,123,0.1097560975609756,True,4096,763f03006b43ade6ea1a2dab673228b628a027e58a379e6eb9a5ef91fedd89f9,172f4549658b6db49649fc6cd533f8fc54442bec3def470a3760a4f7b2709f6a,/path/to/Diffusion-TS/Utils/discriminative_metric.py,113.45188450813293,1
PETS-U,AirQuality,256,0,100004,discriminative_score,0,0.46585365853658534,True,4096,763f03006b43ade6ea1a2dab673228b628a027e58a379e6eb9a5ef91fedd89f9,36641fdc0dae019ade148f495cfb6e0d82083977bf29f7f9a5b085ef29463e43,/path/to/Diffusion-TS/Utils/discriminative_metric.py,115.61518788337708,0
PETS-U,AirQuality,256,0,100004,discriminative_score,42,0.35,True,4096,763f03006b43ade6ea1a2dab673228b628a027e58a379e6eb9a5ef91fedd89f9,36641fdc0dae019ade148f495cfb6e0d82083977bf29f7f9a5b085ef29463e43,/path/to/Diffusion-TS/Utils/discriminative_metric.py,113.34998846054077,2
PETS-U,AirQuality,256,0,100004,discriminative_score,123,0.125,True,4096,763f03006b43ade6ea1a2dab673228b628a027e58a379e6eb9a5ef91fedd89f9,36641fdc0dae019ade148f495cfb6e0d82083977bf29f7f9a5b085ef29463e43,/path/to/Diffusion-TS/Utils/discriminative_metric.py,113.52675604820251,1
PETS-U,AirQuality,256,42,100000,discriminative_score,0,0.300609756097561,True,4096,763f03006b43ade6ea1a2dab673228b628a027e58a379e6eb9a5ef91fedd89f9,fcfd3ad612ed59701c3531d82cdf2fea540f945c3183e32101c93a8e9a3bd9c4,/path/to/Diffusion-TS/Utils/discriminative_metric.py,115.8354001045227,0
PETS-U,AirQuality,256,42,100000,discriminative_score,42,0.176219512195122,True,4096,763f03006b43ade6ea1a2dab673228b628a027e58a379e6eb9a5ef91fedd89f9,fcfd3ad612ed59701c3531d82cdf2fea540f945c3183e32101c93a8e9a3bd9c4,/path/to/Diffusion-TS/Utils/discriminative_metric.py,113.41215777397156,2
PETS-U,AirQuality,256,42,100000,discriminative_score,123,0.2548780487804878,True,4096,763f03006b43ade6ea1a2dab673228b628a027e58a379e6eb9a5ef91fedd89f9,fcfd3ad612ed59701c3531d82cdf2fea540f945c3183e32101c93a8e9a3bd9c4,/path/to/Diffusion-TS/Utils/discriminative_metric.py,114.54762816429138,1
PETS-U,AirQuality,256,42,100001,discriminative_score,0,0.32560975609756093,True,4096,763f03006b43ade6ea1a2dab673228b628a027e58a379e6eb9a5ef91fedd89f9,6dfb520ad11a34e1ad0ae2fe7bf402edc1f1c1620bf770b2198b3c996865c01c,/path/to/Diffusion-TS/Utils/discriminative_metric.py,113.3840172290802,1
PETS-U,AirQuality,256,42,100001,discriminative_score,42,0.19207317073170727,True,4096,763f03006b43ade6ea1a2dab673228b628a027e58a379e6eb9a5ef91fedd89f9,6dfb520ad11a34e1ad0ae2fe7bf402edc1f1c1620bf770b2198b3c996865c01c,/path/to/Diffusion-TS/Utils/discriminative_metric.py,115.99477291107178,2
PETS-U,AirQuality,256,42,100001,discriminative_score,123,0.28475609756097564,True,4096,763f03006b43ade6ea1a2dab673228b628a027e58a379e6eb9a5ef91fedd89f9,6dfb520ad11a34e1ad0ae2fe7bf402edc1f1c1620bf770b2198b3c996865c01c,/path/to/Diffusion-TS/Utils/discriminative_metric.py,113.70727109909058,0
PETS-U,AirQuality,256,42,100002,discriminative_score,0,0.300609756097561,True,4096,763f03006b43ade6ea1a2dab673228b628a027e58a379e6eb9a5ef91fedd89f9,3f2e8ac6982ca5b3931b1fe8fc0eba66f40020193e43693e27e887280118dcbf,/path/to/Diffusion-TS/Utils/discriminative_metric.py,114.71955585479736,0
PETS-U,AirQuality,256,42,100002,discriminative_score,42,0.19329268292682922,True,4096,763f03006b43ade6ea1a2dab673228b628a027e58a379e6eb9a5ef91fedd89f9,3f2e8ac6982ca5b3931b1fe8fc0eba66f40020193e43693e27e887280118dcbf,/path/to/Diffusion-TS/Utils/discriminative_metric.py,114.80601000785828,2
PETS-U,AirQuality,256,42,100002,discriminative_score,123,0.2707317073170732,True,4096,763f03006b43ade6ea1a2dab673228b628a027e58a379e6eb9a5ef91fedd89f9,3f2e8ac6982ca5b3931b1fe8fc0eba66f40020193e43693e27e887280118dcbf,/path/to/Diffusion-TS/Utils/discriminative_metric.py,114.35096168518066,1
PETS-U,AirQuality,256,42,100003,discriminative_score,0,0.323780487804878,True,4096,763f03006b43ade6ea1a2dab673228b628a027e58a379e6eb9a5ef91fedd89f9,a49cca1309106eba5a37bfefeb70323184245401362ea8a0d89368cbf3110a32,/path/to/Diffusion-TS/Utils/discriminative_metric.py,113.74007201194763,0
PETS-U,AirQuality,256,42,100003,discriminative_score,42,0.20182926829268288,True,4096,763f03006b43ade6ea1a2dab673228b628a027e58a379e6eb9a5ef91fedd89f9,a49cca1309106eba5a37bfefeb70323184245401362ea8a0d89368cbf3110a32,/path/to/Diffusion-TS/Utils/discriminative_metric.py,114.133544921875,1
PETS-U,AirQuality,256,42,100003,discriminative_score,123,0.3042682926829269,True,4096,763f03006b43ade6ea1a2dab673228b628a027e58a379e6eb9a5ef91fedd89f9,a49cca1309106eba5a37bfefeb70323184245401362ea8a0d89368cbf3110a32,/path/to/Diffusion-TS/Utils/discriminative_metric.py,114.0365514755249,2
PETS-U,AirQuality,256,42,100004,discriminative_score,0,0.2884146341463415,True,4096,763f03006b43ade6ea1a2dab673228b628a027e58a379e6eb9a5ef91fedd89f9,7092dfac09844d22a891a3a77f0baff9b4e3fe466afde7745d53f4261edb18e6,/path/to/Diffusion-TS/Utils/discriminative_metric.py,114.35594391822815,2
PETS-U,AirQuality,256,42,100004,discriminative_score,42,0.2012195121951219,True,4096,763f03006b43ade6ea1a2dab673228b628a027e58a379e6eb9a5ef91fedd89f9,7092dfac09844d22a891a3a77f0baff9b4e3fe466afde7745d53f4261edb18e6,/path/to/Diffusion-TS/Utils/discriminative_metric.py,114.11972188949585,0
PETS-U,AirQuality,256,42,100004,discriminative_score,123,0.2853658536585366,True,4096,763f03006b43ade6ea1a2dab673228b628a027e58a379e6eb9a5ef91fedd89f9,7092dfac09844d22a891a3a77f0baff9b4e3fe466afde7745d53f4261edb18e6,/path/to/Diffusion-TS/Utils/discriminative_metric.py,113.2437596321106,1
PETS-U,AirQuality,256,123,100000,discriminative_score,0,0.31524390243902434,True,4096,763f03006b43ade6ea1a2dab673228b628a027e58a379e6eb9a5ef91fedd89f9,153f427e7f2a388a598df5601e13410a61163a0375088c84195a95640c83c100,/path/to/Diffusion-TS/Utils/discriminative_metric.py,114.89951276779175,0
PETS-U,AirQuality,256,123,100000,discriminative_score,42,0.2810975609756098,True,4096,763f03006b43ade6ea1a2dab673228b628a027e58a379e6eb9a5ef91fedd89f9,153f427e7f2a388a598df5601e13410a61163a0375088c84195a95640c83c100,/path/to/Diffusion-TS/Utils/discriminative_metric.py,115.2421088218689,2
PETS-U,AirQuality,256,123,100000,discriminative_score,123,0.24878048780487805,True,4096,763f03006b43ade6ea1a2dab673228b628a027e58a379e6eb9a5ef91fedd89f9,153f427e7f2a388a598df5601e13410a61163a0375088c84195a95640c83c100,/path/to/Diffusion-TS/Utils/discriminative_metric.py,114.11375498771667,1
PETS-U,AirQuality,256,123,100001,discriminative_score,0,0.30548780487804883,True,4096,763f03006b43ade6ea1a2dab673228b628a027e58a379e6eb9a5ef91fedd89f9,cfc428d986757248b8c0be4f1a4a8eb0cc38ce0ca576476b146179bb256330d5,/path/to/Diffusion-TS/Utils/discriminative_metric.py,113.70833468437195,0
PETS-U,AirQuality,256,123,100001,discriminative_score,42,0.27987804878048783,True,4096,763f03006b43ade6ea1a2dab673228b628a027e58a379e6eb9a5ef91fedd89f9,cfc428d986757248b8c0be4f1a4a8eb0cc38ce0ca576476b146179bb256330d5,/path/to/Diffusion-TS/Utils/discriminative_metric.py,115.19611930847168,1
PETS-U,AirQuality,256,123,100001,discriminative_score,123,0.2396341463414634,True,4096,763f03006b43ade6ea1a2dab673228b628a027e58a379e6eb9a5ef91fedd89f9,cfc428d986757248b8c0be4f1a4a8eb0cc38ce0ca576476b146179bb256330d5,/path/to/Diffusion-TS/Utils/discriminative_metric.py,113.93420433998108,2
PETS-U,AirQuality,256,123,100002,discriminative_score,0,0.3359756097560975,True,4096,763f03006b43ade6ea1a2dab673228b628a027e58a379e6eb9a5ef91fedd89f9,577750aff2432c27195e61dbe9f1741fcae7da28880665bd6ccacd95be3728ab,/path/to/Diffusion-TS/Utils/discriminative_metric.py,114.33461689949036,0
PETS-U,AirQuality,256,123,100002,discriminative_score,42,0.276219512195122,True,4096,763f03006b43ade6ea1a2dab673228b628a027e58a379e6eb9a5ef91fedd89f9,577750aff2432c27195e61dbe9f1741fcae7da28880665bd6ccacd95be3728ab,/path/to/Diffusion-TS/Utils/discriminative_metric.py,114.96484184265137,2
PETS-U,AirQuality,256,123,100002,discriminative_score,123,0.23780487804878048,True,4096,763f03006b43ade6ea1a2dab673228b628a027e58a379e6eb9a5ef91fedd89f9,577750aff2432c27195e61dbe9f1741fcae7da28880665bd6ccacd95be3728ab,/path/to/Diffusion-TS/Utils/discriminative_metric.py,114.67606139183044,1
PETS-U,AirQuality,256,123,100003,discriminative_score,0,0.2829268292682927,True,4096,763f03006b43ade6ea1a2dab673228b628a027e58a379e6eb9a5ef91fedd89f9,e6e46ee82fcf9bdb56313de4ab97bb3c727b2a6162f0754eee079a6603bb58a0,/path/to/Diffusion-TS/Utils/discriminative_metric.py,113.57881188392639,2
PETS-U,AirQuality,256,123,100003,discriminative_score,42,0.28658536585365857,True,4096,763f03006b43ade6ea1a2dab673228b628a027e58a379e6eb9a5ef91fedd89f9,e6e46ee82fcf9bdb56313de4ab97bb3c727b2a6162f0754eee079a6603bb58a0,/path/to/Diffusion-TS/Utils/discriminative_metric.py,113.81919384002686,0
PETS-U,AirQuality,256,123,100003,discriminative_score,123,0.23841463414634145,True,4096,763f03006b43ade6ea1a2dab673228b628a027e58a379e6eb9a5ef91fedd89f9,e6e46ee82fcf9bdb56313de4ab97bb3c727b2a6162f0754eee079a6603bb58a0,/path/to/Diffusion-TS/Utils/discriminative_metric.py,113.70074319839478,1
PETS-U,AirQuality,256,123,100004,discriminative_score,0,0.33536585365853655,True,4096,763f03006b43ade6ea1a2dab673228b628a027e58a379e6eb9a5ef91fedd89f9,2c13047b0397a807ce3a708a739a5903dbde615ab9b0812c8d7b2781068c2737,/path/to/Diffusion-TS/Utils/discriminative_metric.py,114.06530332565308,2
PETS-U,AirQuality,256,123,100004,discriminative_score,42,0.28658536585365857,True,4096,763f03006b43ade6ea1a2dab673228b628a027e58a379e6eb9a5ef91fedd89f9,2c13047b0397a807ce3a708a739a5903dbde615ab9b0812c8d7b2781068c2737,/path/to/Diffusion-TS/Utils/discriminative_metric.py,113.9708878993988,0
PETS-U,AirQuality,256,123,100004,discriminative_score,123,0.2426829268292683,True,4096,763f03006b43ade6ea1a2dab673228b628a027e58a379e6eb9a5ef91fedd89f9,2c13047b0397a807ce3a708a739a5903dbde615ab9b0812c8d7b2781068c2737,/path/to/Diffusion-TS/Utils/discriminative_metric.py,115.01842069625854,1
Diffusion-TS,ETTh,64,0,100000,discriminative_score,0,0.09817073170731705,True,4096,cdc35aa47ea833d7d776683628a7cc1b1aac76f389b2775c001a5f99adfe98bf,cf2fba45e47417a2e8ad43a8106c7dcb09a4d2263f7d4ce53eadd31c15056c19,/path/to/Diffusion-TS/Utils/discriminative_metric.py,32.19953393936157,0
Diffusion-TS,ETTh,64,0,100000,discriminative_score,42,0.125,True,4096,cdc35aa47ea833d7d776683628a7cc1b1aac76f389b2775c001a5f99adfe98bf,cf2fba45e47417a2e8ad43a8106c7dcb09a4d2263f7d4ce53eadd31c15056c19,/path/to/Diffusion-TS/Utils/discriminative_metric.py,32.17018961906433,2
Diffusion-TS,ETTh,64,0,100000,discriminative_score,123,0.10914634146341462,True,4096,cdc35aa47ea833d7d776683628a7cc1b1aac76f389b2775c001a5f99adfe98bf,cf2fba45e47417a2e8ad43a8106c7dcb09a4d2263f7d4ce53eadd31c15056c19,/path/to/Diffusion-TS/Utils/discriminative_metric.py,31.895991325378418,1
Diffusion-TS,ETTh,64,0,100001,discriminative_score,0,0.09390243902439022,True,4096,cdc35aa47ea833d7d776683628a7cc1b1aac76f389b2775c001a5f99adfe98bf,4f8ad149305de8de585d86a186b73d50cc9a5ed066e8d1e078a94a384afbb892,/path/to/Diffusion-TS/Utils/discriminative_metric.py,31.97544765472412,0
Diffusion-TS,ETTh,64,0,100001,discriminative_score,42,0.09268292682926826,True,4096,cdc35aa47ea833d7d776683628a7cc1b1aac76f389b2775c001a5f99adfe98bf,4f8ad149305de8de585d86a186b73d50cc9a5ed066e8d1e078a94a384afbb892,/path/to/Diffusion-TS/Utils/discriminative_metric.py,32.086583614349365,1
Diffusion-TS,ETTh,64,0,100001,discriminative_score,123,0.08475609756097557,True,4096,cdc35aa47ea833d7d776683628a7cc1b1aac76f389b2775c001a5f99adfe98bf,4f8ad149305de8de585d86a186b73d50cc9a5ed066e8d1e078a94a384afbb892,/path/to/Diffusion-TS/Utils/discriminative_metric.py,31.826360940933228,2
Diffusion-TS,ETTh,64,0,100002,discriminative_score,0,0.10060975609756095,True,4096,cdc35aa47ea833d7d776683628a7cc1b1aac76f389b2775c001a5f99adfe98bf,484dd8cf63a592f1500f00e3b26bc1e4c4d4a8a1266b970e82b66550788a9577,/path/to/Diffusion-TS/Utils/discriminative_metric.py,32.131967306137085,0
Diffusion-TS,ETTh,64,0,100002,discriminative_score,42,0.11707317073170731,True,4096,cdc35aa47ea833d7d776683628a7cc1b1aac76f389b2775c001a5f99adfe98bf,484dd8cf63a592f1500f00e3b26bc1e4c4d4a8a1266b970e82b66550788a9577,/path/to/Diffusion-TS/Utils/discriminative_metric.py,32.28323221206665,1
Diffusion-TS,ETTh,64,0,100002,discriminative_score,123,0.0841463414634146,True,4096,cdc35aa47ea833d7d776683628a7cc1b1aac76f389b2775c001a5f99adfe98bf,484dd8cf63a592f1500f00e3b26bc1e4c4d4a8a1266b970e82b66550788a9577,/path/to/Diffusion-TS/Utils/discriminative_metric.py,31.91134810447693,2
Diffusion-TS,ETTh,64,0,100003,discriminative_score,0,0.11585365853658536,True,4096,cdc35aa47ea833d7d776683628a7cc1b1aac76f389b2775c001a5f99adfe98bf,9b7b6ee7020e94c2b61b3e0654ac1f86109dd89895bff209e374208dd76012f3,/path/to/Diffusion-TS/Utils/discriminative_metric.py,32.31459450721741,2
Diffusion-TS,ETTh,64,0,100003,discriminative_score,42,0.11158536585365852,True,4096,cdc35aa47ea833d7d776683628a7cc1b1aac76f389b2775c001a5f99adfe98bf,9b7b6ee7020e94c2b61b3e0654ac1f86109dd89895bff209e374208dd76012f3,/path/to/Diffusion-TS/Utils/discriminative_metric.py,32.06782793998718,0
Diffusion-TS,ETTh,64,0,100003,discriminative_score,123,0.08475609756097557,True,4096,cdc35aa47ea833d7d776683628a7cc1b1aac76f389b2775c001a5f99adfe98bf,9b7b6ee7020e94c2b61b3e0654ac1f86109dd89895bff209e374208dd76012f3,/path/to/Diffusion-TS/Utils/discriminative_metric.py,32.07507276535034,1
Diffusion-TS,ETTh,64,0,100004,discriminative_score,0,0.08780487804878045,True,4096,cdc35aa47ea833d7d776683628a7cc1b1aac76f389b2775c001a5f99adfe98bf,54677f91f54e83603271d07dcc54c721fe30a384b547e3ada04278e5da0c5a1a,/path/to/Diffusion-TS/Utils/discriminative_metric.py,32.31153917312622,2
Diffusion-TS,ETTh,64,0,100004,discriminative_score,42,0.1018292682926829,True,4096,cdc35aa47ea833d7d776683628a7cc1b1aac76f389b2775c001a5f99adfe98bf,54677f91f54e83603271d07dcc54c721fe30a384b547e3ada04278e5da0c5a1a,/path/to/Diffusion-TS/Utils/discriminative_metric.py,32.51158428192139,0
Diffusion-TS,ETTh,64,0,100004,discriminative_score,123,0.09024390243902436,True,4096,cdc35aa47ea833d7d776683628a7cc1b1aac76f389b2775c001a5f99adfe98bf,54677f91f54e83603271d07dcc54c721fe30a384b547e3ada04278e5da0c5a1a,/path/to/Diffusion-TS/Utils/discriminative_metric.py,31.955106019973755,1
Diffusion-TS,ETTh,64,42,100000,discriminative_score,0,0.10426829268292681,True,4096,cdc35aa47ea833d7d776683628a7cc1b1aac76f389b2775c001a5f99adfe98bf,b6aca45e73a46925e7057a700477251b834abc13d04a1d2dac90396e2b6fc17e,/path/to/Diffusion-TS/Utils/discriminative_metric.py,31.977468729019165,0
Diffusion-TS,ETTh,64,42,100000,discriminative_score,42,0.09512195121951217,True,4096,cdc35aa47ea833d7d776683628a7cc1b1aac76f389b2775c001a5f99adfe98bf,b6aca45e73a46925e7057a700477251b834abc13d04a1d2dac90396e2b6fc17e,/path/to/Diffusion-TS/Utils/discriminative_metric.py,31.839287042617798,2
Diffusion-TS,ETTh,64,42,100000,discriminative_score,123,0.09999999999999998,True,4096,cdc35aa47ea833d7d776683628a7cc1b1aac76f389b2775c001a5f99adfe98bf,b6aca45e73a46925e7057a700477251b834abc13d04a1d2dac90396e2b6fc17e,/path/to/Diffusion-TS/Utils/discriminative_metric.py,31.253185510635376,1
Diffusion-TS,ETTh,64,42,100001,discriminative_score,0,0.10304878048780486,True,4096,cdc35aa47ea833d7d776683628a7cc1b1aac76f389b2775c001a5f99adfe98bf,ac3faeae757c8fc5a34dc51cd1fedfb3b40783a180484c7d864a5a63a6a09d8e,/path/to/Diffusion-TS/Utils/discriminative_metric.py,31.68715763092041,0
Diffusion-TS,ETTh,64,42,100001,discriminative_score,42,0.06951219512195117,True,4096,cdc35aa47ea833d7d776683628a7cc1b1aac76f389b2775c001a5f99adfe98bf,ac3faeae757c8fc5a34dc51cd1fedfb3b40783a180484c7d864a5a63a6a09d8e,/path/to/Diffusion-TS/Utils/discriminative_metric.py,31.97063684463501,2
Diffusion-TS,ETTh,64,42,100001,discriminative_score,123,0.08963414634146338,True,4096,cdc35aa47ea833d7d776683628a7cc1b1aac76f389b2775c001a5f99adfe98bf,ac3faeae757c8fc5a34dc51cd1fedfb3b40783a180484c7d864a5a63a6a09d8e,/path/to/Diffusion-TS/Utils/discriminative_metric.py,31.660327672958374,1
Diffusion-TS,ETTh,64,42,100002,discriminative_score,0,0.10121951219512193,True,4096,cdc35aa47ea833d7d776683628a7cc1b1aac76f389b2775c001a5f99adfe98bf,194780308122a1abdfd1e214950563fc372fac3a877ad79cd48d3e2e315639f2,/path/to/Diffusion-TS/Utils/discriminative_metric.py,32.1362681388855,0
Diffusion-TS,ETTh,64,42,100002,discriminative_score,42,0.09573170731707314,True,4096,cdc35aa47ea833d7d776683628a7cc1b1aac76f389b2775c001a5f99adfe98bf,194780308122a1abdfd1e214950563fc372fac3a877ad79cd48d3e2e315639f2,/path/to/Diffusion-TS/Utils/discriminative_metric.py,32.01359963417053,2
Diffusion-TS,ETTh,64,42,100002,discriminative_score,123,0.09817073170731705,True,4096,cdc35aa47ea833d7d776683628a7cc1b1aac76f389b2775c001a5f99adfe98bf,194780308122a1abdfd1e214950563fc372fac3a877ad79cd48d3e2e315639f2,/path/to/Diffusion-TS/Utils/discriminative_metric.py,31.93800163269043,1
Diffusion-TS,ETTh,64,42,100003,discriminative_score,0,0.10609756097560974,True,4096,cdc35aa47ea833d7d776683628a7cc1b1aac76f389b2775c001a5f99adfe98bf,b16cfe65d2cf7a533855ac894a125638ac1f55a5650b1c49447c66d728c1e162,/path/to/Diffusion-TS/Utils/discriminative_metric.py,31.891673803329468,2
Diffusion-TS,ETTh,64,42,100003,discriminative_score,42,0.1121951219512195,True,4096,cdc35aa47ea833d7d776683628a7cc1b1aac76f389b2775c001a5f99adfe98bf,b16cfe65d2cf7a533855ac894a125638ac1f55a5650b1c49447c66d728c1e162,/path/to/Diffusion-TS/Utils/discriminative_metric.py,31.98505449295044,1
Diffusion-TS,ETTh,64,42,100003,discriminative_score,123,0.09512195121951217,True,4096,cdc35aa47ea833d7d776683628a7cc1b1aac76f389b2775c001a5f99adfe98bf,b16cfe65d2cf7a533855ac894a125638ac1f55a5650b1c49447c66d728c1e162,/path/to/Diffusion-TS/Utils/discriminative_metric.py,31.818185806274414,0
Diffusion-TS,ETTh,64,42,100004,discriminative_score,0,0.09817073170731705,True,4096,cdc35aa47ea833d7d776683628a7cc1b1aac76f389b2775c001a5f99adfe98bf,bb70f0bcaadf586897b4bceff87f348cb9a3061d56a7e84d8ee1d4f7b5393b10,/path/to/Diffusion-TS/Utils/discriminative_metric.py,32.26142477989197,0
Diffusion-TS,ETTh,64,42,100004,discriminative_score,42,0.08109756097560972,True,4096,cdc35aa47ea833d7d776683628a7cc1b1aac76f389b2775c001a5f99adfe98bf,bb70f0bcaadf586897b4bceff87f348cb9a3061d56a7e84d8ee1d4f7b5393b10,/path/to/Diffusion-TS/Utils/discriminative_metric.py,32.006338119506836,1
Diffusion-TS,ETTh,64,42,100004,discriminative_score,123,0.09634146341463412,True,4096,cdc35aa47ea833d7d776683628a7cc1b1aac76f389b2775c001a5f99adfe98bf,bb70f0bcaadf586897b4bceff87f348cb9a3061d56a7e84d8ee1d4f7b5393b10,/path/to/Diffusion-TS/Utils/discriminative_metric.py,32.03608727455139,2
Diffusion-TS,ETTh,64,123,100000,discriminative_score,0,0.08292682926829265,True,4096,cdc35aa47ea833d7d776683628a7cc1b1aac76f389b2775c001a5f99adfe98bf,43c63ec892a604987d5e5c26c1b2403da69e1f6c940c4adaec277bf38c522ed2,/path/to/Diffusion-TS/Utils/discriminative_metric.py,31.98093271255493,0
Diffusion-TS,ETTh,64,123,100000,discriminative_score,42,0.0865853658536585,True,4096,cdc35aa47ea833d7d776683628a7cc1b1aac76f389b2775c001a5f99adfe98bf,43c63ec892a604987d5e5c26c1b2403da69e1f6c940c4adaec277bf38c522ed2,/path/to/Diffusion-TS/Utils/discriminative_metric.py,31.993906021118164,2
Diffusion-TS,ETTh,64,123,100000,discriminative_score,123,0.1097560975609756,True,4096,cdc35aa47ea833d7d776683628a7cc1b1aac76f389b2775c001a5f99adfe98bf,43c63ec892a604987d5e5c26c1b2403da69e1f6c940c4adaec277bf38c522ed2,/path/to/Diffusion-TS/Utils/discriminative_metric.py,31.67864441871643,1
Diffusion-TS,ETTh,64,123,100001,discriminative_score,0,0.07560975609756093,True,4096,cdc35aa47ea833d7d776683628a7cc1b1aac76f389b2775c001a5f99adfe98bf,6d7656e0f4715333e2f11ae229fdb27ad7c24050cb04dca7d63bc4eb2f4dbf88,/path/to/Diffusion-TS/Utils/discriminative_metric.py,32.23983573913574,1
Diffusion-TS,ETTh,64,123,100001,discriminative_score,42,0.09146341463414631,True,4096,cdc35aa47ea833d7d776683628a7cc1b1aac76f389b2775c001a5f99adfe98bf,6d7656e0f4715333e2f11ae229fdb27ad7c24050cb04dca7d63bc4eb2f4dbf88,/path/to/Diffusion-TS/Utils/discriminative_metric.py,32.11560535430908,0
Diffusion-TS,ETTh,64,123,100001,discriminative_score,123,0.08841463414634143,True,4096,cdc35aa47ea833d7d776683628a7cc1b1aac76f389b2775c001a5f99adfe98bf,6d7656e0f4715333e2f11ae229fdb27ad7c24050cb04dca7d63bc4eb2f4dbf88,/path/to/Diffusion-TS/Utils/discriminative_metric.py,31.991424322128296,2
Diffusion-TS,ETTh,64,123,100002,discriminative_score,0,0.11402439024390243,True,4096,cdc35aa47ea833d7d776683628a7cc1b1aac76f389b2775c001a5f99adfe98bf,9ffc48afa9c07a01e30ce02b5bff5765c2d12d86ea89bbe9d0777713e17fa8cc,/path/to/Diffusion-TS/Utils/discriminative_metric.py,32.11319828033447,2
Diffusion-TS,ETTh,64,123,100002,discriminative_score,42,0.1097560975609756,True,4096,cdc35aa47ea833d7d776683628a7cc1b1aac76f389b2775c001a5f99adfe98bf,9ffc48afa9c07a01e30ce02b5bff5765c2d12d86ea89bbe9d0777713e17fa8cc,/path/to/Diffusion-TS/Utils/discriminative_metric.py,31.403191089630127,0
Diffusion-TS,ETTh,64,123,100002,discriminative_score,123,0.10609756097560974,True,4096,cdc35aa47ea833d7d776683628a7cc1b1aac76f389b2775c001a5f99adfe98bf,9ffc48afa9c07a01e30ce02b5bff5765c2d12d86ea89bbe9d0777713e17fa8cc,/path/to/Diffusion-TS/Utils/discriminative_metric.py,31.995500326156616,1
Diffusion-TS,ETTh,64,123,100003,discriminative_score,0,0.09573170731707314,True,4096,cdc35aa47ea833d7d776683628a7cc1b1aac76f389b2775c001a5f99adfe98bf,08775f3ddf0ec28ca362b00fba0c6a0403869fae405fb6e10ab58c3d9c38a66a,/path/to/Diffusion-TS/Utils/discriminative_metric.py,31.857316255569458,0
Diffusion-TS,ETTh,64,123,100003,discriminative_score,42,0.09999999999999998,True,4096,cdc35aa47ea833d7d776683628a7cc1b1aac76f389b2775c001a5f99adfe98bf,08775f3ddf0ec28ca362b00fba0c6a0403869fae405fb6e10ab58c3d9c38a66a,/path/to/Diffusion-TS/Utils/discriminative_metric.py,31.710953950881958,1
Diffusion-TS,ETTh,64,123,100003,discriminative_score,123,0.09756097560975607,True,4096,cdc35aa47ea833d7d776683628a7cc1b1aac76f389b2775c001a5f99adfe98bf,08775f3ddf0ec28ca362b00fba0c6a0403869fae405fb6e10ab58c3d9c38a66a,/path/to/Diffusion-TS/Utils/discriminative_metric.py,31.71947407722473,2
Diffusion-TS,ETTh,64,123,100004,discriminative_score,0,0.08353658536585362,True,4096,cdc35aa47ea833d7d776683628a7cc1b1aac76f389b2775c001a5f99adfe98bf,996e1e573a4de3915814a9347e560be7c7e72e9f67fb5106052fcd3a1ef0aec8,/path/to/Diffusion-TS/Utils/discriminative_metric.py,32.16681408882141,2
Diffusion-TS,ETTh,64,123,100004,discriminative_score,42,0.08780487804878045,True,4096,cdc35aa47ea833d7d776683628a7cc1b1aac76f389b2775c001a5f99adfe98bf,996e1e573a4de3915814a9347e560be7c7e72e9f67fb5106052fcd3a1ef0aec8,/path/to/Diffusion-TS/Utils/discriminative_metric.py,32.44081449508667,0
Diffusion-TS,ETTh,64,123,100004,discriminative_score,123,0.10914634146341462,True,4096,cdc35aa47ea833d7d776683628a7cc1b1aac76f389b2775c001a5f99adfe98bf,996e1e573a4de3915814a9347e560be7c7e72e9f67fb5106052fcd3a1ef0aec8,/path/to/Diffusion-TS/Utils/discriminative_metric.py,31.70532989501953,1
PETS-U,ETTh,64,0,100000,discriminative_score,0,0.16463414634146345,True,4096,cdc35aa47ea833d7d776683628a7cc1b1aac76f389b2775c001a5f99adfe98bf,9e3cb06d5dc84fe4facb699a45cd304b7338f26c2e5aed2a1d3e6aff7e7a9ddc,/path/to/Diffusion-TS/Utils/discriminative_metric.py,31.895689249038696,0
PETS-U,ETTh,64,0,100000,discriminative_score,42,0.15487804878048783,True,4096,cdc35aa47ea833d7d776683628a7cc1b1aac76f389b2775c001a5f99adfe98bf,9e3cb06d5dc84fe4facb699a45cd304b7338f26c2e5aed2a1d3e6aff7e7a9ddc,/path/to/Diffusion-TS/Utils/discriminative_metric.py,32.3362557888031,2
PETS-U,ETTh,64,0,100000,discriminative_score,123,0.14695121951219514,True,4096,cdc35aa47ea833d7d776683628a7cc1b1aac76f389b2775c001a5f99adfe98bf,9e3cb06d5dc84fe4facb699a45cd304b7338f26c2e5aed2a1d3e6aff7e7a9ddc,/path/to/Diffusion-TS/Utils/discriminative_metric.py,32.03693342208862,1
PETS-U,ETTh,64,0,100001,discriminative_score,0,0.1554878048780488,True,4096,cdc35aa47ea833d7d776683628a7cc1b1aac76f389b2775c001a5f99adfe98bf,52321555f1e81681fb2280559877adc8ec6a6bf5da86f47dbc93446f7ba3bc78,/path/to/Diffusion-TS/Utils/discriminative_metric.py,32.311683893203735,0
PETS-U,ETTh,64,0,100001,discriminative_score,42,0.14695121951219514,True,4096,cdc35aa47ea833d7d776683628a7cc1b1aac76f389b2775c001a5f99adfe98bf,52321555f1e81681fb2280559877adc8ec6a6bf5da86f47dbc93446f7ba3bc78,/path/to/Diffusion-TS/Utils/discriminative_metric.py,31.376198053359985,2
PETS-U,ETTh,64,0,100001,discriminative_score,123,0.1378048780487805,True,4096,cdc35aa47ea833d7d776683628a7cc1b1aac76f389b2775c001a5f99adfe98bf,52321555f1e81681fb2280559877adc8ec6a6bf5da86f47dbc93446f7ba3bc78,/path/to/Diffusion-TS/Utils/discriminative_metric.py,31.977957487106323,1
PETS-U,ETTh,64,0,100002,discriminative_score,0,0.1530487804878049,True,4096,cdc35aa47ea833d7d776683628a7cc1b1aac76f389b2775c001a5f99adfe98bf,8f07cc0d916598f648efb0646030e29d5003d9ab54691faa2b4f029d746583b0,/path/to/Diffusion-TS/Utils/discriminative_metric.py,31.956101655960083,1
PETS-U,ETTh,64,0,100002,discriminative_score,42,0.15487804878048783,True,4096,cdc35aa47ea833d7d776683628a7cc1b1aac76f389b2775c001a5f99adfe98bf,8f07cc0d916598f648efb0646030e29d5003d9ab54691faa2b4f029d746583b0,/path/to/Diffusion-TS/Utils/discriminative_metric.py,32.1298828125,0
PETS-U,ETTh,64,0,100002,discriminative_score,123,0.1426829268292683,True,4096,cdc35aa47ea833d7d776683628a7cc1b1aac76f389b2775c001a5f99adfe98bf,8f07cc0d916598f648efb0646030e29d5003d9ab54691faa2b4f029d746583b0,/path/to/Diffusion-TS/Utils/discriminative_metric.py,32.067593812942505,2
PETS-U,ETTh,64,0,100003,discriminative_score,0,0.1658536585365854,True,4096,cdc35aa47ea833d7d776683628a7cc1b1aac76f389b2775c001a5f99adfe98bf,8bebd96342406289aed8c53ac40b749be745ba45e92789fd8d836c43cf796d29,/path/to/Diffusion-TS/Utils/discriminative_metric.py,32.23570990562439,1
PETS-U,ETTh,64,0,100003,discriminative_score,42,0.16280487804878052,True,4096,cdc35aa47ea833d7d776683628a7cc1b1aac76f389b2775c001a5f99adfe98bf,8bebd96342406289aed8c53ac40b749be745ba45e92789fd8d836c43cf796d29,/path/to/Diffusion-TS/Utils/discriminative_metric.py,31.63628077507019,2
PETS-U,ETTh,64,0,100003,discriminative_score,123,0.1585365853658537,True,4096,cdc35aa47ea833d7d776683628a7cc1b1aac76f389b2775c001a5f99adfe98bf,8bebd96342406289aed8c53ac40b749be745ba45e92789fd8d836c43cf796d29,/path/to/Diffusion-TS/Utils/discriminative_metric.py,31.821155309677124,0
PETS-U,ETTh,64,0,100004,discriminative_score,0,0.15670731707317076,True,4096,cdc35aa47ea833d7d776683628a7cc1b1aac76f389b2775c001a5f99adfe98bf,2afabab467eea64405988d2bcd2f828cf83ff3672b866fc4ea38b8665c2baa58,/path/to/Diffusion-TS/Utils/discriminative_metric.py,32.11700654029846,1
PETS-U,ETTh,64,0,100004,discriminative_score,42,0.14878048780487807,True,4096,cdc35aa47ea833d7d776683628a7cc1b1aac76f389b2775c001a5f99adfe98bf,2afabab467eea64405988d2bcd2f828cf83ff3672b866fc4ea38b8665c2baa58,/path/to/Diffusion-TS/Utils/discriminative_metric.py,31.928765058517456,2
PETS-U,ETTh,64,0,100004,discriminative_score,123,0.13475609756097562,True,4096,cdc35aa47ea833d7d776683628a7cc1b1aac76f389b2775c001a5f99adfe98bf,2afabab467eea64405988d2bcd2f828cf83ff3672b866fc4ea38b8665c2baa58,/path/to/Diffusion-TS/Utils/discriminative_metric.py,31.775785207748413,0
PETS-U,ETTh,64,42,100000,discriminative_score,0,0.10243902439024388,True,4096,cdc35aa47ea833d7d776683628a7cc1b1aac76f389b2775c001a5f99adfe98bf,250db135e18a42a17009c0e3107173c1dab4ab25611052bd1f27b35dde127bae,/path/to/Diffusion-TS/Utils/discriminative_metric.py,31.80841827392578,2
PETS-U,ETTh,64,42,100000,discriminative_score,42,0.12621951219512195,True,4096,cdc35aa47ea833d7d776683628a7cc1b1aac76f389b2775c001a5f99adfe98bf,250db135e18a42a17009c0e3107173c1dab4ab25611052bd1f27b35dde127bae,/path/to/Diffusion-TS/Utils/discriminative_metric.py,31.701194763183594,1
PETS-U,ETTh,64,42,100000,discriminative_score,123,0.10304878048780486,True,4096,cdc35aa47ea833d7d776683628a7cc1b1aac76f389b2775c001a5f99adfe98bf,250db135e18a42a17009c0e3107173c1dab4ab25611052bd1f27b35dde127bae,/path/to/Diffusion-TS/Utils/discriminative_metric.py,31.690873622894287,0
PETS-U,ETTh,64,42,100001,discriminative_score,0,0.11707317073170731,True,4096,cdc35aa47ea833d7d776683628a7cc1b1aac76f389b2775c001a5f99adfe98bf,33f42df6dbaf5041491fabd7a128fb5236d895e3eae95e37ddec9988f12b6d04,/path/to/Diffusion-TS/Utils/discriminative_metric.py,31.655235290527344,0
PETS-U,ETTh,64,42,100001,discriminative_score,42,0.13963414634146343,True,4096,cdc35aa47ea833d7d776683628a7cc1b1aac76f389b2775c001a5f99adfe98bf,33f42df6dbaf5041491fabd7a128fb5236d895e3eae95e37ddec9988f12b6d04,/path/to/Diffusion-TS/Utils/discriminative_metric.py,31.71045970916748,1
PETS-U,ETTh,64,42,100001,discriminative_score,123,0.13963414634146343,True,4096,cdc35aa47ea833d7d776683628a7cc1b1aac76f389b2775c001a5f99adfe98bf,33f42df6dbaf5041491fabd7a128fb5236d895e3eae95e37ddec9988f12b6d04,/path/to/Diffusion-TS/Utils/discriminative_metric.py,32.039915323257446,2
PETS-U,ETTh,64,42,100002,discriminative_score,0,0.1378048780487805,True,4096,cdc35aa47ea833d7d776683628a7cc1b1aac76f389b2775c001a5f99adfe98bf,c7c1fbc153296c0e91bd8a32491f9736a7c9ec69870f4d8e78cfedfa674928e4,/path/to/Diffusion-TS/Utils/discriminative_metric.py,31.92095708847046,1
PETS-U,ETTh,64,42,100002,discriminative_score,42,0.1298780487804878,True,4096,cdc35aa47ea833d7d776683628a7cc1b1aac76f389b2775c001a5f99adfe98bf,c7c1fbc153296c0e91bd8a32491f9736a7c9ec69870f4d8e78cfedfa674928e4,/path/to/Diffusion-TS/Utils/discriminative_metric.py,31.909982442855835,0
PETS-U,ETTh,64,42,100002,discriminative_score,123,0.11768292682926829,True,4096,cdc35aa47ea833d7d776683628a7cc1b1aac76f389b2775c001a5f99adfe98bf,c7c1fbc153296c0e91bd8a32491f9736a7c9ec69870f4d8e78cfedfa674928e4,/path/to/Diffusion-TS/Utils/discriminative_metric.py,31.828176975250244,2
PETS-U,ETTh,64,42,100003,discriminative_score,0,0.09999999999999998,True,4096,cdc35aa47ea833d7d776683628a7cc1b1aac76f389b2775c001a5f99adfe98bf,9e7f9e91dbf798b79aef0e00dc988d8fbf0bcec808c7ec469c6eb42e7706b3ad,/path/to/Diffusion-TS/Utils/discriminative_metric.py,31.73383402824402,2
PETS-U,ETTh,64,42,100003,discriminative_score,42,0.10853658536585364,True,4096,cdc35aa47ea833d7d776683628a7cc1b1aac76f389b2775c001a5f99adfe98bf,9e7f9e91dbf798b79aef0e00dc988d8fbf0bcec808c7ec469c6eb42e7706b3ad,/path/to/Diffusion-TS/Utils/discriminative_metric.py,31.369109392166138,1
PETS-U,ETTh,64,42,100003,discriminative_score,123,0.11158536585365852,True,4096,cdc35aa47ea833d7d776683628a7cc1b1aac76f389b2775c001a5f99adfe98bf,9e7f9e91dbf798b79aef0e00dc988d8fbf0bcec808c7ec469c6eb42e7706b3ad,/path/to/Diffusion-TS/Utils/discriminative_metric.py,31.7951078414917,0
PETS-U,ETTh,64,42,100004,discriminative_score,0,0.10853658536585364,True,4096,cdc35aa47ea833d7d776683628a7cc1b1aac76f389b2775c001a5f99adfe98bf,7bde06cbd1da758d11003db66f76a46388619803b314ca622f0c4df543ff1c18,/path/to/Diffusion-TS/Utils/discriminative_metric.py,31.90601634979248,1
PETS-U,ETTh,64,42,100004,discriminative_score,42,0.10731707317073169,True,4096,cdc35aa47ea833d7d776683628a7cc1b1aac76f389b2775c001a5f99adfe98bf,7bde06cbd1da758d11003db66f76a46388619803b314ca622f0c4df543ff1c18,/path/to/Diffusion-TS/Utils/discriminative_metric.py,31.924560546875,0
PETS-U,ETTh,64,42,100004,discriminative_score,123,0.11341463414634145,True,4096,cdc35aa47ea833d7d776683628a7cc1b1aac76f389b2775c001a5f99adfe98bf,7bde06cbd1da758d11003db66f76a46388619803b314ca622f0c4df543ff1c18,/path/to/Diffusion-TS/Utils/discriminative_metric.py,31.844054698944092,2
PETS-U,ETTh,64,123,100000,discriminative_score,0,0.13719512195121952,True,4096,cdc35aa47ea833d7d776683628a7cc1b1aac76f389b2775c001a5f99adfe98bf,cde026425046538a1c44f34f09a042ec7c06428628f3e80c455c6c634ee2cf36,/path/to/Diffusion-TS/Utils/discriminative_metric.py,31.88224482536316,2
PETS-U,ETTh,64,123,100000,discriminative_score,42,0.1323170731707317,True,4096,cdc35aa47ea833d7d776683628a7cc1b1aac76f389b2775c001a5f99adfe98bf,cde026425046538a1c44f34f09a042ec7c06428628f3e80c455c6c634ee2cf36,/path/to/Diffusion-TS/Utils/discriminative_metric.py,31.917136907577515,0
PETS-U,ETTh,64,123,100000,discriminative_score,123,0.12195121951219512,True,4096,cdc35aa47ea833d7d776683628a7cc1b1aac76f389b2775c001a5f99adfe98bf,cde026425046538a1c44f34f09a042ec7c06428628f3e80c455c6c634ee2cf36,/path/to/Diffusion-TS/Utils/discriminative_metric.py,31.831298351287842,1
PETS-U,ETTh,64,123,100001,discriminative_score,0,0.14451219512195124,True,4096,cdc35aa47ea833d7d776683628a7cc1b1aac76f389b2775c001a5f99adfe98bf,57cdb5b069965f307c4988ad92a158e759d94c840b3e9acc4ec403253c276e73,/path/to/Diffusion-TS/Utils/discriminative_metric.py,31.796769857406616,0
PETS-U,ETTh,64,123,100001,discriminative_score,42,0.11036585365853657,True,4096,cdc35aa47ea833d7d776683628a7cc1b1aac76f389b2775c001a5f99adfe98bf,57cdb5b069965f307c4988ad92a158e759d94c840b3e9acc4ec403253c276e73,/path/to/Diffusion-TS/Utils/discriminative_metric.py,31.782995462417603,1
PETS-U,ETTh,64,123,100001,discriminative_score,123,0.12195121951219512,True,4096,cdc35aa47ea833d7d776683628a7cc1b1aac76f389b2775c001a5f99adfe98bf,57cdb5b069965f307c4988ad92a158e759d94c840b3e9acc4ec403253c276e73,/path/to/Diffusion-TS/Utils/discriminative_metric.py,31.748399257659912,2
PETS-U,ETTh,64,123,100002,discriminative_score,0,0.13353658536585367,True,4096,cdc35aa47ea833d7d776683628a7cc1b1aac76f389b2775c001a5f99adfe98bf,6d12b7de92f0b29521b5aed5ab771c9c5fa9658c04db89a9e8faa056dea9568e,/path/to/Diffusion-TS/Utils/discriminative_metric.py,31.94590997695923,0
PETS-U,ETTh,64,123,100002,discriminative_score,42,0.14756097560975612,True,4096,cdc35aa47ea833d7d776683628a7cc1b1aac76f389b2775c001a5f99adfe98bf,6d12b7de92f0b29521b5aed5ab771c9c5fa9658c04db89a9e8faa056dea9568e,/path/to/Diffusion-TS/Utils/discriminative_metric.py,31.775890827178955,2
PETS-U,ETTh,64,123,100002,discriminative_score,123,0.12804878048780488,True,4096,cdc35aa47ea833d7d776683628a7cc1b1aac76f389b2775c001a5f99adfe98bf,6d12b7de92f0b29521b5aed5ab771c9c5fa9658c04db89a9e8faa056dea9568e,/path/to/Diffusion-TS/Utils/discriminative_metric.py,31.815856218338013,1
PETS-U,ETTh,64,123,100003,discriminative_score,0,0.13902439024390245,True,4096,cdc35aa47ea833d7d776683628a7cc1b1aac76f389b2775c001a5f99adfe98bf,6e7a7e8129ef44c836564b08c0c604056744e06539688442edb1d2578212ebe1,/path/to/Diffusion-TS/Utils/discriminative_metric.py,31.775033473968506,0
PETS-U,ETTh,64,123,100003,discriminative_score,42,0.13841463414634148,True,4096,cdc35aa47ea833d7d776683628a7cc1b1aac76f389b2775c001a5f99adfe98bf,6e7a7e8129ef44c836564b08c0c604056744e06539688442edb1d2578212ebe1,/path/to/Diffusion-TS/Utils/discriminative_metric.py,32.002041816711426,2
PETS-U,ETTh,64,123,100003,discriminative_score,123,0.11890243902439024,True,4096,cdc35aa47ea833d7d776683628a7cc1b1aac76f389b2775c001a5f99adfe98bf,6e7a7e8129ef44c836564b08c0c604056744e06539688442edb1d2578212ebe1,/path/to/Diffusion-TS/Utils/discriminative_metric.py,31.793465852737427,1
PETS-U,ETTh,64,123,100004,discriminative_score,0,0.1426829268292683,True,4096,cdc35aa47ea833d7d776683628a7cc1b1aac76f389b2775c001a5f99adfe98bf,c6f8b71aa8385642228a5bb79a70773d47ad2bf818704a46c71fa9c38b3cd34f,/path/to/Diffusion-TS/Utils/discriminative_metric.py,31.806584358215332,2
PETS-U,ETTh,64,123,100004,discriminative_score,42,0.12926829268292683,True,4096,cdc35aa47ea833d7d776683628a7cc1b1aac76f389b2775c001a5f99adfe98bf,c6f8b71aa8385642228a5bb79a70773d47ad2bf818704a46c71fa9c38b3cd34f,/path/to/Diffusion-TS/Utils/discriminative_metric.py,32.00390315055847,1
PETS-U,ETTh,64,123,100004,discriminative_score,123,0.13353658536585367,True,4096,cdc35aa47ea833d7d776683628a7cc1b1aac76f389b2775c001a5f99adfe98bf,c6f8b71aa8385642228a5bb79a70773d47ad2bf818704a46c71fa9c38b3cd34f,/path/to/Diffusion-TS/Utils/discriminative_metric.py,31.788445472717285,0
Diffusion-TS,ETTh,128,0,100000,discriminative_score,0,0.099390243902439,True,4096,7738f737c4dfcedd618d7ad6f490ed21d761bacb5f690c68e54a6607f5d6e950,ab5c9e395c225d409e241c3abbf5c3412a989cafc3d3b1ebfcf4af9412d35c12,/path/to/Diffusion-TS/Utils/discriminative_metric.py,59.070382595062256,1
Diffusion-TS,ETTh,128,0,100000,discriminative_score,42,0.10853658536585364,True,4096,7738f737c4dfcedd618d7ad6f490ed21d761bacb5f690c68e54a6607f5d6e950,ab5c9e395c225d409e241c3abbf5c3412a989cafc3d3b1ebfcf4af9412d35c12,/path/to/Diffusion-TS/Utils/discriminative_metric.py,58.82611346244812,0
Diffusion-TS,ETTh,128,0,100000,discriminative_score,123,0.11890243902439024,True,4096,7738f737c4dfcedd618d7ad6f490ed21d761bacb5f690c68e54a6607f5d6e950,ab5c9e395c225d409e241c3abbf5c3412a989cafc3d3b1ebfcf4af9412d35c12,/path/to/Diffusion-TS/Utils/discriminative_metric.py,59.00360417366028,2
Diffusion-TS,ETTh,128,0,100001,discriminative_score,0,0.10670731707317072,True,4096,7738f737c4dfcedd618d7ad6f490ed21d761bacb5f690c68e54a6607f5d6e950,bba198a07dc98acb4e063e899b4859086701ff661999f25bf550d8dab49e6b48,/path/to/Diffusion-TS/Utils/discriminative_metric.py,58.57884168624878,1
Diffusion-TS,ETTh,128,0,100001,discriminative_score,42,0.13597560975609757,True,4096,7738f737c4dfcedd618d7ad6f490ed21d761bacb5f690c68e54a6607f5d6e950,bba198a07dc98acb4e063e899b4859086701ff661999f25bf550d8dab49e6b48,/path/to/Diffusion-TS/Utils/discriminative_metric.py,59.38346004486084,0
Diffusion-TS,ETTh,128,0,100001,discriminative_score,123,0.10426829268292681,True,4096,7738f737c4dfcedd618d7ad6f490ed21d761bacb5f690c68e54a6607f5d6e950,bba198a07dc98acb4e063e899b4859086701ff661999f25bf550d8dab49e6b48,/path/to/Diffusion-TS/Utils/discriminative_metric.py,59.301302909851074,2
Diffusion-TS,ETTh,128,0,100002,discriminative_score,0,0.1274390243902439,True,4096,7738f737c4dfcedd618d7ad6f490ed21d761bacb5f690c68e54a6607f5d6e950,f304c3fed2322f42a64d1c739e43188472acd3849576d995467609b6a418b7cf,/path/to/Diffusion-TS/Utils/discriminative_metric.py,58.733070850372314,0
Diffusion-TS,ETTh,128,0,100002,discriminative_score,42,0.1378048780487805,True,4096,7738f737c4dfcedd618d7ad6f490ed21d761bacb5f690c68e54a6607f5d6e950,f304c3fed2322f42a64d1c739e43188472acd3849576d995467609b6a418b7cf,/path/to/Diffusion-TS/Utils/discriminative_metric.py,58.82473349571228,2
Diffusion-TS,ETTh,128,0,100002,discriminative_score,123,0.11829268292682926,True,4096,7738f737c4dfcedd618d7ad6f490ed21d761bacb5f690c68e54a6607f5d6e950,f304c3fed2322f42a64d1c739e43188472acd3849576d995467609b6a418b7cf,/path/to/Diffusion-TS/Utils/discriminative_metric.py,59.04708218574524,1
Diffusion-TS,ETTh,128,0,100003,discriminative_score,0,0.11646341463414633,True,4096,7738f737c4dfcedd618d7ad6f490ed21d761bacb5f690c68e54a6607f5d6e950,2366bb7da844ed68dbde19414f23053e04b1223050f7437363db5b8a207a4670,/path/to/Diffusion-TS/Utils/discriminative_metric.py,59.48238730430603,0
Diffusion-TS,ETTh,128,0,100003,discriminative_score,42,0.14390243902439026,True,4096,7738f737c4dfcedd618d7ad6f490ed21d761bacb5f690c68e54a6607f5d6e950,2366bb7da844ed68dbde19414f23053e04b1223050f7437363db5b8a207a4670,/path/to/Diffusion-TS/Utils/discriminative_metric.py,58.57629156112671,1
Diffusion-TS,ETTh,128,0,100003,discriminative_score,123,0.12073170731707317,True,4096,7738f737c4dfcedd618d7ad6f490ed21d761bacb5f690c68e54a6607f5d6e950,2366bb7da844ed68dbde19414f23053e04b1223050f7437363db5b8a207a4670,/path/to/Diffusion-TS/Utils/discriminative_metric.py,58.902862787246704,2
Diffusion-TS,ETTh,128,0,100004,discriminative_score,0,0.09146341463414631,True,4096,7738f737c4dfcedd618d7ad6f490ed21d761bacb5f690c68e54a6607f5d6e950,58ac6803b1d66c2fd000d48fd7e18e595bfff5c99bdf7e40c902ac1a66a772c3,/path/to/Diffusion-TS/Utils/discriminative_metric.py,58.99856495857239,2
Diffusion-TS,ETTh,128,0,100004,discriminative_score,42,0.11951219512195121,True,4096,7738f737c4dfcedd618d7ad6f490ed21d761bacb5f690c68e54a6607f5d6e950,58ac6803b1d66c2fd000d48fd7e18e595bfff5c99bdf7e40c902ac1a66a772c3,/path/to/Diffusion-TS/Utils/discriminative_metric.py,59.06863808631897,0
Diffusion-TS,ETTh,128,0,100004,discriminative_score,123,0.09451219512195119,True,4096,7738f737c4dfcedd618d7ad6f490ed21d761bacb5f690c68e54a6607f5d6e950,58ac6803b1d66c2fd000d48fd7e18e595bfff5c99bdf7e40c902ac1a66a772c3,/path/to/Diffusion-TS/Utils/discriminative_metric.py,58.34511971473694,1
Diffusion-TS,ETTh,128,42,100000,discriminative_score,0,0.13353658536585367,True,4096,7738f737c4dfcedd618d7ad6f490ed21d761bacb5f690c68e54a6607f5d6e950,03b6263cd9bff475cd6347d4af11551df538ac9db3248747f4cbb827f189996d,/path/to/Diffusion-TS/Utils/discriminative_metric.py,58.824443340301514,0
Diffusion-TS,ETTh,128,42,100000,discriminative_score,42,0.13719512195121952,True,4096,7738f737c4dfcedd618d7ad6f490ed21d761bacb5f690c68e54a6607f5d6e950,03b6263cd9bff475cd6347d4af11551df538ac9db3248747f4cbb827f189996d,/path/to/Diffusion-TS/Utils/discriminative_metric.py,59.45903825759888,2
Diffusion-TS,ETTh,128,42,100000,discriminative_score,123,0.1121951219512195,True,4096,7738f737c4dfcedd618d7ad6f490ed21d761bacb5f690c68e54a6607f5d6e950,03b6263cd9bff475cd6347d4af11551df538ac9db3248747f4cbb827f189996d,/path/to/Diffusion-TS/Utils/discriminative_metric.py,59.052207469940186,1
Diffusion-TS,ETTh,128,42,100001,discriminative_score,0,0.1329268292682927,True,4096,7738f737c4dfcedd618d7ad6f490ed21d761bacb5f690c68e54a6607f5d6e950,5dfca3affb007219052b9280332995d1e4ce4ecb12216cb6fb0c39025aeeffb8,/path/to/Diffusion-TS/Utils/discriminative_metric.py,58.39037752151489,0
Diffusion-TS,ETTh,128,42,100001,discriminative_score,42,0.13963414634146343,True,4096,7738f737c4dfcedd618d7ad6f490ed21d761bacb5f690c68e54a6607f5d6e950,5dfca3affb007219052b9280332995d1e4ce4ecb12216cb6fb0c39025aeeffb8,/path/to/Diffusion-TS/Utils/discriminative_metric.py,58.588906049728394,1
Diffusion-TS,ETTh,128,42,100001,discriminative_score,123,0.11524390243902438,True,4096,7738f737c4dfcedd618d7ad6f490ed21d761bacb5f690c68e54a6607f5d6e950,5dfca3affb007219052b9280332995d1e4ce4ecb12216cb6fb0c39025aeeffb8,/path/to/Diffusion-TS/Utils/discriminative_metric.py,58.365410566329956,2
Diffusion-TS,ETTh,128,42,100002,discriminative_score,0,0.1323170731707317,True,4096,7738f737c4dfcedd618d7ad6f490ed21d761bacb5f690c68e54a6607f5d6e950,226594936ffb32e1bc2656906bf6bc0542d4fe8ed7b5211b36ff27fffc2a3978,/path/to/Diffusion-TS/Utils/discriminative_metric.py,58.9976441860199,0
Diffusion-TS,ETTh,128,42,100002,discriminative_score,42,0.14146341463414636,True,4096,7738f737c4dfcedd618d7ad6f490ed21d761bacb5f690c68e54a6607f5d6e950,226594936ffb32e1bc2656906bf6bc0542d4fe8ed7b5211b36ff27fffc2a3978,/path/to/Diffusion-TS/Utils/discriminative_metric.py,58.68813633918762,1
Diffusion-TS,ETTh,128,42,100002,discriminative_score,123,0.1146341463414634,True,4096,7738f737c4dfcedd618d7ad6f490ed21d761bacb5f690c68e54a6607f5d6e950,226594936ffb32e1bc2656906bf6bc0542d4fe8ed7b5211b36ff27fffc2a3978,/path/to/Diffusion-TS/Utils/discriminative_metric.py,58.675442934036255,2
Diffusion-TS,ETTh,128,42,100003,discriminative_score,0,0.14878048780487807,True,4096,7738f737c4dfcedd618d7ad6f490ed21d761bacb5f690c68e54a6607f5d6e950,8c683060efe05505e2d9ef1eedfca5856651509fa8c1a46114cfae42661315b4,/path/to/Diffusion-TS/Utils/discriminative_metric.py,59.04644846916199,2
Diffusion-TS,ETTh,128,42,100003,discriminative_score,42,0.12621951219512195,True,4096,7738f737c4dfcedd618d7ad6f490ed21d761bacb5f690c68e54a6607f5d6e950,8c683060efe05505e2d9ef1eedfca5856651509fa8c1a46114cfae42661315b4,/path/to/Diffusion-TS/Utils/discriminative_metric.py,58.965572118759155,0
Diffusion-TS,ETTh,128,42,100003,discriminative_score,123,0.1353658536585366,True,4096,7738f737c4dfcedd618d7ad6f490ed21d761bacb5f690c68e54a6607f5d6e950,8c683060efe05505e2d9ef1eedfca5856651509fa8c1a46114cfae42661315b4,/path/to/Diffusion-TS/Utils/discriminative_metric.py,59.19560933113098,1
Diffusion-TS,ETTh,128,42,100004,discriminative_score,0,0.12926829268292683,True,4096,7738f737c4dfcedd618d7ad6f490ed21d761bacb5f690c68e54a6607f5d6e950,c2b305421e12cd4645819258d301f0f6812abcfe3ed1a014dfcece7c8931c1b1,/path/to/Diffusion-TS/Utils/discriminative_metric.py,58.480592489242554,0
Diffusion-TS,ETTh,128,42,100004,discriminative_score,42,0.13170731707317074,True,4096,7738f737c4dfcedd618d7ad6f490ed21d761bacb5f690c68e54a6607f5d6e950,c2b305421e12cd4645819258d301f0f6812abcfe3ed1a014dfcece7c8931c1b1,/path/to/Diffusion-TS/Utils/discriminative_metric.py,59.2151460647583,1
Diffusion-TS,ETTh,128,42,100004,discriminative_score,123,0.1353658536585366,True,4096,7738f737c4dfcedd618d7ad6f490ed21d761bacb5f690c68e54a6607f5d6e950,c2b305421e12cd4645819258d301f0f6812abcfe3ed1a014dfcece7c8931c1b1,/path/to/Diffusion-TS/Utils/discriminative_metric.py,59.45676302909851,2
Diffusion-TS,ETTh,128,123,100000,discriminative_score,0,0.19817073170731703,True,4096,7738f737c4dfcedd618d7ad6f490ed21d761bacb5f690c68e54a6607f5d6e950,6ff369d03097b914bb1ae29739d80bc1443d6f67a9c56dde28a7c78aad6f2ce0,/path/to/Diffusion-TS/Utils/discriminative_metric.py,59.64311194419861,1
Diffusion-TS,ETTh,128,123,100000,discriminative_score,42,0.2042682926829268,True,4096,7738f737c4dfcedd618d7ad6f490ed21d761bacb5f690c68e54a6607f5d6e950,6ff369d03097b914bb1ae29739d80bc1443d6f67a9c56dde28a7c78aad6f2ce0,/path/to/Diffusion-TS/Utils/discriminative_metric.py,59.45344805717468,0
Diffusion-TS,ETTh,128,123,100000,discriminative_score,123,0.18597560975609762,True,4096,7738f737c4dfcedd618d7ad6f490ed21d761bacb5f690c68e54a6607f5d6e950,6ff369d03097b914bb1ae29739d80bc1443d6f67a9c56dde28a7c78aad6f2ce0,/path/to/Diffusion-TS/Utils/discriminative_metric.py,59.38012146949768,2
Diffusion-TS,ETTh,128,123,100001,discriminative_score,0,0.19329268292682922,True,4096,7738f737c4dfcedd618d7ad6f490ed21d761bacb5f690c68e54a6607f5d6e950,e9cfca1fa3e509a130741df1c1c2a3680ceef3541732fc931626cefa0b1ea4eb,/path/to/Diffusion-TS/Utils/discriminative_metric.py,59.222153425216675,1
Diffusion-TS,ETTh,128,123,100001,discriminative_score,42,0.20609756097560972,True,4096,7738f737c4dfcedd618d7ad6f490ed21d761bacb5f690c68e54a6607f5d6e950,e9cfca1fa3e509a130741df1c1c2a3680ceef3541732fc931626cefa0b1ea4eb,/path/to/Diffusion-TS/Utils/discriminative_metric.py,59.678117990493774,0
Diffusion-TS,ETTh,128,123,100001,discriminative_score,123,0.19268292682926824,True,4096,7738f737c4dfcedd618d7ad6f490ed21d761bacb5f690c68e54a6607f5d6e950,e9cfca1fa3e509a130741df1c1c2a3680ceef3541732fc931626cefa0b1ea4eb,/path/to/Diffusion-TS/Utils/discriminative_metric.py,58.90691041946411,2
Diffusion-TS,ETTh,128,123,100002,discriminative_score,0,0.19999999999999996,True,4096,7738f737c4dfcedd618d7ad6f490ed21d761bacb5f690c68e54a6607f5d6e950,336dbe001ff375aa92438482071872b17508d7da41129d663c445b96dad6ebb5,/path/to/Diffusion-TS/Utils/discriminative_metric.py,59.926971197128296,0
Diffusion-TS,ETTh,128,123,100002,discriminative_score,42,0.19695121951219507,True,4096,7738f737c4dfcedd618d7ad6f490ed21d761bacb5f690c68e54a6607f5d6e950,336dbe001ff375aa92438482071872b17508d7da41129d663c445b96dad6ebb5,/path/to/Diffusion-TS/Utils/discriminative_metric.py,59.76486778259277,2
Diffusion-TS,ETTh,128,123,100002,discriminative_score,123,0.20243902439024386,True,4096,7738f737c4dfcedd618d7ad6f490ed21d761bacb5f690c68e54a6607f5d6e950,336dbe001ff375aa92438482071872b17508d7da41129d663c445b96dad6ebb5,/path/to/Diffusion-TS/Utils/discriminative_metric.py,58.96476483345032,1
Diffusion-TS,ETTh,128,123,100003,discriminative_score,0,0.19207317073170727,True,4096,7738f737c4dfcedd618d7ad6f490ed21d761bacb5f690c68e54a6607f5d6e950,cb22e8809755d754ce853172080bd96938a60d0c7e8a73636838ad52521032e3,/path/to/Diffusion-TS/Utils/discriminative_metric.py,58.72130632400513,1
Diffusion-TS,ETTh,128,123,100003,discriminative_score,42,0.224390243902439,True,4096,7738f737c4dfcedd618d7ad6f490ed21d761bacb5f690c68e54a6607f5d6e950,cb22e8809755d754ce853172080bd96938a60d0c7e8a73636838ad52521032e3,/path/to/Diffusion-TS/Utils/discriminative_metric.py,59.891093254089355,2
Diffusion-TS,ETTh,128,123,100003,discriminative_score,123,0.20182926829268288,True,4096,7738f737c4dfcedd618d7ad6f490ed21d761bacb5f690c68e54a6607f5d6e950,cb22e8809755d754ce853172080bd96938a60d0c7e8a73636838ad52521032e3,/path/to/Diffusion-TS/Utils/discriminative_metric.py,59.5334107875824,0
Diffusion-TS,ETTh,128,123,100004,discriminative_score,0,0.19268292682926824,True,4096,7738f737c4dfcedd618d7ad6f490ed21d761bacb5f690c68e54a6607f5d6e950,a3307ef9c364c43366b573744d7f0ff69055cf71b2437329dc9ef332cf2ecc72,/path/to/Diffusion-TS/Utils/discriminative_metric.py,59.410173654556274,2
Diffusion-TS,ETTh,128,123,100004,discriminative_score,42,0.21585365853658534,True,4096,7738f737c4dfcedd618d7ad6f490ed21d761bacb5f690c68e54a6607f5d6e950,a3307ef9c364c43366b573744d7f0ff69055cf71b2437329dc9ef332cf2ecc72,/path/to/Diffusion-TS/Utils/discriminative_metric.py,59.716736793518066,1
Diffusion-TS,ETTh,128,123,100004,discriminative_score,123,0.19695121951219507,True,4096,7738f737c4dfcedd618d7ad6f490ed21d761bacb5f690c68e54a6607f5d6e950,a3307ef9c364c43366b573744d7f0ff69055cf71b2437329dc9ef332cf2ecc72,/path/to/Diffusion-TS/Utils/discriminative_metric.py,59.19061613082886,0
PETS-U,ETTh,128,0,100000,discriminative_score,0,0.11707317073170731,True,4096,7738f737c4dfcedd618d7ad6f490ed21d761bacb5f690c68e54a6607f5d6e950,699cbba29bdeee448c5f4515d6cc0ff4519aa91689187704c56b2e18a80e82f9,/path/to/Diffusion-TS/Utils/discriminative_metric.py,58.9893913269043,2
PETS-U,ETTh,128,0,100000,discriminative_score,42,0.14756097560975612,True,4096,7738f737c4dfcedd618d7ad6f490ed21d761bacb5f690c68e54a6607f5d6e950,699cbba29bdeee448c5f4515d6cc0ff4519aa91689187704c56b2e18a80e82f9,/path/to/Diffusion-TS/Utils/discriminative_metric.py,58.941529989242554,1
PETS-U,ETTh,128,0,100000,discriminative_score,123,0.1378048780487805,True,4096,7738f737c4dfcedd618d7ad6f490ed21d761bacb5f690c68e54a6607f5d6e950,699cbba29bdeee448c5f4515d6cc0ff4519aa91689187704c56b2e18a80e82f9,/path/to/Diffusion-TS/Utils/discriminative_metric.py,58.58211064338684,0
PETS-U,ETTh,128,0,100001,discriminative_score,0,0.14146341463414636,True,4096,7738f737c4dfcedd618d7ad6f490ed21d761bacb5f690c68e54a6607f5d6e950,e2aa36c497d214be6e093a7b32d5a946d11930fae2b4733684184f5c05b7d91e,/path/to/Diffusion-TS/Utils/discriminative_metric.py,58.80438470840454,0
PETS-U,ETTh,128,0,100001,discriminative_score,42,0.15365853658536588,True,4096,7738f737c4dfcedd618d7ad6f490ed21d761bacb5f690c68e54a6607f5d6e950,e2aa36c497d214be6e093a7b32d5a946d11930fae2b4733684184f5c05b7d91e,/path/to/Diffusion-TS/Utils/discriminative_metric.py,58.61292815208435,2
PETS-U,ETTh,128,0,100001,discriminative_score,123,0.12621951219512195,True,4096,7738f737c4dfcedd618d7ad6f490ed21d761bacb5f690c68e54a6607f5d6e950,e2aa36c497d214be6e093a7b32d5a946d11930fae2b4733684184f5c05b7d91e,/path/to/Diffusion-TS/Utils/discriminative_metric.py,58.88452696800232,1
PETS-U,ETTh,128,0,100002,discriminative_score,0,0.14634146341463417,True,4096,7738f737c4dfcedd618d7ad6f490ed21d761bacb5f690c68e54a6607f5d6e950,733b6aeeffe18c52fd204a532a8b3977a3008a474e676c37bb8016ea80c68db3,/path/to/Diffusion-TS/Utils/discriminative_metric.py,58.461193799972534,0
PETS-U,ETTh,128,0,100002,discriminative_score,42,0.1426829268292683,True,4096,7738f737c4dfcedd618d7ad6f490ed21d761bacb5f690c68e54a6607f5d6e950,733b6aeeffe18c52fd204a532a8b3977a3008a474e676c37bb8016ea80c68db3,/path/to/Diffusion-TS/Utils/discriminative_metric.py,58.62500333786011,2
PETS-U,ETTh,128,0,100002,discriminative_score,123,0.13475609756097562,True,4096,7738f737c4dfcedd618d7ad6f490ed21d761bacb5f690c68e54a6607f5d6e950,733b6aeeffe18c52fd204a532a8b3977a3008a474e676c37bb8016ea80c68db3,/path/to/Diffusion-TS/Utils/discriminative_metric.py,58.65844964981079,1
PETS-U,ETTh,128,0,100003,discriminative_score,0,0.14756097560975612,True,4096,7738f737c4dfcedd618d7ad6f490ed21d761bacb5f690c68e54a6607f5d6e950,7c1ed7e1cf73415f21a2a7f3e0e74cc9e20b6488e45467df44a412a53af42e16,/path/to/Diffusion-TS/Utils/discriminative_metric.py,58.78876733779907,0
PETS-U,ETTh,128,0,100003,discriminative_score,42,0.1609756097560976,True,4096,7738f737c4dfcedd618d7ad6f490ed21d761bacb5f690c68e54a6607f5d6e950,7c1ed7e1cf73415f21a2a7f3e0e74cc9e20b6488e45467df44a412a53af42e16,/path/to/Diffusion-TS/Utils/discriminative_metric.py,58.95437741279602,2
PETS-U,ETTh,128,0,100003,discriminative_score,123,0.15609756097560978,True,4096,7738f737c4dfcedd618d7ad6f490ed21d761bacb5f690c68e54a6607f5d6e950,7c1ed7e1cf73415f21a2a7f3e0e74cc9e20b6488e45467df44a412a53af42e16,/path/to/Diffusion-TS/Utils/discriminative_metric.py,58.4917094707489,1
PETS-U,ETTh,128,0,100004,discriminative_score,0,0.16158536585365857,True,4096,7738f737c4dfcedd618d7ad6f490ed21d761bacb5f690c68e54a6607f5d6e950,61c11a5265bcaf09280d58a44359d136ca0c2d6c284c38e9c86392434cb8bf62,/path/to/Diffusion-TS/Utils/discriminative_metric.py,58.579978704452515,2
PETS-U,ETTh,128,0,100004,discriminative_score,42,0.15731707317073174,True,4096,7738f737c4dfcedd618d7ad6f490ed21d761bacb5f690c68e54a6607f5d6e950,61c11a5265bcaf09280d58a44359d136ca0c2d6c284c38e9c86392434cb8bf62,/path/to/Diffusion-TS/Utils/discriminative_metric.py,59.186304807662964,1
PETS-U,ETTh,128,0,100004,discriminative_score,123,0.11707317073170731,True,4096,7738f737c4dfcedd618d7ad6f490ed21d761bacb5f690c68e54a6607f5d6e950,61c11a5265bcaf09280d58a44359d136ca0c2d6c284c38e9c86392434cb8bf62,/path/to/Diffusion-TS/Utils/discriminative_metric.py,58.531310081481934,0
PETS-U,ETTh,128,42,100000,discriminative_score,0,0.15365853658536588,True,4096,7738f737c4dfcedd618d7ad6f490ed21d761bacb5f690c68e54a6607f5d6e950,6369962dad56e115ae09de42dfbc6d377a79835f3c9abd8dee9f9cba3c9e3dd9,/path/to/Diffusion-TS/Utils/discriminative_metric.py,58.898035526275635,1
PETS-U,ETTh,128,42,100000,discriminative_score,42,0.17256097560975614,True,4096,7738f737c4dfcedd618d7ad6f490ed21d761bacb5f690c68e54a6607f5d6e950,6369962dad56e115ae09de42dfbc6d377a79835f3c9abd8dee9f9cba3c9e3dd9,/path/to/Diffusion-TS/Utils/discriminative_metric.py,58.76638317108154,2
PETS-U,ETTh,128,42,100000,discriminative_score,123,0.14695121951219514,True,4096,7738f737c4dfcedd618d7ad6f490ed21d761bacb5f690c68e54a6607f5d6e950,6369962dad56e115ae09de42dfbc6d377a79835f3c9abd8dee9f9cba3c9e3dd9,/path/to/Diffusion-TS/Utils/discriminative_metric.py,58.62251091003418,0
PETS-U,ETTh,128,42,100001,discriminative_score,0,0.13475609756097562,True,4096,7738f737c4dfcedd618d7ad6f490ed21d761bacb5f690c68e54a6607f5d6e950,090e388bee3d0c48937e36dd612d36694740abc0012c5061a5b6503da5d284ae,/path/to/Diffusion-TS/Utils/discriminative_metric.py,59.19389891624451,1
PETS-U,ETTh,128,42,100001,discriminative_score,42,0.14756097560975612,True,4096,7738f737c4dfcedd618d7ad6f490ed21d761bacb5f690c68e54a6607f5d6e950,090e388bee3d0c48937e36dd612d36694740abc0012c5061a5b6503da5d284ae,/path/to/Diffusion-TS/Utils/discriminative_metric.py,59.238731384277344,0
PETS-U,ETTh,128,42,100001,discriminative_score,123,0.14329268292682928,True,4096,7738f737c4dfcedd618d7ad6f490ed21d761bacb5f690c68e54a6607f5d6e950,090e388bee3d0c48937e36dd612d36694740abc0012c5061a5b6503da5d284ae,/path/to/Diffusion-TS/Utils/discriminative_metric.py,57.944533348083496,2
PETS-U,ETTh,128,42,100002,discriminative_score,0,0.15182926829268295,True,4096,7738f737c4dfcedd618d7ad6f490ed21d761bacb5f690c68e54a6607f5d6e950,943e6b139e3174c55444891ee93f16dd5fd597fbc2fbb0bd3b242b0289718d87,/path/to/Diffusion-TS/Utils/discriminative_metric.py,58.46451115608215,2
PETS-U,ETTh,128,42,100002,discriminative_score,42,0.15609756097560978,True,4096,7738f737c4dfcedd618d7ad6f490ed21d761bacb5f690c68e54a6607f5d6e950,943e6b139e3174c55444891ee93f16dd5fd597fbc2fbb0bd3b242b0289718d87,/path/to/Diffusion-TS/Utils/discriminative_metric.py,58.54778718948364,0
PETS-U,ETTh,128,42,100002,discriminative_score,123,0.15243902439024393,True,4096,7738f737c4dfcedd618d7ad6f490ed21d761bacb5f690c68e54a6607f5d6e950,943e6b139e3174c55444891ee93f16dd5fd597fbc2fbb0bd3b242b0289718d87,/path/to/Diffusion-TS/Utils/discriminative_metric.py,58.34686255455017,1
PETS-U,ETTh,128,42,100003,discriminative_score,0,0.14878048780487807,True,4096,7738f737c4dfcedd618d7ad6f490ed21d761bacb5f690c68e54a6607f5d6e950,aad2e3d923005c4f1ec96f9e72ba37854413fa73eaf1d82d589848e527d05c0a,/path/to/Diffusion-TS/Utils/discriminative_metric.py,59.008556604385376,2
PETS-U,ETTh,128,42,100003,discriminative_score,42,0.13719512195121952,True,4096,7738f737c4dfcedd618d7ad6f490ed21d761bacb5f690c68e54a6607f5d6e950,aad2e3d923005c4f1ec96f9e72ba37854413fa73eaf1d82d589848e527d05c0a,/path/to/Diffusion-TS/Utils/discriminative_metric.py,59.31210517883301,0
PETS-U,ETTh,128,42,100003,discriminative_score,123,0.14451219512195124,True,4096,7738f737c4dfcedd618d7ad6f490ed21d761bacb5f690c68e54a6607f5d6e950,aad2e3d923005c4f1ec96f9e72ba37854413fa73eaf1d82d589848e527d05c0a,/path/to/Diffusion-TS/Utils/discriminative_metric.py,58.93238186836243,1
PETS-U,ETTh,128,42,100004,discriminative_score,0,0.16768292682926833,True,4096,7738f737c4dfcedd618d7ad6f490ed21d761bacb5f690c68e54a6607f5d6e950,52781f8fc67c907a03da955112f0d28fcfc57b5cf2eddf0a649465d526f36fa9,/path/to/Diffusion-TS/Utils/discriminative_metric.py,58.87002229690552,1
PETS-U,ETTh,128,42,100004,discriminative_score,42,0.16036585365853662,True,4096,7738f737c4dfcedd618d7ad6f490ed21d761bacb5f690c68e54a6607f5d6e950,52781f8fc67c907a03da955112f0d28fcfc57b5cf2eddf0a649465d526f36fa9,/path/to/Diffusion-TS/Utils/discriminative_metric.py,59.01861381530762,0
PETS-U,ETTh,128,42,100004,discriminative_score,123,0.150609756097561,True,4096,7738f737c4dfcedd618d7ad6f490ed21d761bacb5f690c68e54a6607f5d6e950,52781f8fc67c907a03da955112f0d28fcfc57b5cf2eddf0a649465d526f36fa9,/path/to/Diffusion-TS/Utils/discriminative_metric.py,58.622188091278076,2
PETS-U,ETTh,128,123,100000,discriminative_score,0,0.16951219512195126,True,4096,7738f737c4dfcedd618d7ad6f490ed21d761bacb5f690c68e54a6607f5d6e950,2b1bb2422d20d4f7e9863e601ca6f11b7ea6e2284109c12d7ec774757775d586,/path/to/Diffusion-TS/Utils/discriminative_metric.py,59.189656496047974,1
PETS-U,ETTh,128,123,100000,discriminative_score,42,0.16280487804878052,True,4096,7738f737c4dfcedd618d7ad6f490ed21d761bacb5f690c68e54a6607f5d6e950,2b1bb2422d20d4f7e9863e601ca6f11b7ea6e2284109c12d7ec774757775d586,/path/to/Diffusion-TS/Utils/discriminative_metric.py,58.945247173309326,0
PETS-U,ETTh,128,123,100000,discriminative_score,123,0.15975609756097564,True,4096,7738f737c4dfcedd618d7ad6f490ed21d761bacb5f690c68e54a6607f5d6e950,2b1bb2422d20d4f7e9863e601ca6f11b7ea6e2284109c12d7ec774757775d586,/path/to/Diffusion-TS/Utils/discriminative_metric.py,58.79148769378662,2
PETS-U,ETTh,128,123,100001,discriminative_score,0,0.16951219512195126,True,4096,7738f737c4dfcedd618d7ad6f490ed21d761bacb5f690c68e54a6607f5d6e950,d66e4daa83f4bfc0feb528c7979e46d6eb3ef73064be812a6ca524561b876f52,/path/to/Diffusion-TS/Utils/discriminative_metric.py,59.126099586486816,2
PETS-U,ETTh,128,123,100001,discriminative_score,42,0.15243902439024393,True,4096,7738f737c4dfcedd618d7ad6f490ed21d761bacb5f690c68e54a6607f5d6e950,d66e4daa83f4bfc0feb528c7979e46d6eb3ef73064be812a6ca524561b876f52,/path/to/Diffusion-TS/Utils/discriminative_metric.py,58.99762558937073,0
PETS-U,ETTh,128,123,100001,discriminative_score,123,0.17560975609756102,True,4096,7738f737c4dfcedd618d7ad6f490ed21d761bacb5f690c68e54a6607f5d6e950,d66e4daa83f4bfc0feb528c7979e46d6eb3ef73064be812a6ca524561b876f52,/path/to/Diffusion-TS/Utils/discriminative_metric.py,58.78411412239075,1
PETS-U,ETTh,128,123,100002,discriminative_score,0,0.17500000000000004,True,4096,7738f737c4dfcedd618d7ad6f490ed21d761bacb5f690c68e54a6607f5d6e950,5466cfa9fe64e6d610b3837b74a920c51b64020fc053da17a6ce0c3061c45404,/path/to/Diffusion-TS/Utils/discriminative_metric.py,59.21969151496887,1
PETS-U,ETTh,128,123,100002,discriminative_score,42,0.1737804878048781,True,4096,7738f737c4dfcedd618d7ad6f490ed21d761bacb5f690c68e54a6607f5d6e950,5466cfa9fe64e6d610b3837b74a920c51b64020fc053da17a6ce0c3061c45404,/path/to/Diffusion-TS/Utils/discriminative_metric.py,58.47033715248108,2
PETS-U,ETTh,128,123,100002,discriminative_score,123,0.1682926829268293,True,4096,7738f737c4dfcedd618d7ad6f490ed21d761bacb5f690c68e54a6607f5d6e950,5466cfa9fe64e6d610b3837b74a920c51b64020fc053da17a6ce0c3061c45404,/path/to/Diffusion-TS/Utils/discriminative_metric.py,57.880125761032104,0
PETS-U,ETTh,128,123,100003,discriminative_score,0,0.17439024390243907,True,4096,7738f737c4dfcedd618d7ad6f490ed21d761bacb5f690c68e54a6607f5d6e950,475bced8dcb5a7198be816fe7c00832df8405d21d01c3f351ec0eb08ec949e43,/path/to/Diffusion-TS/Utils/discriminative_metric.py,57.86732792854309,0
PETS-U,ETTh,128,123,100003,discriminative_score,42,0.1707317073170732,True,4096,7738f737c4dfcedd618d7ad6f490ed21d761bacb5f690c68e54a6607f5d6e950,475bced8dcb5a7198be816fe7c00832df8405d21d01c3f351ec0eb08ec949e43,/path/to/Diffusion-TS/Utils/discriminative_metric.py,58.48780703544617,1
PETS-U,ETTh,128,123,100003,discriminative_score,123,0.17987804878048785,True,4096,7738f737c4dfcedd618d7ad6f490ed21d761bacb5f690c68e54a6607f5d6e950,475bced8dcb5a7198be816fe7c00832df8405d21d01c3f351ec0eb08ec949e43,/path/to/Diffusion-TS/Utils/discriminative_metric.py,58.46200704574585,2
PETS-U,ETTh,128,123,100004,discriminative_score,0,0.17560975609756102,True,4096,7738f737c4dfcedd618d7ad6f490ed21d761bacb5f690c68e54a6607f5d6e950,bdda64b132402142a6eef57dcc92fa64875c34c6588931a0ba3681c6073280e5,/path/to/Diffusion-TS/Utils/discriminative_metric.py,59.107606172561646,0
PETS-U,ETTh,128,123,100004,discriminative_score,42,0.16707317073170735,True,4096,7738f737c4dfcedd618d7ad6f490ed21d761bacb5f690c68e54a6607f5d6e950,bdda64b132402142a6eef57dcc92fa64875c34c6588931a0ba3681c6073280e5,/path/to/Diffusion-TS/Utils/discriminative_metric.py,59.203752756118774,1
PETS-U,ETTh,128,123,100004,discriminative_score,123,0.1554878048780488,True,4096,7738f737c4dfcedd618d7ad6f490ed21d761bacb5f690c68e54a6607f5d6e950,bdda64b132402142a6eef57dcc92fa64875c34c6588931a0ba3681c6073280e5,/path/to/Diffusion-TS/Utils/discriminative_metric.py,59.134188652038574,2
Diffusion-TS,ETTh,256,0,100000,discriminative_score,0,0.19268292682926824,True,4096,a24f236875ae64e90ac2659e91858d641ab1afc1e0a10df901307ea5e750b5bb,4ed8f7f0372fcb3e3a37668fc4281324799e7f0a770fb6511da577966691db3f,/path/to/Diffusion-TS/Utils/discriminative_metric.py,111.95765471458435,2
Diffusion-TS,ETTh,256,0,100000,discriminative_score,42,0.2396341463414634,True,4096,a24f236875ae64e90ac2659e91858d641ab1afc1e0a10df901307ea5e750b5bb,4ed8f7f0372fcb3e3a37668fc4281324799e7f0a770fb6511da577966691db3f,/path/to/Diffusion-TS/Utils/discriminative_metric.py,112.95551943778992,0
Diffusion-TS,ETTh,256,0,100000,discriminative_score,123,0.2524390243902439,True,4096,a24f236875ae64e90ac2659e91858d641ab1afc1e0a10df901307ea5e750b5bb,4ed8f7f0372fcb3e3a37668fc4281324799e7f0a770fb6511da577966691db3f,/path/to/Diffusion-TS/Utils/discriminative_metric.py,111.94407081604004,1
Diffusion-TS,ETTh,256,0,100001,discriminative_score,0,0.21463414634146338,True,4096,a24f236875ae64e90ac2659e91858d641ab1afc1e0a10df901307ea5e750b5bb,04fbbe6b657a079d996b719f847d6fdad961c94e973b50c9a42b9d2859d2dff8,/path/to/Diffusion-TS/Utils/discriminative_metric.py,113.00074553489685,2
Diffusion-TS,ETTh,256,0,100001,discriminative_score,42,0.24634146341463414,True,4096,a24f236875ae64e90ac2659e91858d641ab1afc1e0a10df901307ea5e750b5bb,04fbbe6b657a079d996b719f847d6fdad961c94e973b50c9a42b9d2859d2dff8,/path/to/Diffusion-TS/Utils/discriminative_metric.py,112.36011695861816,0
Diffusion-TS,ETTh,256,0,100001,discriminative_score,123,0.2371951219512195,True,4096,a24f236875ae64e90ac2659e91858d641ab1afc1e0a10df901307ea5e750b5bb,04fbbe6b657a079d996b719f847d6fdad961c94e973b50c9a42b9d2859d2dff8,/path/to/Diffusion-TS/Utils/discriminative_metric.py,111.82004117965698,1
Diffusion-TS,ETTh,256,0,100002,discriminative_score,0,0.16524390243902443,True,4096,a24f236875ae64e90ac2659e91858d641ab1afc1e0a10df901307ea5e750b5bb,aaa4ef2bb28f5cf6dde6420196dee05f692bb1ae81f08475c1223d71e47f4225,/path/to/Diffusion-TS/Utils/discriminative_metric.py,111.06824445724487,2
Diffusion-TS,ETTh,256,0,100002,discriminative_score,42,0.23414634146341462,True,4096,a24f236875ae64e90ac2659e91858d641ab1afc1e0a10df901307ea5e750b5bb,aaa4ef2bb28f5cf6dde6420196dee05f692bb1ae81f08475c1223d71e47f4225,/path/to/Diffusion-TS/Utils/discriminative_metric.py,112.49774026870728,0
Diffusion-TS,ETTh,256,0,100002,discriminative_score,123,0.23658536585365852,True,4096,a24f236875ae64e90ac2659e91858d641ab1afc1e0a10df901307ea5e750b5bb,aaa4ef2bb28f5cf6dde6420196dee05f692bb1ae81f08475c1223d71e47f4225,/path/to/Diffusion-TS/Utils/discriminative_metric.py,111.90042686462402,1
Diffusion-TS,ETTh,256,0,100003,discriminative_score,0,0.16951219512195126,True,4096,a24f236875ae64e90ac2659e91858d641ab1afc1e0a10df901307ea5e750b5bb,5f72ca081d46c121e5d9485d8580208a800d3c3d7dd7d79a6c8c13847080a281,/path/to/Diffusion-TS/Utils/discriminative_metric.py,111.30994892120361,2
Diffusion-TS,ETTh,256,0,100003,discriminative_score,42,0.24878048780487805,True,4096,a24f236875ae64e90ac2659e91858d641ab1afc1e0a10df901307ea5e750b5bb,5f72ca081d46c121e5d9485d8580208a800d3c3d7dd7d79a6c8c13847080a281,/path/to/Diffusion-TS/Utils/discriminative_metric.py,111.92602205276489,0
Diffusion-TS,ETTh,256,0,100003,discriminative_score,123,0.2597560975609756,True,4096,a24f236875ae64e90ac2659e91858d641ab1afc1e0a10df901307ea5e750b5bb,5f72ca081d46c121e5d9485d8580208a800d3c3d7dd7d79a6c8c13847080a281,/path/to/Diffusion-TS/Utils/discriminative_metric.py,111.49391508102417,1
Diffusion-TS,ETTh,256,0,100004,discriminative_score,0,0.18048780487804883,True,4096,a24f236875ae64e90ac2659e91858d641ab1afc1e0a10df901307ea5e750b5bb,f93f9b271e61ecb48cb247ecdbb743d9e5984cbf20c152f9c22140159dcef709,/path/to/Diffusion-TS/Utils/discriminative_metric.py,112.44074010848999,2
Diffusion-TS,ETTh,256,0,100004,discriminative_score,42,0.2420731707317073,True,4096,a24f236875ae64e90ac2659e91858d641ab1afc1e0a10df901307ea5e750b5bb,f93f9b271e61ecb48cb247ecdbb743d9e5984cbf20c152f9c22140159dcef709,/path/to/Diffusion-TS/Utils/discriminative_metric.py,113.176997423172,0
Diffusion-TS,ETTh,256,0,100004,discriminative_score,123,0.2524390243902439,True,4096,a24f236875ae64e90ac2659e91858d641ab1afc1e0a10df901307ea5e750b5bb,f93f9b271e61ecb48cb247ecdbb743d9e5984cbf20c152f9c22140159dcef709,/path/to/Diffusion-TS/Utils/discriminative_metric.py,111.87810730934143,1
Diffusion-TS,ETTh,256,42,100000,discriminative_score,0,0.15975609756097564,True,4096,a24f236875ae64e90ac2659e91858d641ab1afc1e0a10df901307ea5e750b5bb,1eb084835c1397a9db577571b7589e948657ab08f796d66796f25742f7a59a6e,/path/to/Diffusion-TS/Utils/discriminative_metric.py,112.08308696746826,0
Diffusion-TS,ETTh,256,42,100000,discriminative_score,42,0.16219512195121955,True,4096,a24f236875ae64e90ac2659e91858d641ab1afc1e0a10df901307ea5e750b5bb,1eb084835c1397a9db577571b7589e948657ab08f796d66796f25742f7a59a6e,/path/to/Diffusion-TS/Utils/discriminative_metric.py,112.93695831298828,1
Diffusion-TS,ETTh,256,42,100000,discriminative_score,123,0.14451219512195124,True,4096,a24f236875ae64e90ac2659e91858d641ab1afc1e0a10df901307ea5e750b5bb,1eb084835c1397a9db577571b7589e948657ab08f796d66796f25742f7a59a6e,/path/to/Diffusion-TS/Utils/discriminative_metric.py,112.16987609863281,2
Diffusion-TS,ETTh,256,42,100001,discriminative_score,0,0.1585365853658537,True,4096,a24f236875ae64e90ac2659e91858d641ab1afc1e0a10df901307ea5e750b5bb,92c1ad14bfde71a37509ed7bcdcf8ffbc9fe2dbe226e5294266a07c3842687a0,/path/to/Diffusion-TS/Utils/discriminative_metric.py,111.5828013420105,1
Diffusion-TS,ETTh,256,42,100001,discriminative_score,42,0.13719512195121952,True,4096,a24f236875ae64e90ac2659e91858d641ab1afc1e0a10df901307ea5e750b5bb,92c1ad14bfde71a37509ed7bcdcf8ffbc9fe2dbe226e5294266a07c3842687a0,/path/to/Diffusion-TS/Utils/discriminative_metric.py,111.59612941741943,0
Diffusion-TS,ETTh,256,42,100001,discriminative_score,123,0.15609756097560978,True,4096,a24f236875ae64e90ac2659e91858d641ab1afc1e0a10df901307ea5e750b5bb,92c1ad14bfde71a37509ed7bcdcf8ffbc9fe2dbe226e5294266a07c3842687a0,/path/to/Diffusion-TS/Utils/discriminative_metric.py,111.3388295173645,2
Diffusion-TS,ETTh,256,42,100002,discriminative_score,0,0.15914634146341466,True,4096,a24f236875ae64e90ac2659e91858d641ab1afc1e0a10df901307ea5e750b5bb,a885f945bd0ef745ace1cb77bd1118f5d683215dd9bc9dc3f02318d02e8788cb,/path/to/Diffusion-TS/Utils/discriminative_metric.py,111.94238066673279,1
Diffusion-TS,ETTh,256,42,100002,discriminative_score,42,0.14756097560975612,True,4096,a24f236875ae64e90ac2659e91858d641ab1afc1e0a10df901307ea5e750b5bb,a885f945bd0ef745ace1cb77bd1118f5d683215dd9bc9dc3f02318d02e8788cb,/path/to/Diffusion-TS/Utils/discriminative_metric.py,113.17044520378113,2
Diffusion-TS,ETTh,256,42,100002,discriminative_score,123,0.15121951219512197,True,4096,a24f236875ae64e90ac2659e91858d641ab1afc1e0a10df901307ea5e750b5bb,a885f945bd0ef745ace1cb77bd1118f5d683215dd9bc9dc3f02318d02e8788cb,/path/to/Diffusion-TS/Utils/discriminative_metric.py,112.67967009544373,0
Diffusion-TS,ETTh,256,42,100003,discriminative_score,0,0.09999999999999998,True,4096,a24f236875ae64e90ac2659e91858d641ab1afc1e0a10df901307ea5e750b5bb,af5cec60423d77ae9bb013aa9d466cb5f08c2400614a198c46561203b17184e0,/path/to/Diffusion-TS/Utils/discriminative_metric.py,112.1212546825409,0
Diffusion-TS,ETTh,256,42,100003,discriminative_score,42,0.13414634146341464,True,4096,a24f236875ae64e90ac2659e91858d641ab1afc1e0a10df901307ea5e750b5bb,af5cec60423d77ae9bb013aa9d466cb5f08c2400614a198c46561203b17184e0,/path/to/Diffusion-TS/Utils/discriminative_metric.py,111.77792644500732,2
Diffusion-TS,ETTh,256,42,100003,discriminative_score,123,0.15670731707317076,True,4096,a24f236875ae64e90ac2659e91858d641ab1afc1e0a10df901307ea5e750b5bb,af5cec60423d77ae9bb013aa9d466cb5f08c2400614a198c46561203b17184e0,/path/to/Diffusion-TS/Utils/discriminative_metric.py,111.9772527217865,1
Diffusion-TS,ETTh,256,42,100004,discriminative_score,0,0.13902439024390245,True,4096,a24f236875ae64e90ac2659e91858d641ab1afc1e0a10df901307ea5e750b5bb,61fe4d42858ce2c5e8ec1d8d8cee205045e85a65887770a31b78c7094b1db423,/path/to/Diffusion-TS/Utils/discriminative_metric.py,112.45395708084106,0
Diffusion-TS,ETTh,256,42,100004,discriminative_score,42,0.13963414634146343,True,4096,a24f236875ae64e90ac2659e91858d641ab1afc1e0a10df901307ea5e750b5bb,61fe4d42858ce2c5e8ec1d8d8cee205045e85a65887770a31b78c7094b1db423,/path/to/Diffusion-TS/Utils/discriminative_metric.py,111.85268306732178,2
Diffusion-TS,ETTh,256,42,100004,discriminative_score,123,0.15121951219512197,True,4096,a24f236875ae64e90ac2659e91858d641ab1afc1e0a10df901307ea5e750b5bb,61fe4d42858ce2c5e8ec1d8d8cee205045e85a65887770a31b78c7094b1db423,/path/to/Diffusion-TS/Utils/discriminative_metric.py,112.3081476688385,1
Diffusion-TS,ETTh,256,123,100000,discriminative_score,0,0.2579268292682927,True,4096,a24f236875ae64e90ac2659e91858d641ab1afc1e0a10df901307ea5e750b5bb,03b8b54dc1d901a5557568f6da81d462ac49a8d2219c973401eb4459bf083f5d,/path/to/Diffusion-TS/Utils/discriminative_metric.py,113.13710403442383,2
Diffusion-TS,ETTh,256,123,100000,discriminative_score,42,0.23048780487804876,True,4096,a24f236875ae64e90ac2659e91858d641ab1afc1e0a10df901307ea5e750b5bb,03b8b54dc1d901a5557568f6da81d462ac49a8d2219c973401eb4459bf083f5d,/path/to/Diffusion-TS/Utils/discriminative_metric.py,113.69411492347717,0
Diffusion-TS,ETTh,256,123,100000,discriminative_score,123,0.2347560975609756,True,4096,a24f236875ae64e90ac2659e91858d641ab1afc1e0a10df901307ea5e750b5bb,03b8b54dc1d901a5557568f6da81d462ac49a8d2219c973401eb4459bf083f5d,/path/to/Diffusion-TS/Utils/discriminative_metric.py,113.52211046218872,1
Diffusion-TS,ETTh,256,123,100001,discriminative_score,0,0.24695121951219512,True,4096,a24f236875ae64e90ac2659e91858d641ab1afc1e0a10df901307ea5e750b5bb,e352da5ec0b3338bebdf162247f333fac3856c676e5bf2130fa0239d7cb2ad6b,/path/to/Diffusion-TS/Utils/discriminative_metric.py,113.16123247146606,1
Diffusion-TS,ETTh,256,123,100001,discriminative_score,42,0.2628048780487805,True,4096,a24f236875ae64e90ac2659e91858d641ab1afc1e0a10df901307ea5e750b5bb,e352da5ec0b3338bebdf162247f333fac3856c676e5bf2130fa0239d7cb2ad6b,/path/to/Diffusion-TS/Utils/discriminative_metric.py,112.92974781990051,2
Diffusion-TS,ETTh,256,123,100001,discriminative_score,123,0.24573170731707317,True,4096,a24f236875ae64e90ac2659e91858d641ab1afc1e0a10df901307ea5e750b5bb,e352da5ec0b3338bebdf162247f333fac3856c676e5bf2130fa0239d7cb2ad6b,/path/to/Diffusion-TS/Utils/discriminative_metric.py,112.77869725227356,0
Diffusion-TS,ETTh,256,123,100002,discriminative_score,0,0.24634146341463414,True,4096,a24f236875ae64e90ac2659e91858d641ab1afc1e0a10df901307ea5e750b5bb,0daedec9d3d595c2d177edeac1102afe1be5857fe9efbb2c0b572fc1a20ec34c,/path/to/Diffusion-TS/Utils/discriminative_metric.py,113.33525371551514,2
Diffusion-TS,ETTh,256,123,100002,discriminative_score,42,0.2426829268292683,True,4096,a24f236875ae64e90ac2659e91858d641ab1afc1e0a10df901307ea5e750b5bb,0daedec9d3d595c2d177edeac1102afe1be5857fe9efbb2c0b572fc1a20ec34c,/path/to/Diffusion-TS/Utils/discriminative_metric.py,112.44596481323242,1
Diffusion-TS,ETTh,256,123,100002,discriminative_score,123,0.21280487804878045,True,4096,a24f236875ae64e90ac2659e91858d641ab1afc1e0a10df901307ea5e750b5bb,0daedec9d3d595c2d177edeac1102afe1be5857fe9efbb2c0b572fc1a20ec34c,/path/to/Diffusion-TS/Utils/discriminative_metric.py,112.3658401966095,0
Diffusion-TS,ETTh,256,123,100003,discriminative_score,0,0.2554878048780488,True,4096,a24f236875ae64e90ac2659e91858d641ab1afc1e0a10df901307ea5e750b5bb,a1f1025c91057034fed61959a9b037c2206f150d081efaf60435049265665d33,/path/to/Diffusion-TS/Utils/discriminative_metric.py,114.56527185440063,0
Diffusion-TS,ETTh,256,123,100003,discriminative_score,42,0.23597560975609755,True,4096,a24f236875ae64e90ac2659e91858d641ab1afc1e0a10df901307ea5e750b5bb,a1f1025c91057034fed61959a9b037c2206f150d081efaf60435049265665d33,/path/to/Diffusion-TS/Utils/discriminative_metric.py,114.40044498443604,2
Diffusion-TS,ETTh,256,123,100003,discriminative_score,123,0.23597560975609755,True,4096,a24f236875ae64e90ac2659e91858d641ab1afc1e0a10df901307ea5e750b5bb,a1f1025c91057034fed61959a9b037c2206f150d081efaf60435049265665d33,/path/to/Diffusion-TS/Utils/discriminative_metric.py,113.61774682998657,1
Diffusion-TS,ETTh,256,123,100004,discriminative_score,0,0.25182926829268293,True,4096,a24f236875ae64e90ac2659e91858d641ab1afc1e0a10df901307ea5e750b5bb,84d163dcdfdd5751e18a05371e562a76f47c21b2814d1defdc2c4da0f8fd516d,/path/to/Diffusion-TS/Utils/discriminative_metric.py,112.0655746459961,1
Diffusion-TS,ETTh,256,123,100004,discriminative_score,42,0.2554878048780488,True,4096,a24f236875ae64e90ac2659e91858d641ab1afc1e0a10df901307ea5e750b5bb,84d163dcdfdd5751e18a05371e562a76f47c21b2814d1defdc2c4da0f8fd516d,/path/to/Diffusion-TS/Utils/discriminative_metric.py,114.26913714408875,0
Diffusion-TS,ETTh,256,123,100004,discriminative_score,123,0.23597560975609755,True,4096,a24f236875ae64e90ac2659e91858d641ab1afc1e0a10df901307ea5e750b5bb,84d163dcdfdd5751e18a05371e562a76f47c21b2814d1defdc2c4da0f8fd516d,/path/to/Diffusion-TS/Utils/discriminative_metric.py,113.07952904701233,2
PETS-U,ETTh,256,0,100000,discriminative_score,0,0.20853658536585362,True,4096,a24f236875ae64e90ac2659e91858d641ab1afc1e0a10df901307ea5e750b5bb,61e9b06d75337aacb33cbea8dce4a5143b4f91ac1769cab57b76beb5d036e64a,/path/to/Diffusion-TS/Utils/discriminative_metric.py,112.20778012275696,1
PETS-U,ETTh,256,0,100000,discriminative_score,42,0.22073170731707314,True,4096,a24f236875ae64e90ac2659e91858d641ab1afc1e0a10df901307ea5e750b5bb,61e9b06d75337aacb33cbea8dce4a5143b4f91ac1769cab57b76beb5d036e64a,/path/to/Diffusion-TS/Utils/discriminative_metric.py,113.02751731872559,0
PETS-U,ETTh,256,0,100000,discriminative_score,123,0.22804878048780486,True,4096,a24f236875ae64e90ac2659e91858d641ab1afc1e0a10df901307ea5e750b5bb,61e9b06d75337aacb33cbea8dce4a5143b4f91ac1769cab57b76beb5d036e64a,/path/to/Diffusion-TS/Utils/discriminative_metric.py,112.24810266494751,2
PETS-U,ETTh,256,0,100001,discriminative_score,0,0.21463414634146338,True,4096,a24f236875ae64e90ac2659e91858d641ab1afc1e0a10df901307ea5e750b5bb,c1a8073f3ce1640da49d2e34020d3b7c202d56d6d5e6f0bf206bc61471ce6416,/path/to/Diffusion-TS/Utils/discriminative_metric.py,111.56507182121277,2
PETS-U,ETTh,256,0,100001,discriminative_score,42,0.21219512195121948,True,4096,a24f236875ae64e90ac2659e91858d641ab1afc1e0a10df901307ea5e750b5bb,c1a8073f3ce1640da49d2e34020d3b7c202d56d6d5e6f0bf206bc61471ce6416,/path/to/Diffusion-TS/Utils/discriminative_metric.py,110.53024435043335,1
PETS-U,ETTh,256,0,100001,discriminative_score,123,0.20731707317073167,True,4096,a24f236875ae64e90ac2659e91858d641ab1afc1e0a10df901307ea5e750b5bb,c1a8073f3ce1640da49d2e34020d3b7c202d56d6d5e6f0bf206bc61471ce6416,/path/to/Diffusion-TS/Utils/discriminative_metric.py,111.73061966896057,0
PETS-U,ETTh,256,0,100002,discriminative_score,0,0.2115853658536585,True,4096,a24f236875ae64e90ac2659e91858d641ab1afc1e0a10df901307ea5e750b5bb,1a9070dead1c94938dac48a117a0f6c5836e6425d69f652a316dc04e8f14a877,/path/to/Diffusion-TS/Utils/discriminative_metric.py,112.09958362579346,2
PETS-U,ETTh,256,0,100002,discriminative_score,42,0.23353658536585364,True,4096,a24f236875ae64e90ac2659e91858d641ab1afc1e0a10df901307ea5e750b5bb,1a9070dead1c94938dac48a117a0f6c5836e6425d69f652a316dc04e8f14a877,/path/to/Diffusion-TS/Utils/discriminative_metric.py,111.1192877292633,1
PETS-U,ETTh,256,0,100002,discriminative_score,123,0.19207317073170727,True,4096,a24f236875ae64e90ac2659e91858d641ab1afc1e0a10df901307ea5e750b5bb,1a9070dead1c94938dac48a117a0f6c5836e6425d69f652a316dc04e8f14a877,/path/to/Diffusion-TS/Utils/discriminative_metric.py,111.75359511375427,0
PETS-U,ETTh,256,0,100003,discriminative_score,0,0.20853658536585362,True,4096,a24f236875ae64e90ac2659e91858d641ab1afc1e0a10df901307ea5e750b5bb,c1e3f8867fa27f86d0627163958c37ce71a1109d9554149abd41e3ac18f96c9d,/path/to/Diffusion-TS/Utils/discriminative_metric.py,112.60233569145203,2
PETS-U,ETTh,256,0,100003,discriminative_score,42,0.21463414634146338,True,4096,a24f236875ae64e90ac2659e91858d641ab1afc1e0a10df901307ea5e750b5bb,c1e3f8867fa27f86d0627163958c37ce71a1109d9554149abd41e3ac18f96c9d,/path/to/Diffusion-TS/Utils/discriminative_metric.py,110.99840354919434,1
PETS-U,ETTh,256,0,100003,discriminative_score,123,0.2091463414634146,True,4096,a24f236875ae64e90ac2659e91858d641ab1afc1e0a10df901307ea5e750b5bb,c1e3f8867fa27f86d0627163958c37ce71a1109d9554149abd41e3ac18f96c9d,/path/to/Diffusion-TS/Utils/discriminative_metric.py,111.7061927318573,0
PETS-U,ETTh,256,0,100004,discriminative_score,0,0.21463414634146338,True,4096,a24f236875ae64e90ac2659e91858d641ab1afc1e0a10df901307ea5e750b5bb,a5089773c92781e2d9dd6eee08f18b1bd99e0f9ed323d3124070a4642ef32d64,/path/to/Diffusion-TS/Utils/discriminative_metric.py,110.95266842842102,2
PETS-U,ETTh,256,0,100004,discriminative_score,42,0.20304878048780484,True,4096,a24f236875ae64e90ac2659e91858d641ab1afc1e0a10df901307ea5e750b5bb,a5089773c92781e2d9dd6eee08f18b1bd99e0f9ed323d3124070a4642ef32d64,/path/to/Diffusion-TS/Utils/discriminative_metric.py,111.81776762008667,1
PETS-U,ETTh,256,0,100004,discriminative_score,123,0.2036585365853658,True,4096,a24f236875ae64e90ac2659e91858d641ab1afc1e0a10df901307ea5e750b5bb,a5089773c92781e2d9dd6eee08f18b1bd99e0f9ed323d3124070a4642ef32d64,/path/to/Diffusion-TS/Utils/discriminative_metric.py,112.6916151046753,0
PETS-U,ETTh,256,42,100000,discriminative_score,0,0.20609756097560972,True,4096,a24f236875ae64e90ac2659e91858d641ab1afc1e0a10df901307ea5e750b5bb,45ebaa29c0b2aa8a54894379ef2ffa5a4edc7cd415694688c1b0b1434373a604,/path/to/Diffusion-TS/Utils/discriminative_metric.py,111.14998078346252,1
PETS-U,ETTh,256,42,100000,discriminative_score,42,0.05243902439024395,True,4096,a24f236875ae64e90ac2659e91858d641ab1afc1e0a10df901307ea5e750b5bb,45ebaa29c0b2aa8a54894379ef2ffa5a4edc7cd415694688c1b0b1434373a604,/path/to/Diffusion-TS/Utils/discriminative_metric.py,111.57688164710999,2
PETS-U,ETTh,256,42,100000,discriminative_score,123,0.20731707317073167,True,4096,a24f236875ae64e90ac2659e91858d641ab1afc1e0a10df901307ea5e750b5bb,45ebaa29c0b2aa8a54894379ef2ffa5a4edc7cd415694688c1b0b1434373a604,/path/to/Diffusion-TS/Utils/discriminative_metric.py,112.35367703437805,0
PETS-U,ETTh,256,42,100001,discriminative_score,0,0.20975609756097557,True,4096,a24f236875ae64e90ac2659e91858d641ab1afc1e0a10df901307ea5e750b5bb,43f09be7b372bea7fcff91a2d9d18aa84fb372ff5f5c4f9fa7cef8c05346b577,/path/to/Diffusion-TS/Utils/discriminative_metric.py,111.57345628738403,1
PETS-U,ETTh,256,42,100001,discriminative_score,42,0.19451219512195117,True,4096,a24f236875ae64e90ac2659e91858d641ab1afc1e0a10df901307ea5e750b5bb,43f09be7b372bea7fcff91a2d9d18aa84fb372ff5f5c4f9fa7cef8c05346b577,/path/to/Diffusion-TS/Utils/discriminative_metric.py,113.23152446746826,2
PETS-U,ETTh,256,42,100001,discriminative_score,123,0.2170731707317073,True,4096,a24f236875ae64e90ac2659e91858d641ab1afc1e0a10df901307ea5e750b5bb,43f09be7b372bea7fcff91a2d9d18aa84fb372ff5f5c4f9fa7cef8c05346b577,/path/to/Diffusion-TS/Utils/discriminative_metric.py,111.73638963699341,0
PETS-U,ETTh,256,42,100002,discriminative_score,0,0.224390243902439,True,4096,a24f236875ae64e90ac2659e91858d641ab1afc1e0a10df901307ea5e750b5bb,9f063845221ac71ce73936d7960dd2f63f3fa941aae607dcf0677844972e0cda,/path/to/Diffusion-TS/Utils/discriminative_metric.py,112.48501992225647,1
PETS-U,ETTh,256,42,100002,discriminative_score,42,0.2219512195121951,True,4096,a24f236875ae64e90ac2659e91858d641ab1afc1e0a10df901307ea5e750b5bb,9f063845221ac71ce73936d7960dd2f63f3fa941aae607dcf0677844972e0cda,/path/to/Diffusion-TS/Utils/discriminative_metric.py,111.9431540966034,2
PETS-U,ETTh,256,42,100002,discriminative_score,123,0.20731707317073167,True,4096,a24f236875ae64e90ac2659e91858d641ab1afc1e0a10df901307ea5e750b5bb,9f063845221ac71ce73936d7960dd2f63f3fa941aae607dcf0677844972e0cda,/path/to/Diffusion-TS/Utils/discriminative_metric.py,112.99537682533264,0
PETS-U,ETTh,256,42,100003,discriminative_score,0,0.20609756097560972,True,4096,a24f236875ae64e90ac2659e91858d641ab1afc1e0a10df901307ea5e750b5bb,0c6ccc3b4dde105be3af1c1eaa3633efce2de6569391090bd0326def08d55c26,/path/to/Diffusion-TS/Utils/discriminative_metric.py,112.48069620132446,2
PETS-U,ETTh,256,42,100003,discriminative_score,42,0.26158536585365855,True,4096,a24f236875ae64e90ac2659e91858d641ab1afc1e0a10df901307ea5e750b5bb,0c6ccc3b4dde105be3af1c1eaa3633efce2de6569391090bd0326def08d55c26,/path/to/Diffusion-TS/Utils/discriminative_metric.py,112.02965545654297,1
PETS-U,ETTh,256,42,100003,discriminative_score,123,0.20487804878048776,True,4096,a24f236875ae64e90ac2659e91858d641ab1afc1e0a10df901307ea5e750b5bb,0c6ccc3b4dde105be3af1c1eaa3633efce2de6569391090bd0326def08d55c26,/path/to/Diffusion-TS/Utils/discriminative_metric.py,112.30911064147949,0
PETS-U,ETTh,256,42,100004,discriminative_score,0,0.2042682926829268,True,4096,a24f236875ae64e90ac2659e91858d641ab1afc1e0a10df901307ea5e750b5bb,471af5005fb43efe517e6ad116a56eca694d5a29acf532d0914a81c656ab375e,/path/to/Diffusion-TS/Utils/discriminative_metric.py,111.15309524536133,1
PETS-U,ETTh,256,42,100004,discriminative_score,42,0.21829268292682924,True,4096,a24f236875ae64e90ac2659e91858d641ab1afc1e0a10df901307ea5e750b5bb,471af5005fb43efe517e6ad116a56eca694d5a29acf532d0914a81c656ab375e,/path/to/Diffusion-TS/Utils/discriminative_metric.py,112.52755999565125,2
PETS-U,ETTh,256,42,100004,discriminative_score,123,0.2091463414634146,True,4096,a24f236875ae64e90ac2659e91858d641ab1afc1e0a10df901307ea5e750b5bb,471af5005fb43efe517e6ad116a56eca694d5a29acf532d0914a81c656ab375e,/path/to/Diffusion-TS/Utils/discriminative_metric.py,111.76208710670471,0
PETS-U,ETTh,256,123,100000,discriminative_score,0,0.20548780487804874,True,4096,a24f236875ae64e90ac2659e91858d641ab1afc1e0a10df901307ea5e750b5bb,612a1bbd6c648b474d41a06e66a4d8eaa107c5685977e3ce2398df0ecda97b63,/path/to/Diffusion-TS/Utils/discriminative_metric.py,112.60852360725403,2
PETS-U,ETTh,256,123,100000,discriminative_score,42,0.19024390243902434,True,4096,a24f236875ae64e90ac2659e91858d641ab1afc1e0a10df901307ea5e750b5bb,612a1bbd6c648b474d41a06e66a4d8eaa107c5685977e3ce2398df0ecda97b63,/path/to/Diffusion-TS/Utils/discriminative_metric.py,111.80845308303833,1
PETS-U,ETTh,256,123,100000,discriminative_score,123,0.20975609756097557,True,4096,a24f236875ae64e90ac2659e91858d641ab1afc1e0a10df901307ea5e750b5bb,612a1bbd6c648b474d41a06e66a4d8eaa107c5685977e3ce2398df0ecda97b63,/path/to/Diffusion-TS/Utils/discriminative_metric.py,112.08357548713684,0
PETS-U,ETTh,256,123,100001,discriminative_score,0,0.21890243902439022,True,4096,a24f236875ae64e90ac2659e91858d641ab1afc1e0a10df901307ea5e750b5bb,2fdf542b47f17d39af419df3d9040ffaaf1cc343b6012bd111fc993e06653874,/path/to/Diffusion-TS/Utils/discriminative_metric.py,111.96016454696655,0
PETS-U,ETTh,256,123,100001,discriminative_score,42,0.19207317073170727,True,4096,a24f236875ae64e90ac2659e91858d641ab1afc1e0a10df901307ea5e750b5bb,2fdf542b47f17d39af419df3d9040ffaaf1cc343b6012bd111fc993e06653874,/path/to/Diffusion-TS/Utils/discriminative_metric.py,111.40129947662354,1
PETS-U,ETTh,256,123,100001,discriminative_score,123,0.22499999999999998,True,4096,a24f236875ae64e90ac2659e91858d641ab1afc1e0a10df901307ea5e750b5bb,2fdf542b47f17d39af419df3d9040ffaaf1cc343b6012bd111fc993e06653874,/path/to/Diffusion-TS/Utils/discriminative_metric.py,111.40872192382812,2
PETS-U,ETTh,256,123,100002,discriminative_score,0,0.22317073170731705,True,4096,a24f236875ae64e90ac2659e91858d641ab1afc1e0a10df901307ea5e750b5bb,449fb48733fa2fc154801423cdbeac4d3b28abb2badf43ea678a4649784cd093,/path/to/Diffusion-TS/Utils/discriminative_metric.py,112.26468920707703,1
PETS-U,ETTh,256,123,100002,discriminative_score,42,0.18902439024390238,True,4096,a24f236875ae64e90ac2659e91858d641ab1afc1e0a10df901307ea5e750b5bb,449fb48733fa2fc154801423cdbeac4d3b28abb2badf43ea678a4649784cd093,/path/to/Diffusion-TS/Utils/discriminative_metric.py,111.68358302116394,0
PETS-U,ETTh,256,123,100002,discriminative_score,123,0.19024390243902434,True,4096,a24f236875ae64e90ac2659e91858d641ab1afc1e0a10df901307ea5e750b5bb,449fb48733fa2fc154801423cdbeac4d3b28abb2badf43ea678a4649784cd093,/path/to/Diffusion-TS/Utils/discriminative_metric.py,111.73806285858154,2
PETS-U,ETTh,256,123,100003,discriminative_score,0,0.23292682926829267,True,4096,a24f236875ae64e90ac2659e91858d641ab1afc1e0a10df901307ea5e750b5bb,fcdf1e2ba7967cd6bdb0292b33a0bfa70459557dc3b2ebd598919e2795adc58e,/path/to/Diffusion-TS/Utils/discriminative_metric.py,111.74977898597717,2
PETS-U,ETTh,256,123,100003,discriminative_score,42,0.20182926829268288,True,4096,a24f236875ae64e90ac2659e91858d641ab1afc1e0a10df901307ea5e750b5bb,fcdf1e2ba7967cd6bdb0292b33a0bfa70459557dc3b2ebd598919e2795adc58e,/path/to/Diffusion-TS/Utils/discriminative_metric.py,112.14928650856018,1
PETS-U,ETTh,256,123,100003,discriminative_score,123,0.19207317073170727,True,4096,a24f236875ae64e90ac2659e91858d641ab1afc1e0a10df901307ea5e750b5bb,fcdf1e2ba7967cd6bdb0292b33a0bfa70459557dc3b2ebd598919e2795adc58e,/path/to/Diffusion-TS/Utils/discriminative_metric.py,111.33805465698242,0
PETS-U,ETTh,256,123,100004,discriminative_score,0,0.21097560975609753,True,4096,a24f236875ae64e90ac2659e91858d641ab1afc1e0a10df901307ea5e750b5bb,c35a89c64f8cb6fe013b6d2ed775c733b397c13e068b8746319ccef2a7c7f11c,/path/to/Diffusion-TS/Utils/discriminative_metric.py,113.03655505180359,1
PETS-U,ETTh,256,123,100004,discriminative_score,42,0.2012195121951219,True,4096,a24f236875ae64e90ac2659e91858d641ab1afc1e0a10df901307ea5e750b5bb,c35a89c64f8cb6fe013b6d2ed775c733b397c13e068b8746319ccef2a7c7f11c,/path/to/Diffusion-TS/Utils/discriminative_metric.py,112.13338279724121,2
PETS-U,ETTh,256,123,100004,discriminative_score,123,0.18597560975609762,True,4096,a24f236875ae64e90ac2659e91858d641ab1afc1e0a10df901307ea5e750b5bb,c35a89c64f8cb6fe013b6d2ed775c733b397c13e068b8746319ccef2a7c7f11c,/path/to/Diffusion-TS/Utils/discriminative_metric.py,111.72070860862732,0
Diffusion-TS,Energy,64,0,100000,discriminative_score,0,0.375,True,4096,4de04ef73b0e56b19af594a31b813a4697ed7c514b305259bb0ad4595412bc35,e894fdca7597a52277dbfab5eb39f2394aa54da2e62e0a3b8a012f991d92c4ea,/path/to/Diffusion-TS/Utils/discriminative_metric.py,41.911600828170776,2
Diffusion-TS,Energy,64,0,100000,discriminative_score,42,0.3695121951219512,True,4096,4de04ef73b0e56b19af594a31b813a4697ed7c514b305259bb0ad4595412bc35,e894fdca7597a52277dbfab5eb39f2394aa54da2e62e0a3b8a012f991d92c4ea,/path/to/Diffusion-TS/Utils/discriminative_metric.py,41.892174243927,0
Diffusion-TS,Energy,64,0,100000,discriminative_score,123,0.4280487804878049,True,4096,4de04ef73b0e56b19af594a31b813a4697ed7c514b305259bb0ad4595412bc35,e894fdca7597a52277dbfab5eb39f2394aa54da2e62e0a3b8a012f991d92c4ea,/path/to/Diffusion-TS/Utils/discriminative_metric.py,42.009727478027344,1
Diffusion-TS,Energy,64,0,100001,discriminative_score,0,0.3603658536585366,True,4096,4de04ef73b0e56b19af594a31b813a4697ed7c514b305259bb0ad4595412bc35,65c0fd8ab10fb4849cb8d87a2b48f4834a50ab0072986ffc158f1576ef703003,/path/to/Diffusion-TS/Utils/discriminative_metric.py,42.22120189666748,1
Diffusion-TS,Energy,64,0,100001,discriminative_score,42,0.3725609756097561,True,4096,4de04ef73b0e56b19af594a31b813a4697ed7c514b305259bb0ad4595412bc35,65c0fd8ab10fb4849cb8d87a2b48f4834a50ab0072986ffc158f1576ef703003,/path/to/Diffusion-TS/Utils/discriminative_metric.py,42.06298112869263,0
Diffusion-TS,Energy,64,0,100001,discriminative_score,123,0.40426829268292686,True,4096,4de04ef73b0e56b19af594a31b813a4697ed7c514b305259bb0ad4595412bc35,65c0fd8ab10fb4849cb8d87a2b48f4834a50ab0072986ffc158f1576ef703003,/path/to/Diffusion-TS/Utils/discriminative_metric.py,41.82453012466431,2
Diffusion-TS,Energy,64,0,100002,discriminative_score,0,0.36829268292682926,True,4096,4de04ef73b0e56b19af594a31b813a4697ed7c514b305259bb0ad4595412bc35,639670711b50478ac77c495df203ac3a80b48612b51e226c43d6bb1fa5e80fef,/path/to/Diffusion-TS/Utils/discriminative_metric.py,42.16594934463501,0
Diffusion-TS,Energy,64,0,100002,discriminative_score,42,0.3475609756097561,True,4096,4de04ef73b0e56b19af594a31b813a4697ed7c514b305259bb0ad4595412bc35,639670711b50478ac77c495df203ac3a80b48612b51e226c43d6bb1fa5e80fef,/path/to/Diffusion-TS/Utils/discriminative_metric.py,41.86122465133667,2
Diffusion-TS,Energy,64,0,100002,discriminative_score,123,0.4152439024390244,True,4096,4de04ef73b0e56b19af594a31b813a4697ed7c514b305259bb0ad4595412bc35,639670711b50478ac77c495df203ac3a80b48612b51e226c43d6bb1fa5e80fef,/path/to/Diffusion-TS/Utils/discriminative_metric.py,41.86691188812256,1
Diffusion-TS,Energy,64,0,100003,discriminative_score,0,0.3573170731707317,True,4096,4de04ef73b0e56b19af594a31b813a4697ed7c514b305259bb0ad4595412bc35,927fb8ec58f6312c6454420e2d46a19900ab6b7883f887d4bd98c34635dcf26b,/path/to/Diffusion-TS/Utils/discriminative_metric.py,42.02657866477966,2
Diffusion-TS,Energy,64,0,100003,discriminative_score,42,0.349390243902439,True,4096,4de04ef73b0e56b19af594a31b813a4697ed7c514b305259bb0ad4595412bc35,927fb8ec58f6312c6454420e2d46a19900ab6b7883f887d4bd98c34635dcf26b,/path/to/Diffusion-TS/Utils/discriminative_metric.py,41.98689150810242,1
Diffusion-TS,Energy,64,0,100003,discriminative_score,123,0.4207317073170732,True,4096,4de04ef73b0e56b19af594a31b813a4697ed7c514b305259bb0ad4595412bc35,927fb8ec58f6312c6454420e2d46a19900ab6b7883f887d4bd98c34635dcf26b,/path/to/Diffusion-TS/Utils/discriminative_metric.py,41.83866572380066,0
Diffusion-TS,Energy,64,0,100004,discriminative_score,0,0.37134146341463414,True,4096,4de04ef73b0e56b19af594a31b813a4697ed7c514b305259bb0ad4595412bc35,a1056254d228cba8d34f615b135cd51ad98531b018f210a24061cfd54be9e246,/path/to/Diffusion-TS/Utils/discriminative_metric.py,42.22769474983215,1
Diffusion-TS,Energy,64,0,100004,discriminative_score,42,0.37134146341463414,True,4096,4de04ef73b0e56b19af594a31b813a4697ed7c514b305259bb0ad4595412bc35,a1056254d228cba8d34f615b135cd51ad98531b018f210a24061cfd54be9e246,/path/to/Diffusion-TS/Utils/discriminative_metric.py,42.41335153579712,0
Diffusion-TS,Energy,64,0,100004,discriminative_score,123,0.42195121951219516,True,4096,4de04ef73b0e56b19af594a31b813a4697ed7c514b305259bb0ad4595412bc35,a1056254d228cba8d34f615b135cd51ad98531b018f210a24061cfd54be9e246,/path/to/Diffusion-TS/Utils/discriminative_metric.py,41.81173872947693,2
Diffusion-TS,Energy,64,42,100000,discriminative_score,0,0.35060975609756095,True,4096,4de04ef73b0e56b19af594a31b813a4697ed7c514b305259bb0ad4595412bc35,7ff244d602c0f6afdec471d87887f5bc501aae3b99065081f8e82a1280bd2bbb,/path/to/Diffusion-TS/Utils/discriminative_metric.py,42.050946950912476,2
Diffusion-TS,Energy,64,42,100000,discriminative_score,42,0.36341463414634145,True,4096,4de04ef73b0e56b19af594a31b813a4697ed7c514b305259bb0ad4595412bc35,7ff244d602c0f6afdec471d87887f5bc501aae3b99065081f8e82a1280bd2bbb,/path/to/Diffusion-TS/Utils/discriminative_metric.py,42.29178071022034,0
Diffusion-TS,Energy,64,42,100000,discriminative_score,123,0.3573170731707317,True,4096,4de04ef73b0e56b19af594a31b813a4697ed7c514b305259bb0ad4595412bc35,7ff244d602c0f6afdec471d87887f5bc501aae3b99065081f8e82a1280bd2bbb,/path/to/Diffusion-TS/Utils/discriminative_metric.py,41.91296625137329,1
Diffusion-TS,Energy,64,42,100001,discriminative_score,0,0.34329268292682924,True,4096,4de04ef73b0e56b19af594a31b813a4697ed7c514b305259bb0ad4595412bc35,e7605d732d74206276da1542cf93ddcf12e4301100ee39a8a527c32094e47ac1,/path/to/Diffusion-TS/Utils/discriminative_metric.py,42.48522472381592,2
Diffusion-TS,Energy,64,42,100001,discriminative_score,42,0.3591463414634146,True,4096,4de04ef73b0e56b19af594a31b813a4697ed7c514b305259bb0ad4595412bc35,e7605d732d74206276da1542cf93ddcf12e4301100ee39a8a527c32094e47ac1,/path/to/Diffusion-TS/Utils/discriminative_metric.py,42.208325147628784,1
Diffusion-TS,Energy,64,42,100001,discriminative_score,123,0.348780487804878,True,4096,4de04ef73b0e56b19af594a31b813a4697ed7c514b305259bb0ad4595412bc35,e7605d732d74206276da1542cf93ddcf12e4301100ee39a8a527c32094e47ac1,/path/to/Diffusion-TS/Utils/discriminative_metric.py,42.01524591445923,0
Diffusion-TS,Energy,64,42,100002,discriminative_score,0,0.3439024390243902,True,4096,4de04ef73b0e56b19af594a31b813a4697ed7c514b305259bb0ad4595412bc35,5cf3b20e13956bcdd7bbe11d007dcc8ac81d6206931009796fc366b9ee9382a6,/path/to/Diffusion-TS/Utils/discriminative_metric.py,42.16326832771301,0
Diffusion-TS,Energy,64,42,100002,discriminative_score,42,0.3475609756097561,True,4096,4de04ef73b0e56b19af594a31b813a4697ed7c514b305259bb0ad4595412bc35,5cf3b20e13956bcdd7bbe11d007dcc8ac81d6206931009796fc366b9ee9382a6,/path/to/Diffusion-TS/Utils/discriminative_metric.py,42.0590181350708,2
Diffusion-TS,Energy,64,42,100002,discriminative_score,123,0.3646341463414634,True,4096,4de04ef73b0e56b19af594a31b813a4697ed7c514b305259bb0ad4595412bc35,5cf3b20e13956bcdd7bbe11d007dcc8ac81d6206931009796fc366b9ee9382a6,/path/to/Diffusion-TS/Utils/discriminative_metric.py,42.03677749633789,1
Diffusion-TS,Energy,64,42,100003,discriminative_score,0,0.34329268292682924,True,4096,4de04ef73b0e56b19af594a31b813a4697ed7c514b305259bb0ad4595412bc35,30ecb3be2b8ba46d9e62e40425e3cc481fbdb0ccc64e768f19eed4cafe943fe4,/path/to/Diffusion-TS/Utils/discriminative_metric.py,42.403409481048584,2
Diffusion-TS,Energy,64,42,100003,discriminative_score,42,0.3463414634146341,True,4096,4de04ef73b0e56b19af594a31b813a4697ed7c514b305259bb0ad4595412bc35,30ecb3be2b8ba46d9e62e40425e3cc481fbdb0ccc64e768f19eed4cafe943fe4,/path/to/Diffusion-TS/Utils/discriminative_metric.py,42.54236388206482,1
Diffusion-TS,Energy,64,42,100003,discriminative_score,123,0.3652439024390244,True,4096,4de04ef73b0e56b19af594a31b813a4697ed7c514b305259bb0ad4595412bc35,30ecb3be2b8ba46d9e62e40425e3cc481fbdb0ccc64e768f19eed4cafe943fe4,/path/to/Diffusion-TS/Utils/discriminative_metric.py,41.899168729782104,0
Diffusion-TS,Energy,64,42,100004,discriminative_score,0,0.33292682926829265,True,4096,4de04ef73b0e56b19af594a31b813a4697ed7c514b305259bb0ad4595412bc35,c5e378319b90864454e078be03d98d86859e4733e14d6c4adfa234960d0cb5de,/path/to/Diffusion-TS/Utils/discriminative_metric.py,42.05101013183594,2
Diffusion-TS,Energy,64,42,100004,discriminative_score,42,0.3652439024390244,True,4096,4de04ef73b0e56b19af594a31b813a4697ed7c514b305259bb0ad4595412bc35,c5e378319b90864454e078be03d98d86859e4733e14d6c4adfa234960d0cb5de,/path/to/Diffusion-TS/Utils/discriminative_metric.py,41.908304929733276,0
Diffusion-TS,Energy,64,42,100004,discriminative_score,123,0.3621951219512195,True,4096,4de04ef73b0e56b19af594a31b813a4697ed7c514b305259bb0ad4595412bc35,c5e378319b90864454e078be03d98d86859e4733e14d6c4adfa234960d0cb5de,/path/to/Diffusion-TS/Utils/discriminative_metric.py,42.00753474235535,1
Diffusion-TS,Energy,64,123,100000,discriminative_score,0,0.3573170731707317,True,4096,4de04ef73b0e56b19af594a31b813a4697ed7c514b305259bb0ad4595412bc35,3de19e5b9ed79d4c49d1ccaf70434cfb01b15136cbcc517483298a7c947ec3ef,/path/to/Diffusion-TS/Utils/discriminative_metric.py,42.36498785018921,0
Diffusion-TS,Energy,64,123,100000,discriminative_score,42,0.3670731707317073,True,4096,4de04ef73b0e56b19af594a31b813a4697ed7c514b305259bb0ad4595412bc35,3de19e5b9ed79d4c49d1ccaf70434cfb01b15136cbcc517483298a7c947ec3ef,/path/to/Diffusion-TS/Utils/discriminative_metric.py,42.463322162628174,2
Diffusion-TS,Energy,64,123,100000,discriminative_score,123,0.300609756097561,True,4096,4de04ef73b0e56b19af594a31b813a4697ed7c514b305259bb0ad4595412bc35,3de19e5b9ed79d4c49d1ccaf70434cfb01b15136cbcc517483298a7c947ec3ef,/path/to/Diffusion-TS/Utils/discriminative_metric.py,42.09536075592041,1
Diffusion-TS,Energy,64,123,100001,discriminative_score,0,0.34268292682926826,True,4096,4de04ef73b0e56b19af594a31b813a4697ed7c514b305259bb0ad4595412bc35,f4efebf2275be445e89fe56ac020dc0f2cb2a0500ebf83a90da8ab9c8509a04d,/path/to/Diffusion-TS/Utils/discriminative_metric.py,42.038899421691895,0
Diffusion-TS,Energy,64,123,100001,discriminative_score,42,0.3719512195121951,True,4096,4de04ef73b0e56b19af594a31b813a4697ed7c514b305259bb0ad4595412bc35,f4efebf2275be445e89fe56ac020dc0f2cb2a0500ebf83a90da8ab9c8509a04d,/path/to/Diffusion-TS/Utils/discriminative_metric.py,41.942639112472534,2
Diffusion-TS,Energy,64,123,100001,discriminative_score,123,0.3628048780487805,True,4096,4de04ef73b0e56b19af594a31b813a4697ed7c514b305259bb0ad4595412bc35,f4efebf2275be445e89fe56ac020dc0f2cb2a0500ebf83a90da8ab9c8509a04d,/path/to/Diffusion-TS/Utils/discriminative_metric.py,41.734686851501465,1
Diffusion-TS,Energy,64,123,100002,discriminative_score,0,0.34024390243902436,True,4096,4de04ef73b0e56b19af594a31b813a4697ed7c514b305259bb0ad4595412bc35,173c0c6a7b6d729e8216b9c8c39c043dfa6b01f8c0872e93aa50e3f312b669be,/path/to/Diffusion-TS/Utils/discriminative_metric.py,42.000219106674194,1
Diffusion-TS,Energy,64,123,100002,discriminative_score,42,0.3621951219512195,True,4096,4de04ef73b0e56b19af594a31b813a4697ed7c514b305259bb0ad4595412bc35,173c0c6a7b6d729e8216b9c8c39c043dfa6b01f8c0872e93aa50e3f312b669be,/path/to/Diffusion-TS/Utils/discriminative_metric.py,42.39423418045044,0
Diffusion-TS,Energy,64,123,100002,discriminative_score,123,0.3774390243902439,True,4096,4de04ef73b0e56b19af594a31b813a4697ed7c514b305259bb0ad4595412bc35,173c0c6a7b6d729e8216b9c8c39c043dfa6b01f8c0872e93aa50e3f312b669be,/path/to/Diffusion-TS/Utils/discriminative_metric.py,41.835734128952026,2
Diffusion-TS,Energy,64,123,100003,discriminative_score,0,0.3396341463414634,True,4096,4de04ef73b0e56b19af594a31b813a4697ed7c514b305259bb0ad4595412bc35,41e7dfdecbfccda1d576d441cc9239729e84adfecdd881f311381b817be10044,/path/to/Diffusion-TS/Utils/discriminative_metric.py,42.25112795829773,2
Diffusion-TS,Energy,64,123,100003,discriminative_score,42,0.33536585365853655,True,4096,4de04ef73b0e56b19af594a31b813a4697ed7c514b305259bb0ad4595412bc35,41e7dfdecbfccda1d576d441cc9239729e84adfecdd881f311381b817be10044,/path/to/Diffusion-TS/Utils/discriminative_metric.py,41.961626291275024,0
Diffusion-TS,Energy,64,123,100003,discriminative_score,123,0.2475609756097561,True,4096,4de04ef73b0e56b19af594a31b813a4697ed7c514b305259bb0ad4595412bc35,41e7dfdecbfccda1d576d441cc9239729e84adfecdd881f311381b817be10044,/path/to/Diffusion-TS/Utils/discriminative_metric.py,42.10550856590271,1
Diffusion-TS,Energy,64,123,100004,discriminative_score,0,0.33231707317073167,True,4096,4de04ef73b0e56b19af594a31b813a4697ed7c514b305259bb0ad4595412bc35,0f3b18e283b6491230ebd6223a4ca1d30ac1bc032860c81659c0726c977ddea1,/path/to/Diffusion-TS/Utils/discriminative_metric.py,42.265705823898315,1
Diffusion-TS,Energy,64,123,100004,discriminative_score,42,0.348780487804878,True,4096,4de04ef73b0e56b19af594a31b813a4697ed7c514b305259bb0ad4595412bc35,0f3b18e283b6491230ebd6223a4ca1d30ac1bc032860c81659c0726c977ddea1,/path/to/Diffusion-TS/Utils/discriminative_metric.py,42.23064184188843,0
Diffusion-TS,Energy,64,123,100004,discriminative_score,123,0.3262195121951219,True,4096,4de04ef73b0e56b19af594a31b813a4697ed7c514b305259bb0ad4595412bc35,0f3b18e283b6491230ebd6223a4ca1d30ac1bc032860c81659c0726c977ddea1,/path/to/Diffusion-TS/Utils/discriminative_metric.py,42.089778900146484,2
PETS-U,Energy,64,0,100000,discriminative_score,0,0.1329268292682927,True,4096,4de04ef73b0e56b19af594a31b813a4697ed7c514b305259bb0ad4595412bc35,5b9c139869091113bd6098672401efc060e66684fd48d138fe9354cc6cb5215b,/path/to/Diffusion-TS/Utils/discriminative_metric.py,42.22335886955261,2
PETS-U,Energy,64,0,100000,discriminative_score,42,0.4317073170731708,True,4096,4de04ef73b0e56b19af594a31b813a4697ed7c514b305259bb0ad4595412bc35,5b9c139869091113bd6098672401efc060e66684fd48d138fe9354cc6cb5215b,/path/to/Diffusion-TS/Utils/discriminative_metric.py,42.0473198890686,1
PETS-U,Energy,64,0,100000,discriminative_score,123,0.23414634146341462,True,4096,4de04ef73b0e56b19af594a31b813a4697ed7c514b305259bb0ad4595412bc35,5b9c139869091113bd6098672401efc060e66684fd48d138fe9354cc6cb5215b,/path/to/Diffusion-TS/Utils/discriminative_metric.py,42.37987470626831,0
PETS-U,Energy,64,0,100001,discriminative_score,0,0.15670731707317076,True,4096,4de04ef73b0e56b19af594a31b813a4697ed7c514b305259bb0ad4595412bc35,9ffb4946f857579c06548b88fbf41e8d8fccfec643c69d902f6492864d90b6ec,/path/to/Diffusion-TS/Utils/discriminative_metric.py,42.25869131088257,1
PETS-U,Energy,64,0,100001,discriminative_score,42,0.4079268292682927,True,4096,4de04ef73b0e56b19af594a31b813a4697ed7c514b305259bb0ad4595412bc35,9ffb4946f857579c06548b88fbf41e8d8fccfec643c69d902f6492864d90b6ec,/path/to/Diffusion-TS/Utils/discriminative_metric.py,42.11695408821106,2
PETS-U,Energy,64,0,100001,discriminative_score,123,0.0,True,4096,4de04ef73b0e56b19af594a31b813a4697ed7c514b305259bb0ad4595412bc35,9ffb4946f857579c06548b88fbf41e8d8fccfec643c69d902f6492864d90b6ec,/path/to/Diffusion-TS/Utils/discriminative_metric.py,42.70128417015076,0
PETS-U,Energy,64,0,100002,discriminative_score,0,0.3548780487804878,True,4096,4de04ef73b0e56b19af594a31b813a4697ed7c514b305259bb0ad4595412bc35,20dd38ae02db3a3cb74f01ed2610c14a10ee40c5e399731979614a957eea3c93,/path/to/Diffusion-TS/Utils/discriminative_metric.py,42.10465455055237,0
PETS-U,Energy,64,0,100002,discriminative_score,42,0.44756097560975605,True,4096,4de04ef73b0e56b19af594a31b813a4697ed7c514b305259bb0ad4595412bc35,20dd38ae02db3a3cb74f01ed2610c14a10ee40c5e399731979614a957eea3c93,/path/to/Diffusion-TS/Utils/discriminative_metric.py,42.336395502090454,2
PETS-U,Energy,64,0,100002,discriminative_score,123,0.3798780487804878,True,4096,4de04ef73b0e56b19af594a31b813a4697ed7c514b305259bb0ad4595412bc35,20dd38ae02db3a3cb74f01ed2610c14a10ee40c5e399731979614a957eea3c93,/path/to/Diffusion-TS/Utils/discriminative_metric.py,42.11332845687866,1
PETS-U,Energy,64,0,100003,discriminative_score,0,0.40487804878048783,True,4096,4de04ef73b0e56b19af594a31b813a4697ed7c514b305259bb0ad4595412bc35,3b4ffe973cb21ff45ffc47206acea5a37dd8e047fccb71674b7a3b47a98d4cb6,/path/to/Diffusion-TS/Utils/discriminative_metric.py,41.92933797836304,2
PETS-U,Energy,64,0,100003,discriminative_score,42,0.3646341463414634,True,4096,4de04ef73b0e56b19af594a31b813a4697ed7c514b305259bb0ad4595412bc35,3b4ffe973cb21ff45ffc47206acea5a37dd8e047fccb71674b7a3b47a98d4cb6,/path/to/Diffusion-TS/Utils/discriminative_metric.py,42.3305869102478,0
PETS-U,Energy,64,0,100003,discriminative_score,123,0.020121951219512213,True,4096,4de04ef73b0e56b19af594a31b813a4697ed7c514b305259bb0ad4595412bc35,3b4ffe973cb21ff45ffc47206acea5a37dd8e047fccb71674b7a3b47a98d4cb6,/path/to/Diffusion-TS/Utils/discriminative_metric.py,42.02356719970703,1
PETS-U,Energy,64,0,100004,discriminative_score,0,0.1554878048780488,True,4096,4de04ef73b0e56b19af594a31b813a4697ed7c514b305259bb0ad4595412bc35,5c359165b3b167d6bb54576e8d1e8d1d9f6022a650231ea1bd40c95567cba511,/path/to/Diffusion-TS/Utils/discriminative_metric.py,42.59275674819946,0
PETS-U,Energy,64,0,100004,discriminative_score,42,0.43780487804878043,True,4096,4de04ef73b0e56b19af594a31b813a4697ed7c514b305259bb0ad4595412bc35,5c359165b3b167d6bb54576e8d1e8d1d9f6022a650231ea1bd40c95567cba511,/path/to/Diffusion-TS/Utils/discriminative_metric.py,42.23578953742981,1
PETS-U,Energy,64,0,100004,discriminative_score,123,0.40182926829268295,True,4096,4de04ef73b0e56b19af594a31b813a4697ed7c514b305259bb0ad4595412bc35,5c359165b3b167d6bb54576e8d1e8d1d9f6022a650231ea1bd40c95567cba511,/path/to/Diffusion-TS/Utils/discriminative_metric.py,42.15784287452698,2
PETS-U,Energy,64,42,100000,discriminative_score,0,0.38658536585365855,True,4096,4de04ef73b0e56b19af594a31b813a4697ed7c514b305259bb0ad4595412bc35,056f244d84881383816acf2f91c802c0f014df8e503228aa6f5af9d145f276d4,/path/to/Diffusion-TS/Utils/discriminative_metric.py,41.987324953079224,1
PETS-U,Energy,64,42,100000,discriminative_score,42,0.16402439024390247,True,4096,4de04ef73b0e56b19af594a31b813a4697ed7c514b305259bb0ad4595412bc35,056f244d84881383816acf2f91c802c0f014df8e503228aa6f5af9d145f276d4,/path/to/Diffusion-TS/Utils/discriminative_metric.py,42.45288372039795,2
PETS-U,Energy,64,42,100000,discriminative_score,123,0.4390243902439024,True,4096,4de04ef73b0e56b19af594a31b813a4697ed7c514b305259bb0ad4595412bc35,056f244d84881383816acf2f91c802c0f014df8e503228aa6f5af9d145f276d4,/path/to/Diffusion-TS/Utils/discriminative_metric.py,42.17254948616028,0
PETS-U,Energy,64,42,100001,discriminative_score,0,0.39695121951219514,True,4096,4de04ef73b0e56b19af594a31b813a4697ed7c514b305259bb0ad4595412bc35,39b7260655d8eb7a2df063d22f213bb886c1310e02c23739bb5a3f2c14a25d7c,/path/to/Diffusion-TS/Utils/discriminative_metric.py,42.06122970581055,1
PETS-U,Energy,64,42,100001,discriminative_score,42,0.37134146341463414,True,4096,4de04ef73b0e56b19af594a31b813a4697ed7c514b305259bb0ad4595412bc35,39b7260655d8eb7a2df063d22f213bb886c1310e02c23739bb5a3f2c14a25d7c,/path/to/Diffusion-TS/Utils/discriminative_metric.py,42.67453336715698,0
PETS-U,Energy,64,42,100001,discriminative_score,123,0.4060975609756098,True,4096,4de04ef73b0e56b19af594a31b813a4697ed7c514b305259bb0ad4595412bc35,39b7260655d8eb7a2df063d22f213bb886c1310e02c23739bb5a3f2c14a25d7c,/path/to/Diffusion-TS/Utils/discriminative_metric.py,42.26962232589722,2
PETS-U,Energy,64,42,100002,discriminative_score,0,0.30487804878048785,True,4096,4de04ef73b0e56b19af594a31b813a4697ed7c514b305259bb0ad4595412bc35,53efa6fb2d17e7c6be4a814786c8e921cdd94483c29549117cc7e106bcb13288,/path/to/Diffusion-TS/Utils/discriminative_metric.py,42.183948040008545,0
PETS-U,Energy,64,42,100002,discriminative_score,42,0.17987804878048785,True,4096,4de04ef73b0e56b19af594a31b813a4697ed7c514b305259bb0ad4595412bc35,53efa6fb2d17e7c6be4a814786c8e921cdd94483c29549117cc7e106bcb13288,/path/to/Diffusion-TS/Utils/discriminative_metric.py,42.29993987083435,1
PETS-U,Energy,64,42,100002,discriminative_score,123,0.4469512195121951,True,4096,4de04ef73b0e56b19af594a31b813a4697ed7c514b305259bb0ad4595412bc35,53efa6fb2d17e7c6be4a814786c8e921cdd94483c29549117cc7e106bcb13288,/path/to/Diffusion-TS/Utils/discriminative_metric.py,42.127436876297,2
PETS-U,Energy,64,42,100003,discriminative_score,0,0.37865853658536586,True,4096,4de04ef73b0e56b19af594a31b813a4697ed7c514b305259bb0ad4595412bc35,1a05077b858d4bdc8024b9eea10ae1ad854a9f9537dba9988f4bc0e9a6182afb,/path/to/Diffusion-TS/Utils/discriminative_metric.py,42.19268608093262,2
PETS-U,Energy,64,42,100003,discriminative_score,42,0.18475609756097566,True,4096,4de04ef73b0e56b19af594a31b813a4697ed7c514b305259bb0ad4595412bc35,1a05077b858d4bdc8024b9eea10ae1ad854a9f9537dba9988f4bc0e9a6182afb,/path/to/Diffusion-TS/Utils/discriminative_metric.py,42.369380950927734,0
PETS-U,Energy,64,42,100003,discriminative_score,123,0.44512195121951215,True,4096,4de04ef73b0e56b19af594a31b813a4697ed7c514b305259bb0ad4595412bc35,1a05077b858d4bdc8024b9eea10ae1ad854a9f9537dba9988f4bc0e9a6182afb,/path/to/Diffusion-TS/Utils/discriminative_metric.py,42.0976619720459,1
PETS-U,Energy,64,42,100004,discriminative_score,0,0.38597560975609757,True,4096,4de04ef73b0e56b19af594a31b813a4697ed7c514b305259bb0ad4595412bc35,676fde7d85a2a3ec3e47eeb7cfd0e64f65c093aa4771cf5bb9e06201dde6878f,/path/to/Diffusion-TS/Utils/discriminative_metric.py,42.37275147438049,2
PETS-U,Energy,64,42,100004,discriminative_score,42,0.40182926829268295,True,4096,4de04ef73b0e56b19af594a31b813a4697ed7c514b305259bb0ad4595412bc35,676fde7d85a2a3ec3e47eeb7cfd0e64f65c093aa4771cf5bb9e06201dde6878f,/path/to/Diffusion-TS/Utils/discriminative_metric.py,42.31605052947998,0
PETS-U,Energy,64,42,100004,discriminative_score,123,0.4365853658536586,True,4096,4de04ef73b0e56b19af594a31b813a4697ed7c514b305259bb0ad4595412bc35,676fde7d85a2a3ec3e47eeb7cfd0e64f65c093aa4771cf5bb9e06201dde6878f,/path/to/Diffusion-TS/Utils/discriminative_metric.py,41.659503698349,1
PETS-U,Energy,64,123,100000,discriminative_score,0,0.3804878048780488,True,4096,4de04ef73b0e56b19af594a31b813a4697ed7c514b305259bb0ad4595412bc35,3db31a6a4bd8b3a6640dd6b7ef3fe422f8eb479c5e4def1f3fde3cae6dfab7df,/path/to/Diffusion-TS/Utils/discriminative_metric.py,42.28549671173096,1
PETS-U,Energy,64,123,100000,discriminative_score,42,0.11768292682926829,True,4096,4de04ef73b0e56b19af594a31b813a4697ed7c514b305259bb0ad4595412bc35,3db31a6a4bd8b3a6640dd6b7ef3fe422f8eb479c5e4def1f3fde3cae6dfab7df,/path/to/Diffusion-TS/Utils/discriminative_metric.py,42.231261253356934,2
PETS-U,Energy,64,123,100000,discriminative_score,123,0.3823170731707317,True,4096,4de04ef73b0e56b19af594a31b813a4697ed7c514b305259bb0ad4595412bc35,3db31a6a4bd8b3a6640dd6b7ef3fe422f8eb479c5e4def1f3fde3cae6dfab7df,/path/to/Diffusion-TS/Utils/discriminative_metric.py,42.500203371047974,0
PETS-U,Energy,64,123,100001,discriminative_score,0,0.4134146341463415,True,4096,4de04ef73b0e56b19af594a31b813a4697ed7c514b305259bb0ad4595412bc35,e35aba46b18b9606c0c959dcd144ca9346b4938133f5075a023fc7201a4a6dae,/path/to/Diffusion-TS/Utils/discriminative_metric.py,42.31236553192139,1
PETS-U,Energy,64,123,100001,discriminative_score,42,0.27195121951219514,True,4096,4de04ef73b0e56b19af594a31b813a4697ed7c514b305259bb0ad4595412bc35,e35aba46b18b9606c0c959dcd144ca9346b4938133f5075a023fc7201a4a6dae,/path/to/Diffusion-TS/Utils/discriminative_metric.py,42.47748398780823,0
PETS-U,Energy,64,123,100001,discriminative_score,123,0.0,True,4096,4de04ef73b0e56b19af594a31b813a4697ed7c514b305259bb0ad4595412bc35,e35aba46b18b9606c0c959dcd144ca9346b4938133f5075a023fc7201a4a6dae,/path/to/Diffusion-TS/Utils/discriminative_metric.py,41.721253395080566,2
PETS-U,Energy,64,123,100002,discriminative_score,0,0.2835365853658537,True,4096,4de04ef73b0e56b19af594a31b813a4697ed7c514b305259bb0ad4595412bc35,45396f26917eb6e7f20138fa03e27dc6351541242c1c93542a099720f5a778bd,/path/to/Diffusion-TS/Utils/discriminative_metric.py,42.35404014587402,2
PETS-U,Energy,64,123,100002,discriminative_score,42,0.04268292682926833,True,4096,4de04ef73b0e56b19af594a31b813a4697ed7c514b305259bb0ad4595412bc35,45396f26917eb6e7f20138fa03e27dc6351541242c1c93542a099720f5a778bd,/path/to/Diffusion-TS/Utils/discriminative_metric.py,42.34980058670044,1
PETS-U,Energy,64,123,100002,discriminative_score,123,0.3829268292682927,True,4096,4de04ef73b0e56b19af594a31b813a4697ed7c514b305259bb0ad4595412bc35,45396f26917eb6e7f20138fa03e27dc6351541242c1c93542a099720f5a778bd,/path/to/Diffusion-TS/Utils/discriminative_metric.py,41.89669847488403,0
PETS-U,Energy,64,123,100003,discriminative_score,0,0.06951219512195123,True,4096,4de04ef73b0e56b19af594a31b813a4697ed7c514b305259bb0ad4595412bc35,d99b24a8c8ce39759a92b8dfb6975236a258395016f1716dd06d7b2307dea724,/path/to/Diffusion-TS/Utils/discriminative_metric.py,42.05545997619629,1
PETS-U,Energy,64,123,100003,discriminative_score,42,0.0012195121951219523,True,4096,4de04ef73b0e56b19af594a31b813a4697ed7c514b305259bb0ad4595412bc35,d99b24a8c8ce39759a92b8dfb6975236a258395016f1716dd06d7b2307dea724,/path/to/Diffusion-TS/Utils/discriminative_metric.py,42.641223430633545,0
PETS-U,Energy,64,123,100003,discriminative_score,123,0.38902439024390245,True,4096,4de04ef73b0e56b19af594a31b813a4697ed7c514b305259bb0ad4595412bc35,d99b24a8c8ce39759a92b8dfb6975236a258395016f1716dd06d7b2307dea724,/path/to/Diffusion-TS/Utils/discriminative_metric.py,42.01345133781433,2
PETS-U,Energy,64,123,100004,discriminative_score,0,0.43719512195121957,True,4096,4de04ef73b0e56b19af594a31b813a4697ed7c514b305259bb0ad4595412bc35,021a9daace458b823ec8b6f3b108bf3bf09d306f912341d69606228a94f60070,/path/to/Diffusion-TS/Utils/discriminative_metric.py,42.209707736968994,0
PETS-U,Energy,64,123,100004,discriminative_score,42,0.40670731707317076,True,4096,4de04ef73b0e56b19af594a31b813a4697ed7c514b305259bb0ad4595412bc35,021a9daace458b823ec8b6f3b108bf3bf09d306f912341d69606228a94f60070,/path/to/Diffusion-TS/Utils/discriminative_metric.py,42.258780002593994,2
PETS-U,Energy,64,123,100004,discriminative_score,123,0.224390243902439,True,4096,4de04ef73b0e56b19af594a31b813a4697ed7c514b305259bb0ad4595412bc35,021a9daace458b823ec8b6f3b108bf3bf09d306f912341d69606228a94f60070,/path/to/Diffusion-TS/Utils/discriminative_metric.py,42.01891231536865,1
Diffusion-TS,Energy,128,0,100000,discriminative_score,0,0.38597560975609757,True,4096,0082877761fe99d6f9502c5bbd4a86e23459340386e532f91d26799d68158192,420a671cc8221bff26966317fb7c14375f3881103cfac1e0cb8f97d1241ae0c1,/path/to/Diffusion-TS/Utils/discriminative_metric.py,75.35920929908752,2
Diffusion-TS,Energy,128,0,100000,discriminative_score,42,0.3774390243902439,True,4096,0082877761fe99d6f9502c5bbd4a86e23459340386e532f91d26799d68158192,420a671cc8221bff26966317fb7c14375f3881103cfac1e0cb8f97d1241ae0c1,/path/to/Diffusion-TS/Utils/discriminative_metric.py,75.63992214202881,1
Diffusion-TS,Energy,128,0,100000,discriminative_score,123,0.4591463414634146,True,4096,0082877761fe99d6f9502c5bbd4a86e23459340386e532f91d26799d68158192,420a671cc8221bff26966317fb7c14375f3881103cfac1e0cb8f97d1241ae0c1,/path/to/Diffusion-TS/Utils/discriminative_metric.py,74.85008478164673,0
Diffusion-TS,Energy,128,0,100001,discriminative_score,0,0.39451219512195124,True,4096,0082877761fe99d6f9502c5bbd4a86e23459340386e532f91d26799d68158192,8b8ef11a7ba05dae499482e58db53c71d57979f3e2c68510233b152d810be0cc,/path/to/Diffusion-TS/Utils/discriminative_metric.py,75.79285883903503,2
Diffusion-TS,Energy,128,0,100001,discriminative_score,42,0.375,True,4096,0082877761fe99d6f9502c5bbd4a86e23459340386e532f91d26799d68158192,8b8ef11a7ba05dae499482e58db53c71d57979f3e2c68510233b152d810be0cc,/path/to/Diffusion-TS/Utils/discriminative_metric.py,76.15794467926025,1
Diffusion-TS,Energy,128,0,100001,discriminative_score,123,0.40182926829268295,True,4096,0082877761fe99d6f9502c5bbd4a86e23459340386e532f91d26799d68158192,8b8ef11a7ba05dae499482e58db53c71d57979f3e2c68510233b152d810be0cc,/path/to/Diffusion-TS/Utils/discriminative_metric.py,76.30332541465759,0
Diffusion-TS,Energy,128,0,100002,discriminative_score,0,0.36829268292682926,True,4096,0082877761fe99d6f9502c5bbd4a86e23459340386e532f91d26799d68158192,71d86f00bec4b2eca8ca521d449dc2df57056c4881a798a65eb39565a4d574bb,/path/to/Diffusion-TS/Utils/discriminative_metric.py,75.34760236740112,1
Diffusion-TS,Energy,128,0,100002,discriminative_score,42,0.3701219512195122,True,4096,0082877761fe99d6f9502c5bbd4a86e23459340386e532f91d26799d68158192,71d86f00bec4b2eca8ca521d449dc2df57056c4881a798a65eb39565a4d574bb,/path/to/Diffusion-TS/Utils/discriminative_metric.py,76.31682658195496,2
Diffusion-TS,Energy,128,0,100002,discriminative_score,123,0.38414634146341464,True,4096,0082877761fe99d6f9502c5bbd4a86e23459340386e532f91d26799d68158192,71d86f00bec4b2eca8ca521d449dc2df57056c4881a798a65eb39565a4d574bb,/path/to/Diffusion-TS/Utils/discriminative_metric.py,75.01029753684998,0
Diffusion-TS,Energy,128,0,100003,discriminative_score,0,0.38109756097560976,True,4096,0082877761fe99d6f9502c5bbd4a86e23459340386e532f91d26799d68158192,31240832f06f70e7a81df6afeb669e32e6097ef255566ddcbe67b3ee0187039b,/path/to/Diffusion-TS/Utils/discriminative_metric.py,75.77357745170593,0
Diffusion-TS,Energy,128,0,100003,discriminative_score,42,0.37378048780487805,True,4096,0082877761fe99d6f9502c5bbd4a86e23459340386e532f91d26799d68158192,31240832f06f70e7a81df6afeb669e32e6097ef255566ddcbe67b3ee0187039b,/path/to/Diffusion-TS/Utils/discriminative_metric.py,75.9538586139679,2
Diffusion-TS,Energy,128,0,100003,discriminative_score,123,0.4365853658536586,True,4096,0082877761fe99d6f9502c5bbd4a86e23459340386e532f91d26799d68158192,31240832f06f70e7a81df6afeb669e32e6097ef255566ddcbe67b3ee0187039b,/path/to/Diffusion-TS/Utils/discriminative_metric.py,74.4972996711731,1
Diffusion-TS,Energy,128,0,100004,discriminative_score,0,0.3908536585365854,True,4096,0082877761fe99d6f9502c5bbd4a86e23459340386e532f91d26799d68158192,82fe2f970e2a21e5c3b19d4a43b8dd614352614a4c459a3fa4927aa6827d14b7,/path/to/Diffusion-TS/Utils/discriminative_metric.py,76.42647433280945,0
Diffusion-TS,Energy,128,0,100004,discriminative_score,42,0.3695121951219512,True,4096,0082877761fe99d6f9502c5bbd4a86e23459340386e532f91d26799d68158192,82fe2f970e2a21e5c3b19d4a43b8dd614352614a4c459a3fa4927aa6827d14b7,/path/to/Diffusion-TS/Utils/discriminative_metric.py,75.74745059013367,2
Diffusion-TS,Energy,128,0,100004,discriminative_score,123,0.4414634146341463,True,4096,0082877761fe99d6f9502c5bbd4a86e23459340386e532f91d26799d68158192,82fe2f970e2a21e5c3b19d4a43b8dd614352614a4c459a3fa4927aa6827d14b7,/path/to/Diffusion-TS/Utils/discriminative_metric.py,75.01531481742859,1
Diffusion-TS,Energy,128,42,100000,discriminative_score,0,0.43963414634146336,True,4096,0082877761fe99d6f9502c5bbd4a86e23459340386e532f91d26799d68158192,900b1b0759d5a3fd871ad0df64ac7de0af78244dede70e6696c6ae3199610b8a,/path/to/Diffusion-TS/Utils/discriminative_metric.py,75.07406806945801,2
Diffusion-TS,Energy,128,42,100000,discriminative_score,42,0.43719512195121957,True,4096,0082877761fe99d6f9502c5bbd4a86e23459340386e532f91d26799d68158192,900b1b0759d5a3fd871ad0df64ac7de0af78244dede70e6696c6ae3199610b8a,/path/to/Diffusion-TS/Utils/discriminative_metric.py,75.07518815994263,0
Diffusion-TS,Energy,128,42,100000,discriminative_score,123,0.4542682926829268,True,4096,0082877761fe99d6f9502c5bbd4a86e23459340386e532f91d26799d68158192,900b1b0759d5a3fd871ad0df64ac7de0af78244dede70e6696c6ae3199610b8a,/path/to/Diffusion-TS/Utils/discriminative_metric.py,74.90594387054443,1
Diffusion-TS,Energy,128,42,100001,discriminative_score,0,0.449390243902439,True,4096,0082877761fe99d6f9502c5bbd4a86e23459340386e532f91d26799d68158192,f072ce0ed2acaa98fe36bea134638fe7cd596796c7316b587faf5970ac9d9dba,/path/to/Diffusion-TS/Utils/discriminative_metric.py,75.13314390182495,2
Diffusion-TS,Energy,128,42,100001,discriminative_score,42,0.4365853658536586,True,4096,0082877761fe99d6f9502c5bbd4a86e23459340386e532f91d26799d68158192,f072ce0ed2acaa98fe36bea134638fe7cd596796c7316b587faf5970ac9d9dba,/path/to/Diffusion-TS/Utils/discriminative_metric.py,75.76933550834656,1
Diffusion-TS,Energy,128,42,100001,discriminative_score,123,0.4597560975609756,True,4096,0082877761fe99d6f9502c5bbd4a86e23459340386e532f91d26799d68158192,f072ce0ed2acaa98fe36bea134638fe7cd596796c7316b587faf5970ac9d9dba,/path/to/Diffusion-TS/Utils/discriminative_metric.py,75.89985728263855,0
Diffusion-TS,Energy,128,42,100002,discriminative_score,0,0.44999999999999996,True,4096,0082877761fe99d6f9502c5bbd4a86e23459340386e532f91d26799d68158192,9f7567cda4c2b3d2f11f9e5121c25db533698f3891e15cfde2e957dc01be107f,/path/to/Diffusion-TS/Utils/discriminative_metric.py,74.66618871688843,2
Diffusion-TS,Energy,128,42,100002,discriminative_score,42,0.4365853658536586,True,4096,0082877761fe99d6f9502c5bbd4a86e23459340386e532f91d26799d68158192,9f7567cda4c2b3d2f11f9e5121c25db533698f3891e15cfde2e957dc01be107f,/path/to/Diffusion-TS/Utils/discriminative_metric.py,75.6270170211792,1
Diffusion-TS,Energy,128,42,100002,discriminative_score,123,0.44451219512195117,True,4096,0082877761fe99d6f9502c5bbd4a86e23459340386e532f91d26799d68158192,9f7567cda4c2b3d2f11f9e5121c25db533698f3891e15cfde2e957dc01be107f,/path/to/Diffusion-TS/Utils/discriminative_metric.py,75.0084240436554,0
Diffusion-TS,Energy,128,42,100003,discriminative_score,0,0.4280487804878049,True,4096,0082877761fe99d6f9502c5bbd4a86e23459340386e532f91d26799d68158192,fb003b62d8e53827b2e5218ddbff82b367d04e6c4b105accba61c07bb8f532c4,/path/to/Diffusion-TS/Utils/discriminative_metric.py,75.09366011619568,0
Diffusion-TS,Energy,128,42,100003,discriminative_score,42,0.43719512195121957,True,4096,0082877761fe99d6f9502c5bbd4a86e23459340386e532f91d26799d68158192,fb003b62d8e53827b2e5218ddbff82b367d04e6c4b105accba61c07bb8f532c4,/path/to/Diffusion-TS/Utils/discriminative_metric.py,75.3259711265564,2
Diffusion-TS,Energy,128,42,100003,discriminative_score,123,0.4341463414634147,True,4096,0082877761fe99d6f9502c5bbd4a86e23459340386e532f91d26799d68158192,fb003b62d8e53827b2e5218ddbff82b367d04e6c4b105accba61c07bb8f532c4,/path/to/Diffusion-TS/Utils/discriminative_metric.py,75.35370087623596,1
Diffusion-TS,Energy,128,42,100004,discriminative_score,0,0.4359756097560976,True,4096,0082877761fe99d6f9502c5bbd4a86e23459340386e532f91d26799d68158192,9c0ca51b3528df5a85de903fe361c88431e1b412762756408d80fb5e6491cbb6,/path/to/Diffusion-TS/Utils/discriminative_metric.py,76.26108407974243,1
Diffusion-TS,Energy,128,42,100004,discriminative_score,42,0.43780487804878043,True,4096,0082877761fe99d6f9502c5bbd4a86e23459340386e532f91d26799d68158192,9c0ca51b3528df5a85de903fe361c88431e1b412762756408d80fb5e6491cbb6,/path/to/Diffusion-TS/Utils/discriminative_metric.py,75.84253311157227,0
Diffusion-TS,Energy,128,42,100004,discriminative_score,123,0.4439024390243902,True,4096,0082877761fe99d6f9502c5bbd4a86e23459340386e532f91d26799d68158192,9c0ca51b3528df5a85de903fe361c88431e1b412762756408d80fb5e6491cbb6,/path/to/Diffusion-TS/Utils/discriminative_metric.py,75.28232312202454,2
Diffusion-TS,Energy,128,123,100000,discriminative_score,0,0.40731707317073174,True,4096,0082877761fe99d6f9502c5bbd4a86e23459340386e532f91d26799d68158192,044267d24e44b319d77937ecd994c8a1577bf180651c87efb6efb4719b8fb3da,/path/to/Diffusion-TS/Utils/discriminative_metric.py,76.02013182640076,0
Diffusion-TS,Energy,128,123,100000,discriminative_score,42,0.426829268292683,True,4096,0082877761fe99d6f9502c5bbd4a86e23459340386e532f91d26799d68158192,044267d24e44b319d77937ecd994c8a1577bf180651c87efb6efb4719b8fb3da,/path/to/Diffusion-TS/Utils/discriminative_metric.py,75.34606051445007,1
Diffusion-TS,Energy,128,123,100000,discriminative_score,123,0.448170731707317,True,4096,0082877761fe99d6f9502c5bbd4a86e23459340386e532f91d26799d68158192,044267d24e44b319d77937ecd994c8a1577bf180651c87efb6efb4719b8fb3da,/path/to/Diffusion-TS/Utils/discriminative_metric.py,75.94464874267578,2
Diffusion-TS,Energy,128,123,100001,discriminative_score,0,0.4060975609756098,True,4096,0082877761fe99d6f9502c5bbd4a86e23459340386e532f91d26799d68158192,4ec496fb29eef1ab06d8f518885fd9b1632103ffbe8589c80cc6c592a0f6ba0c,/path/to/Diffusion-TS/Utils/discriminative_metric.py,75.94580674171448,1
Diffusion-TS,Energy,128,123,100001,discriminative_score,42,0.4432926829268292,True,4096,0082877761fe99d6f9502c5bbd4a86e23459340386e532f91d26799d68158192,4ec496fb29eef1ab06d8f518885fd9b1632103ffbe8589c80cc6c592a0f6ba0c,/path/to/Diffusion-TS/Utils/discriminative_metric.py,75.67388844490051,2
Diffusion-TS,Energy,128,123,100001,discriminative_score,123,0.4408536585365853,True,4096,0082877761fe99d6f9502c5bbd4a86e23459340386e532f91d26799d68158192,4ec496fb29eef1ab06d8f518885fd9b1632103ffbe8589c80cc6c592a0f6ba0c,/path/to/Diffusion-TS/Utils/discriminative_metric.py,75.88695120811462,0
Diffusion-TS,Energy,128,123,100002,discriminative_score,0,0.4024390243902439,True,4096,0082877761fe99d6f9502c5bbd4a86e23459340386e532f91d26799d68158192,9bda9caf4c79d683ec6f2585f674b7b9460a793609437294ac40ba470cd3138b,/path/to/Diffusion-TS/Utils/discriminative_metric.py,74.95023155212402,1
Diffusion-TS,Energy,128,123,100002,discriminative_score,42,0.4384146341463414,True,4096,0082877761fe99d6f9502c5bbd4a86e23459340386e532f91d26799d68158192,9bda9caf4c79d683ec6f2585f674b7b9460a793609437294ac40ba470cd3138b,/path/to/Diffusion-TS/Utils/discriminative_metric.py,75.70853614807129,2
Diffusion-TS,Energy,128,123,100002,discriminative_score,123,0.43048780487804883,True,4096,0082877761fe99d6f9502c5bbd4a86e23459340386e532f91d26799d68158192,9bda9caf4c79d683ec6f2585f674b7b9460a793609437294ac40ba470cd3138b,/path/to/Diffusion-TS/Utils/discriminative_metric.py,75.8968551158905,0
Diffusion-TS,Energy,128,123,100003,discriminative_score,0,0.4,True,4096,0082877761fe99d6f9502c5bbd4a86e23459340386e532f91d26799d68158192,c6a86f4a9ffca73bd1aeac4a13f427ee46f1114a010a792bc26a37b1e65cfaaa,/path/to/Diffusion-TS/Utils/discriminative_metric.py,75.17962646484375,0
Diffusion-TS,Energy,128,123,100003,discriminative_score,42,0.44451219512195117,True,4096,0082877761fe99d6f9502c5bbd4a86e23459340386e532f91d26799d68158192,c6a86f4a9ffca73bd1aeac4a13f427ee46f1114a010a792bc26a37b1e65cfaaa,/path/to/Diffusion-TS/Utils/discriminative_metric.py,75.86820602416992,1
Diffusion-TS,Energy,128,123,100003,discriminative_score,123,0.4384146341463414,True,4096,0082877761fe99d6f9502c5bbd4a86e23459340386e532f91d26799d68158192,c6a86f4a9ffca73bd1aeac4a13f427ee46f1114a010a792bc26a37b1e65cfaaa,/path/to/Diffusion-TS/Utils/discriminative_metric.py,75.47154688835144,2
Diffusion-TS,Energy,128,123,100004,discriminative_score,0,0.40426829268292686,True,4096,0082877761fe99d6f9502c5bbd4a86e23459340386e532f91d26799d68158192,7db6096fe1cdb9de994fd3c2f3dd93fbf1c42a81c456e5ebf5c7a3d546417aa0,/path/to/Diffusion-TS/Utils/discriminative_metric.py,75.20189046859741,1
Diffusion-TS,Energy,128,123,100004,discriminative_score,42,0.1682926829268293,True,4096,0082877761fe99d6f9502c5bbd4a86e23459340386e532f91d26799d68158192,7db6096fe1cdb9de994fd3c2f3dd93fbf1c42a81c456e5ebf5c7a3d546417aa0,/path/to/Diffusion-TS/Utils/discriminative_metric.py,76.14342546463013,2
Diffusion-TS,Energy,128,123,100004,discriminative_score,123,0.4359756097560976,True,4096,0082877761fe99d6f9502c5bbd4a86e23459340386e532f91d26799d68158192,7db6096fe1cdb9de994fd3c2f3dd93fbf1c42a81c456e5ebf5c7a3d546417aa0,/path/to/Diffusion-TS/Utils/discriminative_metric.py,75.61958956718445,0
PETS-U,Energy,128,0,100000,discriminative_score,0,0.46341463414634143,True,4096,0082877761fe99d6f9502c5bbd4a86e23459340386e532f91d26799d68158192,b5a89ffd2b3829d29f6058255027553df1df8955aca42a98761edd4023cdfda1,/path/to/Diffusion-TS/Utils/discriminative_metric.py,75.71542072296143,0
PETS-U,Energy,128,0,100000,discriminative_score,42,0.4615853658536585,True,4096,0082877761fe99d6f9502c5bbd4a86e23459340386e532f91d26799d68158192,b5a89ffd2b3829d29f6058255027553df1df8955aca42a98761edd4023cdfda1,/path/to/Diffusion-TS/Utils/discriminative_metric.py,75.15340733528137,1
PETS-U,Energy,128,0,100000,discriminative_score,123,0.47621951219512193,True,4096,0082877761fe99d6f9502c5bbd4a86e23459340386e532f91d26799d68158192,b5a89ffd2b3829d29f6058255027553df1df8955aca42a98761edd4023cdfda1,/path/to/Diffusion-TS/Utils/discriminative_metric.py,76.01881957054138,2
PETS-U,Energy,128,0,100001,discriminative_score,0,0.4621951219512195,True,4096,0082877761fe99d6f9502c5bbd4a86e23459340386e532f91d26799d68158192,66f62205452e3e031fe9f49c834c61fe00116f823935d820dc8ad752f109a688,/path/to/Diffusion-TS/Utils/discriminative_metric.py,76.0407338142395,0
PETS-U,Energy,128,0,100001,discriminative_score,42,0.4365853658536586,True,4096,0082877761fe99d6f9502c5bbd4a86e23459340386e532f91d26799d68158192,66f62205452e3e031fe9f49c834c61fe00116f823935d820dc8ad752f109a688,/path/to/Diffusion-TS/Utils/discriminative_metric.py,75.5736243724823,1
PETS-U,Energy,128,0,100001,discriminative_score,123,0.46341463414634143,True,4096,0082877761fe99d6f9502c5bbd4a86e23459340386e532f91d26799d68158192,66f62205452e3e031fe9f49c834c61fe00116f823935d820dc8ad752f109a688,/path/to/Diffusion-TS/Utils/discriminative_metric.py,75.9759156703949,2
PETS-U,Energy,128,0,100002,discriminative_score,0,0.4621951219512195,True,4096,0082877761fe99d6f9502c5bbd4a86e23459340386e532f91d26799d68158192,fde905efcf527dd0f18da61dce9c8e7bd73519d074114dfaf0687244ab2503d7,/path/to/Diffusion-TS/Utils/discriminative_metric.py,76.55158829689026,2
PETS-U,Energy,128,0,100002,discriminative_score,42,0.46036585365853655,True,4096,0082877761fe99d6f9502c5bbd4a86e23459340386e532f91d26799d68158192,fde905efcf527dd0f18da61dce9c8e7bd73519d074114dfaf0687244ab2503d7,/path/to/Diffusion-TS/Utils/discriminative_metric.py,75.6245698928833,1
PETS-U,Energy,128,0,100002,discriminative_score,123,0.46524390243902436,True,4096,0082877761fe99d6f9502c5bbd4a86e23459340386e532f91d26799d68158192,fde905efcf527dd0f18da61dce9c8e7bd73519d074114dfaf0687244ab2503d7,/path/to/Diffusion-TS/Utils/discriminative_metric.py,75.74950671195984,0
PETS-U,Energy,128,0,100003,discriminative_score,0,0.4085365853658537,True,4096,0082877761fe99d6f9502c5bbd4a86e23459340386e532f91d26799d68158192,3811dac65971661b2db6bbd5155ceed52278351597ee778f436a99908643f8ba,/path/to/Diffusion-TS/Utils/discriminative_metric.py,75.42793917655945,1
PETS-U,Energy,128,0,100003,discriminative_score,42,0.30548780487804883,True,4096,0082877761fe99d6f9502c5bbd4a86e23459340386e532f91d26799d68158192,3811dac65971661b2db6bbd5155ceed52278351597ee778f436a99908643f8ba,/path/to/Diffusion-TS/Utils/discriminative_metric.py,75.18509697914124,2
PETS-U,Energy,128,0,100003,discriminative_score,123,0.45548780487804874,True,4096,0082877761fe99d6f9502c5bbd4a86e23459340386e532f91d26799d68158192,3811dac65971661b2db6bbd5155ceed52278351597ee778f436a99908643f8ba,/path/to/Diffusion-TS/Utils/discriminative_metric.py,75.41270852088928,0
PETS-U,Energy,128,0,100004,discriminative_score,0,0.45487804878048776,True,4096,0082877761fe99d6f9502c5bbd4a86e23459340386e532f91d26799d68158192,e271f6b575a360600f946ed44296651355592dc08db8ec56af67f5804a960ee5,/path/to/Diffusion-TS/Utils/discriminative_metric.py,75.55974960327148,0
PETS-U,Energy,128,0,100004,discriminative_score,42,0.4664634146341463,True,4096,0082877761fe99d6f9502c5bbd4a86e23459340386e532f91d26799d68158192,e271f6b575a360600f946ed44296651355592dc08db8ec56af67f5804a960ee5,/path/to/Diffusion-TS/Utils/discriminative_metric.py,76.6824643611908,2
PETS-U,Energy,128,0,100004,discriminative_score,123,0.4646341463414634,True,4096,0082877761fe99d6f9502c5bbd4a86e23459340386e532f91d26799d68158192,e271f6b575a360600f946ed44296651355592dc08db8ec56af67f5804a960ee5,/path/to/Diffusion-TS/Utils/discriminative_metric.py,75.85393071174622,1
PETS-U,Energy,128,42,100000,discriminative_score,0,0.46036585365853655,True,4096,0082877761fe99d6f9502c5bbd4a86e23459340386e532f91d26799d68158192,de0c38f641024c892e97236670dc4418cdd50cb7482f67fb637285cc5e07e6d2,/path/to/Diffusion-TS/Utils/discriminative_metric.py,76.0089385509491,0
PETS-U,Energy,128,42,100000,discriminative_score,42,0.45060975609756093,True,4096,0082877761fe99d6f9502c5bbd4a86e23459340386e532f91d26799d68158192,de0c38f641024c892e97236670dc4418cdd50cb7482f67fb637285cc5e07e6d2,/path/to/Diffusion-TS/Utils/discriminative_metric.py,75.462082862854,1
PETS-U,Energy,128,42,100000,discriminative_score,123,0.4518292682926829,True,4096,0082877761fe99d6f9502c5bbd4a86e23459340386e532f91d26799d68158192,de0c38f641024c892e97236670dc4418cdd50cb7482f67fb637285cc5e07e6d2,/path/to/Diffusion-TS/Utils/discriminative_metric.py,75.02121114730835,2
PETS-U,Energy,128,42,100001,discriminative_score,0,0.4597560975609756,True,4096,0082877761fe99d6f9502c5bbd4a86e23459340386e532f91d26799d68158192,35e5190b9132c49821b2cc505c6f68e67443f082b071cf43eae9cfcd8728e5ca,/path/to/Diffusion-TS/Utils/discriminative_metric.py,76.11841130256653,2
PETS-U,Energy,128,42,100001,discriminative_score,42,0.4542682926829268,True,4096,0082877761fe99d6f9502c5bbd4a86e23459340386e532f91d26799d68158192,35e5190b9132c49821b2cc505c6f68e67443f082b071cf43eae9cfcd8728e5ca,/path/to/Diffusion-TS/Utils/discriminative_metric.py,75.75889158248901,0
PETS-U,Energy,128,42,100001,discriminative_score,123,0.48902439024390243,True,4096,0082877761fe99d6f9502c5bbd4a86e23459340386e532f91d26799d68158192,35e5190b9132c49821b2cc505c6f68e67443f082b071cf43eae9cfcd8728e5ca,/path/to/Diffusion-TS/Utils/discriminative_metric.py,75.70856976509094,1
PETS-U,Energy,128,42,100002,discriminative_score,0,0.4621951219512195,True,4096,0082877761fe99d6f9502c5bbd4a86e23459340386e532f91d26799d68158192,0800867c1f7f42c5078ce87d46753aaba2c622fd858d19cadce382da9ad04807,/path/to/Diffusion-TS/Utils/discriminative_metric.py,75.71417307853699,0
PETS-U,Energy,128,42,100002,discriminative_score,42,0.45487804878048776,True,4096,0082877761fe99d6f9502c5bbd4a86e23459340386e532f91d26799d68158192,0800867c1f7f42c5078ce87d46753aaba2c622fd858d19cadce382da9ad04807,/path/to/Diffusion-TS/Utils/discriminative_metric.py,75.53280782699585,1
PETS-U,Energy,128,42,100002,discriminative_score,123,0.48109756097560974,True,4096,0082877761fe99d6f9502c5bbd4a86e23459340386e532f91d26799d68158192,0800867c1f7f42c5078ce87d46753aaba2c622fd858d19cadce382da9ad04807,/path/to/Diffusion-TS/Utils/discriminative_metric.py,75.38863396644592,2
PETS-U,Energy,128,42,100003,discriminative_score,0,0.4585365853658536,True,4096,0082877761fe99d6f9502c5bbd4a86e23459340386e532f91d26799d68158192,ceb7f6e24c6c3c6d989bf0ad5e23e741e7fceb5ded9d5227fb09934bb269c58d,/path/to/Diffusion-TS/Utils/discriminative_metric.py,76.24508213996887,0
PETS-U,Energy,128,42,100003,discriminative_score,42,0.4408536585365853,True,4096,0082877761fe99d6f9502c5bbd4a86e23459340386e532f91d26799d68158192,ceb7f6e24c6c3c6d989bf0ad5e23e741e7fceb5ded9d5227fb09934bb269c58d,/path/to/Diffusion-TS/Utils/discriminative_metric.py,75.78442239761353,2
PETS-U,Energy,128,42,100003,discriminative_score,123,0.4841463414634146,True,4096,0082877761fe99d6f9502c5bbd4a86e23459340386e532f91d26799d68158192,ceb7f6e24c6c3c6d989bf0ad5e23e741e7fceb5ded9d5227fb09934bb269c58d,/path/to/Diffusion-TS/Utils/discriminative_metric.py,75.46181035041809,1
PETS-U,Energy,128,42,100004,discriminative_score,0,0.473780487804878,True,4096,0082877761fe99d6f9502c5bbd4a86e23459340386e532f91d26799d68158192,6f9a120dfa7117e916d5298faeb1760718362cc31c9d06ef9e61bd717eb2891c,/path/to/Diffusion-TS/Utils/discriminative_metric.py,75.86991047859192,2
PETS-U,Energy,128,42,100004,discriminative_score,42,0.45548780487804874,True,4096,0082877761fe99d6f9502c5bbd4a86e23459340386e532f91d26799d68158192,6f9a120dfa7117e916d5298faeb1760718362cc31c9d06ef9e61bd717eb2891c,/path/to/Diffusion-TS/Utils/discriminative_metric.py,76.92493748664856,1
PETS-U,Energy,128,42,100004,discriminative_score,123,0.48048780487804876,True,4096,0082877761fe99d6f9502c5bbd4a86e23459340386e532f91d26799d68158192,6f9a120dfa7117e916d5298faeb1760718362cc31c9d06ef9e61bd717eb2891c,/path/to/Diffusion-TS/Utils/discriminative_metric.py,76.39267420768738,0
PETS-U,Energy,128,123,100000,discriminative_score,0,0.2042682926829268,True,4096,0082877761fe99d6f9502c5bbd4a86e23459340386e532f91d26799d68158192,14130a12e3f1d76749ba4aa31c0065357f96e6dd1aefb54117c11aaedbc6678b,/path/to/Diffusion-TS/Utils/discriminative_metric.py,75.13648319244385,2
PETS-U,Energy,128,123,100000,discriminative_score,42,0.4439024390243902,True,4096,0082877761fe99d6f9502c5bbd4a86e23459340386e532f91d26799d68158192,14130a12e3f1d76749ba4aa31c0065357f96e6dd1aefb54117c11aaedbc6678b,/path/to/Diffusion-TS/Utils/discriminative_metric.py,76.13847231864929,1
PETS-U,Energy,128,123,100000,discriminative_score,123,0.45548780487804874,True,4096,0082877761fe99d6f9502c5bbd4a86e23459340386e532f91d26799d68158192,14130a12e3f1d76749ba4aa31c0065357f96e6dd1aefb54117c11aaedbc6678b,/path/to/Diffusion-TS/Utils/discriminative_metric.py,75.60957336425781,0
PETS-U,Energy,128,123,100001,discriminative_score,0,0.1353658536585366,True,4096,0082877761fe99d6f9502c5bbd4a86e23459340386e532f91d26799d68158192,fcc266386a67fd61f4528883fa1aa582f390d577465292c550b6eaf24897eefd,/path/to/Diffusion-TS/Utils/discriminative_metric.py,75.35088300704956,0
PETS-U,Energy,128,123,100001,discriminative_score,42,0.4457317073170731,True,4096,0082877761fe99d6f9502c5bbd4a86e23459340386e532f91d26799d68158192,fcc266386a67fd61f4528883fa1aa582f390d577465292c550b6eaf24897eefd,/path/to/Diffusion-TS/Utils/discriminative_metric.py,75.50621938705444,1
PETS-U,Energy,128,123,100001,discriminative_score,123,0.46768292682926826,True,4096,0082877761fe99d6f9502c5bbd4a86e23459340386e532f91d26799d68158192,fcc266386a67fd61f4528883fa1aa582f390d577465292c550b6eaf24897eefd,/path/to/Diffusion-TS/Utils/discriminative_metric.py,75.23889660835266,2
PETS-U,Energy,128,123,100002,discriminative_score,0,0.150609756097561,True,4096,0082877761fe99d6f9502c5bbd4a86e23459340386e532f91d26799d68158192,dade79624058ffa3c3a1fc88d8400b124d1a42db69a7096d3c39924d5efe3c84,/path/to/Diffusion-TS/Utils/discriminative_metric.py,75.38173913955688,2
PETS-U,Energy,128,123,100002,discriminative_score,42,0.4457317073170731,True,4096,0082877761fe99d6f9502c5bbd4a86e23459340386e532f91d26799d68158192,dade79624058ffa3c3a1fc88d8400b124d1a42db69a7096d3c39924d5efe3c84,/path/to/Diffusion-TS/Utils/discriminative_metric.py,74.58110880851746,0
PETS-U,Energy,128,123,100002,discriminative_score,123,0.4414634146341463,True,4096,0082877761fe99d6f9502c5bbd4a86e23459340386e532f91d26799d68158192,dade79624058ffa3c3a1fc88d8400b124d1a42db69a7096d3c39924d5efe3c84,/path/to/Diffusion-TS/Utils/discriminative_metric.py,74.81539750099182,1
PETS-U,Energy,128,123,100003,discriminative_score,0,0.17012195121951224,True,4096,0082877761fe99d6f9502c5bbd4a86e23459340386e532f91d26799d68158192,082bb1eb0d713e2a35e3d5c819e091f5448db878efcf194430b71b466be6efb6,/path/to/Diffusion-TS/Utils/discriminative_metric.py,75.88645887374878,2
PETS-U,Energy,128,123,100003,discriminative_score,42,0.45243902439024386,True,4096,0082877761fe99d6f9502c5bbd4a86e23459340386e532f91d26799d68158192,082bb1eb0d713e2a35e3d5c819e091f5448db878efcf194430b71b466be6efb6,/path/to/Diffusion-TS/Utils/discriminative_metric.py,75.45727324485779,0
PETS-U,Energy,128,123,100003,discriminative_score,123,0.44999999999999996,True,4096,0082877761fe99d6f9502c5bbd4a86e23459340386e532f91d26799d68158192,082bb1eb0d713e2a35e3d5c819e091f5448db878efcf194430b71b466be6efb6,/path/to/Diffusion-TS/Utils/discriminative_metric.py,76.17376947402954,1
PETS-U,Energy,128,123,100004,discriminative_score,0,0.39207317073170733,True,4096,0082877761fe99d6f9502c5bbd4a86e23459340386e532f91d26799d68158192,5df62705c1c8b25204dad83c088e5544440212c2e42c13877be119496e19098e,/path/to/Diffusion-TS/Utils/discriminative_metric.py,75.56449866294861,0
PETS-U,Energy,128,123,100004,discriminative_score,42,0.4518292682926829,True,4096,0082877761fe99d6f9502c5bbd4a86e23459340386e532f91d26799d68158192,5df62705c1c8b25204dad83c088e5544440212c2e42c13877be119496e19098e,/path/to/Diffusion-TS/Utils/discriminative_metric.py,75.60744094848633,2
PETS-U,Energy,128,123,100004,discriminative_score,123,0.473780487804878,True,4096,0082877761fe99d6f9502c5bbd4a86e23459340386e532f91d26799d68158192,5df62705c1c8b25204dad83c088e5544440212c2e42c13877be119496e19098e,/path/to/Diffusion-TS/Utils/discriminative_metric.py,75.32462191581726,1
Diffusion-TS,Energy,256,0,100000,discriminative_score,0,0.4768292682926829,True,4096,85497375d523f70b566ec01c5da04796afe02d4640334dc033d8d61f3fccd859,4324b0ebbcfa7a75b1ac92e5d1dd2efc4d0e52462d8f0500a02c5b151290e627,/path/to/Diffusion-TS/Utils/discriminative_metric.py,145.31355118751526,2
Diffusion-TS,Energy,256,0,100000,discriminative_score,42,0.4847560975609756,True,4096,85497375d523f70b566ec01c5da04796afe02d4640334dc033d8d61f3fccd859,4324b0ebbcfa7a75b1ac92e5d1dd2efc4d0e52462d8f0500a02c5b151290e627,/path/to/Diffusion-TS/Utils/discriminative_metric.py,145.8413691520691,1
Diffusion-TS,Energy,256,0,100000,discriminative_score,123,0.4975609756097561,True,4096,85497375d523f70b566ec01c5da04796afe02d4640334dc033d8d61f3fccd859,4324b0ebbcfa7a75b1ac92e5d1dd2efc4d0e52462d8f0500a02c5b151290e627,/path/to/Diffusion-TS/Utils/discriminative_metric.py,147.85476756095886,0
Diffusion-TS,Energy,256,0,100001,discriminative_score,0,0.48353658536585364,True,4096,85497375d523f70b566ec01c5da04796afe02d4640334dc033d8d61f3fccd859,1244e75109996c20886e009e1e0e250945e09f062de82f8f0043aed3a0fe8fb9,/path/to/Diffusion-TS/Utils/discriminative_metric.py,140.31387376785278,1
Diffusion-TS,Energy,256,0,100001,discriminative_score,42,0.48048780487804876,True,4096,85497375d523f70b566ec01c5da04796afe02d4640334dc033d8d61f3fccd859,1244e75109996c20886e009e1e0e250945e09f062de82f8f0043aed3a0fe8fb9,/path/to/Diffusion-TS/Utils/discriminative_metric.py,146.82314825057983,2
Diffusion-TS,Energy,256,0,100001,discriminative_score,123,0.4871951219512195,True,4096,85497375d523f70b566ec01c5da04796afe02d4640334dc033d8d61f3fccd859,1244e75109996c20886e009e1e0e250945e09f062de82f8f0043aed3a0fe8fb9,/path/to/Diffusion-TS/Utils/discriminative_metric.py,140.46204900741577,0
Diffusion-TS,Energy,256,0,100002,discriminative_score,0,0.473780487804878,True,4096,85497375d523f70b566ec01c5da04796afe02d4640334dc033d8d61f3fccd859,bc034830620b9472fba3c2fb6d45245a0d47cba64a4ff1af0dec22ace37a334e,/path/to/Diffusion-TS/Utils/discriminative_metric.py,146.79604268074036,1
Diffusion-TS,Energy,256,0,100002,discriminative_score,42,0.47073170731707314,True,4096,85497375d523f70b566ec01c5da04796afe02d4640334dc033d8d61f3fccd859,bc034830620b9472fba3c2fb6d45245a0d47cba64a4ff1af0dec22ace37a334e,/path/to/Diffusion-TS/Utils/discriminative_metric.py,147.0559651851654,0
Diffusion-TS,Energy,256,0,100002,discriminative_score,123,0.4920731707317073,True,4096,85497375d523f70b566ec01c5da04796afe02d4640334dc033d8d61f3fccd859,bc034830620b9472fba3c2fb6d45245a0d47cba64a4ff1af0dec22ace37a334e,/path/to/Diffusion-TS/Utils/discriminative_metric.py,146.86998391151428,2
Diffusion-TS,Energy,256,0,100003,discriminative_score,0,0.4841463414634146,True,4096,85497375d523f70b566ec01c5da04796afe02d4640334dc033d8d61f3fccd859,d4b17754bb8c847aab25c1998ab42eb98c2078c237d6e56804319f4f81700803,/path/to/Diffusion-TS/Utils/discriminative_metric.py,146.28704595565796,0
Diffusion-TS,Energy,256,0,100003,discriminative_score,42,0.4664634146341463,True,4096,85497375d523f70b566ec01c5da04796afe02d4640334dc033d8d61f3fccd859,d4b17754bb8c847aab25c1998ab42eb98c2078c237d6e56804319f4f81700803,/path/to/Diffusion-TS/Utils/discriminative_metric.py,136.9845745563507,1
Diffusion-TS,Energy,256,0,100003,discriminative_score,123,0.48597560975609755,True,4096,85497375d523f70b566ec01c5da04796afe02d4640334dc033d8d61f3fccd859,d4b17754bb8c847aab25c1998ab42eb98c2078c237d6e56804319f4f81700803,/path/to/Diffusion-TS/Utils/discriminative_metric.py,146.23052978515625,2
Diffusion-TS,Energy,256,0,100004,discriminative_score,0,0.48902439024390243,True,4096,85497375d523f70b566ec01c5da04796afe02d4640334dc033d8d61f3fccd859,fa44d0e575948cad899a2c28480bc77dee171b2ee48bd5cd9693ef4fa0af94af,/path/to/Diffusion-TS/Utils/discriminative_metric.py,138.1838891506195,1
Diffusion-TS,Energy,256,0,100004,discriminative_score,42,0.47804878048780486,True,4096,85497375d523f70b566ec01c5da04796afe02d4640334dc033d8d61f3fccd859,fa44d0e575948cad899a2c28480bc77dee171b2ee48bd5cd9693ef4fa0af94af,/path/to/Diffusion-TS/Utils/discriminative_metric.py,147.21533584594727,2
Diffusion-TS,Energy,256,0,100004,discriminative_score,123,0.4878048780487805,True,4096,85497375d523f70b566ec01c5da04796afe02d4640334dc033d8d61f3fccd859,fa44d0e575948cad899a2c28480bc77dee171b2ee48bd5cd9693ef4fa0af94af,/path/to/Diffusion-TS/Utils/discriminative_metric.py,137.3889286518097,0
Diffusion-TS,Energy,256,42,100000,discriminative_score,0,0.3774390243902439,True,4096,85497375d523f70b566ec01c5da04796afe02d4640334dc033d8d61f3fccd859,7d3b7d779f3043253da56dc781b53c7059c49933ff3e7d5ad0e06d82824a6a46,/path/to/Diffusion-TS/Utils/discriminative_metric.py,140.8377091884613,0
Diffusion-TS,Energy,256,42,100000,discriminative_score,42,0.46036585365853655,True,4096,85497375d523f70b566ec01c5da04796afe02d4640334dc033d8d61f3fccd859,7d3b7d779f3043253da56dc781b53c7059c49933ff3e7d5ad0e06d82824a6a46,/path/to/Diffusion-TS/Utils/discriminative_metric.py,146.36002278327942,1
Diffusion-TS,Energy,256,42,100000,discriminative_score,123,0.49146341463414633,True,4096,85497375d523f70b566ec01c5da04796afe02d4640334dc033d8d61f3fccd859,7d3b7d779f3043253da56dc781b53c7059c49933ff3e7d5ad0e06d82824a6a46,/path/to/Diffusion-TS/Utils/discriminative_metric.py,147.78465032577515,2
Diffusion-TS,Energy,256,42,100001,discriminative_score,0,0.46585365853658534,True,4096,85497375d523f70b566ec01c5da04796afe02d4640334dc033d8d61f3fccd859,d5559b5ab3ca4ec92da0be7eff31a477ab0c1f8fdcd5d9035eeddc0016a3300e,/path/to/Diffusion-TS/Utils/discriminative_metric.py,146.59388947486877,0
Diffusion-TS,Energy,256,42,100001,discriminative_score,42,0.4365853658536586,True,4096,85497375d523f70b566ec01c5da04796afe02d4640334dc033d8d61f3fccd859,d5559b5ab3ca4ec92da0be7eff31a477ab0c1f8fdcd5d9035eeddc0016a3300e,/path/to/Diffusion-TS/Utils/discriminative_metric.py,146.4475429058075,1
Diffusion-TS,Energy,256,42,100001,discriminative_score,123,0.4926829268292683,True,4096,85497375d523f70b566ec01c5da04796afe02d4640334dc033d8d61f3fccd859,d5559b5ab3ca4ec92da0be7eff31a477ab0c1f8fdcd5d9035eeddc0016a3300e,/path/to/Diffusion-TS/Utils/discriminative_metric.py,146.84225487709045,2
Diffusion-TS,Energy,256,42,100002,discriminative_score,0,0.4646341463414634,True,4096,85497375d523f70b566ec01c5da04796afe02d4640334dc033d8d61f3fccd859,8ff69c54c46ac0e5a12e4faf44d889e1e117365c88c346c8730224a5bb3f1368,/path/to/Diffusion-TS/Utils/discriminative_metric.py,139.05048966407776,0
Diffusion-TS,Energy,256,42,100002,discriminative_score,42,0.46341463414634143,True,4096,85497375d523f70b566ec01c5da04796afe02d4640334dc033d8d61f3fccd859,8ff69c54c46ac0e5a12e4faf44d889e1e117365c88c346c8730224a5bb3f1368,/path/to/Diffusion-TS/Utils/discriminative_metric.py,138.39779567718506,1
Diffusion-TS,Energy,256,42,100002,discriminative_score,123,0.49146341463414633,True,4096,85497375d523f70b566ec01c5da04796afe02d4640334dc033d8d61f3fccd859,8ff69c54c46ac0e5a12e4faf44d889e1e117365c88c346c8730224a5bb3f1368,/path/to/Diffusion-TS/Utils/discriminative_metric.py,139.56817317008972,2
Diffusion-TS,Energy,256,42,100003,discriminative_score,0,0.323780487804878,True,4096,85497375d523f70b566ec01c5da04796afe02d4640334dc033d8d61f3fccd859,fff9f293872ec8f421d9bc28179a147d49fc96f941c202492eaaebdc7f6d2a9e,/path/to/Diffusion-TS/Utils/discriminative_metric.py,147.92800164222717,0
Diffusion-TS,Energy,256,42,100003,discriminative_score,42,0.4689024390243902,True,4096,85497375d523f70b566ec01c5da04796afe02d4640334dc033d8d61f3fccd859,fff9f293872ec8f421d9bc28179a147d49fc96f941c202492eaaebdc7f6d2a9e,/path/to/Diffusion-TS/Utils/discriminative_metric.py,138.49240040779114,1
Diffusion-TS,Energy,256,42,100003,discriminative_score,123,0.49573170731707317,True,4096,85497375d523f70b566ec01c5da04796afe02d4640334dc033d8d61f3fccd859,fff9f293872ec8f421d9bc28179a147d49fc96f941c202492eaaebdc7f6d2a9e,/path/to/Diffusion-TS/Utils/discriminative_metric.py,148.3900294303894,2
Diffusion-TS,Energy,256,42,100004,discriminative_score,0,0.4646341463414634,True,4096,85497375d523f70b566ec01c5da04796afe02d4640334dc033d8d61f3fccd859,a12c903027b821cc5b312f3e8ed2dd4baef24db50bfbde5742bdd8238d05be6d,/path/to/Diffusion-TS/Utils/discriminative_metric.py,139.93154335021973,1
Diffusion-TS,Energy,256,42,100004,discriminative_score,42,0.46829268292682924,True,4096,85497375d523f70b566ec01c5da04796afe02d4640334dc033d8d61f3fccd859,a12c903027b821cc5b312f3e8ed2dd4baef24db50bfbde5742bdd8238d05be6d,/path/to/Diffusion-TS/Utils/discriminative_metric.py,147.2280466556549,0
Diffusion-TS,Energy,256,42,100004,discriminative_score,123,0.49085365853658536,True,4096,85497375d523f70b566ec01c5da04796afe02d4640334dc033d8d61f3fccd859,a12c903027b821cc5b312f3e8ed2dd4baef24db50bfbde5742bdd8238d05be6d,/path/to/Diffusion-TS/Utils/discriminative_metric.py,148.08656668663025,2
Diffusion-TS,Energy,256,123,100000,discriminative_score,0,0.4439024390243902,True,4096,85497375d523f70b566ec01c5da04796afe02d4640334dc033d8d61f3fccd859,b4b2f13ee711ae28ad3544fee70997b3649f2f2e79d1a130fb17d304e88f7277,/path/to/Diffusion-TS/Utils/discriminative_metric.py,138.65156197547913,1
Diffusion-TS,Energy,256,123,100000,discriminative_score,42,0.3829268292682927,True,4096,85497375d523f70b566ec01c5da04796afe02d4640334dc033d8d61f3fccd859,b4b2f13ee711ae28ad3544fee70997b3649f2f2e79d1a130fb17d304e88f7277,/path/to/Diffusion-TS/Utils/discriminative_metric.py,139.55932903289795,0
Diffusion-TS,Energy,256,123,100000,discriminative_score,123,0.3957317073170732,True,4096,85497375d523f70b566ec01c5da04796afe02d4640334dc033d8d61f3fccd859,b4b2f13ee711ae28ad3544fee70997b3649f2f2e79d1a130fb17d304e88f7277,/path/to/Diffusion-TS/Utils/discriminative_metric.py,138.25785565376282,2
Diffusion-TS,Energy,256,123,100001,discriminative_score,0,0.4591463414634146,True,4096,85497375d523f70b566ec01c5da04796afe02d4640334dc033d8d61f3fccd859,c5d0d58a5abe36bcf24aa90794dc3476694730f1951d0521d79e587dd785e292,/path/to/Diffusion-TS/Utils/discriminative_metric.py,145.85910058021545,1
Diffusion-TS,Energy,256,123,100001,discriminative_score,42,0.37134146341463414,True,4096,85497375d523f70b566ec01c5da04796afe02d4640334dc033d8d61f3fccd859,c5d0d58a5abe36bcf24aa90794dc3476694730f1951d0521d79e587dd785e292,/path/to/Diffusion-TS/Utils/discriminative_metric.py,146.98255109786987,0
Diffusion-TS,Energy,256,123,100001,discriminative_score,123,0.4103658536585366,True,4096,85497375d523f70b566ec01c5da04796afe02d4640334dc033d8d61f3fccd859,c5d0d58a5abe36bcf24aa90794dc3476694730f1951d0521d79e587dd785e292,/path/to/Diffusion-TS/Utils/discriminative_metric.py,147.53885793685913,2
Diffusion-TS,Energy,256,123,100002,discriminative_score,0,0.45487804878048776,True,4096,85497375d523f70b566ec01c5da04796afe02d4640334dc033d8d61f3fccd859,d55e0bbd732d6f9a623c4c8d6116fc559cd5945b9cd43bd9f23f12f776b0a132,/path/to/Diffusion-TS/Utils/discriminative_metric.py,147.93968439102173,0
Diffusion-TS,Energy,256,123,100002,discriminative_score,42,0.39207317073170733,True,4096,85497375d523f70b566ec01c5da04796afe02d4640334dc033d8d61f3fccd859,d55e0bbd732d6f9a623c4c8d6116fc559cd5945b9cd43bd9f23f12f776b0a132,/path/to/Diffusion-TS/Utils/discriminative_metric.py,137.79007172584534,1
Diffusion-TS,Energy,256,123,100002,discriminative_score,123,0.3798780487804878,True,4096,85497375d523f70b566ec01c5da04796afe02d4640334dc033d8d61f3fccd859,d55e0bbd732d6f9a623c4c8d6116fc559cd5945b9cd43bd9f23f12f776b0a132,/path/to/Diffusion-TS/Utils/discriminative_metric.py,146.85678458213806,2
Diffusion-TS,Energy,256,123,100003,discriminative_score,0,0.4518292682926829,True,4096,85497375d523f70b566ec01c5da04796afe02d4640334dc033d8d61f3fccd859,6a0290626282f24e87c89be3c6a33138d7700cef499c82704faf19ac82092a06,/path/to/Diffusion-TS/Utils/discriminative_metric.py,146.0759677886963,0
Diffusion-TS,Energy,256,123,100003,discriminative_score,42,0.3951219512195122,True,4096,85497375d523f70b566ec01c5da04796afe02d4640334dc033d8d61f3fccd859,6a0290626282f24e87c89be3c6a33138d7700cef499c82704faf19ac82092a06,/path/to/Diffusion-TS/Utils/discriminative_metric.py,147.59330224990845,1
Diffusion-TS,Energy,256,123,100003,discriminative_score,123,0.4140243902439025,True,4096,85497375d523f70b566ec01c5da04796afe02d4640334dc033d8d61f3fccd859,6a0290626282f24e87c89be3c6a33138d7700cef499c82704faf19ac82092a06,/path/to/Diffusion-TS/Utils/discriminative_metric.py,137.6102499961853,2
Diffusion-TS,Energy,256,123,100004,discriminative_score,0,0.425609756097561,True,4096,85497375d523f70b566ec01c5da04796afe02d4640334dc033d8d61f3fccd859,725d2df73965ea51e3996965d36d932bfbd251366d9d59aafce85ec067fb3c72,/path/to/Diffusion-TS/Utils/discriminative_metric.py,147.2130148410797,1
Diffusion-TS,Energy,256,123,100004,discriminative_score,42,0.3975609756097561,True,4096,85497375d523f70b566ec01c5da04796afe02d4640334dc033d8d61f3fccd859,725d2df73965ea51e3996965d36d932bfbd251366d9d59aafce85ec067fb3c72,/path/to/Diffusion-TS/Utils/discriminative_metric.py,138.3729808330536,0
Diffusion-TS,Energy,256,123,100004,discriminative_score,123,0.4213414634146342,True,4096,85497375d523f70b566ec01c5da04796afe02d4640334dc033d8d61f3fccd859,725d2df73965ea51e3996965d36d932bfbd251366d9d59aafce85ec067fb3c72,/path/to/Diffusion-TS/Utils/discriminative_metric.py,139.5116138458252,2
PETS-U,Energy,256,0,100000,discriminative_score,0,0.4597560975609756,True,4096,85497375d523f70b566ec01c5da04796afe02d4640334dc033d8d61f3fccd859,a3e7acd00bd426edfbec326fb770e04499f8fd9770c23d9a0e2f80ff0d7bdb25,/path/to/Diffusion-TS/Utils/discriminative_metric.py,138.03215956687927,2
PETS-U,Energy,256,0,100000,discriminative_score,42,0.48109756097560974,True,4096,85497375d523f70b566ec01c5da04796afe02d4640334dc033d8d61f3fccd859,a3e7acd00bd426edfbec326fb770e04499f8fd9770c23d9a0e2f80ff0d7bdb25,/path/to/Diffusion-TS/Utils/discriminative_metric.py,146.93209981918335,0
PETS-U,Energy,256,0,100000,discriminative_score,123,0.4951219512195122,True,4096,85497375d523f70b566ec01c5da04796afe02d4640334dc033d8d61f3fccd859,a3e7acd00bd426edfbec326fb770e04499f8fd9770c23d9a0e2f80ff0d7bdb25,/path/to/Diffusion-TS/Utils/discriminative_metric.py,146.08594584465027,1
PETS-U,Energy,256,0,100001,discriminative_score,0,0.4591463414634146,True,4096,85497375d523f70b566ec01c5da04796afe02d4640334dc033d8d61f3fccd859,ef00a3a1e7f8bd1211d88eaf3ab342456cb24ba92129c45b818896da5a43e28c,/path/to/Diffusion-TS/Utils/discriminative_metric.py,147.90270352363586,2
PETS-U,Energy,256,0,100001,discriminative_score,42,0.48353658536585364,True,4096,85497375d523f70b566ec01c5da04796afe02d4640334dc033d8d61f3fccd859,ef00a3a1e7f8bd1211d88eaf3ab342456cb24ba92129c45b818896da5a43e28c,/path/to/Diffusion-TS/Utils/discriminative_metric.py,140.25237226486206,1
PETS-U,Energy,256,0,100001,discriminative_score,123,0.4945121951219512,True,4096,85497375d523f70b566ec01c5da04796afe02d4640334dc033d8d61f3fccd859,ef00a3a1e7f8bd1211d88eaf3ab342456cb24ba92129c45b818896da5a43e28c,/path/to/Diffusion-TS/Utils/discriminative_metric.py,139.50995588302612,0
PETS-U,Energy,256,0,100002,discriminative_score,0,0.4689024390243902,True,4096,85497375d523f70b566ec01c5da04796afe02d4640334dc033d8d61f3fccd859,60f28a2768cec24408866a714dcbee904114c85e4109152666afafd6ac59a350,/path/to/Diffusion-TS/Utils/discriminative_metric.py,146.36956906318665,0
PETS-U,Energy,256,0,100002,discriminative_score,42,0.4792682926829268,True,4096,85497375d523f70b566ec01c5da04796afe02d4640334dc033d8d61f3fccd859,60f28a2768cec24408866a714dcbee904114c85e4109152666afafd6ac59a350,/path/to/Diffusion-TS/Utils/discriminative_metric.py,146.8353395462036,1
PETS-U,Energy,256,0,100002,discriminative_score,123,0.49329268292682926,True,4096,85497375d523f70b566ec01c5da04796afe02d4640334dc033d8d61f3fccd859,60f28a2768cec24408866a714dcbee904114c85e4109152666afafd6ac59a350,/path/to/Diffusion-TS/Utils/discriminative_metric.py,147.71631479263306,2
PETS-U,Energy,256,0,100003,discriminative_score,0,0.4841463414634146,True,4096,85497375d523f70b566ec01c5da04796afe02d4640334dc033d8d61f3fccd859,1f8a304cbf2335f27d349c8e7b20fbb417f8df04bf27f85ea8f16ca0103c7a3d,/path/to/Diffusion-TS/Utils/discriminative_metric.py,146.94764041900635,1
PETS-U,Energy,256,0,100003,discriminative_score,42,0.47560975609756095,True,4096,85497375d523f70b566ec01c5da04796afe02d4640334dc033d8d61f3fccd859,1f8a304cbf2335f27d349c8e7b20fbb417f8df04bf27f85ea8f16ca0103c7a3d,/path/to/Diffusion-TS/Utils/discriminative_metric.py,147.88501048088074,0
PETS-U,Energy,256,0,100003,discriminative_score,123,0.49573170731707317,True,4096,85497375d523f70b566ec01c5da04796afe02d4640334dc033d8d61f3fccd859,1f8a304cbf2335f27d349c8e7b20fbb417f8df04bf27f85ea8f16ca0103c7a3d,/path/to/Diffusion-TS/Utils/discriminative_metric.py,147.77842450141907,2
PETS-U,Energy,256,0,100004,discriminative_score,0,0.4664634146341463,True,4096,85497375d523f70b566ec01c5da04796afe02d4640334dc033d8d61f3fccd859,b0fa2ceb04b48df617b73fe97eed9ee3f9a4a210fcd4e8afd786791a2f2f41c2,/path/to/Diffusion-TS/Utils/discriminative_metric.py,149.07853484153748,1
PETS-U,Energy,256,0,100004,discriminative_score,42,0.48292682926829267,True,4096,85497375d523f70b566ec01c5da04796afe02d4640334dc033d8d61f3fccd859,b0fa2ceb04b48df617b73fe97eed9ee3f9a4a210fcd4e8afd786791a2f2f41c2,/path/to/Diffusion-TS/Utils/discriminative_metric.py,140.03618454933167,2
PETS-U,Energy,256,0,100004,discriminative_score,123,0.4926829268292683,True,4096,85497375d523f70b566ec01c5da04796afe02d4640334dc033d8d61f3fccd859,b0fa2ceb04b48df617b73fe97eed9ee3f9a4a210fcd4e8afd786791a2f2f41c2,/path/to/Diffusion-TS/Utils/discriminative_metric.py,139.10711288452148,0
PETS-U,Energy,256,42,100000,discriminative_score,0,0.48841463414634145,True,4096,85497375d523f70b566ec01c5da04796afe02d4640334dc033d8d61f3fccd859,d92ba08b7e977e87403f9932a42c1426c12b19e7d557b94de2fa45c7d3bc9b07,/path/to/Diffusion-TS/Utils/discriminative_metric.py,139.48392915725708,0
PETS-U,Energy,256,42,100000,discriminative_score,42,0.48109756097560974,True,4096,85497375d523f70b566ec01c5da04796afe02d4640334dc033d8d61f3fccd859,d92ba08b7e977e87403f9932a42c1426c12b19e7d557b94de2fa45c7d3bc9b07,/path/to/Diffusion-TS/Utils/discriminative_metric.py,139.826966047287,2
PETS-U,Energy,256,42,100000,discriminative_score,123,0.48109756097560974,True,4096,85497375d523f70b566ec01c5da04796afe02d4640334dc033d8d61f3fccd859,d92ba08b7e977e87403f9932a42c1426c12b19e7d557b94de2fa45c7d3bc9b07,/path/to/Diffusion-TS/Utils/discriminative_metric.py,148.6925675868988,1
PETS-U,Energy,256,42,100001,discriminative_score,0,0.4865853658536585,True,4096,85497375d523f70b566ec01c5da04796afe02d4640334dc033d8d61f3fccd859,86e4a378e626ca8a5c120e95b7677502a8a32d7da443268c1c1015e54f8ec19b,/path/to/Diffusion-TS/Utils/discriminative_metric.py,140.55631685256958,0
PETS-U,Energy,256,42,100001,discriminative_score,42,0.4689024390243902,True,4096,85497375d523f70b566ec01c5da04796afe02d4640334dc033d8d61f3fccd859,86e4a378e626ca8a5c120e95b7677502a8a32d7da443268c1c1015e54f8ec19b,/path/to/Diffusion-TS/Utils/discriminative_metric.py,147.67566800117493,2
PETS-U,Energy,256,42,100001,discriminative_score,123,0.4768292682926829,True,4096,85497375d523f70b566ec01c5da04796afe02d4640334dc033d8d61f3fccd859,86e4a378e626ca8a5c120e95b7677502a8a32d7da443268c1c1015e54f8ec19b,/path/to/Diffusion-TS/Utils/discriminative_metric.py,147.63752436637878,1
PETS-U,Energy,256,42,100002,discriminative_score,0,0.48597560975609755,True,4096,85497375d523f70b566ec01c5da04796afe02d4640334dc033d8d61f3fccd859,f0e521bf199fdf99218d73e9f41f3169c9a778be5221831b7de93997b913d8c4,/path/to/Diffusion-TS/Utils/discriminative_metric.py,139.8022003173828,0
PETS-U,Energy,256,42,100002,discriminative_score,42,0.47804878048780486,True,4096,85497375d523f70b566ec01c5da04796afe02d4640334dc033d8d61f3fccd859,f0e521bf199fdf99218d73e9f41f3169c9a778be5221831b7de93997b913d8c4,/path/to/Diffusion-TS/Utils/discriminative_metric.py,147.63505387306213,2
PETS-U,Energy,256,42,100002,discriminative_score,123,0.44268292682926824,True,4096,85497375d523f70b566ec01c5da04796afe02d4640334dc033d8d61f3fccd859,f0e521bf199fdf99218d73e9f41f3169c9a778be5221831b7de93997b913d8c4,/path/to/Diffusion-TS/Utils/discriminative_metric.py,147.38956785202026,1
PETS-U,Energy,256,42,100003,discriminative_score,0,0.4853658536585366,True,4096,85497375d523f70b566ec01c5da04796afe02d4640334dc033d8d61f3fccd859,9ff321fda7cae5bed983e99e887dc96d4ecc42bc749fda2cc223f5d182e80df6,/path/to/Diffusion-TS/Utils/discriminative_metric.py,147.07048177719116,0
PETS-U,Energy,256,42,100003,discriminative_score,42,0.4853658536585366,True,4096,85497375d523f70b566ec01c5da04796afe02d4640334dc033d8d61f3fccd859,9ff321fda7cae5bed983e99e887dc96d4ecc42bc749fda2cc223f5d182e80df6,/path/to/Diffusion-TS/Utils/discriminative_metric.py,147.55316638946533,2
PETS-U,Energy,256,42,100003,discriminative_score,123,0.4823170731707317,True,4096,85497375d523f70b566ec01c5da04796afe02d4640334dc033d8d61f3fccd859,9ff321fda7cae5bed983e99e887dc96d4ecc42bc749fda2cc223f5d182e80df6,/path/to/Diffusion-TS/Utils/discriminative_metric.py,147.4847915172577,1
PETS-U,Energy,256,42,100004,discriminative_score,0,0.4823170731707317,True,4096,85497375d523f70b566ec01c5da04796afe02d4640334dc033d8d61f3fccd859,87dfed4b72bb35eb3ab4df43627d971142b6894e385c8fbaa1300999b6bb7da2,/path/to/Diffusion-TS/Utils/discriminative_metric.py,147.78818893432617,2
PETS-U,Energy,256,42,100004,discriminative_score,42,0.475,True,4096,85497375d523f70b566ec01c5da04796afe02d4640334dc033d8d61f3fccd859,87dfed4b72bb35eb3ab4df43627d971142b6894e385c8fbaa1300999b6bb7da2,/path/to/Diffusion-TS/Utils/discriminative_metric.py,147.66088914871216,0
PETS-U,Energy,256,42,100004,discriminative_score,123,0.4871951219512195,True,4096,85497375d523f70b566ec01c5da04796afe02d4640334dc033d8d61f3fccd859,87dfed4b72bb35eb3ab4df43627d971142b6894e385c8fbaa1300999b6bb7da2,/path/to/Diffusion-TS/Utils/discriminative_metric.py,147.02399706840515,1
PETS-U,Energy,256,123,100000,discriminative_score,0,0.47621951219512193,True,4096,85497375d523f70b566ec01c5da04796afe02d4640334dc033d8d61f3fccd859,f3ff220e476cb4c0893ebe5fe7c4716db5327834d374512533acbce5657c42d1,/path/to/Diffusion-TS/Utils/discriminative_metric.py,147.4191017150879,0
PETS-U,Energy,256,123,100000,discriminative_score,42,0.46829268292682924,True,4096,85497375d523f70b566ec01c5da04796afe02d4640334dc033d8d61f3fccd859,f3ff220e476cb4c0893ebe5fe7c4716db5327834d374512533acbce5657c42d1,/path/to/Diffusion-TS/Utils/discriminative_metric.py,147.4739112854004,2
PETS-U,Energy,256,123,100000,discriminative_score,123,0.47012195121951217,True,4096,85497375d523f70b566ec01c5da04796afe02d4640334dc033d8d61f3fccd859,f3ff220e476cb4c0893ebe5fe7c4716db5327834d374512533acbce5657c42d1,/path/to/Diffusion-TS/Utils/discriminative_metric.py,139.48515558242798,1
PETS-U,Energy,256,123,100001,discriminative_score,0,0.475,True,4096,85497375d523f70b566ec01c5da04796afe02d4640334dc033d8d61f3fccd859,fa17092f64da581ffdf8bb8ac792601a31ddcfe6771b13c31edcf57e3651dd59,/path/to/Diffusion-TS/Utils/discriminative_metric.py,137.53303837776184,2
PETS-U,Energy,256,123,100001,discriminative_score,42,0.4640243902439024,True,4096,85497375d523f70b566ec01c5da04796afe02d4640334dc033d8d61f3fccd859,fa17092f64da581ffdf8bb8ac792601a31ddcfe6771b13c31edcf57e3651dd59,/path/to/Diffusion-TS/Utils/discriminative_metric.py,146.79717779159546,1
PETS-U,Energy,256,123,100001,discriminative_score,123,0.4725609756097561,True,4096,85497375d523f70b566ec01c5da04796afe02d4640334dc033d8d61f3fccd859,fa17092f64da581ffdf8bb8ac792601a31ddcfe6771b13c31edcf57e3651dd59,/path/to/Diffusion-TS/Utils/discriminative_metric.py,145.78687596321106,0
PETS-U,Energy,256,123,100002,discriminative_score,0,0.475,True,4096,85497375d523f70b566ec01c5da04796afe02d4640334dc033d8d61f3fccd859,32e32431b198e2b02a4306e889d82ee94f179af438b950b65735e06c0810eb21,/path/to/Diffusion-TS/Utils/discriminative_metric.py,145.6144163608551,2
PETS-U,Energy,256,123,100002,discriminative_score,42,0.4713414634146341,True,4096,85497375d523f70b566ec01c5da04796afe02d4640334dc033d8d61f3fccd859,32e32431b198e2b02a4306e889d82ee94f179af438b950b65735e06c0810eb21,/path/to/Diffusion-TS/Utils/discriminative_metric.py,147.1282992362976,0
PETS-U,Energy,256,123,100002,discriminative_score,123,0.4823170731707317,True,4096,85497375d523f70b566ec01c5da04796afe02d4640334dc033d8d61f3fccd859,32e32431b198e2b02a4306e889d82ee94f179af438b950b65735e06c0810eb21,/path/to/Diffusion-TS/Utils/discriminative_metric.py,139.17231965065002,1
PETS-U,Energy,256,123,100003,discriminative_score,0,0.4725609756097561,True,4096,85497375d523f70b566ec01c5da04796afe02d4640334dc033d8d61f3fccd859,72cf6f845f16f0dba0d921533442bd7715fb86b872a4b4509ad91ebb701bc338,/path/to/Diffusion-TS/Utils/discriminative_metric.py,146.17999076843262,1
PETS-U,Energy,256,123,100003,discriminative_score,42,0.4713414634146341,True,4096,85497375d523f70b566ec01c5da04796afe02d4640334dc033d8d61f3fccd859,72cf6f845f16f0dba0d921533442bd7715fb86b872a4b4509ad91ebb701bc338,/path/to/Diffusion-TS/Utils/discriminative_metric.py,145.664076089859,2
PETS-U,Energy,256,123,100003,discriminative_score,123,0.47073170731707314,True,4096,85497375d523f70b566ec01c5da04796afe02d4640334dc033d8d61f3fccd859,72cf6f845f16f0dba0d921533442bd7715fb86b872a4b4509ad91ebb701bc338,/path/to/Diffusion-TS/Utils/discriminative_metric.py,138.42526936531067,0
PETS-U,Energy,256,123,100004,discriminative_score,0,0.4725609756097561,True,4096,85497375d523f70b566ec01c5da04796afe02d4640334dc033d8d61f3fccd859,c5a9a6f87063d59a21fa7d9a671345b1ba59f9e0c326ac75178f80b1f5f5e132,/path/to/Diffusion-TS/Utils/discriminative_metric.py,148.05378890037537,0
PETS-U,Energy,256,123,100004,discriminative_score,42,0.4719512195121951,True,4096,85497375d523f70b566ec01c5da04796afe02d4640334dc033d8d61f3fccd859,c5a9a6f87063d59a21fa7d9a671345b1ba59f9e0c326ac75178f80b1f5f5e132,/path/to/Diffusion-TS/Utils/discriminative_metric.py,147.03600931167603,1
PETS-U,Energy,256,123,100004,discriminative_score,123,0.47560975609756095,True,4096,85497375d523f70b566ec01c5da04796afe02d4640334dc033d8d61f3fccd859,c5a9a6f87063d59a21fa7d9a671345b1ba59f9e0c326ac75178f80b1f5f5e132,/path/to/Diffusion-TS/Utils/discriminative_metric.py,147.0962975025177,2
