family,dataset,sequence_length,model_seed,draw,metric,evaluator_seed,value,lower_is_better,sample_count,real_reference_sha256,generated_sha256,evaluator_source,runtime_seconds,gpu
Diffusion-TS,AirQuality,64,0,100000,context_fid,0,0.2187510776496959,True,4096,08866e0a33d9b75e91a981c6031b183546043fc0bf762d0e9377bc734a6c4c09,9885c06b0b72d92b053eb58344c90990fc66294fe46979d2b86022db59746ef4,/path/to/PETS-FFT-Ablation/results/final_unconditional_main_v1/evaluators/AirQuality/T64/ts2vec_seed_0.pt,1.3105456829071045,2
Diffusion-TS,AirQuality,64,0,100000,context_fid,42,0.2388632459713761,True,4096,08866e0a33d9b75e91a981c6031b183546043fc0bf762d0e9377bc734a6c4c09,9885c06b0b72d92b053eb58344c90990fc66294fe46979d2b86022db59746ef4,/path/to/PETS-FFT-Ablation/results/final_unconditional_main_v1/evaluators/AirQuality/T64/ts2vec_seed_42.pt,1.2609403133392334,2
Diffusion-TS,AirQuality,64,0,100000,context_fid,123,0.23655017678988324,True,4096,08866e0a33d9b75e91a981c6031b183546043fc0bf762d0e9377bc734a6c4c09,9885c06b0b72d92b053eb58344c90990fc66294fe46979d2b86022db59746ef4,/path/to/PETS-FFT-Ablation/results/final_unconditional_main_v1/evaluators/AirQuality/T64/ts2vec_seed_123.pt,1.2991116046905518,0
Diffusion-TS,AirQuality,64,0,100000,correlation_score,-1,0.10242120921611786,True,4096,08866e0a33d9b75e91a981c6031b183546043fc0bf762d0e9377bc734a6c4c09,9885c06b0b72d92b053eb58344c90990fc66294fe46979d2b86022db59746ef4,/path/to/Diffusion-TS/Utils/cross_correlation.py,0.0506739616394043,2
Diffusion-TS,AirQuality,64,0,100000,discriminative_score,0,0.12317073170731707,True,4096,08866e0a33d9b75e91a981c6031b183546043fc0bf762d0e9377bc734a6c4c09,9885c06b0b72d92b053eb58344c90990fc66294fe46979d2b86022db59746ef4,/path/to/Diffusion-TS/Utils/discriminative_metric.py,33.008458614349365,1
Diffusion-TS,AirQuality,64,0,100000,discriminative_score,42,0.10853658536585364,True,4096,08866e0a33d9b75e91a981c6031b183546043fc0bf762d0e9377bc734a6c4c09,9885c06b0b72d92b053eb58344c90990fc66294fe46979d2b86022db59746ef4,/path/to/Diffusion-TS/Utils/discriminative_metric.py,32.36893320083618,2
Diffusion-TS,AirQuality,64,0,100000,discriminative_score,123,0.09268292682926826,True,4096,08866e0a33d9b75e91a981c6031b183546043fc0bf762d0e9377bc734a6c4c09,9885c06b0b72d92b053eb58344c90990fc66294fe46979d2b86022db59746ef4,/path/to/Diffusion-TS/Utils/discriminative_metric.py,32.186970949172974,0
Diffusion-TS,AirQuality,64,0,100000,predictive_score,0,0.019938334548214698,True,4096,08866e0a33d9b75e91a981c6031b183546043fc0bf762d0e9377bc734a6c4c09,9885c06b0b72d92b053eb58344c90990fc66294fe46979d2b86022db59746ef4,/path/to/Diffusion-TS/Utils/predictive_metric.py,65.81261801719666,2
Diffusion-TS,AirQuality,64,0,100000,predictive_score,42,0.02010570998578487,True,4096,08866e0a33d9b75e91a981c6031b183546043fc0bf762d0e9377bc734a6c4c09,9885c06b0b72d92b053eb58344c90990fc66294fe46979d2b86022db59746ef4,/path/to/Diffusion-TS/Utils/predictive_metric.py,67.06553959846497,0
Diffusion-TS,AirQuality,64,0,100000,predictive_score,123,0.021513257595529467,True,4096,08866e0a33d9b75e91a981c6031b183546043fc0bf762d0e9377bc734a6c4c09,9885c06b0b72d92b053eb58344c90990fc66294fe46979d2b86022db59746ef4,/path/to/Diffusion-TS/Utils/predictive_metric.py,66.49909138679504,1
Diffusion-TS,AirQuality,64,0,100001,context_fid,0,0.2259620738419958,True,4096,08866e0a33d9b75e91a981c6031b183546043fc0bf762d0e9377bc734a6c4c09,8380ee826f8b5e318ee13f84ee0aca034017c2bf91817af2629099900d4bfdcd,/path/to/PETS-FFT-Ablation/results/final_unconditional_main_v1/evaluators/AirQuality/T64/ts2vec_seed_0.pt,1.2944691181182861,2
Diffusion-TS,AirQuality,64,0,100001,context_fid,42,0.2517188444242018,True,4096,08866e0a33d9b75e91a981c6031b183546043fc0bf762d0e9377bc734a6c4c09,8380ee826f8b5e318ee13f84ee0aca034017c2bf91817af2629099900d4bfdcd,/path/to/PETS-FFT-Ablation/results/final_unconditional_main_v1/evaluators/AirQuality/T64/ts2vec_seed_42.pt,1.3040709495544434,1
Diffusion-TS,AirQuality,64,0,100001,context_fid,123,0.24264758448534018,True,4096,08866e0a33d9b75e91a981c6031b183546043fc0bf762d0e9377bc734a6c4c09,8380ee826f8b5e318ee13f84ee0aca034017c2bf91817af2629099900d4bfdcd,/path/to/PETS-FFT-Ablation/results/final_unconditional_main_v1/evaluators/AirQuality/T64/ts2vec_seed_123.pt,1.3040287494659424,0
Diffusion-TS,AirQuality,64,0,100001,correlation_score,-1,0.10247133672237396,True,4096,08866e0a33d9b75e91a981c6031b183546043fc0bf762d0e9377bc734a6c4c09,8380ee826f8b5e318ee13f84ee0aca034017c2bf91817af2629099900d4bfdcd,/path/to/Diffusion-TS/Utils/cross_correlation.py,0.052948951721191406,2
Diffusion-TS,AirQuality,64,0,100001,discriminative_score,0,0.11646341463414633,True,4096,08866e0a33d9b75e91a981c6031b183546043fc0bf762d0e9377bc734a6c4c09,8380ee826f8b5e318ee13f84ee0aca034017c2bf91817af2629099900d4bfdcd,/path/to/Diffusion-TS/Utils/discriminative_metric.py,32.684491872787476,2
Diffusion-TS,AirQuality,64,0,100001,discriminative_score,42,0.07073170731707312,True,4096,08866e0a33d9b75e91a981c6031b183546043fc0bf762d0e9377bc734a6c4c09,8380ee826f8b5e318ee13f84ee0aca034017c2bf91817af2629099900d4bfdcd,/path/to/Diffusion-TS/Utils/discriminative_metric.py,32.881202697753906,1
Diffusion-TS,AirQuality,64,0,100001,discriminative_score,123,0.10731707317073169,True,4096,08866e0a33d9b75e91a981c6031b183546043fc0bf762d0e9377bc734a6c4c09,8380ee826f8b5e318ee13f84ee0aca034017c2bf91817af2629099900d4bfdcd,/path/to/Diffusion-TS/Utils/discriminative_metric.py,32.728602170944214,0
Diffusion-TS,AirQuality,64,0,100001,predictive_score,0,0.01986242561031304,True,4096,08866e0a33d9b75e91a981c6031b183546043fc0bf762d0e9377bc734a6c4c09,8380ee826f8b5e318ee13f84ee0aca034017c2bf91817af2629099900d4bfdcd,/path/to/Diffusion-TS/Utils/predictive_metric.py,66.06300282478333,2
Diffusion-TS,AirQuality,64,0,100001,predictive_score,42,0.020466056465352267,True,4096,08866e0a33d9b75e91a981c6031b183546043fc0bf762d0e9377bc734a6c4c09,8380ee826f8b5e318ee13f84ee0aca034017c2bf91817af2629099900d4bfdcd,/path/to/Diffusion-TS/Utils/predictive_metric.py,65.76992177963257,1
Diffusion-TS,AirQuality,64,0,100001,predictive_score,123,0.02114003111333318,True,4096,08866e0a33d9b75e91a981c6031b183546043fc0bf762d0e9377bc734a6c4c09,8380ee826f8b5e318ee13f84ee0aca034017c2bf91817af2629099900d4bfdcd,/path/to/Diffusion-TS/Utils/predictive_metric.py,67.13672256469727,0
Diffusion-TS,AirQuality,64,0,100002,context_fid,0,0.22495376483781251,True,4096,08866e0a33d9b75e91a981c6031b183546043fc0bf762d0e9377bc734a6c4c09,5a50411dc6ae7d7564f745b9fe970e0b1ba04df1dc6c5481714e6cec7c60dd19,/path/to/PETS-FFT-Ablation/results/final_unconditional_main_v1/evaluators/AirQuality/T64/ts2vec_seed_0.pt,1.3575317859649658,2
Diffusion-TS,AirQuality,64,0,100002,context_fid,42,0.24290299009432698,True,4096,08866e0a33d9b75e91a981c6031b183546043fc0bf762d0e9377bc734a6c4c09,5a50411dc6ae7d7564f745b9fe970e0b1ba04df1dc6c5481714e6cec7c60dd19,/path/to/PETS-FFT-Ablation/results/final_unconditional_main_v1/evaluators/AirQuality/T64/ts2vec_seed_42.pt,1.3191571235656738,1
Diffusion-TS,AirQuality,64,0,100002,context_fid,123,0.24309160373150285,True,4096,08866e0a33d9b75e91a981c6031b183546043fc0bf762d0e9377bc734a6c4c09,5a50411dc6ae7d7564f745b9fe970e0b1ba04df1dc6c5481714e6cec7c60dd19,/path/to/PETS-FFT-Ablation/results/final_unconditional_main_v1/evaluators/AirQuality/T64/ts2vec_seed_123.pt,1.6922671794891357,2
Diffusion-TS,AirQuality,64,0,100002,correlation_score,-1,0.10592415183782578,True,4096,08866e0a33d9b75e91a981c6031b183546043fc0bf762d0e9377bc734a6c4c09,5a50411dc6ae7d7564f745b9fe970e0b1ba04df1dc6c5481714e6cec7c60dd19,/path/to/Diffusion-TS/Utils/cross_correlation.py,0.05650663375854492,2
Diffusion-TS,AirQuality,64,0,100002,discriminative_score,0,0.11951219512195121,True,4096,08866e0a33d9b75e91a981c6031b183546043fc0bf762d0e9377bc734a6c4c09,5a50411dc6ae7d7564f745b9fe970e0b1ba04df1dc6c5481714e6cec7c60dd19,/path/to/Diffusion-TS/Utils/discriminative_metric.py,33.17222809791565,1
Diffusion-TS,AirQuality,64,0,100002,discriminative_score,42,0.099390243902439,True,4096,08866e0a33d9b75e91a981c6031b183546043fc0bf762d0e9377bc734a6c4c09,5a50411dc6ae7d7564f745b9fe970e0b1ba04df1dc6c5481714e6cec7c60dd19,/path/to/Diffusion-TS/Utils/discriminative_metric.py,33.27516746520996,0
Diffusion-TS,AirQuality,64,0,100002,discriminative_score,123,0.10060975609756095,True,4096,08866e0a33d9b75e91a981c6031b183546043fc0bf762d0e9377bc734a6c4c09,5a50411dc6ae7d7564f745b9fe970e0b1ba04df1dc6c5481714e6cec7c60dd19,/path/to/Diffusion-TS/Utils/discriminative_metric.py,32.68824791908264,2
Diffusion-TS,AirQuality,64,0,100002,predictive_score,0,0.019929097479462143,True,4096,08866e0a33d9b75e91a981c6031b183546043fc0bf762d0e9377bc734a6c4c09,5a50411dc6ae7d7564f745b9fe970e0b1ba04df1dc6c5481714e6cec7c60dd19,/path/to/Diffusion-TS/Utils/predictive_metric.py,63.562498331069946,1
Diffusion-TS,AirQuality,64,0,100002,predictive_score,42,0.02092968720251065,True,4096,08866e0a33d9b75e91a981c6031b183546043fc0bf762d0e9377bc734a6c4c09,5a50411dc6ae7d7564f745b9fe970e0b1ba04df1dc6c5481714e6cec7c60dd19,/path/to/Diffusion-TS/Utils/predictive_metric.py,67.0580747127533,0
Diffusion-TS,AirQuality,64,0,100002,predictive_score,123,0.02136410914562248,True,4096,08866e0a33d9b75e91a981c6031b183546043fc0bf762d0e9377bc734a6c4c09,5a50411dc6ae7d7564f745b9fe970e0b1ba04df1dc6c5481714e6cec7c60dd19,/path/to/Diffusion-TS/Utils/predictive_metric.py,64.93128824234009,2
Diffusion-TS,AirQuality,64,0,100003,context_fid,0,0.21359913757193605,True,4096,08866e0a33d9b75e91a981c6031b183546043fc0bf762d0e9377bc734a6c4c09,236fb2f12cf121577c0366ded552f53226e148bdf67e95b6ecb527979a7b2280,/path/to/PETS-FFT-Ablation/results/final_unconditional_main_v1/evaluators/AirQuality/T64/ts2vec_seed_0.pt,1.4370217323303223,1
Diffusion-TS,AirQuality,64,0,100003,context_fid,42,0.22921021444851153,True,4096,08866e0a33d9b75e91a981c6031b183546043fc0bf762d0e9377bc734a6c4c09,236fb2f12cf121577c0366ded552f53226e148bdf67e95b6ecb527979a7b2280,/path/to/PETS-FFT-Ablation/results/final_unconditional_main_v1/evaluators/AirQuality/T64/ts2vec_seed_42.pt,1.364424228668213,1
Diffusion-TS,AirQuality,64,0,100003,context_fid,123,0.22890807920100703,True,4096,08866e0a33d9b75e91a981c6031b183546043fc0bf762d0e9377bc734a6c4c09,236fb2f12cf121577c0366ded552f53226e148bdf67e95b6ecb527979a7b2280,/path/to/PETS-FFT-Ablation/results/final_unconditional_main_v1/evaluators/AirQuality/T64/ts2vec_seed_123.pt,1.3045639991760254,2
Diffusion-TS,AirQuality,64,0,100003,correlation_score,-1,0.09989215433597565,True,4096,08866e0a33d9b75e91a981c6031b183546043fc0bf762d0e9377bc734a6c4c09,236fb2f12cf121577c0366ded552f53226e148bdf67e95b6ecb527979a7b2280,/path/to/Diffusion-TS/Utils/cross_correlation.py,0.06525063514709473,1
Diffusion-TS,AirQuality,64,0,100003,discriminative_score,0,0.11951219512195121,True,4096,08866e0a33d9b75e91a981c6031b183546043fc0bf762d0e9377bc734a6c4c09,236fb2f12cf121577c0366ded552f53226e148bdf67e95b6ecb527979a7b2280,/path/to/Diffusion-TS/Utils/discriminative_metric.py,32.71711993217468,1
Diffusion-TS,AirQuality,64,0,100003,discriminative_score,42,0.099390243902439,True,4096,08866e0a33d9b75e91a981c6031b183546043fc0bf762d0e9377bc734a6c4c09,236fb2f12cf121577c0366ded552f53226e148bdf67e95b6ecb527979a7b2280,/path/to/Diffusion-TS/Utils/discriminative_metric.py,32.678428173065186,2
Diffusion-TS,AirQuality,64,0,100003,discriminative_score,123,0.09999999999999998,True,4096,08866e0a33d9b75e91a981c6031b183546043fc0bf762d0e9377bc734a6c4c09,236fb2f12cf121577c0366ded552f53226e148bdf67e95b6ecb527979a7b2280,/path/to/Diffusion-TS/Utils/discriminative_metric.py,32.61359143257141,0
Diffusion-TS,AirQuality,64,0,100003,predictive_score,0,0.019840987165935076,True,4096,08866e0a33d9b75e91a981c6031b183546043fc0bf762d0e9377bc734a6c4c09,236fb2f12cf121577c0366ded552f53226e148bdf67e95b6ecb527979a7b2280,/path/to/Diffusion-TS/Utils/predictive_metric.py,66.60931062698364,1
Diffusion-TS,AirQuality,64,0,100003,predictive_score,42,0.020580611347440936,True,4096,08866e0a33d9b75e91a981c6031b183546043fc0bf762d0e9377bc734a6c4c09,236fb2f12cf121577c0366ded552f53226e148bdf67e95b6ecb527979a7b2280,/path/to/Diffusion-TS/Utils/predictive_metric.py,65.22763872146606,2
Diffusion-TS,AirQuality,64,0,100003,predictive_score,123,0.021249025002703092,True,4096,08866e0a33d9b75e91a981c6031b183546043fc0bf762d0e9377bc734a6c4c09,236fb2f12cf121577c0366ded552f53226e148bdf67e95b6ecb527979a7b2280,/path/to/Diffusion-TS/Utils/predictive_metric.py,66.24537944793701,0
Diffusion-TS,AirQuality,64,0,100004,context_fid,0,0.2440990157937086,True,4096,08866e0a33d9b75e91a981c6031b183546043fc0bf762d0e9377bc734a6c4c09,04c0fba51040601dee56f06163b42b7a804ba3edbf657e902ce8f5a9b98f31c2,/path/to/PETS-FFT-Ablation/results/final_unconditional_main_v1/evaluators/AirQuality/T64/ts2vec_seed_0.pt,1.3032310009002686,2
Diffusion-TS,AirQuality,64,0,100004,context_fid,42,0.26869109529699625,True,4096,08866e0a33d9b75e91a981c6031b183546043fc0bf762d0e9377bc734a6c4c09,04c0fba51040601dee56f06163b42b7a804ba3edbf657e902ce8f5a9b98f31c2,/path/to/PETS-FFT-Ablation/results/final_unconditional_main_v1/evaluators/AirQuality/T64/ts2vec_seed_42.pt,1.3295235633850098,1
Diffusion-TS,AirQuality,64,0,100004,context_fid,123,0.2592819705378583,True,4096,08866e0a33d9b75e91a981c6031b183546043fc0bf762d0e9377bc734a6c4c09,04c0fba51040601dee56f06163b42b7a804ba3edbf657e902ce8f5a9b98f31c2,/path/to/PETS-FFT-Ablation/results/final_unconditional_main_v1/evaluators/AirQuality/T64/ts2vec_seed_123.pt,1.3010022640228271,2
Diffusion-TS,AirQuality,64,0,100004,correlation_score,-1,0.09822942316532135,True,4096,08866e0a33d9b75e91a981c6031b183546043fc0bf762d0e9377bc734a6c4c09,04c0fba51040601dee56f06163b42b7a804ba3edbf657e902ce8f5a9b98f31c2,/path/to/Diffusion-TS/Utils/cross_correlation.py,0.054753780364990234,2
Diffusion-TS,AirQuality,64,0,100004,discriminative_score,0,0.13353658536585367,True,4096,08866e0a33d9b75e91a981c6031b183546043fc0bf762d0e9377bc734a6c4c09,04c0fba51040601dee56f06163b42b7a804ba3edbf657e902ce8f5a9b98f31c2,/path/to/Diffusion-TS/Utils/discriminative_metric.py,32.60992169380188,0
Diffusion-TS,AirQuality,64,0,100004,discriminative_score,42,0.08902439024390241,True,4096,08866e0a33d9b75e91a981c6031b183546043fc0bf762d0e9377bc734a6c4c09,04c0fba51040601dee56f06163b42b7a804ba3edbf657e902ce8f5a9b98f31c2,/path/to/Diffusion-TS/Utils/discriminative_metric.py,32.65654158592224,1
Diffusion-TS,AirQuality,64,0,100004,discriminative_score,123,0.10304878048780486,True,4096,08866e0a33d9b75e91a981c6031b183546043fc0bf762d0e9377bc734a6c4c09,04c0fba51040601dee56f06163b42b7a804ba3edbf657e902ce8f5a9b98f31c2,/path/to/Diffusion-TS/Utils/discriminative_metric.py,32.6344256401062,2
Diffusion-TS,AirQuality,64,0,100004,predictive_score,0,0.019906620998312974,True,4096,08866e0a33d9b75e91a981c6031b183546043fc0bf762d0e9377bc734a6c4c09,04c0fba51040601dee56f06163b42b7a804ba3edbf657e902ce8f5a9b98f31c2,/path/to/Diffusion-TS/Utils/predictive_metric.py,66.19111156463623,0
Diffusion-TS,AirQuality,64,0,100004,predictive_score,42,0.02017460069464505,True,4096,08866e0a33d9b75e91a981c6031b183546043fc0bf762d0e9377bc734a6c4c09,04c0fba51040601dee56f06163b42b7a804ba3edbf657e902ce8f5a9b98f31c2,/path/to/Diffusion-TS/Utils/predictive_metric.py,66.50705862045288,1
Diffusion-TS,AirQuality,64,0,100004,predictive_score,123,0.021095029849334423,True,4096,08866e0a33d9b75e91a981c6031b183546043fc0bf762d0e9377bc734a6c4c09,04c0fba51040601dee56f06163b42b7a804ba3edbf657e902ce8f5a9b98f31c2,/path/to/Diffusion-TS/Utils/predictive_metric.py,65.4794430732727,2
Diffusion-TS,AirQuality,64,42,100000,context_fid,0,0.6081898490704742,True,4096,08866e0a33d9b75e91a981c6031b183546043fc0bf762d0e9377bc734a6c4c09,05cb6b9fcd46135ab12931d1d1c63b979661024812aa7454e0d06165a45e752a,/path/to/PETS-FFT-Ablation/results/final_unconditional_main_v1/evaluators/AirQuality/T64/ts2vec_seed_0.pt,1.3030869960784912,0
Diffusion-TS,AirQuality,64,42,100000,context_fid,42,0.648445439352149,True,4096,08866e0a33d9b75e91a981c6031b183546043fc0bf762d0e9377bc734a6c4c09,05cb6b9fcd46135ab12931d1d1c63b979661024812aa7454e0d06165a45e752a,/path/to/PETS-FFT-Ablation/results/final_unconditional_main_v1/evaluators/AirQuality/T64/ts2vec_seed_42.pt,1.3407726287841797,2
Diffusion-TS,AirQuality,64,42,100000,context_fid,123,0.6165815487029779,True,4096,08866e0a33d9b75e91a981c6031b183546043fc0bf762d0e9377bc734a6c4c09,05cb6b9fcd46135ab12931d1d1c63b979661024812aa7454e0d06165a45e752a,/path/to/PETS-FFT-Ablation/results/final_unconditional_main_v1/evaluators/AirQuality/T64/ts2vec_seed_123.pt,1.3537929058074951,1
Diffusion-TS,AirQuality,64,42,100000,correlation_score,-1,0.15787823498249054,True,4096,08866e0a33d9b75e91a981c6031b183546043fc0bf762d0e9377bc734a6c4c09,05cb6b9fcd46135ab12931d1d1c63b979661024812aa7454e0d06165a45e752a,/path/to/Diffusion-TS/Utils/cross_correlation.py,0.056682586669921875,0
Diffusion-TS,AirQuality,64,42,100000,discriminative_score,0,0.19207317073170727,True,4096,08866e0a33d9b75e91a981c6031b183546043fc0bf762d0e9377bc734a6c4c09,05cb6b9fcd46135ab12931d1d1c63b979661024812aa7454e0d06165a45e752a,/path/to/Diffusion-TS/Utils/discriminative_metric.py,32.81545948982239,0
Diffusion-TS,AirQuality,64,42,100000,discriminative_score,42,0.1682926829268293,True,4096,08866e0a33d9b75e91a981c6031b183546043fc0bf762d0e9377bc734a6c4c09,05cb6b9fcd46135ab12931d1d1c63b979661024812aa7454e0d06165a45e752a,/path/to/Diffusion-TS/Utils/discriminative_metric.py,32.78033804893494,2
Diffusion-TS,AirQuality,64,42,100000,discriminative_score,123,0.21097560975609753,True,4096,08866e0a33d9b75e91a981c6031b183546043fc0bf762d0e9377bc734a6c4c09,05cb6b9fcd46135ab12931d1d1c63b979661024812aa7454e0d06165a45e752a,/path/to/Diffusion-TS/Utils/discriminative_metric.py,32.641982555389404,1
Diffusion-TS,AirQuality,64,42,100000,predictive_score,0,0.020676011689204188,True,4096,08866e0a33d9b75e91a981c6031b183546043fc0bf762d0e9377bc734a6c4c09,05cb6b9fcd46135ab12931d1d1c63b979661024812aa7454e0d06165a45e752a,/path/to/Diffusion-TS/Utils/predictive_metric.py,67.02543210983276,0
Diffusion-TS,AirQuality,64,42,100000,predictive_score,42,0.02417295871754277,True,4096,08866e0a33d9b75e91a981c6031b183546043fc0bf762d0e9377bc734a6c4c09,05cb6b9fcd46135ab12931d1d1c63b979661024812aa7454e0d06165a45e752a,/path/to/Diffusion-TS/Utils/predictive_metric.py,66.69252038002014,2
Diffusion-TS,AirQuality,64,42,100000,predictive_score,123,0.021894653957019727,True,4096,08866e0a33d9b75e91a981c6031b183546043fc0bf762d0e9377bc734a6c4c09,05cb6b9fcd46135ab12931d1d1c63b979661024812aa7454e0d06165a45e752a,/path/to/Diffusion-TS/Utils/predictive_metric.py,64.64141654968262,1
Diffusion-TS,AirQuality,64,42,100001,context_fid,0,0.6435554369344284,True,4096,08866e0a33d9b75e91a981c6031b183546043fc0bf762d0e9377bc734a6c4c09,1955f542415426b71a05f1158d2f07525166a1d46982b19beadb9a8113d81356,/path/to/PETS-FFT-Ablation/results/final_unconditional_main_v1/evaluators/AirQuality/T64/ts2vec_seed_0.pt,1.3633129596710205,1
Diffusion-TS,AirQuality,64,42,100001,context_fid,42,0.6879524740028012,True,4096,08866e0a33d9b75e91a981c6031b183546043fc0bf762d0e9377bc734a6c4c09,1955f542415426b71a05f1158d2f07525166a1d46982b19beadb9a8113d81356,/path/to/PETS-FFT-Ablation/results/final_unconditional_main_v1/evaluators/AirQuality/T64/ts2vec_seed_42.pt,1.2534306049346924,0
Diffusion-TS,AirQuality,64,42,100001,context_fid,123,0.6509417601191592,True,4096,08866e0a33d9b75e91a981c6031b183546043fc0bf762d0e9377bc734a6c4c09,1955f542415426b71a05f1158d2f07525166a1d46982b19beadb9a8113d81356,/path/to/PETS-FFT-Ablation/results/final_unconditional_main_v1/evaluators/AirQuality/T64/ts2vec_seed_123.pt,1.425957441329956,2
Diffusion-TS,AirQuality,64,42,100001,correlation_score,-1,0.1577364057302475,True,4096,08866e0a33d9b75e91a981c6031b183546043fc0bf762d0e9377bc734a6c4c09,1955f542415426b71a05f1158d2f07525166a1d46982b19beadb9a8113d81356,/path/to/Diffusion-TS/Utils/cross_correlation.py,0.06460237503051758,1
Diffusion-TS,AirQuality,64,42,100001,discriminative_score,0,0.20182926829268288,True,4096,08866e0a33d9b75e91a981c6031b183546043fc0bf762d0e9377bc734a6c4c09,1955f542415426b71a05f1158d2f07525166a1d46982b19beadb9a8113d81356,/path/to/Diffusion-TS/Utils/discriminative_metric.py,32.35033059120178,1
Diffusion-TS,AirQuality,64,42,100001,discriminative_score,42,0.15487804878048783,True,4096,08866e0a33d9b75e91a981c6031b183546043fc0bf762d0e9377bc734a6c4c09,1955f542415426b71a05f1158d2f07525166a1d46982b19beadb9a8113d81356,/path/to/Diffusion-TS/Utils/discriminative_metric.py,32.62295579910278,0
Diffusion-TS,AirQuality,64,42,100001,discriminative_score,123,0.21219512195121948,True,4096,08866e0a33d9b75e91a981c6031b183546043fc0bf762d0e9377bc734a6c4c09,1955f542415426b71a05f1158d2f07525166a1d46982b19beadb9a8113d81356,/path/to/Diffusion-TS/Utils/discriminative_metric.py,32.692559003829956,2
Diffusion-TS,AirQuality,64,42,100001,predictive_score,0,0.02080996271288882,True,4096,08866e0a33d9b75e91a981c6031b183546043fc0bf762d0e9377bc734a6c4c09,1955f542415426b71a05f1158d2f07525166a1d46982b19beadb9a8113d81356,/path/to/Diffusion-TS/Utils/predictive_metric.py,65.4723904132843,1
Diffusion-TS,AirQuality,64,42,100001,predictive_score,42,0.024697747679567783,True,4096,08866e0a33d9b75e91a981c6031b183546043fc0bf762d0e9377bc734a6c4c09,1955f542415426b71a05f1158d2f07525166a1d46982b19beadb9a8113d81356,/path/to/Diffusion-TS/Utils/predictive_metric.py,67.06912684440613,0
Diffusion-TS,AirQuality,64,42,100001,predictive_score,123,0.022635619056131873,True,4096,08866e0a33d9b75e91a981c6031b183546043fc0bf762d0e9377bc734a6c4c09,1955f542415426b71a05f1158d2f07525166a1d46982b19beadb9a8113d81356,/path/to/Diffusion-TS/Utils/predictive_metric.py,65.56510090827942,2
Diffusion-TS,AirQuality,64,42,100002,context_fid,0,0.6284252280603708,True,4096,08866e0a33d9b75e91a981c6031b183546043fc0bf762d0e9377bc734a6c4c09,cf4894a5ed6904328aca52044ec037aaa7ec6011c53bf9979036f7bd85d8db13,/path/to/PETS-FFT-Ablation/results/final_unconditional_main_v1/evaluators/AirQuality/T64/ts2vec_seed_0.pt,1.241880178451538,1
Diffusion-TS,AirQuality,64,42,100002,context_fid,42,0.67397384670171,True,4096,08866e0a33d9b75e91a981c6031b183546043fc0bf762d0e9377bc734a6c4c09,cf4894a5ed6904328aca52044ec037aaa7ec6011c53bf9979036f7bd85d8db13,/path/to/PETS-FFT-Ablation/results/final_unconditional_main_v1/evaluators/AirQuality/T64/ts2vec_seed_42.pt,1.3280580043792725,1
Diffusion-TS,AirQuality,64,42,100002,context_fid,123,0.640027366290572,True,4096,08866e0a33d9b75e91a981c6031b183546043fc0bf762d0e9377bc734a6c4c09,cf4894a5ed6904328aca52044ec037aaa7ec6011c53bf9979036f7bd85d8db13,/path/to/PETS-FFT-Ablation/results/final_unconditional_main_v1/evaluators/AirQuality/T64/ts2vec_seed_123.pt,1.358288288116455,2
Diffusion-TS,AirQuality,64,42,100002,correlation_score,-1,0.16282790899276733,True,4096,08866e0a33d9b75e91a981c6031b183546043fc0bf762d0e9377bc734a6c4c09,cf4894a5ed6904328aca52044ec037aaa7ec6011c53bf9979036f7bd85d8db13,/path/to/Diffusion-TS/Utils/cross_correlation.py,0.0721132755279541,1
Diffusion-TS,AirQuality,64,42,100002,discriminative_score,0,0.18170731707317078,True,4096,08866e0a33d9b75e91a981c6031b183546043fc0bf762d0e9377bc734a6c4c09,cf4894a5ed6904328aca52044ec037aaa7ec6011c53bf9979036f7bd85d8db13,/path/to/Diffusion-TS/Utils/discriminative_metric.py,33.28742718696594,1
Diffusion-TS,AirQuality,64,42,100002,discriminative_score,42,0.16707317073170735,True,4096,08866e0a33d9b75e91a981c6031b183546043fc0bf762d0e9377bc734a6c4c09,cf4894a5ed6904328aca52044ec037aaa7ec6011c53bf9979036f7bd85d8db13,/path/to/Diffusion-TS/Utils/discriminative_metric.py,32.7031774520874,0
Diffusion-TS,AirQuality,64,42,100002,discriminative_score,123,0.2036585365853658,True,4096,08866e0a33d9b75e91a981c6031b183546043fc0bf762d0e9377bc734a6c4c09,cf4894a5ed6904328aca52044ec037aaa7ec6011c53bf9979036f7bd85d8db13,/path/to/Diffusion-TS/Utils/discriminative_metric.py,32.85619568824768,2
Diffusion-TS,AirQuality,64,42,100002,predictive_score,0,0.021112847600079476,True,4096,08866e0a33d9b75e91a981c6031b183546043fc0bf762d0e9377bc734a6c4c09,cf4894a5ed6904328aca52044ec037aaa7ec6011c53bf9979036f7bd85d8db13,/path/to/Diffusion-TS/Utils/predictive_metric.py,66.31931924819946,0
Diffusion-TS,AirQuality,64,42,100002,predictive_score,42,0.02424568706305763,True,4096,08866e0a33d9b75e91a981c6031b183546043fc0bf762d0e9377bc734a6c4c09,cf4894a5ed6904328aca52044ec037aaa7ec6011c53bf9979036f7bd85d8db13,/path/to/Diffusion-TS/Utils/predictive_metric.py,66.58453464508057,2
Diffusion-TS,AirQuality,64,42,100002,predictive_score,123,0.022229994224517213,True,4096,08866e0a33d9b75e91a981c6031b183546043fc0bf762d0e9377bc734a6c4c09,cf4894a5ed6904328aca52044ec037aaa7ec6011c53bf9979036f7bd85d8db13,/path/to/Diffusion-TS/Utils/predictive_metric.py,65.52078366279602,1
Diffusion-TS,AirQuality,64,42,100003,context_fid,0,0.6201570112067611,True,4096,08866e0a33d9b75e91a981c6031b183546043fc0bf762d0e9377bc734a6c4c09,50acd91d9388abbd1e2457f14e7de498ae9ac8e23dcfcbd2fe04d8592d91a3a1,/path/to/PETS-FFT-Ablation/results/final_unconditional_main_v1/evaluators/AirQuality/T64/ts2vec_seed_0.pt,1.236135721206665,1
Diffusion-TS,AirQuality,64,42,100003,context_fid,42,0.6643893199848065,True,4096,08866e0a33d9b75e91a981c6031b183546043fc0bf762d0e9377bc734a6c4c09,50acd91d9388abbd1e2457f14e7de498ae9ac8e23dcfcbd2fe04d8592d91a3a1,/path/to/PETS-FFT-Ablation/results/final_unconditional_main_v1/evaluators/AirQuality/T64/ts2vec_seed_42.pt,1.3000853061676025,0
Diffusion-TS,AirQuality,64,42,100003,context_fid,123,0.6340546195757445,True,4096,08866e0a33d9b75e91a981c6031b183546043fc0bf762d0e9377bc734a6c4c09,50acd91d9388abbd1e2457f14e7de498ae9ac8e23dcfcbd2fe04d8592d91a3a1,/path/to/PETS-FFT-Ablation/results/final_unconditional_main_v1/evaluators/AirQuality/T64/ts2vec_seed_123.pt,1.3689515590667725,2
Diffusion-TS,AirQuality,64,42,100003,correlation_score,-1,0.1732083112001419,True,4096,08866e0a33d9b75e91a981c6031b183546043fc0bf762d0e9377bc734a6c4c09,50acd91d9388abbd1e2457f14e7de498ae9ac8e23dcfcbd2fe04d8592d91a3a1,/path/to/Diffusion-TS/Utils/cross_correlation.py,0.06415653228759766,1
Diffusion-TS,AirQuality,64,42,100003,discriminative_score,0,0.19512195121951215,True,4096,08866e0a33d9b75e91a981c6031b183546043fc0bf762d0e9377bc734a6c4c09,50acd91d9388abbd1e2457f14e7de498ae9ac8e23dcfcbd2fe04d8592d91a3a1,/path/to/Diffusion-TS/Utils/discriminative_metric.py,32.80708146095276,1
Diffusion-TS,AirQuality,64,42,100003,discriminative_score,42,0.1786585365853659,True,4096,08866e0a33d9b75e91a981c6031b183546043fc0bf762d0e9377bc734a6c4c09,50acd91d9388abbd1e2457f14e7de498ae9ac8e23dcfcbd2fe04d8592d91a3a1,/path/to/Diffusion-TS/Utils/discriminative_metric.py,32.91024470329285,0
Diffusion-TS,AirQuality,64,42,100003,discriminative_score,123,0.1865853658536586,True,4096,08866e0a33d9b75e91a981c6031b183546043fc0bf762d0e9377bc734a6c4c09,50acd91d9388abbd1e2457f14e7de498ae9ac8e23dcfcbd2fe04d8592d91a3a1,/path/to/Diffusion-TS/Utils/discriminative_metric.py,32.61540150642395,2
Diffusion-TS,AirQuality,64,42,100003,predictive_score,0,0.021050474108733397,True,4096,08866e0a33d9b75e91a981c6031b183546043fc0bf762d0e9377bc734a6c4c09,50acd91d9388abbd1e2457f14e7de498ae9ac8e23dcfcbd2fe04d8592d91a3a1,/path/to/Diffusion-TS/Utils/predictive_metric.py,65.0670223236084,1
Diffusion-TS,AirQuality,64,42,100003,predictive_score,42,0.024690663461399254,True,4096,08866e0a33d9b75e91a981c6031b183546043fc0bf762d0e9377bc734a6c4c09,50acd91d9388abbd1e2457f14e7de498ae9ac8e23dcfcbd2fe04d8592d91a3a1,/path/to/Diffusion-TS/Utils/predictive_metric.py,66.05916595458984,0
Diffusion-TS,AirQuality,64,42,100003,predictive_score,123,0.022351836005100267,True,4096,08866e0a33d9b75e91a981c6031b183546043fc0bf762d0e9377bc734a6c4c09,50acd91d9388abbd1e2457f14e7de498ae9ac8e23dcfcbd2fe04d8592d91a3a1,/path/to/Diffusion-TS/Utils/predictive_metric.py,67.29393529891968,2
Diffusion-TS,AirQuality,64,42,100004,context_fid,0,0.6231452240011274,True,4096,08866e0a33d9b75e91a981c6031b183546043fc0bf762d0e9377bc734a6c4c09,136338148d5f6d8b6b5ecc5e2a3324e1ade069ca434817ea155c66d16846154c,/path/to/PETS-FFT-Ablation/results/final_unconditional_main_v1/evaluators/AirQuality/T64/ts2vec_seed_0.pt,1.3993644714355469,1
Diffusion-TS,AirQuality,64,42,100004,context_fid,42,0.6760289633053467,True,4096,08866e0a33d9b75e91a981c6031b183546043fc0bf762d0e9377bc734a6c4c09,136338148d5f6d8b6b5ecc5e2a3324e1ade069ca434817ea155c66d16846154c,/path/to/PETS-FFT-Ablation/results/final_unconditional_main_v1/evaluators/AirQuality/T64/ts2vec_seed_42.pt,1.3934321403503418,1
Diffusion-TS,AirQuality,64,42,100004,context_fid,123,0.6415556155922743,True,4096,08866e0a33d9b75e91a981c6031b183546043fc0bf762d0e9377bc734a6c4c09,136338148d5f6d8b6b5ecc5e2a3324e1ade069ca434817ea155c66d16846154c,/path/to/PETS-FFT-Ablation/results/final_unconditional_main_v1/evaluators/AirQuality/T64/ts2vec_seed_123.pt,1.3345084190368652,0
Diffusion-TS,AirQuality,64,42,100004,correlation_score,-1,0.16068391501903534,True,4096,08866e0a33d9b75e91a981c6031b183546043fc0bf762d0e9377bc734a6c4c09,136338148d5f6d8b6b5ecc5e2a3324e1ade069ca434817ea155c66d16846154c,/path/to/Diffusion-TS/Utils/cross_correlation.py,0.061824798583984375,1
Diffusion-TS,AirQuality,64,42,100004,discriminative_score,0,0.1786585365853659,True,4096,08866e0a33d9b75e91a981c6031b183546043fc0bf762d0e9377bc734a6c4c09,136338148d5f6d8b6b5ecc5e2a3324e1ade069ca434817ea155c66d16846154c,/path/to/Diffusion-TS/Utils/discriminative_metric.py,32.63704466819763,1
Diffusion-TS,AirQuality,64,42,100004,discriminative_score,42,0.19695121951219507,True,4096,08866e0a33d9b75e91a981c6031b183546043fc0bf762d0e9377bc734a6c4c09,136338148d5f6d8b6b5ecc5e2a3324e1ade069ca434817ea155c66d16846154c,/path/to/Diffusion-TS/Utils/discriminative_metric.py,32.09108066558838,0
Diffusion-TS,AirQuality,64,42,100004,discriminative_score,123,0.2170731707317073,True,4096,08866e0a33d9b75e91a981c6031b183546043fc0bf762d0e9377bc734a6c4c09,136338148d5f6d8b6b5ecc5e2a3324e1ade069ca434817ea155c66d16846154c,/path/to/Diffusion-TS/Utils/discriminative_metric.py,32.59515905380249,2
Diffusion-TS,AirQuality,64,42,100004,predictive_score,0,0.021020365571246202,True,4096,08866e0a33d9b75e91a981c6031b183546043fc0bf762d0e9377bc734a6c4c09,136338148d5f6d8b6b5ecc5e2a3324e1ade069ca434817ea155c66d16846154c,/path/to/Diffusion-TS/Utils/predictive_metric.py,65.78923034667969,0
Diffusion-TS,AirQuality,64,42,100004,predictive_score,42,0.024597033631494014,True,4096,08866e0a33d9b75e91a981c6031b183546043fc0bf762d0e9377bc734a6c4c09,136338148d5f6d8b6b5ecc5e2a3324e1ade069ca434817ea155c66d16846154c,/path/to/Diffusion-TS/Utils/predictive_metric.py,66.98431611061096,1
Diffusion-TS,AirQuality,64,42,100004,predictive_score,123,0.022367315554788547,True,4096,08866e0a33d9b75e91a981c6031b183546043fc0bf762d0e9377bc734a6c4c09,136338148d5f6d8b6b5ecc5e2a3324e1ade069ca434817ea155c66d16846154c,/path/to/Diffusion-TS/Utils/predictive_metric.py,65.0744776725769,2
Diffusion-TS,AirQuality,64,123,100000,context_fid,0,0.5158197651565832,True,4096,08866e0a33d9b75e91a981c6031b183546043fc0bf762d0e9377bc734a6c4c09,853ce434948779d0c7c216cd2f6fa7571d755331387b1967f100e0b1178fa28d,/path/to/PETS-FFT-Ablation/results/final_unconditional_main_v1/evaluators/AirQuality/T64/ts2vec_seed_0.pt,1.226170301437378,0
Diffusion-TS,AirQuality,64,123,100000,context_fid,42,0.5409666262814192,True,4096,08866e0a33d9b75e91a981c6031b183546043fc0bf762d0e9377bc734a6c4c09,853ce434948779d0c7c216cd2f6fa7571d755331387b1967f100e0b1178fa28d,/path/to/PETS-FFT-Ablation/results/final_unconditional_main_v1/evaluators/AirQuality/T64/ts2vec_seed_42.pt,1.5104258060455322,2
Diffusion-TS,AirQuality,64,123,100000,context_fid,123,0.5455393320705262,True,4096,08866e0a33d9b75e91a981c6031b183546043fc0bf762d0e9377bc734a6c4c09,853ce434948779d0c7c216cd2f6fa7571d755331387b1967f100e0b1178fa28d,/path/to/PETS-FFT-Ablation/results/final_unconditional_main_v1/evaluators/AirQuality/T64/ts2vec_seed_123.pt,1.4510700702667236,0
Diffusion-TS,AirQuality,64,123,100000,correlation_score,-1,0.13907396793365479,True,4096,08866e0a33d9b75e91a981c6031b183546043fc0bf762d0e9377bc734a6c4c09,853ce434948779d0c7c216cd2f6fa7571d755331387b1967f100e0b1178fa28d,/path/to/Diffusion-TS/Utils/cross_correlation.py,0.052111148834228516,2
Diffusion-TS,AirQuality,64,123,100000,discriminative_score,0,0.24451219512195121,True,4096,08866e0a33d9b75e91a981c6031b183546043fc0bf762d0e9377bc734a6c4c09,853ce434948779d0c7c216cd2f6fa7571d755331387b1967f100e0b1178fa28d,/path/to/Diffusion-TS/Utils/discriminative_metric.py,32.97001123428345,2
Diffusion-TS,AirQuality,64,123,100000,discriminative_score,42,0.1658536585365854,True,4096,08866e0a33d9b75e91a981c6031b183546043fc0bf762d0e9377bc734a6c4c09,853ce434948779d0c7c216cd2f6fa7571d755331387b1967f100e0b1178fa28d,/path/to/Diffusion-TS/Utils/discriminative_metric.py,32.997323513031006,1
Diffusion-TS,AirQuality,64,123,100000,discriminative_score,123,0.16036585365853662,True,4096,08866e0a33d9b75e91a981c6031b183546043fc0bf762d0e9377bc734a6c4c09,853ce434948779d0c7c216cd2f6fa7571d755331387b1967f100e0b1178fa28d,/path/to/Diffusion-TS/Utils/discriminative_metric.py,32.185078859329224,0
Diffusion-TS,AirQuality,64,123,100000,predictive_score,0,0.020102788599899668,True,4096,08866e0a33d9b75e91a981c6031b183546043fc0bf762d0e9377bc734a6c4c09,853ce434948779d0c7c216cd2f6fa7571d755331387b1967f100e0b1178fa28d,/path/to/Diffusion-TS/Utils/predictive_metric.py,66.88132333755493,2
Diffusion-TS,AirQuality,64,123,100000,predictive_score,42,0.022967213785932472,True,4096,08866e0a33d9b75e91a981c6031b183546043fc0bf762d0e9377bc734a6c4c09,853ce434948779d0c7c216cd2f6fa7571d755331387b1967f100e0b1178fa28d,/path/to/Diffusion-TS/Utils/predictive_metric.py,66.96657204627991,1
Diffusion-TS,AirQuality,64,123,100000,predictive_score,123,0.021718801309077662,True,4096,08866e0a33d9b75e91a981c6031b183546043fc0bf762d0e9377bc734a6c4c09,853ce434948779d0c7c216cd2f6fa7571d755331387b1967f100e0b1178fa28d,/path/to/Diffusion-TS/Utils/predictive_metric.py,66.20936822891235,0
Diffusion-TS,AirQuality,64,123,100001,context_fid,0,0.510416811543562,True,4096,08866e0a33d9b75e91a981c6031b183546043fc0bf762d0e9377bc734a6c4c09,42800bf40d7f0d097d075e5ca8785991eb3fc1b2155d96afc993272c96bdae21,/path/to/PETS-FFT-Ablation/results/final_unconditional_main_v1/evaluators/AirQuality/T64/ts2vec_seed_0.pt,1.2034106254577637,0
Diffusion-TS,AirQuality,64,123,100001,context_fid,42,0.54258705823286,True,4096,08866e0a33d9b75e91a981c6031b183546043fc0bf762d0e9377bc734a6c4c09,42800bf40d7f0d097d075e5ca8785991eb3fc1b2155d96afc993272c96bdae21,/path/to/PETS-FFT-Ablation/results/final_unconditional_main_v1/evaluators/AirQuality/T64/ts2vec_seed_42.pt,1.3398771286010742,2
Diffusion-TS,AirQuality,64,123,100001,context_fid,123,0.5440242201745744,True,4096,08866e0a33d9b75e91a981c6031b183546043fc0bf762d0e9377bc734a6c4c09,42800bf40d7f0d097d075e5ca8785991eb3fc1b2155d96afc993272c96bdae21,/path/to/PETS-FFT-Ablation/results/final_unconditional_main_v1/evaluators/AirQuality/T64/ts2vec_seed_123.pt,1.4158005714416504,1
Diffusion-TS,AirQuality,64,123,100001,correlation_score,-1,0.1510591208934784,True,4096,08866e0a33d9b75e91a981c6031b183546043fc0bf762d0e9377bc734a6c4c09,42800bf40d7f0d097d075e5ca8785991eb3fc1b2155d96afc993272c96bdae21,/path/to/Diffusion-TS/Utils/cross_correlation.py,0.05108022689819336,0
Diffusion-TS,AirQuality,64,123,100001,discriminative_score,0,0.25182926829268293,True,4096,08866e0a33d9b75e91a981c6031b183546043fc0bf762d0e9377bc734a6c4c09,42800bf40d7f0d097d075e5ca8785991eb3fc1b2155d96afc993272c96bdae21,/path/to/Diffusion-TS/Utils/discriminative_metric.py,32.91879105567932,0
Diffusion-TS,AirQuality,64,123,100001,discriminative_score,42,0.1713414634146342,True,4096,08866e0a33d9b75e91a981c6031b183546043fc0bf762d0e9377bc734a6c4c09,42800bf40d7f0d097d075e5ca8785991eb3fc1b2155d96afc993272c96bdae21,/path/to/Diffusion-TS/Utils/discriminative_metric.py,32.65994715690613,2
Diffusion-TS,AirQuality,64,123,100001,discriminative_score,123,0.1609756097560976,True,4096,08866e0a33d9b75e91a981c6031b183546043fc0bf762d0e9377bc734a6c4c09,42800bf40d7f0d097d075e5ca8785991eb3fc1b2155d96afc993272c96bdae21,/path/to/Diffusion-TS/Utils/discriminative_metric.py,32.682265281677246,1
Diffusion-TS,AirQuality,64,123,100001,predictive_score,0,0.020083438037147516,True,4096,08866e0a33d9b75e91a981c6031b183546043fc0bf762d0e9377bc734a6c4c09,42800bf40d7f0d097d075e5ca8785991eb3fc1b2155d96afc993272c96bdae21,/path/to/Diffusion-TS/Utils/predictive_metric.py,65.29486727714539,0
Diffusion-TS,AirQuality,64,123,100001,predictive_score,42,0.023766034967536598,True,4096,08866e0a33d9b75e91a981c6031b183546043fc0bf762d0e9377bc734a6c4c09,42800bf40d7f0d097d075e5ca8785991eb3fc1b2155d96afc993272c96bdae21,/path/to/Diffusion-TS/Utils/predictive_metric.py,63.6608567237854,2
Diffusion-TS,AirQuality,64,123,100001,predictive_score,123,0.021652065514899732,True,4096,08866e0a33d9b75e91a981c6031b183546043fc0bf762d0e9377bc734a6c4c09,42800bf40d7f0d097d075e5ca8785991eb3fc1b2155d96afc993272c96bdae21,/path/to/Diffusion-TS/Utils/predictive_metric.py,65.15500402450562,1
Diffusion-TS,AirQuality,64,123,100002,context_fid,0,0.5641991776473614,True,4096,08866e0a33d9b75e91a981c6031b183546043fc0bf762d0e9377bc734a6c4c09,87b9a55e28b94feb907008fc570ac9731403548de0ca095a85e2f4f8fdc3be2d,/path/to/PETS-FFT-Ablation/results/final_unconditional_main_v1/evaluators/AirQuality/T64/ts2vec_seed_0.pt,1.3427724838256836,2
Diffusion-TS,AirQuality,64,123,100002,context_fid,42,0.5954533597794596,True,4096,08866e0a33d9b75e91a981c6031b183546043fc0bf762d0e9377bc734a6c4c09,87b9a55e28b94feb907008fc570ac9731403548de0ca095a85e2f4f8fdc3be2d,/path/to/PETS-FFT-Ablation/results/final_unconditional_main_v1/evaluators/AirQuality/T64/ts2vec_seed_42.pt,1.4693408012390137,2
Diffusion-TS,AirQuality,64,123,100002,context_fid,123,0.5934152651380905,True,4096,08866e0a33d9b75e91a981c6031b183546043fc0bf762d0e9377bc734a6c4c09,87b9a55e28b94feb907008fc570ac9731403548de0ca095a85e2f4f8fdc3be2d,/path/to/PETS-FFT-Ablation/results/final_unconditional_main_v1/evaluators/AirQuality/T64/ts2vec_seed_123.pt,1.2318542003631592,0
Diffusion-TS,AirQuality,64,123,100002,correlation_score,-1,0.15145167708396912,True,4096,08866e0a33d9b75e91a981c6031b183546043fc0bf762d0e9377bc734a6c4c09,87b9a55e28b94feb907008fc570ac9731403548de0ca095a85e2f4f8fdc3be2d,/path/to/Diffusion-TS/Utils/cross_correlation.py,0.05037283897399902,2
Diffusion-TS,AirQuality,64,123,100002,discriminative_score,0,0.24024390243902438,True,4096,08866e0a33d9b75e91a981c6031b183546043fc0bf762d0e9377bc734a6c4c09,87b9a55e28b94feb907008fc570ac9731403548de0ca095a85e2f4f8fdc3be2d,/path/to/Diffusion-TS/Utils/discriminative_metric.py,32.64393424987793,1
Diffusion-TS,AirQuality,64,123,100002,discriminative_score,42,0.1786585365853659,True,4096,08866e0a33d9b75e91a981c6031b183546043fc0bf762d0e9377bc734a6c4c09,87b9a55e28b94feb907008fc570ac9731403548de0ca095a85e2f4f8fdc3be2d,/path/to/Diffusion-TS/Utils/discriminative_metric.py,32.60468888282776,0
Diffusion-TS,AirQuality,64,123,100002,discriminative_score,123,0.17926829268292688,True,4096,08866e0a33d9b75e91a981c6031b183546043fc0bf762d0e9377bc734a6c4c09,87b9a55e28b94feb907008fc570ac9731403548de0ca095a85e2f4f8fdc3be2d,/path/to/Diffusion-TS/Utils/discriminative_metric.py,32.534162759780884,2
Diffusion-TS,AirQuality,64,123,100002,predictive_score,0,0.020091421614836236,True,4096,08866e0a33d9b75e91a981c6031b183546043fc0bf762d0e9377bc734a6c4c09,87b9a55e28b94feb907008fc570ac9731403548de0ca095a85e2f4f8fdc3be2d,/path/to/Diffusion-TS/Utils/predictive_metric.py,66.3479995727539,1
Diffusion-TS,AirQuality,64,123,100002,predictive_score,42,0.023543025449100696,True,4096,08866e0a33d9b75e91a981c6031b183546043fc0bf762d0e9377bc734a6c4c09,87b9a55e28b94feb907008fc570ac9731403548de0ca095a85e2f4f8fdc3be2d,/path/to/Diffusion-TS/Utils/predictive_metric.py,66.70131945610046,0
Diffusion-TS,AirQuality,64,123,100002,predictive_score,123,0.021820776115646368,True,4096,08866e0a33d9b75e91a981c6031b183546043fc0bf762d0e9377bc734a6c4c09,87b9a55e28b94feb907008fc570ac9731403548de0ca095a85e2f4f8fdc3be2d,/path/to/Diffusion-TS/Utils/predictive_metric.py,67.60611629486084,2
Diffusion-TS,AirQuality,64,123,100003,context_fid,0,0.5363641684864024,True,4096,08866e0a33d9b75e91a981c6031b183546043fc0bf762d0e9377bc734a6c4c09,f3e0bce8f776e92f49f10e6358006b0ee42cce68affe1f11056da96216f3855e,/path/to/PETS-FFT-Ablation/results/final_unconditional_main_v1/evaluators/AirQuality/T64/ts2vec_seed_0.pt,1.4771311283111572,1
Diffusion-TS,AirQuality,64,123,100003,context_fid,42,0.5726396621430815,True,4096,08866e0a33d9b75e91a981c6031b183546043fc0bf762d0e9377bc734a6c4c09,f3e0bce8f776e92f49f10e6358006b0ee42cce68affe1f11056da96216f3855e,/path/to/PETS-FFT-Ablation/results/final_unconditional_main_v1/evaluators/AirQuality/T64/ts2vec_seed_42.pt,1.316697359085083,0
Diffusion-TS,AirQuality,64,123,100003,context_fid,123,0.5760374694108141,True,4096,08866e0a33d9b75e91a981c6031b183546043fc0bf762d0e9377bc734a6c4c09,f3e0bce8f776e92f49f10e6358006b0ee42cce68affe1f11056da96216f3855e,/path/to/PETS-FFT-Ablation/results/final_unconditional_main_v1/evaluators/AirQuality/T64/ts2vec_seed_123.pt,1.3573455810546875,1
Diffusion-TS,AirQuality,64,123,100003,correlation_score,-1,0.1666717827320099,True,4096,08866e0a33d9b75e91a981c6031b183546043fc0bf762d0e9377bc734a6c4c09,f3e0bce8f776e92f49f10e6358006b0ee42cce68affe1f11056da96216f3855e,/path/to/Diffusion-TS/Utils/cross_correlation.py,0.06316184997558594,1
Diffusion-TS,AirQuality,64,123,100003,discriminative_score,0,0.2548780487804878,True,4096,08866e0a33d9b75e91a981c6031b183546043fc0bf762d0e9377bc734a6c4c09,f3e0bce8f776e92f49f10e6358006b0ee42cce68affe1f11056da96216f3855e,/path/to/Diffusion-TS/Utils/discriminative_metric.py,32.175374269485474,2
Diffusion-TS,AirQuality,64,123,100003,discriminative_score,42,0.17317073170731712,True,4096,08866e0a33d9b75e91a981c6031b183546043fc0bf762d0e9377bc734a6c4c09,f3e0bce8f776e92f49f10e6358006b0ee42cce68affe1f11056da96216f3855e,/path/to/Diffusion-TS/Utils/discriminative_metric.py,32.69789958000183,0
Diffusion-TS,AirQuality,64,123,100003,discriminative_score,123,0.15731707317073174,True,4096,08866e0a33d9b75e91a981c6031b183546043fc0bf762d0e9377bc734a6c4c09,f3e0bce8f776e92f49f10e6358006b0ee42cce68affe1f11056da96216f3855e,/path/to/Diffusion-TS/Utils/discriminative_metric.py,32.60857963562012,1
Diffusion-TS,AirQuality,64,123,100003,predictive_score,0,0.02012075757920684,True,4096,08866e0a33d9b75e91a981c6031b183546043fc0bf762d0e9377bc734a6c4c09,f3e0bce8f776e92f49f10e6358006b0ee42cce68affe1f11056da96216f3855e,/path/to/Diffusion-TS/Utils/predictive_metric.py,68.61263513565063,2
Diffusion-TS,AirQuality,64,123,100003,predictive_score,42,0.024029061174928756,True,4096,08866e0a33d9b75e91a981c6031b183546043fc0bf762d0e9377bc734a6c4c09,f3e0bce8f776e92f49f10e6358006b0ee42cce68affe1f11056da96216f3855e,/path/to/Diffusion-TS/Utils/predictive_metric.py,64.44221544265747,0
Diffusion-TS,AirQuality,64,123,100003,predictive_score,123,0.021771910103666414,True,4096,08866e0a33d9b75e91a981c6031b183546043fc0bf762d0e9377bc734a6c4c09,f3e0bce8f776e92f49f10e6358006b0ee42cce68affe1f11056da96216f3855e,/path/to/Diffusion-TS/Utils/predictive_metric.py,66.09280061721802,1
Diffusion-TS,AirQuality,64,123,100004,context_fid,0,0.513037024675475,True,4096,08866e0a33d9b75e91a981c6031b183546043fc0bf762d0e9377bc734a6c4c09,fb57f5ea6f29969897961d3a2bd53a816846c572f3b643d4b50ccdd2470cf38f,/path/to/PETS-FFT-Ablation/results/final_unconditional_main_v1/evaluators/AirQuality/T64/ts2vec_seed_0.pt,1.3566505908966064,0
Diffusion-TS,AirQuality,64,123,100004,context_fid,42,0.55119358074279,True,4096,08866e0a33d9b75e91a981c6031b183546043fc0bf762d0e9377bc734a6c4c09,fb57f5ea6f29969897961d3a2bd53a816846c572f3b643d4b50ccdd2470cf38f,/path/to/PETS-FFT-Ablation/results/final_unconditional_main_v1/evaluators/AirQuality/T64/ts2vec_seed_42.pt,1.3646013736724854,0
Diffusion-TS,AirQuality,64,123,100004,context_fid,123,0.5464422040096043,True,4096,08866e0a33d9b75e91a981c6031b183546043fc0bf762d0e9377bc734a6c4c09,fb57f5ea6f29969897961d3a2bd53a816846c572f3b643d4b50ccdd2470cf38f,/path/to/PETS-FFT-Ablation/results/final_unconditional_main_v1/evaluators/AirQuality/T64/ts2vec_seed_123.pt,1.2982549667358398,1
Diffusion-TS,AirQuality,64,123,100004,correlation_score,-1,0.1340661495923996,True,4096,08866e0a33d9b75e91a981c6031b183546043fc0bf762d0e9377bc734a6c4c09,fb57f5ea6f29969897961d3a2bd53a816846c572f3b643d4b50ccdd2470cf38f,/path/to/Diffusion-TS/Utils/cross_correlation.py,0.0543515682220459,0
Diffusion-TS,AirQuality,64,123,100004,discriminative_score,0,0.23353658536585364,True,4096,08866e0a33d9b75e91a981c6031b183546043fc0bf762d0e9377bc734a6c4c09,fb57f5ea6f29969897961d3a2bd53a816846c572f3b643d4b50ccdd2470cf38f,/path/to/Diffusion-TS/Utils/discriminative_metric.py,32.739158630371094,0
Diffusion-TS,AirQuality,64,123,100004,discriminative_score,42,0.17317073170731712,True,4096,08866e0a33d9b75e91a981c6031b183546043fc0bf762d0e9377bc734a6c4c09,fb57f5ea6f29969897961d3a2bd53a816846c572f3b643d4b50ccdd2470cf38f,/path/to/Diffusion-TS/Utils/discriminative_metric.py,32.67585301399231,1
Diffusion-TS,AirQuality,64,123,100004,discriminative_score,123,0.18597560975609762,True,4096,08866e0a33d9b75e91a981c6031b183546043fc0bf762d0e9377bc734a6c4c09,fb57f5ea6f29969897961d3a2bd53a816846c572f3b643d4b50ccdd2470cf38f,/path/to/Diffusion-TS/Utils/discriminative_metric.py,32.819839000701904,2
Diffusion-TS,AirQuality,64,123,100004,predictive_score,0,0.01996644106355916,True,4096,08866e0a33d9b75e91a981c6031b183546043fc0bf762d0e9377bc734a6c4c09,fb57f5ea6f29969897961d3a2bd53a816846c572f3b643d4b50ccdd2470cf38f,/path/to/Diffusion-TS/Utils/predictive_metric.py,65.12903308868408,0
Diffusion-TS,AirQuality,64,123,100004,predictive_score,42,0.023763832223437475,True,4096,08866e0a33d9b75e91a981c6031b183546043fc0bf762d0e9377bc734a6c4c09,fb57f5ea6f29969897961d3a2bd53a816846c572f3b643d4b50ccdd2470cf38f,/path/to/Diffusion-TS/Utils/predictive_metric.py,65.66698026657104,1
Diffusion-TS,AirQuality,64,123,100004,predictive_score,123,0.021910947639810274,True,4096,08866e0a33d9b75e91a981c6031b183546043fc0bf762d0e9377bc734a6c4c09,fb57f5ea6f29969897961d3a2bd53a816846c572f3b643d4b50ccdd2470cf38f,/path/to/Diffusion-TS/Utils/predictive_metric.py,65.8367190361023,2
PETS-U,AirQuality,64,0,100000,context_fid,0,0.36221703805099226,True,4096,08866e0a33d9b75e91a981c6031b183546043fc0bf762d0e9377bc734a6c4c09,7b377155dd34cca3c30a23542b52294c6665bf57b1e4454ddd69299ee2de5f50,/path/to/PETS-FFT-Ablation/results/final_unconditional_main_v1/evaluators/AirQuality/T64/ts2vec_seed_0.pt,1.2029922008514404,0
PETS-U,AirQuality,64,0,100000,context_fid,42,0.3510154376641414,True,4096,08866e0a33d9b75e91a981c6031b183546043fc0bf762d0e9377bc734a6c4c09,7b377155dd34cca3c30a23542b52294c6665bf57b1e4454ddd69299ee2de5f50,/path/to/PETS-FFT-Ablation/results/final_unconditional_main_v1/evaluators/AirQuality/T64/ts2vec_seed_42.pt,1.3175172805786133,2
PETS-U,AirQuality,64,0,100000,context_fid,123,0.37382504845463294,True,4096,08866e0a33d9b75e91a981c6031b183546043fc0bf762d0e9377bc734a6c4c09,7b377155dd34cca3c30a23542b52294c6665bf57b1e4454ddd69299ee2de5f50,/path/to/PETS-FFT-Ablation/results/final_unconditional_main_v1/evaluators/AirQuality/T64/ts2vec_seed_123.pt,1.519120216369629,0
PETS-U,AirQuality,64,0,100000,correlation_score,-1,0.0995190367102623,True,4096,08866e0a33d9b75e91a981c6031b183546043fc0bf762d0e9377bc734a6c4c09,7b377155dd34cca3c30a23542b52294c6665bf57b1e4454ddd69299ee2de5f50,/path/to/Diffusion-TS/Utils/cross_correlation.py,0.050508737564086914,0
PETS-U,AirQuality,64,0,100000,discriminative_score,0,0.15365853658536588,True,4096,08866e0a33d9b75e91a981c6031b183546043fc0bf762d0e9377bc734a6c4c09,7b377155dd34cca3c30a23542b52294c6665bf57b1e4454ddd69299ee2de5f50,/path/to/Diffusion-TS/Utils/discriminative_metric.py,32.8225781917572,1
PETS-U,AirQuality,64,0,100000,discriminative_score,42,0.15000000000000002,True,4096,08866e0a33d9b75e91a981c6031b183546043fc0bf762d0e9377bc734a6c4c09,7b377155dd34cca3c30a23542b52294c6665bf57b1e4454ddd69299ee2de5f50,/path/to/Diffusion-TS/Utils/discriminative_metric.py,32.816487550735474,2
PETS-U,AirQuality,64,0,100000,discriminative_score,123,0.15975609756097564,True,4096,08866e0a33d9b75e91a981c6031b183546043fc0bf762d0e9377bc734a6c4c09,7b377155dd34cca3c30a23542b52294c6665bf57b1e4454ddd69299ee2de5f50,/path/to/Diffusion-TS/Utils/discriminative_metric.py,32.5944037437439,0
PETS-U,AirQuality,64,0,100000,predictive_score,0,0.019938842593887784,True,4096,08866e0a33d9b75e91a981c6031b183546043fc0bf762d0e9377bc734a6c4c09,7b377155dd34cca3c30a23542b52294c6665bf57b1e4454ddd69299ee2de5f50,/path/to/Diffusion-TS/Utils/predictive_metric.py,66.17633628845215,1
PETS-U,AirQuality,64,0,100000,predictive_score,42,0.021837368664705537,True,4096,08866e0a33d9b75e91a981c6031b183546043fc0bf762d0e9377bc734a6c4c09,7b377155dd34cca3c30a23542b52294c6665bf57b1e4454ddd69299ee2de5f50,/path/to/Diffusion-TS/Utils/predictive_metric.py,65.64386820793152,2
PETS-U,AirQuality,64,0,100000,predictive_score,123,0.023701534405574876,True,4096,08866e0a33d9b75e91a981c6031b183546043fc0bf762d0e9377bc734a6c4c09,7b377155dd34cca3c30a23542b52294c6665bf57b1e4454ddd69299ee2de5f50,/path/to/Diffusion-TS/Utils/predictive_metric.py,68.35558080673218,0
PETS-U,AirQuality,64,0,100001,context_fid,0,0.38123582459119276,True,4096,08866e0a33d9b75e91a981c6031b183546043fc0bf762d0e9377bc734a6c4c09,75c5cf9d79ab68a8d9ede0c73e3e031702717bdf2537c10333825da92740a7dd,/path/to/PETS-FFT-Ablation/results/final_unconditional_main_v1/evaluators/AirQuality/T64/ts2vec_seed_0.pt,1.5518980026245117,2
PETS-U,AirQuality,64,0,100001,context_fid,42,0.383018834835578,True,4096,08866e0a33d9b75e91a981c6031b183546043fc0bf762d0e9377bc734a6c4c09,75c5cf9d79ab68a8d9ede0c73e3e031702717bdf2537c10333825da92740a7dd,/path/to/PETS-FFT-Ablation/results/final_unconditional_main_v1/evaluators/AirQuality/T64/ts2vec_seed_42.pt,1.293950080871582,1
PETS-U,AirQuality,64,0,100001,context_fid,123,0.3927936392813769,True,4096,08866e0a33d9b75e91a981c6031b183546043fc0bf762d0e9377bc734a6c4c09,75c5cf9d79ab68a8d9ede0c73e3e031702717bdf2537c10333825da92740a7dd,/path/to/PETS-FFT-Ablation/results/final_unconditional_main_v1/evaluators/AirQuality/T64/ts2vec_seed_123.pt,1.3705554008483887,1
PETS-U,AirQuality,64,0,100001,correlation_score,-1,0.09488880634307861,True,4096,08866e0a33d9b75e91a981c6031b183546043fc0bf762d0e9377bc734a6c4c09,75c5cf9d79ab68a8d9ede0c73e3e031702717bdf2537c10333825da92740a7dd,/path/to/Diffusion-TS/Utils/cross_correlation.py,0.05927276611328125,1
PETS-U,AirQuality,64,0,100001,discriminative_score,0,0.17926829268292688,True,4096,08866e0a33d9b75e91a981c6031b183546043fc0bf762d0e9377bc734a6c4c09,75c5cf9d79ab68a8d9ede0c73e3e031702717bdf2537c10333825da92740a7dd,/path/to/Diffusion-TS/Utils/discriminative_metric.py,32.718114614486694,2
PETS-U,AirQuality,64,0,100001,discriminative_score,42,0.14207317073170733,True,4096,08866e0a33d9b75e91a981c6031b183546043fc0bf762d0e9377bc734a6c4c09,75c5cf9d79ab68a8d9ede0c73e3e031702717bdf2537c10333825da92740a7dd,/path/to/Diffusion-TS/Utils/discriminative_metric.py,32.997527837753296,1
PETS-U,AirQuality,64,0,100001,discriminative_score,123,0.14390243902439026,True,4096,08866e0a33d9b75e91a981c6031b183546043fc0bf762d0e9377bc734a6c4c09,75c5cf9d79ab68a8d9ede0c73e3e031702717bdf2537c10333825da92740a7dd,/path/to/Diffusion-TS/Utils/discriminative_metric.py,32.824873208999634,0
PETS-U,AirQuality,64,0,100001,predictive_score,0,0.019945007852697927,True,4096,08866e0a33d9b75e91a981c6031b183546043fc0bf762d0e9377bc734a6c4c09,75c5cf9d79ab68a8d9ede0c73e3e031702717bdf2537c10333825da92740a7dd,/path/to/Diffusion-TS/Utils/predictive_metric.py,68.33837556838989,2
PETS-U,AirQuality,64,0,100001,predictive_score,42,0.020824340728267998,True,4096,08866e0a33d9b75e91a981c6031b183546043fc0bf762d0e9377bc734a6c4c09,75c5cf9d79ab68a8d9ede0c73e3e031702717bdf2537c10333825da92740a7dd,/path/to/Diffusion-TS/Utils/predictive_metric.py,67.82363104820251,1
PETS-U,AirQuality,64,0,100001,predictive_score,123,0.022893780216350024,True,4096,08866e0a33d9b75e91a981c6031b183546043fc0bf762d0e9377bc734a6c4c09,75c5cf9d79ab68a8d9ede0c73e3e031702717bdf2537c10333825da92740a7dd,/path/to/Diffusion-TS/Utils/predictive_metric.py,66.53315877914429,0
PETS-U,AirQuality,64,0,100002,context_fid,0,0.36236353940499166,True,4096,08866e0a33d9b75e91a981c6031b183546043fc0bf762d0e9377bc734a6c4c09,bf2864a622671d66f1bbd60460d72fbf168b573e9eaa157eda97a78b4ea55f21,/path/to/PETS-FFT-Ablation/results/final_unconditional_main_v1/evaluators/AirQuality/T64/ts2vec_seed_0.pt,1.4601504802703857,2
PETS-U,AirQuality,64,0,100002,context_fid,42,0.36586476580638977,True,4096,08866e0a33d9b75e91a981c6031b183546043fc0bf762d0e9377bc734a6c4c09,bf2864a622671d66f1bbd60460d72fbf168b573e9eaa157eda97a78b4ea55f21,/path/to/PETS-FFT-Ablation/results/final_unconditional_main_v1/evaluators/AirQuality/T64/ts2vec_seed_42.pt,1.3715951442718506,0
PETS-U,AirQuality,64,0,100002,context_fid,123,0.3767388600817252,True,4096,08866e0a33d9b75e91a981c6031b183546043fc0bf762d0e9377bc734a6c4c09,bf2864a622671d66f1bbd60460d72fbf168b573e9eaa157eda97a78b4ea55f21,/path/to/PETS-FFT-Ablation/results/final_unconditional_main_v1/evaluators/AirQuality/T64/ts2vec_seed_123.pt,1.3980698585510254,1
PETS-U,AirQuality,64,0,100002,correlation_score,-1,0.10069869458675385,True,4096,08866e0a33d9b75e91a981c6031b183546043fc0bf762d0e9377bc734a6c4c09,bf2864a622671d66f1bbd60460d72fbf168b573e9eaa157eda97a78b4ea55f21,/path/to/Diffusion-TS/Utils/cross_correlation.py,0.05503535270690918,0
PETS-U,AirQuality,64,0,100002,discriminative_score,0,0.15731707317073174,True,4096,08866e0a33d9b75e91a981c6031b183546043fc0bf762d0e9377bc734a6c4c09,bf2864a622671d66f1bbd60460d72fbf168b573e9eaa157eda97a78b4ea55f21,/path/to/Diffusion-TS/Utils/discriminative_metric.py,33.0930016040802,0
PETS-U,AirQuality,64,0,100002,discriminative_score,42,0.14939024390243905,True,4096,08866e0a33d9b75e91a981c6031b183546043fc0bf762d0e9377bc734a6c4c09,bf2864a622671d66f1bbd60460d72fbf168b573e9eaa157eda97a78b4ea55f21,/path/to/Diffusion-TS/Utils/discriminative_metric.py,32.936208963394165,2
PETS-U,AirQuality,64,0,100002,discriminative_score,123,0.1426829268292683,True,4096,08866e0a33d9b75e91a981c6031b183546043fc0bf762d0e9377bc734a6c4c09,bf2864a622671d66f1bbd60460d72fbf168b573e9eaa157eda97a78b4ea55f21,/path/to/Diffusion-TS/Utils/discriminative_metric.py,32.6763973236084,1
PETS-U,AirQuality,64,0,100002,predictive_score,0,0.02006306713980166,True,4096,08866e0a33d9b75e91a981c6031b183546043fc0bf762d0e9377bc734a6c4c09,bf2864a622671d66f1bbd60460d72fbf168b573e9eaa157eda97a78b4ea55f21,/path/to/Diffusion-TS/Utils/predictive_metric.py,64.96701693534851,2
PETS-U,AirQuality,64,0,100002,predictive_score,42,0.020919662684377727,True,4096,08866e0a33d9b75e91a981c6031b183546043fc0bf762d0e9377bc734a6c4c09,bf2864a622671d66f1bbd60460d72fbf168b573e9eaa157eda97a78b4ea55f21,/path/to/Diffusion-TS/Utils/predictive_metric.py,64.97891569137573,0
PETS-U,AirQuality,64,0,100002,predictive_score,123,0.022751736733198413,True,4096,08866e0a33d9b75e91a981c6031b183546043fc0bf762d0e9377bc734a6c4c09,bf2864a622671d66f1bbd60460d72fbf168b573e9eaa157eda97a78b4ea55f21,/path/to/Diffusion-TS/Utils/predictive_metric.py,65.39068222045898,1
PETS-U,AirQuality,64,0,100003,context_fid,0,0.38644811001213875,True,4096,08866e0a33d9b75e91a981c6031b183546043fc0bf762d0e9377bc734a6c4c09,86e67a144a0e3831cf6a06ae16f1ab2155e758531f2112ee937b919d665ea010,/path/to/PETS-FFT-Ablation/results/final_unconditional_main_v1/evaluators/AirQuality/T64/ts2vec_seed_0.pt,1.5714914798736572,2
PETS-U,AirQuality,64,0,100003,context_fid,42,0.37900041475624197,True,4096,08866e0a33d9b75e91a981c6031b183546043fc0bf762d0e9377bc734a6c4c09,86e67a144a0e3831cf6a06ae16f1ab2155e758531f2112ee937b919d665ea010,/path/to/PETS-FFT-Ablation/results/final_unconditional_main_v1/evaluators/AirQuality/T64/ts2vec_seed_42.pt,1.2012019157409668,0
PETS-U,AirQuality,64,0,100003,context_fid,123,0.3941422902656209,True,4096,08866e0a33d9b75e91a981c6031b183546043fc0bf762d0e9377bc734a6c4c09,86e67a144a0e3831cf6a06ae16f1ab2155e758531f2112ee937b919d665ea010,/path/to/PETS-FFT-Ablation/results/final_unconditional_main_v1/evaluators/AirQuality/T64/ts2vec_seed_123.pt,1.39559006690979,1
PETS-U,AirQuality,64,0,100003,correlation_score,-1,0.09080909192562103,True,4096,08866e0a33d9b75e91a981c6031b183546043fc0bf762d0e9377bc734a6c4c09,86e67a144a0e3831cf6a06ae16f1ab2155e758531f2112ee937b919d665ea010,/path/to/Diffusion-TS/Utils/cross_correlation.py,0.06413745880126953,2
PETS-U,AirQuality,64,0,100003,discriminative_score,0,0.150609756097561,True,4096,08866e0a33d9b75e91a981c6031b183546043fc0bf762d0e9377bc734a6c4c09,86e67a144a0e3831cf6a06ae16f1ab2155e758531f2112ee937b919d665ea010,/path/to/Diffusion-TS/Utils/discriminative_metric.py,33.06707525253296,0
PETS-U,AirQuality,64,0,100003,discriminative_score,42,0.15487804878048783,True,4096,08866e0a33d9b75e91a981c6031b183546043fc0bf762d0e9377bc734a6c4c09,86e67a144a0e3831cf6a06ae16f1ab2155e758531f2112ee937b919d665ea010,/path/to/Diffusion-TS/Utils/discriminative_metric.py,32.738667011260986,2
PETS-U,AirQuality,64,0,100003,discriminative_score,123,0.14756097560975612,True,4096,08866e0a33d9b75e91a981c6031b183546043fc0bf762d0e9377bc734a6c4c09,86e67a144a0e3831cf6a06ae16f1ab2155e758531f2112ee937b919d665ea010,/path/to/Diffusion-TS/Utils/discriminative_metric.py,32.66665029525757,1
PETS-U,AirQuality,64,0,100003,predictive_score,0,0.019889970599251683,True,4096,08866e0a33d9b75e91a981c6031b183546043fc0bf762d0e9377bc734a6c4c09,86e67a144a0e3831cf6a06ae16f1ab2155e758531f2112ee937b919d665ea010,/path/to/Diffusion-TS/Utils/predictive_metric.py,65.88249373435974,0
PETS-U,AirQuality,64,0,100003,predictive_score,42,0.02225569232621183,True,4096,08866e0a33d9b75e91a981c6031b183546043fc0bf762d0e9377bc734a6c4c09,86e67a144a0e3831cf6a06ae16f1ab2155e758531f2112ee937b919d665ea010,/path/to/Diffusion-TS/Utils/predictive_metric.py,66.50144863128662,2
PETS-U,AirQuality,64,0,100003,predictive_score,123,0.02307276563817595,True,4096,08866e0a33d9b75e91a981c6031b183546043fc0bf762d0e9377bc734a6c4c09,86e67a144a0e3831cf6a06ae16f1ab2155e758531f2112ee937b919d665ea010,/path/to/Diffusion-TS/Utils/predictive_metric.py,65.33938455581665,1
PETS-U,AirQuality,64,0,100004,context_fid,0,0.39495458257220367,True,4096,08866e0a33d9b75e91a981c6031b183546043fc0bf762d0e9377bc734a6c4c09,feaef89e930e61d47fd577399925384f9eb3bc766f3c60f9964c6dac50efe3f6,/path/to/PETS-FFT-Ablation/results/final_unconditional_main_v1/evaluators/AirQuality/T64/ts2vec_seed_0.pt,1.2016041278839111,0
PETS-U,AirQuality,64,0,100004,context_fid,42,0.38855407327370706,True,4096,08866e0a33d9b75e91a981c6031b183546043fc0bf762d0e9377bc734a6c4c09,feaef89e930e61d47fd577399925384f9eb3bc766f3c60f9964c6dac50efe3f6,/path/to/PETS-FFT-Ablation/results/final_unconditional_main_v1/evaluators/AirQuality/T64/ts2vec_seed_42.pt,1.3059659004211426,1
PETS-U,AirQuality,64,0,100004,context_fid,123,0.40767365094879826,True,4096,08866e0a33d9b75e91a981c6031b183546043fc0bf762d0e9377bc734a6c4c09,feaef89e930e61d47fd577399925384f9eb3bc766f3c60f9964c6dac50efe3f6,/path/to/PETS-FFT-Ablation/results/final_unconditional_main_v1/evaluators/AirQuality/T64/ts2vec_seed_123.pt,1.352889060974121,2
PETS-U,AirQuality,64,0,100004,correlation_score,-1,0.09559129178524017,True,4096,08866e0a33d9b75e91a981c6031b183546043fc0bf762d0e9377bc734a6c4c09,feaef89e930e61d47fd577399925384f9eb3bc766f3c60f9964c6dac50efe3f6,/path/to/Diffusion-TS/Utils/cross_correlation.py,0.05015254020690918,0
PETS-U,AirQuality,64,0,100004,discriminative_score,0,0.15975609756097564,True,4096,08866e0a33d9b75e91a981c6031b183546043fc0bf762d0e9377bc734a6c4c09,feaef89e930e61d47fd577399925384f9eb3bc766f3c60f9964c6dac50efe3f6,/path/to/Diffusion-TS/Utils/discriminative_metric.py,32.63001894950867,0
PETS-U,AirQuality,64,0,100004,discriminative_score,42,0.1353658536585366,True,4096,08866e0a33d9b75e91a981c6031b183546043fc0bf762d0e9377bc734a6c4c09,feaef89e930e61d47fd577399925384f9eb3bc766f3c60f9964c6dac50efe3f6,/path/to/Diffusion-TS/Utils/discriminative_metric.py,33.119544506073,1
PETS-U,AirQuality,64,0,100004,discriminative_score,123,0.15121951219512197,True,4096,08866e0a33d9b75e91a981c6031b183546043fc0bf762d0e9377bc734a6c4c09,feaef89e930e61d47fd577399925384f9eb3bc766f3c60f9964c6dac50efe3f6,/path/to/Diffusion-TS/Utils/discriminative_metric.py,33.02184844017029,2
PETS-U,AirQuality,64,0,100004,predictive_score,0,0.020070601456723125,True,4096,08866e0a33d9b75e91a981c6031b183546043fc0bf762d0e9377bc734a6c4c09,feaef89e930e61d47fd577399925384f9eb3bc766f3c60f9964c6dac50efe3f6,/path/to/Diffusion-TS/Utils/predictive_metric.py,65.80507135391235,0
PETS-U,AirQuality,64,0,100004,predictive_score,42,0.021873450594512178,True,4096,08866e0a33d9b75e91a981c6031b183546043fc0bf762d0e9377bc734a6c4c09,feaef89e930e61d47fd577399925384f9eb3bc766f3c60f9964c6dac50efe3f6,/path/to/Diffusion-TS/Utils/predictive_metric.py,64.60696601867676,1
PETS-U,AirQuality,64,0,100004,predictive_score,123,0.022991440053772294,True,4096,08866e0a33d9b75e91a981c6031b183546043fc0bf762d0e9377bc734a6c4c09,feaef89e930e61d47fd577399925384f9eb3bc766f3c60f9964c6dac50efe3f6,/path/to/Diffusion-TS/Utils/predictive_metric.py,64.20908188819885,2
PETS-U,AirQuality,64,42,100000,context_fid,0,0.7394751689629708,True,4096,08866e0a33d9b75e91a981c6031b183546043fc0bf762d0e9377bc734a6c4c09,cc4e67e73abdc2f7615311ebda17e637c958a7cd58d531a69e756346e5a68fda,/path/to/PETS-FFT-Ablation/results/final_unconditional_main_v1/evaluators/AirQuality/T64/ts2vec_seed_0.pt,1.2496612071990967,2
PETS-U,AirQuality,64,42,100000,context_fid,42,0.7090980201164504,True,4096,08866e0a33d9b75e91a981c6031b183546043fc0bf762d0e9377bc734a6c4c09,cc4e67e73abdc2f7615311ebda17e637c958a7cd58d531a69e756346e5a68fda,/path/to/PETS-FFT-Ablation/results/final_unconditional_main_v1/evaluators/AirQuality/T64/ts2vec_seed_42.pt,1.4019100666046143,1
PETS-U,AirQuality,64,42,100000,context_fid,123,0.7385288477883851,True,4096,08866e0a33d9b75e91a981c6031b183546043fc0bf762d0e9377bc734a6c4c09,cc4e67e73abdc2f7615311ebda17e637c958a7cd58d531a69e756346e5a68fda,/path/to/PETS-FFT-Ablation/results/final_unconditional_main_v1/evaluators/AirQuality/T64/ts2vec_seed_123.pt,1.3011126518249512,0
PETS-U,AirQuality,64,42,100000,correlation_score,-1,0.1224803701043129,True,4096,08866e0a33d9b75e91a981c6031b183546043fc0bf762d0e9377bc734a6c4c09,cc4e67e73abdc2f7615311ebda17e637c958a7cd58d531a69e756346e5a68fda,/path/to/Diffusion-TS/Utils/cross_correlation.py,0.06455373764038086,1
PETS-U,AirQuality,64,42,100000,discriminative_score,0,0.19756097560975605,True,4096,08866e0a33d9b75e91a981c6031b183546043fc0bf762d0e9377bc734a6c4c09,cc4e67e73abdc2f7615311ebda17e637c958a7cd58d531a69e756346e5a68fda,/path/to/Diffusion-TS/Utils/discriminative_metric.py,32.625420570373535,2
PETS-U,AirQuality,64,42,100000,discriminative_score,42,0.19512195121951215,True,4096,08866e0a33d9b75e91a981c6031b183546043fc0bf762d0e9377bc734a6c4c09,cc4e67e73abdc2f7615311ebda17e637c958a7cd58d531a69e756346e5a68fda,/path/to/Diffusion-TS/Utils/discriminative_metric.py,32.39223790168762,1
PETS-U,AirQuality,64,42,100000,discriminative_score,123,0.1810975609756098,True,4096,08866e0a33d9b75e91a981c6031b183546043fc0bf762d0e9377bc734a6c4c09,cc4e67e73abdc2f7615311ebda17e637c958a7cd58d531a69e756346e5a68fda,/path/to/Diffusion-TS/Utils/discriminative_metric.py,32.55807399749756,0
PETS-U,AirQuality,64,42,100000,predictive_score,0,0.020709830791844297,True,4096,08866e0a33d9b75e91a981c6031b183546043fc0bf762d0e9377bc734a6c4c09,cc4e67e73abdc2f7615311ebda17e637c958a7cd58d531a69e756346e5a68fda,/path/to/Diffusion-TS/Utils/predictive_metric.py,64.82503867149353,1
PETS-U,AirQuality,64,42,100000,predictive_score,42,0.02454741661921389,True,4096,08866e0a33d9b75e91a981c6031b183546043fc0bf762d0e9377bc734a6c4c09,cc4e67e73abdc2f7615311ebda17e637c958a7cd58d531a69e756346e5a68fda,/path/to/Diffusion-TS/Utils/predictive_metric.py,65.36278533935547,2
PETS-U,AirQuality,64,42,100000,predictive_score,123,0.02235667748027481,True,4096,08866e0a33d9b75e91a981c6031b183546043fc0bf762d0e9377bc734a6c4c09,cc4e67e73abdc2f7615311ebda17e637c958a7cd58d531a69e756346e5a68fda,/path/to/Diffusion-TS/Utils/predictive_metric.py,67.33809185028076,0
PETS-U,AirQuality,64,42,100001,context_fid,0,0.8276575779578323,True,4096,08866e0a33d9b75e91a981c6031b183546043fc0bf762d0e9377bc734a6c4c09,dd5d3e43f0f82e4c0c484c8bbdbfe016cdf18decb5b77cdc189731c7cf3fe8cd,/path/to/PETS-FFT-Ablation/results/final_unconditional_main_v1/evaluators/AirQuality/T64/ts2vec_seed_0.pt,1.2593538761138916,1
PETS-U,AirQuality,64,42,100001,context_fid,42,0.807864803163064,True,4096,08866e0a33d9b75e91a981c6031b183546043fc0bf762d0e9377bc734a6c4c09,dd5d3e43f0f82e4c0c484c8bbdbfe016cdf18decb5b77cdc189731c7cf3fe8cd,/path/to/PETS-FFT-Ablation/results/final_unconditional_main_v1/evaluators/AirQuality/T64/ts2vec_seed_42.pt,1.4289028644561768,2
PETS-U,AirQuality,64,42,100001,context_fid,123,0.8264749299185434,True,4096,08866e0a33d9b75e91a981c6031b183546043fc0bf762d0e9377bc734a6c4c09,dd5d3e43f0f82e4c0c484c8bbdbfe016cdf18decb5b77cdc189731c7cf3fe8cd,/path/to/PETS-FFT-Ablation/results/final_unconditional_main_v1/evaluators/AirQuality/T64/ts2vec_seed_123.pt,1.4765427112579346,1
PETS-U,AirQuality,64,42,100001,correlation_score,-1,0.12166591733694077,True,4096,08866e0a33d9b75e91a981c6031b183546043fc0bf762d0e9377bc734a6c4c09,dd5d3e43f0f82e4c0c484c8bbdbfe016cdf18decb5b77cdc189731c7cf3fe8cd,/path/to/Diffusion-TS/Utils/cross_correlation.py,0.06238365173339844,1
PETS-U,AirQuality,64,42,100001,discriminative_score,0,0.1835365853658537,True,4096,08866e0a33d9b75e91a981c6031b183546043fc0bf762d0e9377bc734a6c4c09,dd5d3e43f0f82e4c0c484c8bbdbfe016cdf18decb5b77cdc189731c7cf3fe8cd,/path/to/Diffusion-TS/Utils/discriminative_metric.py,32.83732557296753,2
PETS-U,AirQuality,64,42,100001,discriminative_score,42,0.17804878048780493,True,4096,08866e0a33d9b75e91a981c6031b183546043fc0bf762d0e9377bc734a6c4c09,dd5d3e43f0f82e4c0c484c8bbdbfe016cdf18decb5b77cdc189731c7cf3fe8cd,/path/to/Diffusion-TS/Utils/discriminative_metric.py,32.83429527282715,1
PETS-U,AirQuality,64,42,100001,discriminative_score,123,0.1835365853658537,True,4096,08866e0a33d9b75e91a981c6031b183546043fc0bf762d0e9377bc734a6c4c09,dd5d3e43f0f82e4c0c484c8bbdbfe016cdf18decb5b77cdc189731c7cf3fe8cd,/path/to/Diffusion-TS/Utils/discriminative_metric.py,32.71727633476257,0
PETS-U,AirQuality,64,42,100001,predictive_score,0,0.020471299267171617,True,4096,08866e0a33d9b75e91a981c6031b183546043fc0bf762d0e9377bc734a6c4c09,dd5d3e43f0f82e4c0c484c8bbdbfe016cdf18decb5b77cdc189731c7cf3fe8cd,/path/to/Diffusion-TS/Utils/predictive_metric.py,62.858497858047485,2
PETS-U,AirQuality,64,42,100001,predictive_score,42,0.024163890596469173,True,4096,08866e0a33d9b75e91a981c6031b183546043fc0bf762d0e9377bc734a6c4c09,dd5d3e43f0f82e4c0c484c8bbdbfe016cdf18decb5b77cdc189731c7cf3fe8cd,/path/to/Diffusion-TS/Utils/predictive_metric.py,66.29764318466187,1
PETS-U,AirQuality,64,42,100001,predictive_score,123,0.022531113620289034,True,4096,08866e0a33d9b75e91a981c6031b183546043fc0bf762d0e9377bc734a6c4c09,dd5d3e43f0f82e4c0c484c8bbdbfe016cdf18decb5b77cdc189731c7cf3fe8cd,/path/to/Diffusion-TS/Utils/predictive_metric.py,68.95163178443909,0
PETS-U,AirQuality,64,42,100002,context_fid,0,0.7888585236754343,True,4096,08866e0a33d9b75e91a981c6031b183546043fc0bf762d0e9377bc734a6c4c09,0e084eab4a1705e9c1fc6006452596ff5392e79232f092eff6c38aaca89cca34,/path/to/PETS-FFT-Ablation/results/final_unconditional_main_v1/evaluators/AirQuality/T64/ts2vec_seed_0.pt,1.356555461883545,2
PETS-U,AirQuality,64,42,100002,context_fid,42,0.7491987260070664,True,4096,08866e0a33d9b75e91a981c6031b183546043fc0bf762d0e9377bc734a6c4c09,0e084eab4a1705e9c1fc6006452596ff5392e79232f092eff6c38aaca89cca34,/path/to/PETS-FFT-Ablation/results/final_unconditional_main_v1/evaluators/AirQuality/T64/ts2vec_seed_42.pt,1.4868338108062744,2
PETS-U,AirQuality,64,42,100002,context_fid,123,0.784714001075934,True,4096,08866e0a33d9b75e91a981c6031b183546043fc0bf762d0e9377bc734a6c4c09,0e084eab4a1705e9c1fc6006452596ff5392e79232f092eff6c38aaca89cca34,/path/to/PETS-FFT-Ablation/results/final_unconditional_main_v1/evaluators/AirQuality/T64/ts2vec_seed_123.pt,1.4072587490081787,2
PETS-U,AirQuality,64,42,100002,correlation_score,-1,0.1277577430009842,True,4096,08866e0a33d9b75e91a981c6031b183546043fc0bf762d0e9377bc734a6c4c09,0e084eab4a1705e9c1fc6006452596ff5392e79232f092eff6c38aaca89cca34,/path/to/Diffusion-TS/Utils/cross_correlation.py,0.05056905746459961,2
PETS-U,AirQuality,64,42,100002,discriminative_score,0,0.19329268292682922,True,4096,08866e0a33d9b75e91a981c6031b183546043fc0bf762d0e9377bc734a6c4c09,0e084eab4a1705e9c1fc6006452596ff5392e79232f092eff6c38aaca89cca34,/path/to/Diffusion-TS/Utils/discriminative_metric.py,32.85004782676697,1
PETS-U,AirQuality,64,42,100002,discriminative_score,42,0.1835365853658537,True,4096,08866e0a33d9b75e91a981c6031b183546043fc0bf762d0e9377bc734a6c4c09,0e084eab4a1705e9c1fc6006452596ff5392e79232f092eff6c38aaca89cca34,/path/to/Diffusion-TS/Utils/discriminative_metric.py,32.45290470123291,2
PETS-U,AirQuality,64,42,100002,discriminative_score,123,0.18170731707317078,True,4096,08866e0a33d9b75e91a981c6031b183546043fc0bf762d0e9377bc734a6c4c09,0e084eab4a1705e9c1fc6006452596ff5392e79232f092eff6c38aaca89cca34,/path/to/Diffusion-TS/Utils/discriminative_metric.py,32.890511989593506,0
PETS-U,AirQuality,64,42,100002,predictive_score,0,0.02043001674047673,True,4096,08866e0a33d9b75e91a981c6031b183546043fc0bf762d0e9377bc734a6c4c09,0e084eab4a1705e9c1fc6006452596ff5392e79232f092eff6c38aaca89cca34,/path/to/Diffusion-TS/Utils/predictive_metric.py,66.50801515579224,2
PETS-U,AirQuality,64,42,100002,predictive_score,42,0.024403768913998647,True,4096,08866e0a33d9b75e91a981c6031b183546043fc0bf762d0e9377bc734a6c4c09,0e084eab4a1705e9c1fc6006452596ff5392e79232f092eff6c38aaca89cca34,/path/to/Diffusion-TS/Utils/predictive_metric.py,67.72274231910706,1
PETS-U,AirQuality,64,42,100002,predictive_score,123,0.02300010167698474,True,4096,08866e0a33d9b75e91a981c6031b183546043fc0bf762d0e9377bc734a6c4c09,0e084eab4a1705e9c1fc6006452596ff5392e79232f092eff6c38aaca89cca34,/path/to/Diffusion-TS/Utils/predictive_metric.py,65.04397249221802,0
PETS-U,AirQuality,64,42,100003,context_fid,0,0.8119775296965811,True,4096,08866e0a33d9b75e91a981c6031b183546043fc0bf762d0e9377bc734a6c4c09,cd1718cae04d1055d6d66b2cc57bb7bdffccb38b5dc5cc6e449234dae276ba1a,/path/to/PETS-FFT-Ablation/results/final_unconditional_main_v1/evaluators/AirQuality/T64/ts2vec_seed_0.pt,1.2367432117462158,2
PETS-U,AirQuality,64,42,100003,context_fid,42,0.7801361969167155,True,4096,08866e0a33d9b75e91a981c6031b183546043fc0bf762d0e9377bc734a6c4c09,cd1718cae04d1055d6d66b2cc57bb7bdffccb38b5dc5cc6e449234dae276ba1a,/path/to/PETS-FFT-Ablation/results/final_unconditional_main_v1/evaluators/AirQuality/T64/ts2vec_seed_42.pt,1.4515533447265625,2
PETS-U,AirQuality,64,42,100003,context_fid,123,0.8069086522869972,True,4096,08866e0a33d9b75e91a981c6031b183546043fc0bf762d0e9377bc734a6c4c09,cd1718cae04d1055d6d66b2cc57bb7bdffccb38b5dc5cc6e449234dae276ba1a,/path/to/PETS-FFT-Ablation/results/final_unconditional_main_v1/evaluators/AirQuality/T64/ts2vec_seed_123.pt,1.3543577194213867,1
PETS-U,AirQuality,64,42,100003,correlation_score,-1,0.11855652183294296,True,4096,08866e0a33d9b75e91a981c6031b183546043fc0bf762d0e9377bc734a6c4c09,cd1718cae04d1055d6d66b2cc57bb7bdffccb38b5dc5cc6e449234dae276ba1a,/path/to/Diffusion-TS/Utils/cross_correlation.py,0.054328203201293945,2
PETS-U,AirQuality,64,42,100003,discriminative_score,0,0.19573170731707312,True,4096,08866e0a33d9b75e91a981c6031b183546043fc0bf762d0e9377bc734a6c4c09,cd1718cae04d1055d6d66b2cc57bb7bdffccb38b5dc5cc6e449234dae276ba1a,/path/to/Diffusion-TS/Utils/discriminative_metric.py,32.643413066864014,0
PETS-U,AirQuality,64,42,100003,discriminative_score,42,0.21280487804878045,True,4096,08866e0a33d9b75e91a981c6031b183546043fc0bf762d0e9377bc734a6c4c09,cd1718cae04d1055d6d66b2cc57bb7bdffccb38b5dc5cc6e449234dae276ba1a,/path/to/Diffusion-TS/Utils/discriminative_metric.py,32.88788414001465,2
PETS-U,AirQuality,64,42,100003,discriminative_score,123,0.1810975609756098,True,4096,08866e0a33d9b75e91a981c6031b183546043fc0bf762d0e9377bc734a6c4c09,cd1718cae04d1055d6d66b2cc57bb7bdffccb38b5dc5cc6e449234dae276ba1a,/path/to/Diffusion-TS/Utils/discriminative_metric.py,32.67991280555725,1
PETS-U,AirQuality,64,42,100003,predictive_score,0,0.02044203397002775,True,4096,08866e0a33d9b75e91a981c6031b183546043fc0bf762d0e9377bc734a6c4c09,cd1718cae04d1055d6d66b2cc57bb7bdffccb38b5dc5cc6e449234dae276ba1a,/path/to/Diffusion-TS/Utils/predictive_metric.py,64.92272424697876,0
PETS-U,AirQuality,64,42,100003,predictive_score,42,0.024291947301776418,True,4096,08866e0a33d9b75e91a981c6031b183546043fc0bf762d0e9377bc734a6c4c09,cd1718cae04d1055d6d66b2cc57bb7bdffccb38b5dc5cc6e449234dae276ba1a,/path/to/Diffusion-TS/Utils/predictive_metric.py,67.47792482376099,1
PETS-U,AirQuality,64,42,100003,predictive_score,123,0.02284061009652305,True,4096,08866e0a33d9b75e91a981c6031b183546043fc0bf762d0e9377bc734a6c4c09,cd1718cae04d1055d6d66b2cc57bb7bdffccb38b5dc5cc6e449234dae276ba1a,/path/to/Diffusion-TS/Utils/predictive_metric.py,68.26604914665222,2
PETS-U,AirQuality,64,42,100004,context_fid,0,0.7655584682093277,True,4096,08866e0a33d9b75e91a981c6031b183546043fc0bf762d0e9377bc734a6c4c09,9f0f84d92adbc1a96d88c565d097f626a6a27150e9dc6ebcc20f3d0a6777170d,/path/to/PETS-FFT-Ablation/results/final_unconditional_main_v1/evaluators/AirQuality/T64/ts2vec_seed_0.pt,1.3124582767486572,0
PETS-U,AirQuality,64,42,100004,context_fid,42,0.7419748375537967,True,4096,08866e0a33d9b75e91a981c6031b183546043fc0bf762d0e9377bc734a6c4c09,9f0f84d92adbc1a96d88c565d097f626a6a27150e9dc6ebcc20f3d0a6777170d,/path/to/PETS-FFT-Ablation/results/final_unconditional_main_v1/evaluators/AirQuality/T64/ts2vec_seed_42.pt,1.3963863849639893,0
PETS-U,AirQuality,64,42,100004,context_fid,123,0.7616253632631333,True,4096,08866e0a33d9b75e91a981c6031b183546043fc0bf762d0e9377bc734a6c4c09,9f0f84d92adbc1a96d88c565d097f626a6a27150e9dc6ebcc20f3d0a6777170d,/path/to/PETS-FFT-Ablation/results/final_unconditional_main_v1/evaluators/AirQuality/T64/ts2vec_seed_123.pt,1.4121861457824707,0
PETS-U,AirQuality,64,42,100004,correlation_score,-1,0.11815512180328369,True,4096,08866e0a33d9b75e91a981c6031b183546043fc0bf762d0e9377bc734a6c4c09,9f0f84d92adbc1a96d88c565d097f626a6a27150e9dc6ebcc20f3d0a6777170d,/path/to/Diffusion-TS/Utils/cross_correlation.py,0.051027536392211914,0
PETS-U,AirQuality,64,42,100004,discriminative_score,0,0.21097560975609753,True,4096,08866e0a33d9b75e91a981c6031b183546043fc0bf762d0e9377bc734a6c4c09,9f0f84d92adbc1a96d88c565d097f626a6a27150e9dc6ebcc20f3d0a6777170d,/path/to/Diffusion-TS/Utils/discriminative_metric.py,32.206674575805664,1
PETS-U,AirQuality,64,42,100004,discriminative_score,42,0.18292682926829273,True,4096,08866e0a33d9b75e91a981c6031b183546043fc0bf762d0e9377bc734a6c4c09,9f0f84d92adbc1a96d88c565d097f626a6a27150e9dc6ebcc20f3d0a6777170d,/path/to/Diffusion-TS/Utils/discriminative_metric.py,32.99677276611328,0
PETS-U,AirQuality,64,42,100004,discriminative_score,123,0.18231707317073176,True,4096,08866e0a33d9b75e91a981c6031b183546043fc0bf762d0e9377bc734a6c4c09,9f0f84d92adbc1a96d88c565d097f626a6a27150e9dc6ebcc20f3d0a6777170d,/path/to/Diffusion-TS/Utils/discriminative_metric.py,32.799132347106934,2
PETS-U,AirQuality,64,42,100004,predictive_score,0,0.020840048587899673,True,4096,08866e0a33d9b75e91a981c6031b183546043fc0bf762d0e9377bc734a6c4c09,9f0f84d92adbc1a96d88c565d097f626a6a27150e9dc6ebcc20f3d0a6777170d,/path/to/Diffusion-TS/Utils/predictive_metric.py,64.29600501060486,1
PETS-U,AirQuality,64,42,100004,predictive_score,42,0.024317484237997178,True,4096,08866e0a33d9b75e91a981c6031b183546043fc0bf762d0e9377bc734a6c4c09,9f0f84d92adbc1a96d88c565d097f626a6a27150e9dc6ebcc20f3d0a6777170d,/path/to/Diffusion-TS/Utils/predictive_metric.py,66.98545694351196,0
PETS-U,AirQuality,64,42,100004,predictive_score,123,0.022345334394003658,True,4096,08866e0a33d9b75e91a981c6031b183546043fc0bf762d0e9377bc734a6c4c09,9f0f84d92adbc1a96d88c565d097f626a6a27150e9dc6ebcc20f3d0a6777170d,/path/to/Diffusion-TS/Utils/predictive_metric.py,66.26780271530151,2
PETS-U,AirQuality,64,123,100000,context_fid,0,0.536147805599443,True,4096,08866e0a33d9b75e91a981c6031b183546043fc0bf762d0e9377bc734a6c4c09,9d4f46d4bdc98616aae3c78cffe28deab79fedc72134eac2bc6fe63ae1b6bb7c,/path/to/PETS-FFT-Ablation/results/final_unconditional_main_v1/evaluators/AirQuality/T64/ts2vec_seed_0.pt,1.3983983993530273,1
PETS-U,AirQuality,64,123,100000,context_fid,42,0.5505096469338385,True,4096,08866e0a33d9b75e91a981c6031b183546043fc0bf762d0e9377bc734a6c4c09,9d4f46d4bdc98616aae3c78cffe28deab79fedc72134eac2bc6fe63ae1b6bb7c,/path/to/PETS-FFT-Ablation/results/final_unconditional_main_v1/evaluators/AirQuality/T64/ts2vec_seed_42.pt,1.4042723178863525,1
PETS-U,AirQuality,64,123,100000,context_fid,123,0.5428366259071222,True,4096,08866e0a33d9b75e91a981c6031b183546043fc0bf762d0e9377bc734a6c4c09,9d4f46d4bdc98616aae3c78cffe28deab79fedc72134eac2bc6fe63ae1b6bb7c,/path/to/PETS-FFT-Ablation/results/final_unconditional_main_v1/evaluators/AirQuality/T64/ts2vec_seed_123.pt,1.48459792137146,1
PETS-U,AirQuality,64,123,100000,correlation_score,-1,0.11621160805225372,True,4096,08866e0a33d9b75e91a981c6031b183546043fc0bf762d0e9377bc734a6c4c09,9d4f46d4bdc98616aae3c78cffe28deab79fedc72134eac2bc6fe63ae1b6bb7c,/path/to/Diffusion-TS/Utils/cross_correlation.py,0.06405425071716309,1
PETS-U,AirQuality,64,123,100000,discriminative_score,0,0.2634146341463415,True,4096,08866e0a33d9b75e91a981c6031b183546043fc0bf762d0e9377bc734a6c4c09,9d4f46d4bdc98616aae3c78cffe28deab79fedc72134eac2bc6fe63ae1b6bb7c,/path/to/Diffusion-TS/Utils/discriminative_metric.py,32.5969135761261,2
PETS-U,AirQuality,64,123,100000,discriminative_score,42,0.2067073170731707,True,4096,08866e0a33d9b75e91a981c6031b183546043fc0bf762d0e9377bc734a6c4c09,9d4f46d4bdc98616aae3c78cffe28deab79fedc72134eac2bc6fe63ae1b6bb7c,/path/to/Diffusion-TS/Utils/discriminative_metric.py,32.773489475250244,0
PETS-U,AirQuality,64,123,100000,discriminative_score,123,0.1713414634146342,True,4096,08866e0a33d9b75e91a981c6031b183546043fc0bf762d0e9377bc734a6c4c09,9d4f46d4bdc98616aae3c78cffe28deab79fedc72134eac2bc6fe63ae1b6bb7c,/path/to/Diffusion-TS/Utils/discriminative_metric.py,32.55969047546387,1
PETS-U,AirQuality,64,123,100000,predictive_score,0,0.02064259662506629,True,4096,08866e0a33d9b75e91a981c6031b183546043fc0bf762d0e9377bc734a6c4c09,9d4f46d4bdc98616aae3c78cffe28deab79fedc72134eac2bc6fe63ae1b6bb7c,/path/to/Diffusion-TS/Utils/predictive_metric.py,66.20051980018616,2
PETS-U,AirQuality,64,123,100000,predictive_score,42,0.024205595152693604,True,4096,08866e0a33d9b75e91a981c6031b183546043fc0bf762d0e9377bc734a6c4c09,9d4f46d4bdc98616aae3c78cffe28deab79fedc72134eac2bc6fe63ae1b6bb7c,/path/to/Diffusion-TS/Utils/predictive_metric.py,65.77589106559753,0
PETS-U,AirQuality,64,123,100000,predictive_score,123,0.02379569120449787,True,4096,08866e0a33d9b75e91a981c6031b183546043fc0bf762d0e9377bc734a6c4c09,9d4f46d4bdc98616aae3c78cffe28deab79fedc72134eac2bc6fe63ae1b6bb7c,/path/to/Diffusion-TS/Utils/predictive_metric.py,68.54836320877075,1
PETS-U,AirQuality,64,123,100001,context_fid,0,0.5461205009577725,True,4096,08866e0a33d9b75e91a981c6031b183546043fc0bf762d0e9377bc734a6c4c09,7c546757eece4776ecf44ebdb5addb37bf6cee2364351529595b6798ae585d22,/path/to/PETS-FFT-Ablation/results/final_unconditional_main_v1/evaluators/AirQuality/T64/ts2vec_seed_0.pt,1.329970121383667,2
PETS-U,AirQuality,64,123,100001,context_fid,42,0.542632319436037,True,4096,08866e0a33d9b75e91a981c6031b183546043fc0bf762d0e9377bc734a6c4c09,7c546757eece4776ecf44ebdb5addb37bf6cee2364351529595b6798ae585d22,/path/to/PETS-FFT-Ablation/results/final_unconditional_main_v1/evaluators/AirQuality/T64/ts2vec_seed_42.pt,1.4043848514556885,0
PETS-U,AirQuality,64,123,100001,context_fid,123,0.5406812858981748,True,4096,08866e0a33d9b75e91a981c6031b183546043fc0bf762d0e9377bc734a6c4c09,7c546757eece4776ecf44ebdb5addb37bf6cee2364351529595b6798ae585d22,/path/to/PETS-FFT-Ablation/results/final_unconditional_main_v1/evaluators/AirQuality/T64/ts2vec_seed_123.pt,1.4439282417297363,2
PETS-U,AirQuality,64,123,100001,correlation_score,-1,0.12466347217559814,True,4096,08866e0a33d9b75e91a981c6031b183546043fc0bf762d0e9377bc734a6c4c09,7c546757eece4776ecf44ebdb5addb37bf6cee2364351529595b6798ae585d22,/path/to/Diffusion-TS/Utils/cross_correlation.py,0.05295753479003906,2
PETS-U,AirQuality,64,123,100001,discriminative_score,0,0.23414634146341462,True,4096,08866e0a33d9b75e91a981c6031b183546043fc0bf762d0e9377bc734a6c4c09,7c546757eece4776ecf44ebdb5addb37bf6cee2364351529595b6798ae585d22,/path/to/Diffusion-TS/Utils/discriminative_metric.py,32.548677921295166,0
PETS-U,AirQuality,64,123,100001,discriminative_score,42,0.23170731707317072,True,4096,08866e0a33d9b75e91a981c6031b183546043fc0bf762d0e9377bc734a6c4c09,7c546757eece4776ecf44ebdb5addb37bf6cee2364351529595b6798ae585d22,/path/to/Diffusion-TS/Utils/discriminative_metric.py,33.08741021156311,2
PETS-U,AirQuality,64,123,100001,discriminative_score,123,0.18048780487804883,True,4096,08866e0a33d9b75e91a981c6031b183546043fc0bf762d0e9377bc734a6c4c09,7c546757eece4776ecf44ebdb5addb37bf6cee2364351529595b6798ae585d22,/path/to/Diffusion-TS/Utils/discriminative_metric.py,32.949950218200684,1
PETS-U,AirQuality,64,123,100001,predictive_score,0,0.020754307575430175,True,4096,08866e0a33d9b75e91a981c6031b183546043fc0bf762d0e9377bc734a6c4c09,7c546757eece4776ecf44ebdb5addb37bf6cee2364351529595b6798ae585d22,/path/to/Diffusion-TS/Utils/predictive_metric.py,64.41607236862183,0
PETS-U,AirQuality,64,123,100001,predictive_score,42,0.024733312022931386,True,4096,08866e0a33d9b75e91a981c6031b183546043fc0bf762d0e9377bc734a6c4c09,7c546757eece4776ecf44ebdb5addb37bf6cee2364351529595b6798ae585d22,/path/to/Diffusion-TS/Utils/predictive_metric.py,66.60981035232544,2
PETS-U,AirQuality,64,123,100001,predictive_score,123,0.02175251395487976,True,4096,08866e0a33d9b75e91a981c6031b183546043fc0bf762d0e9377bc734a6c4c09,7c546757eece4776ecf44ebdb5addb37bf6cee2364351529595b6798ae585d22,/path/to/Diffusion-TS/Utils/predictive_metric.py,64.16080379486084,1
PETS-U,AirQuality,64,123,100002,context_fid,0,0.5025287821442022,True,4096,08866e0a33d9b75e91a981c6031b183546043fc0bf762d0e9377bc734a6c4c09,3c4163092a151b5a9393209970b2f3afb8b319f6471d61cf9674cdda9f426a55,/path/to/PETS-FFT-Ablation/results/final_unconditional_main_v1/evaluators/AirQuality/T64/ts2vec_seed_0.pt,1.2973129749298096,0
PETS-U,AirQuality,64,123,100002,context_fid,42,0.5029430900918713,True,4096,08866e0a33d9b75e91a981c6031b183546043fc0bf762d0e9377bc734a6c4c09,3c4163092a151b5a9393209970b2f3afb8b319f6471d61cf9674cdda9f426a55,/path/to/PETS-FFT-Ablation/results/final_unconditional_main_v1/evaluators/AirQuality/T64/ts2vec_seed_42.pt,1.361997127532959,0
PETS-U,AirQuality,64,123,100002,context_fid,123,0.49818574818284334,True,4096,08866e0a33d9b75e91a981c6031b183546043fc0bf762d0e9377bc734a6c4c09,3c4163092a151b5a9393209970b2f3afb8b319f6471d61cf9674cdda9f426a55,/path/to/PETS-FFT-Ablation/results/final_unconditional_main_v1/evaluators/AirQuality/T64/ts2vec_seed_123.pt,1.4678564071655273,1
PETS-U,AirQuality,64,123,100002,correlation_score,-1,0.11410102993249893,True,4096,08866e0a33d9b75e91a981c6031b183546043fc0bf762d0e9377bc734a6c4c09,3c4163092a151b5a9393209970b2f3afb8b319f6471d61cf9674cdda9f426a55,/path/to/Diffusion-TS/Utils/cross_correlation.py,0.05209827423095703,0
PETS-U,AirQuality,64,123,100002,discriminative_score,0,0.24146341463414633,True,4096,08866e0a33d9b75e91a981c6031b183546043fc0bf762d0e9377bc734a6c4c09,3c4163092a151b5a9393209970b2f3afb8b319f6471d61cf9674cdda9f426a55,/path/to/Diffusion-TS/Utils/discriminative_metric.py,32.89351963996887,0
PETS-U,AirQuality,64,123,100002,discriminative_score,42,0.19512195121951215,True,4096,08866e0a33d9b75e91a981c6031b183546043fc0bf762d0e9377bc734a6c4c09,3c4163092a151b5a9393209970b2f3afb8b319f6471d61cf9674cdda9f426a55,/path/to/Diffusion-TS/Utils/discriminative_metric.py,32.959484815597534,1
PETS-U,AirQuality,64,123,100002,discriminative_score,123,0.18475609756097566,True,4096,08866e0a33d9b75e91a981c6031b183546043fc0bf762d0e9377bc734a6c4c09,3c4163092a151b5a9393209970b2f3afb8b319f6471d61cf9674cdda9f426a55,/path/to/Diffusion-TS/Utils/discriminative_metric.py,32.4273796081543,2
PETS-U,AirQuality,64,123,100002,predictive_score,0,0.020678942219888086,True,4096,08866e0a33d9b75e91a981c6031b183546043fc0bf762d0e9377bc734a6c4c09,3c4163092a151b5a9393209970b2f3afb8b319f6471d61cf9674cdda9f426a55,/path/to/Diffusion-TS/Utils/predictive_metric.py,65.47663283348083,0
PETS-U,AirQuality,64,123,100002,predictive_score,42,0.024539412906278812,True,4096,08866e0a33d9b75e91a981c6031b183546043fc0bf762d0e9377bc734a6c4c09,3c4163092a151b5a9393209970b2f3afb8b319f6471d61cf9674cdda9f426a55,/path/to/Diffusion-TS/Utils/predictive_metric.py,67.9811360836029,1
PETS-U,AirQuality,64,123,100002,predictive_score,123,0.022713159216095846,True,4096,08866e0a33d9b75e91a981c6031b183546043fc0bf762d0e9377bc734a6c4c09,3c4163092a151b5a9393209970b2f3afb8b319f6471d61cf9674cdda9f426a55,/path/to/Diffusion-TS/Utils/predictive_metric.py,67.5067970752716,2
PETS-U,AirQuality,64,123,100003,context_fid,0,0.5628199110089388,True,4096,08866e0a33d9b75e91a981c6031b183546043fc0bf762d0e9377bc734a6c4c09,3d7f4e3931194782d89d8b4e2f2f93605d58690cc55d691e4f78eaf6d891917b,/path/to/PETS-FFT-Ablation/results/final_unconditional_main_v1/evaluators/AirQuality/T64/ts2vec_seed_0.pt,1.5253794193267822,0
PETS-U,AirQuality,64,123,100003,context_fid,42,0.5492441949134478,True,4096,08866e0a33d9b75e91a981c6031b183546043fc0bf762d0e9377bc734a6c4c09,3d7f4e3931194782d89d8b4e2f2f93605d58690cc55d691e4f78eaf6d891917b,/path/to/PETS-FFT-Ablation/results/final_unconditional_main_v1/evaluators/AirQuality/T64/ts2vec_seed_42.pt,1.380707025527954,0
PETS-U,AirQuality,64,123,100003,context_fid,123,0.551679631533377,True,4096,08866e0a33d9b75e91a981c6031b183546043fc0bf762d0e9377bc734a6c4c09,3d7f4e3931194782d89d8b4e2f2f93605d58690cc55d691e4f78eaf6d891917b,/path/to/PETS-FFT-Ablation/results/final_unconditional_main_v1/evaluators/AirQuality/T64/ts2vec_seed_123.pt,1.3199429512023926,2
PETS-U,AirQuality,64,123,100003,correlation_score,-1,0.1130795031785965,True,4096,08866e0a33d9b75e91a981c6031b183546043fc0bf762d0e9377bc734a6c4c09,3d7f4e3931194782d89d8b4e2f2f93605d58690cc55d691e4f78eaf6d891917b,/path/to/Diffusion-TS/Utils/cross_correlation.py,0.05396318435668945,0
PETS-U,AirQuality,64,123,100003,discriminative_score,0,0.20487804878048776,True,4096,08866e0a33d9b75e91a981c6031b183546043fc0bf762d0e9377bc734a6c4c09,3d7f4e3931194782d89d8b4e2f2f93605d58690cc55d691e4f78eaf6d891917b,/path/to/Diffusion-TS/Utils/discriminative_metric.py,33.16284513473511,0
PETS-U,AirQuality,64,123,100003,discriminative_score,42,0.20487804878048776,True,4096,08866e0a33d9b75e91a981c6031b183546043fc0bf762d0e9377bc734a6c4c09,3d7f4e3931194782d89d8b4e2f2f93605d58690cc55d691e4f78eaf6d891917b,/path/to/Diffusion-TS/Utils/discriminative_metric.py,32.7184796333313,1
PETS-U,AirQuality,64,123,100003,discriminative_score,123,0.1914634146341463,True,4096,08866e0a33d9b75e91a981c6031b183546043fc0bf762d0e9377bc734a6c4c09,3d7f4e3931194782d89d8b4e2f2f93605d58690cc55d691e4f78eaf6d891917b,/path/to/Diffusion-TS/Utils/discriminative_metric.py,32.651267290115356,2
PETS-U,AirQuality,64,123,100003,predictive_score,0,0.020762030479147597,True,4096,08866e0a33d9b75e91a981c6031b183546043fc0bf762d0e9377bc734a6c4c09,3d7f4e3931194782d89d8b4e2f2f93605d58690cc55d691e4f78eaf6d891917b,/path/to/Diffusion-TS/Utils/predictive_metric.py,66.80628943443298,1
PETS-U,AirQuality,64,123,100003,predictive_score,42,0.025135021710525507,True,4096,08866e0a33d9b75e91a981c6031b183546043fc0bf762d0e9377bc734a6c4c09,3d7f4e3931194782d89d8b4e2f2f93605d58690cc55d691e4f78eaf6d891917b,/path/to/Diffusion-TS/Utils/predictive_metric.py,66.23269009590149,0
PETS-U,AirQuality,64,123,100003,predictive_score,123,0.022811801959164768,True,4096,08866e0a33d9b75e91a981c6031b183546043fc0bf762d0e9377bc734a6c4c09,3d7f4e3931194782d89d8b4e2f2f93605d58690cc55d691e4f78eaf6d891917b,/path/to/Diffusion-TS/Utils/predictive_metric.py,64.85340523719788,2
PETS-U,AirQuality,64,123,100004,context_fid,0,0.4894666483008688,True,4096,08866e0a33d9b75e91a981c6031b183546043fc0bf762d0e9377bc734a6c4c09,74e838a7656e016990aff03daf41b0336922a7ab6ffa3e7d7b9bab2d9b0734ad,/path/to/PETS-FFT-Ablation/results/final_unconditional_main_v1/evaluators/AirQuality/T64/ts2vec_seed_0.pt,1.2382891178131104,2
PETS-U,AirQuality,64,123,100004,context_fid,42,0.497482297544696,True,4096,08866e0a33d9b75e91a981c6031b183546043fc0bf762d0e9377bc734a6c4c09,74e838a7656e016990aff03daf41b0336922a7ab6ffa3e7d7b9bab2d9b0734ad,/path/to/PETS-FFT-Ablation/results/final_unconditional_main_v1/evaluators/AirQuality/T64/ts2vec_seed_42.pt,1.253472089767456,0
PETS-U,AirQuality,64,123,100004,context_fid,123,0.49088425848945105,True,4096,08866e0a33d9b75e91a981c6031b183546043fc0bf762d0e9377bc734a6c4c09,74e838a7656e016990aff03daf41b0336922a7ab6ffa3e7d7b9bab2d9b0734ad,/path/to/PETS-FFT-Ablation/results/final_unconditional_main_v1/evaluators/AirQuality/T64/ts2vec_seed_123.pt,1.342646837234497,1
PETS-U,AirQuality,64,123,100004,correlation_score,-1,0.11199166625738144,True,4096,08866e0a33d9b75e91a981c6031b183546043fc0bf762d0e9377bc734a6c4c09,74e838a7656e016990aff03daf41b0336922a7ab6ffa3e7d7b9bab2d9b0734ad,/path/to/Diffusion-TS/Utils/cross_correlation.py,0.0546877384185791,2
PETS-U,AirQuality,64,123,100004,discriminative_score,0,0.2420731707317073,True,4096,08866e0a33d9b75e91a981c6031b183546043fc0bf762d0e9377bc734a6c4c09,74e838a7656e016990aff03daf41b0336922a7ab6ffa3e7d7b9bab2d9b0734ad,/path/to/Diffusion-TS/Utils/discriminative_metric.py,32.842769384384155,2
PETS-U,AirQuality,64,123,100004,discriminative_score,42,0.1865853658536586,True,4096,08866e0a33d9b75e91a981c6031b183546043fc0bf762d0e9377bc734a6c4c09,74e838a7656e016990aff03daf41b0336922a7ab6ffa3e7d7b9bab2d9b0734ad,/path/to/Diffusion-TS/Utils/discriminative_metric.py,32.587756872177124,0
PETS-U,AirQuality,64,123,100004,discriminative_score,123,0.17012195121951224,True,4096,08866e0a33d9b75e91a981c6031b183546043fc0bf762d0e9377bc734a6c4c09,74e838a7656e016990aff03daf41b0336922a7ab6ffa3e7d7b9bab2d9b0734ad,/path/to/Diffusion-TS/Utils/discriminative_metric.py,32.31803750991821,1
PETS-U,AirQuality,64,123,100004,predictive_score,0,0.020685629975844222,True,4096,08866e0a33d9b75e91a981c6031b183546043fc0bf762d0e9377bc734a6c4c09,74e838a7656e016990aff03daf41b0336922a7ab6ffa3e7d7b9bab2d9b0734ad,/path/to/Diffusion-TS/Utils/predictive_metric.py,65.93296790122986,2
PETS-U,AirQuality,64,123,100004,predictive_score,42,0.02433028958853356,True,4096,08866e0a33d9b75e91a981c6031b183546043fc0bf762d0e9377bc734a6c4c09,74e838a7656e016990aff03daf41b0336922a7ab6ffa3e7d7b9bab2d9b0734ad,/path/to/Diffusion-TS/Utils/predictive_metric.py,67.06560969352722,0
PETS-U,AirQuality,64,123,100004,predictive_score,123,0.02389765594784876,True,4096,08866e0a33d9b75e91a981c6031b183546043fc0bf762d0e9377bc734a6c4c09,74e838a7656e016990aff03daf41b0336922a7ab6ffa3e7d7b9bab2d9b0734ad,/path/to/Diffusion-TS/Utils/predictive_metric.py,67.70281887054443,1
Diffusion-TS,AirQuality,128,0,100000,context_fid,0,0.28431070731962355,True,4096,5afe3b08282b3892cd469742e000c4f1d5bc811df0531b8e9f27f911568f0272,8b0fea87f7e01cf26d2b38cf65a3165ee8728e4cf5f82853140f836a363dd542,/path/to/PETS-FFT-Ablation/results/final_unconditional_main_v1/evaluators/AirQuality/T128/ts2vec_seed_0.pt,1.2208764553070068,0
Diffusion-TS,AirQuality,128,0,100000,context_fid,42,0.3084724599611741,True,4096,5afe3b08282b3892cd469742e000c4f1d5bc811df0531b8e9f27f911568f0272,8b0fea87f7e01cf26d2b38cf65a3165ee8728e4cf5f82853140f836a363dd542,/path/to/PETS-FFT-Ablation/results/final_unconditional_main_v1/evaluators/AirQuality/T128/ts2vec_seed_42.pt,1.3360772132873535,0
Diffusion-TS,AirQuality,128,0,100000,context_fid,123,0.2827601719689189,True,4096,5afe3b08282b3892cd469742e000c4f1d5bc811df0531b8e9f27f911568f0272,8b0fea87f7e01cf26d2b38cf65a3165ee8728e4cf5f82853140f836a363dd542,/path/to/PETS-FFT-Ablation/results/final_unconditional_main_v1/evaluators/AirQuality/T128/ts2vec_seed_123.pt,1.3937578201293945,2
Diffusion-TS,AirQuality,128,0,100000,correlation_score,-1,0.1066141128540039,True,4096,5afe3b08282b3892cd469742e000c4f1d5bc811df0531b8e9f27f911568f0272,8b0fea87f7e01cf26d2b38cf65a3165ee8728e4cf5f82853140f836a363dd542,/path/to/Diffusion-TS/Utils/cross_correlation.py,0.1193242073059082,0
Diffusion-TS,AirQuality,128,0,100000,discriminative_score,0,0.14390243902439026,True,4096,5afe3b08282b3892cd469742e000c4f1d5bc811df0531b8e9f27f911568f0272,8b0fea87f7e01cf26d2b38cf65a3165ee8728e4cf5f82853140f836a363dd542,/path/to/Diffusion-TS/Utils/discriminative_metric.py,60.52231407165527,1
Diffusion-TS,AirQuality,128,0,100000,discriminative_score,42,0.1121951219512195,True,4096,5afe3b08282b3892cd469742e000c4f1d5bc811df0531b8e9f27f911568f0272,8b0fea87f7e01cf26d2b38cf65a3165ee8728e4cf5f82853140f836a363dd542,/path/to/Diffusion-TS/Utils/discriminative_metric.py,60.49956703186035,0
Diffusion-TS,AirQuality,128,0,100000,discriminative_score,123,0.11158536585365852,True,4096,5afe3b08282b3892cd469742e000c4f1d5bc811df0531b8e9f27f911568f0272,8b0fea87f7e01cf26d2b38cf65a3165ee8728e4cf5f82853140f836a363dd542,/path/to/Diffusion-TS/Utils/discriminative_metric.py,60.55366134643555,2
Diffusion-TS,AirQuality,128,0,100000,predictive_score,0,0.01950326565213345,True,4096,5afe3b08282b3892cd469742e000c4f1d5bc811df0531b8e9f27f911568f0272,8b0fea87f7e01cf26d2b38cf65a3165ee8728e4cf5f82853140f836a363dd542,/path/to/Diffusion-TS/Utils/predictive_metric.py,125.10248851776123,1
Diffusion-TS,AirQuality,128,0,100000,predictive_score,42,0.02008255496457423,True,4096,5afe3b08282b3892cd469742e000c4f1d5bc811df0531b8e9f27f911568f0272,8b0fea87f7e01cf26d2b38cf65a3165ee8728e4cf5f82853140f836a363dd542,/path/to/Diffusion-TS/Utils/predictive_metric.py,125.09111046791077,0
Diffusion-TS,AirQuality,128,0,100000,predictive_score,123,0.02152285120041597,True,4096,5afe3b08282b3892cd469742e000c4f1d5bc811df0531b8e9f27f911568f0272,8b0fea87f7e01cf26d2b38cf65a3165ee8728e4cf5f82853140f836a363dd542,/path/to/Diffusion-TS/Utils/predictive_metric.py,124.76903247833252,2
Diffusion-TS,AirQuality,128,0,100001,context_fid,0,0.2929195021688539,True,4096,5afe3b08282b3892cd469742e000c4f1d5bc811df0531b8e9f27f911568f0272,aea40b82d06aa3e37887979840bd139e5aca0aad24baa7f1179a8e2e160703c2,/path/to/PETS-FFT-Ablation/results/final_unconditional_main_v1/evaluators/AirQuality/T128/ts2vec_seed_0.pt,1.3028974533081055,1
Diffusion-TS,AirQuality,128,0,100001,context_fid,42,0.31790481416970356,True,4096,5afe3b08282b3892cd469742e000c4f1d5bc811df0531b8e9f27f911568f0272,aea40b82d06aa3e37887979840bd139e5aca0aad24baa7f1179a8e2e160703c2,/path/to/PETS-FFT-Ablation/results/final_unconditional_main_v1/evaluators/AirQuality/T128/ts2vec_seed_42.pt,1.3502731323242188,2
Diffusion-TS,AirQuality,128,0,100001,context_fid,123,0.2919090148819187,True,4096,5afe3b08282b3892cd469742e000c4f1d5bc811df0531b8e9f27f911568f0272,aea40b82d06aa3e37887979840bd139e5aca0aad24baa7f1179a8e2e160703c2,/path/to/PETS-FFT-Ablation/results/final_unconditional_main_v1/evaluators/AirQuality/T128/ts2vec_seed_123.pt,1.4022858142852783,0
Diffusion-TS,AirQuality,128,0,100001,correlation_score,-1,0.10306849330663681,True,4096,5afe3b08282b3892cd469742e000c4f1d5bc811df0531b8e9f27f911568f0272,aea40b82d06aa3e37887979840bd139e5aca0aad24baa7f1179a8e2e160703c2,/path/to/Diffusion-TS/Utils/cross_correlation.py,0.1199193000793457,1
Diffusion-TS,AirQuality,128,0,100001,discriminative_score,0,0.1426829268292683,True,4096,5afe3b08282b3892cd469742e000c4f1d5bc811df0531b8e9f27f911568f0272,aea40b82d06aa3e37887979840bd139e5aca0aad24baa7f1179a8e2e160703c2,/path/to/Diffusion-TS/Utils/discriminative_metric.py,60.90474486351013,1
Diffusion-TS,AirQuality,128,0,100001,discriminative_score,42,0.10853658536585364,True,4096,5afe3b08282b3892cd469742e000c4f1d5bc811df0531b8e9f27f911568f0272,aea40b82d06aa3e37887979840bd139e5aca0aad24baa7f1179a8e2e160703c2,/path/to/Diffusion-TS/Utils/discriminative_metric.py,60.38624429702759,2
Diffusion-TS,AirQuality,128,0,100001,discriminative_score,123,0.12195121951219512,True,4096,5afe3b08282b3892cd469742e000c4f1d5bc811df0531b8e9f27f911568f0272,aea40b82d06aa3e37887979840bd139e5aca0aad24baa7f1179a8e2e160703c2,/path/to/Diffusion-TS/Utils/discriminative_metric.py,60.27688932418823,0
Diffusion-TS,AirQuality,128,0,100001,predictive_score,0,0.01934118060455603,True,4096,5afe3b08282b3892cd469742e000c4f1d5bc811df0531b8e9f27f911568f0272,aea40b82d06aa3e37887979840bd139e5aca0aad24baa7f1179a8e2e160703c2,/path/to/Diffusion-TS/Utils/predictive_metric.py,128.31623792648315,1
Diffusion-TS,AirQuality,128,0,100001,predictive_score,42,0.02020426699436939,True,4096,5afe3b08282b3892cd469742e000c4f1d5bc811df0531b8e9f27f911568f0272,aea40b82d06aa3e37887979840bd139e5aca0aad24baa7f1179a8e2e160703c2,/path/to/Diffusion-TS/Utils/predictive_metric.py,126.87349820137024,2
Diffusion-TS,AirQuality,128,0,100001,predictive_score,123,0.0226781589675511,True,4096,5afe3b08282b3892cd469742e000c4f1d5bc811df0531b8e9f27f911568f0272,aea40b82d06aa3e37887979840bd139e5aca0aad24baa7f1179a8e2e160703c2,/path/to/Diffusion-TS/Utils/predictive_metric.py,123.66024661064148,0
Diffusion-TS,AirQuality,128,0,100002,context_fid,0,0.28437485516496264,True,4096,5afe3b08282b3892cd469742e000c4f1d5bc811df0531b8e9f27f911568f0272,d71e35048df5b4700a40d14554dc4e0fea6053be0cb740815905aa467fb68864,/path/to/PETS-FFT-Ablation/results/final_unconditional_main_v1/evaluators/AirQuality/T128/ts2vec_seed_0.pt,1.3329298496246338,0
Diffusion-TS,AirQuality,128,0,100002,context_fid,42,0.30822004239021267,True,4096,5afe3b08282b3892cd469742e000c4f1d5bc811df0531b8e9f27f911568f0272,d71e35048df5b4700a40d14554dc4e0fea6053be0cb740815905aa467fb68864,/path/to/PETS-FFT-Ablation/results/final_unconditional_main_v1/evaluators/AirQuality/T128/ts2vec_seed_42.pt,1.5381402969360352,0
Diffusion-TS,AirQuality,128,0,100002,context_fid,123,0.28156600670209947,True,4096,5afe3b08282b3892cd469742e000c4f1d5bc811df0531b8e9f27f911568f0272,d71e35048df5b4700a40d14554dc4e0fea6053be0cb740815905aa467fb68864,/path/to/PETS-FFT-Ablation/results/final_unconditional_main_v1/evaluators/AirQuality/T128/ts2vec_seed_123.pt,1.453322410583496,0
Diffusion-TS,AirQuality,128,0,100002,correlation_score,-1,0.1038035899400711,True,4096,5afe3b08282b3892cd469742e000c4f1d5bc811df0531b8e9f27f911568f0272,d71e35048df5b4700a40d14554dc4e0fea6053be0cb740815905aa467fb68864,/path/to/Diffusion-TS/Utils/cross_correlation.py,0.11736011505126953,0
Diffusion-TS,AirQuality,128,0,100002,discriminative_score,0,0.12926829268292683,True,4096,5afe3b08282b3892cd469742e000c4f1d5bc811df0531b8e9f27f911568f0272,d71e35048df5b4700a40d14554dc4e0fea6053be0cb740815905aa467fb68864,/path/to/Diffusion-TS/Utils/discriminative_metric.py,60.63961839675903,2
Diffusion-TS,AirQuality,128,0,100002,discriminative_score,42,0.10304878048780486,True,4096,5afe3b08282b3892cd469742e000c4f1d5bc811df0531b8e9f27f911568f0272,d71e35048df5b4700a40d14554dc4e0fea6053be0cb740815905aa467fb68864,/path/to/Diffusion-TS/Utils/discriminative_metric.py,59.827513694763184,1
Diffusion-TS,AirQuality,128,0,100002,discriminative_score,123,0.09207317073170729,True,4096,5afe3b08282b3892cd469742e000c4f1d5bc811df0531b8e9f27f911568f0272,d71e35048df5b4700a40d14554dc4e0fea6053be0cb740815905aa467fb68864,/path/to/Diffusion-TS/Utils/discriminative_metric.py,59.633049726486206,0
Diffusion-TS,AirQuality,128,0,100002,predictive_score,0,0.019370849822280434,True,4096,5afe3b08282b3892cd469742e000c4f1d5bc811df0531b8e9f27f911568f0272,d71e35048df5b4700a40d14554dc4e0fea6053be0cb740815905aa467fb68864,/path/to/Diffusion-TS/Utils/predictive_metric.py,123.76426720619202,2
Diffusion-TS,AirQuality,128,0,100002,predictive_score,42,0.020131867847567264,True,4096,5afe3b08282b3892cd469742e000c4f1d5bc811df0531b8e9f27f911568f0272,d71e35048df5b4700a40d14554dc4e0fea6053be0cb740815905aa467fb68864,/path/to/Diffusion-TS/Utils/predictive_metric.py,125.9436264038086,0
Diffusion-TS,AirQuality,128,0,100002,predictive_score,123,0.021717720621154513,True,4096,5afe3b08282b3892cd469742e000c4f1d5bc811df0531b8e9f27f911568f0272,d71e35048df5b4700a40d14554dc4e0fea6053be0cb740815905aa467fb68864,/path/to/Diffusion-TS/Utils/predictive_metric.py,126.03641724586487,1
Diffusion-TS,AirQuality,128,0,100003,context_fid,0,0.2773957041921705,True,4096,5afe3b08282b3892cd469742e000c4f1d5bc811df0531b8e9f27f911568f0272,f65703e3c6ec2c0066535fcd88946aad7568fdc2498666e5b1f7bf7f8a607129,/path/to/PETS-FFT-Ablation/results/final_unconditional_main_v1/evaluators/AirQuality/T128/ts2vec_seed_0.pt,1.3836066722869873,2
Diffusion-TS,AirQuality,128,0,100003,context_fid,42,0.30527624601662595,True,4096,5afe3b08282b3892cd469742e000c4f1d5bc811df0531b8e9f27f911568f0272,f65703e3c6ec2c0066535fcd88946aad7568fdc2498666e5b1f7bf7f8a607129,/path/to/PETS-FFT-Ablation/results/final_unconditional_main_v1/evaluators/AirQuality/T128/ts2vec_seed_42.pt,1.3803017139434814,2
Diffusion-TS,AirQuality,128,0,100003,context_fid,123,0.2753744284219565,True,4096,5afe3b08282b3892cd469742e000c4f1d5bc811df0531b8e9f27f911568f0272,f65703e3c6ec2c0066535fcd88946aad7568fdc2498666e5b1f7bf7f8a607129,/path/to/PETS-FFT-Ablation/results/final_unconditional_main_v1/evaluators/AirQuality/T128/ts2vec_seed_123.pt,1.3153703212738037,0
Diffusion-TS,AirQuality,128,0,100003,correlation_score,-1,0.10191470384597778,True,4096,5afe3b08282b3892cd469742e000c4f1d5bc811df0531b8e9f27f911568f0272,f65703e3c6ec2c0066535fcd88946aad7568fdc2498666e5b1f7bf7f8a607129,/path/to/Diffusion-TS/Utils/cross_correlation.py,0.11855554580688477,2
Diffusion-TS,AirQuality,128,0,100003,discriminative_score,0,0.1353658536585366,True,4096,5afe3b08282b3892cd469742e000c4f1d5bc811df0531b8e9f27f911568f0272,f65703e3c6ec2c0066535fcd88946aad7568fdc2498666e5b1f7bf7f8a607129,/path/to/Diffusion-TS/Utils/discriminative_metric.py,60.84519124031067,1
Diffusion-TS,AirQuality,128,0,100003,discriminative_score,42,0.07926829268292679,True,4096,5afe3b08282b3892cd469742e000c4f1d5bc811df0531b8e9f27f911568f0272,f65703e3c6ec2c0066535fcd88946aad7568fdc2498666e5b1f7bf7f8a607129,/path/to/Diffusion-TS/Utils/discriminative_metric.py,61.16114521026611,2
Diffusion-TS,AirQuality,128,0,100003,discriminative_score,123,0.10243902439024388,True,4096,5afe3b08282b3892cd469742e000c4f1d5bc811df0531b8e9f27f911568f0272,f65703e3c6ec2c0066535fcd88946aad7568fdc2498666e5b1f7bf7f8a607129,/path/to/Diffusion-TS/Utils/discriminative_metric.py,60.71695113182068,0
Diffusion-TS,AirQuality,128,0,100003,predictive_score,0,0.019579787315478825,True,4096,5afe3b08282b3892cd469742e000c4f1d5bc811df0531b8e9f27f911568f0272,f65703e3c6ec2c0066535fcd88946aad7568fdc2498666e5b1f7bf7f8a607129,/path/to/Diffusion-TS/Utils/predictive_metric.py,125.05768847465515,1
Diffusion-TS,AirQuality,128,0,100003,predictive_score,42,0.020016326583800037,True,4096,5afe3b08282b3892cd469742e000c4f1d5bc811df0531b8e9f27f911568f0272,f65703e3c6ec2c0066535fcd88946aad7568fdc2498666e5b1f7bf7f8a607129,/path/to/Diffusion-TS/Utils/predictive_metric.py,126.82570385932922,2
Diffusion-TS,AirQuality,128,0,100003,predictive_score,123,0.02171867909203229,True,4096,5afe3b08282b3892cd469742e000c4f1d5bc811df0531b8e9f27f911568f0272,f65703e3c6ec2c0066535fcd88946aad7568fdc2498666e5b1f7bf7f8a607129,/path/to/Diffusion-TS/Utils/predictive_metric.py,124.54502868652344,0
Diffusion-TS,AirQuality,128,0,100004,context_fid,0,0.2941668116428921,True,4096,5afe3b08282b3892cd469742e000c4f1d5bc811df0531b8e9f27f911568f0272,eac4ba3c69bf01285094e47414b4f13bf5956c18648475a6591a7860674d221f,/path/to/PETS-FFT-Ablation/results/final_unconditional_main_v1/evaluators/AirQuality/T128/ts2vec_seed_0.pt,1.3982596397399902,1
Diffusion-TS,AirQuality,128,0,100004,context_fid,42,0.31747338092043215,True,4096,5afe3b08282b3892cd469742e000c4f1d5bc811df0531b8e9f27f911568f0272,eac4ba3c69bf01285094e47414b4f13bf5956c18648475a6591a7860674d221f,/path/to/PETS-FFT-Ablation/results/final_unconditional_main_v1/evaluators/AirQuality/T128/ts2vec_seed_42.pt,1.3350250720977783,0
Diffusion-TS,AirQuality,128,0,100004,context_fid,123,0.2933251237249458,True,4096,5afe3b08282b3892cd469742e000c4f1d5bc811df0531b8e9f27f911568f0272,eac4ba3c69bf01285094e47414b4f13bf5956c18648475a6591a7860674d221f,/path/to/PETS-FFT-Ablation/results/final_unconditional_main_v1/evaluators/AirQuality/T128/ts2vec_seed_123.pt,1.4667389392852783,1
Diffusion-TS,AirQuality,128,0,100004,correlation_score,-1,0.10097509622573853,True,4096,5afe3b08282b3892cd469742e000c4f1d5bc811df0531b8e9f27f911568f0272,eac4ba3c69bf01285094e47414b4f13bf5956c18648475a6591a7860674d221f,/path/to/Diffusion-TS/Utils/cross_correlation.py,0.12139272689819336,1
Diffusion-TS,AirQuality,128,0,100004,discriminative_score,0,0.14085365853658538,True,4096,5afe3b08282b3892cd469742e000c4f1d5bc811df0531b8e9f27f911568f0272,eac4ba3c69bf01285094e47414b4f13bf5956c18648475a6591a7860674d221f,/path/to/Diffusion-TS/Utils/discriminative_metric.py,60.37138342857361,0
Diffusion-TS,AirQuality,128,0,100004,discriminative_score,42,0.12317073170731707,True,4096,5afe3b08282b3892cd469742e000c4f1d5bc811df0531b8e9f27f911568f0272,eac4ba3c69bf01285094e47414b4f13bf5956c18648475a6591a7860674d221f,/path/to/Diffusion-TS/Utils/discriminative_metric.py,60.81195020675659,2
Diffusion-TS,AirQuality,128,0,100004,discriminative_score,123,0.12317073170731707,True,4096,5afe3b08282b3892cd469742e000c4f1d5bc811df0531b8e9f27f911568f0272,eac4ba3c69bf01285094e47414b4f13bf5956c18648475a6591a7860674d221f,/path/to/Diffusion-TS/Utils/discriminative_metric.py,60.21166682243347,1
Diffusion-TS,AirQuality,128,0,100004,predictive_score,0,0.019399410435084974,True,4096,5afe3b08282b3892cd469742e000c4f1d5bc811df0531b8e9f27f911568f0272,eac4ba3c69bf01285094e47414b4f13bf5956c18648475a6591a7860674d221f,/path/to/Diffusion-TS/Utils/predictive_metric.py,126.59621167182922,0
Diffusion-TS,AirQuality,128,0,100004,predictive_score,42,0.019948585752899817,True,4096,5afe3b08282b3892cd469742e000c4f1d5bc811df0531b8e9f27f911568f0272,eac4ba3c69bf01285094e47414b4f13bf5956c18648475a6591a7860674d221f,/path/to/Diffusion-TS/Utils/predictive_metric.py,125.81162810325623,2
Diffusion-TS,AirQuality,128,0,100004,predictive_score,123,0.021983713919667025,True,4096,5afe3b08282b3892cd469742e000c4f1d5bc811df0531b8e9f27f911568f0272,eac4ba3c69bf01285094e47414b4f13bf5956c18648475a6591a7860674d221f,/path/to/Diffusion-TS/Utils/predictive_metric.py,123.74039578437805,1
Diffusion-TS,AirQuality,128,42,100000,context_fid,0,0.7233825763350933,True,4096,5afe3b08282b3892cd469742e000c4f1d5bc811df0531b8e9f27f911568f0272,643ff477acdae7f2016c240692be3d47e7f826ba94d94e64c11c88aa39d52fae,/path/to/PETS-FFT-Ablation/results/final_unconditional_main_v1/evaluators/AirQuality/T128/ts2vec_seed_0.pt,1.3064100742340088,1
Diffusion-TS,AirQuality,128,42,100000,context_fid,42,0.8315807195218503,True,4096,5afe3b08282b3892cd469742e000c4f1d5bc811df0531b8e9f27f911568f0272,643ff477acdae7f2016c240692be3d47e7f826ba94d94e64c11c88aa39d52fae,/path/to/PETS-FFT-Ablation/results/final_unconditional_main_v1/evaluators/AirQuality/T128/ts2vec_seed_42.pt,1.3813724517822266,1
Diffusion-TS,AirQuality,128,42,100000,context_fid,123,0.6945688914240925,True,4096,5afe3b08282b3892cd469742e000c4f1d5bc811df0531b8e9f27f911568f0272,643ff477acdae7f2016c240692be3d47e7f826ba94d94e64c11c88aa39d52fae,/path/to/PETS-FFT-Ablation/results/final_unconditional_main_v1/evaluators/AirQuality/T128/ts2vec_seed_123.pt,1.3152363300323486,0
Diffusion-TS,AirQuality,128,42,100000,correlation_score,-1,0.12519758939743042,True,4096,5afe3b08282b3892cd469742e000c4f1d5bc811df0531b8e9f27f911568f0272,643ff477acdae7f2016c240692be3d47e7f826ba94d94e64c11c88aa39d52fae,/path/to/Diffusion-TS/Utils/cross_correlation.py,0.1149606704711914,1
Diffusion-TS,AirQuality,128,42,100000,discriminative_score,0,0.17987804878048785,True,4096,5afe3b08282b3892cd469742e000c4f1d5bc811df0531b8e9f27f911568f0272,643ff477acdae7f2016c240692be3d47e7f826ba94d94e64c11c88aa39d52fae,/path/to/Diffusion-TS/Utils/discriminative_metric.py,60.39508652687073,2
Diffusion-TS,AirQuality,128,42,100000,discriminative_score,42,0.22743902439024388,True,4096,5afe3b08282b3892cd469742e000c4f1d5bc811df0531b8e9f27f911568f0272,643ff477acdae7f2016c240692be3d47e7f826ba94d94e64c11c88aa39d52fae,/path/to/Diffusion-TS/Utils/discriminative_metric.py,60.96096229553223,1
Diffusion-TS,AirQuality,128,42,100000,discriminative_score,123,0.20060975609756093,True,4096,5afe3b08282b3892cd469742e000c4f1d5bc811df0531b8e9f27f911568f0272,643ff477acdae7f2016c240692be3d47e7f826ba94d94e64c11c88aa39d52fae,/path/to/Diffusion-TS/Utils/discriminative_metric.py,60.6779351234436,0
Diffusion-TS,AirQuality,128,42,100000,predictive_score,0,0.01959740521704134,True,4096,5afe3b08282b3892cd469742e000c4f1d5bc811df0531b8e9f27f911568f0272,643ff477acdae7f2016c240692be3d47e7f826ba94d94e64c11c88aa39d52fae,/path/to/Diffusion-TS/Utils/predictive_metric.py,125.13689374923706,2
Diffusion-TS,AirQuality,128,42,100000,predictive_score,42,0.02096489628274867,True,4096,5afe3b08282b3892cd469742e000c4f1d5bc811df0531b8e9f27f911568f0272,643ff477acdae7f2016c240692be3d47e7f826ba94d94e64c11c88aa39d52fae,/path/to/Diffusion-TS/Utils/predictive_metric.py,126.14252591133118,1
Diffusion-TS,AirQuality,128,42,100000,predictive_score,123,0.020967026148014156,True,4096,5afe3b08282b3892cd469742e000c4f1d5bc811df0531b8e9f27f911568f0272,643ff477acdae7f2016c240692be3d47e7f826ba94d94e64c11c88aa39d52fae,/path/to/Diffusion-TS/Utils/predictive_metric.py,126.08126425743103,0
Diffusion-TS,AirQuality,128,42,100001,context_fid,0,0.7354709702829594,True,4096,5afe3b08282b3892cd469742e000c4f1d5bc811df0531b8e9f27f911568f0272,32c640bdd71b8edff76b7fb7d99b86b6856974ec045a1d893b408837ab1e7e3b,/path/to/PETS-FFT-Ablation/results/final_unconditional_main_v1/evaluators/AirQuality/T128/ts2vec_seed_0.pt,1.4008302688598633,2
Diffusion-TS,AirQuality,128,42,100001,context_fid,42,0.8510744925436342,True,4096,5afe3b08282b3892cd469742e000c4f1d5bc811df0531b8e9f27f911568f0272,32c640bdd71b8edff76b7fb7d99b86b6856974ec045a1d893b408837ab1e7e3b,/path/to/PETS-FFT-Ablation/results/final_unconditional_main_v1/evaluators/AirQuality/T128/ts2vec_seed_42.pt,1.3967654705047607,2
Diffusion-TS,AirQuality,128,42,100001,context_fid,123,0.706511471518068,True,4096,5afe3b08282b3892cd469742e000c4f1d5bc811df0531b8e9f27f911568f0272,32c640bdd71b8edff76b7fb7d99b86b6856974ec045a1d893b408837ab1e7e3b,/path/to/PETS-FFT-Ablation/results/final_unconditional_main_v1/evaluators/AirQuality/T128/ts2vec_seed_123.pt,1.459150791168213,1
Diffusion-TS,AirQuality,128,42,100001,correlation_score,-1,0.15008673071861267,True,4096,5afe3b08282b3892cd469742e000c4f1d5bc811df0531b8e9f27f911568f0272,32c640bdd71b8edff76b7fb7d99b86b6856974ec045a1d893b408837ab1e7e3b,/path/to/Diffusion-TS/Utils/cross_correlation.py,0.12294721603393555,2
Diffusion-TS,AirQuality,128,42,100001,discriminative_score,0,0.19329268292682922,True,4096,5afe3b08282b3892cd469742e000c4f1d5bc811df0531b8e9f27f911568f0272,32c640bdd71b8edff76b7fb7d99b86b6856974ec045a1d893b408837ab1e7e3b,/path/to/Diffusion-TS/Utils/discriminative_metric.py,60.629756450653076,0
Diffusion-TS,AirQuality,128,42,100001,discriminative_score,42,0.23170731707317072,True,4096,5afe3b08282b3892cd469742e000c4f1d5bc811df0531b8e9f27f911568f0272,32c640bdd71b8edff76b7fb7d99b86b6856974ec045a1d893b408837ab1e7e3b,/path/to/Diffusion-TS/Utils/discriminative_metric.py,60.865142583847046,2
Diffusion-TS,AirQuality,128,42,100001,discriminative_score,123,0.24878048780487805,True,4096,5afe3b08282b3892cd469742e000c4f1d5bc811df0531b8e9f27f911568f0272,32c640bdd71b8edff76b7fb7d99b86b6856974ec045a1d893b408837ab1e7e3b,/path/to/Diffusion-TS/Utils/discriminative_metric.py,60.54312014579773,1
Diffusion-TS,AirQuality,128,42,100001,predictive_score,0,0.019701475381111777,True,4096,5afe3b08282b3892cd469742e000c4f1d5bc811df0531b8e9f27f911568f0272,32c640bdd71b8edff76b7fb7d99b86b6856974ec045a1d893b408837ab1e7e3b,/path/to/Diffusion-TS/Utils/predictive_metric.py,124.29940795898438,0
Diffusion-TS,AirQuality,128,42,100001,predictive_score,42,0.022131810438509092,True,4096,5afe3b08282b3892cd469742e000c4f1d5bc811df0531b8e9f27f911568f0272,32c640bdd71b8edff76b7fb7d99b86b6856974ec045a1d893b408837ab1e7e3b,/path/to/Diffusion-TS/Utils/predictive_metric.py,128.21267461776733,2
Diffusion-TS,AirQuality,128,42,100001,predictive_score,123,0.02159410112506066,True,4096,5afe3b08282b3892cd469742e000c4f1d5bc811df0531b8e9f27f911568f0272,32c640bdd71b8edff76b7fb7d99b86b6856974ec045a1d893b408837ab1e7e3b,/path/to/Diffusion-TS/Utils/predictive_metric.py,124.93491220474243,1
Diffusion-TS,AirQuality,128,42,100002,context_fid,0,0.7547677839460807,True,4096,5afe3b08282b3892cd469742e000c4f1d5bc811df0531b8e9f27f911568f0272,44110360d9916e7b9fc4894e979c044e59cd7c9df4448942e0d1f08b56bace46,/path/to/PETS-FFT-Ablation/results/final_unconditional_main_v1/evaluators/AirQuality/T128/ts2vec_seed_0.pt,1.3545677661895752,0
Diffusion-TS,AirQuality,128,42,100002,context_fid,42,0.8577675017089997,True,4096,5afe3b08282b3892cd469742e000c4f1d5bc811df0531b8e9f27f911568f0272,44110360d9916e7b9fc4894e979c044e59cd7c9df4448942e0d1f08b56bace46,/path/to/PETS-FFT-Ablation/results/final_unconditional_main_v1/evaluators/AirQuality/T128/ts2vec_seed_42.pt,1.2937781810760498,0
Diffusion-TS,AirQuality,128,42,100002,context_fid,123,0.7249399829034293,True,4096,5afe3b08282b3892cd469742e000c4f1d5bc811df0531b8e9f27f911568f0272,44110360d9916e7b9fc4894e979c044e59cd7c9df4448942e0d1f08b56bace46,/path/to/PETS-FFT-Ablation/results/final_unconditional_main_v1/evaluators/AirQuality/T128/ts2vec_seed_123.pt,1.4378464221954346,1
Diffusion-TS,AirQuality,128,42,100002,correlation_score,-1,0.13920165598392487,True,4096,5afe3b08282b3892cd469742e000c4f1d5bc811df0531b8e9f27f911568f0272,44110360d9916e7b9fc4894e979c044e59cd7c9df4448942e0d1f08b56bace46,/path/to/Diffusion-TS/Utils/cross_correlation.py,0.12392354011535645,0
Diffusion-TS,AirQuality,128,42,100002,discriminative_score,0,0.18292682926829273,True,4096,5afe3b08282b3892cd469742e000c4f1d5bc811df0531b8e9f27f911568f0272,44110360d9916e7b9fc4894e979c044e59cd7c9df4448942e0d1f08b56bace46,/path/to/Diffusion-TS/Utils/discriminative_metric.py,60.45583915710449,0
Diffusion-TS,AirQuality,128,42,100002,discriminative_score,42,0.24817073170731707,True,4096,5afe3b08282b3892cd469742e000c4f1d5bc811df0531b8e9f27f911568f0272,44110360d9916e7b9fc4894e979c044e59cd7c9df4448942e0d1f08b56bace46,/path/to/Diffusion-TS/Utils/discriminative_metric.py,60.67589044570923,1
Diffusion-TS,AirQuality,128,42,100002,discriminative_score,123,0.2268292682926829,True,4096,5afe3b08282b3892cd469742e000c4f1d5bc811df0531b8e9f27f911568f0272,44110360d9916e7b9fc4894e979c044e59cd7c9df4448942e0d1f08b56bace46,/path/to/Diffusion-TS/Utils/discriminative_metric.py,60.39466738700867,2
Diffusion-TS,AirQuality,128,42,100002,predictive_score,0,0.01969845423411698,True,4096,5afe3b08282b3892cd469742e000c4f1d5bc811df0531b8e9f27f911568f0272,44110360d9916e7b9fc4894e979c044e59cd7c9df4448942e0d1f08b56bace46,/path/to/Diffusion-TS/Utils/predictive_metric.py,123.5484790802002,0
Diffusion-TS,AirQuality,128,42,100002,predictive_score,42,0.021919366374504534,True,4096,5afe3b08282b3892cd469742e000c4f1d5bc811df0531b8e9f27f911568f0272,44110360d9916e7b9fc4894e979c044e59cd7c9df4448942e0d1f08b56bace46,/path/to/Diffusion-TS/Utils/predictive_metric.py,127.82798480987549,1
Diffusion-TS,AirQuality,128,42,100002,predictive_score,123,0.020674720912552402,True,4096,5afe3b08282b3892cd469742e000c4f1d5bc811df0531b8e9f27f911568f0272,44110360d9916e7b9fc4894e979c044e59cd7c9df4448942e0d1f08b56bace46,/path/to/Diffusion-TS/Utils/predictive_metric.py,126.60402774810791,2
Diffusion-TS,AirQuality,128,42,100003,context_fid,0,0.754437096653156,True,4096,5afe3b08282b3892cd469742e000c4f1d5bc811df0531b8e9f27f911568f0272,35781741db0317fbc30fbae002a033b848ab026d0572fef7612b883ed76facdc,/path/to/PETS-FFT-Ablation/results/final_unconditional_main_v1/evaluators/AirQuality/T128/ts2vec_seed_0.pt,1.465831995010376,0
Diffusion-TS,AirQuality,128,42,100003,context_fid,42,0.8782779479007189,True,4096,5afe3b08282b3892cd469742e000c4f1d5bc811df0531b8e9f27f911568f0272,35781741db0317fbc30fbae002a033b848ab026d0572fef7612b883ed76facdc,/path/to/PETS-FFT-Ablation/results/final_unconditional_main_v1/evaluators/AirQuality/T128/ts2vec_seed_42.pt,1.3122754096984863,0
Diffusion-TS,AirQuality,128,42,100003,context_fid,123,0.7311623302635533,True,4096,5afe3b08282b3892cd469742e000c4f1d5bc811df0531b8e9f27f911568f0272,35781741db0317fbc30fbae002a033b848ab026d0572fef7612b883ed76facdc,/path/to/PETS-FFT-Ablation/results/final_unconditional_main_v1/evaluators/AirQuality/T128/ts2vec_seed_123.pt,1.3391497135162354,0
Diffusion-TS,AirQuality,128,42,100003,correlation_score,-1,0.1461118757724762,True,4096,5afe3b08282b3892cd469742e000c4f1d5bc811df0531b8e9f27f911568f0272,35781741db0317fbc30fbae002a033b848ab026d0572fef7612b883ed76facdc,/path/to/Diffusion-TS/Utils/cross_correlation.py,0.12822413444519043,0
Diffusion-TS,AirQuality,128,42,100003,discriminative_score,0,0.18048780487804883,True,4096,5afe3b08282b3892cd469742e000c4f1d5bc811df0531b8e9f27f911568f0272,35781741db0317fbc30fbae002a033b848ab026d0572fef7612b883ed76facdc,/path/to/Diffusion-TS/Utils/discriminative_metric.py,60.62372803688049,0
Diffusion-TS,AirQuality,128,42,100003,discriminative_score,42,0.23353658536585364,True,4096,5afe3b08282b3892cd469742e000c4f1d5bc811df0531b8e9f27f911568f0272,35781741db0317fbc30fbae002a033b848ab026d0572fef7612b883ed76facdc,/path/to/Diffusion-TS/Utils/discriminative_metric.py,60.46747040748596,2
Diffusion-TS,AirQuality,128,42,100003,discriminative_score,123,0.2115853658536585,True,4096,5afe3b08282b3892cd469742e000c4f1d5bc811df0531b8e9f27f911568f0272,35781741db0317fbc30fbae002a033b848ab026d0572fef7612b883ed76facdc,/path/to/Diffusion-TS/Utils/discriminative_metric.py,60.531327962875366,1
Diffusion-TS,AirQuality,128,42,100003,predictive_score,0,0.019614522391066203,True,4096,5afe3b08282b3892cd469742e000c4f1d5bc811df0531b8e9f27f911568f0272,35781741db0317fbc30fbae002a033b848ab026d0572fef7612b883ed76facdc,/path/to/Diffusion-TS/Utils/predictive_metric.py,125.55350017547607,0
Diffusion-TS,AirQuality,128,42,100003,predictive_score,42,0.021022544665470377,True,4096,5afe3b08282b3892cd469742e000c4f1d5bc811df0531b8e9f27f911568f0272,35781741db0317fbc30fbae002a033b848ab026d0572fef7612b883ed76facdc,/path/to/Diffusion-TS/Utils/predictive_metric.py,125.43185520172119,2
Diffusion-TS,AirQuality,128,42,100003,predictive_score,123,0.021329828630769043,True,4096,5afe3b08282b3892cd469742e000c4f1d5bc811df0531b8e9f27f911568f0272,35781741db0317fbc30fbae002a033b848ab026d0572fef7612b883ed76facdc,/path/to/Diffusion-TS/Utils/predictive_metric.py,126.50220322608948,1
Diffusion-TS,AirQuality,128,42,100004,context_fid,0,0.7537148335875883,True,4096,5afe3b08282b3892cd469742e000c4f1d5bc811df0531b8e9f27f911568f0272,253edb785077fe762156790234e17563950843fadf692c60ce7359c0d9df1dd1,/path/to/PETS-FFT-Ablation/results/final_unconditional_main_v1/evaluators/AirQuality/T128/ts2vec_seed_0.pt,1.2348883152008057,0
Diffusion-TS,AirQuality,128,42,100004,context_fid,42,0.8740337076802275,True,4096,5afe3b08282b3892cd469742e000c4f1d5bc811df0531b8e9f27f911568f0272,253edb785077fe762156790234e17563950843fadf692c60ce7359c0d9df1dd1,/path/to/PETS-FFT-Ablation/results/final_unconditional_main_v1/evaluators/AirQuality/T128/ts2vec_seed_42.pt,1.3199763298034668,2
Diffusion-TS,AirQuality,128,42,100004,context_fid,123,0.7299738982638058,True,4096,5afe3b08282b3892cd469742e000c4f1d5bc811df0531b8e9f27f911568f0272,253edb785077fe762156790234e17563950843fadf692c60ce7359c0d9df1dd1,/path/to/PETS-FFT-Ablation/results/final_unconditional_main_v1/evaluators/AirQuality/T128/ts2vec_seed_123.pt,1.415726900100708,0
Diffusion-TS,AirQuality,128,42,100004,correlation_score,-1,0.14550311863422394,True,4096,5afe3b08282b3892cd469742e000c4f1d5bc811df0531b8e9f27f911568f0272,253edb785077fe762156790234e17563950843fadf692c60ce7359c0d9df1dd1,/path/to/Diffusion-TS/Utils/cross_correlation.py,0.1266627311706543,0
Diffusion-TS,AirQuality,128,42,100004,discriminative_score,0,0.1865853658536586,True,4096,5afe3b08282b3892cd469742e000c4f1d5bc811df0531b8e9f27f911568f0272,253edb785077fe762156790234e17563950843fadf692c60ce7359c0d9df1dd1,/path/to/Diffusion-TS/Utils/discriminative_metric.py,60.38253211975098,2
Diffusion-TS,AirQuality,128,42,100004,discriminative_score,42,0.25182926829268293,True,4096,5afe3b08282b3892cd469742e000c4f1d5bc811df0531b8e9f27f911568f0272,253edb785077fe762156790234e17563950843fadf692c60ce7359c0d9df1dd1,/path/to/Diffusion-TS/Utils/discriminative_metric.py,60.7034330368042,1
Diffusion-TS,AirQuality,128,42,100004,discriminative_score,123,0.16707317073170735,True,4096,5afe3b08282b3892cd469742e000c4f1d5bc811df0531b8e9f27f911568f0272,253edb785077fe762156790234e17563950843fadf692c60ce7359c0d9df1dd1,/path/to/Diffusion-TS/Utils/discriminative_metric.py,60.59193754196167,0
Diffusion-TS,AirQuality,128,42,100004,predictive_score,0,0.019570089156786707,True,4096,5afe3b08282b3892cd469742e000c4f1d5bc811df0531b8e9f27f911568f0272,253edb785077fe762156790234e17563950843fadf692c60ce7359c0d9df1dd1,/path/to/Diffusion-TS/Utils/predictive_metric.py,126.8408465385437,2
Diffusion-TS,AirQuality,128,42,100004,predictive_score,42,0.02104591841077763,True,4096,5afe3b08282b3892cd469742e000c4f1d5bc811df0531b8e9f27f911568f0272,253edb785077fe762156790234e17563950843fadf692c60ce7359c0d9df1dd1,/path/to/Diffusion-TS/Utils/predictive_metric.py,124.68726921081543,1
Diffusion-TS,AirQuality,128,42,100004,predictive_score,123,0.020057303345197397,True,4096,5afe3b08282b3892cd469742e000c4f1d5bc811df0531b8e9f27f911568f0272,253edb785077fe762156790234e17563950843fadf692c60ce7359c0d9df1dd1,/path/to/Diffusion-TS/Utils/predictive_metric.py,124.96263885498047,0
Diffusion-TS,AirQuality,128,123,100000,context_fid,0,0.798692627016541,True,4096,5afe3b08282b3892cd469742e000c4f1d5bc811df0531b8e9f27f911568f0272,f1cdbabf38ef9d9dfb47e15fc31f5b1b4226ddcd54862fa4b38dc062c8053b6e,/path/to/PETS-FFT-Ablation/results/final_unconditional_main_v1/evaluators/AirQuality/T128/ts2vec_seed_0.pt,1.2942304611206055,1
Diffusion-TS,AirQuality,128,123,100000,context_fid,42,0.9423742394413761,True,4096,5afe3b08282b3892cd469742e000c4f1d5bc811df0531b8e9f27f911568f0272,f1cdbabf38ef9d9dfb47e15fc31f5b1b4226ddcd54862fa4b38dc062c8053b6e,/path/to/PETS-FFT-Ablation/results/final_unconditional_main_v1/evaluators/AirQuality/T128/ts2vec_seed_42.pt,1.2965595722198486,0
Diffusion-TS,AirQuality,128,123,100000,context_fid,123,0.7806902602395929,True,4096,5afe3b08282b3892cd469742e000c4f1d5bc811df0531b8e9f27f911568f0272,f1cdbabf38ef9d9dfb47e15fc31f5b1b4226ddcd54862fa4b38dc062c8053b6e,/path/to/PETS-FFT-Ablation/results/final_unconditional_main_v1/evaluators/AirQuality/T128/ts2vec_seed_123.pt,1.5672175884246826,1
Diffusion-TS,AirQuality,128,123,100000,correlation_score,-1,0.14947032928466797,True,4096,5afe3b08282b3892cd469742e000c4f1d5bc811df0531b8e9f27f911568f0272,f1cdbabf38ef9d9dfb47e15fc31f5b1b4226ddcd54862fa4b38dc062c8053b6e,/path/to/Diffusion-TS/Utils/cross_correlation.py,0.11843657493591309,1
Diffusion-TS,AirQuality,128,123,100000,discriminative_score,0,0.3347560975609756,True,4096,5afe3b08282b3892cd469742e000c4f1d5bc811df0531b8e9f27f911568f0272,f1cdbabf38ef9d9dfb47e15fc31f5b1b4226ddcd54862fa4b38dc062c8053b6e,/path/to/Diffusion-TS/Utils/discriminative_metric.py,60.324066400527954,2
Diffusion-TS,AirQuality,128,123,100000,discriminative_score,42,0.20182926829268288,True,4096,5afe3b08282b3892cd469742e000c4f1d5bc811df0531b8e9f27f911568f0272,f1cdbabf38ef9d9dfb47e15fc31f5b1b4226ddcd54862fa4b38dc062c8053b6e,/path/to/Diffusion-TS/Utils/discriminative_metric.py,60.714548110961914,0
Diffusion-TS,AirQuality,128,123,100000,discriminative_score,123,0.19756097560975605,True,4096,5afe3b08282b3892cd469742e000c4f1d5bc811df0531b8e9f27f911568f0272,f1cdbabf38ef9d9dfb47e15fc31f5b1b4226ddcd54862fa4b38dc062c8053b6e,/path/to/Diffusion-TS/Utils/discriminative_metric.py,60.25232791900635,1
Diffusion-TS,AirQuality,128,123,100000,predictive_score,0,0.01979001664255975,True,4096,5afe3b08282b3892cd469742e000c4f1d5bc811df0531b8e9f27f911568f0272,f1cdbabf38ef9d9dfb47e15fc31f5b1b4226ddcd54862fa4b38dc062c8053b6e,/path/to/Diffusion-TS/Utils/predictive_metric.py,124.79345464706421,2
Diffusion-TS,AirQuality,128,123,100000,predictive_score,42,0.02256176897253681,True,4096,5afe3b08282b3892cd469742e000c4f1d5bc811df0531b8e9f27f911568f0272,f1cdbabf38ef9d9dfb47e15fc31f5b1b4226ddcd54862fa4b38dc062c8053b6e,/path/to/Diffusion-TS/Utils/predictive_metric.py,126.76208853721619,0
Diffusion-TS,AirQuality,128,123,100000,predictive_score,123,0.021671185383752345,True,4096,5afe3b08282b3892cd469742e000c4f1d5bc811df0531b8e9f27f911568f0272,f1cdbabf38ef9d9dfb47e15fc31f5b1b4226ddcd54862fa4b38dc062c8053b6e,/path/to/Diffusion-TS/Utils/predictive_metric.py,124.01522541046143,1
Diffusion-TS,AirQuality,128,123,100001,context_fid,0,0.7891598583927906,True,4096,5afe3b08282b3892cd469742e000c4f1d5bc811df0531b8e9f27f911568f0272,7375d9f2562b9ab21fe6244f93e60ca34c4d044699581a75ae663473cb16b950,/path/to/PETS-FFT-Ablation/results/final_unconditional_main_v1/evaluators/AirQuality/T128/ts2vec_seed_0.pt,1.4290337562561035,2
Diffusion-TS,AirQuality,128,123,100001,context_fid,42,0.9275650202354585,True,4096,5afe3b08282b3892cd469742e000c4f1d5bc811df0531b8e9f27f911568f0272,7375d9f2562b9ab21fe6244f93e60ca34c4d044699581a75ae663473cb16b950,/path/to/PETS-FFT-Ablation/results/final_unconditional_main_v1/evaluators/AirQuality/T128/ts2vec_seed_42.pt,1.4290533065795898,1
Diffusion-TS,AirQuality,128,123,100001,context_fid,123,0.7702004083765284,True,4096,5afe3b08282b3892cd469742e000c4f1d5bc811df0531b8e9f27f911568f0272,7375d9f2562b9ab21fe6244f93e60ca34c4d044699581a75ae663473cb16b950,/path/to/PETS-FFT-Ablation/results/final_unconditional_main_v1/evaluators/AirQuality/T128/ts2vec_seed_123.pt,1.5338714122772217,2
Diffusion-TS,AirQuality,128,123,100001,correlation_score,-1,0.1488647162914276,True,4096,5afe3b08282b3892cd469742e000c4f1d5bc811df0531b8e9f27f911568f0272,7375d9f2562b9ab21fe6244f93e60ca34c4d044699581a75ae663473cb16b950,/path/to/Diffusion-TS/Utils/cross_correlation.py,0.1264498233795166,2
Diffusion-TS,AirQuality,128,123,100001,discriminative_score,0,0.32743902439024386,True,4096,5afe3b08282b3892cd469742e000c4f1d5bc811df0531b8e9f27f911568f0272,7375d9f2562b9ab21fe6244f93e60ca34c4d044699581a75ae663473cb16b950,/path/to/Diffusion-TS/Utils/discriminative_metric.py,60.3590521812439,1
Diffusion-TS,AirQuality,128,123,100001,discriminative_score,42,0.21524390243902436,True,4096,5afe3b08282b3892cd469742e000c4f1d5bc811df0531b8e9f27f911568f0272,7375d9f2562b9ab21fe6244f93e60ca34c4d044699581a75ae663473cb16b950,/path/to/Diffusion-TS/Utils/discriminative_metric.py,60.394301891326904,2
Diffusion-TS,AirQuality,128,123,100001,discriminative_score,123,0.23841463414634145,True,4096,5afe3b08282b3892cd469742e000c4f1d5bc811df0531b8e9f27f911568f0272,7375d9f2562b9ab21fe6244f93e60ca34c4d044699581a75ae663473cb16b950,/path/to/Diffusion-TS/Utils/discriminative_metric.py,60.703941106796265,0
Diffusion-TS,AirQuality,128,123,100001,predictive_score,0,0.019617948939981034,True,4096,5afe3b08282b3892cd469742e000c4f1d5bc811df0531b8e9f27f911568f0272,7375d9f2562b9ab21fe6244f93e60ca34c4d044699581a75ae663473cb16b950,/path/to/Diffusion-TS/Utils/predictive_metric.py,124.59091782569885,1
Diffusion-TS,AirQuality,128,123,100001,predictive_score,42,0.022429295724350595,True,4096,5afe3b08282b3892cd469742e000c4f1d5bc811df0531b8e9f27f911568f0272,7375d9f2562b9ab21fe6244f93e60ca34c4d044699581a75ae663473cb16b950,/path/to/Diffusion-TS/Utils/predictive_metric.py,127.33136653900146,2
Diffusion-TS,AirQuality,128,123,100001,predictive_score,123,0.021707540130819325,True,4096,5afe3b08282b3892cd469742e000c4f1d5bc811df0531b8e9f27f911568f0272,7375d9f2562b9ab21fe6244f93e60ca34c4d044699581a75ae663473cb16b950,/path/to/Diffusion-TS/Utils/predictive_metric.py,125.42216753959656,0
Diffusion-TS,AirQuality,128,123,100002,context_fid,0,0.7828294395208503,True,4096,5afe3b08282b3892cd469742e000c4f1d5bc811df0531b8e9f27f911568f0272,b3128fb7a8164a978d4b74076aaf861515dab71f33c55e2130fa94f12a39a0c8,/path/to/PETS-FFT-Ablation/results/final_unconditional_main_v1/evaluators/AirQuality/T128/ts2vec_seed_0.pt,1.3234083652496338,1
Diffusion-TS,AirQuality,128,123,100002,context_fid,42,0.919808094396805,True,4096,5afe3b08282b3892cd469742e000c4f1d5bc811df0531b8e9f27f911568f0272,b3128fb7a8164a978d4b74076aaf861515dab71f33c55e2130fa94f12a39a0c8,/path/to/PETS-FFT-Ablation/results/final_unconditional_main_v1/evaluators/AirQuality/T128/ts2vec_seed_42.pt,1.3127477169036865,1
Diffusion-TS,AirQuality,128,123,100002,context_fid,123,0.7648281240339831,True,4096,5afe3b08282b3892cd469742e000c4f1d5bc811df0531b8e9f27f911568f0272,b3128fb7a8164a978d4b74076aaf861515dab71f33c55e2130fa94f12a39a0c8,/path/to/PETS-FFT-Ablation/results/final_unconditional_main_v1/evaluators/AirQuality/T128/ts2vec_seed_123.pt,1.306915521621704,0
Diffusion-TS,AirQuality,128,123,100002,correlation_score,-1,0.13465748727321625,True,4096,5afe3b08282b3892cd469742e000c4f1d5bc811df0531b8e9f27f911568f0272,b3128fb7a8164a978d4b74076aaf861515dab71f33c55e2130fa94f12a39a0c8,/path/to/Diffusion-TS/Utils/cross_correlation.py,0.12139320373535156,1
Diffusion-TS,AirQuality,128,123,100002,discriminative_score,0,0.33780487804878045,True,4096,5afe3b08282b3892cd469742e000c4f1d5bc811df0531b8e9f27f911568f0272,b3128fb7a8164a978d4b74076aaf861515dab71f33c55e2130fa94f12a39a0c8,/path/to/Diffusion-TS/Utils/discriminative_metric.py,60.39717102050781,1
Diffusion-TS,AirQuality,128,123,100002,discriminative_score,42,0.19573170731707312,True,4096,5afe3b08282b3892cd469742e000c4f1d5bc811df0531b8e9f27f911568f0272,b3128fb7a8164a978d4b74076aaf861515dab71f33c55e2130fa94f12a39a0c8,/path/to/Diffusion-TS/Utils/discriminative_metric.py,60.55508613586426,0
Diffusion-TS,AirQuality,128,123,100002,discriminative_score,123,0.24878048780487805,True,4096,5afe3b08282b3892cd469742e000c4f1d5bc811df0531b8e9f27f911568f0272,b3128fb7a8164a978d4b74076aaf861515dab71f33c55e2130fa94f12a39a0c8,/path/to/Diffusion-TS/Utils/discriminative_metric.py,60.567742109298706,2
Diffusion-TS,AirQuality,128,123,100002,predictive_score,0,0.019820589288656265,True,4096,5afe3b08282b3892cd469742e000c4f1d5bc811df0531b8e9f27f911568f0272,b3128fb7a8164a978d4b74076aaf861515dab71f33c55e2130fa94f12a39a0c8,/path/to/Diffusion-TS/Utils/predictive_metric.py,126.66363883018494,1
Diffusion-TS,AirQuality,128,123,100002,predictive_score,42,0.022365522757922918,True,4096,5afe3b08282b3892cd469742e000c4f1d5bc811df0531b8e9f27f911568f0272,b3128fb7a8164a978d4b74076aaf861515dab71f33c55e2130fa94f12a39a0c8,/path/to/Diffusion-TS/Utils/predictive_metric.py,124.72949957847595,0
Diffusion-TS,AirQuality,128,123,100002,predictive_score,123,0.02212064817376813,True,4096,5afe3b08282b3892cd469742e000c4f1d5bc811df0531b8e9f27f911568f0272,b3128fb7a8164a978d4b74076aaf861515dab71f33c55e2130fa94f12a39a0c8,/path/to/Diffusion-TS/Utils/predictive_metric.py,126.40841937065125,2
Diffusion-TS,AirQuality,128,123,100003,context_fid,0,0.8495088045212315,True,4096,5afe3b08282b3892cd469742e000c4f1d5bc811df0531b8e9f27f911568f0272,9dbb0678a62bcfcd09fe755d77be4ba2715becd1eac0d9542cfdf32a8de75f4b,/path/to/PETS-FFT-Ablation/results/final_unconditional_main_v1/evaluators/AirQuality/T128/ts2vec_seed_0.pt,1.2499678134918213,0
Diffusion-TS,AirQuality,128,123,100003,context_fid,42,0.9989941124270878,True,4096,5afe3b08282b3892cd469742e000c4f1d5bc811df0531b8e9f27f911568f0272,9dbb0678a62bcfcd09fe755d77be4ba2715becd1eac0d9542cfdf32a8de75f4b,/path/to/PETS-FFT-Ablation/results/final_unconditional_main_v1/evaluators/AirQuality/T128/ts2vec_seed_42.pt,1.3388760089874268,1
Diffusion-TS,AirQuality,128,123,100003,context_fid,123,0.8273304572245911,True,4096,5afe3b08282b3892cd469742e000c4f1d5bc811df0531b8e9f27f911568f0272,9dbb0678a62bcfcd09fe755d77be4ba2715becd1eac0d9542cfdf32a8de75f4b,/path/to/PETS-FFT-Ablation/results/final_unconditional_main_v1/evaluators/AirQuality/T128/ts2vec_seed_123.pt,1.5871069431304932,0
Diffusion-TS,AirQuality,128,123,100003,correlation_score,-1,0.15950071811676025,True,4096,5afe3b08282b3892cd469742e000c4f1d5bc811df0531b8e9f27f911568f0272,9dbb0678a62bcfcd09fe755d77be4ba2715becd1eac0d9542cfdf32a8de75f4b,/path/to/Diffusion-TS/Utils/cross_correlation.py,0.1280827522277832,0
Diffusion-TS,AirQuality,128,123,100003,discriminative_score,0,0.3213414634146341,True,4096,5afe3b08282b3892cd469742e000c4f1d5bc811df0531b8e9f27f911568f0272,9dbb0678a62bcfcd09fe755d77be4ba2715becd1eac0d9542cfdf32a8de75f4b,/path/to/Diffusion-TS/Utils/discriminative_metric.py,60.757046937942505,2
Diffusion-TS,AirQuality,128,123,100003,discriminative_score,42,0.22012195121951217,True,4096,5afe3b08282b3892cd469742e000c4f1d5bc811df0531b8e9f27f911568f0272,9dbb0678a62bcfcd09fe755d77be4ba2715becd1eac0d9542cfdf32a8de75f4b,/path/to/Diffusion-TS/Utils/discriminative_metric.py,61.14321947097778,1
Diffusion-TS,AirQuality,128,123,100003,discriminative_score,123,0.24451219512195121,True,4096,5afe3b08282b3892cd469742e000c4f1d5bc811df0531b8e9f27f911568f0272,9dbb0678a62bcfcd09fe755d77be4ba2715becd1eac0d9542cfdf32a8de75f4b,/path/to/Diffusion-TS/Utils/discriminative_metric.py,60.22868514060974,0
Diffusion-TS,AirQuality,128,123,100003,predictive_score,0,0.019794713155988575,True,4096,5afe3b08282b3892cd469742e000c4f1d5bc811df0531b8e9f27f911568f0272,9dbb0678a62bcfcd09fe755d77be4ba2715becd1eac0d9542cfdf32a8de75f4b,/path/to/Diffusion-TS/Utils/predictive_metric.py,124.22858190536499,2
Diffusion-TS,AirQuality,128,123,100003,predictive_score,42,0.0224246625118667,True,4096,5afe3b08282b3892cd469742e000c4f1d5bc811df0531b8e9f27f911568f0272,9dbb0678a62bcfcd09fe755d77be4ba2715becd1eac0d9542cfdf32a8de75f4b,/path/to/Diffusion-TS/Utils/predictive_metric.py,122.92277002334595,0
Diffusion-TS,AirQuality,128,123,100003,predictive_score,123,0.022305935770191354,True,4096,5afe3b08282b3892cd469742e000c4f1d5bc811df0531b8e9f27f911568f0272,9dbb0678a62bcfcd09fe755d77be4ba2715becd1eac0d9542cfdf32a8de75f4b,/path/to/Diffusion-TS/Utils/predictive_metric.py,125.29153871536255,1
Diffusion-TS,AirQuality,128,123,100004,context_fid,0,0.8378298294400733,True,4096,5afe3b08282b3892cd469742e000c4f1d5bc811df0531b8e9f27f911568f0272,06ffef3aff7109eb85ad85665a74c1b4620513530aa56ab68b741afa3d15775f,/path/to/PETS-FFT-Ablation/results/final_unconditional_main_v1/evaluators/AirQuality/T128/ts2vec_seed_0.pt,1.3254292011260986,0
Diffusion-TS,AirQuality,128,123,100004,context_fid,42,0.9778219880365794,True,4096,5afe3b08282b3892cd469742e000c4f1d5bc811df0531b8e9f27f911568f0272,06ffef3aff7109eb85ad85665a74c1b4620513530aa56ab68b741afa3d15775f,/path/to/PETS-FFT-Ablation/results/final_unconditional_main_v1/evaluators/AirQuality/T128/ts2vec_seed_42.pt,1.3501410484313965,2
Diffusion-TS,AirQuality,128,123,100004,context_fid,123,0.8218765878869039,True,4096,5afe3b08282b3892cd469742e000c4f1d5bc811df0531b8e9f27f911568f0272,06ffef3aff7109eb85ad85665a74c1b4620513530aa56ab68b741afa3d15775f,/path/to/PETS-FFT-Ablation/results/final_unconditional_main_v1/evaluators/AirQuality/T128/ts2vec_seed_123.pt,1.3942010402679443,0
Diffusion-TS,AirQuality,128,123,100004,correlation_score,-1,0.15391406416893005,True,4096,5afe3b08282b3892cd469742e000c4f1d5bc811df0531b8e9f27f911568f0272,06ffef3aff7109eb85ad85665a74c1b4620513530aa56ab68b741afa3d15775f,/path/to/Diffusion-TS/Utils/cross_correlation.py,0.12404727935791016,0
Diffusion-TS,AirQuality,128,123,100004,discriminative_score,0,0.33292682926829265,True,4096,5afe3b08282b3892cd469742e000c4f1d5bc811df0531b8e9f27f911568f0272,06ffef3aff7109eb85ad85665a74c1b4620513530aa56ab68b741afa3d15775f,/path/to/Diffusion-TS/Utils/discriminative_metric.py,60.60839891433716,2
Diffusion-TS,AirQuality,128,123,100004,discriminative_score,42,0.21768292682926826,True,4096,5afe3b08282b3892cd469742e000c4f1d5bc811df0531b8e9f27f911568f0272,06ffef3aff7109eb85ad85665a74c1b4620513530aa56ab68b741afa3d15775f,/path/to/Diffusion-TS/Utils/discriminative_metric.py,60.59137582778931,1
Diffusion-TS,AirQuality,128,123,100004,discriminative_score,123,0.21829268292682924,True,4096,5afe3b08282b3892cd469742e000c4f1d5bc811df0531b8e9f27f911568f0272,06ffef3aff7109eb85ad85665a74c1b4620513530aa56ab68b741afa3d15775f,/path/to/Diffusion-TS/Utils/discriminative_metric.py,60.35940480232239,0
Diffusion-TS,AirQuality,128,123,100004,predictive_score,0,0.019902240094211265,True,4096,5afe3b08282b3892cd469742e000c4f1d5bc811df0531b8e9f27f911568f0272,06ffef3aff7109eb85ad85665a74c1b4620513530aa56ab68b741afa3d15775f,/path/to/Diffusion-TS/Utils/predictive_metric.py,126.64731764793396,2
Diffusion-TS,AirQuality,128,123,100004,predictive_score,42,0.02212167474385751,True,4096,5afe3b08282b3892cd469742e000c4f1d5bc811df0531b8e9f27f911568f0272,06ffef3aff7109eb85ad85665a74c1b4620513530aa56ab68b741afa3d15775f,/path/to/Diffusion-TS/Utils/predictive_metric.py,127.16225934028625,1
Diffusion-TS,AirQuality,128,123,100004,predictive_score,123,0.021437302427671057,True,4096,5afe3b08282b3892cd469742e000c4f1d5bc811df0531b8e9f27f911568f0272,06ffef3aff7109eb85ad85665a74c1b4620513530aa56ab68b741afa3d15775f,/path/to/Diffusion-TS/Utils/predictive_metric.py,125.46495747566223,0
PETS-U,AirQuality,128,0,100000,context_fid,0,0.4830007251261847,True,4096,5afe3b08282b3892cd469742e000c4f1d5bc811df0531b8e9f27f911568f0272,7b6fd5a6d42085991c68d8879ff4e30ba81a6e76047afa8cc80b4e71959c01a4,/path/to/PETS-FFT-Ablation/results/final_unconditional_main_v1/evaluators/AirQuality/T128/ts2vec_seed_0.pt,1.272244930267334,2
PETS-U,AirQuality,128,0,100000,context_fid,42,0.4993625000080472,True,4096,5afe3b08282b3892cd469742e000c4f1d5bc811df0531b8e9f27f911568f0272,7b6fd5a6d42085991c68d8879ff4e30ba81a6e76047afa8cc80b4e71959c01a4,/path/to/PETS-FFT-Ablation/results/final_unconditional_main_v1/evaluators/AirQuality/T128/ts2vec_seed_42.pt,1.2898316383361816,0
PETS-U,AirQuality,128,0,100000,context_fid,123,0.47629700296324257,True,4096,5afe3b08282b3892cd469742e000c4f1d5bc811df0531b8e9f27f911568f0272,7b6fd5a6d42085991c68d8879ff4e30ba81a6e76047afa8cc80b4e71959c01a4,/path/to/PETS-FFT-Ablation/results/final_unconditional_main_v1/evaluators/AirQuality/T128/ts2vec_seed_123.pt,1.4977121353149414,1
PETS-U,AirQuality,128,0,100000,correlation_score,-1,0.10416160523891449,True,4096,5afe3b08282b3892cd469742e000c4f1d5bc811df0531b8e9f27f911568f0272,7b6fd5a6d42085991c68d8879ff4e30ba81a6e76047afa8cc80b4e71959c01a4,/path/to/Diffusion-TS/Utils/cross_correlation.py,0.1170492172241211,2
PETS-U,AirQuality,128,0,100000,discriminative_score,0,0.21341463414634143,True,4096,5afe3b08282b3892cd469742e000c4f1d5bc811df0531b8e9f27f911568f0272,7b6fd5a6d42085991c68d8879ff4e30ba81a6e76047afa8cc80b4e71959c01a4,/path/to/Diffusion-TS/Utils/discriminative_metric.py,61.025686740875244,2
PETS-U,AirQuality,128,0,100000,discriminative_score,42,0.20243902439024386,True,4096,5afe3b08282b3892cd469742e000c4f1d5bc811df0531b8e9f27f911568f0272,7b6fd5a6d42085991c68d8879ff4e30ba81a6e76047afa8cc80b4e71959c01a4,/path/to/Diffusion-TS/Utils/discriminative_metric.py,59.49506330490112,0
PETS-U,AirQuality,128,0,100000,discriminative_score,123,0.14756097560975612,True,4096,5afe3b08282b3892cd469742e000c4f1d5bc811df0531b8e9f27f911568f0272,7b6fd5a6d42085991c68d8879ff4e30ba81a6e76047afa8cc80b4e71959c01a4,/path/to/Diffusion-TS/Utils/discriminative_metric.py,60.32232141494751,1
PETS-U,AirQuality,128,0,100000,predictive_score,0,0.01985863536276611,True,4096,5afe3b08282b3892cd469742e000c4f1d5bc811df0531b8e9f27f911568f0272,7b6fd5a6d42085991c68d8879ff4e30ba81a6e76047afa8cc80b4e71959c01a4,/path/to/Diffusion-TS/Utils/predictive_metric.py,125.80932641029358,0
PETS-U,AirQuality,128,0,100000,predictive_score,42,0.02045709428216469,True,4096,5afe3b08282b3892cd469742e000c4f1d5bc811df0531b8e9f27f911568f0272,7b6fd5a6d42085991c68d8879ff4e30ba81a6e76047afa8cc80b4e71959c01a4,/path/to/Diffusion-TS/Utils/predictive_metric.py,124.42327237129211,2
PETS-U,AirQuality,128,0,100000,predictive_score,123,0.021356842082809635,True,4096,5afe3b08282b3892cd469742e000c4f1d5bc811df0531b8e9f27f911568f0272,7b6fd5a6d42085991c68d8879ff4e30ba81a6e76047afa8cc80b4e71959c01a4,/path/to/Diffusion-TS/Utils/predictive_metric.py,128.61145687103271,1
PETS-U,AirQuality,128,0,100001,context_fid,0,0.4852750998949061,True,4096,5afe3b08282b3892cd469742e000c4f1d5bc811df0531b8e9f27f911568f0272,3b8d370ea0aa2d137e7e8c858d5957166fe8f0bd034701777d36d1f6051bb36b,/path/to/PETS-FFT-Ablation/results/final_unconditional_main_v1/evaluators/AirQuality/T128/ts2vec_seed_0.pt,1.3412189483642578,2
PETS-U,AirQuality,128,0,100001,context_fid,42,0.5036987401670787,True,4096,5afe3b08282b3892cd469742e000c4f1d5bc811df0531b8e9f27f911568f0272,3b8d370ea0aa2d137e7e8c858d5957166fe8f0bd034701777d36d1f6051bb36b,/path/to/PETS-FFT-Ablation/results/final_unconditional_main_v1/evaluators/AirQuality/T128/ts2vec_seed_42.pt,1.3200507164001465,0
PETS-U,AirQuality,128,0,100001,context_fid,123,0.4793692138798012,True,4096,5afe3b08282b3892cd469742e000c4f1d5bc811df0531b8e9f27f911568f0272,3b8d370ea0aa2d137e7e8c858d5957166fe8f0bd034701777d36d1f6051bb36b,/path/to/PETS-FFT-Ablation/results/final_unconditional_main_v1/evaluators/AirQuality/T128/ts2vec_seed_123.pt,1.4416749477386475,2
PETS-U,AirQuality,128,0,100001,correlation_score,-1,0.10656879842281342,True,4096,5afe3b08282b3892cd469742e000c4f1d5bc811df0531b8e9f27f911568f0272,3b8d370ea0aa2d137e7e8c858d5957166fe8f0bd034701777d36d1f6051bb36b,/path/to/Diffusion-TS/Utils/cross_correlation.py,0.12090277671813965,2
PETS-U,AirQuality,128,0,100001,discriminative_score,0,0.20548780487804874,True,4096,5afe3b08282b3892cd469742e000c4f1d5bc811df0531b8e9f27f911568f0272,3b8d370ea0aa2d137e7e8c858d5957166fe8f0bd034701777d36d1f6051bb36b,/path/to/Diffusion-TS/Utils/discriminative_metric.py,59.632065296173096,0
PETS-U,AirQuality,128,0,100001,discriminative_score,42,0.19817073170731703,True,4096,5afe3b08282b3892cd469742e000c4f1d5bc811df0531b8e9f27f911568f0272,3b8d370ea0aa2d137e7e8c858d5957166fe8f0bd034701777d36d1f6051bb36b,/path/to/Diffusion-TS/Utils/discriminative_metric.py,60.44081449508667,2
PETS-U,AirQuality,128,0,100001,discriminative_score,123,0.15609756097560978,True,4096,5afe3b08282b3892cd469742e000c4f1d5bc811df0531b8e9f27f911568f0272,3b8d370ea0aa2d137e7e8c858d5957166fe8f0bd034701777d36d1f6051bb36b,/path/to/Diffusion-TS/Utils/discriminative_metric.py,59.4143283367157,1
PETS-U,AirQuality,128,0,100001,predictive_score,0,0.019657244825566522,True,4096,5afe3b08282b3892cd469742e000c4f1d5bc811df0531b8e9f27f911568f0272,3b8d370ea0aa2d137e7e8c858d5957166fe8f0bd034701777d36d1f6051bb36b,/path/to/Diffusion-TS/Utils/predictive_metric.py,125.28411436080933,0
PETS-U,AirQuality,128,0,100001,predictive_score,42,0.020504285752735996,True,4096,5afe3b08282b3892cd469742e000c4f1d5bc811df0531b8e9f27f911568f0272,3b8d370ea0aa2d137e7e8c858d5957166fe8f0bd034701777d36d1f6051bb36b,/path/to/Diffusion-TS/Utils/predictive_metric.py,127.82380390167236,2
PETS-U,AirQuality,128,0,100001,predictive_score,123,0.021245971565576838,True,4096,5afe3b08282b3892cd469742e000c4f1d5bc811df0531b8e9f27f911568f0272,3b8d370ea0aa2d137e7e8c858d5957166fe8f0bd034701777d36d1f6051bb36b,/path/to/Diffusion-TS/Utils/predictive_metric.py,125.39158773422241,1
PETS-U,AirQuality,128,0,100002,context_fid,0,0.517740061538447,True,4096,5afe3b08282b3892cd469742e000c4f1d5bc811df0531b8e9f27f911568f0272,fca0a0f17d34b0dd65a71a7d093ca663574a331edc8b5c623470c046d4d8ac33,/path/to/PETS-FFT-Ablation/results/final_unconditional_main_v1/evaluators/AirQuality/T128/ts2vec_seed_0.pt,1.3404841423034668,0
PETS-U,AirQuality,128,0,100002,context_fid,42,0.532857080921383,True,4096,5afe3b08282b3892cd469742e000c4f1d5bc811df0531b8e9f27f911568f0272,fca0a0f17d34b0dd65a71a7d093ca663574a331edc8b5c623470c046d4d8ac33,/path/to/PETS-FFT-Ablation/results/final_unconditional_main_v1/evaluators/AirQuality/T128/ts2vec_seed_42.pt,1.3571240901947021,0
PETS-U,AirQuality,128,0,100002,context_fid,123,0.5046662553609998,True,4096,5afe3b08282b3892cd469742e000c4f1d5bc811df0531b8e9f27f911568f0272,fca0a0f17d34b0dd65a71a7d093ca663574a331edc8b5c623470c046d4d8ac33,/path/to/PETS-FFT-Ablation/results/final_unconditional_main_v1/evaluators/AirQuality/T128/ts2vec_seed_123.pt,1.447896957397461,1
PETS-U,AirQuality,128,0,100002,correlation_score,-1,0.11522793769836426,True,4096,5afe3b08282b3892cd469742e000c4f1d5bc811df0531b8e9f27f911568f0272,fca0a0f17d34b0dd65a71a7d093ca663574a331edc8b5c623470c046d4d8ac33,/path/to/Diffusion-TS/Utils/cross_correlation.py,0.12320828437805176,0
PETS-U,AirQuality,128,0,100002,discriminative_score,0,0.21036585365853655,True,4096,5afe3b08282b3892cd469742e000c4f1d5bc811df0531b8e9f27f911568f0272,fca0a0f17d34b0dd65a71a7d093ca663574a331edc8b5c623470c046d4d8ac33,/path/to/Diffusion-TS/Utils/discriminative_metric.py,60.51584577560425,0
PETS-U,AirQuality,128,0,100002,discriminative_score,42,0.18719512195121957,True,4096,5afe3b08282b3892cd469742e000c4f1d5bc811df0531b8e9f27f911568f0272,fca0a0f17d34b0dd65a71a7d093ca663574a331edc8b5c623470c046d4d8ac33,/path/to/Diffusion-TS/Utils/discriminative_metric.py,60.653685092926025,1
PETS-U,AirQuality,128,0,100002,discriminative_score,123,0.125,True,4096,5afe3b08282b3892cd469742e000c4f1d5bc811df0531b8e9f27f911568f0272,fca0a0f17d34b0dd65a71a7d093ca663574a331edc8b5c623470c046d4d8ac33,/path/to/Diffusion-TS/Utils/discriminative_metric.py,59.92107701301575,2
PETS-U,AirQuality,128,0,100002,predictive_score,0,0.019587770624525547,True,4096,5afe3b08282b3892cd469742e000c4f1d5bc811df0531b8e9f27f911568f0272,fca0a0f17d34b0dd65a71a7d093ca663574a331edc8b5c623470c046d4d8ac33,/path/to/Diffusion-TS/Utils/predictive_metric.py,125.0530219078064,0
PETS-U,AirQuality,128,0,100002,predictive_score,42,0.020606014164172848,True,4096,5afe3b08282b3892cd469742e000c4f1d5bc811df0531b8e9f27f911568f0272,fca0a0f17d34b0dd65a71a7d093ca663574a331edc8b5c623470c046d4d8ac33,/path/to/Diffusion-TS/Utils/predictive_metric.py,125.84719586372375,2
PETS-U,AirQuality,128,0,100002,predictive_score,123,0.02117242052338497,True,4096,5afe3b08282b3892cd469742e000c4f1d5bc811df0531b8e9f27f911568f0272,fca0a0f17d34b0dd65a71a7d093ca663574a331edc8b5c623470c046d4d8ac33,/path/to/Diffusion-TS/Utils/predictive_metric.py,126.17494297027588,1
PETS-U,AirQuality,128,0,100003,context_fid,0,0.5112737634185535,True,4096,5afe3b08282b3892cd469742e000c4f1d5bc811df0531b8e9f27f911568f0272,57029a23e26631f520476f0fcf563e0fd4ff245d9292a706db5e67254ffa23f4,/path/to/PETS-FFT-Ablation/results/final_unconditional_main_v1/evaluators/AirQuality/T128/ts2vec_seed_0.pt,1.2673451900482178,0
PETS-U,AirQuality,128,0,100003,context_fid,42,0.5196695815666222,True,4096,5afe3b08282b3892cd469742e000c4f1d5bc811df0531b8e9f27f911568f0272,57029a23e26631f520476f0fcf563e0fd4ff245d9292a706db5e67254ffa23f4,/path/to/PETS-FFT-Ablation/results/final_unconditional_main_v1/evaluators/AirQuality/T128/ts2vec_seed_42.pt,1.3262484073638916,0
PETS-U,AirQuality,128,0,100003,context_fid,123,0.4965472352483329,True,4096,5afe3b08282b3892cd469742e000c4f1d5bc811df0531b8e9f27f911568f0272,57029a23e26631f520476f0fcf563e0fd4ff245d9292a706db5e67254ffa23f4,/path/to/PETS-FFT-Ablation/results/final_unconditional_main_v1/evaluators/AirQuality/T128/ts2vec_seed_123.pt,1.3773586750030518,2
PETS-U,AirQuality,128,0,100003,correlation_score,-1,0.11365704238414764,True,4096,5afe3b08282b3892cd469742e000c4f1d5bc811df0531b8e9f27f911568f0272,57029a23e26631f520476f0fcf563e0fd4ff245d9292a706db5e67254ffa23f4,/path/to/Diffusion-TS/Utils/cross_correlation.py,0.1226041316986084,0
PETS-U,AirQuality,128,0,100003,discriminative_score,0,0.22073170731707314,True,4096,5afe3b08282b3892cd469742e000c4f1d5bc811df0531b8e9f27f911568f0272,57029a23e26631f520476f0fcf563e0fd4ff245d9292a706db5e67254ffa23f4,/path/to/Diffusion-TS/Utils/discriminative_metric.py,61.21825957298279,1
PETS-U,AirQuality,128,0,100003,discriminative_score,42,0.18231707317073176,True,4096,5afe3b08282b3892cd469742e000c4f1d5bc811df0531b8e9f27f911568f0272,57029a23e26631f520476f0fcf563e0fd4ff245d9292a706db5e67254ffa23f4,/path/to/Diffusion-TS/Utils/discriminative_metric.py,61.19973611831665,0
PETS-U,AirQuality,128,0,100003,discriminative_score,123,0.15609756097560978,True,4096,5afe3b08282b3892cd469742e000c4f1d5bc811df0531b8e9f27f911568f0272,57029a23e26631f520476f0fcf563e0fd4ff245d9292a706db5e67254ffa23f4,/path/to/Diffusion-TS/Utils/discriminative_metric.py,60.803038358688354,2
PETS-U,AirQuality,128,0,100003,predictive_score,0,0.019745184736621013,True,4096,5afe3b08282b3892cd469742e000c4f1d5bc811df0531b8e9f27f911568f0272,57029a23e26631f520476f0fcf563e0fd4ff245d9292a706db5e67254ffa23f4,/path/to/Diffusion-TS/Utils/predictive_metric.py,126.02683281898499,1
PETS-U,AirQuality,128,0,100003,predictive_score,42,0.02035622762434741,True,4096,5afe3b08282b3892cd469742e000c4f1d5bc811df0531b8e9f27f911568f0272,57029a23e26631f520476f0fcf563e0fd4ff245d9292a706db5e67254ffa23f4,/path/to/Diffusion-TS/Utils/predictive_metric.py,124.24693655967712,0
PETS-U,AirQuality,128,0,100003,predictive_score,123,0.02117151174661558,True,4096,5afe3b08282b3892cd469742e000c4f1d5bc811df0531b8e9f27f911568f0272,57029a23e26631f520476f0fcf563e0fd4ff245d9292a706db5e67254ffa23f4,/path/to/Diffusion-TS/Utils/predictive_metric.py,124.07866549491882,2
PETS-U,AirQuality,128,0,100004,context_fid,0,0.47568616583167167,True,4096,5afe3b08282b3892cd469742e000c4f1d5bc811df0531b8e9f27f911568f0272,cad0ab70163687c2fa679748e67b79e6dfe1b2b831e36005a4060a1f52c143b8,/path/to/PETS-FFT-Ablation/results/final_unconditional_main_v1/evaluators/AirQuality/T128/ts2vec_seed_0.pt,1.2296476364135742,0
PETS-U,AirQuality,128,0,100004,context_fid,42,0.4866363778960485,True,4096,5afe3b08282b3892cd469742e000c4f1d5bc811df0531b8e9f27f911568f0272,cad0ab70163687c2fa679748e67b79e6dfe1b2b831e36005a4060a1f52c143b8,/path/to/PETS-FFT-Ablation/results/final_unconditional_main_v1/evaluators/AirQuality/T128/ts2vec_seed_42.pt,1.384169340133667,2
PETS-U,AirQuality,128,0,100004,context_fid,123,0.4653992522939914,True,4096,5afe3b08282b3892cd469742e000c4f1d5bc811df0531b8e9f27f911568f0272,cad0ab70163687c2fa679748e67b79e6dfe1b2b831e36005a4060a1f52c143b8,/path/to/PETS-FFT-Ablation/results/final_unconditional_main_v1/evaluators/AirQuality/T128/ts2vec_seed_123.pt,1.5639305114746094,0
PETS-U,AirQuality,128,0,100004,correlation_score,-1,0.10512956231832504,True,4096,5afe3b08282b3892cd469742e000c4f1d5bc811df0531b8e9f27f911568f0272,cad0ab70163687c2fa679748e67b79e6dfe1b2b831e36005a4060a1f52c143b8,/path/to/Diffusion-TS/Utils/cross_correlation.py,0.12321949005126953,2
PETS-U,AirQuality,128,0,100004,discriminative_score,0,0.20609756097560972,True,4096,5afe3b08282b3892cd469742e000c4f1d5bc811df0531b8e9f27f911568f0272,cad0ab70163687c2fa679748e67b79e6dfe1b2b831e36005a4060a1f52c143b8,/path/to/Diffusion-TS/Utils/discriminative_metric.py,60.43791389465332,1
PETS-U,AirQuality,128,0,100004,discriminative_score,42,0.2091463414634146,True,4096,5afe3b08282b3892cd469742e000c4f1d5bc811df0531b8e9f27f911568f0272,cad0ab70163687c2fa679748e67b79e6dfe1b2b831e36005a4060a1f52c143b8,/path/to/Diffusion-TS/Utils/discriminative_metric.py,60.725985288619995,2
PETS-U,AirQuality,128,0,100004,discriminative_score,123,0.1481707317073171,True,4096,5afe3b08282b3892cd469742e000c4f1d5bc811df0531b8e9f27f911568f0272,cad0ab70163687c2fa679748e67b79e6dfe1b2b831e36005a4060a1f52c143b8,/path/to/Diffusion-TS/Utils/discriminative_metric.py,60.38331317901611,0
PETS-U,AirQuality,128,0,100004,predictive_score,0,0.01961219395855096,True,4096,5afe3b08282b3892cd469742e000c4f1d5bc811df0531b8e9f27f911568f0272,cad0ab70163687c2fa679748e67b79e6dfe1b2b831e36005a4060a1f52c143b8,/path/to/Diffusion-TS/Utils/predictive_metric.py,122.54716300964355,1
PETS-U,AirQuality,128,0,100004,predictive_score,42,0.020445836027420228,True,4096,5afe3b08282b3892cd469742e000c4f1d5bc811df0531b8e9f27f911568f0272,cad0ab70163687c2fa679748e67b79e6dfe1b2b831e36005a4060a1f52c143b8,/path/to/Diffusion-TS/Utils/predictive_metric.py,127.53544878959656,2
PETS-U,AirQuality,128,0,100004,predictive_score,123,0.021210609284139537,True,4096,5afe3b08282b3892cd469742e000c4f1d5bc811df0531b8e9f27f911568f0272,cad0ab70163687c2fa679748e67b79e6dfe1b2b831e36005a4060a1f52c143b8,/path/to/Diffusion-TS/Utils/predictive_metric.py,126.95741534233093,0
PETS-U,AirQuality,128,42,100000,context_fid,0,0.5312784637248721,True,4096,5afe3b08282b3892cd469742e000c4f1d5bc811df0531b8e9f27f911568f0272,2eeb070017ea159b8b37c32fd448c8676e935ecf5b3b0f32ac022dce651ef31a,/path/to/PETS-FFT-Ablation/results/final_unconditional_main_v1/evaluators/AirQuality/T128/ts2vec_seed_0.pt,1.452026605606079,1
PETS-U,AirQuality,128,42,100000,context_fid,42,0.5535970907178209,True,4096,5afe3b08282b3892cd469742e000c4f1d5bc811df0531b8e9f27f911568f0272,2eeb070017ea159b8b37c32fd448c8676e935ecf5b3b0f32ac022dce651ef31a,/path/to/PETS-FFT-Ablation/results/final_unconditional_main_v1/evaluators/AirQuality/T128/ts2vec_seed_42.pt,1.3990538120269775,1
PETS-U,AirQuality,128,42,100000,context_fid,123,0.5315467423090812,True,4096,5afe3b08282b3892cd469742e000c4f1d5bc811df0531b8e9f27f911568f0272,2eeb070017ea159b8b37c32fd448c8676e935ecf5b3b0f32ac022dce651ef31a,/path/to/PETS-FFT-Ablation/results/final_unconditional_main_v1/evaluators/AirQuality/T128/ts2vec_seed_123.pt,1.3831555843353271,1
PETS-U,AirQuality,128,42,100000,correlation_score,-1,0.11032392084598541,True,4096,5afe3b08282b3892cd469742e000c4f1d5bc811df0531b8e9f27f911568f0272,2eeb070017ea159b8b37c32fd448c8676e935ecf5b3b0f32ac022dce651ef31a,/path/to/Diffusion-TS/Utils/cross_correlation.py,0.12717127799987793,1
PETS-U,AirQuality,128,42,100000,discriminative_score,0,0.2603658536585366,True,4096,5afe3b08282b3892cd469742e000c4f1d5bc811df0531b8e9f27f911568f0272,2eeb070017ea159b8b37c32fd448c8676e935ecf5b3b0f32ac022dce651ef31a,/path/to/Diffusion-TS/Utils/discriminative_metric.py,60.0429801940918,1
PETS-U,AirQuality,128,42,100000,discriminative_score,42,0.2530487804878049,True,4096,5afe3b08282b3892cd469742e000c4f1d5bc811df0531b8e9f27f911568f0272,2eeb070017ea159b8b37c32fd448c8676e935ecf5b3b0f32ac022dce651ef31a,/path/to/Diffusion-TS/Utils/discriminative_metric.py,60.77395296096802,2
PETS-U,AirQuality,128,42,100000,discriminative_score,123,0.17926829268292688,True,4096,5afe3b08282b3892cd469742e000c4f1d5bc811df0531b8e9f27f911568f0272,2eeb070017ea159b8b37c32fd448c8676e935ecf5b3b0f32ac022dce651ef31a,/path/to/Diffusion-TS/Utils/discriminative_metric.py,60.43815493583679,0
PETS-U,AirQuality,128,42,100000,predictive_score,0,0.02001154290701379,True,4096,5afe3b08282b3892cd469742e000c4f1d5bc811df0531b8e9f27f911568f0272,2eeb070017ea159b8b37c32fd448c8676e935ecf5b3b0f32ac022dce651ef31a,/path/to/Diffusion-TS/Utils/predictive_metric.py,126.4487726688385,1
PETS-U,AirQuality,128,42,100000,predictive_score,42,0.020232807837942346,True,4096,5afe3b08282b3892cd469742e000c4f1d5bc811df0531b8e9f27f911568f0272,2eeb070017ea159b8b37c32fd448c8676e935ecf5b3b0f32ac022dce651ef31a,/path/to/Diffusion-TS/Utils/predictive_metric.py,125.24258136749268,2
PETS-U,AirQuality,128,42,100000,predictive_score,123,0.02172875536950869,True,4096,5afe3b08282b3892cd469742e000c4f1d5bc811df0531b8e9f27f911568f0272,2eeb070017ea159b8b37c32fd448c8676e935ecf5b3b0f32ac022dce651ef31a,/path/to/Diffusion-TS/Utils/predictive_metric.py,125.10723400115967,0
PETS-U,AirQuality,128,42,100001,context_fid,0,0.4725174337748814,True,4096,5afe3b08282b3892cd469742e000c4f1d5bc811df0531b8e9f27f911568f0272,e8450c5e71c3e77994e1e054583e442c650908652aa096b91887fcd36f1897b0,/path/to/PETS-FFT-Ablation/results/final_unconditional_main_v1/evaluators/AirQuality/T128/ts2vec_seed_0.pt,1.265444278717041,1
PETS-U,AirQuality,128,42,100001,context_fid,42,0.4964154082151706,True,4096,5afe3b08282b3892cd469742e000c4f1d5bc811df0531b8e9f27f911568f0272,e8450c5e71c3e77994e1e054583e442c650908652aa096b91887fcd36f1897b0,/path/to/PETS-FFT-Ablation/results/final_unconditional_main_v1/evaluators/AirQuality/T128/ts2vec_seed_42.pt,1.5501344203948975,0
PETS-U,AirQuality,128,42,100001,context_fid,123,0.4804078196101498,True,4096,5afe3b08282b3892cd469742e000c4f1d5bc811df0531b8e9f27f911568f0272,e8450c5e71c3e77994e1e054583e442c650908652aa096b91887fcd36f1897b0,/path/to/PETS-FFT-Ablation/results/final_unconditional_main_v1/evaluators/AirQuality/T128/ts2vec_seed_123.pt,1.3755466938018799,2
PETS-U,AirQuality,128,42,100001,correlation_score,-1,0.1040196567773819,True,4096,5afe3b08282b3892cd469742e000c4f1d5bc811df0531b8e9f27f911568f0272,e8450c5e71c3e77994e1e054583e442c650908652aa096b91887fcd36f1897b0,/path/to/Diffusion-TS/Utils/cross_correlation.py,0.1213996410369873,1
PETS-U,AirQuality,128,42,100001,discriminative_score,0,0.24939024390243902,True,4096,5afe3b08282b3892cd469742e000c4f1d5bc811df0531b8e9f27f911568f0272,e8450c5e71c3e77994e1e054583e442c650908652aa096b91887fcd36f1897b0,/path/to/Diffusion-TS/Utils/discriminative_metric.py,60.805965185165405,1
PETS-U,AirQuality,128,42,100001,discriminative_score,42,0.2426829268292683,True,4096,5afe3b08282b3892cd469742e000c4f1d5bc811df0531b8e9f27f911568f0272,e8450c5e71c3e77994e1e054583e442c650908652aa096b91887fcd36f1897b0,/path/to/Diffusion-TS/Utils/discriminative_metric.py,59.933430194854736,2
PETS-U,AirQuality,128,42,100001,discriminative_score,123,0.19573170731707312,True,4096,5afe3b08282b3892cd469742e000c4f1d5bc811df0531b8e9f27f911568f0272,e8450c5e71c3e77994e1e054583e442c650908652aa096b91887fcd36f1897b0,/path/to/Diffusion-TS/Utils/discriminative_metric.py,59.51956486701965,0
PETS-U,AirQuality,128,42,100001,predictive_score,0,0.01987396459333013,True,4096,5afe3b08282b3892cd469742e000c4f1d5bc811df0531b8e9f27f911568f0272,e8450c5e71c3e77994e1e054583e442c650908652aa096b91887fcd36f1897b0,/path/to/Diffusion-TS/Utils/predictive_metric.py,125.74456405639648,0
PETS-U,AirQuality,128,42,100001,predictive_score,42,0.02062526206441362,True,4096,5afe3b08282b3892cd469742e000c4f1d5bc811df0531b8e9f27f911568f0272,e8450c5e71c3e77994e1e054583e442c650908652aa096b91887fcd36f1897b0,/path/to/Diffusion-TS/Utils/predictive_metric.py,125.35901260375977,2
PETS-U,AirQuality,128,42,100001,predictive_score,123,0.021415247154095596,True,4096,5afe3b08282b3892cd469742e000c4f1d5bc811df0531b8e9f27f911568f0272,e8450c5e71c3e77994e1e054583e442c650908652aa096b91887fcd36f1897b0,/path/to/Diffusion-TS/Utils/predictive_metric.py,123.78016114234924,1
PETS-U,AirQuality,128,42,100002,context_fid,0,0.5022469175302526,True,4096,5afe3b08282b3892cd469742e000c4f1d5bc811df0531b8e9f27f911568f0272,71b0941835fe1e0a5d690a8674c90716bb76b0ad60b096ea588e6a8d726795c6,/path/to/PETS-FFT-Ablation/results/final_unconditional_main_v1/evaluators/AirQuality/T128/ts2vec_seed_0.pt,1.4976272583007812,1
PETS-U,AirQuality,128,42,100002,context_fid,42,0.5293374285460708,True,4096,5afe3b08282b3892cd469742e000c4f1d5bc811df0531b8e9f27f911568f0272,71b0941835fe1e0a5d690a8674c90716bb76b0ad60b096ea588e6a8d726795c6,/path/to/PETS-FFT-Ablation/results/final_unconditional_main_v1/evaluators/AirQuality/T128/ts2vec_seed_42.pt,1.4066729545593262,2
PETS-U,AirQuality,128,42,100002,context_fid,123,0.5093951692155875,True,4096,5afe3b08282b3892cd469742e000c4f1d5bc811df0531b8e9f27f911568f0272,71b0941835fe1e0a5d690a8674c90716bb76b0ad60b096ea588e6a8d726795c6,/path/to/PETS-FFT-Ablation/results/final_unconditional_main_v1/evaluators/AirQuality/T128/ts2vec_seed_123.pt,1.4397344589233398,0
PETS-U,AirQuality,128,42,100002,correlation_score,-1,0.10857043415307999,True,4096,5afe3b08282b3892cd469742e000c4f1d5bc811df0531b8e9f27f911568f0272,71b0941835fe1e0a5d690a8674c90716bb76b0ad60b096ea588e6a8d726795c6,/path/to/Diffusion-TS/Utils/cross_correlation.py,0.12302184104919434,1
PETS-U,AirQuality,128,42,100002,discriminative_score,0,0.2603658536585366,True,4096,5afe3b08282b3892cd469742e000c4f1d5bc811df0531b8e9f27f911568f0272,71b0941835fe1e0a5d690a8674c90716bb76b0ad60b096ea588e6a8d726795c6,/path/to/Diffusion-TS/Utils/discriminative_metric.py,60.69924592971802,1
PETS-U,AirQuality,128,42,100002,discriminative_score,42,0.24695121951219512,True,4096,5afe3b08282b3892cd469742e000c4f1d5bc811df0531b8e9f27f911568f0272,71b0941835fe1e0a5d690a8674c90716bb76b0ad60b096ea588e6a8d726795c6,/path/to/Diffusion-TS/Utils/discriminative_metric.py,60.648579359054565,2
PETS-U,AirQuality,128,42,100002,discriminative_score,123,0.18536585365853664,True,4096,5afe3b08282b3892cd469742e000c4f1d5bc811df0531b8e9f27f911568f0272,71b0941835fe1e0a5d690a8674c90716bb76b0ad60b096ea588e6a8d726795c6,/path/to/Diffusion-TS/Utils/discriminative_metric.py,59.753172636032104,0
PETS-U,AirQuality,128,42,100002,predictive_score,0,0.019702022958995258,True,4096,5afe3b08282b3892cd469742e000c4f1d5bc811df0531b8e9f27f911568f0272,71b0941835fe1e0a5d690a8674c90716bb76b0ad60b096ea588e6a8d726795c6,/path/to/Diffusion-TS/Utils/predictive_metric.py,124.96478295326233,1
PETS-U,AirQuality,128,42,100002,predictive_score,42,0.020361299147680256,True,4096,5afe3b08282b3892cd469742e000c4f1d5bc811df0531b8e9f27f911568f0272,71b0941835fe1e0a5d690a8674c90716bb76b0ad60b096ea588e6a8d726795c6,/path/to/Diffusion-TS/Utils/predictive_metric.py,125.94008660316467,0
PETS-U,AirQuality,128,42,100002,predictive_score,123,0.021497268083408017,True,4096,5afe3b08282b3892cd469742e000c4f1d5bc811df0531b8e9f27f911568f0272,71b0941835fe1e0a5d690a8674c90716bb76b0ad60b096ea588e6a8d726795c6,/path/to/Diffusion-TS/Utils/predictive_metric.py,125.46150994300842,2
PETS-U,AirQuality,128,42,100003,context_fid,0,0.5087575097678487,True,4096,5afe3b08282b3892cd469742e000c4f1d5bc811df0531b8e9f27f911568f0272,6cde61a19cfb4c2cbbc4bbee4e5a503d9c62093f728bdbf99b96af5c6466c294,/path/to/PETS-FFT-Ablation/results/final_unconditional_main_v1/evaluators/AirQuality/T128/ts2vec_seed_0.pt,1.271864414215088,1
PETS-U,AirQuality,128,42,100003,context_fid,42,0.5490616543388578,True,4096,5afe3b08282b3892cd469742e000c4f1d5bc811df0531b8e9f27f911568f0272,6cde61a19cfb4c2cbbc4bbee4e5a503d9c62093f728bdbf99b96af5c6466c294,/path/to/PETS-FFT-Ablation/results/final_unconditional_main_v1/evaluators/AirQuality/T128/ts2vec_seed_42.pt,1.3543791770935059,0
PETS-U,AirQuality,128,42,100003,context_fid,123,0.5250855285122235,True,4096,5afe3b08282b3892cd469742e000c4f1d5bc811df0531b8e9f27f911568f0272,6cde61a19cfb4c2cbbc4bbee4e5a503d9c62093f728bdbf99b96af5c6466c294,/path/to/PETS-FFT-Ablation/results/final_unconditional_main_v1/evaluators/AirQuality/T128/ts2vec_seed_123.pt,1.4545314311981201,1
PETS-U,AirQuality,128,42,100003,correlation_score,-1,0.10708367824554443,True,4096,5afe3b08282b3892cd469742e000c4f1d5bc811df0531b8e9f27f911568f0272,6cde61a19cfb4c2cbbc4bbee4e5a503d9c62093f728bdbf99b96af5c6466c294,/path/to/Diffusion-TS/Utils/cross_correlation.py,0.1215970516204834,1
PETS-U,AirQuality,128,42,100003,discriminative_score,0,0.23414634146341462,True,4096,5afe3b08282b3892cd469742e000c4f1d5bc811df0531b8e9f27f911568f0272,6cde61a19cfb4c2cbbc4bbee4e5a503d9c62093f728bdbf99b96af5c6466c294,/path/to/Diffusion-TS/Utils/discriminative_metric.py,60.28294539451599,2
PETS-U,AirQuality,128,42,100003,discriminative_score,42,0.2292682926829268,True,4096,5afe3b08282b3892cd469742e000c4f1d5bc811df0531b8e9f27f911568f0272,6cde61a19cfb4c2cbbc4bbee4e5a503d9c62093f728bdbf99b96af5c6466c294,/path/to/Diffusion-TS/Utils/discriminative_metric.py,60.27534031867981,0
PETS-U,AirQuality,128,42,100003,discriminative_score,123,0.1707317073170732,True,4096,5afe3b08282b3892cd469742e000c4f1d5bc811df0531b8e9f27f911568f0272,6cde61a19cfb4c2cbbc4bbee4e5a503d9c62093f728bdbf99b96af5c6466c294,/path/to/Diffusion-TS/Utils/discriminative_metric.py,60.11799097061157,1
PETS-U,AirQuality,128,42,100003,predictive_score,0,0.01975150415501048,True,4096,5afe3b08282b3892cd469742e000c4f1d5bc811df0531b8e9f27f911568f0272,6cde61a19cfb4c2cbbc4bbee4e5a503d9c62093f728bdbf99b96af5c6466c294,/path/to/Diffusion-TS/Utils/predictive_metric.py,124.30869603157043,2
PETS-U,AirQuality,128,42,100003,predictive_score,42,0.020631263323139137,True,4096,5afe3b08282b3892cd469742e000c4f1d5bc811df0531b8e9f27f911568f0272,6cde61a19cfb4c2cbbc4bbee4e5a503d9c62093f728bdbf99b96af5c6466c294,/path/to/Diffusion-TS/Utils/predictive_metric.py,128.99772119522095,0
PETS-U,AirQuality,128,42,100003,predictive_score,123,0.021489575090640756,True,4096,5afe3b08282b3892cd469742e000c4f1d5bc811df0531b8e9f27f911568f0272,6cde61a19cfb4c2cbbc4bbee4e5a503d9c62093f728bdbf99b96af5c6466c294,/path/to/Diffusion-TS/Utils/predictive_metric.py,125.69817352294922,1
PETS-U,AirQuality,128,42,100004,context_fid,0,0.5071485704885823,True,4096,5afe3b08282b3892cd469742e000c4f1d5bc811df0531b8e9f27f911568f0272,8c6a323ae357a506329fa44f78101c31ef3e9496f16afa5c803bd0cec77e56ed,/path/to/PETS-FFT-Ablation/results/final_unconditional_main_v1/evaluators/AirQuality/T128/ts2vec_seed_0.pt,1.335184097290039,2
PETS-U,AirQuality,128,42,100004,context_fid,42,0.5448549544732737,True,4096,5afe3b08282b3892cd469742e000c4f1d5bc811df0531b8e9f27f911568f0272,8c6a323ae357a506329fa44f78101c31ef3e9496f16afa5c803bd0cec77e56ed,/path/to/PETS-FFT-Ablation/results/final_unconditional_main_v1/evaluators/AirQuality/T128/ts2vec_seed_42.pt,1.3792369365692139,2
PETS-U,AirQuality,128,42,100004,context_fid,123,0.5186328985825364,True,4096,5afe3b08282b3892cd469742e000c4f1d5bc811df0531b8e9f27f911568f0272,8c6a323ae357a506329fa44f78101c31ef3e9496f16afa5c803bd0cec77e56ed,/path/to/PETS-FFT-Ablation/results/final_unconditional_main_v1/evaluators/AirQuality/T128/ts2vec_seed_123.pt,1.3698015213012695,1
PETS-U,AirQuality,128,42,100004,correlation_score,-1,0.10070610046386719,True,4096,5afe3b08282b3892cd469742e000c4f1d5bc811df0531b8e9f27f911568f0272,8c6a323ae357a506329fa44f78101c31ef3e9496f16afa5c803bd0cec77e56ed,/path/to/Diffusion-TS/Utils/cross_correlation.py,0.1212766170501709,2
PETS-U,AirQuality,128,42,100004,discriminative_score,0,0.24390243902439024,True,4096,5afe3b08282b3892cd469742e000c4f1d5bc811df0531b8e9f27f911568f0272,8c6a323ae357a506329fa44f78101c31ef3e9496f16afa5c803bd0cec77e56ed,/path/to/Diffusion-TS/Utils/discriminative_metric.py,59.816006898880005,2
PETS-U,AirQuality,128,42,100004,discriminative_score,42,0.25609756097560976,True,4096,5afe3b08282b3892cd469742e000c4f1d5bc811df0531b8e9f27f911568f0272,8c6a323ae357a506329fa44f78101c31ef3e9496f16afa5c803bd0cec77e56ed,/path/to/Diffusion-TS/Utils/discriminative_metric.py,60.97635006904602,1
PETS-U,AirQuality,128,42,100004,discriminative_score,123,0.17560975609756102,True,4096,5afe3b08282b3892cd469742e000c4f1d5bc811df0531b8e9f27f911568f0272,8c6a323ae357a506329fa44f78101c31ef3e9496f16afa5c803bd0cec77e56ed,/path/to/Diffusion-TS/Utils/discriminative_metric.py,60.60997200012207,0
PETS-U,AirQuality,128,42,100004,predictive_score,0,0.01991665869377357,True,4096,5afe3b08282b3892cd469742e000c4f1d5bc811df0531b8e9f27f911568f0272,8c6a323ae357a506329fa44f78101c31ef3e9496f16afa5c803bd0cec77e56ed,/path/to/Diffusion-TS/Utils/predictive_metric.py,125.17963004112244,2
PETS-U,AirQuality,128,42,100004,predictive_score,42,0.02071910602785465,True,4096,5afe3b08282b3892cd469742e000c4f1d5bc811df0531b8e9f27f911568f0272,8c6a323ae357a506329fa44f78101c31ef3e9496f16afa5c803bd0cec77e56ed,/path/to/Diffusion-TS/Utils/predictive_metric.py,127.84890961647034,1
PETS-U,AirQuality,128,42,100004,predictive_score,123,0.020945777777455987,True,4096,5afe3b08282b3892cd469742e000c4f1d5bc811df0531b8e9f27f911568f0272,8c6a323ae357a506329fa44f78101c31ef3e9496f16afa5c803bd0cec77e56ed,/path/to/Diffusion-TS/Utils/predictive_metric.py,128.7653830051422,0
PETS-U,AirQuality,128,123,100000,context_fid,0,0.6435985373335695,True,4096,5afe3b08282b3892cd469742e000c4f1d5bc811df0531b8e9f27f911568f0272,7caa49fab2aca277999602ab2d459c1eef728e14324d2f6ced87f97a6a8246e4,/path/to/PETS-FFT-Ablation/results/final_unconditional_main_v1/evaluators/AirQuality/T128/ts2vec_seed_0.pt,1.510890007019043,2
PETS-U,AirQuality,128,123,100000,context_fid,42,0.7026339096691425,True,4096,5afe3b08282b3892cd469742e000c4f1d5bc811df0531b8e9f27f911568f0272,7caa49fab2aca277999602ab2d459c1eef728e14324d2f6ced87f97a6a8246e4,/path/to/PETS-FFT-Ablation/results/final_unconditional_main_v1/evaluators/AirQuality/T128/ts2vec_seed_42.pt,1.393691062927246,2
PETS-U,AirQuality,128,123,100000,context_fid,123,0.6439338827795613,True,4096,5afe3b08282b3892cd469742e000c4f1d5bc811df0531b8e9f27f911568f0272,7caa49fab2aca277999602ab2d459c1eef728e14324d2f6ced87f97a6a8246e4,/path/to/PETS-FFT-Ablation/results/final_unconditional_main_v1/evaluators/AirQuality/T128/ts2vec_seed_123.pt,1.40336275100708,2
PETS-U,AirQuality,128,123,100000,correlation_score,-1,0.11380277574062347,True,4096,5afe3b08282b3892cd469742e000c4f1d5bc811df0531b8e9f27f911568f0272,7caa49fab2aca277999602ab2d459c1eef728e14324d2f6ced87f97a6a8246e4,/path/to/Diffusion-TS/Utils/cross_correlation.py,0.12130451202392578,2
PETS-U,AirQuality,128,123,100000,discriminative_score,0,0.17500000000000004,True,4096,5afe3b08282b3892cd469742e000c4f1d5bc811df0531b8e9f27f911568f0272,7caa49fab2aca277999602ab2d459c1eef728e14324d2f6ced87f97a6a8246e4,/path/to/Diffusion-TS/Utils/discriminative_metric.py,60.41387939453125,2
PETS-U,AirQuality,128,123,100000,discriminative_score,42,0.17987804878048785,True,4096,5afe3b08282b3892cd469742e000c4f1d5bc811df0531b8e9f27f911568f0272,7caa49fab2aca277999602ab2d459c1eef728e14324d2f6ced87f97a6a8246e4,/path/to/Diffusion-TS/Utils/discriminative_metric.py,59.9719614982605,1
PETS-U,AirQuality,128,123,100000,discriminative_score,123,0.125,True,4096,5afe3b08282b3892cd469742e000c4f1d5bc811df0531b8e9f27f911568f0272,7caa49fab2aca277999602ab2d459c1eef728e14324d2f6ced87f97a6a8246e4,/path/to/Diffusion-TS/Utils/discriminative_metric.py,60.5034236907959,0
PETS-U,AirQuality,128,123,100000,predictive_score,0,0.019667664721168876,True,4096,5afe3b08282b3892cd469742e000c4f1d5bc811df0531b8e9f27f911568f0272,7caa49fab2aca277999602ab2d459c1eef728e14324d2f6ced87f97a6a8246e4,/path/to/Diffusion-TS/Utils/predictive_metric.py,125.19025349617004,2
PETS-U,AirQuality,128,123,100000,predictive_score,42,0.01970873332516021,True,4096,5afe3b08282b3892cd469742e000c4f1d5bc811df0531b8e9f27f911568f0272,7caa49fab2aca277999602ab2d459c1eef728e14324d2f6ced87f97a6a8246e4,/path/to/Diffusion-TS/Utils/predictive_metric.py,125.11129450798035,1
PETS-U,AirQuality,128,123,100000,predictive_score,123,0.02108549048432451,True,4096,5afe3b08282b3892cd469742e000c4f1d5bc811df0531b8e9f27f911568f0272,7caa49fab2aca277999602ab2d459c1eef728e14324d2f6ced87f97a6a8246e4,/path/to/Diffusion-TS/Utils/predictive_metric.py,126.70790553092957,0
PETS-U,AirQuality,128,123,100001,context_fid,0,0.6447593412323029,True,4096,5afe3b08282b3892cd469742e000c4f1d5bc811df0531b8e9f27f911568f0272,a4f79d8367c5071e00425472f1b0dd4f3f98464b6c4685022553142dfa6a4075,/path/to/PETS-FFT-Ablation/results/final_unconditional_main_v1/evaluators/AirQuality/T128/ts2vec_seed_0.pt,1.2921016216278076,1
PETS-U,AirQuality,128,123,100001,context_fid,42,0.6981378335756299,True,4096,5afe3b08282b3892cd469742e000c4f1d5bc811df0531b8e9f27f911568f0272,a4f79d8367c5071e00425472f1b0dd4f3f98464b6c4685022553142dfa6a4075,/path/to/PETS-FFT-Ablation/results/final_unconditional_main_v1/evaluators/AirQuality/T128/ts2vec_seed_42.pt,1.3550550937652588,2
PETS-U,AirQuality,128,123,100001,context_fid,123,0.644973351828115,True,4096,5afe3b08282b3892cd469742e000c4f1d5bc811df0531b8e9f27f911568f0272,a4f79d8367c5071e00425472f1b0dd4f3f98464b6c4685022553142dfa6a4075,/path/to/PETS-FFT-Ablation/results/final_unconditional_main_v1/evaluators/AirQuality/T128/ts2vec_seed_123.pt,1.450718641281128,1
PETS-U,AirQuality,128,123,100001,correlation_score,-1,0.12135157734155655,True,4096,5afe3b08282b3892cd469742e000c4f1d5bc811df0531b8e9f27f911568f0272,a4f79d8367c5071e00425472f1b0dd4f3f98464b6c4685022553142dfa6a4075,/path/to/Diffusion-TS/Utils/cross_correlation.py,0.13182520866394043,2
PETS-U,AirQuality,128,123,100001,discriminative_score,0,0.1884146341463414,True,4096,5afe3b08282b3892cd469742e000c4f1d5bc811df0531b8e9f27f911568f0272,a4f79d8367c5071e00425472f1b0dd4f3f98464b6c4685022553142dfa6a4075,/path/to/Diffusion-TS/Utils/discriminative_metric.py,59.85929083824158,2
PETS-U,AirQuality,128,123,100001,discriminative_score,42,0.18780487804878043,True,4096,5afe3b08282b3892cd469742e000c4f1d5bc811df0531b8e9f27f911568f0272,a4f79d8367c5071e00425472f1b0dd4f3f98464b6c4685022553142dfa6a4075,/path/to/Diffusion-TS/Utils/discriminative_metric.py,60.813013792037964,1
PETS-U,AirQuality,128,123,100001,discriminative_score,123,0.15426829268292686,True,4096,5afe3b08282b3892cd469742e000c4f1d5bc811df0531b8e9f27f911568f0272,a4f79d8367c5071e00425472f1b0dd4f3f98464b6c4685022553142dfa6a4075,/path/to/Diffusion-TS/Utils/discriminative_metric.py,60.41098165512085,0
PETS-U,AirQuality,128,123,100001,predictive_score,0,0.019807608303153756,True,4096,5afe3b08282b3892cd469742e000c4f1d5bc811df0531b8e9f27f911568f0272,a4f79d8367c5071e00425472f1b0dd4f3f98464b6c4685022553142dfa6a4075,/path/to/Diffusion-TS/Utils/predictive_metric.py,128.8291311264038,2
PETS-U,AirQuality,128,123,100001,predictive_score,42,0.01981211866166177,True,4096,5afe3b08282b3892cd469742e000c4f1d5bc811df0531b8e9f27f911568f0272,a4f79d8367c5071e00425472f1b0dd4f3f98464b6c4685022553142dfa6a4075,/path/to/Diffusion-TS/Utils/predictive_metric.py,128.2755241394043,1
PETS-U,AirQuality,128,123,100001,predictive_score,123,0.021274030052268245,True,4096,5afe3b08282b3892cd469742e000c4f1d5bc811df0531b8e9f27f911568f0272,a4f79d8367c5071e00425472f1b0dd4f3f98464b6c4685022553142dfa6a4075,/path/to/Diffusion-TS/Utils/predictive_metric.py,127.4087905883789,0
PETS-U,AirQuality,128,123,100002,context_fid,0,0.6613893885054589,True,4096,5afe3b08282b3892cd469742e000c4f1d5bc811df0531b8e9f27f911568f0272,9ab89d1757da6b07c7c2154a91d865da6db7070e8a544eba333c05da07fb6334,/path/to/PETS-FFT-Ablation/results/final_unconditional_main_v1/evaluators/AirQuality/T128/ts2vec_seed_0.pt,1.3428595066070557,2
PETS-U,AirQuality,128,123,100002,context_fid,42,0.7273703349356722,True,4096,5afe3b08282b3892cd469742e000c4f1d5bc811df0531b8e9f27f911568f0272,9ab89d1757da6b07c7c2154a91d865da6db7070e8a544eba333c05da07fb6334,/path/to/PETS-FFT-Ablation/results/final_unconditional_main_v1/evaluators/AirQuality/T128/ts2vec_seed_42.pt,1.3586382865905762,2
PETS-U,AirQuality,128,123,100002,context_fid,123,0.6642085737418406,True,4096,5afe3b08282b3892cd469742e000c4f1d5bc811df0531b8e9f27f911568f0272,9ab89d1757da6b07c7c2154a91d865da6db7070e8a544eba333c05da07fb6334,/path/to/PETS-FFT-Ablation/results/final_unconditional_main_v1/evaluators/AirQuality/T128/ts2vec_seed_123.pt,1.4165616035461426,1
PETS-U,AirQuality,128,123,100002,correlation_score,-1,0.11310146003961563,True,4096,5afe3b08282b3892cd469742e000c4f1d5bc811df0531b8e9f27f911568f0272,9ab89d1757da6b07c7c2154a91d865da6db7070e8a544eba333c05da07fb6334,/path/to/Diffusion-TS/Utils/cross_correlation.py,0.12191438674926758,2
PETS-U,AirQuality,128,123,100002,discriminative_score,0,0.1707317073170732,True,4096,5afe3b08282b3892cd469742e000c4f1d5bc811df0531b8e9f27f911568f0272,9ab89d1757da6b07c7c2154a91d865da6db7070e8a544eba333c05da07fb6334,/path/to/Diffusion-TS/Utils/discriminative_metric.py,60.66043782234192,0
PETS-U,AirQuality,128,123,100002,discriminative_score,42,0.17317073170731712,True,4096,5afe3b08282b3892cd469742e000c4f1d5bc811df0531b8e9f27f911568f0272,9ab89d1757da6b07c7c2154a91d865da6db7070e8a544eba333c05da07fb6334,/path/to/Diffusion-TS/Utils/discriminative_metric.py,60.429723024368286,2
PETS-U,AirQuality,128,123,100002,discriminative_score,123,0.16158536585365857,True,4096,5afe3b08282b3892cd469742e000c4f1d5bc811df0531b8e9f27f911568f0272,9ab89d1757da6b07c7c2154a91d865da6db7070e8a544eba333c05da07fb6334,/path/to/Diffusion-TS/Utils/discriminative_metric.py,60.32562017440796,1
PETS-U,AirQuality,128,123,100002,predictive_score,0,0.019870785977218475,True,4096,5afe3b08282b3892cd469742e000c4f1d5bc811df0531b8e9f27f911568f0272,9ab89d1757da6b07c7c2154a91d865da6db7070e8a544eba333c05da07fb6334,/path/to/Diffusion-TS/Utils/predictive_metric.py,127.54063510894775,0
PETS-U,AirQuality,128,123,100002,predictive_score,42,0.01982658755821376,True,4096,5afe3b08282b3892cd469742e000c4f1d5bc811df0531b8e9f27f911568f0272,9ab89d1757da6b07c7c2154a91d865da6db7070e8a544eba333c05da07fb6334,/path/to/Diffusion-TS/Utils/predictive_metric.py,126.52956128120422,2
PETS-U,AirQuality,128,123,100002,predictive_score,123,0.021511574057512917,True,4096,5afe3b08282b3892cd469742e000c4f1d5bc811df0531b8e9f27f911568f0272,9ab89d1757da6b07c7c2154a91d865da6db7070e8a544eba333c05da07fb6334,/path/to/Diffusion-TS/Utils/predictive_metric.py,126.57640218734741,1
PETS-U,AirQuality,128,123,100003,context_fid,0,0.6630265186154789,True,4096,5afe3b08282b3892cd469742e000c4f1d5bc811df0531b8e9f27f911568f0272,6ce6a1ee1a5caa78db2b13a7bb836b253b8f50d515c40cefe2e0afb031e8d65f,/path/to/PETS-FFT-Ablation/results/final_unconditional_main_v1/evaluators/AirQuality/T128/ts2vec_seed_0.pt,1.2646698951721191,2
PETS-U,AirQuality,128,123,100003,context_fid,42,0.715371848357587,True,4096,5afe3b08282b3892cd469742e000c4f1d5bc811df0531b8e9f27f911568f0272,6ce6a1ee1a5caa78db2b13a7bb836b253b8f50d515c40cefe2e0afb031e8d65f,/path/to/PETS-FFT-Ablation/results/final_unconditional_main_v1/evaluators/AirQuality/T128/ts2vec_seed_42.pt,1.4427995681762695,1
PETS-U,AirQuality,128,123,100003,context_fid,123,0.6596637233798048,True,4096,5afe3b08282b3892cd469742e000c4f1d5bc811df0531b8e9f27f911568f0272,6ce6a1ee1a5caa78db2b13a7bb836b253b8f50d515c40cefe2e0afb031e8d65f,/path/to/PETS-FFT-Ablation/results/final_unconditional_main_v1/evaluators/AirQuality/T128/ts2vec_seed_123.pt,1.3491530418395996,0
PETS-U,AirQuality,128,123,100003,correlation_score,-1,0.11468248069286346,True,4096,5afe3b08282b3892cd469742e000c4f1d5bc811df0531b8e9f27f911568f0272,6ce6a1ee1a5caa78db2b13a7bb836b253b8f50d515c40cefe2e0afb031e8d65f,/path/to/Diffusion-TS/Utils/cross_correlation.py,0.11870384216308594,2
PETS-U,AirQuality,128,123,100003,discriminative_score,0,0.1810975609756098,True,4096,5afe3b08282b3892cd469742e000c4f1d5bc811df0531b8e9f27f911568f0272,6ce6a1ee1a5caa78db2b13a7bb836b253b8f50d515c40cefe2e0afb031e8d65f,/path/to/Diffusion-TS/Utils/discriminative_metric.py,60.616793632507324,2
PETS-U,AirQuality,128,123,100003,discriminative_score,42,0.18292682926829273,True,4096,5afe3b08282b3892cd469742e000c4f1d5bc811df0531b8e9f27f911568f0272,6ce6a1ee1a5caa78db2b13a7bb836b253b8f50d515c40cefe2e0afb031e8d65f,/path/to/Diffusion-TS/Utils/discriminative_metric.py,59.40700721740723,1
PETS-U,AirQuality,128,123,100003,discriminative_score,123,0.13902439024390245,True,4096,5afe3b08282b3892cd469742e000c4f1d5bc811df0531b8e9f27f911568f0272,6ce6a1ee1a5caa78db2b13a7bb836b253b8f50d515c40cefe2e0afb031e8d65f,/path/to/Diffusion-TS/Utils/discriminative_metric.py,60.15162944793701,0
PETS-U,AirQuality,128,123,100003,predictive_score,0,0.01968255883252823,True,4096,5afe3b08282b3892cd469742e000c4f1d5bc811df0531b8e9f27f911568f0272,6ce6a1ee1a5caa78db2b13a7bb836b253b8f50d515c40cefe2e0afb031e8d65f,/path/to/Diffusion-TS/Utils/predictive_metric.py,125.43540835380554,1
PETS-U,AirQuality,128,123,100003,predictive_score,42,0.020008671720006532,True,4096,5afe3b08282b3892cd469742e000c4f1d5bc811df0531b8e9f27f911568f0272,6ce6a1ee1a5caa78db2b13a7bb836b253b8f50d515c40cefe2e0afb031e8d65f,/path/to/Diffusion-TS/Utils/predictive_metric.py,124.98065710067749,0
PETS-U,AirQuality,128,123,100003,predictive_score,123,0.021479049790514182,True,4096,5afe3b08282b3892cd469742e000c4f1d5bc811df0531b8e9f27f911568f0272,6ce6a1ee1a5caa78db2b13a7bb836b253b8f50d515c40cefe2e0afb031e8d65f,/path/to/Diffusion-TS/Utils/predictive_metric.py,127.64599895477295,2
PETS-U,AirQuality,128,123,100004,context_fid,0,0.7177707027169549,True,4096,5afe3b08282b3892cd469742e000c4f1d5bc811df0531b8e9f27f911568f0272,27e55acb4908efcd870b14b07a44951edefcfbe6629a664580c28aad360f4a3f,/path/to/PETS-FFT-Ablation/results/final_unconditional_main_v1/evaluators/AirQuality/T128/ts2vec_seed_0.pt,1.336449146270752,1
PETS-U,AirQuality,128,123,100004,context_fid,42,0.7825499656894243,True,4096,5afe3b08282b3892cd469742e000c4f1d5bc811df0531b8e9f27f911568f0272,27e55acb4908efcd870b14b07a44951edefcfbe6629a664580c28aad360f4a3f,/path/to/PETS-FFT-Ablation/results/final_unconditional_main_v1/evaluators/AirQuality/T128/ts2vec_seed_42.pt,1.445235252380371,0
PETS-U,AirQuality,128,123,100004,context_fid,123,0.727725845467378,True,4096,5afe3b08282b3892cd469742e000c4f1d5bc811df0531b8e9f27f911568f0272,27e55acb4908efcd870b14b07a44951edefcfbe6629a664580c28aad360f4a3f,/path/to/PETS-FFT-Ablation/results/final_unconditional_main_v1/evaluators/AirQuality/T128/ts2vec_seed_123.pt,1.4676311016082764,1
PETS-U,AirQuality,128,123,100004,correlation_score,-1,0.11718690395355225,True,4096,5afe3b08282b3892cd469742e000c4f1d5bc811df0531b8e9f27f911568f0272,27e55acb4908efcd870b14b07a44951edefcfbe6629a664580c28aad360f4a3f,/path/to/Diffusion-TS/Utils/cross_correlation.py,0.11972260475158691,1
PETS-U,AirQuality,128,123,100004,discriminative_score,0,0.18048780487804883,True,4096,5afe3b08282b3892cd469742e000c4f1d5bc811df0531b8e9f27f911568f0272,27e55acb4908efcd870b14b07a44951edefcfbe6629a664580c28aad360f4a3f,/path/to/Diffusion-TS/Utils/discriminative_metric.py,60.3524272441864,0
PETS-U,AirQuality,128,123,100004,discriminative_score,42,0.18292682926829273,True,4096,5afe3b08282b3892cd469742e000c4f1d5bc811df0531b8e9f27f911568f0272,27e55acb4908efcd870b14b07a44951edefcfbe6629a664580c28aad360f4a3f,/path/to/Diffusion-TS/Utils/discriminative_metric.py,60.67743706703186,1
PETS-U,AirQuality,128,123,100004,discriminative_score,123,0.12195121951219512,True,4096,5afe3b08282b3892cd469742e000c4f1d5bc811df0531b8e9f27f911568f0272,27e55acb4908efcd870b14b07a44951edefcfbe6629a664580c28aad360f4a3f,/path/to/Diffusion-TS/Utils/discriminative_metric.py,60.457892179489136,2
PETS-U,AirQuality,128,123,100004,predictive_score,0,0.01970064785177783,True,4096,5afe3b08282b3892cd469742e000c4f1d5bc811df0531b8e9f27f911568f0272,27e55acb4908efcd870b14b07a44951edefcfbe6629a664580c28aad360f4a3f,/path/to/Diffusion-TS/Utils/predictive_metric.py,125.71479964256287,0
PETS-U,AirQuality,128,123,100004,predictive_score,42,0.019744804861488774,True,4096,5afe3b08282b3892cd469742e000c4f1d5bc811df0531b8e9f27f911568f0272,27e55acb4908efcd870b14b07a44951edefcfbe6629a664580c28aad360f4a3f,/path/to/Diffusion-TS/Utils/predictive_metric.py,125.79432225227356,2
PETS-U,AirQuality,128,123,100004,predictive_score,123,0.022412814231756784,True,4096,5afe3b08282b3892cd469742e000c4f1d5bc811df0531b8e9f27f911568f0272,27e55acb4908efcd870b14b07a44951edefcfbe6629a664580c28aad360f4a3f,/path/to/Diffusion-TS/Utils/predictive_metric.py,126.06804966926575,1
Diffusion-TS,AirQuality,256,0,100000,context_fid,0,0.607925779349819,True,4096,763f03006b43ade6ea1a2dab673228b628a027e58a379e6eb9a5ef91fedd89f9,952e00e97c761e64166d043f14b71954b542cf69a9bbd6a835a78d3a2b5be155,/path/to/PETS-FFT-Ablation/results/final_unconditional_main_v1/evaluators/AirQuality/T256/ts2vec_seed_0.pt,1.3668982982635498,0
Diffusion-TS,AirQuality,256,0,100000,context_fid,42,0.6271191834089693,True,4096,763f03006b43ade6ea1a2dab673228b628a027e58a379e6eb9a5ef91fedd89f9,952e00e97c761e64166d043f14b71954b542cf69a9bbd6a835a78d3a2b5be155,/path/to/PETS-FFT-Ablation/results/final_unconditional_main_v1/evaluators/AirQuality/T256/ts2vec_seed_42.pt,1.3898348808288574,0
Diffusion-TS,AirQuality,256,0,100000,context_fid,123,0.632108715936318,True,4096,763f03006b43ade6ea1a2dab673228b628a027e58a379e6eb9a5ef91fedd89f9,952e00e97c761e64166d043f14b71954b542cf69a9bbd6a835a78d3a2b5be155,/path/to/PETS-FFT-Ablation/results/final_unconditional_main_v1/evaluators/AirQuality/T256/ts2vec_seed_123.pt,1.4644720554351807,2
Diffusion-TS,AirQuality,256,0,100000,correlation_score,-1,0.11561062186956406,True,4096,763f03006b43ade6ea1a2dab673228b628a027e58a379e6eb9a5ef91fedd89f9,952e00e97c761e64166d043f14b71954b542cf69a9bbd6a835a78d3a2b5be155,/path/to/Diffusion-TS/Utils/cross_correlation.py,0.2423105239868164,0
Diffusion-TS,AirQuality,256,0,100000,discriminative_score,0,0.16890243902439028,True,4096,763f03006b43ade6ea1a2dab673228b628a027e58a379e6eb9a5ef91fedd89f9,952e00e97c761e64166d043f14b71954b542cf69a9bbd6a835a78d3a2b5be155,/path/to/Diffusion-TS/Utils/discriminative_metric.py,114.62449383735657,0
Diffusion-TS,AirQuality,256,0,100000,discriminative_score,42,0.03597560975609759,True,4096,763f03006b43ade6ea1a2dab673228b628a027e58a379e6eb9a5ef91fedd89f9,952e00e97c761e64166d043f14b71954b542cf69a9bbd6a835a78d3a2b5be155,/path/to/Diffusion-TS/Utils/discriminative_metric.py,114.84531712532043,2
Diffusion-TS,AirQuality,256,0,100000,discriminative_score,123,0.1481707317073171,True,4096,763f03006b43ade6ea1a2dab673228b628a027e58a379e6eb9a5ef91fedd89f9,952e00e97c761e64166d043f14b71954b542cf69a9bbd6a835a78d3a2b5be155,/path/to/Diffusion-TS/Utils/discriminative_metric.py,113.67767906188965,1
Diffusion-TS,AirQuality,256,0,100000,predictive_score,0,0.01923625021549924,True,4096,763f03006b43ade6ea1a2dab673228b628a027e58a379e6eb9a5ef91fedd89f9,952e00e97c761e64166d043f14b71954b542cf69a9bbd6a835a78d3a2b5be155,/path/to/Diffusion-TS/Utils/predictive_metric.py,247.9801366329193,1
Diffusion-TS,AirQuality,256,0,100000,predictive_score,42,0.02007714218370893,True,4096,763f03006b43ade6ea1a2dab673228b628a027e58a379e6eb9a5ef91fedd89f9,952e00e97c761e64166d043f14b71954b542cf69a9bbd6a835a78d3a2b5be155,/path/to/Diffusion-TS/Utils/predictive_metric.py,247.3809313774109,0
Diffusion-TS,AirQuality,256,0,100000,predictive_score,123,0.02207959806355575,True,4096,763f03006b43ade6ea1a2dab673228b628a027e58a379e6eb9a5ef91fedd89f9,952e00e97c761e64166d043f14b71954b542cf69a9bbd6a835a78d3a2b5be155,/path/to/Diffusion-TS/Utils/predictive_metric.py,249.3852460384369,2
Diffusion-TS,AirQuality,256,0,100001,context_fid,0,0.6334959630349777,True,4096,763f03006b43ade6ea1a2dab673228b628a027e58a379e6eb9a5ef91fedd89f9,c78df9da81ee6de76955a03a83e5faaa763d2b932f7e1037c49db05cab6bf701,/path/to/PETS-FFT-Ablation/results/final_unconditional_main_v1/evaluators/AirQuality/T256/ts2vec_seed_0.pt,1.3720247745513916,0
Diffusion-TS,AirQuality,256,0,100001,context_fid,42,0.65577903883297,True,4096,763f03006b43ade6ea1a2dab673228b628a027e58a379e6eb9a5ef91fedd89f9,c78df9da81ee6de76955a03a83e5faaa763d2b932f7e1037c49db05cab6bf701,/path/to/PETS-FFT-Ablation/results/final_unconditional_main_v1/evaluators/AirQuality/T256/ts2vec_seed_42.pt,1.446561336517334,1
Diffusion-TS,AirQuality,256,0,100001,context_fid,123,0.6589149168778485,True,4096,763f03006b43ade6ea1a2dab673228b628a027e58a379e6eb9a5ef91fedd89f9,c78df9da81ee6de76955a03a83e5faaa763d2b932f7e1037c49db05cab6bf701,/path/to/PETS-FFT-Ablation/results/final_unconditional_main_v1/evaluators/AirQuality/T256/ts2vec_seed_123.pt,1.4524965286254883,0
Diffusion-TS,AirQuality,256,0,100001,correlation_score,-1,0.12084493786096573,True,4096,763f03006b43ade6ea1a2dab673228b628a027e58a379e6eb9a5ef91fedd89f9,c78df9da81ee6de76955a03a83e5faaa763d2b932f7e1037c49db05cab6bf701,/path/to/Diffusion-TS/Utils/cross_correlation.py,0.23689937591552734,0
Diffusion-TS,AirQuality,256,0,100001,discriminative_score,0,0.20060975609756093,True,4096,763f03006b43ade6ea1a2dab673228b628a027e58a379e6eb9a5ef91fedd89f9,c78df9da81ee6de76955a03a83e5faaa763d2b932f7e1037c49db05cab6bf701,/path/to/Diffusion-TS/Utils/discriminative_metric.py,114.41059708595276,1
Diffusion-TS,AirQuality,256,0,100001,discriminative_score,42,0.045121951219512235,True,4096,763f03006b43ade6ea1a2dab673228b628a027e58a379e6eb9a5ef91fedd89f9,c78df9da81ee6de76955a03a83e5faaa763d2b932f7e1037c49db05cab6bf701,/path/to/Diffusion-TS/Utils/discriminative_metric.py,115.26061153411865,2
Diffusion-TS,AirQuality,256,0,100001,discriminative_score,123,0.11585365853658536,True,4096,763f03006b43ade6ea1a2dab673228b628a027e58a379e6eb9a5ef91fedd89f9,c78df9da81ee6de76955a03a83e5faaa763d2b932f7e1037c49db05cab6bf701,/path/to/Diffusion-TS/Utils/discriminative_metric.py,114.48104643821716,0
Diffusion-TS,AirQuality,256,0,100001,predictive_score,0,0.019108574701022008,True,4096,763f03006b43ade6ea1a2dab673228b628a027e58a379e6eb9a5ef91fedd89f9,c78df9da81ee6de76955a03a83e5faaa763d2b932f7e1037c49db05cab6bf701,/path/to/Diffusion-TS/Utils/predictive_metric.py,245.23374891281128,1
Diffusion-TS,AirQuality,256,0,100001,predictive_score,42,0.020255984817595163,True,4096,763f03006b43ade6ea1a2dab673228b628a027e58a379e6eb9a5ef91fedd89f9,c78df9da81ee6de76955a03a83e5faaa763d2b932f7e1037c49db05cab6bf701,/path/to/Diffusion-TS/Utils/predictive_metric.py,248.12200808525085,0
Diffusion-TS,AirQuality,256,0,100001,predictive_score,123,0.0221485889876476,True,4096,763f03006b43ade6ea1a2dab673228b628a027e58a379e6eb9a5ef91fedd89f9,c78df9da81ee6de76955a03a83e5faaa763d2b932f7e1037c49db05cab6bf701,/path/to/Diffusion-TS/Utils/predictive_metric.py,248.7659125328064,2
Diffusion-TS,AirQuality,256,0,100002,context_fid,0,0.6512197743472337,True,4096,763f03006b43ade6ea1a2dab673228b628a027e58a379e6eb9a5ef91fedd89f9,54c2d67cb2431a0f7645789daa5dd8652fa6344b7084818cd553af6cf0170046,/path/to/PETS-FFT-Ablation/results/final_unconditional_main_v1/evaluators/AirQuality/T256/ts2vec_seed_0.pt,1.3641290664672852,1
Diffusion-TS,AirQuality,256,0,100002,context_fid,42,0.6747852873531905,True,4096,763f03006b43ade6ea1a2dab673228b628a027e58a379e6eb9a5ef91fedd89f9,54c2d67cb2431a0f7645789daa5dd8652fa6344b7084818cd553af6cf0170046,/path/to/PETS-FFT-Ablation/results/final_unconditional_main_v1/evaluators/AirQuality/T256/ts2vec_seed_42.pt,1.4434549808502197,1
Diffusion-TS,AirQuality,256,0,100002,context_fid,123,0.6789650512501917,True,4096,763f03006b43ade6ea1a2dab673228b628a027e58a379e6eb9a5ef91fedd89f9,54c2d67cb2431a0f7645789daa5dd8652fa6344b7084818cd553af6cf0170046,/path/to/PETS-FFT-Ablation/results/final_unconditional_main_v1/evaluators/AirQuality/T256/ts2vec_seed_123.pt,1.4882760047912598,1
Diffusion-TS,AirQuality,256,0,100002,correlation_score,-1,0.12488337606191635,True,4096,763f03006b43ade6ea1a2dab673228b628a027e58a379e6eb9a5ef91fedd89f9,54c2d67cb2431a0f7645789daa5dd8652fa6344b7084818cd553af6cf0170046,/path/to/Diffusion-TS/Utils/cross_correlation.py,0.23750996589660645,1
Diffusion-TS,AirQuality,256,0,100002,discriminative_score,0,0.1810975609756098,True,4096,763f03006b43ade6ea1a2dab673228b628a027e58a379e6eb9a5ef91fedd89f9,54c2d67cb2431a0f7645789daa5dd8652fa6344b7084818cd553af6cf0170046,/path/to/Diffusion-TS/Utils/discriminative_metric.py,114.14448070526123,0
Diffusion-TS,AirQuality,256,0,100002,discriminative_score,42,0.014024390243902451,True,4096,763f03006b43ade6ea1a2dab673228b628a027e58a379e6eb9a5ef91fedd89f9,54c2d67cb2431a0f7645789daa5dd8652fa6344b7084818cd553af6cf0170046,/path/to/Diffusion-TS/Utils/discriminative_metric.py,115.08943438529968,1
Diffusion-TS,AirQuality,256,0,100002,discriminative_score,123,0.05914634146341469,True,4096,763f03006b43ade6ea1a2dab673228b628a027e58a379e6eb9a5ef91fedd89f9,54c2d67cb2431a0f7645789daa5dd8652fa6344b7084818cd553af6cf0170046,/path/to/Diffusion-TS/Utils/discriminative_metric.py,113.70839190483093,2
Diffusion-TS,AirQuality,256,0,100002,predictive_score,0,0.01943805834162049,True,4096,763f03006b43ade6ea1a2dab673228b628a027e58a379e6eb9a5ef91fedd89f9,54c2d67cb2431a0f7645789daa5dd8652fa6344b7084818cd553af6cf0170046,/path/to/Diffusion-TS/Utils/predictive_metric.py,248.8004026412964,0
Diffusion-TS,AirQuality,256,0,100002,predictive_score,42,0.020012616654867088,True,4096,763f03006b43ade6ea1a2dab673228b628a027e58a379e6eb9a5ef91fedd89f9,54c2d67cb2431a0f7645789daa5dd8652fa6344b7084818cd553af6cf0170046,/path/to/Diffusion-TS/Utils/predictive_metric.py,246.65556287765503,2
Diffusion-TS,AirQuality,256,0,100002,predictive_score,123,0.021960115214596954,True,4096,763f03006b43ade6ea1a2dab673228b628a027e58a379e6eb9a5ef91fedd89f9,54c2d67cb2431a0f7645789daa5dd8652fa6344b7084818cd553af6cf0170046,/path/to/Diffusion-TS/Utils/predictive_metric.py,248.10472202301025,1
Diffusion-TS,AirQuality,256,0,100003,context_fid,0,0.6316146295469476,True,4096,763f03006b43ade6ea1a2dab673228b628a027e58a379e6eb9a5ef91fedd89f9,c87cab9330a1cd378ef5d295ffe88f296c9fff0c93922c59dddbcd0c717aeeb0,/path/to/PETS-FFT-Ablation/results/final_unconditional_main_v1/evaluators/AirQuality/T256/ts2vec_seed_0.pt,1.3273930549621582,2
Diffusion-TS,AirQuality,256,0,100003,context_fid,42,0.6509947979573816,True,4096,763f03006b43ade6ea1a2dab673228b628a027e58a379e6eb9a5ef91fedd89f9,c87cab9330a1cd378ef5d295ffe88f296c9fff0c93922c59dddbcd0c717aeeb0,/path/to/PETS-FFT-Ablation/results/final_unconditional_main_v1/evaluators/AirQuality/T256/ts2vec_seed_42.pt,1.8478436470031738,2
Diffusion-TS,AirQuality,256,0,100003,context_fid,123,0.6591524620114704,True,4096,763f03006b43ade6ea1a2dab673228b628a027e58a379e6eb9a5ef91fedd89f9,c87cab9330a1cd378ef5d295ffe88f296c9fff0c93922c59dddbcd0c717aeeb0,/path/to/PETS-FFT-Ablation/results/final_unconditional_main_v1/evaluators/AirQuality/T256/ts2vec_seed_123.pt,1.8602492809295654,0
Diffusion-TS,AirQuality,256,0,100003,correlation_score,-1,0.1210690513253212,True,4096,763f03006b43ade6ea1a2dab673228b628a027e58a379e6eb9a5ef91fedd89f9,c87cab9330a1cd378ef5d295ffe88f296c9fff0c93922c59dddbcd0c717aeeb0,/path/to/Diffusion-TS/Utils/cross_correlation.py,0.24656200408935547,2
Diffusion-TS,AirQuality,256,0,100003,discriminative_score,0,0.16280487804878052,True,4096,763f03006b43ade6ea1a2dab673228b628a027e58a379e6eb9a5ef91fedd89f9,c87cab9330a1cd378ef5d295ffe88f296c9fff0c93922c59dddbcd0c717aeeb0,/path/to/Diffusion-TS/Utils/discriminative_metric.py,114.38127899169922,1
Diffusion-TS,AirQuality,256,0,100003,discriminative_score,42,0.03536585365853662,True,4096,763f03006b43ade6ea1a2dab673228b628a027e58a379e6eb9a5ef91fedd89f9,c87cab9330a1cd378ef5d295ffe88f296c9fff0c93922c59dddbcd0c717aeeb0,/path/to/Diffusion-TS/Utils/discriminative_metric.py,115.28260111808777,2
Diffusion-TS,AirQuality,256,0,100003,discriminative_score,123,0.11097560975609755,True,4096,763f03006b43ade6ea1a2dab673228b628a027e58a379e6eb9a5ef91fedd89f9,c87cab9330a1cd378ef5d295ffe88f296c9fff0c93922c59dddbcd0c717aeeb0,/path/to/Diffusion-TS/Utils/discriminative_metric.py,113.63130640983582,0
Diffusion-TS,AirQuality,256,0,100003,predictive_score,0,0.01923522066226724,True,4096,763f03006b43ade6ea1a2dab673228b628a027e58a379e6eb9a5ef91fedd89f9,c87cab9330a1cd378ef5d295ffe88f296c9fff0c93922c59dddbcd0c717aeeb0,/path/to/Diffusion-TS/Utils/predictive_metric.py,248.04762363433838,1
Diffusion-TS,AirQuality,256,0,100003,predictive_score,42,0.019984563193247595,True,4096,763f03006b43ade6ea1a2dab673228b628a027e58a379e6eb9a5ef91fedd89f9,c87cab9330a1cd378ef5d295ffe88f296c9fff0c93922c59dddbcd0c717aeeb0,/path/to/Diffusion-TS/Utils/predictive_metric.py,247.49555921554565,0
Diffusion-TS,AirQuality,256,0,100003,predictive_score,123,0.022054052907606092,True,4096,763f03006b43ade6ea1a2dab673228b628a027e58a379e6eb9a5ef91fedd89f9,c87cab9330a1cd378ef5d295ffe88f296c9fff0c93922c59dddbcd0c717aeeb0,/path/to/Diffusion-TS/Utils/predictive_metric.py,247.18009328842163,2
Diffusion-TS,AirQuality,256,0,100004,context_fid,0,0.6363902625070543,True,4096,763f03006b43ade6ea1a2dab673228b628a027e58a379e6eb9a5ef91fedd89f9,bae8dd328fde09691678368b9681970fd93a1d405f8d03ebc3216448bbbf5fd8,/path/to/PETS-FFT-Ablation/results/final_unconditional_main_v1/evaluators/AirQuality/T256/ts2vec_seed_0.pt,1.3321776390075684,1
Diffusion-TS,AirQuality,256,0,100004,context_fid,42,0.6597795668722853,True,4096,763f03006b43ade6ea1a2dab673228b628a027e58a379e6eb9a5ef91fedd89f9,bae8dd328fde09691678368b9681970fd93a1d405f8d03ebc3216448bbbf5fd8,/path/to/PETS-FFT-Ablation/results/final_unconditional_main_v1/evaluators/AirQuality/T256/ts2vec_seed_42.pt,1.3753635883331299,0
Diffusion-TS,AirQuality,256,0,100004,context_fid,123,0.670602178553538,True,4096,763f03006b43ade6ea1a2dab673228b628a027e58a379e6eb9a5ef91fedd89f9,bae8dd328fde09691678368b9681970fd93a1d405f8d03ebc3216448bbbf5fd8,/path/to/PETS-FFT-Ablation/results/final_unconditional_main_v1/evaluators/AirQuality/T256/ts2vec_seed_123.pt,1.5028235912322998,2
Diffusion-TS,AirQuality,256,0,100004,correlation_score,-1,0.11716236174106598,True,4096,763f03006b43ade6ea1a2dab673228b628a027e58a379e6eb9a5ef91fedd89f9,bae8dd328fde09691678368b9681970fd93a1d405f8d03ebc3216448bbbf5fd8,/path/to/Diffusion-TS/Utils/cross_correlation.py,0.2583930492401123,0
Diffusion-TS,AirQuality,256,0,100004,discriminative_score,0,0.19268292682926824,True,4096,763f03006b43ade6ea1a2dab673228b628a027e58a379e6eb9a5ef91fedd89f9,bae8dd328fde09691678368b9681970fd93a1d405f8d03ebc3216448bbbf5fd8,/path/to/Diffusion-TS/Utils/discriminative_metric.py,115.62125635147095,1
Diffusion-TS,AirQuality,256,0,100004,discriminative_score,42,0.02682926829268295,True,4096,763f03006b43ade6ea1a2dab673228b628a027e58a379e6eb9a5ef91fedd89f9,bae8dd328fde09691678368b9681970fd93a1d405f8d03ebc3216448bbbf5fd8,/path/to/Diffusion-TS/Utils/discriminative_metric.py,114.54333686828613,0
Diffusion-TS,AirQuality,256,0,100004,discriminative_score,123,0.1298780487804878,True,4096,763f03006b43ade6ea1a2dab673228b628a027e58a379e6eb9a5ef91fedd89f9,bae8dd328fde09691678368b9681970fd93a1d405f8d03ebc3216448bbbf5fd8,/path/to/Diffusion-TS/Utils/discriminative_metric.py,114.44032144546509,2
Diffusion-TS,AirQuality,256,0,100004,predictive_score,0,0.01919287586815699,True,4096,763f03006b43ade6ea1a2dab673228b628a027e58a379e6eb9a5ef91fedd89f9,bae8dd328fde09691678368b9681970fd93a1d405f8d03ebc3216448bbbf5fd8,/path/to/Diffusion-TS/Utils/predictive_metric.py,251.15448474884033,0
Diffusion-TS,AirQuality,256,0,100004,predictive_score,42,0.01994058757691164,True,4096,763f03006b43ade6ea1a2dab673228b628a027e58a379e6eb9a5ef91fedd89f9,bae8dd328fde09691678368b9681970fd93a1d405f8d03ebc3216448bbbf5fd8,/path/to/Diffusion-TS/Utils/predictive_metric.py,248.23738408088684,1
Diffusion-TS,AirQuality,256,0,100004,predictive_score,123,0.021828337674151044,True,4096,763f03006b43ade6ea1a2dab673228b628a027e58a379e6eb9a5ef91fedd89f9,bae8dd328fde09691678368b9681970fd93a1d405f8d03ebc3216448bbbf5fd8,/path/to/Diffusion-TS/Utils/predictive_metric.py,249.09035992622375,2
Diffusion-TS,AirQuality,256,42,100000,context_fid,0,0.9504373884967199,True,4096,763f03006b43ade6ea1a2dab673228b628a027e58a379e6eb9a5ef91fedd89f9,a8e9e3f2d0616092012a8f38dc670087a4ac62ad34ac41d501507729935ef5e6,/path/to/PETS-FFT-Ablation/results/final_unconditional_main_v1/evaluators/AirQuality/T256/ts2vec_seed_0.pt,1.382481575012207,1
Diffusion-TS,AirQuality,256,42,100000,context_fid,42,1.0158583606576572,True,4096,763f03006b43ade6ea1a2dab673228b628a027e58a379e6eb9a5ef91fedd89f9,a8e9e3f2d0616092012a8f38dc670087a4ac62ad34ac41d501507729935ef5e6,/path/to/PETS-FFT-Ablation/results/final_unconditional_main_v1/evaluators/AirQuality/T256/ts2vec_seed_42.pt,1.5070950984954834,2
Diffusion-TS,AirQuality,256,42,100000,context_fid,123,0.9862241444078556,True,4096,763f03006b43ade6ea1a2dab673228b628a027e58a379e6eb9a5ef91fedd89f9,a8e9e3f2d0616092012a8f38dc670087a4ac62ad34ac41d501507729935ef5e6,/path/to/PETS-FFT-Ablation/results/final_unconditional_main_v1/evaluators/AirQuality/T256/ts2vec_seed_123.pt,1.570110559463501,1
Diffusion-TS,AirQuality,256,42,100000,correlation_score,-1,0.09982851147651672,True,4096,763f03006b43ade6ea1a2dab673228b628a027e58a379e6eb9a5ef91fedd89f9,a8e9e3f2d0616092012a8f38dc670087a4ac62ad34ac41d501507729935ef5e6,/path/to/Diffusion-TS/Utils/cross_correlation.py,0.23185062408447266,1
Diffusion-TS,AirQuality,256,42,100000,discriminative_score,0,0.37865853658536586,True,4096,763f03006b43ade6ea1a2dab673228b628a027e58a379e6eb9a5ef91fedd89f9,a8e9e3f2d0616092012a8f38dc670087a4ac62ad34ac41d501507729935ef5e6,/path/to/Diffusion-TS/Utils/discriminative_metric.py,114.60224914550781,0
Diffusion-TS,AirQuality,256,42,100000,discriminative_score,42,0.250609756097561,True,4096,763f03006b43ade6ea1a2dab673228b628a027e58a379e6eb9a5ef91fedd89f9,a8e9e3f2d0616092012a8f38dc670087a4ac62ad34ac41d501507729935ef5e6,/path/to/Diffusion-TS/Utils/discriminative_metric.py,113.81622385978699,2
Diffusion-TS,AirQuality,256,42,100000,discriminative_score,123,0.34085365853658534,True,4096,763f03006b43ade6ea1a2dab673228b628a027e58a379e6eb9a5ef91fedd89f9,a8e9e3f2d0616092012a8f38dc670087a4ac62ad34ac41d501507729935ef5e6,/path/to/Diffusion-TS/Utils/discriminative_metric.py,114.44580245018005,1
Diffusion-TS,AirQuality,256,42,100000,predictive_score,0,0.01875650680972285,True,4096,763f03006b43ade6ea1a2dab673228b628a027e58a379e6eb9a5ef91fedd89f9,a8e9e3f2d0616092012a8f38dc670087a4ac62ad34ac41d501507729935ef5e6,/path/to/Diffusion-TS/Utils/predictive_metric.py,244.18528079986572,2
Diffusion-TS,AirQuality,256,42,100000,predictive_score,42,0.020244421768893517,True,4096,763f03006b43ade6ea1a2dab673228b628a027e58a379e6eb9a5ef91fedd89f9,a8e9e3f2d0616092012a8f38dc670087a4ac62ad34ac41d501507729935ef5e6,/path/to/Diffusion-TS/Utils/predictive_metric.py,247.53208088874817,0
Diffusion-TS,AirQuality,256,42,100000,predictive_score,123,0.021270189715323795,True,4096,763f03006b43ade6ea1a2dab673228b628a027e58a379e6eb9a5ef91fedd89f9,a8e9e3f2d0616092012a8f38dc670087a4ac62ad34ac41d501507729935ef5e6,/path/to/Diffusion-TS/Utils/predictive_metric.py,245.50350737571716,1
Diffusion-TS,AirQuality,256,42,100001,context_fid,0,0.9656408399015087,True,4096,763f03006b43ade6ea1a2dab673228b628a027e58a379e6eb9a5ef91fedd89f9,4b3d4b10dbe7014ecc1bf978c9b8b516c1afa553f7be41275e33cddb3b0a03fe,/path/to/PETS-FFT-Ablation/results/final_unconditional_main_v1/evaluators/AirQuality/T256/ts2vec_seed_0.pt,1.6332430839538574,2
Diffusion-TS,AirQuality,256,42,100001,context_fid,42,1.0386030415774452,True,4096,763f03006b43ade6ea1a2dab673228b628a027e58a379e6eb9a5ef91fedd89f9,4b3d4b10dbe7014ecc1bf978c9b8b516c1afa553f7be41275e33cddb3b0a03fe,/path/to/PETS-FFT-Ablation/results/final_unconditional_main_v1/evaluators/AirQuality/T256/ts2vec_seed_42.pt,1.5517499446868896,2
Diffusion-TS,AirQuality,256,42,100001,context_fid,123,1.0038919695574369,True,4096,763f03006b43ade6ea1a2dab673228b628a027e58a379e6eb9a5ef91fedd89f9,4b3d4b10dbe7014ecc1bf978c9b8b516c1afa553f7be41275e33cddb3b0a03fe,/path/to/PETS-FFT-Ablation/results/final_unconditional_main_v1/evaluators/AirQuality/T256/ts2vec_seed_123.pt,1.4652836322784424,1
Diffusion-TS,AirQuality,256,42,100001,correlation_score,-1,0.10305707156658173,True,4096,763f03006b43ade6ea1a2dab673228b628a027e58a379e6eb9a5ef91fedd89f9,4b3d4b10dbe7014ecc1bf978c9b8b516c1afa553f7be41275e33cddb3b0a03fe,/path/to/Diffusion-TS/Utils/cross_correlation.py,0.2436525821685791,2
Diffusion-TS,AirQuality,256,42,100001,discriminative_score,0,0.3884146341463415,True,4096,763f03006b43ade6ea1a2dab673228b628a027e58a379e6eb9a5ef91fedd89f9,4b3d4b10dbe7014ecc1bf978c9b8b516c1afa553f7be41275e33cddb3b0a03fe,/path/to/Diffusion-TS/Utils/discriminative_metric.py,114.81074643135071,2
Diffusion-TS,AirQuality,256,42,100001,discriminative_score,42,0.2628048780487805,True,4096,763f03006b43ade6ea1a2dab673228b628a027e58a379e6eb9a5ef91fedd89f9,4b3d4b10dbe7014ecc1bf978c9b8b516c1afa553f7be41275e33cddb3b0a03fe,/path/to/Diffusion-TS/Utils/discriminative_metric.py,114.82189893722534,0
Diffusion-TS,AirQuality,256,42,100001,discriminative_score,123,0.2853658536585366,True,4096,763f03006b43ade6ea1a2dab673228b628a027e58a379e6eb9a5ef91fedd89f9,4b3d4b10dbe7014ecc1bf978c9b8b516c1afa553f7be41275e33cddb3b0a03fe,/path/to/Diffusion-TS/Utils/discriminative_metric.py,114.12341213226318,1
Diffusion-TS,AirQuality,256,42,100001,predictive_score,0,0.019013100067468258,True,4096,763f03006b43ade6ea1a2dab673228b628a027e58a379e6eb9a5ef91fedd89f9,4b3d4b10dbe7014ecc1bf978c9b8b516c1afa553f7be41275e33cddb3b0a03fe,/path/to/Diffusion-TS/Utils/predictive_metric.py,252.49674367904663,1
Diffusion-TS,AirQuality,256,42,100001,predictive_score,42,0.02011740382613425,True,4096,763f03006b43ade6ea1a2dab673228b628a027e58a379e6eb9a5ef91fedd89f9,4b3d4b10dbe7014ecc1bf978c9b8b516c1afa553f7be41275e33cddb3b0a03fe,/path/to/Diffusion-TS/Utils/predictive_metric.py,250.60365056991577,2
Diffusion-TS,AirQuality,256,42,100001,predictive_score,123,0.021787740066201877,True,4096,763f03006b43ade6ea1a2dab673228b628a027e58a379e6eb9a5ef91fedd89f9,4b3d4b10dbe7014ecc1bf978c9b8b516c1afa553f7be41275e33cddb3b0a03fe,/path/to/Diffusion-TS/Utils/predictive_metric.py,247.73360586166382,0
Diffusion-TS,AirQuality,256,42,100002,context_fid,0,1.023816986482445,True,4096,763f03006b43ade6ea1a2dab673228b628a027e58a379e6eb9a5ef91fedd89f9,6ae1446e3fa2bcaf4dd5d08bbc9546f30d4a291e230fe0143d720fe30ccee220,/path/to/PETS-FFT-Ablation/results/final_unconditional_main_v1/evaluators/AirQuality/T256/ts2vec_seed_0.pt,1.3173584938049316,0
Diffusion-TS,AirQuality,256,42,100002,context_fid,42,1.096196029503888,True,4096,763f03006b43ade6ea1a2dab673228b628a027e58a379e6eb9a5ef91fedd89f9,6ae1446e3fa2bcaf4dd5d08bbc9546f30d4a291e230fe0143d720fe30ccee220,/path/to/PETS-FFT-Ablation/results/final_unconditional_main_v1/evaluators/AirQuality/T256/ts2vec_seed_42.pt,1.4001436233520508,0
Diffusion-TS,AirQuality,256,42,100002,context_fid,123,1.0617269329060122,True,4096,763f03006b43ade6ea1a2dab673228b628a027e58a379e6eb9a5ef91fedd89f9,6ae1446e3fa2bcaf4dd5d08bbc9546f30d4a291e230fe0143d720fe30ccee220,/path/to/PETS-FFT-Ablation/results/final_unconditional_main_v1/evaluators/AirQuality/T256/ts2vec_seed_123.pt,1.4062495231628418,2
Diffusion-TS,AirQuality,256,42,100002,correlation_score,-1,0.11573585122823715,True,4096,763f03006b43ade6ea1a2dab673228b628a027e58a379e6eb9a5ef91fedd89f9,6ae1446e3fa2bcaf4dd5d08bbc9546f30d4a291e230fe0143d720fe30ccee220,/path/to/Diffusion-TS/Utils/cross_correlation.py,0.23288846015930176,0
Diffusion-TS,AirQuality,256,42,100002,discriminative_score,0,0.37073170731707317,True,4096,763f03006b43ade6ea1a2dab673228b628a027e58a379e6eb9a5ef91fedd89f9,6ae1446e3fa2bcaf4dd5d08bbc9546f30d4a291e230fe0143d720fe30ccee220,/path/to/Diffusion-TS/Utils/discriminative_metric.py,113.62612247467041,0
Diffusion-TS,AirQuality,256,42,100002,discriminative_score,42,0.2658536585365854,True,4096,763f03006b43ade6ea1a2dab673228b628a027e58a379e6eb9a5ef91fedd89f9,6ae1446e3fa2bcaf4dd5d08bbc9546f30d4a291e230fe0143d720fe30ccee220,/path/to/Diffusion-TS/Utils/discriminative_metric.py,114.54617071151733,2
Diffusion-TS,AirQuality,256,42,100002,discriminative_score,123,0.35060975609756095,True,4096,763f03006b43ade6ea1a2dab673228b628a027e58a379e6eb9a5ef91fedd89f9,6ae1446e3fa2bcaf4dd5d08bbc9546f30d4a291e230fe0143d720fe30ccee220,/path/to/Diffusion-TS/Utils/discriminative_metric.py,113.89438366889954,1
Diffusion-TS,AirQuality,256,42,100002,predictive_score,0,0.018883932529206504,True,4096,763f03006b43ade6ea1a2dab673228b628a027e58a379e6eb9a5ef91fedd89f9,6ae1446e3fa2bcaf4dd5d08bbc9546f30d4a291e230fe0143d720fe30ccee220,/path/to/Diffusion-TS/Utils/predictive_metric.py,247.08920693397522,0
Diffusion-TS,AirQuality,256,42,100002,predictive_score,42,0.020200126479721803,True,4096,763f03006b43ade6ea1a2dab673228b628a027e58a379e6eb9a5ef91fedd89f9,6ae1446e3fa2bcaf4dd5d08bbc9546f30d4a291e230fe0143d720fe30ccee220,/path/to/Diffusion-TS/Utils/predictive_metric.py,251.3438470363617,1
Diffusion-TS,AirQuality,256,42,100002,predictive_score,123,0.021634718398217956,True,4096,763f03006b43ade6ea1a2dab673228b628a027e58a379e6eb9a5ef91fedd89f9,6ae1446e3fa2bcaf4dd5d08bbc9546f30d4a291e230fe0143d720fe30ccee220,/path/to/Diffusion-TS/Utils/predictive_metric.py,245.72447395324707,2
Diffusion-TS,AirQuality,256,42,100003,context_fid,0,1.0114987177304935,True,4096,763f03006b43ade6ea1a2dab673228b628a027e58a379e6eb9a5ef91fedd89f9,5624438f07e5d4c9278a2563bc906c96c848ab40189159dc5b29a6d158014599,/path/to/PETS-FFT-Ablation/results/final_unconditional_main_v1/evaluators/AirQuality/T256/ts2vec_seed_0.pt,1.3955135345458984,0
Diffusion-TS,AirQuality,256,42,100003,context_fid,42,1.089246131126751,True,4096,763f03006b43ade6ea1a2dab673228b628a027e58a379e6eb9a5ef91fedd89f9,5624438f07e5d4c9278a2563bc906c96c848ab40189159dc5b29a6d158014599,/path/to/PETS-FFT-Ablation/results/final_unconditional_main_v1/evaluators/AirQuality/T256/ts2vec_seed_42.pt,1.477189540863037,2
Diffusion-TS,AirQuality,256,42,100003,context_fid,123,1.0429205322777086,True,4096,763f03006b43ade6ea1a2dab673228b628a027e58a379e6eb9a5ef91fedd89f9,5624438f07e5d4c9278a2563bc906c96c848ab40189159dc5b29a6d158014599,/path/to/PETS-FFT-Ablation/results/final_unconditional_main_v1/evaluators/AirQuality/T256/ts2vec_seed_123.pt,1.8748984336853027,0
Diffusion-TS,AirQuality,256,42,100003,correlation_score,-1,0.11027926206588745,True,4096,763f03006b43ade6ea1a2dab673228b628a027e58a379e6eb9a5ef91fedd89f9,5624438f07e5d4c9278a2563bc906c96c848ab40189159dc5b29a6d158014599,/path/to/Diffusion-TS/Utils/cross_correlation.py,0.23983979225158691,0
Diffusion-TS,AirQuality,256,42,100003,discriminative_score,0,0.3524390243902439,True,4096,763f03006b43ade6ea1a2dab673228b628a027e58a379e6eb9a5ef91fedd89f9,5624438f07e5d4c9278a2563bc906c96c848ab40189159dc5b29a6d158014599,/path/to/Diffusion-TS/Utils/discriminative_metric.py,114.7692244052887,2
Diffusion-TS,AirQuality,256,42,100003,discriminative_score,42,0.2786585365853659,True,4096,763f03006b43ade6ea1a2dab673228b628a027e58a379e6eb9a5ef91fedd89f9,5624438f07e5d4c9278a2563bc906c96c848ab40189159dc5b29a6d158014599,/path/to/Diffusion-TS/Utils/discriminative_metric.py,114.94426488876343,0
Diffusion-TS,AirQuality,256,42,100003,discriminative_score,123,0.25426829268292683,True,4096,763f03006b43ade6ea1a2dab673228b628a027e58a379e6eb9a5ef91fedd89f9,5624438f07e5d4c9278a2563bc906c96c848ab40189159dc5b29a6d158014599,/path/to/Diffusion-TS/Utils/discriminative_metric.py,114.7655348777771,1
Diffusion-TS,AirQuality,256,42,100003,predictive_score,0,0.018975605754121716,True,4096,763f03006b43ade6ea1a2dab673228b628a027e58a379e6eb9a5ef91fedd89f9,5624438f07e5d4c9278a2563bc906c96c848ab40189159dc5b29a6d158014599,/path/to/Diffusion-TS/Utils/predictive_metric.py,252.3639063835144,2
Diffusion-TS,AirQuality,256,42,100003,predictive_score,42,0.020152057378481913,True,4096,763f03006b43ade6ea1a2dab673228b628a027e58a379e6eb9a5ef91fedd89f9,5624438f07e5d4c9278a2563bc906c96c848ab40189159dc5b29a6d158014599,/path/to/Diffusion-TS/Utils/predictive_metric.py,251.1180543899536,0
Diffusion-TS,AirQuality,256,42,100003,predictive_score,123,0.0216461725976842,True,4096,763f03006b43ade6ea1a2dab673228b628a027e58a379e6eb9a5ef91fedd89f9,5624438f07e5d4c9278a2563bc906c96c848ab40189159dc5b29a6d158014599,/path/to/Diffusion-TS/Utils/predictive_metric.py,249.30350971221924,1
Diffusion-TS,AirQuality,256,42,100004,context_fid,0,1.0034683641580187,True,4096,763f03006b43ade6ea1a2dab673228b628a027e58a379e6eb9a5ef91fedd89f9,c613b6769f7ec7e38468d16b1fdc738e0daaf86b2bbc971e07a98f0f00bbeea6,/path/to/PETS-FFT-Ablation/results/final_unconditional_main_v1/evaluators/AirQuality/T256/ts2vec_seed_0.pt,1.3216979503631592,2
Diffusion-TS,AirQuality,256,42,100004,context_fid,42,1.0722971313428344,True,4096,763f03006b43ade6ea1a2dab673228b628a027e58a379e6eb9a5ef91fedd89f9,c613b6769f7ec7e38468d16b1fdc738e0daaf86b2bbc971e07a98f0f00bbeea6,/path/to/PETS-FFT-Ablation/results/final_unconditional_main_v1/evaluators/AirQuality/T256/ts2vec_seed_42.pt,1.3779056072235107,0
Diffusion-TS,AirQuality,256,42,100004,context_fid,123,1.0440121762305095,True,4096,763f03006b43ade6ea1a2dab673228b628a027e58a379e6eb9a5ef91fedd89f9,c613b6769f7ec7e38468d16b1fdc738e0daaf86b2bbc971e07a98f0f00bbeea6,/path/to/PETS-FFT-Ablation/results/final_unconditional_main_v1/evaluators/AirQuality/T256/ts2vec_seed_123.pt,1.4496357440948486,1
Diffusion-TS,AirQuality,256,42,100004,correlation_score,-1,0.11325566470623016,True,4096,763f03006b43ade6ea1a2dab673228b628a027e58a379e6eb9a5ef91fedd89f9,c613b6769f7ec7e38468d16b1fdc738e0daaf86b2bbc971e07a98f0f00bbeea6,/path/to/Diffusion-TS/Utils/cross_correlation.py,0.23557639122009277,2
Diffusion-TS,AirQuality,256,42,100004,discriminative_score,0,0.3615853658536585,True,4096,763f03006b43ade6ea1a2dab673228b628a027e58a379e6eb9a5ef91fedd89f9,c613b6769f7ec7e38468d16b1fdc738e0daaf86b2bbc971e07a98f0f00bbeea6,/path/to/Diffusion-TS/Utils/discriminative_metric.py,114.69829535484314,2
Diffusion-TS,AirQuality,256,42,100004,discriminative_score,42,0.275,True,4096,763f03006b43ade6ea1a2dab673228b628a027e58a379e6eb9a5ef91fedd89f9,c613b6769f7ec7e38468d16b1fdc738e0daaf86b2bbc971e07a98f0f00bbeea6,/path/to/Diffusion-TS/Utils/discriminative_metric.py,113.8973000049591,0
Diffusion-TS,AirQuality,256,42,100004,discriminative_score,123,0.27378048780487807,True,4096,763f03006b43ade6ea1a2dab673228b628a027e58a379e6eb9a5ef91fedd89f9,c613b6769f7ec7e38468d16b1fdc738e0daaf86b2bbc971e07a98f0f00bbeea6,/path/to/Diffusion-TS/Utils/discriminative_metric.py,114.07135558128357,1
Diffusion-TS,AirQuality,256,42,100004,predictive_score,0,0.018995857296431495,True,4096,763f03006b43ade6ea1a2dab673228b628a027e58a379e6eb9a5ef91fedd89f9,c613b6769f7ec7e38468d16b1fdc738e0daaf86b2bbc971e07a98f0f00bbeea6,/path/to/Diffusion-TS/Utils/predictive_metric.py,247.6363570690155,0
Diffusion-TS,AirQuality,256,42,100004,predictive_score,42,0.020012389539033393,True,4096,763f03006b43ade6ea1a2dab673228b628a027e58a379e6eb9a5ef91fedd89f9,c613b6769f7ec7e38468d16b1fdc738e0daaf86b2bbc971e07a98f0f00bbeea6,/path/to/Diffusion-TS/Utils/predictive_metric.py,247.28939127922058,2
Diffusion-TS,AirQuality,256,42,100004,predictive_score,123,0.02120832122977845,True,4096,763f03006b43ade6ea1a2dab673228b628a027e58a379e6eb9a5ef91fedd89f9,c613b6769f7ec7e38468d16b1fdc738e0daaf86b2bbc971e07a98f0f00bbeea6,/path/to/Diffusion-TS/Utils/predictive_metric.py,246.43464827537537,1
Diffusion-TS,AirQuality,256,123,100000,context_fid,0,1.4033247121888863,True,4096,763f03006b43ade6ea1a2dab673228b628a027e58a379e6eb9a5ef91fedd89f9,27828374064e532da21afc154fb61caa8f442816727c1a749d4eccce3f85582f,/path/to/PETS-FFT-Ablation/results/final_unconditional_main_v1/evaluators/AirQuality/T256/ts2vec_seed_0.pt,1.5958425998687744,1
Diffusion-TS,AirQuality,256,123,100000,context_fid,42,1.5635249666032682,True,4096,763f03006b43ade6ea1a2dab673228b628a027e58a379e6eb9a5ef91fedd89f9,27828374064e532da21afc154fb61caa8f442816727c1a749d4eccce3f85582f,/path/to/PETS-FFT-Ablation/results/final_unconditional_main_v1/evaluators/AirQuality/T256/ts2vec_seed_42.pt,1.4218623638153076,0
Diffusion-TS,AirQuality,256,123,100000,context_fid,123,1.3930770249480426,True,4096,763f03006b43ade6ea1a2dab673228b628a027e58a379e6eb9a5ef91fedd89f9,27828374064e532da21afc154fb61caa8f442816727c1a749d4eccce3f85582f,/path/to/PETS-FFT-Ablation/results/final_unconditional_main_v1/evaluators/AirQuality/T256/ts2vec_seed_123.pt,1.468041181564331,2
Diffusion-TS,AirQuality,256,123,100000,correlation_score,-1,0.15117962658405304,True,4096,763f03006b43ade6ea1a2dab673228b628a027e58a379e6eb9a5ef91fedd89f9,27828374064e532da21afc154fb61caa8f442816727c1a749d4eccce3f85582f,/path/to/Diffusion-TS/Utils/cross_correlation.py,0.22714829444885254,1
Diffusion-TS,AirQuality,256,123,100000,discriminative_score,0,0.41463414634146345,True,4096,763f03006b43ade6ea1a2dab673228b628a027e58a379e6eb9a5ef91fedd89f9,27828374064e532da21afc154fb61caa8f442816727c1a749d4eccce3f85582f,/path/to/Diffusion-TS/Utils/discriminative_metric.py,114.68395757675171,1
Diffusion-TS,AirQuality,256,123,100000,discriminative_score,42,0.28414634146341466,True,4096,763f03006b43ade6ea1a2dab673228b628a027e58a379e6eb9a5ef91fedd89f9,27828374064e532da21afc154fb61caa8f442816727c1a749d4eccce3f85582f,/path/to/Diffusion-TS/Utils/discriminative_metric.py,114.18819975852966,0
Diffusion-TS,AirQuality,256,123,100000,discriminative_score,123,0.26707317073170733,True,4096,763f03006b43ade6ea1a2dab673228b628a027e58a379e6eb9a5ef91fedd89f9,27828374064e532da21afc154fb61caa8f442816727c1a749d4eccce3f85582f,/path/to/Diffusion-TS/Utils/discriminative_metric.py,114.07291722297668,2
Diffusion-TS,AirQuality,256,123,100000,predictive_score,0,0.019455736307463667,True,4096,763f03006b43ade6ea1a2dab673228b628a027e58a379e6eb9a5ef91fedd89f9,27828374064e532da21afc154fb61caa8f442816727c1a749d4eccce3f85582f,/path/to/Diffusion-TS/Utils/predictive_metric.py,245.43911242485046,0
Diffusion-TS,AirQuality,256,123,100000,predictive_score,42,0.020532579522978267,True,4096,763f03006b43ade6ea1a2dab673228b628a027e58a379e6eb9a5ef91fedd89f9,27828374064e532da21afc154fb61caa8f442816727c1a749d4eccce3f85582f,/path/to/Diffusion-TS/Utils/predictive_metric.py,246.80438423156738,2
Diffusion-TS,AirQuality,256,123,100000,predictive_score,123,0.01995302971545243,True,4096,763f03006b43ade6ea1a2dab673228b628a027e58a379e6eb9a5ef91fedd89f9,27828374064e532da21afc154fb61caa8f442816727c1a749d4eccce3f85582f,/path/to/Diffusion-TS/Utils/predictive_metric.py,245.6789379119873,1
Diffusion-TS,AirQuality,256,123,100001,context_fid,0,1.4343103319519197,True,4096,763f03006b43ade6ea1a2dab673228b628a027e58a379e6eb9a5ef91fedd89f9,1f092fb345bbd440bfd8134b052e219c2665daeda132c41f3c2582fa8d6e8e15,/path/to/PETS-FFT-Ablation/results/final_unconditional_main_v1/evaluators/AirQuality/T256/ts2vec_seed_0.pt,1.4125750064849854,0
Diffusion-TS,AirQuality,256,123,100001,context_fid,42,1.5955148902270666,True,4096,763f03006b43ade6ea1a2dab673228b628a027e58a379e6eb9a5ef91fedd89f9,1f092fb345bbd440bfd8134b052e219c2665daeda132c41f3c2582fa8d6e8e15,/path/to/PETS-FFT-Ablation/results/final_unconditional_main_v1/evaluators/AirQuality/T256/ts2vec_seed_42.pt,1.4321160316467285,1
Diffusion-TS,AirQuality,256,123,100001,context_fid,123,1.4238333734230102,True,4096,763f03006b43ade6ea1a2dab673228b628a027e58a379e6eb9a5ef91fedd89f9,1f092fb345bbd440bfd8134b052e219c2665daeda132c41f3c2582fa8d6e8e15,/path/to/PETS-FFT-Ablation/results/final_unconditional_main_v1/evaluators/AirQuality/T256/ts2vec_seed_123.pt,1.42659330368042,2
Diffusion-TS,AirQuality,256,123,100001,correlation_score,-1,0.17254886031150818,True,4096,763f03006b43ade6ea1a2dab673228b628a027e58a379e6eb9a5ef91fedd89f9,1f092fb345bbd440bfd8134b052e219c2665daeda132c41f3c2582fa8d6e8e15,/path/to/Diffusion-TS/Utils/cross_correlation.py,0.24988889694213867,0
Diffusion-TS,AirQuality,256,123,100001,discriminative_score,0,0.4213414634146342,True,4096,763f03006b43ade6ea1a2dab673228b628a027e58a379e6eb9a5ef91fedd89f9,1f092fb345bbd440bfd8134b052e219c2665daeda132c41f3c2582fa8d6e8e15,/path/to/Diffusion-TS/Utils/discriminative_metric.py,114.0169472694397,0
Diffusion-TS,AirQuality,256,123,100001,discriminative_score,42,0.28719512195121955,True,4096,763f03006b43ade6ea1a2dab673228b628a027e58a379e6eb9a5ef91fedd89f9,1f092fb345bbd440bfd8134b052e219c2665daeda132c41f3c2582fa8d6e8e15,/path/to/Diffusion-TS/Utils/discriminative_metric.py,113.97004818916321,1
Diffusion-TS,AirQuality,256,123,100001,discriminative_score,123,0.2347560975609756,True,4096,763f03006b43ade6ea1a2dab673228b628a027e58a379e6eb9a5ef91fedd89f9,1f092fb345bbd440bfd8134b052e219c2665daeda132c41f3c2582fa8d6e8e15,/path/to/Diffusion-TS/Utils/discriminative_metric.py,114.66336178779602,2
Diffusion-TS,AirQuality,256,123,100001,predictive_score,0,0.019405314189498313,True,4096,763f03006b43ade6ea1a2dab673228b628a027e58a379e6eb9a5ef91fedd89f9,1f092fb345bbd440bfd8134b052e219c2665daeda132c41f3c2582fa8d6e8e15,/path/to/Diffusion-TS/Utils/predictive_metric.py,244.98015546798706,0
Diffusion-TS,AirQuality,256,123,100001,predictive_score,42,0.020474290900665437,True,4096,763f03006b43ade6ea1a2dab673228b628a027e58a379e6eb9a5ef91fedd89f9,1f092fb345bbd440bfd8134b052e219c2665daeda132c41f3c2582fa8d6e8e15,/path/to/Diffusion-TS/Utils/predictive_metric.py,247.49398016929626,1
Diffusion-TS,AirQuality,256,123,100001,predictive_score,123,0.02017868859684313,True,4096,763f03006b43ade6ea1a2dab673228b628a027e58a379e6eb9a5ef91fedd89f9,1f092fb345bbd440bfd8134b052e219c2665daeda132c41f3c2582fa8d6e8e15,/path/to/Diffusion-TS/Utils/predictive_metric.py,248.5551631450653,2
Diffusion-TS,AirQuality,256,123,100002,context_fid,0,1.3788625888822026,True,4096,763f03006b43ade6ea1a2dab673228b628a027e58a379e6eb9a5ef91fedd89f9,8489f6c99dd499f447b166f5c71e3b6ae2ceebdb8127a4f6284292c3a93ca858,/path/to/PETS-FFT-Ablation/results/final_unconditional_main_v1/evaluators/AirQuality/T256/ts2vec_seed_0.pt,1.5801174640655518,0
Diffusion-TS,AirQuality,256,123,100002,context_fid,42,1.5398804699830553,True,4096,763f03006b43ade6ea1a2dab673228b628a027e58a379e6eb9a5ef91fedd89f9,8489f6c99dd499f447b166f5c71e3b6ae2ceebdb8127a4f6284292c3a93ca858,/path/to/PETS-FFT-Ablation/results/final_unconditional_main_v1/evaluators/AirQuality/T256/ts2vec_seed_42.pt,1.3800568580627441,0
Diffusion-TS,AirQuality,256,123,100002,context_fid,123,1.3779026361719335,True,4096,763f03006b43ade6ea1a2dab673228b628a027e58a379e6eb9a5ef91fedd89f9,8489f6c99dd499f447b166f5c71e3b6ae2ceebdb8127a4f6284292c3a93ca858,/path/to/PETS-FFT-Ablation/results/final_unconditional_main_v1/evaluators/AirQuality/T256/ts2vec_seed_123.pt,1.440605878829956,1
Diffusion-TS,AirQuality,256,123,100002,correlation_score,-1,0.1496104896068573,True,4096,763f03006b43ade6ea1a2dab673228b628a027e58a379e6eb9a5ef91fedd89f9,8489f6c99dd499f447b166f5c71e3b6ae2ceebdb8127a4f6284292c3a93ca858,/path/to/Diffusion-TS/Utils/cross_correlation.py,0.24381613731384277,0
Diffusion-TS,AirQuality,256,123,100002,discriminative_score,0,0.425609756097561,True,4096,763f03006b43ade6ea1a2dab673228b628a027e58a379e6eb9a5ef91fedd89f9,8489f6c99dd499f447b166f5c71e3b6ae2ceebdb8127a4f6284292c3a93ca858,/path/to/Diffusion-TS/Utils/discriminative_metric.py,114.42913174629211,0
Diffusion-TS,AirQuality,256,123,100002,discriminative_score,42,0.275,True,4096,763f03006b43ade6ea1a2dab673228b628a027e58a379e6eb9a5ef91fedd89f9,8489f6c99dd499f447b166f5c71e3b6ae2ceebdb8127a4f6284292c3a93ca858,/path/to/Diffusion-TS/Utils/discriminative_metric.py,114.66368746757507,1
Diffusion-TS,AirQuality,256,123,100002,discriminative_score,123,0.2597560975609756,True,4096,763f03006b43ade6ea1a2dab673228b628a027e58a379e6eb9a5ef91fedd89f9,8489f6c99dd499f447b166f5c71e3b6ae2ceebdb8127a4f6284292c3a93ca858,/path/to/Diffusion-TS/Utils/discriminative_metric.py,114.35047245025635,2
Diffusion-TS,AirQuality,256,123,100002,predictive_score,0,0.0192948813721614,True,4096,763f03006b43ade6ea1a2dab673228b628a027e58a379e6eb9a5ef91fedd89f9,8489f6c99dd499f447b166f5c71e3b6ae2ceebdb8127a4f6284292c3a93ca858,/path/to/Diffusion-TS/Utils/predictive_metric.py,243.81319880485535,0
Diffusion-TS,AirQuality,256,123,100002,predictive_score,42,0.02059820363410836,True,4096,763f03006b43ade6ea1a2dab673228b628a027e58a379e6eb9a5ef91fedd89f9,8489f6c99dd499f447b166f5c71e3b6ae2ceebdb8127a4f6284292c3a93ca858,/path/to/Diffusion-TS/Utils/predictive_metric.py,245.70213866233826,1
Diffusion-TS,AirQuality,256,123,100002,predictive_score,123,0.019644493236114613,True,4096,763f03006b43ade6ea1a2dab673228b628a027e58a379e6eb9a5ef91fedd89f9,8489f6c99dd499f447b166f5c71e3b6ae2ceebdb8127a4f6284292c3a93ca858,/path/to/Diffusion-TS/Utils/predictive_metric.py,245.48649311065674,2
Diffusion-TS,AirQuality,256,123,100003,context_fid,0,1.418546565057663,True,4096,763f03006b43ade6ea1a2dab673228b628a027e58a379e6eb9a5ef91fedd89f9,ca524808e6be8ff77507e2afb48b692910f21b06e3bee217519ecdae89e21efd,/path/to/PETS-FFT-Ablation/results/final_unconditional_main_v1/evaluators/AirQuality/T256/ts2vec_seed_0.pt,1.3546993732452393,0
Diffusion-TS,AirQuality,256,123,100003,context_fid,42,1.5688160847213846,True,4096,763f03006b43ade6ea1a2dab673228b628a027e58a379e6eb9a5ef91fedd89f9,ca524808e6be8ff77507e2afb48b692910f21b06e3bee217519ecdae89e21efd,/path/to/PETS-FFT-Ablation/results/final_unconditional_main_v1/evaluators/AirQuality/T256/ts2vec_seed_42.pt,1.4727904796600342,0
Diffusion-TS,AirQuality,256,123,100003,context_fid,123,1.3974079882317514,True,4096,763f03006b43ade6ea1a2dab673228b628a027e58a379e6eb9a5ef91fedd89f9,ca524808e6be8ff77507e2afb48b692910f21b06e3bee217519ecdae89e21efd,/path/to/PETS-FFT-Ablation/results/final_unconditional_main_v1/evaluators/AirQuality/T256/ts2vec_seed_123.pt,1.4059109687805176,0
Diffusion-TS,AirQuality,256,123,100003,correlation_score,-1,0.17485390603542328,True,4096,763f03006b43ade6ea1a2dab673228b628a027e58a379e6eb9a5ef91fedd89f9,ca524808e6be8ff77507e2afb48b692910f21b06e3bee217519ecdae89e21efd,/path/to/Diffusion-TS/Utils/cross_correlation.py,0.2500159740447998,0
Diffusion-TS,AirQuality,256,123,100003,discriminative_score,0,0.4213414634146342,True,4096,763f03006b43ade6ea1a2dab673228b628a027e58a379e6eb9a5ef91fedd89f9,ca524808e6be8ff77507e2afb48b692910f21b06e3bee217519ecdae89e21efd,/path/to/Diffusion-TS/Utils/discriminative_metric.py,114.05224013328552,1
Diffusion-TS,AirQuality,256,123,100003,discriminative_score,42,0.2701219512195122,True,4096,763f03006b43ade6ea1a2dab673228b628a027e58a379e6eb9a5ef91fedd89f9,ca524808e6be8ff77507e2afb48b692910f21b06e3bee217519ecdae89e21efd,/path/to/Diffusion-TS/Utils/discriminative_metric.py,115.28779530525208,2
Diffusion-TS,AirQuality,256,123,100003,discriminative_score,123,0.23597560975609755,True,4096,763f03006b43ade6ea1a2dab673228b628a027e58a379e6eb9a5ef91fedd89f9,ca524808e6be8ff77507e2afb48b692910f21b06e3bee217519ecdae89e21efd,/path/to/Diffusion-TS/Utils/discriminative_metric.py,114.7266354560852,0
Diffusion-TS,AirQuality,256,123,100003,predictive_score,0,0.01938644991446381,True,4096,763f03006b43ade6ea1a2dab673228b628a027e58a379e6eb9a5ef91fedd89f9,ca524808e6be8ff77507e2afb48b692910f21b06e3bee217519ecdae89e21efd,/path/to/Diffusion-TS/Utils/predictive_metric.py,245.28625440597534,1
Diffusion-TS,AirQuality,256,123,100003,predictive_score,42,0.020450597157150696,True,4096,763f03006b43ade6ea1a2dab673228b628a027e58a379e6eb9a5ef91fedd89f9,ca524808e6be8ff77507e2afb48b692910f21b06e3bee217519ecdae89e21efd,/path/to/Diffusion-TS/Utils/predictive_metric.py,246.6448585987091,2
Diffusion-TS,AirQuality,256,123,100003,predictive_score,123,0.020337179074658707,True,4096,763f03006b43ade6ea1a2dab673228b628a027e58a379e6eb9a5ef91fedd89f9,ca524808e6be8ff77507e2afb48b692910f21b06e3bee217519ecdae89e21efd,/path/to/Diffusion-TS/Utils/predictive_metric.py,244.56094765663147,0
Diffusion-TS,AirQuality,256,123,100004,context_fid,0,1.4423188665940385,True,4096,763f03006b43ade6ea1a2dab673228b628a027e58a379e6eb9a5ef91fedd89f9,b84336b99480468ed77e9520ecca8bea3201ad223548ba23e0bc0d5a7e29dea7,/path/to/PETS-FFT-Ablation/results/final_unconditional_main_v1/evaluators/AirQuality/T256/ts2vec_seed_0.pt,1.489339828491211,1
Diffusion-TS,AirQuality,256,123,100004,context_fid,42,1.6089763433793707,True,4096,763f03006b43ade6ea1a2dab673228b628a027e58a379e6eb9a5ef91fedd89f9,b84336b99480468ed77e9520ecca8bea3201ad223548ba23e0bc0d5a7e29dea7,/path/to/PETS-FFT-Ablation/results/final_unconditional_main_v1/evaluators/AirQuality/T256/ts2vec_seed_42.pt,1.4666919708251953,0
Diffusion-TS,AirQuality,256,123,100004,context_fid,123,1.4312550905855541,True,4096,763f03006b43ade6ea1a2dab673228b628a027e58a379e6eb9a5ef91fedd89f9,b84336b99480468ed77e9520ecca8bea3201ad223548ba23e0bc0d5a7e29dea7,/path/to/PETS-FFT-Ablation/results/final_unconditional_main_v1/evaluators/AirQuality/T256/ts2vec_seed_123.pt,1.4860706329345703,1
Diffusion-TS,AirQuality,256,123,100004,correlation_score,-1,0.16679035127162933,True,4096,763f03006b43ade6ea1a2dab673228b628a027e58a379e6eb9a5ef91fedd89f9,b84336b99480468ed77e9520ecca8bea3201ad223548ba23e0bc0d5a7e29dea7,/path/to/Diffusion-TS/Utils/cross_correlation.py,0.23428916931152344,1
Diffusion-TS,AirQuality,256,123,100004,discriminative_score,0,0.4280487804878049,True,4096,763f03006b43ade6ea1a2dab673228b628a027e58a379e6eb9a5ef91fedd89f9,b84336b99480468ed77e9520ecca8bea3201ad223548ba23e0bc0d5a7e29dea7,/path/to/Diffusion-TS/Utils/discriminative_metric.py,114.44956493377686,0
Diffusion-TS,AirQuality,256,123,100004,discriminative_score,42,0.26951219512195124,True,4096,763f03006b43ade6ea1a2dab673228b628a027e58a379e6eb9a5ef91fedd89f9,b84336b99480468ed77e9520ecca8bea3201ad223548ba23e0bc0d5a7e29dea7,/path/to/Diffusion-TS/Utils/discriminative_metric.py,115.24594330787659,1
Diffusion-TS,AirQuality,256,123,100004,discriminative_score,123,0.2548780487804878,True,4096,763f03006b43ade6ea1a2dab673228b628a027e58a379e6eb9a5ef91fedd89f9,b84336b99480468ed77e9520ecca8bea3201ad223548ba23e0bc0d5a7e29dea7,/path/to/Diffusion-TS/Utils/discriminative_metric.py,114.37291026115417,2
Diffusion-TS,AirQuality,256,123,100004,predictive_score,0,0.01940467253643874,True,4096,763f03006b43ade6ea1a2dab673228b628a027e58a379e6eb9a5ef91fedd89f9,b84336b99480468ed77e9520ecca8bea3201ad223548ba23e0bc0d5a7e29dea7,/path/to/Diffusion-TS/Utils/predictive_metric.py,247.4542636871338,0
Diffusion-TS,AirQuality,256,123,100004,predictive_score,42,0.020386628799087703,True,4096,763f03006b43ade6ea1a2dab673228b628a027e58a379e6eb9a5ef91fedd89f9,b84336b99480468ed77e9520ecca8bea3201ad223548ba23e0bc0d5a7e29dea7,/path/to/Diffusion-TS/Utils/predictive_metric.py,252.23122811317444,2
Diffusion-TS,AirQuality,256,123,100004,predictive_score,123,0.02093296876023487,True,4096,763f03006b43ade6ea1a2dab673228b628a027e58a379e6eb9a5ef91fedd89f9,b84336b99480468ed77e9520ecca8bea3201ad223548ba23e0bc0d5a7e29dea7,/path/to/Diffusion-TS/Utils/predictive_metric.py,244.31588506698608,1
PETS-U,AirQuality,256,0,100000,context_fid,0,3.15286595145621,True,4096,763f03006b43ade6ea1a2dab673228b628a027e58a379e6eb9a5ef91fedd89f9,cc1eeb9cb3a415a9eeef782709379f412d7387423e41e2e6a47d9685e7b0071a,/path/to/PETS-FFT-Ablation/results/final_unconditional_main_v1/evaluators/AirQuality/T256/ts2vec_seed_0.pt,1.3201990127563477,0
PETS-U,AirQuality,256,0,100000,context_fid,42,3.5784775427898348,True,4096,763f03006b43ade6ea1a2dab673228b628a027e58a379e6eb9a5ef91fedd89f9,cc1eeb9cb3a415a9eeef782709379f412d7387423e41e2e6a47d9685e7b0071a,/path/to/PETS-FFT-Ablation/results/final_unconditional_main_v1/evaluators/AirQuality/T256/ts2vec_seed_42.pt,1.525587558746338,1
PETS-U,AirQuality,256,0,100000,context_fid,123,2.8392103914880136,True,4096,763f03006b43ade6ea1a2dab673228b628a027e58a379e6eb9a5ef91fedd89f9,cc1eeb9cb3a415a9eeef782709379f412d7387423e41e2e6a47d9685e7b0071a,/path/to/PETS-FFT-Ablation/results/final_unconditional_main_v1/evaluators/AirQuality/T256/ts2vec_seed_123.pt,1.4800372123718262,2
PETS-U,AirQuality,256,0,100000,correlation_score,-1,0.1769116222858429,True,4096,763f03006b43ade6ea1a2dab673228b628a027e58a379e6eb9a5ef91fedd89f9,cc1eeb9cb3a415a9eeef782709379f412d7387423e41e2e6a47d9685e7b0071a,/path/to/Diffusion-TS/Utils/cross_correlation.py,0.2409515380859375,0
PETS-U,AirQuality,256,0,100000,discriminative_score,0,0.4518292682926829,True,4096,763f03006b43ade6ea1a2dab673228b628a027e58a379e6eb9a5ef91fedd89f9,cc1eeb9cb3a415a9eeef782709379f412d7387423e41e2e6a47d9685e7b0071a,/path/to/Diffusion-TS/Utils/discriminative_metric.py,114.77851295471191,0
PETS-U,AirQuality,256,0,100000,discriminative_score,42,0.3268292682926829,True,4096,763f03006b43ade6ea1a2dab673228b628a027e58a379e6eb9a5ef91fedd89f9,cc1eeb9cb3a415a9eeef782709379f412d7387423e41e2e6a47d9685e7b0071a,/path/to/Diffusion-TS/Utils/discriminative_metric.py,113.76473474502563,1
PETS-U,AirQuality,256,0,100000,discriminative_score,123,0.14451219512195124,True,4096,763f03006b43ade6ea1a2dab673228b628a027e58a379e6eb9a5ef91fedd89f9,cc1eeb9cb3a415a9eeef782709379f412d7387423e41e2e6a47d9685e7b0071a,/path/to/Diffusion-TS/Utils/discriminative_metric.py,114.30967092514038,2
PETS-U,AirQuality,256,0,100000,predictive_score,0,0.021624675993280107,True,4096,763f03006b43ade6ea1a2dab673228b628a027e58a379e6eb9a5ef91fedd89f9,cc1eeb9cb3a415a9eeef782709379f412d7387423e41e2e6a47d9685e7b0071a,/path/to/Diffusion-TS/Utils/predictive_metric.py,245.15471196174622,1
PETS-U,AirQuality,256,0,100000,predictive_score,42,0.023287608048576658,True,4096,763f03006b43ade6ea1a2dab673228b628a027e58a379e6eb9a5ef91fedd89f9,cc1eeb9cb3a415a9eeef782709379f412d7387423e41e2e6a47d9685e7b0071a,/path/to/Diffusion-TS/Utils/predictive_metric.py,246.08618021011353,0
PETS-U,AirQuality,256,0,100000,predictive_score,123,0.0248681673936062,True,4096,763f03006b43ade6ea1a2dab673228b628a027e58a379e6eb9a5ef91fedd89f9,cc1eeb9cb3a415a9eeef782709379f412d7387423e41e2e6a47d9685e7b0071a,/path/to/Diffusion-TS/Utils/predictive_metric.py,250.3062388896942,2
PETS-U,AirQuality,256,0,100001,context_fid,0,3.0718535570199896,True,4096,763f03006b43ade6ea1a2dab673228b628a027e58a379e6eb9a5ef91fedd89f9,b7bdd9360de5034aefd394c69bf478dbea5f430e60bcbda90687f4197835036c,/path/to/PETS-FFT-Ablation/results/final_unconditional_main_v1/evaluators/AirQuality/T256/ts2vec_seed_0.pt,1.3994178771972656,1
PETS-U,AirQuality,256,0,100001,context_fid,42,3.5017975865492956,True,4096,763f03006b43ade6ea1a2dab673228b628a027e58a379e6eb9a5ef91fedd89f9,b7bdd9360de5034aefd394c69bf478dbea5f430e60bcbda90687f4197835036c,/path/to/PETS-FFT-Ablation/results/final_unconditional_main_v1/evaluators/AirQuality/T256/ts2vec_seed_42.pt,1.421884536743164,0
PETS-U,AirQuality,256,0,100001,context_fid,123,2.7689001869538012,True,4096,763f03006b43ade6ea1a2dab673228b628a027e58a379e6eb9a5ef91fedd89f9,b7bdd9360de5034aefd394c69bf478dbea5f430e60bcbda90687f4197835036c,/path/to/PETS-FFT-Ablation/results/final_unconditional_main_v1/evaluators/AirQuality/T256/ts2vec_seed_123.pt,1.6716034412384033,1
PETS-U,AirQuality,256,0,100001,correlation_score,-1,0.1676592230796814,True,4096,763f03006b43ade6ea1a2dab673228b628a027e58a379e6eb9a5ef91fedd89f9,b7bdd9360de5034aefd394c69bf478dbea5f430e60bcbda90687f4197835036c,/path/to/Diffusion-TS/Utils/cross_correlation.py,0.235673189163208,1
PETS-U,AirQuality,256,0,100001,discriminative_score,0,0.4591463414634146,True,4096,763f03006b43ade6ea1a2dab673228b628a027e58a379e6eb9a5ef91fedd89f9,b7bdd9360de5034aefd394c69bf478dbea5f430e60bcbda90687f4197835036c,/path/to/Diffusion-TS/Utils/discriminative_metric.py,116.08698058128357,0
PETS-U,AirQuality,256,0,100001,discriminative_score,42,0.2652439024390244,True,4096,763f03006b43ade6ea1a2dab673228b628a027e58a379e6eb9a5ef91fedd89f9,b7bdd9360de5034aefd394c69bf478dbea5f430e60bcbda90687f4197835036c,/path/to/Diffusion-TS/Utils/discriminative_metric.py,114.38092517852783,1
PETS-U,AirQuality,256,0,100001,discriminative_score,123,0.1274390243902439,True,4096,763f03006b43ade6ea1a2dab673228b628a027e58a379e6eb9a5ef91fedd89f9,b7bdd9360de5034aefd394c69bf478dbea5f430e60bcbda90687f4197835036c,/path/to/Diffusion-TS/Utils/discriminative_metric.py,114.52731227874756,2
PETS-U,AirQuality,256,0,100001,predictive_score,0,0.02146132308189408,True,4096,763f03006b43ade6ea1a2dab673228b628a027e58a379e6eb9a5ef91fedd89f9,b7bdd9360de5034aefd394c69bf478dbea5f430e60bcbda90687f4197835036c,/path/to/Diffusion-TS/Utils/predictive_metric.py,247.4218671321869,1
PETS-U,AirQuality,256,0,100001,predictive_score,42,0.023046803062356958,True,4096,763f03006b43ade6ea1a2dab673228b628a027e58a379e6eb9a5ef91fedd89f9,b7bdd9360de5034aefd394c69bf478dbea5f430e60bcbda90687f4197835036c,/path/to/Diffusion-TS/Utils/predictive_metric.py,245.60631918907166,0
PETS-U,AirQuality,256,0,100001,predictive_score,123,0.024933773644988833,True,4096,763f03006b43ade6ea1a2dab673228b628a027e58a379e6eb9a5ef91fedd89f9,b7bdd9360de5034aefd394c69bf478dbea5f430e60bcbda90687f4197835036c,/path/to/Diffusion-TS/Utils/predictive_metric.py,247.56028842926025,2
PETS-U,AirQuality,256,0,100002,context_fid,0,3.222186833139087,True,4096,763f03006b43ade6ea1a2dab673228b628a027e58a379e6eb9a5ef91fedd89f9,599e3ce819d6e6358d9d1baa7442d03da301072c324593d4d7eaa48bc2c49953,/path/to/PETS-FFT-Ablation/results/final_unconditional_main_v1/evaluators/AirQuality/T256/ts2vec_seed_0.pt,1.4044718742370605,0
PETS-U,AirQuality,256,0,100002,context_fid,42,3.6652017096888816,True,4096,763f03006b43ade6ea1a2dab673228b628a027e58a379e6eb9a5ef91fedd89f9,599e3ce819d6e6358d9d1baa7442d03da301072c324593d4d7eaa48bc2c49953,/path/to/PETS-FFT-Ablation/results/final_unconditional_main_v1/evaluators/AirQuality/T256/ts2vec_seed_42.pt,1.4689984321594238,1
PETS-U,AirQuality,256,0,100002,context_fid,123,2.8817503727380513,True,4096,763f03006b43ade6ea1a2dab673228b628a027e58a379e6eb9a5ef91fedd89f9,599e3ce819d6e6358d9d1baa7442d03da301072c324593d4d7eaa48bc2c49953,/path/to/PETS-FFT-Ablation/results/final_unconditional_main_v1/evaluators/AirQuality/T256/ts2vec_seed_123.pt,1.527254343032837,0
PETS-U,AirQuality,256,0,100002,correlation_score,-1,0.18508023023605347,True,4096,763f03006b43ade6ea1a2dab673228b628a027e58a379e6eb9a5ef91fedd89f9,599e3ce819d6e6358d9d1baa7442d03da301072c324593d4d7eaa48bc2c49953,/path/to/Diffusion-TS/Utils/cross_correlation.py,0.23088431358337402,0
PETS-U,AirQuality,256,0,100002,discriminative_score,0,0.4591463414634146,True,4096,763f03006b43ade6ea1a2dab673228b628a027e58a379e6eb9a5ef91fedd89f9,599e3ce819d6e6358d9d1baa7442d03da301072c324593d4d7eaa48bc2c49953,/path/to/Diffusion-TS/Utils/discriminative_metric.py,114.60280466079712,1
PETS-U,AirQuality,256,0,100002,discriminative_score,42,0.34817073170731705,True,4096,763f03006b43ade6ea1a2dab673228b628a027e58a379e6eb9a5ef91fedd89f9,599e3ce819d6e6358d9d1baa7442d03da301072c324593d4d7eaa48bc2c49953,/path/to/Diffusion-TS/Utils/discriminative_metric.py,114.39344692230225,0
PETS-U,AirQuality,256,0,100002,discriminative_score,123,0.022560975609756118,True,4096,763f03006b43ade6ea1a2dab673228b628a027e58a379e6eb9a5ef91fedd89f9,599e3ce819d6e6358d9d1baa7442d03da301072c324593d4d7eaa48bc2c49953,/path/to/Diffusion-TS/Utils/discriminative_metric.py,114.0304548740387,2
PETS-U,AirQuality,256,0,100002,predictive_score,0,0.021652843922083775,True,4096,763f03006b43ade6ea1a2dab673228b628a027e58a379e6eb9a5ef91fedd89f9,599e3ce819d6e6358d9d1baa7442d03da301072c324593d4d7eaa48bc2c49953,/path/to/Diffusion-TS/Utils/predictive_metric.py,246.70951533317566,1
PETS-U,AirQuality,256,0,100002,predictive_score,42,0.023410705939568288,True,4096,763f03006b43ade6ea1a2dab673228b628a027e58a379e6eb9a5ef91fedd89f9,599e3ce819d6e6358d9d1baa7442d03da301072c324593d4d7eaa48bc2c49953,/path/to/Diffusion-TS/Utils/predictive_metric.py,248.27272391319275,0
PETS-U,AirQuality,256,0,100002,predictive_score,123,0.02475031218523327,True,4096,763f03006b43ade6ea1a2dab673228b628a027e58a379e6eb9a5ef91fedd89f9,599e3ce819d6e6358d9d1baa7442d03da301072c324593d4d7eaa48bc2c49953,/path/to/Diffusion-TS/Utils/predictive_metric.py,247.27658343315125,2
PETS-U,AirQuality,256,0,100003,context_fid,0,3.103828000837781,True,4096,763f03006b43ade6ea1a2dab673228b628a027e58a379e6eb9a5ef91fedd89f9,172f4549658b6db49649fc6cd533f8fc54442bec3def470a3760a4f7b2709f6a,/path/to/PETS-FFT-Ablation/results/final_unconditional_main_v1/evaluators/AirQuality/T256/ts2vec_seed_0.pt,1.4459857940673828,1
PETS-U,AirQuality,256,0,100003,context_fid,42,3.494206731677701,True,4096,763f03006b43ade6ea1a2dab673228b628a027e58a379e6eb9a5ef91fedd89f9,172f4549658b6db49649fc6cd533f8fc54442bec3def470a3760a4f7b2709f6a,/path/to/PETS-FFT-Ablation/results/final_unconditional_main_v1/evaluators/AirQuality/T256/ts2vec_seed_42.pt,1.5004527568817139,2
PETS-U,AirQuality,256,0,100003,context_fid,123,2.838470598255382,True,4096,763f03006b43ade6ea1a2dab673228b628a027e58a379e6eb9a5ef91fedd89f9,172f4549658b6db49649fc6cd533f8fc54442bec3def470a3760a4f7b2709f6a,/path/to/PETS-FFT-Ablation/results/final_unconditional_main_v1/evaluators/AirQuality/T256/ts2vec_seed_123.pt,1.5316376686096191,1
PETS-U,AirQuality,256,0,100003,correlation_score,-1,0.16564984619617462,True,4096,763f03006b43ade6ea1a2dab673228b628a027e58a379e6eb9a5ef91fedd89f9,172f4549658b6db49649fc6cd533f8fc54442bec3def470a3760a4f7b2709f6a,/path/to/Diffusion-TS/Utils/cross_correlation.py,0.2384946346282959,1
PETS-U,AirQuality,256,0,100003,discriminative_score,0,0.4560975609756097,True,4096,763f03006b43ade6ea1a2dab673228b628a027e58a379e6eb9a5ef91fedd89f9,172f4549658b6db49649fc6cd533f8fc54442bec3def470a3760a4f7b2709f6a,/path/to/Diffusion-TS/Utils/discriminative_metric.py,113.83939123153687,0
PETS-U,AirQuality,256,0,100003,discriminative_score,42,0.22378048780487803,True,4096,763f03006b43ade6ea1a2dab673228b628a027e58a379e6eb9a5ef91fedd89f9,172f4549658b6db49649fc6cd533f8fc54442bec3def470a3760a4f7b2709f6a,/path/to/Diffusion-TS/Utils/discriminative_metric.py,114.09636664390564,2
PETS-U,AirQuality,256,0,100003,discriminative_score,123,0.1097560975609756,True,4096,763f03006b43ade6ea1a2dab673228b628a027e58a379e6eb9a5ef91fedd89f9,172f4549658b6db49649fc6cd533f8fc54442bec3def470a3760a4f7b2709f6a,/path/to/Diffusion-TS/Utils/discriminative_metric.py,113.45188450813293,1
PETS-U,AirQuality,256,0,100003,predictive_score,0,0.021640789215553013,True,4096,763f03006b43ade6ea1a2dab673228b628a027e58a379e6eb9a5ef91fedd89f9,172f4549658b6db49649fc6cd533f8fc54442bec3def470a3760a4f7b2709f6a,/path/to/Diffusion-TS/Utils/predictive_metric.py,245.1788411140442,0
PETS-U,AirQuality,256,0,100003,predictive_score,42,0.02287943343378629,True,4096,763f03006b43ade6ea1a2dab673228b628a027e58a379e6eb9a5ef91fedd89f9,172f4549658b6db49649fc6cd533f8fc54442bec3def470a3760a4f7b2709f6a,/path/to/Diffusion-TS/Utils/predictive_metric.py,245.62377309799194,1
PETS-U,AirQuality,256,0,100003,predictive_score,123,0.025676349335526538,True,4096,763f03006b43ade6ea1a2dab673228b628a027e58a379e6eb9a5ef91fedd89f9,172f4549658b6db49649fc6cd533f8fc54442bec3def470a3760a4f7b2709f6a,/path/to/Diffusion-TS/Utils/predictive_metric.py,244.78423833847046,2
PETS-U,AirQuality,256,0,100004,context_fid,0,3.1036141431992004,True,4096,763f03006b43ade6ea1a2dab673228b628a027e58a379e6eb9a5ef91fedd89f9,36641fdc0dae019ade148f495cfb6e0d82083977bf29f7f9a5b085ef29463e43,/path/to/PETS-FFT-Ablation/results/final_unconditional_main_v1/evaluators/AirQuality/T256/ts2vec_seed_0.pt,1.3043642044067383,0
PETS-U,AirQuality,256,0,100004,context_fid,42,3.52846682836177,True,4096,763f03006b43ade6ea1a2dab673228b628a027e58a379e6eb9a5ef91fedd89f9,36641fdc0dae019ade148f495cfb6e0d82083977bf29f7f9a5b085ef29463e43,/path/to/PETS-FFT-Ablation/results/final_unconditional_main_v1/evaluators/AirQuality/T256/ts2vec_seed_42.pt,1.4348204135894775,2
PETS-U,AirQuality,256,0,100004,context_fid,123,2.795052644423108,True,4096,763f03006b43ade6ea1a2dab673228b628a027e58a379e6eb9a5ef91fedd89f9,36641fdc0dae019ade148f495cfb6e0d82083977bf29f7f9a5b085ef29463e43,/path/to/PETS-FFT-Ablation/results/final_unconditional_main_v1/evaluators/AirQuality/T256/ts2vec_seed_123.pt,1.4645705223083496,1
PETS-U,AirQuality,256,0,100004,correlation_score,-1,0.17476609349250793,True,4096,763f03006b43ade6ea1a2dab673228b628a027e58a379e6eb9a5ef91fedd89f9,36641fdc0dae019ade148f495cfb6e0d82083977bf29f7f9a5b085ef29463e43,/path/to/Diffusion-TS/Utils/cross_correlation.py,0.22555780410766602,0
PETS-U,AirQuality,256,0,100004,discriminative_score,0,0.46585365853658534,True,4096,763f03006b43ade6ea1a2dab673228b628a027e58a379e6eb9a5ef91fedd89f9,36641fdc0dae019ade148f495cfb6e0d82083977bf29f7f9a5b085ef29463e43,/path/to/Diffusion-TS/Utils/discriminative_metric.py,115.61518788337708,0
PETS-U,AirQuality,256,0,100004,discriminative_score,42,0.35,True,4096,763f03006b43ade6ea1a2dab673228b628a027e58a379e6eb9a5ef91fedd89f9,36641fdc0dae019ade148f495cfb6e0d82083977bf29f7f9a5b085ef29463e43,/path/to/Diffusion-TS/Utils/discriminative_metric.py,113.34998846054077,2
PETS-U,AirQuality,256,0,100004,discriminative_score,123,0.125,True,4096,763f03006b43ade6ea1a2dab673228b628a027e58a379e6eb9a5ef91fedd89f9,36641fdc0dae019ade148f495cfb6e0d82083977bf29f7f9a5b085ef29463e43,/path/to/Diffusion-TS/Utils/discriminative_metric.py,113.52675604820251,1
PETS-U,AirQuality,256,0,100004,predictive_score,0,0.021382018176154816,True,4096,763f03006b43ade6ea1a2dab673228b628a027e58a379e6eb9a5ef91fedd89f9,36641fdc0dae019ade148f495cfb6e0d82083977bf29f7f9a5b085ef29463e43,/path/to/Diffusion-TS/Utils/predictive_metric.py,248.0158612728119,2
PETS-U,AirQuality,256,0,100004,predictive_score,42,0.023156298516028073,True,4096,763f03006b43ade6ea1a2dab673228b628a027e58a379e6eb9a5ef91fedd89f9,36641fdc0dae019ade148f495cfb6e0d82083977bf29f7f9a5b085ef29463e43,/path/to/Diffusion-TS/Utils/predictive_metric.py,247.86378073692322,1
PETS-U,AirQuality,256,0,100004,predictive_score,123,0.024834960094267444,True,4096,763f03006b43ade6ea1a2dab673228b628a027e58a379e6eb9a5ef91fedd89f9,36641fdc0dae019ade148f495cfb6e0d82083977bf29f7f9a5b085ef29463e43,/path/to/Diffusion-TS/Utils/predictive_metric.py,246.055917263031,0
PETS-U,AirQuality,256,42,100000,context_fid,0,0.8782483018284563,True,4096,763f03006b43ade6ea1a2dab673228b628a027e58a379e6eb9a5ef91fedd89f9,fcfd3ad612ed59701c3531d82cdf2fea540f945c3183e32101c93a8e9a3bd9c4,/path/to/PETS-FFT-Ablation/results/final_unconditional_main_v1/evaluators/AirQuality/T256/ts2vec_seed_0.pt,1.287245273590088,0
PETS-U,AirQuality,256,42,100000,context_fid,42,0.9098479346320854,True,4096,763f03006b43ade6ea1a2dab673228b628a027e58a379e6eb9a5ef91fedd89f9,fcfd3ad612ed59701c3531d82cdf2fea540f945c3183e32101c93a8e9a3bd9c4,/path/to/PETS-FFT-Ablation/results/final_unconditional_main_v1/evaluators/AirQuality/T256/ts2vec_seed_42.pt,1.609717607498169,2
PETS-U,AirQuality,256,42,100000,context_fid,123,0.8433353405278208,True,4096,763f03006b43ade6ea1a2dab673228b628a027e58a379e6eb9a5ef91fedd89f9,fcfd3ad612ed59701c3531d82cdf2fea540f945c3183e32101c93a8e9a3bd9c4,/path/to/PETS-FFT-Ablation/results/final_unconditional_main_v1/evaluators/AirQuality/T256/ts2vec_seed_123.pt,1.524993896484375,1
PETS-U,AirQuality,256,42,100000,correlation_score,-1,0.14746211469173431,True,4096,763f03006b43ade6ea1a2dab673228b628a027e58a379e6eb9a5ef91fedd89f9,fcfd3ad612ed59701c3531d82cdf2fea540f945c3183e32101c93a8e9a3bd9c4,/path/to/Diffusion-TS/Utils/cross_correlation.py,0.22542381286621094,0
PETS-U,AirQuality,256,42,100000,discriminative_score,0,0.300609756097561,True,4096,763f03006b43ade6ea1a2dab673228b628a027e58a379e6eb9a5ef91fedd89f9,fcfd3ad612ed59701c3531d82cdf2fea540f945c3183e32101c93a8e9a3bd9c4,/path/to/Diffusion-TS/Utils/discriminative_metric.py,115.8354001045227,0
PETS-U,AirQuality,256,42,100000,discriminative_score,42,0.176219512195122,True,4096,763f03006b43ade6ea1a2dab673228b628a027e58a379e6eb9a5ef91fedd89f9,fcfd3ad612ed59701c3531d82cdf2fea540f945c3183e32101c93a8e9a3bd9c4,/path/to/Diffusion-TS/Utils/discriminative_metric.py,113.41215777397156,2
PETS-U,AirQuality,256,42,100000,discriminative_score,123,0.2548780487804878,True,4096,763f03006b43ade6ea1a2dab673228b628a027e58a379e6eb9a5ef91fedd89f9,fcfd3ad612ed59701c3531d82cdf2fea540f945c3183e32101c93a8e9a3bd9c4,/path/to/Diffusion-TS/Utils/discriminative_metric.py,114.54762816429138,1
PETS-U,AirQuality,256,42,100000,predictive_score,0,0.019451890187156096,True,4096,763f03006b43ade6ea1a2dab673228b628a027e58a379e6eb9a5ef91fedd89f9,fcfd3ad612ed59701c3531d82cdf2fea540f945c3183e32101c93a8e9a3bd9c4,/path/to/Diffusion-TS/Utils/predictive_metric.py,252.3017725944519,2
PETS-U,AirQuality,256,42,100000,predictive_score,42,0.02049690193598508,True,4096,763f03006b43ade6ea1a2dab673228b628a027e58a379e6eb9a5ef91fedd89f9,fcfd3ad612ed59701c3531d82cdf2fea540f945c3183e32101c93a8e9a3bd9c4,/path/to/Diffusion-TS/Utils/predictive_metric.py,250.37924456596375,1
PETS-U,AirQuality,256,42,100000,predictive_score,123,0.02172139643198534,True,4096,763f03006b43ade6ea1a2dab673228b628a027e58a379e6eb9a5ef91fedd89f9,fcfd3ad612ed59701c3531d82cdf2fea540f945c3183e32101c93a8e9a3bd9c4,/path/to/Diffusion-TS/Utils/predictive_metric.py,246.27366518974304,0
PETS-U,AirQuality,256,42,100001,context_fid,0,0.8753838957401275,True,4096,763f03006b43ade6ea1a2dab673228b628a027e58a379e6eb9a5ef91fedd89f9,6dfb520ad11a34e1ad0ae2fe7bf402edc1f1c1620bf770b2198b3c996865c01c,/path/to/PETS-FFT-Ablation/results/final_unconditional_main_v1/evaluators/AirQuality/T256/ts2vec_seed_0.pt,1.4885571002960205,0
PETS-U,AirQuality,256,42,100001,context_fid,42,0.9023932914826837,True,4096,763f03006b43ade6ea1a2dab673228b628a027e58a379e6eb9a5ef91fedd89f9,6dfb520ad11a34e1ad0ae2fe7bf402edc1f1c1620bf770b2198b3c996865c01c,/path/to/PETS-FFT-Ablation/results/final_unconditional_main_v1/evaluators/AirQuality/T256/ts2vec_seed_42.pt,1.442229986190796,0
PETS-U,AirQuality,256,42,100001,context_fid,123,0.8347745110000658,True,4096,763f03006b43ade6ea1a2dab673228b628a027e58a379e6eb9a5ef91fedd89f9,6dfb520ad11a34e1ad0ae2fe7bf402edc1f1c1620bf770b2198b3c996865c01c,/path/to/PETS-FFT-Ablation/results/final_unconditional_main_v1/evaluators/AirQuality/T256/ts2vec_seed_123.pt,1.4292542934417725,0
PETS-U,AirQuality,256,42,100001,correlation_score,-1,0.14296072721481323,True,4096,763f03006b43ade6ea1a2dab673228b628a027e58a379e6eb9a5ef91fedd89f9,6dfb520ad11a34e1ad0ae2fe7bf402edc1f1c1620bf770b2198b3c996865c01c,/path/to/Diffusion-TS/Utils/cross_correlation.py,0.24559593200683594,0
PETS-U,AirQuality,256,42,100001,discriminative_score,0,0.32560975609756093,True,4096,763f03006b43ade6ea1a2dab673228b628a027e58a379e6eb9a5ef91fedd89f9,6dfb520ad11a34e1ad0ae2fe7bf402edc1f1c1620bf770b2198b3c996865c01c,/path/to/Diffusion-TS/Utils/discriminative_metric.py,113.3840172290802,1
PETS-U,AirQuality,256,42,100001,discriminative_score,42,0.19207317073170727,True,4096,763f03006b43ade6ea1a2dab673228b628a027e58a379e6eb9a5ef91fedd89f9,6dfb520ad11a34e1ad0ae2fe7bf402edc1f1c1620bf770b2198b3c996865c01c,/path/to/Diffusion-TS/Utils/discriminative_metric.py,115.99477291107178,2
PETS-U,AirQuality,256,42,100001,discriminative_score,123,0.28475609756097564,True,4096,763f03006b43ade6ea1a2dab673228b628a027e58a379e6eb9a5ef91fedd89f9,6dfb520ad11a34e1ad0ae2fe7bf402edc1f1c1620bf770b2198b3c996865c01c,/path/to/Diffusion-TS/Utils/discriminative_metric.py,113.70727109909058,0
PETS-U,AirQuality,256,42,100001,predictive_score,0,0.019459642583569803,True,4096,763f03006b43ade6ea1a2dab673228b628a027e58a379e6eb9a5ef91fedd89f9,6dfb520ad11a34e1ad0ae2fe7bf402edc1f1c1620bf770b2198b3c996865c01c,/path/to/Diffusion-TS/Utils/predictive_metric.py,250.91103410720825,1
PETS-U,AirQuality,256,42,100001,predictive_score,42,0.020332383534650944,True,4096,763f03006b43ade6ea1a2dab673228b628a027e58a379e6eb9a5ef91fedd89f9,6dfb520ad11a34e1ad0ae2fe7bf402edc1f1c1620bf770b2198b3c996865c01c,/path/to/Diffusion-TS/Utils/predictive_metric.py,247.5095145702362,0
PETS-U,AirQuality,256,42,100001,predictive_score,123,0.021216203614585538,True,4096,763f03006b43ade6ea1a2dab673228b628a027e58a379e6eb9a5ef91fedd89f9,6dfb520ad11a34e1ad0ae2fe7bf402edc1f1c1620bf770b2198b3c996865c01c,/path/to/Diffusion-TS/Utils/predictive_metric.py,241.93820667266846,2
PETS-U,AirQuality,256,42,100002,context_fid,0,0.8777404255467809,True,4096,763f03006b43ade6ea1a2dab673228b628a027e58a379e6eb9a5ef91fedd89f9,3f2e8ac6982ca5b3931b1fe8fc0eba66f40020193e43693e27e887280118dcbf,/path/to/PETS-FFT-Ablation/results/final_unconditional_main_v1/evaluators/AirQuality/T256/ts2vec_seed_0.pt,1.460421085357666,2
PETS-U,AirQuality,256,42,100002,context_fid,42,0.8960933303141039,True,4096,763f03006b43ade6ea1a2dab673228b628a027e58a379e6eb9a5ef91fedd89f9,3f2e8ac6982ca5b3931b1fe8fc0eba66f40020193e43693e27e887280118dcbf,/path/to/PETS-FFT-Ablation/results/final_unconditional_main_v1/evaluators/AirQuality/T256/ts2vec_seed_42.pt,1.4431359767913818,2
PETS-U,AirQuality,256,42,100002,context_fid,123,0.8382790819836353,True,4096,763f03006b43ade6ea1a2dab673228b628a027e58a379e6eb9a5ef91fedd89f9,3f2e8ac6982ca5b3931b1fe8fc0eba66f40020193e43693e27e887280118dcbf,/path/to/PETS-FFT-Ablation/results/final_unconditional_main_v1/evaluators/AirQuality/T256/ts2vec_seed_123.pt,1.529480218887329,2
PETS-U,AirQuality,256,42,100002,correlation_score,-1,0.14269360899925232,True,4096,763f03006b43ade6ea1a2dab673228b628a027e58a379e6eb9a5ef91fedd89f9,3f2e8ac6982ca5b3931b1fe8fc0eba66f40020193e43693e27e887280118dcbf,/path/to/Diffusion-TS/Utils/cross_correlation.py,0.2382645606994629,2
PETS-U,AirQuality,256,42,100002,discriminative_score,0,0.300609756097561,True,4096,763f03006b43ade6ea1a2dab673228b628a027e58a379e6eb9a5ef91fedd89f9,3f2e8ac6982ca5b3931b1fe8fc0eba66f40020193e43693e27e887280118dcbf,/path/to/Diffusion-TS/Utils/discriminative_metric.py,114.71955585479736,0
PETS-U,AirQuality,256,42,100002,discriminative_score,42,0.19329268292682922,True,4096,763f03006b43ade6ea1a2dab673228b628a027e58a379e6eb9a5ef91fedd89f9,3f2e8ac6982ca5b3931b1fe8fc0eba66f40020193e43693e27e887280118dcbf,/path/to/Diffusion-TS/Utils/discriminative_metric.py,114.80601000785828,2
PETS-U,AirQuality,256,42,100002,discriminative_score,123,0.2707317073170732,True,4096,763f03006b43ade6ea1a2dab673228b628a027e58a379e6eb9a5ef91fedd89f9,3f2e8ac6982ca5b3931b1fe8fc0eba66f40020193e43693e27e887280118dcbf,/path/to/Diffusion-TS/Utils/discriminative_metric.py,114.35096168518066,1
PETS-U,AirQuality,256,42,100002,predictive_score,0,0.019437816368736094,True,4096,763f03006b43ade6ea1a2dab673228b628a027e58a379e6eb9a5ef91fedd89f9,3f2e8ac6982ca5b3931b1fe8fc0eba66f40020193e43693e27e887280118dcbf,/path/to/Diffusion-TS/Utils/predictive_metric.py,240.8293812274933,0
PETS-U,AirQuality,256,42,100002,predictive_score,42,0.020278982631680265,True,4096,763f03006b43ade6ea1a2dab673228b628a027e58a379e6eb9a5ef91fedd89f9,3f2e8ac6982ca5b3931b1fe8fc0eba66f40020193e43693e27e887280118dcbf,/path/to/Diffusion-TS/Utils/predictive_metric.py,247.79639601707458,2
PETS-U,AirQuality,256,42,100002,predictive_score,123,0.022253269087514127,True,4096,763f03006b43ade6ea1a2dab673228b628a027e58a379e6eb9a5ef91fedd89f9,3f2e8ac6982ca5b3931b1fe8fc0eba66f40020193e43693e27e887280118dcbf,/path/to/Diffusion-TS/Utils/predictive_metric.py,246.47001242637634,1
PETS-U,AirQuality,256,42,100003,context_fid,0,0.8827996678460874,True,4096,763f03006b43ade6ea1a2dab673228b628a027e58a379e6eb9a5ef91fedd89f9,a49cca1309106eba5a37bfefeb70323184245401362ea8a0d89368cbf3110a32,/path/to/PETS-FFT-Ablation/results/final_unconditional_main_v1/evaluators/AirQuality/T256/ts2vec_seed_0.pt,1.3871395587921143,0
PETS-U,AirQuality,256,42,100003,context_fid,42,0.9066693534200115,True,4096,763f03006b43ade6ea1a2dab673228b628a027e58a379e6eb9a5ef91fedd89f9,a49cca1309106eba5a37bfefeb70323184245401362ea8a0d89368cbf3110a32,/path/to/PETS-FFT-Ablation/results/final_unconditional_main_v1/evaluators/AirQuality/T256/ts2vec_seed_42.pt,1.436155080795288,0
PETS-U,AirQuality,256,42,100003,context_fid,123,0.8490904845604635,True,4096,763f03006b43ade6ea1a2dab673228b628a027e58a379e6eb9a5ef91fedd89f9,a49cca1309106eba5a37bfefeb70323184245401362ea8a0d89368cbf3110a32,/path/to/PETS-FFT-Ablation/results/final_unconditional_main_v1/evaluators/AirQuality/T256/ts2vec_seed_123.pt,1.4068222045898438,0
PETS-U,AirQuality,256,42,100003,correlation_score,-1,0.1592135727405548,True,4096,763f03006b43ade6ea1a2dab673228b628a027e58a379e6eb9a5ef91fedd89f9,a49cca1309106eba5a37bfefeb70323184245401362ea8a0d89368cbf3110a32,/path/to/Diffusion-TS/Utils/cross_correlation.py,0.24168109893798828,0
PETS-U,AirQuality,256,42,100003,discriminative_score,0,0.323780487804878,True,4096,763f03006b43ade6ea1a2dab673228b628a027e58a379e6eb9a5ef91fedd89f9,a49cca1309106eba5a37bfefeb70323184245401362ea8a0d89368cbf3110a32,/path/to/Diffusion-TS/Utils/discriminative_metric.py,113.74007201194763,0
PETS-U,AirQuality,256,42,100003,discriminative_score,42,0.20182926829268288,True,4096,763f03006b43ade6ea1a2dab673228b628a027e58a379e6eb9a5ef91fedd89f9,a49cca1309106eba5a37bfefeb70323184245401362ea8a0d89368cbf3110a32,/path/to/Diffusion-TS/Utils/discriminative_metric.py,114.133544921875,1
PETS-U,AirQuality,256,42,100003,discriminative_score,123,0.3042682926829269,True,4096,763f03006b43ade6ea1a2dab673228b628a027e58a379e6eb9a5ef91fedd89f9,a49cca1309106eba5a37bfefeb70323184245401362ea8a0d89368cbf3110a32,/path/to/Diffusion-TS/Utils/discriminative_metric.py,114.0365514755249,2
PETS-U,AirQuality,256,42,100003,predictive_score,0,0.0195483634570337,True,4096,763f03006b43ade6ea1a2dab673228b628a027e58a379e6eb9a5ef91fedd89f9,a49cca1309106eba5a37bfefeb70323184245401362ea8a0d89368cbf3110a32,/path/to/Diffusion-TS/Utils/predictive_metric.py,247.27378487586975,0
PETS-U,AirQuality,256,42,100003,predictive_score,42,0.020229867686339276,True,4096,763f03006b43ade6ea1a2dab673228b628a027e58a379e6eb9a5ef91fedd89f9,a49cca1309106eba5a37bfefeb70323184245401362ea8a0d89368cbf3110a32,/path/to/Diffusion-TS/Utils/predictive_metric.py,250.50522637367249,1
PETS-U,AirQuality,256,42,100003,predictive_score,123,0.023418425888166894,True,4096,763f03006b43ade6ea1a2dab673228b628a027e58a379e6eb9a5ef91fedd89f9,a49cca1309106eba5a37bfefeb70323184245401362ea8a0d89368cbf3110a32,/path/to/Diffusion-TS/Utils/predictive_metric.py,247.70843839645386,2
PETS-U,AirQuality,256,42,100004,context_fid,0,0.885119125082162,True,4096,763f03006b43ade6ea1a2dab673228b628a027e58a379e6eb9a5ef91fedd89f9,7092dfac09844d22a891a3a77f0baff9b4e3fe466afde7745d53f4261edb18e6,/path/to/PETS-FFT-Ablation/results/final_unconditional_main_v1/evaluators/AirQuality/T256/ts2vec_seed_0.pt,1.349984884262085,0
PETS-U,AirQuality,256,42,100004,context_fid,42,0.9097748916958754,True,4096,763f03006b43ade6ea1a2dab673228b628a027e58a379e6eb9a5ef91fedd89f9,7092dfac09844d22a891a3a77f0baff9b4e3fe466afde7745d53f4261edb18e6,/path/to/PETS-FFT-Ablation/results/final_unconditional_main_v1/evaluators/AirQuality/T256/ts2vec_seed_42.pt,1.427264928817749,0
PETS-U,AirQuality,256,42,100004,context_fid,123,0.8459016216247733,True,4096,763f03006b43ade6ea1a2dab673228b628a027e58a379e6eb9a5ef91fedd89f9,7092dfac09844d22a891a3a77f0baff9b4e3fe466afde7745d53f4261edb18e6,/path/to/PETS-FFT-Ablation/results/final_unconditional_main_v1/evaluators/AirQuality/T256/ts2vec_seed_123.pt,1.373528003692627,0
PETS-U,AirQuality,256,42,100004,correlation_score,-1,0.14104463160037994,True,4096,763f03006b43ade6ea1a2dab673228b628a027e58a379e6eb9a5ef91fedd89f9,7092dfac09844d22a891a3a77f0baff9b4e3fe466afde7745d53f4261edb18e6,/path/to/Diffusion-TS/Utils/cross_correlation.py,0.24345135688781738,0
PETS-U,AirQuality,256,42,100004,discriminative_score,0,0.2884146341463415,True,4096,763f03006b43ade6ea1a2dab673228b628a027e58a379e6eb9a5ef91fedd89f9,7092dfac09844d22a891a3a77f0baff9b4e3fe466afde7745d53f4261edb18e6,/path/to/Diffusion-TS/Utils/discriminative_metric.py,114.35594391822815,2
PETS-U,AirQuality,256,42,100004,discriminative_score,42,0.2012195121951219,True,4096,763f03006b43ade6ea1a2dab673228b628a027e58a379e6eb9a5ef91fedd89f9,7092dfac09844d22a891a3a77f0baff9b4e3fe466afde7745d53f4261edb18e6,/path/to/Diffusion-TS/Utils/discriminative_metric.py,114.11972188949585,0
PETS-U,AirQuality,256,42,100004,discriminative_score,123,0.2853658536585366,True,4096,763f03006b43ade6ea1a2dab673228b628a027e58a379e6eb9a5ef91fedd89f9,7092dfac09844d22a891a3a77f0baff9b4e3fe466afde7745d53f4261edb18e6,/path/to/Diffusion-TS/Utils/discriminative_metric.py,113.2437596321106,1
PETS-U,AirQuality,256,42,100004,predictive_score,0,0.01950308194295758,True,4096,763f03006b43ade6ea1a2dab673228b628a027e58a379e6eb9a5ef91fedd89f9,7092dfac09844d22a891a3a77f0baff9b4e3fe466afde7745d53f4261edb18e6,/path/to/Diffusion-TS/Utils/predictive_metric.py,248.11775422096252,2
PETS-U,AirQuality,256,42,100004,predictive_score,42,0.02033852969725558,True,4096,763f03006b43ade6ea1a2dab673228b628a027e58a379e6eb9a5ef91fedd89f9,7092dfac09844d22a891a3a77f0baff9b4e3fe466afde7745d53f4261edb18e6,/path/to/Diffusion-TS/Utils/predictive_metric.py,249.90002012252808,0
PETS-U,AirQuality,256,42,100004,predictive_score,123,0.023477519727066465,True,4096,763f03006b43ade6ea1a2dab673228b628a027e58a379e6eb9a5ef91fedd89f9,7092dfac09844d22a891a3a77f0baff9b4e3fe466afde7745d53f4261edb18e6,/path/to/Diffusion-TS/Utils/predictive_metric.py,250.8902723789215,1
PETS-U,AirQuality,256,123,100000,context_fid,0,1.0306839284966478,True,4096,763f03006b43ade6ea1a2dab673228b628a027e58a379e6eb9a5ef91fedd89f9,153f427e7f2a388a598df5601e13410a61163a0375088c84195a95640c83c100,/path/to/PETS-FFT-Ablation/results/final_unconditional_main_v1/evaluators/AirQuality/T256/ts2vec_seed_0.pt,1.423506259918213,2
PETS-U,AirQuality,256,123,100000,context_fid,42,1.1566404422232806,True,4096,763f03006b43ade6ea1a2dab673228b628a027e58a379e6eb9a5ef91fedd89f9,153f427e7f2a388a598df5601e13410a61163a0375088c84195a95640c83c100,/path/to/PETS-FFT-Ablation/results/final_unconditional_main_v1/evaluators/AirQuality/T256/ts2vec_seed_42.pt,1.6796448230743408,2
PETS-U,AirQuality,256,123,100000,context_fid,123,0.9851915383280627,True,4096,763f03006b43ade6ea1a2dab673228b628a027e58a379e6eb9a5ef91fedd89f9,153f427e7f2a388a598df5601e13410a61163a0375088c84195a95640c83c100,/path/to/PETS-FFT-Ablation/results/final_unconditional_main_v1/evaluators/AirQuality/T256/ts2vec_seed_123.pt,1.3281960487365723,0
PETS-U,AirQuality,256,123,100000,correlation_score,-1,0.10560674965381622,True,4096,763f03006b43ade6ea1a2dab673228b628a027e58a379e6eb9a5ef91fedd89f9,153f427e7f2a388a598df5601e13410a61163a0375088c84195a95640c83c100,/path/to/Diffusion-TS/Utils/cross_correlation.py,0.2368757724761963,2
PETS-U,AirQuality,256,123,100000,discriminative_score,0,0.31524390243902434,True,4096,763f03006b43ade6ea1a2dab673228b628a027e58a379e6eb9a5ef91fedd89f9,153f427e7f2a388a598df5601e13410a61163a0375088c84195a95640c83c100,/path/to/Diffusion-TS/Utils/discriminative_metric.py,114.89951276779175,0
PETS-U,AirQuality,256,123,100000,discriminative_score,42,0.2810975609756098,True,4096,763f03006b43ade6ea1a2dab673228b628a027e58a379e6eb9a5ef91fedd89f9,153f427e7f2a388a598df5601e13410a61163a0375088c84195a95640c83c100,/path/to/Diffusion-TS/Utils/discriminative_metric.py,115.2421088218689,2
PETS-U,AirQuality,256,123,100000,discriminative_score,123,0.24878048780487805,True,4096,763f03006b43ade6ea1a2dab673228b628a027e58a379e6eb9a5ef91fedd89f9,153f427e7f2a388a598df5601e13410a61163a0375088c84195a95640c83c100,/path/to/Diffusion-TS/Utils/discriminative_metric.py,114.11375498771667,1
PETS-U,AirQuality,256,123,100000,predictive_score,0,0.019377712838604566,True,4096,763f03006b43ade6ea1a2dab673228b628a027e58a379e6eb9a5ef91fedd89f9,153f427e7f2a388a598df5601e13410a61163a0375088c84195a95640c83c100,/path/to/Diffusion-TS/Utils/predictive_metric.py,244.11244988441467,0
PETS-U,AirQuality,256,123,100000,predictive_score,42,0.019664623961034522,True,4096,763f03006b43ade6ea1a2dab673228b628a027e58a379e6eb9a5ef91fedd89f9,153f427e7f2a388a598df5601e13410a61163a0375088c84195a95640c83c100,/path/to/Diffusion-TS/Utils/predictive_metric.py,246.7487187385559,1
PETS-U,AirQuality,256,123,100000,predictive_score,123,0.021012535724139525,True,4096,763f03006b43ade6ea1a2dab673228b628a027e58a379e6eb9a5ef91fedd89f9,153f427e7f2a388a598df5601e13410a61163a0375088c84195a95640c83c100,/path/to/Diffusion-TS/Utils/predictive_metric.py,248.0161476135254,2
PETS-U,AirQuality,256,123,100001,context_fid,0,1.1086694969102666,True,4096,763f03006b43ade6ea1a2dab673228b628a027e58a379e6eb9a5ef91fedd89f9,cfc428d986757248b8c0be4f1a4a8eb0cc38ce0ca576476b146179bb256330d5,/path/to/PETS-FFT-Ablation/results/final_unconditional_main_v1/evaluators/AirQuality/T256/ts2vec_seed_0.pt,1.3744659423828125,0
PETS-U,AirQuality,256,123,100001,context_fid,42,1.239835599629554,True,4096,763f03006b43ade6ea1a2dab673228b628a027e58a379e6eb9a5ef91fedd89f9,cfc428d986757248b8c0be4f1a4a8eb0cc38ce0ca576476b146179bb256330d5,/path/to/PETS-FFT-Ablation/results/final_unconditional_main_v1/evaluators/AirQuality/T256/ts2vec_seed_42.pt,1.3804373741149902,0
PETS-U,AirQuality,256,123,100001,context_fid,123,1.0447008345572733,True,4096,763f03006b43ade6ea1a2dab673228b628a027e58a379e6eb9a5ef91fedd89f9,cfc428d986757248b8c0be4f1a4a8eb0cc38ce0ca576476b146179bb256330d5,/path/to/PETS-FFT-Ablation/results/final_unconditional_main_v1/evaluators/AirQuality/T256/ts2vec_seed_123.pt,1.4013359546661377,1
PETS-U,AirQuality,256,123,100001,correlation_score,-1,0.10889126360416412,True,4096,763f03006b43ade6ea1a2dab673228b628a027e58a379e6eb9a5ef91fedd89f9,cfc428d986757248b8c0be4f1a4a8eb0cc38ce0ca576476b146179bb256330d5,/path/to/Diffusion-TS/Utils/cross_correlation.py,0.24032807350158691,0
PETS-U,AirQuality,256,123,100001,discriminative_score,0,0.30548780487804883,True,4096,763f03006b43ade6ea1a2dab673228b628a027e58a379e6eb9a5ef91fedd89f9,cfc428d986757248b8c0be4f1a4a8eb0cc38ce0ca576476b146179bb256330d5,/path/to/Diffusion-TS/Utils/discriminative_metric.py,113.70833468437195,0
PETS-U,AirQuality,256,123,100001,discriminative_score,42,0.27987804878048783,True,4096,763f03006b43ade6ea1a2dab673228b628a027e58a379e6eb9a5ef91fedd89f9,cfc428d986757248b8c0be4f1a4a8eb0cc38ce0ca576476b146179bb256330d5,/path/to/Diffusion-TS/Utils/discriminative_metric.py,115.19611930847168,1
PETS-U,AirQuality,256,123,100001,discriminative_score,123,0.2396341463414634,True,4096,763f03006b43ade6ea1a2dab673228b628a027e58a379e6eb9a5ef91fedd89f9,cfc428d986757248b8c0be4f1a4a8eb0cc38ce0ca576476b146179bb256330d5,/path/to/Diffusion-TS/Utils/discriminative_metric.py,113.93420433998108,2
PETS-U,AirQuality,256,123,100001,predictive_score,0,0.019383744103834033,True,4096,763f03006b43ade6ea1a2dab673228b628a027e58a379e6eb9a5ef91fedd89f9,cfc428d986757248b8c0be4f1a4a8eb0cc38ce0ca576476b146179bb256330d5,/path/to/Diffusion-TS/Utils/predictive_metric.py,245.7114577293396,0
PETS-U,AirQuality,256,123,100001,predictive_score,42,0.019927360581846187,True,4096,763f03006b43ade6ea1a2dab673228b628a027e58a379e6eb9a5ef91fedd89f9,cfc428d986757248b8c0be4f1a4a8eb0cc38ce0ca576476b146179bb256330d5,/path/to/Diffusion-TS/Utils/predictive_metric.py,246.81163549423218,2
PETS-U,AirQuality,256,123,100001,predictive_score,123,0.021237307945739303,True,4096,763f03006b43ade6ea1a2dab673228b628a027e58a379e6eb9a5ef91fedd89f9,cfc428d986757248b8c0be4f1a4a8eb0cc38ce0ca576476b146179bb256330d5,/path/to/Diffusion-TS/Utils/predictive_metric.py,249.46284008026123,1
PETS-U,AirQuality,256,123,100002,context_fid,0,1.1635012642793017,True,4096,763f03006b43ade6ea1a2dab673228b628a027e58a379e6eb9a5ef91fedd89f9,577750aff2432c27195e61dbe9f1741fcae7da28880665bd6ccacd95be3728ab,/path/to/PETS-FFT-Ablation/results/final_unconditional_main_v1/evaluators/AirQuality/T256/ts2vec_seed_0.pt,1.4136130809783936,0
PETS-U,AirQuality,256,123,100002,context_fid,42,1.3161958052142433,True,4096,763f03006b43ade6ea1a2dab673228b628a027e58a379e6eb9a5ef91fedd89f9,577750aff2432c27195e61dbe9f1741fcae7da28880665bd6ccacd95be3728ab,/path/to/PETS-FFT-Ablation/results/final_unconditional_main_v1/evaluators/AirQuality/T256/ts2vec_seed_42.pt,1.321674108505249,0
PETS-U,AirQuality,256,123,100002,context_fid,123,1.1045957760086287,True,4096,763f03006b43ade6ea1a2dab673228b628a027e58a379e6eb9a5ef91fedd89f9,577750aff2432c27195e61dbe9f1741fcae7da28880665bd6ccacd95be3728ab,/path/to/PETS-FFT-Ablation/results/final_unconditional_main_v1/evaluators/AirQuality/T256/ts2vec_seed_123.pt,1.4033498764038086,2
PETS-U,AirQuality,256,123,100002,correlation_score,-1,0.11279455572366714,True,4096,763f03006b43ade6ea1a2dab673228b628a027e58a379e6eb9a5ef91fedd89f9,577750aff2432c27195e61dbe9f1741fcae7da28880665bd6ccacd95be3728ab,/path/to/Diffusion-TS/Utils/cross_correlation.py,0.24588561058044434,0
PETS-U,AirQuality,256,123,100002,discriminative_score,0,0.3359756097560975,True,4096,763f03006b43ade6ea1a2dab673228b628a027e58a379e6eb9a5ef91fedd89f9,577750aff2432c27195e61dbe9f1741fcae7da28880665bd6ccacd95be3728ab,/path/to/Diffusion-TS/Utils/discriminative_metric.py,114.33461689949036,0
PETS-U,AirQuality,256,123,100002,discriminative_score,42,0.276219512195122,True,4096,763f03006b43ade6ea1a2dab673228b628a027e58a379e6eb9a5ef91fedd89f9,577750aff2432c27195e61dbe9f1741fcae7da28880665bd6ccacd95be3728ab,/path/to/Diffusion-TS/Utils/discriminative_metric.py,114.96484184265137,2
PETS-U,AirQuality,256,123,100002,discriminative_score,123,0.23780487804878048,True,4096,763f03006b43ade6ea1a2dab673228b628a027e58a379e6eb9a5ef91fedd89f9,577750aff2432c27195e61dbe9f1741fcae7da28880665bd6ccacd95be3728ab,/path/to/Diffusion-TS/Utils/discriminative_metric.py,114.67606139183044,1
PETS-U,AirQuality,256,123,100002,predictive_score,0,0.019446248968051805,True,4096,763f03006b43ade6ea1a2dab673228b628a027e58a379e6eb9a5ef91fedd89f9,577750aff2432c27195e61dbe9f1741fcae7da28880665bd6ccacd95be3728ab,/path/to/Diffusion-TS/Utils/predictive_metric.py,246.3492946624756,0
PETS-U,AirQuality,256,123,100002,predictive_score,42,0.01975056831747679,True,4096,763f03006b43ade6ea1a2dab673228b628a027e58a379e6eb9a5ef91fedd89f9,577750aff2432c27195e61dbe9f1741fcae7da28880665bd6ccacd95be3728ab,/path/to/Diffusion-TS/Utils/predictive_metric.py,248.6958086490631,2
PETS-U,AirQuality,256,123,100002,predictive_score,123,0.021897075355127527,True,4096,763f03006b43ade6ea1a2dab673228b628a027e58a379e6eb9a5ef91fedd89f9,577750aff2432c27195e61dbe9f1741fcae7da28880665bd6ccacd95be3728ab,/path/to/Diffusion-TS/Utils/predictive_metric.py,248.00811862945557,1
PETS-U,AirQuality,256,123,100003,context_fid,0,1.0033682388427752,True,4096,763f03006b43ade6ea1a2dab673228b628a027e58a379e6eb9a5ef91fedd89f9,e6e46ee82fcf9bdb56313de4ab97bb3c727b2a6162f0754eee079a6603bb58a0,/path/to/PETS-FFT-Ablation/results/final_unconditional_main_v1/evaluators/AirQuality/T256/ts2vec_seed_0.pt,1.2985060214996338,0
PETS-U,AirQuality,256,123,100003,context_fid,42,1.1267412403340598,True,4096,763f03006b43ade6ea1a2dab673228b628a027e58a379e6eb9a5ef91fedd89f9,e6e46ee82fcf9bdb56313de4ab97bb3c727b2a6162f0754eee079a6603bb58a0,/path/to/PETS-FFT-Ablation/results/final_unconditional_main_v1/evaluators/AirQuality/T256/ts2vec_seed_42.pt,1.585371732711792,0
PETS-U,AirQuality,256,123,100003,context_fid,123,0.9554408325491838,True,4096,763f03006b43ade6ea1a2dab673228b628a027e58a379e6eb9a5ef91fedd89f9,e6e46ee82fcf9bdb56313de4ab97bb3c727b2a6162f0754eee079a6603bb58a0,/path/to/PETS-FFT-Ablation/results/final_unconditional_main_v1/evaluators/AirQuality/T256/ts2vec_seed_123.pt,1.37078857421875,0
PETS-U,AirQuality,256,123,100003,correlation_score,-1,0.09959925711154938,True,4096,763f03006b43ade6ea1a2dab673228b628a027e58a379e6eb9a5ef91fedd89f9,e6e46ee82fcf9bdb56313de4ab97bb3c727b2a6162f0754eee079a6603bb58a0,/path/to/Diffusion-TS/Utils/cross_correlation.py,0.23629045486450195,0
PETS-U,AirQuality,256,123,100003,discriminative_score,0,0.2829268292682927,True,4096,763f03006b43ade6ea1a2dab673228b628a027e58a379e6eb9a5ef91fedd89f9,e6e46ee82fcf9bdb56313de4ab97bb3c727b2a6162f0754eee079a6603bb58a0,/path/to/Diffusion-TS/Utils/discriminative_metric.py,113.57881188392639,2
PETS-U,AirQuality,256,123,100003,discriminative_score,42,0.28658536585365857,True,4096,763f03006b43ade6ea1a2dab673228b628a027e58a379e6eb9a5ef91fedd89f9,e6e46ee82fcf9bdb56313de4ab97bb3c727b2a6162f0754eee079a6603bb58a0,/path/to/Diffusion-TS/Utils/discriminative_metric.py,113.81919384002686,0
PETS-U,AirQuality,256,123,100003,discriminative_score,123,0.23841463414634145,True,4096,763f03006b43ade6ea1a2dab673228b628a027e58a379e6eb9a5ef91fedd89f9,e6e46ee82fcf9bdb56313de4ab97bb3c727b2a6162f0754eee079a6603bb58a0,/path/to/Diffusion-TS/Utils/discriminative_metric.py,113.70074319839478,1
PETS-U,AirQuality,256,123,100003,predictive_score,0,0.01940095931695396,True,4096,763f03006b43ade6ea1a2dab673228b628a027e58a379e6eb9a5ef91fedd89f9,e6e46ee82fcf9bdb56313de4ab97bb3c727b2a6162f0754eee079a6603bb58a0,/path/to/Diffusion-TS/Utils/predictive_metric.py,246.924663066864,2
PETS-U,AirQuality,256,123,100003,predictive_score,42,0.019824850871941635,True,4096,763f03006b43ade6ea1a2dab673228b628a027e58a379e6eb9a5ef91fedd89f9,e6e46ee82fcf9bdb56313de4ab97bb3c727b2a6162f0754eee079a6603bb58a0,/path/to/Diffusion-TS/Utils/predictive_metric.py,248.74117350578308,0
PETS-U,AirQuality,256,123,100003,predictive_score,123,0.021663899318809854,True,4096,763f03006b43ade6ea1a2dab673228b628a027e58a379e6eb9a5ef91fedd89f9,e6e46ee82fcf9bdb56313de4ab97bb3c727b2a6162f0754eee079a6603bb58a0,/path/to/Diffusion-TS/Utils/predictive_metric.py,250.106214761734,1
PETS-U,AirQuality,256,123,100004,context_fid,0,1.0685279410180684,True,4096,763f03006b43ade6ea1a2dab673228b628a027e58a379e6eb9a5ef91fedd89f9,2c13047b0397a807ce3a708a739a5903dbde615ab9b0812c8d7b2781068c2737,/path/to/PETS-FFT-Ablation/results/final_unconditional_main_v1/evaluators/AirQuality/T256/ts2vec_seed_0.pt,1.3915627002716064,2
PETS-U,AirQuality,256,123,100004,context_fid,42,1.2012377913421681,True,4096,763f03006b43ade6ea1a2dab673228b628a027e58a379e6eb9a5ef91fedd89f9,2c13047b0397a807ce3a708a739a5903dbde615ab9b0812c8d7b2781068c2737,/path/to/PETS-FFT-Ablation/results/final_unconditional_main_v1/evaluators/AirQuality/T256/ts2vec_seed_42.pt,1.4468600749969482,2
PETS-U,AirQuality,256,123,100004,context_fid,123,1.0255582350468009,True,4096,763f03006b43ade6ea1a2dab673228b628a027e58a379e6eb9a5ef91fedd89f9,2c13047b0397a807ce3a708a739a5903dbde615ab9b0812c8d7b2781068c2737,/path/to/PETS-FFT-Ablation/results/final_unconditional_main_v1/evaluators/AirQuality/T256/ts2vec_seed_123.pt,1.4386780261993408,0
PETS-U,AirQuality,256,123,100004,correlation_score,-1,0.10515151917934418,True,4096,763f03006b43ade6ea1a2dab673228b628a027e58a379e6eb9a5ef91fedd89f9,2c13047b0397a807ce3a708a739a5903dbde615ab9b0812c8d7b2781068c2737,/path/to/Diffusion-TS/Utils/cross_correlation.py,0.24276018142700195,2
PETS-U,AirQuality,256,123,100004,discriminative_score,0,0.33536585365853655,True,4096,763f03006b43ade6ea1a2dab673228b628a027e58a379e6eb9a5ef91fedd89f9,2c13047b0397a807ce3a708a739a5903dbde615ab9b0812c8d7b2781068c2737,/path/to/Diffusion-TS/Utils/discriminative_metric.py,114.06530332565308,2
PETS-U,AirQuality,256,123,100004,discriminative_score,42,0.28658536585365857,True,4096,763f03006b43ade6ea1a2dab673228b628a027e58a379e6eb9a5ef91fedd89f9,2c13047b0397a807ce3a708a739a5903dbde615ab9b0812c8d7b2781068c2737,/path/to/Diffusion-TS/Utils/discriminative_metric.py,113.9708878993988,0
PETS-U,AirQuality,256,123,100004,discriminative_score,123,0.2426829268292683,True,4096,763f03006b43ade6ea1a2dab673228b628a027e58a379e6eb9a5ef91fedd89f9,2c13047b0397a807ce3a708a739a5903dbde615ab9b0812c8d7b2781068c2737,/path/to/Diffusion-TS/Utils/discriminative_metric.py,115.01842069625854,1
PETS-U,AirQuality,256,123,100004,predictive_score,0,0.01931165500491261,True,4096,763f03006b43ade6ea1a2dab673228b628a027e58a379e6eb9a5ef91fedd89f9,2c13047b0397a807ce3a708a739a5903dbde615ab9b0812c8d7b2781068c2737,/path/to/Diffusion-TS/Utils/predictive_metric.py,248.98749923706055,2
PETS-U,AirQuality,256,123,100004,predictive_score,42,0.019789831203524955,True,4096,763f03006b43ade6ea1a2dab673228b628a027e58a379e6eb9a5ef91fedd89f9,2c13047b0397a807ce3a708a739a5903dbde615ab9b0812c8d7b2781068c2737,/path/to/Diffusion-TS/Utils/predictive_metric.py,246.51259875297546,0
PETS-U,AirQuality,256,123,100004,predictive_score,123,0.021549733079837097,True,4096,763f03006b43ade6ea1a2dab673228b628a027e58a379e6eb9a5ef91fedd89f9,2c13047b0397a807ce3a708a739a5903dbde615ab9b0812c8d7b2781068c2737,/path/to/Diffusion-TS/Utils/predictive_metric.py,248.50303316116333,1
Diffusion-TS,ETTh,64,0,100000,context_fid,0,0.31895473693740206,True,4096,cdc35aa47ea833d7d776683628a7cc1b1aac76f389b2775c001a5f99adfe98bf,cf2fba45e47417a2e8ad43a8106c7dcb09a4d2263f7d4ce53eadd31c15056c19,/path/to/PETS-FFT-Ablation/results/final_unconditional_main_v1/evaluators/ETTh/T64/ts2vec_seed_0.pt,1.2818119525909424,1
Diffusion-TS,ETTh,64,0,100000,context_fid,42,0.29663286552749585,True,4096,cdc35aa47ea833d7d776683628a7cc1b1aac76f389b2775c001a5f99adfe98bf,cf2fba45e47417a2e8ad43a8106c7dcb09a4d2263f7d4ce53eadd31c15056c19,/path/to/PETS-FFT-Ablation/results/final_unconditional_main_v1/evaluators/ETTh/T64/ts2vec_seed_42.pt,1.3453528881072998,2
Diffusion-TS,ETTh,64,0,100000,context_fid,123,0.2965508244346513,True,4096,cdc35aa47ea833d7d776683628a7cc1b1aac76f389b2775c001a5f99adfe98bf,cf2fba45e47417a2e8ad43a8106c7dcb09a4d2263f7d4ce53eadd31c15056c19,/path/to/PETS-FFT-Ablation/results/final_unconditional_main_v1/evaluators/ETTh/T64/ts2vec_seed_123.pt,1.4067473411560059,1
Diffusion-TS,ETTh,64,0,100000,correlation_score,-1,0.07823969423770905,True,4096,cdc35aa47ea833d7d776683628a7cc1b1aac76f389b2775c001a5f99adfe98bf,cf2fba45e47417a2e8ad43a8106c7dcb09a4d2263f7d4ce53eadd31c15056c19,/path/to/Diffusion-TS/Utils/cross_correlation.py,0.028235912322998047,1
Diffusion-TS,ETTh,64,0,100000,discriminative_score,0,0.09817073170731705,True,4096,cdc35aa47ea833d7d776683628a7cc1b1aac76f389b2775c001a5f99adfe98bf,cf2fba45e47417a2e8ad43a8106c7dcb09a4d2263f7d4ce53eadd31c15056c19,/path/to/Diffusion-TS/Utils/discriminative_metric.py,32.19953393936157,0
Diffusion-TS,ETTh,64,0,100000,discriminative_score,42,0.125,True,4096,cdc35aa47ea833d7d776683628a7cc1b1aac76f389b2775c001a5f99adfe98bf,cf2fba45e47417a2e8ad43a8106c7dcb09a4d2263f7d4ce53eadd31c15056c19,/path/to/Diffusion-TS/Utils/discriminative_metric.py,32.17018961906433,2
Diffusion-TS,ETTh,64,0,100000,discriminative_score,123,0.10914634146341462,True,4096,cdc35aa47ea833d7d776683628a7cc1b1aac76f389b2775c001a5f99adfe98bf,cf2fba45e47417a2e8ad43a8106c7dcb09a4d2263f7d4ce53eadd31c15056c19,/path/to/Diffusion-TS/Utils/discriminative_metric.py,31.895991325378418,1
Diffusion-TS,ETTh,64,0,100000,predictive_score,0,0.11950209452152194,True,4096,cdc35aa47ea833d7d776683628a7cc1b1aac76f389b2775c001a5f99adfe98bf,cf2fba45e47417a2e8ad43a8106c7dcb09a4d2263f7d4ce53eadd31c15056c19,/path/to/Diffusion-TS/Utils/predictive_metric.py,66.46431159973145,0
Diffusion-TS,ETTh,64,0,100000,predictive_score,42,0.12236878259477635,True,4096,cdc35aa47ea833d7d776683628a7cc1b1aac76f389b2775c001a5f99adfe98bf,cf2fba45e47417a2e8ad43a8106c7dcb09a4d2263f7d4ce53eadd31c15056c19,/path/to/Diffusion-TS/Utils/predictive_metric.py,65.21757817268372,2
Diffusion-TS,ETTh,64,0,100000,predictive_score,123,0.11543358956578231,True,4096,cdc35aa47ea833d7d776683628a7cc1b1aac76f389b2775c001a5f99adfe98bf,cf2fba45e47417a2e8ad43a8106c7dcb09a4d2263f7d4ce53eadd31c15056c19,/path/to/Diffusion-TS/Utils/predictive_metric.py,67.44190120697021,1
Diffusion-TS,ETTh,64,0,100001,context_fid,0,0.32127408260981144,True,4096,cdc35aa47ea833d7d776683628a7cc1b1aac76f389b2775c001a5f99adfe98bf,4f8ad149305de8de585d86a186b73d50cc9a5ed066e8d1e078a94a384afbb892,/path/to/PETS-FFT-Ablation/results/final_unconditional_main_v1/evaluators/ETTh/T64/ts2vec_seed_0.pt,1.3080604076385498,2
Diffusion-TS,ETTh,64,0,100001,context_fid,42,0.30102979487375997,True,4096,cdc35aa47ea833d7d776683628a7cc1b1aac76f389b2775c001a5f99adfe98bf,4f8ad149305de8de585d86a186b73d50cc9a5ed066e8d1e078a94a384afbb892,/path/to/PETS-FFT-Ablation/results/final_unconditional_main_v1/evaluators/ETTh/T64/ts2vec_seed_42.pt,1.4215388298034668,0
Diffusion-TS,ETTh,64,0,100001,context_fid,123,0.29692223690803987,True,4096,cdc35aa47ea833d7d776683628a7cc1b1aac76f389b2775c001a5f99adfe98bf,4f8ad149305de8de585d86a186b73d50cc9a5ed066e8d1e078a94a384afbb892,/path/to/PETS-FFT-Ablation/results/final_unconditional_main_v1/evaluators/ETTh/T64/ts2vec_seed_123.pt,1.4370412826538086,2
Diffusion-TS,ETTh,64,0,100001,correlation_score,-1,0.08226947486400604,True,4096,cdc35aa47ea833d7d776683628a7cc1b1aac76f389b2775c001a5f99adfe98bf,4f8ad149305de8de585d86a186b73d50cc9a5ed066e8d1e078a94a384afbb892,/path/to/Diffusion-TS/Utils/cross_correlation.py,0.03315877914428711,2
Diffusion-TS,ETTh,64,0,100001,discriminative_score,0,0.09390243902439022,True,4096,cdc35aa47ea833d7d776683628a7cc1b1aac76f389b2775c001a5f99adfe98bf,4f8ad149305de8de585d86a186b73d50cc9a5ed066e8d1e078a94a384afbb892,/path/to/Diffusion-TS/Utils/discriminative_metric.py,31.97544765472412,0
Diffusion-TS,ETTh,64,0,100001,discriminative_score,42,0.09268292682926826,True,4096,cdc35aa47ea833d7d776683628a7cc1b1aac76f389b2775c001a5f99adfe98bf,4f8ad149305de8de585d86a186b73d50cc9a5ed066e8d1e078a94a384afbb892,/path/to/Diffusion-TS/Utils/discriminative_metric.py,32.086583614349365,1
Diffusion-TS,ETTh,64,0,100001,discriminative_score,123,0.08475609756097557,True,4096,cdc35aa47ea833d7d776683628a7cc1b1aac76f389b2775c001a5f99adfe98bf,4f8ad149305de8de585d86a186b73d50cc9a5ed066e8d1e078a94a384afbb892,/path/to/Diffusion-TS/Utils/discriminative_metric.py,31.826360940933228,2
Diffusion-TS,ETTh,64,0,100001,predictive_score,0,0.11781749797773955,True,4096,cdc35aa47ea833d7d776683628a7cc1b1aac76f389b2775c001a5f99adfe98bf,4f8ad149305de8de585d86a186b73d50cc9a5ed066e8d1e078a94a384afbb892,/path/to/Diffusion-TS/Utils/predictive_metric.py,66.25036334991455,0
Diffusion-TS,ETTh,64,0,100001,predictive_score,42,0.12201162339692928,True,4096,cdc35aa47ea833d7d776683628a7cc1b1aac76f389b2775c001a5f99adfe98bf,4f8ad149305de8de585d86a186b73d50cc9a5ed066e8d1e078a94a384afbb892,/path/to/Diffusion-TS/Utils/predictive_metric.py,62.5379536151886,2
Diffusion-TS,ETTh,64,0,100001,predictive_score,123,0.11643930888408249,True,4096,cdc35aa47ea833d7d776683628a7cc1b1aac76f389b2775c001a5f99adfe98bf,4f8ad149305de8de585d86a186b73d50cc9a5ed066e8d1e078a94a384afbb892,/path/to/Diffusion-TS/Utils/predictive_metric.py,65.7498676776886,1
Diffusion-TS,ETTh,64,0,100002,context_fid,0,0.3521670866150467,True,4096,cdc35aa47ea833d7d776683628a7cc1b1aac76f389b2775c001a5f99adfe98bf,484dd8cf63a592f1500f00e3b26bc1e4c4d4a8a1266b970e82b66550788a9577,/path/to/PETS-FFT-Ablation/results/final_unconditional_main_v1/evaluators/ETTh/T64/ts2vec_seed_0.pt,1.3380334377288818,2
Diffusion-TS,ETTh,64,0,100002,context_fid,42,0.3256797250266274,True,4096,cdc35aa47ea833d7d776683628a7cc1b1aac76f389b2775c001a5f99adfe98bf,484dd8cf63a592f1500f00e3b26bc1e4c4d4a8a1266b970e82b66550788a9577,/path/to/PETS-FFT-Ablation/results/final_unconditional_main_v1/evaluators/ETTh/T64/ts2vec_seed_42.pt,1.4634778499603271,2
Diffusion-TS,ETTh,64,0,100002,context_fid,123,0.32694286094023406,True,4096,cdc35aa47ea833d7d776683628a7cc1b1aac76f389b2775c001a5f99adfe98bf,484dd8cf63a592f1500f00e3b26bc1e4c4d4a8a1266b970e82b66550788a9577,/path/to/PETS-FFT-Ablation/results/final_unconditional_main_v1/evaluators/ETTh/T64/ts2vec_seed_123.pt,1.495236873626709,2
Diffusion-TS,ETTh,64,0,100002,correlation_score,-1,0.07663361728191376,True,4096,cdc35aa47ea833d7d776683628a7cc1b1aac76f389b2775c001a5f99adfe98bf,484dd8cf63a592f1500f00e3b26bc1e4c4d4a8a1266b970e82b66550788a9577,/path/to/Diffusion-TS/Utils/cross_correlation.py,0.029004573822021484,2
Diffusion-TS,ETTh,64,0,100002,discriminative_score,0,0.10060975609756095,True,4096,cdc35aa47ea833d7d776683628a7cc1b1aac76f389b2775c001a5f99adfe98bf,484dd8cf63a592f1500f00e3b26bc1e4c4d4a8a1266b970e82b66550788a9577,/path/to/Diffusion-TS/Utils/discriminative_metric.py,32.131967306137085,0
Diffusion-TS,ETTh,64,0,100002,discriminative_score,42,0.11707317073170731,True,4096,cdc35aa47ea833d7d776683628a7cc1b1aac76f389b2775c001a5f99adfe98bf,484dd8cf63a592f1500f00e3b26bc1e4c4d4a8a1266b970e82b66550788a9577,/path/to/Diffusion-TS/Utils/discriminative_metric.py,32.28323221206665,1
Diffusion-TS,ETTh,64,0,100002,discriminative_score,123,0.0841463414634146,True,4096,cdc35aa47ea833d7d776683628a7cc1b1aac76f389b2775c001a5f99adfe98bf,484dd8cf63a592f1500f00e3b26bc1e4c4d4a8a1266b970e82b66550788a9577,/path/to/Diffusion-TS/Utils/discriminative_metric.py,31.91134810447693,2
Diffusion-TS,ETTh,64,0,100002,predictive_score,0,0.11855675666311072,True,4096,cdc35aa47ea833d7d776683628a7cc1b1aac76f389b2775c001a5f99adfe98bf,484dd8cf63a592f1500f00e3b26bc1e4c4d4a8a1266b970e82b66550788a9577,/path/to/Diffusion-TS/Utils/predictive_metric.py,66.58251810073853,0
Diffusion-TS,ETTh,64,0,100002,predictive_score,42,0.12331481457022164,True,4096,cdc35aa47ea833d7d776683628a7cc1b1aac76f389b2775c001a5f99adfe98bf,484dd8cf63a592f1500f00e3b26bc1e4c4d4a8a1266b970e82b66550788a9577,/path/to/Diffusion-TS/Utils/predictive_metric.py,66.26751136779785,1
Diffusion-TS,ETTh,64,0,100002,predictive_score,123,0.11662141216629607,True,4096,cdc35aa47ea833d7d776683628a7cc1b1aac76f389b2775c001a5f99adfe98bf,484dd8cf63a592f1500f00e3b26bc1e4c4d4a8a1266b970e82b66550788a9577,/path/to/Diffusion-TS/Utils/predictive_metric.py,64.66928148269653,2
Diffusion-TS,ETTh,64,0,100003,context_fid,0,0.3106335447496903,True,4096,cdc35aa47ea833d7d776683628a7cc1b1aac76f389b2775c001a5f99adfe98bf,9b7b6ee7020e94c2b61b3e0654ac1f86109dd89895bff209e374208dd76012f3,/path/to/PETS-FFT-Ablation/results/final_unconditional_main_v1/evaluators/ETTh/T64/ts2vec_seed_0.pt,1.2564222812652588,2
Diffusion-TS,ETTh,64,0,100003,context_fid,42,0.2843271086354293,True,4096,cdc35aa47ea833d7d776683628a7cc1b1aac76f389b2775c001a5f99adfe98bf,9b7b6ee7020e94c2b61b3e0654ac1f86109dd89895bff209e374208dd76012f3,/path/to/PETS-FFT-Ablation/results/final_unconditional_main_v1/evaluators/ETTh/T64/ts2vec_seed_42.pt,1.2633800506591797,0
Diffusion-TS,ETTh,64,0,100003,context_fid,123,0.28775839322869967,True,4096,cdc35aa47ea833d7d776683628a7cc1b1aac76f389b2775c001a5f99adfe98bf,9b7b6ee7020e94c2b61b3e0654ac1f86109dd89895bff209e374208dd76012f3,/path/to/PETS-FFT-Ablation/results/final_unconditional_main_v1/evaluators/ETTh/T64/ts2vec_seed_123.pt,1.4245569705963135,1
Diffusion-TS,ETTh,64,0,100003,correlation_score,-1,0.08251265436410904,True,4096,cdc35aa47ea833d7d776683628a7cc1b1aac76f389b2775c001a5f99adfe98bf,9b7b6ee7020e94c2b61b3e0654ac1f86109dd89895bff209e374208dd76012f3,/path/to/Diffusion-TS/Utils/cross_correlation.py,0.029083251953125,2
Diffusion-TS,ETTh,64,0,100003,discriminative_score,0,0.11585365853658536,True,4096,cdc35aa47ea833d7d776683628a7cc1b1aac76f389b2775c001a5f99adfe98bf,9b7b6ee7020e94c2b61b3e0654ac1f86109dd89895bff209e374208dd76012f3,/path/to/Diffusion-TS/Utils/discriminative_metric.py,32.31459450721741,2
Diffusion-TS,ETTh,64,0,100003,discriminative_score,42,0.11158536585365852,True,4096,cdc35aa47ea833d7d776683628a7cc1b1aac76f389b2775c001a5f99adfe98bf,9b7b6ee7020e94c2b61b3e0654ac1f86109dd89895bff209e374208dd76012f3,/path/to/Diffusion-TS/Utils/discriminative_metric.py,32.06782793998718,0
Diffusion-TS,ETTh,64,0,100003,discriminative_score,123,0.08475609756097557,True,4096,cdc35aa47ea833d7d776683628a7cc1b1aac76f389b2775c001a5f99adfe98bf,9b7b6ee7020e94c2b61b3e0654ac1f86109dd89895bff209e374208dd76012f3,/path/to/Diffusion-TS/Utils/discriminative_metric.py,32.07507276535034,1
Diffusion-TS,ETTh,64,0,100003,predictive_score,0,0.11719121139094568,True,4096,cdc35aa47ea833d7d776683628a7cc1b1aac76f389b2775c001a5f99adfe98bf,9b7b6ee7020e94c2b61b3e0654ac1f86109dd89895bff209e374208dd76012f3,/path/to/Diffusion-TS/Utils/predictive_metric.py,65.27259135246277,2
Diffusion-TS,ETTh,64,0,100003,predictive_score,42,0.12263869343951228,True,4096,cdc35aa47ea833d7d776683628a7cc1b1aac76f389b2775c001a5f99adfe98bf,9b7b6ee7020e94c2b61b3e0654ac1f86109dd89895bff209e374208dd76012f3,/path/to/Diffusion-TS/Utils/predictive_metric.py,66.70567774772644,0
Diffusion-TS,ETTh,64,0,100003,predictive_score,123,0.1170781916098349,True,4096,cdc35aa47ea833d7d776683628a7cc1b1aac76f389b2775c001a5f99adfe98bf,9b7b6ee7020e94c2b61b3e0654ac1f86109dd89895bff209e374208dd76012f3,/path/to/Diffusion-TS/Utils/predictive_metric.py,64.05130743980408,1
Diffusion-TS,ETTh,64,0,100004,context_fid,0,0.3132009997630027,True,4096,cdc35aa47ea833d7d776683628a7cc1b1aac76f389b2775c001a5f99adfe98bf,54677f91f54e83603271d07dcc54c721fe30a384b547e3ada04278e5da0c5a1a,/path/to/PETS-FFT-Ablation/results/final_unconditional_main_v1/evaluators/ETTh/T64/ts2vec_seed_0.pt,1.3550612926483154,1
Diffusion-TS,ETTh,64,0,100004,context_fid,42,0.2899138719215758,True,4096,cdc35aa47ea833d7d776683628a7cc1b1aac76f389b2775c001a5f99adfe98bf,54677f91f54e83603271d07dcc54c721fe30a384b547e3ada04278e5da0c5a1a,/path/to/PETS-FFT-Ablation/results/final_unconditional_main_v1/evaluators/ETTh/T64/ts2vec_seed_42.pt,1.4947717189788818,2
Diffusion-TS,ETTh,64,0,100004,context_fid,123,0.29301643031496044,True,4096,cdc35aa47ea833d7d776683628a7cc1b1aac76f389b2775c001a5f99adfe98bf,54677f91f54e83603271d07dcc54c721fe30a384b547e3ada04278e5da0c5a1a,/path/to/PETS-FFT-Ablation/results/final_unconditional_main_v1/evaluators/ETTh/T64/ts2vec_seed_123.pt,2.1120212078094482,1
Diffusion-TS,ETTh,64,0,100004,correlation_score,-1,0.08818252384662628,True,4096,cdc35aa47ea833d7d776683628a7cc1b1aac76f389b2775c001a5f99adfe98bf,54677f91f54e83603271d07dcc54c721fe30a384b547e3ada04278e5da0c5a1a,/path/to/Diffusion-TS/Utils/cross_correlation.py,0.028546810150146484,1
Diffusion-TS,ETTh,64,0,100004,discriminative_score,0,0.08780487804878045,True,4096,cdc35aa47ea833d7d776683628a7cc1b1aac76f389b2775c001a5f99adfe98bf,54677f91f54e83603271d07dcc54c721fe30a384b547e3ada04278e5da0c5a1a,/path/to/Diffusion-TS/Utils/discriminative_metric.py,32.31153917312622,2
Diffusion-TS,ETTh,64,0,100004,discriminative_score,42,0.1018292682926829,True,4096,cdc35aa47ea833d7d776683628a7cc1b1aac76f389b2775c001a5f99adfe98bf,54677f91f54e83603271d07dcc54c721fe30a384b547e3ada04278e5da0c5a1a,/path/to/Diffusion-TS/Utils/discriminative_metric.py,32.51158428192139,0
Diffusion-TS,ETTh,64,0,100004,discriminative_score,123,0.09024390243902436,True,4096,cdc35aa47ea833d7d776683628a7cc1b1aac76f389b2775c001a5f99adfe98bf,54677f91f54e83603271d07dcc54c721fe30a384b547e3ada04278e5da0c5a1a,/path/to/Diffusion-TS/Utils/discriminative_metric.py,31.955106019973755,1
Diffusion-TS,ETTh,64,0,100004,predictive_score,0,0.11866036751416686,True,4096,cdc35aa47ea833d7d776683628a7cc1b1aac76f389b2775c001a5f99adfe98bf,54677f91f54e83603271d07dcc54c721fe30a384b547e3ada04278e5da0c5a1a,/path/to/Diffusion-TS/Utils/predictive_metric.py,62.543840408325195,2
Diffusion-TS,ETTh,64,0,100004,predictive_score,42,0.12293482920313181,True,4096,cdc35aa47ea833d7d776683628a7cc1b1aac76f389b2775c001a5f99adfe98bf,54677f91f54e83603271d07dcc54c721fe30a384b547e3ada04278e5da0c5a1a,/path/to/Diffusion-TS/Utils/predictive_metric.py,65.83776497840881,0
Diffusion-TS,ETTh,64,0,100004,predictive_score,123,0.11820438591439597,True,4096,cdc35aa47ea833d7d776683628a7cc1b1aac76f389b2775c001a5f99adfe98bf,54677f91f54e83603271d07dcc54c721fe30a384b547e3ada04278e5da0c5a1a,/path/to/Diffusion-TS/Utils/predictive_metric.py,65.69123101234436,1
Diffusion-TS,ETTh,64,42,100000,context_fid,0,0.33985308062376945,True,4096,cdc35aa47ea833d7d776683628a7cc1b1aac76f389b2775c001a5f99adfe98bf,b6aca45e73a46925e7057a700477251b834abc13d04a1d2dac90396e2b6fc17e,/path/to/PETS-FFT-Ablation/results/final_unconditional_main_v1/evaluators/ETTh/T64/ts2vec_seed_0.pt,1.3228704929351807,2
Diffusion-TS,ETTh,64,42,100000,context_fid,42,0.3155671683960555,True,4096,cdc35aa47ea833d7d776683628a7cc1b1aac76f389b2775c001a5f99adfe98bf,b6aca45e73a46925e7057a700477251b834abc13d04a1d2dac90396e2b6fc17e,/path/to/PETS-FFT-Ablation/results/final_unconditional_main_v1/evaluators/ETTh/T64/ts2vec_seed_42.pt,1.406287670135498,2
Diffusion-TS,ETTh,64,42,100000,context_fid,123,0.3143707557043532,True,4096,cdc35aa47ea833d7d776683628a7cc1b1aac76f389b2775c001a5f99adfe98bf,b6aca45e73a46925e7057a700477251b834abc13d04a1d2dac90396e2b6fc17e,/path/to/PETS-FFT-Ablation/results/final_unconditional_main_v1/evaluators/ETTh/T64/ts2vec_seed_123.pt,1.3389055728912354,2
Diffusion-TS,ETTh,64,42,100000,correlation_score,-1,0.07811922580003738,True,4096,cdc35aa47ea833d7d776683628a7cc1b1aac76f389b2775c001a5f99adfe98bf,b6aca45e73a46925e7057a700477251b834abc13d04a1d2dac90396e2b6fc17e,/path/to/Diffusion-TS/Utils/cross_correlation.py,0.026187896728515625,2
Diffusion-TS,ETTh,64,42,100000,discriminative_score,0,0.10426829268292681,True,4096,cdc35aa47ea833d7d776683628a7cc1b1aac76f389b2775c001a5f99adfe98bf,b6aca45e73a46925e7057a700477251b834abc13d04a1d2dac90396e2b6fc17e,/path/to/Diffusion-TS/Utils/discriminative_metric.py,31.977468729019165,0
Diffusion-TS,ETTh,64,42,100000,discriminative_score,42,0.09512195121951217,True,4096,cdc35aa47ea833d7d776683628a7cc1b1aac76f389b2775c001a5f99adfe98bf,b6aca45e73a46925e7057a700477251b834abc13d04a1d2dac90396e2b6fc17e,/path/to/Diffusion-TS/Utils/discriminative_metric.py,31.839287042617798,2
Diffusion-TS,ETTh,64,42,100000,discriminative_score,123,0.09999999999999998,True,4096,cdc35aa47ea833d7d776683628a7cc1b1aac76f389b2775c001a5f99adfe98bf,b6aca45e73a46925e7057a700477251b834abc13d04a1d2dac90396e2b6fc17e,/path/to/Diffusion-TS/Utils/discriminative_metric.py,31.253185510635376,1
Diffusion-TS,ETTh,64,42,100000,predictive_score,0,0.11700212157120404,True,4096,cdc35aa47ea833d7d776683628a7cc1b1aac76f389b2775c001a5f99adfe98bf,b6aca45e73a46925e7057a700477251b834abc13d04a1d2dac90396e2b6fc17e,/path/to/Diffusion-TS/Utils/predictive_metric.py,64.27455306053162,1
Diffusion-TS,ETTh,64,42,100000,predictive_score,42,0.12295623660406818,True,4096,cdc35aa47ea833d7d776683628a7cc1b1aac76f389b2775c001a5f99adfe98bf,b6aca45e73a46925e7057a700477251b834abc13d04a1d2dac90396e2b6fc17e,/path/to/Diffusion-TS/Utils/predictive_metric.py,67.15056777000427,2
Diffusion-TS,ETTh,64,42,100000,predictive_score,123,0.11484536784291777,True,4096,cdc35aa47ea833d7d776683628a7cc1b1aac76f389b2775c001a5f99adfe98bf,b6aca45e73a46925e7057a700477251b834abc13d04a1d2dac90396e2b6fc17e,/path/to/Diffusion-TS/Utils/predictive_metric.py,65.29924058914185,0
Diffusion-TS,ETTh,64,42,100001,context_fid,0,0.3410583999455856,True,4096,cdc35aa47ea833d7d776683628a7cc1b1aac76f389b2775c001a5f99adfe98bf,ac3faeae757c8fc5a34dc51cd1fedfb3b40783a180484c7d864a5a63a6a09d8e,/path/to/PETS-FFT-Ablation/results/final_unconditional_main_v1/evaluators/ETTh/T64/ts2vec_seed_0.pt,1.2969908714294434,1
Diffusion-TS,ETTh,64,42,100001,context_fid,42,0.3173708694094869,True,4096,cdc35aa47ea833d7d776683628a7cc1b1aac76f389b2775c001a5f99adfe98bf,ac3faeae757c8fc5a34dc51cd1fedfb3b40783a180484c7d864a5a63a6a09d8e,/path/to/PETS-FFT-Ablation/results/final_unconditional_main_v1/evaluators/ETTh/T64/ts2vec_seed_42.pt,1.871401071548462,1
Diffusion-TS,ETTh,64,42,100001,context_fid,123,0.3069347673218853,True,4096,cdc35aa47ea833d7d776683628a7cc1b1aac76f389b2775c001a5f99adfe98bf,ac3faeae757c8fc5a34dc51cd1fedfb3b40783a180484c7d864a5a63a6a09d8e,/path/to/PETS-FFT-Ablation/results/final_unconditional_main_v1/evaluators/ETTh/T64/ts2vec_seed_123.pt,1.760763168334961,0
Diffusion-TS,ETTh,64,42,100001,correlation_score,-1,0.07448089867830276,True,4096,cdc35aa47ea833d7d776683628a7cc1b1aac76f389b2775c001a5f99adfe98bf,ac3faeae757c8fc5a34dc51cd1fedfb3b40783a180484c7d864a5a63a6a09d8e,/path/to/Diffusion-TS/Utils/cross_correlation.py,0.02874302864074707,1
Diffusion-TS,ETTh,64,42,100001,discriminative_score,0,0.10304878048780486,True,4096,cdc35aa47ea833d7d776683628a7cc1b1aac76f389b2775c001a5f99adfe98bf,ac3faeae757c8fc5a34dc51cd1fedfb3b40783a180484c7d864a5a63a6a09d8e,/path/to/Diffusion-TS/Utils/discriminative_metric.py,31.68715763092041,0
Diffusion-TS,ETTh,64,42,100001,discriminative_score,42,0.06951219512195117,True,4096,cdc35aa47ea833d7d776683628a7cc1b1aac76f389b2775c001a5f99adfe98bf,ac3faeae757c8fc5a34dc51cd1fedfb3b40783a180484c7d864a5a63a6a09d8e,/path/to/Diffusion-TS/Utils/discriminative_metric.py,31.97063684463501,2
Diffusion-TS,ETTh,64,42,100001,discriminative_score,123,0.08963414634146338,True,4096,cdc35aa47ea833d7d776683628a7cc1b1aac76f389b2775c001a5f99adfe98bf,ac3faeae757c8fc5a34dc51cd1fedfb3b40783a180484c7d864a5a63a6a09d8e,/path/to/Diffusion-TS/Utils/discriminative_metric.py,31.660327672958374,1
Diffusion-TS,ETTh,64,42,100001,predictive_score,0,0.1175159869055733,True,4096,cdc35aa47ea833d7d776683628a7cc1b1aac76f389b2775c001a5f99adfe98bf,ac3faeae757c8fc5a34dc51cd1fedfb3b40783a180484c7d864a5a63a6a09d8e,/path/to/Diffusion-TS/Utils/predictive_metric.py,64.07231974601746,0
Diffusion-TS,ETTh,64,42,100001,predictive_score,42,0.12282974229856336,True,4096,cdc35aa47ea833d7d776683628a7cc1b1aac76f389b2775c001a5f99adfe98bf,ac3faeae757c8fc5a34dc51cd1fedfb3b40783a180484c7d864a5a63a6a09d8e,/path/to/Diffusion-TS/Utils/predictive_metric.py,67.57754564285278,1
Diffusion-TS,ETTh,64,42,100001,predictive_score,123,0.11911115027169217,True,4096,cdc35aa47ea833d7d776683628a7cc1b1aac76f389b2775c001a5f99adfe98bf,ac3faeae757c8fc5a34dc51cd1fedfb3b40783a180484c7d864a5a63a6a09d8e,/path/to/Diffusion-TS/Utils/predictive_metric.py,65.75370502471924,2
Diffusion-TS,ETTh,64,42,100002,context_fid,0,0.35478316899464335,True,4096,cdc35aa47ea833d7d776683628a7cc1b1aac76f389b2775c001a5f99adfe98bf,194780308122a1abdfd1e214950563fc372fac3a877ad79cd48d3e2e315639f2,/path/to/PETS-FFT-Ablation/results/final_unconditional_main_v1/evaluators/ETTh/T64/ts2vec_seed_0.pt,1.367307424545288,0
Diffusion-TS,ETTh,64,42,100002,context_fid,42,0.32315470900926296,True,4096,cdc35aa47ea833d7d776683628a7cc1b1aac76f389b2775c001a5f99adfe98bf,194780308122a1abdfd1e214950563fc372fac3a877ad79cd48d3e2e315639f2,/path/to/PETS-FFT-Ablation/results/final_unconditional_main_v1/evaluators/ETTh/T64/ts2vec_seed_42.pt,1.2968165874481201,0
Diffusion-TS,ETTh,64,42,100002,context_fid,123,0.3141572091248102,True,4096,cdc35aa47ea833d7d776683628a7cc1b1aac76f389b2775c001a5f99adfe98bf,194780308122a1abdfd1e214950563fc372fac3a877ad79cd48d3e2e315639f2,/path/to/PETS-FFT-Ablation/results/final_unconditional_main_v1/evaluators/ETTh/T64/ts2vec_seed_123.pt,1.308809757232666,2
Diffusion-TS,ETTh,64,42,100002,correlation_score,-1,0.07309860736131668,True,4096,cdc35aa47ea833d7d776683628a7cc1b1aac76f389b2775c001a5f99adfe98bf,194780308122a1abdfd1e214950563fc372fac3a877ad79cd48d3e2e315639f2,/path/to/Diffusion-TS/Utils/cross_correlation.py,0.024827003479003906,0
Diffusion-TS,ETTh,64,42,100002,discriminative_score,0,0.10121951219512193,True,4096,cdc35aa47ea833d7d776683628a7cc1b1aac76f389b2775c001a5f99adfe98bf,194780308122a1abdfd1e214950563fc372fac3a877ad79cd48d3e2e315639f2,/path/to/Diffusion-TS/Utils/discriminative_metric.py,32.1362681388855,0
Diffusion-TS,ETTh,64,42,100002,discriminative_score,42,0.09573170731707314,True,4096,cdc35aa47ea833d7d776683628a7cc1b1aac76f389b2775c001a5f99adfe98bf,194780308122a1abdfd1e214950563fc372fac3a877ad79cd48d3e2e315639f2,/path/to/Diffusion-TS/Utils/discriminative_metric.py,32.01359963417053,2
Diffusion-TS,ETTh,64,42,100002,discriminative_score,123,0.09817073170731705,True,4096,cdc35aa47ea833d7d776683628a7cc1b1aac76f389b2775c001a5f99adfe98bf,194780308122a1abdfd1e214950563fc372fac3a877ad79cd48d3e2e315639f2,/path/to/Diffusion-TS/Utils/discriminative_metric.py,31.93800163269043,1
Diffusion-TS,ETTh,64,42,100002,predictive_score,0,0.11613878324192228,True,4096,cdc35aa47ea833d7d776683628a7cc1b1aac76f389b2775c001a5f99adfe98bf,194780308122a1abdfd1e214950563fc372fac3a877ad79cd48d3e2e315639f2,/path/to/Diffusion-TS/Utils/predictive_metric.py,63.62476992607117,0
Diffusion-TS,ETTh,64,42,100002,predictive_score,42,0.12242598511011238,True,4096,cdc35aa47ea833d7d776683628a7cc1b1aac76f389b2775c001a5f99adfe98bf,194780308122a1abdfd1e214950563fc372fac3a877ad79cd48d3e2e315639f2,/path/to/Diffusion-TS/Utils/predictive_metric.py,65.29325103759766,2
Diffusion-TS,ETTh,64,42,100002,predictive_score,123,0.11859574889149371,True,4096,cdc35aa47ea833d7d776683628a7cc1b1aac76f389b2775c001a5f99adfe98bf,194780308122a1abdfd1e214950563fc372fac3a877ad79cd48d3e2e315639f2,/path/to/Diffusion-TS/Utils/predictive_metric.py,63.87834143638611,1
Diffusion-TS,ETTh,64,42,100003,context_fid,0,0.34341218384016414,True,4096,cdc35aa47ea833d7d776683628a7cc1b1aac76f389b2775c001a5f99adfe98bf,b16cfe65d2cf7a533855ac894a125638ac1f55a5650b1c49447c66d728c1e162,/path/to/PETS-FFT-Ablation/results/final_unconditional_main_v1/evaluators/ETTh/T64/ts2vec_seed_0.pt,1.276592493057251,0
Diffusion-TS,ETTh,64,42,100003,context_fid,42,0.31628805523030823,True,4096,cdc35aa47ea833d7d776683628a7cc1b1aac76f389b2775c001a5f99adfe98bf,b16cfe65d2cf7a533855ac894a125638ac1f55a5650b1c49447c66d728c1e162,/path/to/PETS-FFT-Ablation/results/final_unconditional_main_v1/evaluators/ETTh/T64/ts2vec_seed_42.pt,1.3703956604003906,1
Diffusion-TS,ETTh,64,42,100003,context_fid,123,0.3156355591158847,True,4096,cdc35aa47ea833d7d776683628a7cc1b1aac76f389b2775c001a5f99adfe98bf,b16cfe65d2cf7a533855ac894a125638ac1f55a5650b1c49447c66d728c1e162,/path/to/PETS-FFT-Ablation/results/final_unconditional_main_v1/evaluators/ETTh/T64/ts2vec_seed_123.pt,1.4236340522766113,0
Diffusion-TS,ETTh,64,42,100003,correlation_score,-1,0.07002419233322144,True,4096,cdc35aa47ea833d7d776683628a7cc1b1aac76f389b2775c001a5f99adfe98bf,b16cfe65d2cf7a533855ac894a125638ac1f55a5650b1c49447c66d728c1e162,/path/to/Diffusion-TS/Utils/cross_correlation.py,0.024259567260742188,0
Diffusion-TS,ETTh,64,42,100003,discriminative_score,0,0.10609756097560974,True,4096,cdc35aa47ea833d7d776683628a7cc1b1aac76f389b2775c001a5f99adfe98bf,b16cfe65d2cf7a533855ac894a125638ac1f55a5650b1c49447c66d728c1e162,/path/to/Diffusion-TS/Utils/discriminative_metric.py,31.891673803329468,2
Diffusion-TS,ETTh,64,42,100003,discriminative_score,42,0.1121951219512195,True,4096,cdc35aa47ea833d7d776683628a7cc1b1aac76f389b2775c001a5f99adfe98bf,b16cfe65d2cf7a533855ac894a125638ac1f55a5650b1c49447c66d728c1e162,/path/to/Diffusion-TS/Utils/discriminative_metric.py,31.98505449295044,1
Diffusion-TS,ETTh,64,42,100003,discriminative_score,123,0.09512195121951217,True,4096,cdc35aa47ea833d7d776683628a7cc1b1aac76f389b2775c001a5f99adfe98bf,b16cfe65d2cf7a533855ac894a125638ac1f55a5650b1c49447c66d728c1e162,/path/to/Diffusion-TS/Utils/discriminative_metric.py,31.818185806274414,0
Diffusion-TS,ETTh,64,42,100003,predictive_score,0,0.11633233500447204,True,4096,cdc35aa47ea833d7d776683628a7cc1b1aac76f389b2775c001a5f99adfe98bf,b16cfe65d2cf7a533855ac894a125638ac1f55a5650b1c49447c66d728c1e162,/path/to/Diffusion-TS/Utils/predictive_metric.py,63.903698682785034,2
Diffusion-TS,ETTh,64,42,100003,predictive_score,42,0.12267118368572483,True,4096,cdc35aa47ea833d7d776683628a7cc1b1aac76f389b2775c001a5f99adfe98bf,b16cfe65d2cf7a533855ac894a125638ac1f55a5650b1c49447c66d728c1e162,/path/to/Diffusion-TS/Utils/predictive_metric.py,64.76746368408203,1
Diffusion-TS,ETTh,64,42,100003,predictive_score,123,0.11856255118846093,True,4096,cdc35aa47ea833d7d776683628a7cc1b1aac76f389b2775c001a5f99adfe98bf,b16cfe65d2cf7a533855ac894a125638ac1f55a5650b1c49447c66d728c1e162,/path/to/Diffusion-TS/Utils/predictive_metric.py,65.17401695251465,0
Diffusion-TS,ETTh,64,42,100004,context_fid,0,0.3583335027236949,True,4096,cdc35aa47ea833d7d776683628a7cc1b1aac76f389b2775c001a5f99adfe98bf,bb70f0bcaadf586897b4bceff87f348cb9a3061d56a7e84d8ee1d4f7b5393b10,/path/to/PETS-FFT-Ablation/results/final_unconditional_main_v1/evaluators/ETTh/T64/ts2vec_seed_0.pt,1.2540175914764404,2
Diffusion-TS,ETTh,64,42,100004,context_fid,42,0.3322331320798575,True,4096,cdc35aa47ea833d7d776683628a7cc1b1aac76f389b2775c001a5f99adfe98bf,bb70f0bcaadf586897b4bceff87f348cb9a3061d56a7e84d8ee1d4f7b5393b10,/path/to/PETS-FFT-Ablation/results/final_unconditional_main_v1/evaluators/ETTh/T64/ts2vec_seed_42.pt,1.3357317447662354,1
Diffusion-TS,ETTh,64,42,100004,context_fid,123,0.32340974260078453,True,4096,cdc35aa47ea833d7d776683628a7cc1b1aac76f389b2775c001a5f99adfe98bf,bb70f0bcaadf586897b4bceff87f348cb9a3061d56a7e84d8ee1d4f7b5393b10,/path/to/PETS-FFT-Ablation/results/final_unconditional_main_v1/evaluators/ETTh/T64/ts2vec_seed_123.pt,1.4017112255096436,2
Diffusion-TS,ETTh,64,42,100004,correlation_score,-1,0.07716147601604462,True,4096,cdc35aa47ea833d7d776683628a7cc1b1aac76f389b2775c001a5f99adfe98bf,bb70f0bcaadf586897b4bceff87f348cb9a3061d56a7e84d8ee1d4f7b5393b10,/path/to/Diffusion-TS/Utils/cross_correlation.py,0.025814294815063477,2
Diffusion-TS,ETTh,64,42,100004,discriminative_score,0,0.09817073170731705,True,4096,cdc35aa47ea833d7d776683628a7cc1b1aac76f389b2775c001a5f99adfe98bf,bb70f0bcaadf586897b4bceff87f348cb9a3061d56a7e84d8ee1d4f7b5393b10,/path/to/Diffusion-TS/Utils/discriminative_metric.py,32.26142477989197,0
Diffusion-TS,ETTh,64,42,100004,discriminative_score,42,0.08109756097560972,True,4096,cdc35aa47ea833d7d776683628a7cc1b1aac76f389b2775c001a5f99adfe98bf,bb70f0bcaadf586897b4bceff87f348cb9a3061d56a7e84d8ee1d4f7b5393b10,/path/to/Diffusion-TS/Utils/discriminative_metric.py,32.006338119506836,1
Diffusion-TS,ETTh,64,42,100004,discriminative_score,123,0.09634146341463412,True,4096,cdc35aa47ea833d7d776683628a7cc1b1aac76f389b2775c001a5f99adfe98bf,bb70f0bcaadf586897b4bceff87f348cb9a3061d56a7e84d8ee1d4f7b5393b10,/path/to/Diffusion-TS/Utils/discriminative_metric.py,32.03608727455139,2
Diffusion-TS,ETTh,64,42,100004,predictive_score,0,0.1185818475942142,True,4096,cdc35aa47ea833d7d776683628a7cc1b1aac76f389b2775c001a5f99adfe98bf,bb70f0bcaadf586897b4bceff87f348cb9a3061d56a7e84d8ee1d4f7b5393b10,/path/to/Diffusion-TS/Utils/predictive_metric.py,63.82438564300537,0
Diffusion-TS,ETTh,64,42,100004,predictive_score,42,0.1226457745915468,True,4096,cdc35aa47ea833d7d776683628a7cc1b1aac76f389b2775c001a5f99adfe98bf,bb70f0bcaadf586897b4bceff87f348cb9a3061d56a7e84d8ee1d4f7b5393b10,/path/to/Diffusion-TS/Utils/predictive_metric.py,65.66165399551392,1
Diffusion-TS,ETTh,64,42,100004,predictive_score,123,0.11788479966116938,True,4096,cdc35aa47ea833d7d776683628a7cc1b1aac76f389b2775c001a5f99adfe98bf,bb70f0bcaadf586897b4bceff87f348cb9a3061d56a7e84d8ee1d4f7b5393b10,/path/to/Diffusion-TS/Utils/predictive_metric.py,66.19591474533081,2
Diffusion-TS,ETTh,64,123,100000,context_fid,0,0.297166244450384,True,4096,cdc35aa47ea833d7d776683628a7cc1b1aac76f389b2775c001a5f99adfe98bf,43c63ec892a604987d5e5c26c1b2403da69e1f6c940c4adaec277bf38c522ed2,/path/to/PETS-FFT-Ablation/results/final_unconditional_main_v1/evaluators/ETTh/T64/ts2vec_seed_0.pt,1.3888192176818848,0
Diffusion-TS,ETTh,64,123,100000,context_fid,42,0.2836934958816253,True,4096,cdc35aa47ea833d7d776683628a7cc1b1aac76f389b2775c001a5f99adfe98bf,43c63ec892a604987d5e5c26c1b2403da69e1f6c940c4adaec277bf38c522ed2,/path/to/PETS-FFT-Ablation/results/final_unconditional_main_v1/evaluators/ETTh/T64/ts2vec_seed_42.pt,1.3158912658691406,0
Diffusion-TS,ETTh,64,123,100000,context_fid,123,0.27483313034862683,True,4096,cdc35aa47ea833d7d776683628a7cc1b1aac76f389b2775c001a5f99adfe98bf,43c63ec892a604987d5e5c26c1b2403da69e1f6c940c4adaec277bf38c522ed2,/path/to/PETS-FFT-Ablation/results/final_unconditional_main_v1/evaluators/ETTh/T64/ts2vec_seed_123.pt,1.3577539920806885,1
Diffusion-TS,ETTh,64,123,100000,correlation_score,-1,0.0659644603729248,True,4096,cdc35aa47ea833d7d776683628a7cc1b1aac76f389b2775c001a5f99adfe98bf,43c63ec892a604987d5e5c26c1b2403da69e1f6c940c4adaec277bf38c522ed2,/path/to/Diffusion-TS/Utils/cross_correlation.py,0.026653051376342773,0
Diffusion-TS,ETTh,64,123,100000,discriminative_score,0,0.08292682926829265,True,4096,cdc35aa47ea833d7d776683628a7cc1b1aac76f389b2775c001a5f99adfe98bf,43c63ec892a604987d5e5c26c1b2403da69e1f6c940c4adaec277bf38c522ed2,/path/to/Diffusion-TS/Utils/discriminative_metric.py,31.98093271255493,0
Diffusion-TS,ETTh,64,123,100000,discriminative_score,42,0.0865853658536585,True,4096,cdc35aa47ea833d7d776683628a7cc1b1aac76f389b2775c001a5f99adfe98bf,43c63ec892a604987d5e5c26c1b2403da69e1f6c940c4adaec277bf38c522ed2,/path/to/Diffusion-TS/Utils/discriminative_metric.py,31.993906021118164,2
Diffusion-TS,ETTh,64,123,100000,discriminative_score,123,0.1097560975609756,True,4096,cdc35aa47ea833d7d776683628a7cc1b1aac76f389b2775c001a5f99adfe98bf,43c63ec892a604987d5e5c26c1b2403da69e1f6c940c4adaec277bf38c522ed2,/path/to/Diffusion-TS/Utils/discriminative_metric.py,31.67864441871643,1
Diffusion-TS,ETTh,64,123,100000,predictive_score,0,0.11505816758358378,True,4096,cdc35aa47ea833d7d776683628a7cc1b1aac76f389b2775c001a5f99adfe98bf,43c63ec892a604987d5e5c26c1b2403da69e1f6c940c4adaec277bf38c522ed2,/path/to/Diffusion-TS/Utils/predictive_metric.py,65.32435989379883,0
Diffusion-TS,ETTh,64,123,100000,predictive_score,42,0.12281342963342468,True,4096,cdc35aa47ea833d7d776683628a7cc1b1aac76f389b2775c001a5f99adfe98bf,43c63ec892a604987d5e5c26c1b2403da69e1f6c940c4adaec277bf38c522ed2,/path/to/Diffusion-TS/Utils/predictive_metric.py,65.42314195632935,2
Diffusion-TS,ETTh,64,123,100000,predictive_score,123,0.11478890030639377,True,4096,cdc35aa47ea833d7d776683628a7cc1b1aac76f389b2775c001a5f99adfe98bf,43c63ec892a604987d5e5c26c1b2403da69e1f6c940c4adaec277bf38c522ed2,/path/to/Diffusion-TS/Utils/predictive_metric.py,64.532399892807,1
Diffusion-TS,ETTh,64,123,100001,context_fid,0,0.28065066796782434,True,4096,cdc35aa47ea833d7d776683628a7cc1b1aac76f389b2775c001a5f99adfe98bf,6d7656e0f4715333e2f11ae229fdb27ad7c24050cb04dca7d63bc4eb2f4dbf88,/path/to/PETS-FFT-Ablation/results/final_unconditional_main_v1/evaluators/ETTh/T64/ts2vec_seed_0.pt,1.2414240837097168,1
Diffusion-TS,ETTh,64,123,100001,context_fid,42,0.2662308433547369,True,4096,cdc35aa47ea833d7d776683628a7cc1b1aac76f389b2775c001a5f99adfe98bf,6d7656e0f4715333e2f11ae229fdb27ad7c24050cb04dca7d63bc4eb2f4dbf88,/path/to/PETS-FFT-Ablation/results/final_unconditional_main_v1/evaluators/ETTh/T64/ts2vec_seed_42.pt,1.3879759311676025,0
Diffusion-TS,ETTh,64,123,100001,context_fid,123,0.2616742061416033,True,4096,cdc35aa47ea833d7d776683628a7cc1b1aac76f389b2775c001a5f99adfe98bf,6d7656e0f4715333e2f11ae229fdb27ad7c24050cb04dca7d63bc4eb2f4dbf88,/path/to/PETS-FFT-Ablation/results/final_unconditional_main_v1/evaluators/ETTh/T64/ts2vec_seed_123.pt,1.3924589157104492,2
Diffusion-TS,ETTh,64,123,100001,correlation_score,-1,0.07099536061286926,True,4096,cdc35aa47ea833d7d776683628a7cc1b1aac76f389b2775c001a5f99adfe98bf,6d7656e0f4715333e2f11ae229fdb27ad7c24050cb04dca7d63bc4eb2f4dbf88,/path/to/Diffusion-TS/Utils/cross_correlation.py,0.028159618377685547,1
Diffusion-TS,ETTh,64,123,100001,discriminative_score,0,0.07560975609756093,True,4096,cdc35aa47ea833d7d776683628a7cc1b1aac76f389b2775c001a5f99adfe98bf,6d7656e0f4715333e2f11ae229fdb27ad7c24050cb04dca7d63bc4eb2f4dbf88,/path/to/Diffusion-TS/Utils/discriminative_metric.py,32.23983573913574,1
Diffusion-TS,ETTh,64,123,100001,discriminative_score,42,0.09146341463414631,True,4096,cdc35aa47ea833d7d776683628a7cc1b1aac76f389b2775c001a5f99adfe98bf,6d7656e0f4715333e2f11ae229fdb27ad7c24050cb04dca7d63bc4eb2f4dbf88,/path/to/Diffusion-TS/Utils/discriminative_metric.py,32.11560535430908,0
Diffusion-TS,ETTh,64,123,100001,discriminative_score,123,0.08841463414634143,True,4096,cdc35aa47ea833d7d776683628a7cc1b1aac76f389b2775c001a5f99adfe98bf,6d7656e0f4715333e2f11ae229fdb27ad7c24050cb04dca7d63bc4eb2f4dbf88,/path/to/Diffusion-TS/Utils/discriminative_metric.py,31.991424322128296,2
Diffusion-TS,ETTh,64,123,100001,predictive_score,0,0.1167524022280304,True,4096,cdc35aa47ea833d7d776683628a7cc1b1aac76f389b2775c001a5f99adfe98bf,6d7656e0f4715333e2f11ae229fdb27ad7c24050cb04dca7d63bc4eb2f4dbf88,/path/to/Diffusion-TS/Utils/predictive_metric.py,65.95472383499146,1
Diffusion-TS,ETTh,64,123,100001,predictive_score,42,0.1226164613367473,True,4096,cdc35aa47ea833d7d776683628a7cc1b1aac76f389b2775c001a5f99adfe98bf,6d7656e0f4715333e2f11ae229fdb27ad7c24050cb04dca7d63bc4eb2f4dbf88,/path/to/Diffusion-TS/Utils/predictive_metric.py,65.80391263961792,0
Diffusion-TS,ETTh,64,123,100001,predictive_score,123,0.11556826980267942,True,4096,cdc35aa47ea833d7d776683628a7cc1b1aac76f389b2775c001a5f99adfe98bf,6d7656e0f4715333e2f11ae229fdb27ad7c24050cb04dca7d63bc4eb2f4dbf88,/path/to/Diffusion-TS/Utils/predictive_metric.py,64.59525322914124,2
Diffusion-TS,ETTh,64,123,100002,context_fid,0,0.33501546319166225,True,4096,cdc35aa47ea833d7d776683628a7cc1b1aac76f389b2775c001a5f99adfe98bf,9ffc48afa9c07a01e30ce02b5bff5765c2d12d86ea89bbe9d0777713e17fa8cc,/path/to/PETS-FFT-Ablation/results/final_unconditional_main_v1/evaluators/ETTh/T64/ts2vec_seed_0.pt,1.2569818496704102,2
Diffusion-TS,ETTh,64,123,100002,context_fid,42,0.3211661103143064,True,4096,cdc35aa47ea833d7d776683628a7cc1b1aac76f389b2775c001a5f99adfe98bf,9ffc48afa9c07a01e30ce02b5bff5765c2d12d86ea89bbe9d0777713e17fa8cc,/path/to/PETS-FFT-Ablation/results/final_unconditional_main_v1/evaluators/ETTh/T64/ts2vec_seed_42.pt,1.4765732288360596,1
Diffusion-TS,ETTh,64,123,100002,context_fid,123,0.3109271807189524,True,4096,cdc35aa47ea833d7d776683628a7cc1b1aac76f389b2775c001a5f99adfe98bf,9ffc48afa9c07a01e30ce02b5bff5765c2d12d86ea89bbe9d0777713e17fa8cc,/path/to/PETS-FFT-Ablation/results/final_unconditional_main_v1/evaluators/ETTh/T64/ts2vec_seed_123.pt,1.3040134906768799,0
Diffusion-TS,ETTh,64,123,100002,correlation_score,-1,0.06942471861839294,True,4096,cdc35aa47ea833d7d776683628a7cc1b1aac76f389b2775c001a5f99adfe98bf,9ffc48afa9c07a01e30ce02b5bff5765c2d12d86ea89bbe9d0777713e17fa8cc,/path/to/Diffusion-TS/Utils/cross_correlation.py,0.03071761131286621,2
Diffusion-TS,ETTh,64,123,100002,discriminative_score,0,0.11402439024390243,True,4096,cdc35aa47ea833d7d776683628a7cc1b1aac76f389b2775c001a5f99adfe98bf,9ffc48afa9c07a01e30ce02b5bff5765c2d12d86ea89bbe9d0777713e17fa8cc,/path/to/Diffusion-TS/Utils/discriminative_metric.py,32.11319828033447,2
Diffusion-TS,ETTh,64,123,100002,discriminative_score,42,0.1097560975609756,True,4096,cdc35aa47ea833d7d776683628a7cc1b1aac76f389b2775c001a5f99adfe98bf,9ffc48afa9c07a01e30ce02b5bff5765c2d12d86ea89bbe9d0777713e17fa8cc,/path/to/Diffusion-TS/Utils/discriminative_metric.py,31.403191089630127,0
Diffusion-TS,ETTh,64,123,100002,discriminative_score,123,0.10609756097560974,True,4096,cdc35aa47ea833d7d776683628a7cc1b1aac76f389b2775c001a5f99adfe98bf,9ffc48afa9c07a01e30ce02b5bff5765c2d12d86ea89bbe9d0777713e17fa8cc,/path/to/Diffusion-TS/Utils/discriminative_metric.py,31.995500326156616,1
Diffusion-TS,ETTh,64,123,100002,predictive_score,0,0.11748235263303286,True,4096,cdc35aa47ea833d7d776683628a7cc1b1aac76f389b2775c001a5f99adfe98bf,9ffc48afa9c07a01e30ce02b5bff5765c2d12d86ea89bbe9d0777713e17fa8cc,/path/to/Diffusion-TS/Utils/predictive_metric.py,63.66433238983154,2
Diffusion-TS,ETTh,64,123,100002,predictive_score,42,0.12394958505410614,True,4096,cdc35aa47ea833d7d776683628a7cc1b1aac76f389b2775c001a5f99adfe98bf,9ffc48afa9c07a01e30ce02b5bff5765c2d12d86ea89bbe9d0777713e17fa8cc,/path/to/Diffusion-TS/Utils/predictive_metric.py,65.80247926712036,0
Diffusion-TS,ETTh,64,123,100002,predictive_score,123,0.11582265745528275,True,4096,cdc35aa47ea833d7d776683628a7cc1b1aac76f389b2775c001a5f99adfe98bf,9ffc48afa9c07a01e30ce02b5bff5765c2d12d86ea89bbe9d0777713e17fa8cc,/path/to/Diffusion-TS/Utils/predictive_metric.py,63.993589878082275,1
Diffusion-TS,ETTh,64,123,100003,context_fid,0,0.2781805912439703,True,4096,cdc35aa47ea833d7d776683628a7cc1b1aac76f389b2775c001a5f99adfe98bf,08775f3ddf0ec28ca362b00fba0c6a0403869fae405fb6e10ab58c3d9c38a66a,/path/to/PETS-FFT-Ablation/results/final_unconditional_main_v1/evaluators/ETTh/T64/ts2vec_seed_0.pt,1.4309470653533936,2
Diffusion-TS,ETTh,64,123,100003,context_fid,42,0.263022432752409,True,4096,cdc35aa47ea833d7d776683628a7cc1b1aac76f389b2775c001a5f99adfe98bf,08775f3ddf0ec28ca362b00fba0c6a0403869fae405fb6e10ab58c3d9c38a66a,/path/to/PETS-FFT-Ablation/results/final_unconditional_main_v1/evaluators/ETTh/T64/ts2vec_seed_42.pt,1.3964033126831055,1
Diffusion-TS,ETTh,64,123,100003,context_fid,123,0.2569939964670102,True,4096,cdc35aa47ea833d7d776683628a7cc1b1aac76f389b2775c001a5f99adfe98bf,08775f3ddf0ec28ca362b00fba0c6a0403869fae405fb6e10ab58c3d9c38a66a,/path/to/PETS-FFT-Ablation/results/final_unconditional_main_v1/evaluators/ETTh/T64/ts2vec_seed_123.pt,1.3698582649230957,2
Diffusion-TS,ETTh,64,123,100003,correlation_score,-1,0.06758521497249603,True,4096,cdc35aa47ea833d7d776683628a7cc1b1aac76f389b2775c001a5f99adfe98bf,08775f3ddf0ec28ca362b00fba0c6a0403869fae405fb6e10ab58c3d9c38a66a,/path/to/Diffusion-TS/Utils/cross_correlation.py,0.03642868995666504,2
Diffusion-TS,ETTh,64,123,100003,discriminative_score,0,0.09573170731707314,True,4096,cdc35aa47ea833d7d776683628a7cc1b1aac76f389b2775c001a5f99adfe98bf,08775f3ddf0ec28ca362b00fba0c6a0403869fae405fb6e10ab58c3d9c38a66a,/path/to/Diffusion-TS/Utils/discriminative_metric.py,31.857316255569458,0
Diffusion-TS,ETTh,64,123,100003,discriminative_score,42,0.09999999999999998,True,4096,cdc35aa47ea833d7d776683628a7cc1b1aac76f389b2775c001a5f99adfe98bf,08775f3ddf0ec28ca362b00fba0c6a0403869fae405fb6e10ab58c3d9c38a66a,/path/to/Diffusion-TS/Utils/discriminative_metric.py,31.710953950881958,1
Diffusion-TS,ETTh,64,123,100003,discriminative_score,123,0.09756097560975607,True,4096,cdc35aa47ea833d7d776683628a7cc1b1aac76f389b2775c001a5f99adfe98bf,08775f3ddf0ec28ca362b00fba0c6a0403869fae405fb6e10ab58c3d9c38a66a,/path/to/Diffusion-TS/Utils/discriminative_metric.py,31.71947407722473,2
Diffusion-TS,ETTh,64,123,100003,predictive_score,0,0.11688861907259707,True,4096,cdc35aa47ea833d7d776683628a7cc1b1aac76f389b2775c001a5f99adfe98bf,08775f3ddf0ec28ca362b00fba0c6a0403869fae405fb6e10ab58c3d9c38a66a,/path/to/Diffusion-TS/Utils/predictive_metric.py,66.75216269493103,0
Diffusion-TS,ETTh,64,123,100003,predictive_score,42,0.1232915424575367,True,4096,cdc35aa47ea833d7d776683628a7cc1b1aac76f389b2775c001a5f99adfe98bf,08775f3ddf0ec28ca362b00fba0c6a0403869fae405fb6e10ab58c3d9c38a66a,/path/to/Diffusion-TS/Utils/predictive_metric.py,66.0066282749176,1
Diffusion-TS,ETTh,64,123,100003,predictive_score,123,0.11540845584249837,True,4096,cdc35aa47ea833d7d776683628a7cc1b1aac76f389b2775c001a5f99adfe98bf,08775f3ddf0ec28ca362b00fba0c6a0403869fae405fb6e10ab58c3d9c38a66a,/path/to/Diffusion-TS/Utils/predictive_metric.py,67.13512563705444,2
Diffusion-TS,ETTh,64,123,100004,context_fid,0,0.3284817312765107,True,4096,cdc35aa47ea833d7d776683628a7cc1b1aac76f389b2775c001a5f99adfe98bf,996e1e573a4de3915814a9347e560be7c7e72e9f67fb5106052fcd3a1ef0aec8,/path/to/PETS-FFT-Ablation/results/final_unconditional_main_v1/evaluators/ETTh/T64/ts2vec_seed_0.pt,1.3042497634887695,1
Diffusion-TS,ETTh,64,123,100004,context_fid,42,0.3145204698523022,True,4096,cdc35aa47ea833d7d776683628a7cc1b1aac76f389b2775c001a5f99adfe98bf,996e1e573a4de3915814a9347e560be7c7e72e9f67fb5106052fcd3a1ef0aec8,/path/to/PETS-FFT-Ablation/results/final_unconditional_main_v1/evaluators/ETTh/T64/ts2vec_seed_42.pt,1.308868169784546,0
Diffusion-TS,ETTh,64,123,100004,context_fid,123,0.30677573523559176,True,4096,cdc35aa47ea833d7d776683628a7cc1b1aac76f389b2775c001a5f99adfe98bf,996e1e573a4de3915814a9347e560be7c7e72e9f67fb5106052fcd3a1ef0aec8,/path/to/PETS-FFT-Ablation/results/final_unconditional_main_v1/evaluators/ETTh/T64/ts2vec_seed_123.pt,1.8422126770019531,1
Diffusion-TS,ETTh,64,123,100004,correlation_score,-1,0.06677152216434479,True,4096,cdc35aa47ea833d7d776683628a7cc1b1aac76f389b2775c001a5f99adfe98bf,996e1e573a4de3915814a9347e560be7c7e72e9f67fb5106052fcd3a1ef0aec8,/path/to/Diffusion-TS/Utils/cross_correlation.py,0.024266719818115234,1
Diffusion-TS,ETTh,64,123,100004,discriminative_score,0,0.08353658536585362,True,4096,cdc35aa47ea833d7d776683628a7cc1b1aac76f389b2775c001a5f99adfe98bf,996e1e573a4de3915814a9347e560be7c7e72e9f67fb5106052fcd3a1ef0aec8,/path/to/Diffusion-TS/Utils/discriminative_metric.py,32.16681408882141,2
Diffusion-TS,ETTh,64,123,100004,discriminative_score,42,0.08780487804878045,True,4096,cdc35aa47ea833d7d776683628a7cc1b1aac76f389b2775c001a5f99adfe98bf,996e1e573a4de3915814a9347e560be7c7e72e9f67fb5106052fcd3a1ef0aec8,/path/to/Diffusion-TS/Utils/discriminative_metric.py,32.44081449508667,0
Diffusion-TS,ETTh,64,123,100004,discriminative_score,123,0.10914634146341462,True,4096,cdc35aa47ea833d7d776683628a7cc1b1aac76f389b2775c001a5f99adfe98bf,996e1e573a4de3915814a9347e560be7c7e72e9f67fb5106052fcd3a1ef0aec8,/path/to/Diffusion-TS/Utils/discriminative_metric.py,31.70532989501953,1
Diffusion-TS,ETTh,64,123,100004,predictive_score,0,0.11844578160480523,True,4096,cdc35aa47ea833d7d776683628a7cc1b1aac76f389b2775c001a5f99adfe98bf,996e1e573a4de3915814a9347e560be7c7e72e9f67fb5106052fcd3a1ef0aec8,/path/to/Diffusion-TS/Utils/predictive_metric.py,64.32325673103333,2
Diffusion-TS,ETTh,64,123,100004,predictive_score,42,0.12422467002033954,True,4096,cdc35aa47ea833d7d776683628a7cc1b1aac76f389b2775c001a5f99adfe98bf,996e1e573a4de3915814a9347e560be7c7e72e9f67fb5106052fcd3a1ef0aec8,/path/to/Diffusion-TS/Utils/predictive_metric.py,64.32361435890198,0
Diffusion-TS,ETTh,64,123,100004,predictive_score,123,0.11604057697968528,True,4096,cdc35aa47ea833d7d776683628a7cc1b1aac76f389b2775c001a5f99adfe98bf,996e1e573a4de3915814a9347e560be7c7e72e9f67fb5106052fcd3a1ef0aec8,/path/to/Diffusion-TS/Utils/predictive_metric.py,64.78954792022705,1
PETS-U,ETTh,64,0,100000,context_fid,0,1.0122138188040481,True,4096,cdc35aa47ea833d7d776683628a7cc1b1aac76f389b2775c001a5f99adfe98bf,9e3cb06d5dc84fe4facb699a45cd304b7338f26c2e5aed2a1d3e6aff7e7a9ddc,/path/to/PETS-FFT-Ablation/results/final_unconditional_main_v1/evaluators/ETTh/T64/ts2vec_seed_0.pt,4.430586338043213,0
PETS-U,ETTh,64,0,100000,context_fid,42,0.9181582169325209,True,4096,cdc35aa47ea833d7d776683628a7cc1b1aac76f389b2775c001a5f99adfe98bf,9e3cb06d5dc84fe4facb699a45cd304b7338f26c2e5aed2a1d3e6aff7e7a9ddc,/path/to/PETS-FFT-Ablation/results/final_unconditional_main_v1/evaluators/ETTh/T64/ts2vec_seed_42.pt,4.4087440967559814,2
PETS-U,ETTh,64,0,100000,context_fid,123,0.8577680517095504,True,4096,cdc35aa47ea833d7d776683628a7cc1b1aac76f389b2775c001a5f99adfe98bf,9e3cb06d5dc84fe4facb699a45cd304b7338f26c2e5aed2a1d3e6aff7e7a9ddc,/path/to/PETS-FFT-Ablation/results/final_unconditional_main_v1/evaluators/ETTh/T64/ts2vec_seed_123.pt,4.467894077301025,1
PETS-U,ETTh,64,0,100000,correlation_score,-1,0.11853909492492676,True,4096,cdc35aa47ea833d7d776683628a7cc1b1aac76f389b2775c001a5f99adfe98bf,9e3cb06d5dc84fe4facb699a45cd304b7338f26c2e5aed2a1d3e6aff7e7a9ddc,/path/to/Diffusion-TS/Utils/cross_correlation.py,0.0378575325012207,2
PETS-U,ETTh,64,0,100000,discriminative_score,0,0.16463414634146345,True,4096,cdc35aa47ea833d7d776683628a7cc1b1aac76f389b2775c001a5f99adfe98bf,9e3cb06d5dc84fe4facb699a45cd304b7338f26c2e5aed2a1d3e6aff7e7a9ddc,/path/to/Diffusion-TS/Utils/discriminative_metric.py,31.895689249038696,0
PETS-U,ETTh,64,0,100000,discriminative_score,42,0.15487804878048783,True,4096,cdc35aa47ea833d7d776683628a7cc1b1aac76f389b2775c001a5f99adfe98bf,9e3cb06d5dc84fe4facb699a45cd304b7338f26c2e5aed2a1d3e6aff7e7a9ddc,/path/to/Diffusion-TS/Utils/discriminative_metric.py,32.3362557888031,2
PETS-U,ETTh,64,0,100000,discriminative_score,123,0.14695121951219514,True,4096,cdc35aa47ea833d7d776683628a7cc1b1aac76f389b2775c001a5f99adfe98bf,9e3cb06d5dc84fe4facb699a45cd304b7338f26c2e5aed2a1d3e6aff7e7a9ddc,/path/to/Diffusion-TS/Utils/discriminative_metric.py,32.03693342208862,1
PETS-U,ETTh,64,0,100000,predictive_score,0,0.1220192564574063,True,4096,cdc35aa47ea833d7d776683628a7cc1b1aac76f389b2775c001a5f99adfe98bf,9e3cb06d5dc84fe4facb699a45cd304b7338f26c2e5aed2a1d3e6aff7e7a9ddc,/path/to/Diffusion-TS/Utils/predictive_metric.py,65.34074401855469,0
PETS-U,ETTh,64,0,100000,predictive_score,42,0.12777393362330258,True,4096,cdc35aa47ea833d7d776683628a7cc1b1aac76f389b2775c001a5f99adfe98bf,9e3cb06d5dc84fe4facb699a45cd304b7338f26c2e5aed2a1d3e6aff7e7a9ddc,/path/to/Diffusion-TS/Utils/predictive_metric.py,65.54225587844849,1
PETS-U,ETTh,64,0,100000,predictive_score,123,0.12302299149632745,True,4096,cdc35aa47ea833d7d776683628a7cc1b1aac76f389b2775c001a5f99adfe98bf,9e3cb06d5dc84fe4facb699a45cd304b7338f26c2e5aed2a1d3e6aff7e7a9ddc,/path/to/Diffusion-TS/Utils/predictive_metric.py,64.83725380897522,2
PETS-U,ETTh,64,0,100001,context_fid,0,0.9178744328077276,True,4096,cdc35aa47ea833d7d776683628a7cc1b1aac76f389b2775c001a5f99adfe98bf,52321555f1e81681fb2280559877adc8ec6a6bf5da86f47dbc93446f7ba3bc78,/path/to/PETS-FFT-Ablation/results/final_unconditional_main_v1/evaluators/ETTh/T64/ts2vec_seed_0.pt,1.4683597087860107,2
PETS-U,ETTh,64,0,100001,context_fid,42,0.8314538450336366,True,4096,cdc35aa47ea833d7d776683628a7cc1b1aac76f389b2775c001a5f99adfe98bf,52321555f1e81681fb2280559877adc8ec6a6bf5da86f47dbc93446f7ba3bc78,/path/to/PETS-FFT-Ablation/results/final_unconditional_main_v1/evaluators/ETTh/T64/ts2vec_seed_42.pt,1.2181627750396729,0
PETS-U,ETTh,64,0,100001,context_fid,123,0.7822911894359058,True,4096,cdc35aa47ea833d7d776683628a7cc1b1aac76f389b2775c001a5f99adfe98bf,52321555f1e81681fb2280559877adc8ec6a6bf5da86f47dbc93446f7ba3bc78,/path/to/PETS-FFT-Ablation/results/final_unconditional_main_v1/evaluators/ETTh/T64/ts2vec_seed_123.pt,1.376460313796997,1
PETS-U,ETTh,64,0,100001,correlation_score,-1,0.11416350305080414,True,4096,cdc35aa47ea833d7d776683628a7cc1b1aac76f389b2775c001a5f99adfe98bf,52321555f1e81681fb2280559877adc8ec6a6bf5da86f47dbc93446f7ba3bc78,/path/to/Diffusion-TS/Utils/cross_correlation.py,0.052490234375,2
PETS-U,ETTh,64,0,100001,discriminative_score,0,0.1554878048780488,True,4096,cdc35aa47ea833d7d776683628a7cc1b1aac76f389b2775c001a5f99adfe98bf,52321555f1e81681fb2280559877adc8ec6a6bf5da86f47dbc93446f7ba3bc78,/path/to/Diffusion-TS/Utils/discriminative_metric.py,32.311683893203735,0
PETS-U,ETTh,64,0,100001,discriminative_score,42,0.14695121951219514,True,4096,cdc35aa47ea833d7d776683628a7cc1b1aac76f389b2775c001a5f99adfe98bf,52321555f1e81681fb2280559877adc8ec6a6bf5da86f47dbc93446f7ba3bc78,/path/to/Diffusion-TS/Utils/discriminative_metric.py,31.376198053359985,2
PETS-U,ETTh,64,0,100001,discriminative_score,123,0.1378048780487805,True,4096,cdc35aa47ea833d7d776683628a7cc1b1aac76f389b2775c001a5f99adfe98bf,52321555f1e81681fb2280559877adc8ec6a6bf5da86f47dbc93446f7ba3bc78,/path/to/Diffusion-TS/Utils/discriminative_metric.py,31.977957487106323,1
PETS-U,ETTh,64,0,100001,predictive_score,0,0.12197763090807712,True,4096,cdc35aa47ea833d7d776683628a7cc1b1aac76f389b2775c001a5f99adfe98bf,52321555f1e81681fb2280559877adc8ec6a6bf5da86f47dbc93446f7ba3bc78,/path/to/Diffusion-TS/Utils/predictive_metric.py,65.56700682640076,2
PETS-U,ETTh,64,0,100001,predictive_score,42,0.12711670648650397,True,4096,cdc35aa47ea833d7d776683628a7cc1b1aac76f389b2775c001a5f99adfe98bf,52321555f1e81681fb2280559877adc8ec6a6bf5da86f47dbc93446f7ba3bc78,/path/to/Diffusion-TS/Utils/predictive_metric.py,64.18467211723328,0
PETS-U,ETTh,64,0,100001,predictive_score,123,0.12289169831456093,True,4096,cdc35aa47ea833d7d776683628a7cc1b1aac76f389b2775c001a5f99adfe98bf,52321555f1e81681fb2280559877adc8ec6a6bf5da86f47dbc93446f7ba3bc78,/path/to/Diffusion-TS/Utils/predictive_metric.py,63.78935766220093,1
PETS-U,ETTh,64,0,100002,context_fid,0,0.9510030152586102,True,4096,cdc35aa47ea833d7d776683628a7cc1b1aac76f389b2775c001a5f99adfe98bf,8f07cc0d916598f648efb0646030e29d5003d9ab54691faa2b4f029d746583b0,/path/to/PETS-FFT-Ablation/results/final_unconditional_main_v1/evaluators/ETTh/T64/ts2vec_seed_0.pt,1.3856887817382812,1
PETS-U,ETTh,64,0,100002,context_fid,42,0.8682804077830173,True,4096,cdc35aa47ea833d7d776683628a7cc1b1aac76f389b2775c001a5f99adfe98bf,8f07cc0d916598f648efb0646030e29d5003d9ab54691faa2b4f029d746583b0,/path/to/PETS-FFT-Ablation/results/final_unconditional_main_v1/evaluators/ETTh/T64/ts2vec_seed_42.pt,1.5162696838378906,0
PETS-U,ETTh,64,0,100002,context_fid,123,0.813858548331928,True,4096,cdc35aa47ea833d7d776683628a7cc1b1aac76f389b2775c001a5f99adfe98bf,8f07cc0d916598f648efb0646030e29d5003d9ab54691faa2b4f029d746583b0,/path/to/PETS-FFT-Ablation/results/final_unconditional_main_v1/evaluators/ETTh/T64/ts2vec_seed_123.pt,1.810643196105957,2
PETS-U,ETTh,64,0,100002,correlation_score,-1,0.11499694734811783,True,4096,cdc35aa47ea833d7d776683628a7cc1b1aac76f389b2775c001a5f99adfe98bf,8f07cc0d916598f648efb0646030e29d5003d9ab54691faa2b4f029d746583b0,/path/to/Diffusion-TS/Utils/cross_correlation.py,0.04687190055847168,1
PETS-U,ETTh,64,0,100002,discriminative_score,0,0.1530487804878049,True,4096,cdc35aa47ea833d7d776683628a7cc1b1aac76f389b2775c001a5f99adfe98bf,8f07cc0d916598f648efb0646030e29d5003d9ab54691faa2b4f029d746583b0,/path/to/Diffusion-TS/Utils/discriminative_metric.py,31.956101655960083,1
PETS-U,ETTh,64,0,100002,discriminative_score,42,0.15487804878048783,True,4096,cdc35aa47ea833d7d776683628a7cc1b1aac76f389b2775c001a5f99adfe98bf,8f07cc0d916598f648efb0646030e29d5003d9ab54691faa2b4f029d746583b0,/path/to/Diffusion-TS/Utils/discriminative_metric.py,32.1298828125,0
PETS-U,ETTh,64,0,100002,discriminative_score,123,0.1426829268292683,True,4096,cdc35aa47ea833d7d776683628a7cc1b1aac76f389b2775c001a5f99adfe98bf,8f07cc0d916598f648efb0646030e29d5003d9ab54691faa2b4f029d746583b0,/path/to/Diffusion-TS/Utils/discriminative_metric.py,32.067593812942505,2
PETS-U,ETTh,64,0,100002,predictive_score,0,0.1193632371696367,True,4096,cdc35aa47ea833d7d776683628a7cc1b1aac76f389b2775c001a5f99adfe98bf,8f07cc0d916598f648efb0646030e29d5003d9ab54691faa2b4f029d746583b0,/path/to/Diffusion-TS/Utils/predictive_metric.py,64.39178895950317,1
PETS-U,ETTh,64,0,100002,predictive_score,42,0.127550977939336,True,4096,cdc35aa47ea833d7d776683628a7cc1b1aac76f389b2775c001a5f99adfe98bf,8f07cc0d916598f648efb0646030e29d5003d9ab54691faa2b4f029d746583b0,/path/to/Diffusion-TS/Utils/predictive_metric.py,63.60221242904663,0
PETS-U,ETTh,64,0,100002,predictive_score,123,0.12115252693047296,True,4096,cdc35aa47ea833d7d776683628a7cc1b1aac76f389b2775c001a5f99adfe98bf,8f07cc0d916598f648efb0646030e29d5003d9ab54691faa2b4f029d746583b0,/path/to/Diffusion-TS/Utils/predictive_metric.py,65.35541820526123,2
PETS-U,ETTh,64,0,100003,context_fid,0,1.0602212786823806,True,4096,cdc35aa47ea833d7d776683628a7cc1b1aac76f389b2775c001a5f99adfe98bf,8bebd96342406289aed8c53ac40b749be745ba45e92789fd8d836c43cf796d29,/path/to/PETS-FFT-Ablation/results/final_unconditional_main_v1/evaluators/ETTh/T64/ts2vec_seed_0.pt,1.2184526920318604,0
PETS-U,ETTh,64,0,100003,context_fid,42,0.9548332079096086,True,4096,cdc35aa47ea833d7d776683628a7cc1b1aac76f389b2775c001a5f99adfe98bf,8bebd96342406289aed8c53ac40b749be745ba45e92789fd8d836c43cf796d29,/path/to/PETS-FFT-Ablation/results/final_unconditional_main_v1/evaluators/ETTh/T64/ts2vec_seed_42.pt,1.4508411884307861,1
PETS-U,ETTh,64,0,100003,context_fid,123,0.893904745214839,True,4096,cdc35aa47ea833d7d776683628a7cc1b1aac76f389b2775c001a5f99adfe98bf,8bebd96342406289aed8c53ac40b749be745ba45e92789fd8d836c43cf796d29,/path/to/PETS-FFT-Ablation/results/final_unconditional_main_v1/evaluators/ETTh/T64/ts2vec_seed_123.pt,1.5345635414123535,0
PETS-U,ETTh,64,0,100003,correlation_score,-1,0.12725701928138733,True,4096,cdc35aa47ea833d7d776683628a7cc1b1aac76f389b2775c001a5f99adfe98bf,8bebd96342406289aed8c53ac40b749be745ba45e92789fd8d836c43cf796d29,/path/to/Diffusion-TS/Utils/cross_correlation.py,0.05255746841430664,0
PETS-U,ETTh,64,0,100003,discriminative_score,0,0.1658536585365854,True,4096,cdc35aa47ea833d7d776683628a7cc1b1aac76f389b2775c001a5f99adfe98bf,8bebd96342406289aed8c53ac40b749be745ba45e92789fd8d836c43cf796d29,/path/to/Diffusion-TS/Utils/discriminative_metric.py,32.23570990562439,1
PETS-U,ETTh,64,0,100003,discriminative_score,42,0.16280487804878052,True,4096,cdc35aa47ea833d7d776683628a7cc1b1aac76f389b2775c001a5f99adfe98bf,8bebd96342406289aed8c53ac40b749be745ba45e92789fd8d836c43cf796d29,/path/to/Diffusion-TS/Utils/discriminative_metric.py,31.63628077507019,2
PETS-U,ETTh,64,0,100003,discriminative_score,123,0.1585365853658537,True,4096,cdc35aa47ea833d7d776683628a7cc1b1aac76f389b2775c001a5f99adfe98bf,8bebd96342406289aed8c53ac40b749be745ba45e92789fd8d836c43cf796d29,/path/to/Diffusion-TS/Utils/discriminative_metric.py,31.821155309677124,0
PETS-U,ETTh,64,0,100003,predictive_score,0,0.1210743660017215,True,4096,cdc35aa47ea833d7d776683628a7cc1b1aac76f389b2775c001a5f99adfe98bf,8bebd96342406289aed8c53ac40b749be745ba45e92789fd8d836c43cf796d29,/path/to/Diffusion-TS/Utils/predictive_metric.py,65.22717714309692,1
PETS-U,ETTh,64,0,100003,predictive_score,42,0.12949652646238974,True,4096,cdc35aa47ea833d7d776683628a7cc1b1aac76f389b2775c001a5f99adfe98bf,8bebd96342406289aed8c53ac40b749be745ba45e92789fd8d836c43cf796d29,/path/to/Diffusion-TS/Utils/predictive_metric.py,66.59581661224365,2
PETS-U,ETTh,64,0,100003,predictive_score,123,0.12041576670890208,True,4096,cdc35aa47ea833d7d776683628a7cc1b1aac76f389b2775c001a5f99adfe98bf,8bebd96342406289aed8c53ac40b749be745ba45e92789fd8d836c43cf796d29,/path/to/Diffusion-TS/Utils/predictive_metric.py,63.9357008934021,0
PETS-U,ETTh,64,0,100004,context_fid,0,0.9424654372138147,True,4096,cdc35aa47ea833d7d776683628a7cc1b1aac76f389b2775c001a5f99adfe98bf,2afabab467eea64405988d2bcd2f828cf83ff3672b866fc4ea38b8665c2baa58,/path/to/PETS-FFT-Ablation/results/final_unconditional_main_v1/evaluators/ETTh/T64/ts2vec_seed_0.pt,1.4022705554962158,0
PETS-U,ETTh,64,0,100004,context_fid,42,0.8522560512044761,True,4096,cdc35aa47ea833d7d776683628a7cc1b1aac76f389b2775c001a5f99adfe98bf,2afabab467eea64405988d2bcd2f828cf83ff3672b866fc4ea38b8665c2baa58,/path/to/PETS-FFT-Ablation/results/final_unconditional_main_v1/evaluators/ETTh/T64/ts2vec_seed_42.pt,1.4594290256500244,1
PETS-U,ETTh,64,0,100004,context_fid,123,0.8023517349830933,True,4096,cdc35aa47ea833d7d776683628a7cc1b1aac76f389b2775c001a5f99adfe98bf,2afabab467eea64405988d2bcd2f828cf83ff3672b866fc4ea38b8665c2baa58,/path/to/PETS-FFT-Ablation/results/final_unconditional_main_v1/evaluators/ETTh/T64/ts2vec_seed_123.pt,1.4663848876953125,0
PETS-U,ETTh,64,0,100004,correlation_score,-1,0.11036133766174316,True,4096,cdc35aa47ea833d7d776683628a7cc1b1aac76f389b2775c001a5f99adfe98bf,2afabab467eea64405988d2bcd2f828cf83ff3672b866fc4ea38b8665c2baa58,/path/to/Diffusion-TS/Utils/cross_correlation.py,0.028344154357910156,0
PETS-U,ETTh,64,0,100004,discriminative_score,0,0.15670731707317076,True,4096,cdc35aa47ea833d7d776683628a7cc1b1aac76f389b2775c001a5f99adfe98bf,2afabab467eea64405988d2bcd2f828cf83ff3672b866fc4ea38b8665c2baa58,/path/to/Diffusion-TS/Utils/discriminative_metric.py,32.11700654029846,1
PETS-U,ETTh,64,0,100004,discriminative_score,42,0.14878048780487807,True,4096,cdc35aa47ea833d7d776683628a7cc1b1aac76f389b2775c001a5f99adfe98bf,2afabab467eea64405988d2bcd2f828cf83ff3672b866fc4ea38b8665c2baa58,/path/to/Diffusion-TS/Utils/discriminative_metric.py,31.928765058517456,2
PETS-U,ETTh,64,0,100004,discriminative_score,123,0.13475609756097562,True,4096,cdc35aa47ea833d7d776683628a7cc1b1aac76f389b2775c001a5f99adfe98bf,2afabab467eea64405988d2bcd2f828cf83ff3672b866fc4ea38b8665c2baa58,/path/to/Diffusion-TS/Utils/discriminative_metric.py,31.775785207748413,0
PETS-U,ETTh,64,0,100004,predictive_score,0,0.1213018534067487,True,4096,cdc35aa47ea833d7d776683628a7cc1b1aac76f389b2775c001a5f99adfe98bf,2afabab467eea64405988d2bcd2f828cf83ff3672b866fc4ea38b8665c2baa58,/path/to/Diffusion-TS/Utils/predictive_metric.py,63.932161808013916,2
PETS-U,ETTh,64,0,100004,predictive_score,42,0.127450687786677,True,4096,cdc35aa47ea833d7d776683628a7cc1b1aac76f389b2775c001a5f99adfe98bf,2afabab467eea64405988d2bcd2f828cf83ff3672b866fc4ea38b8665c2baa58,/path/to/Diffusion-TS/Utils/predictive_metric.py,66.81801581382751,1
PETS-U,ETTh,64,0,100004,predictive_score,123,0.12012885386138805,True,4096,cdc35aa47ea833d7d776683628a7cc1b1aac76f389b2775c001a5f99adfe98bf,2afabab467eea64405988d2bcd2f828cf83ff3672b866fc4ea38b8665c2baa58,/path/to/Diffusion-TS/Utils/predictive_metric.py,65.1746072769165,0
PETS-U,ETTh,64,42,100000,context_fid,0,0.6642411491816891,True,4096,cdc35aa47ea833d7d776683628a7cc1b1aac76f389b2775c001a5f99adfe98bf,250db135e18a42a17009c0e3107173c1dab4ab25611052bd1f27b35dde127bae,/path/to/PETS-FFT-Ablation/results/final_unconditional_main_v1/evaluators/ETTh/T64/ts2vec_seed_0.pt,1.3197097778320312,2
PETS-U,ETTh,64,42,100000,context_fid,42,0.6026090441584736,True,4096,cdc35aa47ea833d7d776683628a7cc1b1aac76f389b2775c001a5f99adfe98bf,250db135e18a42a17009c0e3107173c1dab4ab25611052bd1f27b35dde127bae,/path/to/PETS-FFT-Ablation/results/final_unconditional_main_v1/evaluators/ETTh/T64/ts2vec_seed_42.pt,1.555138111114502,2
PETS-U,ETTh,64,42,100000,context_fid,123,0.5648759065895306,True,4096,cdc35aa47ea833d7d776683628a7cc1b1aac76f389b2775c001a5f99adfe98bf,250db135e18a42a17009c0e3107173c1dab4ab25611052bd1f27b35dde127bae,/path/to/PETS-FFT-Ablation/results/final_unconditional_main_v1/evaluators/ETTh/T64/ts2vec_seed_123.pt,1.5508677959442139,0
PETS-U,ETTh,64,42,100000,correlation_score,-1,0.0870935320854187,True,4096,cdc35aa47ea833d7d776683628a7cc1b1aac76f389b2775c001a5f99adfe98bf,250db135e18a42a17009c0e3107173c1dab4ab25611052bd1f27b35dde127bae,/path/to/Diffusion-TS/Utils/cross_correlation.py,0.03055429458618164,2
PETS-U,ETTh,64,42,100000,discriminative_score,0,0.10243902439024388,True,4096,cdc35aa47ea833d7d776683628a7cc1b1aac76f389b2775c001a5f99adfe98bf,250db135e18a42a17009c0e3107173c1dab4ab25611052bd1f27b35dde127bae,/path/to/Diffusion-TS/Utils/discriminative_metric.py,31.80841827392578,2
PETS-U,ETTh,64,42,100000,discriminative_score,42,0.12621951219512195,True,4096,cdc35aa47ea833d7d776683628a7cc1b1aac76f389b2775c001a5f99adfe98bf,250db135e18a42a17009c0e3107173c1dab4ab25611052bd1f27b35dde127bae,/path/to/Diffusion-TS/Utils/discriminative_metric.py,31.701194763183594,1
PETS-U,ETTh,64,42,100000,discriminative_score,123,0.10304878048780486,True,4096,cdc35aa47ea833d7d776683628a7cc1b1aac76f389b2775c001a5f99adfe98bf,250db135e18a42a17009c0e3107173c1dab4ab25611052bd1f27b35dde127bae,/path/to/Diffusion-TS/Utils/discriminative_metric.py,31.690873622894287,0
PETS-U,ETTh,64,42,100000,predictive_score,0,0.11957295690581304,True,4096,cdc35aa47ea833d7d776683628a7cc1b1aac76f389b2775c001a5f99adfe98bf,250db135e18a42a17009c0e3107173c1dab4ab25611052bd1f27b35dde127bae,/path/to/Diffusion-TS/Utils/predictive_metric.py,62.43803691864014,1
PETS-U,ETTh,64,42,100000,predictive_score,42,0.1247967547897133,True,4096,cdc35aa47ea833d7d776683628a7cc1b1aac76f389b2775c001a5f99adfe98bf,250db135e18a42a17009c0e3107173c1dab4ab25611052bd1f27b35dde127bae,/path/to/Diffusion-TS/Utils/predictive_metric.py,67.13971614837646,2
PETS-U,ETTh,64,42,100000,predictive_score,123,0.11772278696298599,True,4096,cdc35aa47ea833d7d776683628a7cc1b1aac76f389b2775c001a5f99adfe98bf,250db135e18a42a17009c0e3107173c1dab4ab25611052bd1f27b35dde127bae,/path/to/Diffusion-TS/Utils/predictive_metric.py,64.99078130722046,0
PETS-U,ETTh,64,42,100001,context_fid,0,0.7214073787464312,True,4096,cdc35aa47ea833d7d776683628a7cc1b1aac76f389b2775c001a5f99adfe98bf,33f42df6dbaf5041491fabd7a128fb5236d895e3eae95e37ddec9988f12b6d04,/path/to/PETS-FFT-Ablation/results/final_unconditional_main_v1/evaluators/ETTh/T64/ts2vec_seed_0.pt,1.2706024646759033,1
PETS-U,ETTh,64,42,100001,context_fid,42,0.659020995386625,True,4096,cdc35aa47ea833d7d776683628a7cc1b1aac76f389b2775c001a5f99adfe98bf,33f42df6dbaf5041491fabd7a128fb5236d895e3eae95e37ddec9988f12b6d04,/path/to/PETS-FFT-Ablation/results/final_unconditional_main_v1/evaluators/ETTh/T64/ts2vec_seed_42.pt,1.3418114185333252,1
PETS-U,ETTh,64,42,100001,context_fid,123,0.6143934835662981,True,4096,cdc35aa47ea833d7d776683628a7cc1b1aac76f389b2775c001a5f99adfe98bf,33f42df6dbaf5041491fabd7a128fb5236d895e3eae95e37ddec9988f12b6d04,/path/to/PETS-FFT-Ablation/results/final_unconditional_main_v1/evaluators/ETTh/T64/ts2vec_seed_123.pt,1.542140245437622,1
PETS-U,ETTh,64,42,100001,correlation_score,-1,0.08409718424081802,True,4096,cdc35aa47ea833d7d776683628a7cc1b1aac76f389b2775c001a5f99adfe98bf,33f42df6dbaf5041491fabd7a128fb5236d895e3eae95e37ddec9988f12b6d04,/path/to/Diffusion-TS/Utils/cross_correlation.py,0.02901935577392578,1
PETS-U,ETTh,64,42,100001,discriminative_score,0,0.11707317073170731,True,4096,cdc35aa47ea833d7d776683628a7cc1b1aac76f389b2775c001a5f99adfe98bf,33f42df6dbaf5041491fabd7a128fb5236d895e3eae95e37ddec9988f12b6d04,/path/to/Diffusion-TS/Utils/discriminative_metric.py,31.655235290527344,0
PETS-U,ETTh,64,42,100001,discriminative_score,42,0.13963414634146343,True,4096,cdc35aa47ea833d7d776683628a7cc1b1aac76f389b2775c001a5f99adfe98bf,33f42df6dbaf5041491fabd7a128fb5236d895e3eae95e37ddec9988f12b6d04,/path/to/Diffusion-TS/Utils/discriminative_metric.py,31.71045970916748,1
PETS-U,ETTh,64,42,100001,discriminative_score,123,0.13963414634146343,True,4096,cdc35aa47ea833d7d776683628a7cc1b1aac76f389b2775c001a5f99adfe98bf,33f42df6dbaf5041491fabd7a128fb5236d895e3eae95e37ddec9988f12b6d04,/path/to/Diffusion-TS/Utils/discriminative_metric.py,32.039915323257446,2
PETS-U,ETTh,64,42,100001,predictive_score,0,0.12283683571558868,True,4096,cdc35aa47ea833d7d776683628a7cc1b1aac76f389b2775c001a5f99adfe98bf,33f42df6dbaf5041491fabd7a128fb5236d895e3eae95e37ddec9988f12b6d04,/path/to/Diffusion-TS/Utils/predictive_metric.py,65.91901516914368,0
PETS-U,ETTh,64,42,100001,predictive_score,42,0.12636587733049964,True,4096,cdc35aa47ea833d7d776683628a7cc1b1aac76f389b2775c001a5f99adfe98bf,33f42df6dbaf5041491fabd7a128fb5236d895e3eae95e37ddec9988f12b6d04,/path/to/Diffusion-TS/Utils/predictive_metric.py,65.64675545692444,1
PETS-U,ETTh,64,42,100001,predictive_score,123,0.11998553542161972,True,4096,cdc35aa47ea833d7d776683628a7cc1b1aac76f389b2775c001a5f99adfe98bf,33f42df6dbaf5041491fabd7a128fb5236d895e3eae95e37ddec9988f12b6d04,/path/to/Diffusion-TS/Utils/predictive_metric.py,66.66755723953247,2
PETS-U,ETTh,64,42,100002,context_fid,0,0.6368940394335727,True,4096,cdc35aa47ea833d7d776683628a7cc1b1aac76f389b2775c001a5f99adfe98bf,c7c1fbc153296c0e91bd8a32491f9736a7c9ec69870f4d8e78cfedfa674928e4,/path/to/PETS-FFT-Ablation/results/final_unconditional_main_v1/evaluators/ETTh/T64/ts2vec_seed_0.pt,1.2788975238800049,0
PETS-U,ETTh,64,42,100002,context_fid,42,0.580275318028121,True,4096,cdc35aa47ea833d7d776683628a7cc1b1aac76f389b2775c001a5f99adfe98bf,c7c1fbc153296c0e91bd8a32491f9736a7c9ec69870f4d8e78cfedfa674928e4,/path/to/PETS-FFT-Ablation/results/final_unconditional_main_v1/evaluators/ETTh/T64/ts2vec_seed_42.pt,1.4337751865386963,1
PETS-U,ETTh,64,42,100002,context_fid,123,0.552641018006011,True,4096,cdc35aa47ea833d7d776683628a7cc1b1aac76f389b2775c001a5f99adfe98bf,c7c1fbc153296c0e91bd8a32491f9736a7c9ec69870f4d8e78cfedfa674928e4,/path/to/PETS-FFT-Ablation/results/final_unconditional_main_v1/evaluators/ETTh/T64/ts2vec_seed_123.pt,1.457418441772461,0
PETS-U,ETTh,64,42,100002,correlation_score,-1,0.09055636078119278,True,4096,cdc35aa47ea833d7d776683628a7cc1b1aac76f389b2775c001a5f99adfe98bf,c7c1fbc153296c0e91bd8a32491f9736a7c9ec69870f4d8e78cfedfa674928e4,/path/to/Diffusion-TS/Utils/cross_correlation.py,0.031207561492919922,0
PETS-U,ETTh,64,42,100002,discriminative_score,0,0.1378048780487805,True,4096,cdc35aa47ea833d7d776683628a7cc1b1aac76f389b2775c001a5f99adfe98bf,c7c1fbc153296c0e91bd8a32491f9736a7c9ec69870f4d8e78cfedfa674928e4,/path/to/Diffusion-TS/Utils/discriminative_metric.py,31.92095708847046,1
PETS-U,ETTh,64,42,100002,discriminative_score,42,0.1298780487804878,True,4096,cdc35aa47ea833d7d776683628a7cc1b1aac76f389b2775c001a5f99adfe98bf,c7c1fbc153296c0e91bd8a32491f9736a7c9ec69870f4d8e78cfedfa674928e4,/path/to/Diffusion-TS/Utils/discriminative_metric.py,31.909982442855835,0
PETS-U,ETTh,64,42,100002,discriminative_score,123,0.11768292682926829,True,4096,cdc35aa47ea833d7d776683628a7cc1b1aac76f389b2775c001a5f99adfe98bf,c7c1fbc153296c0e91bd8a32491f9736a7c9ec69870f4d8e78cfedfa674928e4,/path/to/Diffusion-TS/Utils/discriminative_metric.py,31.828176975250244,2
PETS-U,ETTh,64,42,100002,predictive_score,0,0.11859598631008339,True,4096,cdc35aa47ea833d7d776683628a7cc1b1aac76f389b2775c001a5f99adfe98bf,c7c1fbc153296c0e91bd8a32491f9736a7c9ec69870f4d8e78cfedfa674928e4,/path/to/Diffusion-TS/Utils/predictive_metric.py,65.0564169883728,1
PETS-U,ETTh,64,42,100002,predictive_score,42,0.125327703995481,True,4096,cdc35aa47ea833d7d776683628a7cc1b1aac76f389b2775c001a5f99adfe98bf,c7c1fbc153296c0e91bd8a32491f9736a7c9ec69870f4d8e78cfedfa674928e4,/path/to/Diffusion-TS/Utils/predictive_metric.py,67.1428792476654,0
PETS-U,ETTh,64,42,100002,predictive_score,123,0.12058362138668599,True,4096,cdc35aa47ea833d7d776683628a7cc1b1aac76f389b2775c001a5f99adfe98bf,c7c1fbc153296c0e91bd8a32491f9736a7c9ec69870f4d8e78cfedfa674928e4,/path/to/Diffusion-TS/Utils/predictive_metric.py,66.97007989883423,2
PETS-U,ETTh,64,42,100003,context_fid,0,0.5874036502358202,True,4096,cdc35aa47ea833d7d776683628a7cc1b1aac76f389b2775c001a5f99adfe98bf,9e7f9e91dbf798b79aef0e00dc988d8fbf0bcec808c7ec469c6eb42e7706b3ad,/path/to/PETS-FFT-Ablation/results/final_unconditional_main_v1/evaluators/ETTh/T64/ts2vec_seed_0.pt,1.337949275970459,1
PETS-U,ETTh,64,42,100003,context_fid,42,0.531314464356292,True,4096,cdc35aa47ea833d7d776683628a7cc1b1aac76f389b2775c001a5f99adfe98bf,9e7f9e91dbf798b79aef0e00dc988d8fbf0bcec808c7ec469c6eb42e7706b3ad,/path/to/PETS-FFT-Ablation/results/final_unconditional_main_v1/evaluators/ETTh/T64/ts2vec_seed_42.pt,1.4102966785430908,1
PETS-U,ETTh,64,42,100003,context_fid,123,0.49801481397051417,True,4096,cdc35aa47ea833d7d776683628a7cc1b1aac76f389b2775c001a5f99adfe98bf,9e7f9e91dbf798b79aef0e00dc988d8fbf0bcec808c7ec469c6eb42e7706b3ad,/path/to/PETS-FFT-Ablation/results/final_unconditional_main_v1/evaluators/ETTh/T64/ts2vec_seed_123.pt,1.3189008235931396,0
PETS-U,ETTh,64,42,100003,correlation_score,-1,0.07900114357471466,True,4096,cdc35aa47ea833d7d776683628a7cc1b1aac76f389b2775c001a5f99adfe98bf,9e7f9e91dbf798b79aef0e00dc988d8fbf0bcec808c7ec469c6eb42e7706b3ad,/path/to/Diffusion-TS/Utils/cross_correlation.py,0.024555683135986328,1
PETS-U,ETTh,64,42,100003,discriminative_score,0,0.09999999999999998,True,4096,cdc35aa47ea833d7d776683628a7cc1b1aac76f389b2775c001a5f99adfe98bf,9e7f9e91dbf798b79aef0e00dc988d8fbf0bcec808c7ec469c6eb42e7706b3ad,/path/to/Diffusion-TS/Utils/discriminative_metric.py,31.73383402824402,2
PETS-U,ETTh,64,42,100003,discriminative_score,42,0.10853658536585364,True,4096,cdc35aa47ea833d7d776683628a7cc1b1aac76f389b2775c001a5f99adfe98bf,9e7f9e91dbf798b79aef0e00dc988d8fbf0bcec808c7ec469c6eb42e7706b3ad,/path/to/Diffusion-TS/Utils/discriminative_metric.py,31.369109392166138,1
PETS-U,ETTh,64,42,100003,discriminative_score,123,0.11158536585365852,True,4096,cdc35aa47ea833d7d776683628a7cc1b1aac76f389b2775c001a5f99adfe98bf,9e7f9e91dbf798b79aef0e00dc988d8fbf0bcec808c7ec469c6eb42e7706b3ad,/path/to/Diffusion-TS/Utils/discriminative_metric.py,31.7951078414917,0
PETS-U,ETTh,64,42,100003,predictive_score,0,0.11923354315126744,True,4096,cdc35aa47ea833d7d776683628a7cc1b1aac76f389b2775c001a5f99adfe98bf,9e7f9e91dbf798b79aef0e00dc988d8fbf0bcec808c7ec469c6eb42e7706b3ad,/path/to/Diffusion-TS/Utils/predictive_metric.py,64.61765551567078,2
PETS-U,ETTh,64,42,100003,predictive_score,42,0.12452407246109942,True,4096,cdc35aa47ea833d7d776683628a7cc1b1aac76f389b2775c001a5f99adfe98bf,9e7f9e91dbf798b79aef0e00dc988d8fbf0bcec808c7ec469c6eb42e7706b3ad,/path/to/Diffusion-TS/Utils/predictive_metric.py,66.70463728904724,1
PETS-U,ETTh,64,42,100003,predictive_score,123,0.12199814989253355,True,4096,cdc35aa47ea833d7d776683628a7cc1b1aac76f389b2775c001a5f99adfe98bf,9e7f9e91dbf798b79aef0e00dc988d8fbf0bcec808c7ec469c6eb42e7706b3ad,/path/to/Diffusion-TS/Utils/predictive_metric.py,64.59441685676575,0
PETS-U,ETTh,64,42,100004,context_fid,0,0.6260307365836663,True,4096,cdc35aa47ea833d7d776683628a7cc1b1aac76f389b2775c001a5f99adfe98bf,7bde06cbd1da758d11003db66f76a46388619803b314ca622f0c4df543ff1c18,/path/to/PETS-FFT-Ablation/results/final_unconditional_main_v1/evaluators/ETTh/T64/ts2vec_seed_0.pt,1.3568589687347412,2
PETS-U,ETTh,64,42,100004,context_fid,42,0.5647785926161408,True,4096,cdc35aa47ea833d7d776683628a7cc1b1aac76f389b2775c001a5f99adfe98bf,7bde06cbd1da758d11003db66f76a46388619803b314ca622f0c4df543ff1c18,/path/to/PETS-FFT-Ablation/results/final_unconditional_main_v1/evaluators/ETTh/T64/ts2vec_seed_42.pt,1.2894139289855957,0
PETS-U,ETTh,64,42,100004,context_fid,123,0.5389841623158642,True,4096,cdc35aa47ea833d7d776683628a7cc1b1aac76f389b2775c001a5f99adfe98bf,7bde06cbd1da758d11003db66f76a46388619803b314ca622f0c4df543ff1c18,/path/to/PETS-FFT-Ablation/results/final_unconditional_main_v1/evaluators/ETTh/T64/ts2vec_seed_123.pt,1.3933322429656982,2
PETS-U,ETTh,64,42,100004,correlation_score,-1,0.08196438103914261,True,4096,cdc35aa47ea833d7d776683628a7cc1b1aac76f389b2775c001a5f99adfe98bf,7bde06cbd1da758d11003db66f76a46388619803b314ca622f0c4df543ff1c18,/path/to/Diffusion-TS/Utils/cross_correlation.py,0.03204083442687988,2
PETS-U,ETTh,64,42,100004,discriminative_score,0,0.10853658536585364,True,4096,cdc35aa47ea833d7d776683628a7cc1b1aac76f389b2775c001a5f99adfe98bf,7bde06cbd1da758d11003db66f76a46388619803b314ca622f0c4df543ff1c18,/path/to/Diffusion-TS/Utils/discriminative_metric.py,31.90601634979248,1
PETS-U,ETTh,64,42,100004,discriminative_score,42,0.10731707317073169,True,4096,cdc35aa47ea833d7d776683628a7cc1b1aac76f389b2775c001a5f99adfe98bf,7bde06cbd1da758d11003db66f76a46388619803b314ca622f0c4df543ff1c18,/path/to/Diffusion-TS/Utils/discriminative_metric.py,31.924560546875,0
PETS-U,ETTh,64,42,100004,discriminative_score,123,0.11341463414634145,True,4096,cdc35aa47ea833d7d776683628a7cc1b1aac76f389b2775c001a5f99adfe98bf,7bde06cbd1da758d11003db66f76a46388619803b314ca622f0c4df543ff1c18,/path/to/Diffusion-TS/Utils/discriminative_metric.py,31.844054698944092,2
PETS-U,ETTh,64,42,100004,predictive_score,0,0.12010891713225647,True,4096,cdc35aa47ea833d7d776683628a7cc1b1aac76f389b2775c001a5f99adfe98bf,7bde06cbd1da758d11003db66f76a46388619803b314ca622f0c4df543ff1c18,/path/to/Diffusion-TS/Utils/predictive_metric.py,64.49456596374512,1
PETS-U,ETTh,64,42,100004,predictive_score,42,0.12505838425386173,True,4096,cdc35aa47ea833d7d776683628a7cc1b1aac76f389b2775c001a5f99adfe98bf,7bde06cbd1da758d11003db66f76a46388619803b314ca622f0c4df543ff1c18,/path/to/Diffusion-TS/Utils/predictive_metric.py,64.97159671783447,0
PETS-U,ETTh,64,42,100004,predictive_score,123,0.11826503798056365,True,4096,cdc35aa47ea833d7d776683628a7cc1b1aac76f389b2775c001a5f99adfe98bf,7bde06cbd1da758d11003db66f76a46388619803b314ca622f0c4df543ff1c18,/path/to/Diffusion-TS/Utils/predictive_metric.py,65.93215537071228,2
PETS-U,ETTh,64,123,100000,context_fid,0,0.7389558404566802,True,4096,cdc35aa47ea833d7d776683628a7cc1b1aac76f389b2775c001a5f99adfe98bf,cde026425046538a1c44f34f09a042ec7c06428628f3e80c455c6c634ee2cf36,/path/to/PETS-FFT-Ablation/results/final_unconditional_main_v1/evaluators/ETTh/T64/ts2vec_seed_0.pt,1.4722893238067627,1
PETS-U,ETTh,64,123,100000,context_fid,42,0.6745103452063789,True,4096,cdc35aa47ea833d7d776683628a7cc1b1aac76f389b2775c001a5f99adfe98bf,cde026425046538a1c44f34f09a042ec7c06428628f3e80c455c6c634ee2cf36,/path/to/PETS-FFT-Ablation/results/final_unconditional_main_v1/evaluators/ETTh/T64/ts2vec_seed_42.pt,1.3568451404571533,0
PETS-U,ETTh,64,123,100000,context_fid,123,0.6048208593211157,True,4096,cdc35aa47ea833d7d776683628a7cc1b1aac76f389b2775c001a5f99adfe98bf,cde026425046538a1c44f34f09a042ec7c06428628f3e80c455c6c634ee2cf36,/path/to/PETS-FFT-Ablation/results/final_unconditional_main_v1/evaluators/ETTh/T64/ts2vec_seed_123.pt,1.4616107940673828,1
PETS-U,ETTh,64,123,100000,correlation_score,-1,0.08362185209989548,True,4096,cdc35aa47ea833d7d776683628a7cc1b1aac76f389b2775c001a5f99adfe98bf,cde026425046538a1c44f34f09a042ec7c06428628f3e80c455c6c634ee2cf36,/path/to/Diffusion-TS/Utils/cross_correlation.py,0.02521967887878418,1
PETS-U,ETTh,64,123,100000,discriminative_score,0,0.13719512195121952,True,4096,cdc35aa47ea833d7d776683628a7cc1b1aac76f389b2775c001a5f99adfe98bf,cde026425046538a1c44f34f09a042ec7c06428628f3e80c455c6c634ee2cf36,/path/to/Diffusion-TS/Utils/discriminative_metric.py,31.88224482536316,2
PETS-U,ETTh,64,123,100000,discriminative_score,42,0.1323170731707317,True,4096,cdc35aa47ea833d7d776683628a7cc1b1aac76f389b2775c001a5f99adfe98bf,cde026425046538a1c44f34f09a042ec7c06428628f3e80c455c6c634ee2cf36,/path/to/Diffusion-TS/Utils/discriminative_metric.py,31.917136907577515,0
PETS-U,ETTh,64,123,100000,discriminative_score,123,0.12195121951219512,True,4096,cdc35aa47ea833d7d776683628a7cc1b1aac76f389b2775c001a5f99adfe98bf,cde026425046538a1c44f34f09a042ec7c06428628f3e80c455c6c634ee2cf36,/path/to/Diffusion-TS/Utils/discriminative_metric.py,31.831298351287842,1
PETS-U,ETTh,64,123,100000,predictive_score,0,0.11939981483487827,True,4096,cdc35aa47ea833d7d776683628a7cc1b1aac76f389b2775c001a5f99adfe98bf,cde026425046538a1c44f34f09a042ec7c06428628f3e80c455c6c634ee2cf36,/path/to/Diffusion-TS/Utils/predictive_metric.py,66.18827557563782,2
PETS-U,ETTh,64,123,100000,predictive_score,42,0.12425024709273202,True,4096,cdc35aa47ea833d7d776683628a7cc1b1aac76f389b2775c001a5f99adfe98bf,cde026425046538a1c44f34f09a042ec7c06428628f3e80c455c6c634ee2cf36,/path/to/Diffusion-TS/Utils/predictive_metric.py,66.0771894454956,0
PETS-U,ETTh,64,123,100000,predictive_score,123,0.11975361349323066,True,4096,cdc35aa47ea833d7d776683628a7cc1b1aac76f389b2775c001a5f99adfe98bf,cde026425046538a1c44f34f09a042ec7c06428628f3e80c455c6c634ee2cf36,/path/to/Diffusion-TS/Utils/predictive_metric.py,63.76502251625061,1
PETS-U,ETTh,64,123,100001,context_fid,0,0.7514930615734434,True,4096,cdc35aa47ea833d7d776683628a7cc1b1aac76f389b2775c001a5f99adfe98bf,57cdb5b069965f307c4988ad92a158e759d94c840b3e9acc4ec403253c276e73,/path/to/PETS-FFT-Ablation/results/final_unconditional_main_v1/evaluators/ETTh/T64/ts2vec_seed_0.pt,1.3409597873687744,1
PETS-U,ETTh,64,123,100001,context_fid,42,0.6879896010007733,True,4096,cdc35aa47ea833d7d776683628a7cc1b1aac76f389b2775c001a5f99adfe98bf,57cdb5b069965f307c4988ad92a158e759d94c840b3e9acc4ec403253c276e73,/path/to/PETS-FFT-Ablation/results/final_unconditional_main_v1/evaluators/ETTh/T64/ts2vec_seed_42.pt,1.356261968612671,1
PETS-U,ETTh,64,123,100001,context_fid,123,0.6124502453993744,True,4096,cdc35aa47ea833d7d776683628a7cc1b1aac76f389b2775c001a5f99adfe98bf,57cdb5b069965f307c4988ad92a158e759d94c840b3e9acc4ec403253c276e73,/path/to/PETS-FFT-Ablation/results/final_unconditional_main_v1/evaluators/ETTh/T64/ts2vec_seed_123.pt,1.4511427879333496,2
PETS-U,ETTh,64,123,100001,correlation_score,-1,0.07138242572546005,True,4096,cdc35aa47ea833d7d776683628a7cc1b1aac76f389b2775c001a5f99adfe98bf,57cdb5b069965f307c4988ad92a158e759d94c840b3e9acc4ec403253c276e73,/path/to/Diffusion-TS/Utils/cross_correlation.py,0.028623580932617188,1
PETS-U,ETTh,64,123,100001,discriminative_score,0,0.14451219512195124,True,4096,cdc35aa47ea833d7d776683628a7cc1b1aac76f389b2775c001a5f99adfe98bf,57cdb5b069965f307c4988ad92a158e759d94c840b3e9acc4ec403253c276e73,/path/to/Diffusion-TS/Utils/discriminative_metric.py,31.796769857406616,0
PETS-U,ETTh,64,123,100001,discriminative_score,42,0.11036585365853657,True,4096,cdc35aa47ea833d7d776683628a7cc1b1aac76f389b2775c001a5f99adfe98bf,57cdb5b069965f307c4988ad92a158e759d94c840b3e9acc4ec403253c276e73,/path/to/Diffusion-TS/Utils/discriminative_metric.py,31.782995462417603,1
PETS-U,ETTh,64,123,100001,discriminative_score,123,0.12195121951219512,True,4096,cdc35aa47ea833d7d776683628a7cc1b1aac76f389b2775c001a5f99adfe98bf,57cdb5b069965f307c4988ad92a158e759d94c840b3e9acc4ec403253c276e73,/path/to/Diffusion-TS/Utils/discriminative_metric.py,31.748399257659912,2
PETS-U,ETTh,64,123,100001,predictive_score,0,0.12082906659816217,True,4096,cdc35aa47ea833d7d776683628a7cc1b1aac76f389b2775c001a5f99adfe98bf,57cdb5b069965f307c4988ad92a158e759d94c840b3e9acc4ec403253c276e73,/path/to/Diffusion-TS/Utils/predictive_metric.py,65.94161343574524,0
PETS-U,ETTh,64,123,100001,predictive_score,42,0.12393167756181356,True,4096,cdc35aa47ea833d7d776683628a7cc1b1aac76f389b2775c001a5f99adfe98bf,57cdb5b069965f307c4988ad92a158e759d94c840b3e9acc4ec403253c276e73,/path/to/Diffusion-TS/Utils/predictive_metric.py,65.86277842521667,1
PETS-U,ETTh,64,123,100001,predictive_score,123,0.12070919198072261,True,4096,cdc35aa47ea833d7d776683628a7cc1b1aac76f389b2775c001a5f99adfe98bf,57cdb5b069965f307c4988ad92a158e759d94c840b3e9acc4ec403253c276e73,/path/to/Diffusion-TS/Utils/predictive_metric.py,65.49035024642944,2
PETS-U,ETTh,64,123,100002,context_fid,0,0.8406436548869756,True,4096,cdc35aa47ea833d7d776683628a7cc1b1aac76f389b2775c001a5f99adfe98bf,6d12b7de92f0b29521b5aed5ab771c9c5fa9658c04db89a9e8faa056dea9568e,/path/to/PETS-FFT-Ablation/results/final_unconditional_main_v1/evaluators/ETTh/T64/ts2vec_seed_0.pt,1.2003722190856934,0
PETS-U,ETTh,64,123,100002,context_fid,42,0.7592556180839709,True,4096,cdc35aa47ea833d7d776683628a7cc1b1aac76f389b2775c001a5f99adfe98bf,6d12b7de92f0b29521b5aed5ab771c9c5fa9658c04db89a9e8faa056dea9568e,/path/to/PETS-FFT-Ablation/results/final_unconditional_main_v1/evaluators/ETTh/T64/ts2vec_seed_42.pt,1.3361256122589111,2
PETS-U,ETTh,64,123,100002,context_fid,123,0.6911191834338355,True,4096,cdc35aa47ea833d7d776683628a7cc1b1aac76f389b2775c001a5f99adfe98bf,6d12b7de92f0b29521b5aed5ab771c9c5fa9658c04db89a9e8faa056dea9568e,/path/to/PETS-FFT-Ablation/results/final_unconditional_main_v1/evaluators/ETTh/T64/ts2vec_seed_123.pt,1.4146361351013184,1
PETS-U,ETTh,64,123,100002,correlation_score,-1,0.08866658061742783,True,4096,cdc35aa47ea833d7d776683628a7cc1b1aac76f389b2775c001a5f99adfe98bf,6d12b7de92f0b29521b5aed5ab771c9c5fa9658c04db89a9e8faa056dea9568e,/path/to/Diffusion-TS/Utils/cross_correlation.py,0.027489900588989258,0
PETS-U,ETTh,64,123,100002,discriminative_score,0,0.13353658536585367,True,4096,cdc35aa47ea833d7d776683628a7cc1b1aac76f389b2775c001a5f99adfe98bf,6d12b7de92f0b29521b5aed5ab771c9c5fa9658c04db89a9e8faa056dea9568e,/path/to/Diffusion-TS/Utils/discriminative_metric.py,31.94590997695923,0
PETS-U,ETTh,64,123,100002,discriminative_score,42,0.14756097560975612,True,4096,cdc35aa47ea833d7d776683628a7cc1b1aac76f389b2775c001a5f99adfe98bf,6d12b7de92f0b29521b5aed5ab771c9c5fa9658c04db89a9e8faa056dea9568e,/path/to/Diffusion-TS/Utils/discriminative_metric.py,31.775890827178955,2
PETS-U,ETTh,64,123,100002,discriminative_score,123,0.12804878048780488,True,4096,cdc35aa47ea833d7d776683628a7cc1b1aac76f389b2775c001a5f99adfe98bf,6d12b7de92f0b29521b5aed5ab771c9c5fa9658c04db89a9e8faa056dea9568e,/path/to/Diffusion-TS/Utils/discriminative_metric.py,31.815856218338013,1
PETS-U,ETTh,64,123,100002,predictive_score,0,0.12048424904969579,True,4096,cdc35aa47ea833d7d776683628a7cc1b1aac76f389b2775c001a5f99adfe98bf,6d12b7de92f0b29521b5aed5ab771c9c5fa9658c04db89a9e8faa056dea9568e,/path/to/Diffusion-TS/Utils/predictive_metric.py,66.02762818336487,0
PETS-U,ETTh,64,123,100002,predictive_score,42,0.12381799930881243,True,4096,cdc35aa47ea833d7d776683628a7cc1b1aac76f389b2775c001a5f99adfe98bf,6d12b7de92f0b29521b5aed5ab771c9c5fa9658c04db89a9e8faa056dea9568e,/path/to/Diffusion-TS/Utils/predictive_metric.py,64.14996314048767,2
PETS-U,ETTh,64,123,100002,predictive_score,123,0.12105139111417884,True,4096,cdc35aa47ea833d7d776683628a7cc1b1aac76f389b2775c001a5f99adfe98bf,6d12b7de92f0b29521b5aed5ab771c9c5fa9658c04db89a9e8faa056dea9568e,/path/to/Diffusion-TS/Utils/predictive_metric.py,63.58346366882324,1
PETS-U,ETTh,64,123,100003,context_fid,0,0.7538187527404465,True,4096,cdc35aa47ea833d7d776683628a7cc1b1aac76f389b2775c001a5f99adfe98bf,6e7a7e8129ef44c836564b08c0c604056744e06539688442edb1d2578212ebe1,/path/to/PETS-FFT-Ablation/results/final_unconditional_main_v1/evaluators/ETTh/T64/ts2vec_seed_0.pt,1.251664400100708,1
PETS-U,ETTh,64,123,100003,context_fid,42,0.6832778571051452,True,4096,cdc35aa47ea833d7d776683628a7cc1b1aac76f389b2775c001a5f99adfe98bf,6e7a7e8129ef44c836564b08c0c604056744e06539688442edb1d2578212ebe1,/path/to/PETS-FFT-Ablation/results/final_unconditional_main_v1/evaluators/ETTh/T64/ts2vec_seed_42.pt,1.349175214767456,2
PETS-U,ETTh,64,123,100003,context_fid,123,0.6183909943577546,True,4096,cdc35aa47ea833d7d776683628a7cc1b1aac76f389b2775c001a5f99adfe98bf,6e7a7e8129ef44c836564b08c0c604056744e06539688442edb1d2578212ebe1,/path/to/PETS-FFT-Ablation/results/final_unconditional_main_v1/evaluators/ETTh/T64/ts2vec_seed_123.pt,1.4137353897094727,1
PETS-U,ETTh,64,123,100003,correlation_score,-1,0.08604530245065689,True,4096,cdc35aa47ea833d7d776683628a7cc1b1aac76f389b2775c001a5f99adfe98bf,6e7a7e8129ef44c836564b08c0c604056744e06539688442edb1d2578212ebe1,/path/to/Diffusion-TS/Utils/cross_correlation.py,0.025473594665527344,1
PETS-U,ETTh,64,123,100003,discriminative_score,0,0.13902439024390245,True,4096,cdc35aa47ea833d7d776683628a7cc1b1aac76f389b2775c001a5f99adfe98bf,6e7a7e8129ef44c836564b08c0c604056744e06539688442edb1d2578212ebe1,/path/to/Diffusion-TS/Utils/discriminative_metric.py,31.775033473968506,0
PETS-U,ETTh,64,123,100003,discriminative_score,42,0.13841463414634148,True,4096,cdc35aa47ea833d7d776683628a7cc1b1aac76f389b2775c001a5f99adfe98bf,6e7a7e8129ef44c836564b08c0c604056744e06539688442edb1d2578212ebe1,/path/to/Diffusion-TS/Utils/discriminative_metric.py,32.002041816711426,2
PETS-U,ETTh,64,123,100003,discriminative_score,123,0.11890243902439024,True,4096,cdc35aa47ea833d7d776683628a7cc1b1aac76f389b2775c001a5f99adfe98bf,6e7a7e8129ef44c836564b08c0c604056744e06539688442edb1d2578212ebe1,/path/to/Diffusion-TS/Utils/discriminative_metric.py,31.793465852737427,1
PETS-U,ETTh,64,123,100003,predictive_score,0,0.12317507633861169,True,4096,cdc35aa47ea833d7d776683628a7cc1b1aac76f389b2775c001a5f99adfe98bf,6e7a7e8129ef44c836564b08c0c604056744e06539688442edb1d2578212ebe1,/path/to/Diffusion-TS/Utils/predictive_metric.py,65.39788794517517,0
PETS-U,ETTh,64,123,100003,predictive_score,42,0.12420603391115037,True,4096,cdc35aa47ea833d7d776683628a7cc1b1aac76f389b2775c001a5f99adfe98bf,6e7a7e8129ef44c836564b08c0c604056744e06539688442edb1d2578212ebe1,/path/to/Diffusion-TS/Utils/predictive_metric.py,65.04921102523804,2
PETS-U,ETTh,64,123,100003,predictive_score,123,0.12271714887310736,True,4096,cdc35aa47ea833d7d776683628a7cc1b1aac76f389b2775c001a5f99adfe98bf,6e7a7e8129ef44c836564b08c0c604056744e06539688442edb1d2578212ebe1,/path/to/Diffusion-TS/Utils/predictive_metric.py,66.21611857414246,1
PETS-U,ETTh,64,123,100004,context_fid,0,0.769450569815805,True,4096,cdc35aa47ea833d7d776683628a7cc1b1aac76f389b2775c001a5f99adfe98bf,c6f8b71aa8385642228a5bb79a70773d47ad2bf818704a46c71fa9c38b3cd34f,/path/to/PETS-FFT-Ablation/results/final_unconditional_main_v1/evaluators/ETTh/T64/ts2vec_seed_0.pt,1.2112808227539062,0
PETS-U,ETTh,64,123,100004,context_fid,42,0.6988340628211774,True,4096,cdc35aa47ea833d7d776683628a7cc1b1aac76f389b2775c001a5f99adfe98bf,c6f8b71aa8385642228a5bb79a70773d47ad2bf818704a46c71fa9c38b3cd34f,/path/to/PETS-FFT-Ablation/results/final_unconditional_main_v1/evaluators/ETTh/T64/ts2vec_seed_42.pt,1.7465286254882812,2
PETS-U,ETTh,64,123,100004,context_fid,123,0.6315346599969263,True,4096,cdc35aa47ea833d7d776683628a7cc1b1aac76f389b2775c001a5f99adfe98bf,c6f8b71aa8385642228a5bb79a70773d47ad2bf818704a46c71fa9c38b3cd34f,/path/to/PETS-FFT-Ablation/results/final_unconditional_main_v1/evaluators/ETTh/T64/ts2vec_seed_123.pt,1.579300880432129,0
PETS-U,ETTh,64,123,100004,correlation_score,-1,0.08198089897632599,True,4096,cdc35aa47ea833d7d776683628a7cc1b1aac76f389b2775c001a5f99adfe98bf,c6f8b71aa8385642228a5bb79a70773d47ad2bf818704a46c71fa9c38b3cd34f,/path/to/Diffusion-TS/Utils/cross_correlation.py,0.02456355094909668,0
PETS-U,ETTh,64,123,100004,discriminative_score,0,0.1426829268292683,True,4096,cdc35aa47ea833d7d776683628a7cc1b1aac76f389b2775c001a5f99adfe98bf,c6f8b71aa8385642228a5bb79a70773d47ad2bf818704a46c71fa9c38b3cd34f,/path/to/Diffusion-TS/Utils/discriminative_metric.py,31.806584358215332,2
PETS-U,ETTh,64,123,100004,discriminative_score,42,0.12926829268292683,True,4096,cdc35aa47ea833d7d776683628a7cc1b1aac76f389b2775c001a5f99adfe98bf,c6f8b71aa8385642228a5bb79a70773d47ad2bf818704a46c71fa9c38b3cd34f,/path/to/Diffusion-TS/Utils/discriminative_metric.py,32.00390315055847,1
PETS-U,ETTh,64,123,100004,discriminative_score,123,0.13353658536585367,True,4096,cdc35aa47ea833d7d776683628a7cc1b1aac76f389b2775c001a5f99adfe98bf,c6f8b71aa8385642228a5bb79a70773d47ad2bf818704a46c71fa9c38b3cd34f,/path/to/Diffusion-TS/Utils/discriminative_metric.py,31.788445472717285,0
PETS-U,ETTh,64,123,100004,predictive_score,0,0.12120025721878847,True,4096,cdc35aa47ea833d7d776683628a7cc1b1aac76f389b2775c001a5f99adfe98bf,c6f8b71aa8385642228a5bb79a70773d47ad2bf818704a46c71fa9c38b3cd34f,/path/to/Diffusion-TS/Utils/predictive_metric.py,65.78343057632446,2
PETS-U,ETTh,64,123,100004,predictive_score,42,0.12365417257069566,True,4096,cdc35aa47ea833d7d776683628a7cc1b1aac76f389b2775c001a5f99adfe98bf,c6f8b71aa8385642228a5bb79a70773d47ad2bf818704a46c71fa9c38b3cd34f,/path/to/Diffusion-TS/Utils/predictive_metric.py,64.6120343208313,1
PETS-U,ETTh,64,123,100004,predictive_score,123,0.11843676888383925,True,4096,cdc35aa47ea833d7d776683628a7cc1b1aac76f389b2775c001a5f99adfe98bf,c6f8b71aa8385642228a5bb79a70773d47ad2bf818704a46c71fa9c38b3cd34f,/path/to/Diffusion-TS/Utils/predictive_metric.py,65.43703484535217,0
Diffusion-TS,ETTh,128,0,100000,context_fid,0,0.4804466466037906,True,4096,7738f737c4dfcedd618d7ad6f490ed21d761bacb5f690c68e54a6607f5d6e950,ab5c9e395c225d409e241c3abbf5c3412a989cafc3d3b1ebfcf4af9412d35c12,/path/to/PETS-FFT-Ablation/results/final_unconditional_main_v1/evaluators/ETTh/T128/ts2vec_seed_0.pt,1.2543411254882812,0
Diffusion-TS,ETTh,128,0,100000,context_fid,42,0.5674476269714706,True,4096,7738f737c4dfcedd618d7ad6f490ed21d761bacb5f690c68e54a6607f5d6e950,ab5c9e395c225d409e241c3abbf5c3412a989cafc3d3b1ebfcf4af9412d35c12,/path/to/PETS-FFT-Ablation/results/final_unconditional_main_v1/evaluators/ETTh/T128/ts2vec_seed_42.pt,1.3227558135986328,0
Diffusion-TS,ETTh,128,0,100000,context_fid,123,0.517636666246338,True,4096,7738f737c4dfcedd618d7ad6f490ed21d761bacb5f690c68e54a6607f5d6e950,ab5c9e395c225d409e241c3abbf5c3412a989cafc3d3b1ebfcf4af9412d35c12,/path/to/PETS-FFT-Ablation/results/final_unconditional_main_v1/evaluators/ETTh/T128/ts2vec_seed_123.pt,1.3317797183990479,0
Diffusion-TS,ETTh,128,0,100000,correlation_score,-1,0.07985271513462067,True,4096,7738f737c4dfcedd618d7ad6f490ed21d761bacb5f690c68e54a6607f5d6e950,ab5c9e395c225d409e241c3abbf5c3412a989cafc3d3b1ebfcf4af9412d35c12,/path/to/Diffusion-TS/Utils/cross_correlation.py,0.08397531509399414,0
Diffusion-TS,ETTh,128,0,100000,discriminative_score,0,0.099390243902439,True,4096,7738f737c4dfcedd618d7ad6f490ed21d761bacb5f690c68e54a6607f5d6e950,ab5c9e395c225d409e241c3abbf5c3412a989cafc3d3b1ebfcf4af9412d35c12,/path/to/Diffusion-TS/Utils/discriminative_metric.py,59.070382595062256,1
Diffusion-TS,ETTh,128,0,100000,discriminative_score,42,0.10853658536585364,True,4096,7738f737c4dfcedd618d7ad6f490ed21d761bacb5f690c68e54a6607f5d6e950,ab5c9e395c225d409e241c3abbf5c3412a989cafc3d3b1ebfcf4af9412d35c12,/path/to/Diffusion-TS/Utils/discriminative_metric.py,58.82611346244812,0
Diffusion-TS,ETTh,128,0,100000,discriminative_score,123,0.11890243902439024,True,4096,7738f737c4dfcedd618d7ad6f490ed21d761bacb5f690c68e54a6607f5d6e950,ab5c9e395c225d409e241c3abbf5c3412a989cafc3d3b1ebfcf4af9412d35c12,/path/to/Diffusion-TS/Utils/discriminative_metric.py,59.00360417366028,2
Diffusion-TS,ETTh,128,0,100000,predictive_score,0,0.11127912487563663,True,4096,7738f737c4dfcedd618d7ad6f490ed21d761bacb5f690c68e54a6607f5d6e950,ab5c9e395c225d409e241c3abbf5c3412a989cafc3d3b1ebfcf4af9412d35c12,/path/to/Diffusion-TS/Utils/predictive_metric.py,125.31335139274597,1
Diffusion-TS,ETTh,128,0,100000,predictive_score,42,0.12064017778857306,True,4096,7738f737c4dfcedd618d7ad6f490ed21d761bacb5f690c68e54a6607f5d6e950,ab5c9e395c225d409e241c3abbf5c3412a989cafc3d3b1ebfcf4af9412d35c12,/path/to/Diffusion-TS/Utils/predictive_metric.py,125.165358543396,0
Diffusion-TS,ETTh,128,0,100000,predictive_score,123,0.1145722032656522,True,4096,7738f737c4dfcedd618d7ad6f490ed21d761bacb5f690c68e54a6607f5d6e950,ab5c9e395c225d409e241c3abbf5c3412a989cafc3d3b1ebfcf4af9412d35c12,/path/to/Diffusion-TS/Utils/predictive_metric.py,124.56610226631165,2
Diffusion-TS,ETTh,128,0,100001,context_fid,0,0.49018376658675517,True,4096,7738f737c4dfcedd618d7ad6f490ed21d761bacb5f690c68e54a6607f5d6e950,bba198a07dc98acb4e063e899b4859086701ff661999f25bf550d8dab49e6b48,/path/to/PETS-FFT-Ablation/results/final_unconditional_main_v1/evaluators/ETTh/T128/ts2vec_seed_0.pt,1.2592663764953613,1
Diffusion-TS,ETTh,128,0,100001,context_fid,42,0.5741141488973578,True,4096,7738f737c4dfcedd618d7ad6f490ed21d761bacb5f690c68e54a6607f5d6e950,bba198a07dc98acb4e063e899b4859086701ff661999f25bf550d8dab49e6b48,/path/to/PETS-FFT-Ablation/results/final_unconditional_main_v1/evaluators/ETTh/T128/ts2vec_seed_42.pt,1.944274663925171,2
Diffusion-TS,ETTh,128,0,100001,context_fid,123,0.5094091229842318,True,4096,7738f737c4dfcedd618d7ad6f490ed21d761bacb5f690c68e54a6607f5d6e950,bba198a07dc98acb4e063e899b4859086701ff661999f25bf550d8dab49e6b48,/path/to/PETS-FFT-Ablation/results/final_unconditional_main_v1/evaluators/ETTh/T128/ts2vec_seed_123.pt,1.292574167251587,0
Diffusion-TS,ETTh,128,0,100001,correlation_score,-1,0.0726497545838356,True,4096,7738f737c4dfcedd618d7ad6f490ed21d761bacb5f690c68e54a6607f5d6e950,bba198a07dc98acb4e063e899b4859086701ff661999f25bf550d8dab49e6b48,/path/to/Diffusion-TS/Utils/cross_correlation.py,0.08393263816833496,1
Diffusion-TS,ETTh,128,0,100001,discriminative_score,0,0.10670731707317072,True,4096,7738f737c4dfcedd618d7ad6f490ed21d761bacb5f690c68e54a6607f5d6e950,bba198a07dc98acb4e063e899b4859086701ff661999f25bf550d8dab49e6b48,/path/to/Diffusion-TS/Utils/discriminative_metric.py,58.57884168624878,1
Diffusion-TS,ETTh,128,0,100001,discriminative_score,42,0.13597560975609757,True,4096,7738f737c4dfcedd618d7ad6f490ed21d761bacb5f690c68e54a6607f5d6e950,bba198a07dc98acb4e063e899b4859086701ff661999f25bf550d8dab49e6b48,/path/to/Diffusion-TS/Utils/discriminative_metric.py,59.38346004486084,0
Diffusion-TS,ETTh,128,0,100001,discriminative_score,123,0.10426829268292681,True,4096,7738f737c4dfcedd618d7ad6f490ed21d761bacb5f690c68e54a6607f5d6e950,bba198a07dc98acb4e063e899b4859086701ff661999f25bf550d8dab49e6b48,/path/to/Diffusion-TS/Utils/discriminative_metric.py,59.301302909851074,2
Diffusion-TS,ETTh,128,0,100001,predictive_score,0,0.11226552520338373,True,4096,7738f737c4dfcedd618d7ad6f490ed21d761bacb5f690c68e54a6607f5d6e950,bba198a07dc98acb4e063e899b4859086701ff661999f25bf550d8dab49e6b48,/path/to/Diffusion-TS/Utils/predictive_metric.py,124.92415356636047,1
Diffusion-TS,ETTh,128,0,100001,predictive_score,42,0.12097221581575468,True,4096,7738f737c4dfcedd618d7ad6f490ed21d761bacb5f690c68e54a6607f5d6e950,bba198a07dc98acb4e063e899b4859086701ff661999f25bf550d8dab49e6b48,/path/to/Diffusion-TS/Utils/predictive_metric.py,125.04027724266052,0
Diffusion-TS,ETTh,128,0,100001,predictive_score,123,0.13522073581725635,True,4096,7738f737c4dfcedd618d7ad6f490ed21d761bacb5f690c68e54a6607f5d6e950,bba198a07dc98acb4e063e899b4859086701ff661999f25bf550d8dab49e6b48,/path/to/Diffusion-TS/Utils/predictive_metric.py,123.95525193214417,2
Diffusion-TS,ETTh,128,0,100002,context_fid,0,0.5379559372464636,True,4096,7738f737c4dfcedd618d7ad6f490ed21d761bacb5f690c68e54a6607f5d6e950,f304c3fed2322f42a64d1c739e43188472acd3849576d995467609b6a418b7cf,/path/to/PETS-FFT-Ablation/results/final_unconditional_main_v1/evaluators/ETTh/T128/ts2vec_seed_0.pt,1.3927149772644043,1
Diffusion-TS,ETTh,128,0,100002,context_fid,42,0.637416830545795,True,4096,7738f737c4dfcedd618d7ad6f490ed21d761bacb5f690c68e54a6607f5d6e950,f304c3fed2322f42a64d1c739e43188472acd3849576d995467609b6a418b7cf,/path/to/PETS-FFT-Ablation/results/final_unconditional_main_v1/evaluators/ETTh/T128/ts2vec_seed_42.pt,1.3599598407745361,2
Diffusion-TS,ETTh,128,0,100002,context_fid,123,0.5686450299510575,True,4096,7738f737c4dfcedd618d7ad6f490ed21d761bacb5f690c68e54a6607f5d6e950,f304c3fed2322f42a64d1c739e43188472acd3849576d995467609b6a418b7cf,/path/to/PETS-FFT-Ablation/results/final_unconditional_main_v1/evaluators/ETTh/T128/ts2vec_seed_123.pt,1.378053903579712,1
Diffusion-TS,ETTh,128,0,100002,correlation_score,-1,0.085953488945961,True,4096,7738f737c4dfcedd618d7ad6f490ed21d761bacb5f690c68e54a6607f5d6e950,f304c3fed2322f42a64d1c739e43188472acd3849576d995467609b6a418b7cf,/path/to/Diffusion-TS/Utils/cross_correlation.py,0.0892479419708252,1
Diffusion-TS,ETTh,128,0,100002,discriminative_score,0,0.1274390243902439,True,4096,7738f737c4dfcedd618d7ad6f490ed21d761bacb5f690c68e54a6607f5d6e950,f304c3fed2322f42a64d1c739e43188472acd3849576d995467609b6a418b7cf,/path/to/Diffusion-TS/Utils/discriminative_metric.py,58.733070850372314,0
Diffusion-TS,ETTh,128,0,100002,discriminative_score,42,0.1378048780487805,True,4096,7738f737c4dfcedd618d7ad6f490ed21d761bacb5f690c68e54a6607f5d6e950,f304c3fed2322f42a64d1c739e43188472acd3849576d995467609b6a418b7cf,/path/to/Diffusion-TS/Utils/discriminative_metric.py,58.82473349571228,2
Diffusion-TS,ETTh,128,0,100002,discriminative_score,123,0.11829268292682926,True,4096,7738f737c4dfcedd618d7ad6f490ed21d761bacb5f690c68e54a6607f5d6e950,f304c3fed2322f42a64d1c739e43188472acd3849576d995467609b6a418b7cf,/path/to/Diffusion-TS/Utils/discriminative_metric.py,59.04708218574524,1
Diffusion-TS,ETTh,128,0,100002,predictive_score,0,0.1106705968732058,True,4096,7738f737c4dfcedd618d7ad6f490ed21d761bacb5f690c68e54a6607f5d6e950,f304c3fed2322f42a64d1c739e43188472acd3849576d995467609b6a418b7cf,/path/to/Diffusion-TS/Utils/predictive_metric.py,124.98997688293457,0
Diffusion-TS,ETTh,128,0,100002,predictive_score,42,0.12179291490519972,True,4096,7738f737c4dfcedd618d7ad6f490ed21d761bacb5f690c68e54a6607f5d6e950,f304c3fed2322f42a64d1c739e43188472acd3849576d995467609b6a418b7cf,/path/to/Diffusion-TS/Utils/predictive_metric.py,124.68740844726562,2
Diffusion-TS,ETTh,128,0,100002,predictive_score,123,0.11128759428629564,True,4096,7738f737c4dfcedd618d7ad6f490ed21d761bacb5f690c68e54a6607f5d6e950,f304c3fed2322f42a64d1c739e43188472acd3849576d995467609b6a418b7cf,/path/to/Diffusion-TS/Utils/predictive_metric.py,123.87522411346436,1
Diffusion-TS,ETTh,128,0,100003,context_fid,0,0.49639915895406983,True,4096,7738f737c4dfcedd618d7ad6f490ed21d761bacb5f690c68e54a6607f5d6e950,2366bb7da844ed68dbde19414f23053e04b1223050f7437363db5b8a207a4670,/path/to/PETS-FFT-Ablation/results/final_unconditional_main_v1/evaluators/ETTh/T128/ts2vec_seed_0.pt,1.2463440895080566,0
Diffusion-TS,ETTh,128,0,100003,context_fid,42,0.5823204463036988,True,4096,7738f737c4dfcedd618d7ad6f490ed21d761bacb5f690c68e54a6607f5d6e950,2366bb7da844ed68dbde19414f23053e04b1223050f7437363db5b8a207a4670,/path/to/PETS-FFT-Ablation/results/final_unconditional_main_v1/evaluators/ETTh/T128/ts2vec_seed_42.pt,1.332911491394043,1
Diffusion-TS,ETTh,128,0,100003,context_fid,123,0.5257333327636053,True,4096,7738f737c4dfcedd618d7ad6f490ed21d761bacb5f690c68e54a6607f5d6e950,2366bb7da844ed68dbde19414f23053e04b1223050f7437363db5b8a207a4670,/path/to/PETS-FFT-Ablation/results/final_unconditional_main_v1/evaluators/ETTh/T128/ts2vec_seed_123.pt,1.3666560649871826,2
Diffusion-TS,ETTh,128,0,100003,correlation_score,-1,0.08042622357606888,True,4096,7738f737c4dfcedd618d7ad6f490ed21d761bacb5f690c68e54a6607f5d6e950,2366bb7da844ed68dbde19414f23053e04b1223050f7437363db5b8a207a4670,/path/to/Diffusion-TS/Utils/cross_correlation.py,0.08353567123413086,0
Diffusion-TS,ETTh,128,0,100003,discriminative_score,0,0.11646341463414633,True,4096,7738f737c4dfcedd618d7ad6f490ed21d761bacb5f690c68e54a6607f5d6e950,2366bb7da844ed68dbde19414f23053e04b1223050f7437363db5b8a207a4670,/path/to/Diffusion-TS/Utils/discriminative_metric.py,59.48238730430603,0
Diffusion-TS,ETTh,128,0,100003,discriminative_score,42,0.14390243902439026,True,4096,7738f737c4dfcedd618d7ad6f490ed21d761bacb5f690c68e54a6607f5d6e950,2366bb7da844ed68dbde19414f23053e04b1223050f7437363db5b8a207a4670,/path/to/Diffusion-TS/Utils/discriminative_metric.py,58.57629156112671,1
Diffusion-TS,ETTh,128,0,100003,discriminative_score,123,0.12073170731707317,True,4096,7738f737c4dfcedd618d7ad6f490ed21d761bacb5f690c68e54a6607f5d6e950,2366bb7da844ed68dbde19414f23053e04b1223050f7437363db5b8a207a4670,/path/to/Diffusion-TS/Utils/discriminative_metric.py,58.902862787246704,2
Diffusion-TS,ETTh,128,0,100003,predictive_score,0,0.1108278935234921,True,4096,7738f737c4dfcedd618d7ad6f490ed21d761bacb5f690c68e54a6607f5d6e950,2366bb7da844ed68dbde19414f23053e04b1223050f7437363db5b8a207a4670,/path/to/Diffusion-TS/Utils/predictive_metric.py,126.61786460876465,1
Diffusion-TS,ETTh,128,0,100003,predictive_score,42,0.12134079997804292,True,4096,7738f737c4dfcedd618d7ad6f490ed21d761bacb5f690c68e54a6607f5d6e950,2366bb7da844ed68dbde19414f23053e04b1223050f7437363db5b8a207a4670,/path/to/Diffusion-TS/Utils/predictive_metric.py,125.98798871040344,0
Diffusion-TS,ETTh,128,0,100003,predictive_score,123,0.1150231751425963,True,4096,7738f737c4dfcedd618d7ad6f490ed21d761bacb5f690c68e54a6607f5d6e950,2366bb7da844ed68dbde19414f23053e04b1223050f7437363db5b8a207a4670,/path/to/Diffusion-TS/Utils/predictive_metric.py,125.08721089363098,2
Diffusion-TS,ETTh,128,0,100004,context_fid,0,0.4521471478908246,True,4096,7738f737c4dfcedd618d7ad6f490ed21d761bacb5f690c68e54a6607f5d6e950,58ac6803b1d66c2fd000d48fd7e18e595bfff5c99bdf7e40c902ac1a66a772c3,/path/to/PETS-FFT-Ablation/results/final_unconditional_main_v1/evaluators/ETTh/T128/ts2vec_seed_0.pt,1.2659587860107422,2
Diffusion-TS,ETTh,128,0,100004,context_fid,42,0.532921544916783,True,4096,7738f737c4dfcedd618d7ad6f490ed21d761bacb5f690c68e54a6607f5d6e950,58ac6803b1d66c2fd000d48fd7e18e595bfff5c99bdf7e40c902ac1a66a772c3,/path/to/PETS-FFT-Ablation/results/final_unconditional_main_v1/evaluators/ETTh/T128/ts2vec_seed_42.pt,1.2864291667938232,0
Diffusion-TS,ETTh,128,0,100004,context_fid,123,0.47802327175182446,True,4096,7738f737c4dfcedd618d7ad6f490ed21d761bacb5f690c68e54a6607f5d6e950,58ac6803b1d66c2fd000d48fd7e18e595bfff5c99bdf7e40c902ac1a66a772c3,/path/to/PETS-FFT-Ablation/results/final_unconditional_main_v1/evaluators/ETTh/T128/ts2vec_seed_123.pt,1.3883891105651855,1
Diffusion-TS,ETTh,128,0,100004,correlation_score,-1,0.07768642902374268,True,4096,7738f737c4dfcedd618d7ad6f490ed21d761bacb5f690c68e54a6607f5d6e950,58ac6803b1d66c2fd000d48fd7e18e595bfff5c99bdf7e40c902ac1a66a772c3,/path/to/Diffusion-TS/Utils/cross_correlation.py,0.08587408065795898,2
Diffusion-TS,ETTh,128,0,100004,discriminative_score,0,0.09146341463414631,True,4096,7738f737c4dfcedd618d7ad6f490ed21d761bacb5f690c68e54a6607f5d6e950,58ac6803b1d66c2fd000d48fd7e18e595bfff5c99bdf7e40c902ac1a66a772c3,/path/to/Diffusion-TS/Utils/discriminative_metric.py,58.99856495857239,2
Diffusion-TS,ETTh,128,0,100004,discriminative_score,42,0.11951219512195121,True,4096,7738f737c4dfcedd618d7ad6f490ed21d761bacb5f690c68e54a6607f5d6e950,58ac6803b1d66c2fd000d48fd7e18e595bfff5c99bdf7e40c902ac1a66a772c3,/path/to/Diffusion-TS/Utils/discriminative_metric.py,59.06863808631897,0
Diffusion-TS,ETTh,128,0,100004,discriminative_score,123,0.09451219512195119,True,4096,7738f737c4dfcedd618d7ad6f490ed21d761bacb5f690c68e54a6607f5d6e950,58ac6803b1d66c2fd000d48fd7e18e595bfff5c99bdf7e40c902ac1a66a772c3,/path/to/Diffusion-TS/Utils/discriminative_metric.py,58.34511971473694,1
Diffusion-TS,ETTh,128,0,100004,predictive_score,0,0.10947542927669929,True,4096,7738f737c4dfcedd618d7ad6f490ed21d761bacb5f690c68e54a6607f5d6e950,58ac6803b1d66c2fd000d48fd7e18e595bfff5c99bdf7e40c902ac1a66a772c3,/path/to/Diffusion-TS/Utils/predictive_metric.py,124.40968704223633,2
Diffusion-TS,ETTh,128,0,100004,predictive_score,42,0.12083630849519977,True,4096,7738f737c4dfcedd618d7ad6f490ed21d761bacb5f690c68e54a6607f5d6e950,58ac6803b1d66c2fd000d48fd7e18e595bfff5c99bdf7e40c902ac1a66a772c3,/path/to/Diffusion-TS/Utils/predictive_metric.py,128.3471610546112,1
Diffusion-TS,ETTh,128,0,100004,predictive_score,123,0.11396215934200882,True,4096,7738f737c4dfcedd618d7ad6f490ed21d761bacb5f690c68e54a6607f5d6e950,58ac6803b1d66c2fd000d48fd7e18e595bfff5c99bdf7e40c902ac1a66a772c3,/path/to/Diffusion-TS/Utils/predictive_metric.py,123.79997181892395,0
Diffusion-TS,ETTh,128,42,100000,context_fid,0,0.5651360884700114,True,4096,7738f737c4dfcedd618d7ad6f490ed21d761bacb5f690c68e54a6607f5d6e950,03b6263cd9bff475cd6347d4af11551df538ac9db3248747f4cbb827f189996d,/path/to/PETS-FFT-Ablation/results/final_unconditional_main_v1/evaluators/ETTh/T128/ts2vec_seed_0.pt,1.3887097835540771,2
Diffusion-TS,ETTh,128,42,100000,context_fid,42,0.6548124342173283,True,4096,7738f737c4dfcedd618d7ad6f490ed21d761bacb5f690c68e54a6607f5d6e950,03b6263cd9bff475cd6347d4af11551df538ac9db3248747f4cbb827f189996d,/path/to/PETS-FFT-Ablation/results/final_unconditional_main_v1/evaluators/ETTh/T128/ts2vec_seed_42.pt,1.6799862384796143,0
Diffusion-TS,ETTh,128,42,100000,context_fid,123,0.58744296460549,True,4096,7738f737c4dfcedd618d7ad6f490ed21d761bacb5f690c68e54a6607f5d6e950,03b6263cd9bff475cd6347d4af11551df538ac9db3248747f4cbb827f189996d,/path/to/PETS-FFT-Ablation/results/final_unconditional_main_v1/evaluators/ETTh/T128/ts2vec_seed_123.pt,1.4982116222381592,2
Diffusion-TS,ETTh,128,42,100000,correlation_score,-1,0.09998904168605804,True,4096,7738f737c4dfcedd618d7ad6f490ed21d761bacb5f690c68e54a6607f5d6e950,03b6263cd9bff475cd6347d4af11551df538ac9db3248747f4cbb827f189996d,/path/to/Diffusion-TS/Utils/cross_correlation.py,0.08639311790466309,2
Diffusion-TS,ETTh,128,42,100000,discriminative_score,0,0.13353658536585367,True,4096,7738f737c4dfcedd618d7ad6f490ed21d761bacb5f690c68e54a6607f5d6e950,03b6263cd9bff475cd6347d4af11551df538ac9db3248747f4cbb827f189996d,/path/to/Diffusion-TS/Utils/discriminative_metric.py,58.824443340301514,0
Diffusion-TS,ETTh,128,42,100000,discriminative_score,42,0.13719512195121952,True,4096,7738f737c4dfcedd618d7ad6f490ed21d761bacb5f690c68e54a6607f5d6e950,03b6263cd9bff475cd6347d4af11551df538ac9db3248747f4cbb827f189996d,/path/to/Diffusion-TS/Utils/discriminative_metric.py,59.45903825759888,2
Diffusion-TS,ETTh,128,42,100000,discriminative_score,123,0.1121951219512195,True,4096,7738f737c4dfcedd618d7ad6f490ed21d761bacb5f690c68e54a6607f5d6e950,03b6263cd9bff475cd6347d4af11551df538ac9db3248747f4cbb827f189996d,/path/to/Diffusion-TS/Utils/discriminative_metric.py,59.052207469940186,1
Diffusion-TS,ETTh,128,42,100000,predictive_score,0,0.11358067564196972,True,4096,7738f737c4dfcedd618d7ad6f490ed21d761bacb5f690c68e54a6607f5d6e950,03b6263cd9bff475cd6347d4af11551df538ac9db3248747f4cbb827f189996d,/path/to/Diffusion-TS/Utils/predictive_metric.py,125.26963090896606,0
Diffusion-TS,ETTh,128,42,100000,predictive_score,42,0.1208746480492664,True,4096,7738f737c4dfcedd618d7ad6f490ed21d761bacb5f690c68e54a6607f5d6e950,03b6263cd9bff475cd6347d4af11551df538ac9db3248747f4cbb827f189996d,/path/to/Diffusion-TS/Utils/predictive_metric.py,127.7712893486023,2
Diffusion-TS,ETTh,128,42,100000,predictive_score,123,0.11890433612006746,True,4096,7738f737c4dfcedd618d7ad6f490ed21d761bacb5f690c68e54a6607f5d6e950,03b6263cd9bff475cd6347d4af11551df538ac9db3248747f4cbb827f189996d,/path/to/Diffusion-TS/Utils/predictive_metric.py,125.42392015457153,1
Diffusion-TS,ETTh,128,42,100001,context_fid,0,0.5336683773424483,True,4096,7738f737c4dfcedd618d7ad6f490ed21d761bacb5f690c68e54a6607f5d6e950,5dfca3affb007219052b9280332995d1e4ce4ecb12216cb6fb0c39025aeeffb8,/path/to/PETS-FFT-Ablation/results/final_unconditional_main_v1/evaluators/ETTh/T128/ts2vec_seed_0.pt,1.28969144821167,0
Diffusion-TS,ETTh,128,42,100001,context_fid,42,0.6247563449983514,True,4096,7738f737c4dfcedd618d7ad6f490ed21d761bacb5f690c68e54a6607f5d6e950,5dfca3affb007219052b9280332995d1e4ce4ecb12216cb6fb0c39025aeeffb8,/path/to/PETS-FFT-Ablation/results/final_unconditional_main_v1/evaluators/ETTh/T128/ts2vec_seed_42.pt,1.3452696800231934,0
Diffusion-TS,ETTh,128,42,100001,context_fid,123,0.5496813257014015,True,4096,7738f737c4dfcedd618d7ad6f490ed21d761bacb5f690c68e54a6607f5d6e950,5dfca3affb007219052b9280332995d1e4ce4ecb12216cb6fb0c39025aeeffb8,/path/to/PETS-FFT-Ablation/results/final_unconditional_main_v1/evaluators/ETTh/T128/ts2vec_seed_123.pt,1.3193862438201904,1
Diffusion-TS,ETTh,128,42,100001,correlation_score,-1,0.09383755177259445,True,4096,7738f737c4dfcedd618d7ad6f490ed21d761bacb5f690c68e54a6607f5d6e950,5dfca3affb007219052b9280332995d1e4ce4ecb12216cb6fb0c39025aeeffb8,/path/to/Diffusion-TS/Utils/cross_correlation.py,0.08491849899291992,0
Diffusion-TS,ETTh,128,42,100001,discriminative_score,0,0.1329268292682927,True,4096,7738f737c4dfcedd618d7ad6f490ed21d761bacb5f690c68e54a6607f5d6e950,5dfca3affb007219052b9280332995d1e4ce4ecb12216cb6fb0c39025aeeffb8,/path/to/Diffusion-TS/Utils/discriminative_metric.py,58.39037752151489,0
Diffusion-TS,ETTh,128,42,100001,discriminative_score,42,0.13963414634146343,True,4096,7738f737c4dfcedd618d7ad6f490ed21d761bacb5f690c68e54a6607f5d6e950,5dfca3affb007219052b9280332995d1e4ce4ecb12216cb6fb0c39025aeeffb8,/path/to/Diffusion-TS/Utils/discriminative_metric.py,58.588906049728394,1
Diffusion-TS,ETTh,128,42,100001,discriminative_score,123,0.11524390243902438,True,4096,7738f737c4dfcedd618d7ad6f490ed21d761bacb5f690c68e54a6607f5d6e950,5dfca3affb007219052b9280332995d1e4ce4ecb12216cb6fb0c39025aeeffb8,/path/to/Diffusion-TS/Utils/discriminative_metric.py,58.365410566329956,2
Diffusion-TS,ETTh,128,42,100001,predictive_score,0,0.11173777059684653,True,4096,7738f737c4dfcedd618d7ad6f490ed21d761bacb5f690c68e54a6607f5d6e950,5dfca3affb007219052b9280332995d1e4ce4ecb12216cb6fb0c39025aeeffb8,/path/to/Diffusion-TS/Utils/predictive_metric.py,125.58574485778809,0
Diffusion-TS,ETTh,128,42,100001,predictive_score,42,0.12090504581192363,True,4096,7738f737c4dfcedd618d7ad6f490ed21d761bacb5f690c68e54a6607f5d6e950,5dfca3affb007219052b9280332995d1e4ce4ecb12216cb6fb0c39025aeeffb8,/path/to/Diffusion-TS/Utils/predictive_metric.py,126.25741577148438,2
Diffusion-TS,ETTh,128,42,100001,predictive_score,123,0.12248431274656468,True,4096,7738f737c4dfcedd618d7ad6f490ed21d761bacb5f690c68e54a6607f5d6e950,5dfca3affb007219052b9280332995d1e4ce4ecb12216cb6fb0c39025aeeffb8,/path/to/Diffusion-TS/Utils/predictive_metric.py,127.1316306591034,1
Diffusion-TS,ETTh,128,42,100002,context_fid,0,0.5318350826335775,True,4096,7738f737c4dfcedd618d7ad6f490ed21d761bacb5f690c68e54a6607f5d6e950,226594936ffb32e1bc2656906bf6bc0542d4fe8ed7b5211b36ff27fffc2a3978,/path/to/PETS-FFT-Ablation/results/final_unconditional_main_v1/evaluators/ETTh/T128/ts2vec_seed_0.pt,1.3964366912841797,0
Diffusion-TS,ETTh,128,42,100002,context_fid,42,0.6183240588236913,True,4096,7738f737c4dfcedd618d7ad6f490ed21d761bacb5f690c68e54a6607f5d6e950,226594936ffb32e1bc2656906bf6bc0542d4fe8ed7b5211b36ff27fffc2a3978,/path/to/PETS-FFT-Ablation/results/final_unconditional_main_v1/evaluators/ETTh/T128/ts2vec_seed_42.pt,1.3644521236419678,0
Diffusion-TS,ETTh,128,42,100002,context_fid,123,0.5547469109537383,True,4096,7738f737c4dfcedd618d7ad6f490ed21d761bacb5f690c68e54a6607f5d6e950,226594936ffb32e1bc2656906bf6bc0542d4fe8ed7b5211b36ff27fffc2a3978,/path/to/PETS-FFT-Ablation/results/final_unconditional_main_v1/evaluators/ETTh/T128/ts2vec_seed_123.pt,1.3863024711608887,2
Diffusion-TS,ETTh,128,42,100002,correlation_score,-1,0.09830062091350555,True,4096,7738f737c4dfcedd618d7ad6f490ed21d761bacb5f690c68e54a6607f5d6e950,226594936ffb32e1bc2656906bf6bc0542d4fe8ed7b5211b36ff27fffc2a3978,/path/to/Diffusion-TS/Utils/cross_correlation.py,0.08210396766662598,0
Diffusion-TS,ETTh,128,42,100002,discriminative_score,0,0.1323170731707317,True,4096,7738f737c4dfcedd618d7ad6f490ed21d761bacb5f690c68e54a6607f5d6e950,226594936ffb32e1bc2656906bf6bc0542d4fe8ed7b5211b36ff27fffc2a3978,/path/to/Diffusion-TS/Utils/discriminative_metric.py,58.9976441860199,0
Diffusion-TS,ETTh,128,42,100002,discriminative_score,42,0.14146341463414636,True,4096,7738f737c4dfcedd618d7ad6f490ed21d761bacb5f690c68e54a6607f5d6e950,226594936ffb32e1bc2656906bf6bc0542d4fe8ed7b5211b36ff27fffc2a3978,/path/to/Diffusion-TS/Utils/discriminative_metric.py,58.68813633918762,1
Diffusion-TS,ETTh,128,42,100002,discriminative_score,123,0.1146341463414634,True,4096,7738f737c4dfcedd618d7ad6f490ed21d761bacb5f690c68e54a6607f5d6e950,226594936ffb32e1bc2656906bf6bc0542d4fe8ed7b5211b36ff27fffc2a3978,/path/to/Diffusion-TS/Utils/discriminative_metric.py,58.675442934036255,2
Diffusion-TS,ETTh,128,42,100002,predictive_score,0,0.11127437382629068,True,4096,7738f737c4dfcedd618d7ad6f490ed21d761bacb5f690c68e54a6607f5d6e950,226594936ffb32e1bc2656906bf6bc0542d4fe8ed7b5211b36ff27fffc2a3978,/path/to/Diffusion-TS/Utils/predictive_metric.py,123.93963050842285,1
Diffusion-TS,ETTh,128,42,100002,predictive_score,42,0.12030283596550362,True,4096,7738f737c4dfcedd618d7ad6f490ed21d761bacb5f690c68e54a6607f5d6e950,226594936ffb32e1bc2656906bf6bc0542d4fe8ed7b5211b36ff27fffc2a3978,/path/to/Diffusion-TS/Utils/predictive_metric.py,126.66998529434204,0
Diffusion-TS,ETTh,128,42,100002,predictive_score,123,0.11488264837635143,True,4096,7738f737c4dfcedd618d7ad6f490ed21d761bacb5f690c68e54a6607f5d6e950,226594936ffb32e1bc2656906bf6bc0542d4fe8ed7b5211b36ff27fffc2a3978,/path/to/Diffusion-TS/Utils/predictive_metric.py,124.15690898895264,2
Diffusion-TS,ETTh,128,42,100003,context_fid,0,0.5150298605726109,True,4096,7738f737c4dfcedd618d7ad6f490ed21d761bacb5f690c68e54a6607f5d6e950,8c683060efe05505e2d9ef1eedfca5856651509fa8c1a46114cfae42661315b4,/path/to/PETS-FFT-Ablation/results/final_unconditional_main_v1/evaluators/ETTh/T128/ts2vec_seed_0.pt,1.2925705909729004,1
Diffusion-TS,ETTh,128,42,100003,context_fid,42,0.5967785490803905,True,4096,7738f737c4dfcedd618d7ad6f490ed21d761bacb5f690c68e54a6607f5d6e950,8c683060efe05505e2d9ef1eedfca5856651509fa8c1a46114cfae42661315b4,/path/to/PETS-FFT-Ablation/results/final_unconditional_main_v1/evaluators/ETTh/T128/ts2vec_seed_42.pt,1.421308994293213,2
Diffusion-TS,ETTh,128,42,100003,context_fid,123,0.5376122617765291,True,4096,7738f737c4dfcedd618d7ad6f490ed21d761bacb5f690c68e54a6607f5d6e950,8c683060efe05505e2d9ef1eedfca5856651509fa8c1a46114cfae42661315b4,/path/to/PETS-FFT-Ablation/results/final_unconditional_main_v1/evaluators/ETTh/T128/ts2vec_seed_123.pt,1.527611494064331,1
Diffusion-TS,ETTh,128,42,100003,correlation_score,-1,0.09707177430391312,True,4096,7738f737c4dfcedd618d7ad6f490ed21d761bacb5f690c68e54a6607f5d6e950,8c683060efe05505e2d9ef1eedfca5856651509fa8c1a46114cfae42661315b4,/path/to/Diffusion-TS/Utils/cross_correlation.py,0.08611035346984863,1
Diffusion-TS,ETTh,128,42,100003,discriminative_score,0,0.14878048780487807,True,4096,7738f737c4dfcedd618d7ad6f490ed21d761bacb5f690c68e54a6607f5d6e950,8c683060efe05505e2d9ef1eedfca5856651509fa8c1a46114cfae42661315b4,/path/to/Diffusion-TS/Utils/discriminative_metric.py,59.04644846916199,2
Diffusion-TS,ETTh,128,42,100003,discriminative_score,42,0.12621951219512195,True,4096,7738f737c4dfcedd618d7ad6f490ed21d761bacb5f690c68e54a6607f5d6e950,8c683060efe05505e2d9ef1eedfca5856651509fa8c1a46114cfae42661315b4,/path/to/Diffusion-TS/Utils/discriminative_metric.py,58.965572118759155,0
Diffusion-TS,ETTh,128,42,100003,discriminative_score,123,0.1353658536585366,True,4096,7738f737c4dfcedd618d7ad6f490ed21d761bacb5f690c68e54a6607f5d6e950,8c683060efe05505e2d9ef1eedfca5856651509fa8c1a46114cfae42661315b4,/path/to/Diffusion-TS/Utils/discriminative_metric.py,59.19560933113098,1
Diffusion-TS,ETTh,128,42,100003,predictive_score,0,0.11224156925709394,True,4096,7738f737c4dfcedd618d7ad6f490ed21d761bacb5f690c68e54a6607f5d6e950,8c683060efe05505e2d9ef1eedfca5856651509fa8c1a46114cfae42661315b4,/path/to/Diffusion-TS/Utils/predictive_metric.py,124.3632025718689,2
Diffusion-TS,ETTh,128,42,100003,predictive_score,42,0.12041760348029129,True,4096,7738f737c4dfcedd618d7ad6f490ed21d761bacb5f690c68e54a6607f5d6e950,8c683060efe05505e2d9ef1eedfca5856651509fa8c1a46114cfae42661315b4,/path/to/Diffusion-TS/Utils/predictive_metric.py,123.79249215126038,0
Diffusion-TS,ETTh,128,42,100003,predictive_score,123,0.11661062966368263,True,4096,7738f737c4dfcedd618d7ad6f490ed21d761bacb5f690c68e54a6607f5d6e950,8c683060efe05505e2d9ef1eedfca5856651509fa8c1a46114cfae42661315b4,/path/to/Diffusion-TS/Utils/predictive_metric.py,125.56039714813232,1
Diffusion-TS,ETTh,128,42,100004,context_fid,0,0.5593881664399905,True,4096,7738f737c4dfcedd618d7ad6f490ed21d761bacb5f690c68e54a6607f5d6e950,c2b305421e12cd4645819258d301f0f6812abcfe3ed1a014dfcece7c8931c1b1,/path/to/PETS-FFT-Ablation/results/final_unconditional_main_v1/evaluators/ETTh/T128/ts2vec_seed_0.pt,1.4132919311523438,2
Diffusion-TS,ETTh,128,42,100004,context_fid,42,0.6496661935691889,True,4096,7738f737c4dfcedd618d7ad6f490ed21d761bacb5f690c68e54a6607f5d6e950,c2b305421e12cd4645819258d301f0f6812abcfe3ed1a014dfcece7c8931c1b1,/path/to/PETS-FFT-Ablation/results/final_unconditional_main_v1/evaluators/ETTh/T128/ts2vec_seed_42.pt,1.5279200077056885,0
Diffusion-TS,ETTh,128,42,100004,context_fid,123,0.5750568045306963,True,4096,7738f737c4dfcedd618d7ad6f490ed21d761bacb5f690c68e54a6607f5d6e950,c2b305421e12cd4645819258d301f0f6812abcfe3ed1a014dfcece7c8931c1b1,/path/to/PETS-FFT-Ablation/results/final_unconditional_main_v1/evaluators/ETTh/T128/ts2vec_seed_123.pt,2.1809775829315186,2
Diffusion-TS,ETTh,128,42,100004,correlation_score,-1,0.09699739515781403,True,4096,7738f737c4dfcedd618d7ad6f490ed21d761bacb5f690c68e54a6607f5d6e950,c2b305421e12cd4645819258d301f0f6812abcfe3ed1a014dfcece7c8931c1b1,/path/to/Diffusion-TS/Utils/cross_correlation.py,0.0879673957824707,2
Diffusion-TS,ETTh,128,42,100004,discriminative_score,0,0.12926829268292683,True,4096,7738f737c4dfcedd618d7ad6f490ed21d761bacb5f690c68e54a6607f5d6e950,c2b305421e12cd4645819258d301f0f6812abcfe3ed1a014dfcece7c8931c1b1,/path/to/Diffusion-TS/Utils/discriminative_metric.py,58.480592489242554,0
Diffusion-TS,ETTh,128,42,100004,discriminative_score,42,0.13170731707317074,True,4096,7738f737c4dfcedd618d7ad6f490ed21d761bacb5f690c68e54a6607f5d6e950,c2b305421e12cd4645819258d301f0f6812abcfe3ed1a014dfcece7c8931c1b1,/path/to/Diffusion-TS/Utils/discriminative_metric.py,59.2151460647583,1
Diffusion-TS,ETTh,128,42,100004,discriminative_score,123,0.1353658536585366,True,4096,7738f737c4dfcedd618d7ad6f490ed21d761bacb5f690c68e54a6607f5d6e950,c2b305421e12cd4645819258d301f0f6812abcfe3ed1a014dfcece7c8931c1b1,/path/to/Diffusion-TS/Utils/discriminative_metric.py,59.45676302909851,2
Diffusion-TS,ETTh,128,42,100004,predictive_score,0,0.11182424233220445,True,4096,7738f737c4dfcedd618d7ad6f490ed21d761bacb5f690c68e54a6607f5d6e950,c2b305421e12cd4645819258d301f0f6812abcfe3ed1a014dfcece7c8931c1b1,/path/to/Diffusion-TS/Utils/predictive_metric.py,126.31224513053894,0
Diffusion-TS,ETTh,128,42,100004,predictive_score,42,0.12198269923146654,True,4096,7738f737c4dfcedd618d7ad6f490ed21d761bacb5f690c68e54a6607f5d6e950,c2b305421e12cd4645819258d301f0f6812abcfe3ed1a014dfcece7c8931c1b1,/path/to/Diffusion-TS/Utils/predictive_metric.py,125.70206308364868,1
Diffusion-TS,ETTh,128,42,100004,predictive_score,123,0.11290574814074716,True,4096,7738f737c4dfcedd618d7ad6f490ed21d761bacb5f690c68e54a6607f5d6e950,c2b305421e12cd4645819258d301f0f6812abcfe3ed1a014dfcece7c8931c1b1,/path/to/Diffusion-TS/Utils/predictive_metric.py,128.09885716438293,2
Diffusion-TS,ETTh,128,123,100000,context_fid,0,1.7364014909903518,True,4096,7738f737c4dfcedd618d7ad6f490ed21d761bacb5f690c68e54a6607f5d6e950,6ff369d03097b914bb1ae29739d80bc1443d6f67a9c56dde28a7c78aad6f2ce0,/path/to/PETS-FFT-Ablation/results/final_unconditional_main_v1/evaluators/ETTh/T128/ts2vec_seed_0.pt,1.320361614227295,0
Diffusion-TS,ETTh,128,123,100000,context_fid,42,2.152927057655022,True,4096,7738f737c4dfcedd618d7ad6f490ed21d761bacb5f690c68e54a6607f5d6e950,6ff369d03097b914bb1ae29739d80bc1443d6f67a9c56dde28a7c78aad6f2ce0,/path/to/PETS-FFT-Ablation/results/final_unconditional_main_v1/evaluators/ETTh/T128/ts2vec_seed_42.pt,1.4074516296386719,1
Diffusion-TS,ETTh,128,123,100000,context_fid,123,1.7289476024813897,True,4096,7738f737c4dfcedd618d7ad6f490ed21d761bacb5f690c68e54a6607f5d6e950,6ff369d03097b914bb1ae29739d80bc1443d6f67a9c56dde28a7c78aad6f2ce0,/path/to/PETS-FFT-Ablation/results/final_unconditional_main_v1/evaluators/ETTh/T128/ts2vec_seed_123.pt,1.4723880290985107,0
Diffusion-TS,ETTh,128,123,100000,correlation_score,-1,0.1043233871459961,True,4096,7738f737c4dfcedd618d7ad6f490ed21d761bacb5f690c68e54a6607f5d6e950,6ff369d03097b914bb1ae29739d80bc1443d6f67a9c56dde28a7c78aad6f2ce0,/path/to/Diffusion-TS/Utils/cross_correlation.py,0.08491110801696777,0
Diffusion-TS,ETTh,128,123,100000,discriminative_score,0,0.19817073170731703,True,4096,7738f737c4dfcedd618d7ad6f490ed21d761bacb5f690c68e54a6607f5d6e950,6ff369d03097b914bb1ae29739d80bc1443d6f67a9c56dde28a7c78aad6f2ce0,/path/to/Diffusion-TS/Utils/discriminative_metric.py,59.64311194419861,1
Diffusion-TS,ETTh,128,123,100000,discriminative_score,42,0.2042682926829268,True,4096,7738f737c4dfcedd618d7ad6f490ed21d761bacb5f690c68e54a6607f5d6e950,6ff369d03097b914bb1ae29739d80bc1443d6f67a9c56dde28a7c78aad6f2ce0,/path/to/Diffusion-TS/Utils/discriminative_metric.py,59.45344805717468,0
Diffusion-TS,ETTh,128,123,100000,discriminative_score,123,0.18597560975609762,True,4096,7738f737c4dfcedd618d7ad6f490ed21d761bacb5f690c68e54a6607f5d6e950,6ff369d03097b914bb1ae29739d80bc1443d6f67a9c56dde28a7c78aad6f2ce0,/path/to/Diffusion-TS/Utils/discriminative_metric.py,59.38012146949768,2
Diffusion-TS,ETTh,128,123,100000,predictive_score,0,0.11403887736514662,True,4096,7738f737c4dfcedd618d7ad6f490ed21d761bacb5f690c68e54a6607f5d6e950,6ff369d03097b914bb1ae29739d80bc1443d6f67a9c56dde28a7c78aad6f2ce0,/path/to/Diffusion-TS/Utils/predictive_metric.py,125.04649066925049,1
Diffusion-TS,ETTh,128,123,100000,predictive_score,42,0.12433312778830441,True,4096,7738f737c4dfcedd618d7ad6f490ed21d761bacb5f690c68e54a6607f5d6e950,6ff369d03097b914bb1ae29739d80bc1443d6f67a9c56dde28a7c78aad6f2ce0,/path/to/Diffusion-TS/Utils/predictive_metric.py,126.70749139785767,0
Diffusion-TS,ETTh,128,123,100000,predictive_score,123,0.10931429755100908,True,4096,7738f737c4dfcedd618d7ad6f490ed21d761bacb5f690c68e54a6607f5d6e950,6ff369d03097b914bb1ae29739d80bc1443d6f67a9c56dde28a7c78aad6f2ce0,/path/to/Diffusion-TS/Utils/predictive_metric.py,127.08342456817627,2
Diffusion-TS,ETTh,128,123,100001,context_fid,0,1.7404647588298054,True,4096,7738f737c4dfcedd618d7ad6f490ed21d761bacb5f690c68e54a6607f5d6e950,e9cfca1fa3e509a130741df1c1c2a3680ceef3541732fc931626cefa0b1ea4eb,/path/to/PETS-FFT-Ablation/results/final_unconditional_main_v1/evaluators/ETTh/T128/ts2vec_seed_0.pt,1.3294506072998047,1
Diffusion-TS,ETTh,128,123,100001,context_fid,42,2.1380337613728613,True,4096,7738f737c4dfcedd618d7ad6f490ed21d761bacb5f690c68e54a6607f5d6e950,e9cfca1fa3e509a130741df1c1c2a3680ceef3541732fc931626cefa0b1ea4eb,/path/to/PETS-FFT-Ablation/results/final_unconditional_main_v1/evaluators/ETTh/T128/ts2vec_seed_42.pt,1.358963966369629,1
Diffusion-TS,ETTh,128,123,100001,context_fid,123,1.7248676931334799,True,4096,7738f737c4dfcedd618d7ad6f490ed21d761bacb5f690c68e54a6607f5d6e950,e9cfca1fa3e509a130741df1c1c2a3680ceef3541732fc931626cefa0b1ea4eb,/path/to/PETS-FFT-Ablation/results/final_unconditional_main_v1/evaluators/ETTh/T128/ts2vec_seed_123.pt,1.4992506504058838,0
Diffusion-TS,ETTh,128,123,100001,correlation_score,-1,0.10846416652202606,True,4096,7738f737c4dfcedd618d7ad6f490ed21d761bacb5f690c68e54a6607f5d6e950,e9cfca1fa3e509a130741df1c1c2a3680ceef3541732fc931626cefa0b1ea4eb,/path/to/Diffusion-TS/Utils/cross_correlation.py,0.0846092700958252,1
Diffusion-TS,ETTh,128,123,100001,discriminative_score,0,0.19329268292682922,True,4096,7738f737c4dfcedd618d7ad6f490ed21d761bacb5f690c68e54a6607f5d6e950,e9cfca1fa3e509a130741df1c1c2a3680ceef3541732fc931626cefa0b1ea4eb,/path/to/Diffusion-TS/Utils/discriminative_metric.py,59.222153425216675,1
Diffusion-TS,ETTh,128,123,100001,discriminative_score,42,0.20609756097560972,True,4096,7738f737c4dfcedd618d7ad6f490ed21d761bacb5f690c68e54a6607f5d6e950,e9cfca1fa3e509a130741df1c1c2a3680ceef3541732fc931626cefa0b1ea4eb,/path/to/Diffusion-TS/Utils/discriminative_metric.py,59.678117990493774,0
Diffusion-TS,ETTh,128,123,100001,discriminative_score,123,0.19268292682926824,True,4096,7738f737c4dfcedd618d7ad6f490ed21d761bacb5f690c68e54a6607f5d6e950,e9cfca1fa3e509a130741df1c1c2a3680ceef3541732fc931626cefa0b1ea4eb,/path/to/Diffusion-TS/Utils/discriminative_metric.py,58.90691041946411,2
Diffusion-TS,ETTh,128,123,100001,predictive_score,0,0.11521132019879587,True,4096,7738f737c4dfcedd618d7ad6f490ed21d761bacb5f690c68e54a6607f5d6e950,e9cfca1fa3e509a130741df1c1c2a3680ceef3541732fc931626cefa0b1ea4eb,/path/to/Diffusion-TS/Utils/predictive_metric.py,123.2218906879425,1
Diffusion-TS,ETTh,128,123,100001,predictive_score,42,0.1250677591456224,True,4096,7738f737c4dfcedd618d7ad6f490ed21d761bacb5f690c68e54a6607f5d6e950,e9cfca1fa3e509a130741df1c1c2a3680ceef3541732fc931626cefa0b1ea4eb,/path/to/Diffusion-TS/Utils/predictive_metric.py,125.66946268081665,2
Diffusion-TS,ETTh,128,123,100001,predictive_score,123,0.11564868340974499,True,4096,7738f737c4dfcedd618d7ad6f490ed21d761bacb5f690c68e54a6607f5d6e950,e9cfca1fa3e509a130741df1c1c2a3680ceef3541732fc931626cefa0b1ea4eb,/path/to/Diffusion-TS/Utils/predictive_metric.py,125.5101101398468,0
Diffusion-TS,ETTh,128,123,100002,context_fid,0,1.7792253994027907,True,4096,7738f737c4dfcedd618d7ad6f490ed21d761bacb5f690c68e54a6607f5d6e950,336dbe001ff375aa92438482071872b17508d7da41129d663c445b96dad6ebb5,/path/to/PETS-FFT-Ablation/results/final_unconditional_main_v1/evaluators/ETTh/T128/ts2vec_seed_0.pt,1.3347244262695312,1
Diffusion-TS,ETTh,128,123,100002,context_fid,42,2.2006534489297227,True,4096,7738f737c4dfcedd618d7ad6f490ed21d761bacb5f690c68e54a6607f5d6e950,336dbe001ff375aa92438482071872b17508d7da41129d663c445b96dad6ebb5,/path/to/PETS-FFT-Ablation/results/final_unconditional_main_v1/evaluators/ETTh/T128/ts2vec_seed_42.pt,1.5115947723388672,1
Diffusion-TS,ETTh,128,123,100002,context_fid,123,1.7661290052123189,True,4096,7738f737c4dfcedd618d7ad6f490ed21d761bacb5f690c68e54a6607f5d6e950,336dbe001ff375aa92438482071872b17508d7da41129d663c445b96dad6ebb5,/path/to/PETS-FFT-Ablation/results/final_unconditional_main_v1/evaluators/ETTh/T128/ts2vec_seed_123.pt,1.6444745063781738,1
Diffusion-TS,ETTh,128,123,100002,correlation_score,-1,0.10566280037164688,True,4096,7738f737c4dfcedd618d7ad6f490ed21d761bacb5f690c68e54a6607f5d6e950,336dbe001ff375aa92438482071872b17508d7da41129d663c445b96dad6ebb5,/path/to/Diffusion-TS/Utils/cross_correlation.py,0.08694005012512207,1
Diffusion-TS,ETTh,128,123,100002,discriminative_score,0,0.19999999999999996,True,4096,7738f737c4dfcedd618d7ad6f490ed21d761bacb5f690c68e54a6607f5d6e950,336dbe001ff375aa92438482071872b17508d7da41129d663c445b96dad6ebb5,/path/to/Diffusion-TS/Utils/discriminative_metric.py,59.926971197128296,0
Diffusion-TS,ETTh,128,123,100002,discriminative_score,42,0.19695121951219507,True,4096,7738f737c4dfcedd618d7ad6f490ed21d761bacb5f690c68e54a6607f5d6e950,336dbe001ff375aa92438482071872b17508d7da41129d663c445b96dad6ebb5,/path/to/Diffusion-TS/Utils/discriminative_metric.py,59.76486778259277,2
Diffusion-TS,ETTh,128,123,100002,discriminative_score,123,0.20243902439024386,True,4096,7738f737c4dfcedd618d7ad6f490ed21d761bacb5f690c68e54a6607f5d6e950,336dbe001ff375aa92438482071872b17508d7da41129d663c445b96dad6ebb5,/path/to/Diffusion-TS/Utils/discriminative_metric.py,58.96476483345032,1
Diffusion-TS,ETTh,128,123,100002,predictive_score,0,0.11574268423464673,True,4096,7738f737c4dfcedd618d7ad6f490ed21d761bacb5f690c68e54a6607f5d6e950,336dbe001ff375aa92438482071872b17508d7da41129d663c445b96dad6ebb5,/path/to/Diffusion-TS/Utils/predictive_metric.py,125.26039290428162,1
Diffusion-TS,ETTh,128,123,100002,predictive_score,42,0.12352203499494863,True,4096,7738f737c4dfcedd618d7ad6f490ed21d761bacb5f690c68e54a6607f5d6e950,336dbe001ff375aa92438482071872b17508d7da41129d663c445b96dad6ebb5,/path/to/Diffusion-TS/Utils/predictive_metric.py,124.52214622497559,2
Diffusion-TS,ETTh,128,123,100002,predictive_score,123,0.11698819278126393,True,4096,7738f737c4dfcedd618d7ad6f490ed21d761bacb5f690c68e54a6607f5d6e950,336dbe001ff375aa92438482071872b17508d7da41129d663c445b96dad6ebb5,/path/to/Diffusion-TS/Utils/predictive_metric.py,123.7425525188446,0
Diffusion-TS,ETTh,128,123,100003,context_fid,0,1.7476543040181591,True,4096,7738f737c4dfcedd618d7ad6f490ed21d761bacb5f690c68e54a6607f5d6e950,cb22e8809755d754ce853172080bd96938a60d0c7e8a73636838ad52521032e3,/path/to/PETS-FFT-Ablation/results/final_unconditional_main_v1/evaluators/ETTh/T128/ts2vec_seed_0.pt,1.241694688796997,0
Diffusion-TS,ETTh,128,123,100003,context_fid,42,2.1601129969156907,True,4096,7738f737c4dfcedd618d7ad6f490ed21d761bacb5f690c68e54a6607f5d6e950,cb22e8809755d754ce853172080bd96938a60d0c7e8a73636838ad52521032e3,/path/to/PETS-FFT-Ablation/results/final_unconditional_main_v1/evaluators/ETTh/T128/ts2vec_seed_42.pt,1.3340351581573486,2
Diffusion-TS,ETTh,128,123,100003,context_fid,123,1.7428949532219025,True,4096,7738f737c4dfcedd618d7ad6f490ed21d761bacb5f690c68e54a6607f5d6e950,cb22e8809755d754ce853172080bd96938a60d0c7e8a73636838ad52521032e3,/path/to/PETS-FFT-Ablation/results/final_unconditional_main_v1/evaluators/ETTh/T128/ts2vec_seed_123.pt,1.5512077808380127,0
Diffusion-TS,ETTh,128,123,100003,correlation_score,-1,0.10461544990539551,True,4096,7738f737c4dfcedd618d7ad6f490ed21d761bacb5f690c68e54a6607f5d6e950,cb22e8809755d754ce853172080bd96938a60d0c7e8a73636838ad52521032e3,/path/to/Diffusion-TS/Utils/cross_correlation.py,0.08613300323486328,0
Diffusion-TS,ETTh,128,123,100003,discriminative_score,0,0.19207317073170727,True,4096,7738f737c4dfcedd618d7ad6f490ed21d761bacb5f690c68e54a6607f5d6e950,cb22e8809755d754ce853172080bd96938a60d0c7e8a73636838ad52521032e3,/path/to/Diffusion-TS/Utils/discriminative_metric.py,58.72130632400513,1
Diffusion-TS,ETTh,128,123,100003,discriminative_score,42,0.224390243902439,True,4096,7738f737c4dfcedd618d7ad6f490ed21d761bacb5f690c68e54a6607f5d6e950,cb22e8809755d754ce853172080bd96938a60d0c7e8a73636838ad52521032e3,/path/to/Diffusion-TS/Utils/discriminative_metric.py,59.891093254089355,2
Diffusion-TS,ETTh,128,123,100003,discriminative_score,123,0.20182926829268288,True,4096,7738f737c4dfcedd618d7ad6f490ed21d761bacb5f690c68e54a6607f5d6e950,cb22e8809755d754ce853172080bd96938a60d0c7e8a73636838ad52521032e3,/path/to/Diffusion-TS/Utils/discriminative_metric.py,59.5334107875824,0
Diffusion-TS,ETTh,128,123,100003,predictive_score,0,0.11758757950474319,True,4096,7738f737c4dfcedd618d7ad6f490ed21d761bacb5f690c68e54a6607f5d6e950,cb22e8809755d754ce853172080bd96938a60d0c7e8a73636838ad52521032e3,/path/to/Diffusion-TS/Utils/predictive_metric.py,124.45878863334656,1
Diffusion-TS,ETTh,128,123,100003,predictive_score,42,0.12495939210566576,True,4096,7738f737c4dfcedd618d7ad6f490ed21d761bacb5f690c68e54a6607f5d6e950,cb22e8809755d754ce853172080bd96938a60d0c7e8a73636838ad52521032e3,/path/to/Diffusion-TS/Utils/predictive_metric.py,123.78536534309387,2
Diffusion-TS,ETTh,128,123,100003,predictive_score,123,0.1209223971359279,True,4096,7738f737c4dfcedd618d7ad6f490ed21d761bacb5f690c68e54a6607f5d6e950,cb22e8809755d754ce853172080bd96938a60d0c7e8a73636838ad52521032e3,/path/to/Diffusion-TS/Utils/predictive_metric.py,125.87846302986145,0
Diffusion-TS,ETTh,128,123,100004,context_fid,0,1.7607139776560345,True,4096,7738f737c4dfcedd618d7ad6f490ed21d761bacb5f690c68e54a6607f5d6e950,a3307ef9c364c43366b573744d7f0ff69055cf71b2437329dc9ef332cf2ecc72,/path/to/PETS-FFT-Ablation/results/final_unconditional_main_v1/evaluators/ETTh/T128/ts2vec_seed_0.pt,1.4227502346038818,1
Diffusion-TS,ETTh,128,123,100004,context_fid,42,2.160456755880738,True,4096,7738f737c4dfcedd618d7ad6f490ed21d761bacb5f690c68e54a6607f5d6e950,a3307ef9c364c43366b573744d7f0ff69055cf71b2437329dc9ef332cf2ecc72,/path/to/PETS-FFT-Ablation/results/final_unconditional_main_v1/evaluators/ETTh/T128/ts2vec_seed_42.pt,1.4063758850097656,2
Diffusion-TS,ETTh,128,123,100004,context_fid,123,1.7415571610912803,True,4096,7738f737c4dfcedd618d7ad6f490ed21d761bacb5f690c68e54a6607f5d6e950,a3307ef9c364c43366b573744d7f0ff69055cf71b2437329dc9ef332cf2ecc72,/path/to/PETS-FFT-Ablation/results/final_unconditional_main_v1/evaluators/ETTh/T128/ts2vec_seed_123.pt,1.4517452716827393,1
Diffusion-TS,ETTh,128,123,100004,correlation_score,-1,0.10801317542791367,True,4096,7738f737c4dfcedd618d7ad6f490ed21d761bacb5f690c68e54a6607f5d6e950,a3307ef9c364c43366b573744d7f0ff69055cf71b2437329dc9ef332cf2ecc72,/path/to/Diffusion-TS/Utils/cross_correlation.py,0.08423686027526855,1
Diffusion-TS,ETTh,128,123,100004,discriminative_score,0,0.19268292682926824,True,4096,7738f737c4dfcedd618d7ad6f490ed21d761bacb5f690c68e54a6607f5d6e950,a3307ef9c364c43366b573744d7f0ff69055cf71b2437329dc9ef332cf2ecc72,/path/to/Diffusion-TS/Utils/discriminative_metric.py,59.410173654556274,2
Diffusion-TS,ETTh,128,123,100004,discriminative_score,42,0.21585365853658534,True,4096,7738f737c4dfcedd618d7ad6f490ed21d761bacb5f690c68e54a6607f5d6e950,a3307ef9c364c43366b573744d7f0ff69055cf71b2437329dc9ef332cf2ecc72,/path/to/Diffusion-TS/Utils/discriminative_metric.py,59.716736793518066,1
Diffusion-TS,ETTh,128,123,100004,discriminative_score,123,0.19695121951219507,True,4096,7738f737c4dfcedd618d7ad6f490ed21d761bacb5f690c68e54a6607f5d6e950,a3307ef9c364c43366b573744d7f0ff69055cf71b2437329dc9ef332cf2ecc72,/path/to/Diffusion-TS/Utils/discriminative_metric.py,59.19061613082886,0
Diffusion-TS,ETTh,128,123,100004,predictive_score,0,0.11839555233700594,True,4096,7738f737c4dfcedd618d7ad6f490ed21d761bacb5f690c68e54a6607f5d6e950,a3307ef9c364c43366b573744d7f0ff69055cf71b2437329dc9ef332cf2ecc72,/path/to/Diffusion-TS/Utils/predictive_metric.py,125.12805366516113,2
Diffusion-TS,ETTh,128,123,100004,predictive_score,42,0.12761789163914727,True,4096,7738f737c4dfcedd618d7ad6f490ed21d761bacb5f690c68e54a6607f5d6e950,a3307ef9c364c43366b573744d7f0ff69055cf71b2437329dc9ef332cf2ecc72,/path/to/Diffusion-TS/Utils/predictive_metric.py,125.17928767204285,1
Diffusion-TS,ETTh,128,123,100004,predictive_score,123,0.1328608757639813,True,4096,7738f737c4dfcedd618d7ad6f490ed21d761bacb5f690c68e54a6607f5d6e950,a3307ef9c364c43366b573744d7f0ff69055cf71b2437329dc9ef332cf2ecc72,/path/to/Diffusion-TS/Utils/predictive_metric.py,124.91080689430237,0
PETS-U,ETTh,128,0,100000,context_fid,0,0.8012856303100262,True,4096,7738f737c4dfcedd618d7ad6f490ed21d761bacb5f690c68e54a6607f5d6e950,699cbba29bdeee448c5f4515d6cc0ff4519aa91689187704c56b2e18a80e82f9,/path/to/PETS-FFT-Ablation/results/final_unconditional_main_v1/evaluators/ETTh/T128/ts2vec_seed_0.pt,1.4570417404174805,1
PETS-U,ETTh,128,0,100000,context_fid,42,0.9565485542422819,True,4096,7738f737c4dfcedd618d7ad6f490ed21d761bacb5f690c68e54a6607f5d6e950,699cbba29bdeee448c5f4515d6cc0ff4519aa91689187704c56b2e18a80e82f9,/path/to/PETS-FFT-Ablation/results/final_unconditional_main_v1/evaluators/ETTh/T128/ts2vec_seed_42.pt,1.5458312034606934,1
PETS-U,ETTh,128,0,100000,context_fid,123,0.8130360163296673,True,4096,7738f737c4dfcedd618d7ad6f490ed21d761bacb5f690c68e54a6607f5d6e950,699cbba29bdeee448c5f4515d6cc0ff4519aa91689187704c56b2e18a80e82f9,/path/to/PETS-FFT-Ablation/results/final_unconditional_main_v1/evaluators/ETTh/T128/ts2vec_seed_123.pt,1.4110658168792725,1
PETS-U,ETTh,128,0,100000,correlation_score,-1,0.07057154178619385,True,4096,7738f737c4dfcedd618d7ad6f490ed21d761bacb5f690c68e54a6607f5d6e950,699cbba29bdeee448c5f4515d6cc0ff4519aa91689187704c56b2e18a80e82f9,/path/to/Diffusion-TS/Utils/cross_correlation.py,0.0833582878112793,1
PETS-U,ETTh,128,0,100000,discriminative_score,0,0.11707317073170731,True,4096,7738f737c4dfcedd618d7ad6f490ed21d761bacb5f690c68e54a6607f5d6e950,699cbba29bdeee448c5f4515d6cc0ff4519aa91689187704c56b2e18a80e82f9,/path/to/Diffusion-TS/Utils/discriminative_metric.py,58.9893913269043,2
PETS-U,ETTh,128,0,100000,discriminative_score,42,0.14756097560975612,True,4096,7738f737c4dfcedd618d7ad6f490ed21d761bacb5f690c68e54a6607f5d6e950,699cbba29bdeee448c5f4515d6cc0ff4519aa91689187704c56b2e18a80e82f9,/path/to/Diffusion-TS/Utils/discriminative_metric.py,58.941529989242554,1
PETS-U,ETTh,128,0,100000,discriminative_score,123,0.1378048780487805,True,4096,7738f737c4dfcedd618d7ad6f490ed21d761bacb5f690c68e54a6607f5d6e950,699cbba29bdeee448c5f4515d6cc0ff4519aa91689187704c56b2e18a80e82f9,/path/to/Diffusion-TS/Utils/discriminative_metric.py,58.58211064338684,0
PETS-U,ETTh,128,0,100000,predictive_score,0,0.11006751403374437,True,4096,7738f737c4dfcedd618d7ad6f490ed21d761bacb5f690c68e54a6607f5d6e950,699cbba29bdeee448c5f4515d6cc0ff4519aa91689187704c56b2e18a80e82f9,/path/to/Diffusion-TS/Utils/predictive_metric.py,124.3947913646698,2
PETS-U,ETTh,128,0,100000,predictive_score,42,0.1200528438080255,True,4096,7738f737c4dfcedd618d7ad6f490ed21d761bacb5f690c68e54a6607f5d6e950,699cbba29bdeee448c5f4515d6cc0ff4519aa91689187704c56b2e18a80e82f9,/path/to/Diffusion-TS/Utils/predictive_metric.py,125.52517366409302,1
PETS-U,ETTh,128,0,100000,predictive_score,123,0.11014025521217263,True,4096,7738f737c4dfcedd618d7ad6f490ed21d761bacb5f690c68e54a6607f5d6e950,699cbba29bdeee448c5f4515d6cc0ff4519aa91689187704c56b2e18a80e82f9,/path/to/Diffusion-TS/Utils/predictive_metric.py,125.25472617149353,0
PETS-U,ETTh,128,0,100001,context_fid,0,0.8122239093709969,True,4096,7738f737c4dfcedd618d7ad6f490ed21d761bacb5f690c68e54a6607f5d6e950,e2aa36c497d214be6e093a7b32d5a946d11930fae2b4733684184f5c05b7d91e,/path/to/PETS-FFT-Ablation/results/final_unconditional_main_v1/evaluators/ETTh/T128/ts2vec_seed_0.pt,1.2845354080200195,2
PETS-U,ETTh,128,0,100001,context_fid,42,0.9568870849365063,True,4096,7738f737c4dfcedd618d7ad6f490ed21d761bacb5f690c68e54a6607f5d6e950,e2aa36c497d214be6e093a7b32d5a946d11930fae2b4733684184f5c05b7d91e,/path/to/PETS-FFT-Ablation/results/final_unconditional_main_v1/evaluators/ETTh/T128/ts2vec_seed_42.pt,1.696089267730713,2
PETS-U,ETTh,128,0,100001,context_fid,123,0.8064634262899508,True,4096,7738f737c4dfcedd618d7ad6f490ed21d761bacb5f690c68e54a6607f5d6e950,e2aa36c497d214be6e093a7b32d5a946d11930fae2b4733684184f5c05b7d91e,/path/to/PETS-FFT-Ablation/results/final_unconditional_main_v1/evaluators/ETTh/T128/ts2vec_seed_123.pt,1.7355797290802002,1
PETS-U,ETTh,128,0,100001,correlation_score,-1,0.07118205726146698,True,4096,7738f737c4dfcedd618d7ad6f490ed21d761bacb5f690c68e54a6607f5d6e950,e2aa36c497d214be6e093a7b32d5a946d11930fae2b4733684184f5c05b7d91e,/path/to/Diffusion-TS/Utils/cross_correlation.py,0.09015274047851562,2
PETS-U,ETTh,128,0,100001,discriminative_score,0,0.14146341463414636,True,4096,7738f737c4dfcedd618d7ad6f490ed21d761bacb5f690c68e54a6607f5d6e950,e2aa36c497d214be6e093a7b32d5a946d11930fae2b4733684184f5c05b7d91e,/path/to/Diffusion-TS/Utils/discriminative_metric.py,58.80438470840454,0
PETS-U,ETTh,128,0,100001,discriminative_score,42,0.15365853658536588,True,4096,7738f737c4dfcedd618d7ad6f490ed21d761bacb5f690c68e54a6607f5d6e950,e2aa36c497d214be6e093a7b32d5a946d11930fae2b4733684184f5c05b7d91e,/path/to/Diffusion-TS/Utils/discriminative_metric.py,58.61292815208435,2
PETS-U,ETTh,128,0,100001,discriminative_score,123,0.12621951219512195,True,4096,7738f737c4dfcedd618d7ad6f490ed21d761bacb5f690c68e54a6607f5d6e950,e2aa36c497d214be6e093a7b32d5a946d11930fae2b4733684184f5c05b7d91e,/path/to/Diffusion-TS/Utils/discriminative_metric.py,58.88452696800232,1
PETS-U,ETTh,128,0,100001,predictive_score,0,0.1106954805800342,True,4096,7738f737c4dfcedd618d7ad6f490ed21d761bacb5f690c68e54a6607f5d6e950,e2aa36c497d214be6e093a7b32d5a946d11930fae2b4733684184f5c05b7d91e,/path/to/Diffusion-TS/Utils/predictive_metric.py,123.9560775756836,0
PETS-U,ETTh,128,0,100001,predictive_score,42,0.12114825463550005,True,4096,7738f737c4dfcedd618d7ad6f490ed21d761bacb5f690c68e54a6607f5d6e950,e2aa36c497d214be6e093a7b32d5a946d11930fae2b4733684184f5c05b7d91e,/path/to/Diffusion-TS/Utils/predictive_metric.py,126.54823756217957,2
PETS-U,ETTh,128,0,100001,predictive_score,123,0.11373696295004265,True,4096,7738f737c4dfcedd618d7ad6f490ed21d761bacb5f690c68e54a6607f5d6e950,e2aa36c497d214be6e093a7b32d5a946d11930fae2b4733684184f5c05b7d91e,/path/to/Diffusion-TS/Utils/predictive_metric.py,125.23149347305298,1
PETS-U,ETTh,128,0,100002,context_fid,0,0.8727422113631047,True,4096,7738f737c4dfcedd618d7ad6f490ed21d761bacb5f690c68e54a6607f5d6e950,733b6aeeffe18c52fd204a532a8b3977a3008a474e676c37bb8016ea80c68db3,/path/to/PETS-FFT-Ablation/results/final_unconditional_main_v1/evaluators/ETTh/T128/ts2vec_seed_0.pt,1.3594110012054443,0
PETS-U,ETTh,128,0,100002,context_fid,42,1.033053269204316,True,4096,7738f737c4dfcedd618d7ad6f490ed21d761bacb5f690c68e54a6607f5d6e950,733b6aeeffe18c52fd204a532a8b3977a3008a474e676c37bb8016ea80c68db3,/path/to/PETS-FFT-Ablation/results/final_unconditional_main_v1/evaluators/ETTh/T128/ts2vec_seed_42.pt,1.303452968597412,0
PETS-U,ETTh,128,0,100002,context_fid,123,0.8737364536191548,True,4096,7738f737c4dfcedd618d7ad6f490ed21d761bacb5f690c68e54a6607f5d6e950,733b6aeeffe18c52fd204a532a8b3977a3008a474e676c37bb8016ea80c68db3,/path/to/PETS-FFT-Ablation/results/final_unconditional_main_v1/evaluators/ETTh/T128/ts2vec_seed_123.pt,1.3291797637939453,1
PETS-U,ETTh,128,0,100002,correlation_score,-1,0.07375188171863556,True,4096,7738f737c4dfcedd618d7ad6f490ed21d761bacb5f690c68e54a6607f5d6e950,733b6aeeffe18c52fd204a532a8b3977a3008a474e676c37bb8016ea80c68db3,/path/to/Diffusion-TS/Utils/cross_correlation.py,0.08303356170654297,0
PETS-U,ETTh,128,0,100002,discriminative_score,0,0.14634146341463417,True,4096,7738f737c4dfcedd618d7ad6f490ed21d761bacb5f690c68e54a6607f5d6e950,733b6aeeffe18c52fd204a532a8b3977a3008a474e676c37bb8016ea80c68db3,/path/to/Diffusion-TS/Utils/discriminative_metric.py,58.461193799972534,0
PETS-U,ETTh,128,0,100002,discriminative_score,42,0.1426829268292683,True,4096,7738f737c4dfcedd618d7ad6f490ed21d761bacb5f690c68e54a6607f5d6e950,733b6aeeffe18c52fd204a532a8b3977a3008a474e676c37bb8016ea80c68db3,/path/to/Diffusion-TS/Utils/discriminative_metric.py,58.62500333786011,2
PETS-U,ETTh,128,0,100002,discriminative_score,123,0.13475609756097562,True,4096,7738f737c4dfcedd618d7ad6f490ed21d761bacb5f690c68e54a6607f5d6e950,733b6aeeffe18c52fd204a532a8b3977a3008a474e676c37bb8016ea80c68db3,/path/to/Diffusion-TS/Utils/discriminative_metric.py,58.65844964981079,1
PETS-U,ETTh,128,0,100002,predictive_score,0,0.11126164337201772,True,4096,7738f737c4dfcedd618d7ad6f490ed21d761bacb5f690c68e54a6607f5d6e950,733b6aeeffe18c52fd204a532a8b3977a3008a474e676c37bb8016ea80c68db3,/path/to/Diffusion-TS/Utils/predictive_metric.py,125.66431999206543,0
PETS-U,ETTh,128,0,100002,predictive_score,42,0.1230529889949139,True,4096,7738f737c4dfcedd618d7ad6f490ed21d761bacb5f690c68e54a6607f5d6e950,733b6aeeffe18c52fd204a532a8b3977a3008a474e676c37bb8016ea80c68db3,/path/to/Diffusion-TS/Utils/predictive_metric.py,126.4509449005127,2
PETS-U,ETTh,128,0,100002,predictive_score,123,0.11235622478170626,True,4096,7738f737c4dfcedd618d7ad6f490ed21d761bacb5f690c68e54a6607f5d6e950,733b6aeeffe18c52fd204a532a8b3977a3008a474e676c37bb8016ea80c68db3,/path/to/Diffusion-TS/Utils/predictive_metric.py,123.84152698516846,1
PETS-U,ETTh,128,0,100003,context_fid,0,0.8352171036654455,True,4096,7738f737c4dfcedd618d7ad6f490ed21d761bacb5f690c68e54a6607f5d6e950,7c1ed7e1cf73415f21a2a7f3e0e74cc9e20b6488e45467df44a412a53af42e16,/path/to/PETS-FFT-Ablation/results/final_unconditional_main_v1/evaluators/ETTh/T128/ts2vec_seed_0.pt,1.3168323040008545,1
PETS-U,ETTh,128,0,100003,context_fid,42,0.9996319114192094,True,4096,7738f737c4dfcedd618d7ad6f490ed21d761bacb5f690c68e54a6607f5d6e950,7c1ed7e1cf73415f21a2a7f3e0e74cc9e20b6488e45467df44a412a53af42e16,/path/to/PETS-FFT-Ablation/results/final_unconditional_main_v1/evaluators/ETTh/T128/ts2vec_seed_42.pt,1.3468053340911865,0
PETS-U,ETTh,128,0,100003,context_fid,123,0.8387106585530781,True,4096,7738f737c4dfcedd618d7ad6f490ed21d761bacb5f690c68e54a6607f5d6e950,7c1ed7e1cf73415f21a2a7f3e0e74cc9e20b6488e45467df44a412a53af42e16,/path/to/PETS-FFT-Ablation/results/final_unconditional_main_v1/evaluators/ETTh/T128/ts2vec_seed_123.pt,1.4457728862762451,1
PETS-U,ETTh,128,0,100003,correlation_score,-1,0.0741967260837555,True,4096,7738f737c4dfcedd618d7ad6f490ed21d761bacb5f690c68e54a6607f5d6e950,7c1ed7e1cf73415f21a2a7f3e0e74cc9e20b6488e45467df44a412a53af42e16,/path/to/Diffusion-TS/Utils/cross_correlation.py,0.08218622207641602,1
PETS-U,ETTh,128,0,100003,discriminative_score,0,0.14756097560975612,True,4096,7738f737c4dfcedd618d7ad6f490ed21d761bacb5f690c68e54a6607f5d6e950,7c1ed7e1cf73415f21a2a7f3e0e74cc9e20b6488e45467df44a412a53af42e16,/path/to/Diffusion-TS/Utils/discriminative_metric.py,58.78876733779907,0
PETS-U,ETTh,128,0,100003,discriminative_score,42,0.1609756097560976,True,4096,7738f737c4dfcedd618d7ad6f490ed21d761bacb5f690c68e54a6607f5d6e950,7c1ed7e1cf73415f21a2a7f3e0e74cc9e20b6488e45467df44a412a53af42e16,/path/to/Diffusion-TS/Utils/discriminative_metric.py,58.95437741279602,2
PETS-U,ETTh,128,0,100003,discriminative_score,123,0.15609756097560978,True,4096,7738f737c4dfcedd618d7ad6f490ed21d761bacb5f690c68e54a6607f5d6e950,7c1ed7e1cf73415f21a2a7f3e0e74cc9e20b6488e45467df44a412a53af42e16,/path/to/Diffusion-TS/Utils/discriminative_metric.py,58.4917094707489,1
PETS-U,ETTh,128,0,100003,predictive_score,0,0.11076972553064479,True,4096,7738f737c4dfcedd618d7ad6f490ed21d761bacb5f690c68e54a6607f5d6e950,7c1ed7e1cf73415f21a2a7f3e0e74cc9e20b6488e45467df44a412a53af42e16,/path/to/Diffusion-TS/Utils/predictive_metric.py,126.37365341186523,0
PETS-U,ETTh,128,0,100003,predictive_score,42,0.12169494995487184,True,4096,7738f737c4dfcedd618d7ad6f490ed21d761bacb5f690c68e54a6607f5d6e950,7c1ed7e1cf73415f21a2a7f3e0e74cc9e20b6488e45467df44a412a53af42e16,/path/to/Diffusion-TS/Utils/predictive_metric.py,125.70867609977722,2
PETS-U,ETTh,128,0,100003,predictive_score,123,0.1095160910940649,True,4096,7738f737c4dfcedd618d7ad6f490ed21d761bacb5f690c68e54a6607f5d6e950,7c1ed7e1cf73415f21a2a7f3e0e74cc9e20b6488e45467df44a412a53af42e16,/path/to/Diffusion-TS/Utils/predictive_metric.py,123.29876375198364,1
PETS-U,ETTh,128,0,100004,context_fid,0,0.8510776253974216,True,4096,7738f737c4dfcedd618d7ad6f490ed21d761bacb5f690c68e54a6607f5d6e950,61c11a5265bcaf09280d58a44359d136ca0c2d6c284c38e9c86392434cb8bf62,/path/to/PETS-FFT-Ablation/results/final_unconditional_main_v1/evaluators/ETTh/T128/ts2vec_seed_0.pt,1.6733615398406982,1
PETS-U,ETTh,128,0,100004,context_fid,42,1.0006338807744621,True,4096,7738f737c4dfcedd618d7ad6f490ed21d761bacb5f690c68e54a6607f5d6e950,61c11a5265bcaf09280d58a44359d136ca0c2d6c284c38e9c86392434cb8bf62,/path/to/PETS-FFT-Ablation/results/final_unconditional_main_v1/evaluators/ETTh/T128/ts2vec_seed_42.pt,1.4464638233184814,1
PETS-U,ETTh,128,0,100004,context_fid,123,0.8419331051048381,True,4096,7738f737c4dfcedd618d7ad6f490ed21d761bacb5f690c68e54a6607f5d6e950,61c11a5265bcaf09280d58a44359d136ca0c2d6c284c38e9c86392434cb8bf62,/path/to/PETS-FFT-Ablation/results/final_unconditional_main_v1/evaluators/ETTh/T128/ts2vec_seed_123.pt,1.3767971992492676,0
PETS-U,ETTh,128,0,100004,correlation_score,-1,0.06876623630523682,True,4096,7738f737c4dfcedd618d7ad6f490ed21d761bacb5f690c68e54a6607f5d6e950,61c11a5265bcaf09280d58a44359d136ca0c2d6c284c38e9c86392434cb8bf62,/path/to/Diffusion-TS/Utils/cross_correlation.py,0.08519220352172852,1
PETS-U,ETTh,128,0,100004,discriminative_score,0,0.16158536585365857,True,4096,7738f737c4dfcedd618d7ad6f490ed21d761bacb5f690c68e54a6607f5d6e950,61c11a5265bcaf09280d58a44359d136ca0c2d6c284c38e9c86392434cb8bf62,/path/to/Diffusion-TS/Utils/discriminative_metric.py,58.579978704452515,2
PETS-U,ETTh,128,0,100004,discriminative_score,42,0.15731707317073174,True,4096,7738f737c4dfcedd618d7ad6f490ed21d761bacb5f690c68e54a6607f5d6e950,61c11a5265bcaf09280d58a44359d136ca0c2d6c284c38e9c86392434cb8bf62,/path/to/Diffusion-TS/Utils/discriminative_metric.py,59.186304807662964,1
PETS-U,ETTh,128,0,100004,discriminative_score,123,0.11707317073170731,True,4096,7738f737c4dfcedd618d7ad6f490ed21d761bacb5f690c68e54a6607f5d6e950,61c11a5265bcaf09280d58a44359d136ca0c2d6c284c38e9c86392434cb8bf62,/path/to/Diffusion-TS/Utils/discriminative_metric.py,58.531310081481934,0
PETS-U,ETTh,128,0,100004,predictive_score,0,0.11147207056774278,True,4096,7738f737c4dfcedd618d7ad6f490ed21d761bacb5f690c68e54a6607f5d6e950,61c11a5265bcaf09280d58a44359d136ca0c2d6c284c38e9c86392434cb8bf62,/path/to/Diffusion-TS/Utils/predictive_metric.py,126.27323150634766,2
PETS-U,ETTh,128,0,100004,predictive_score,42,0.12793701048030925,True,4096,7738f737c4dfcedd618d7ad6f490ed21d761bacb5f690c68e54a6607f5d6e950,61c11a5265bcaf09280d58a44359d136ca0c2d6c284c38e9c86392434cb8bf62,/path/to/Diffusion-TS/Utils/predictive_metric.py,128.6988332271576,0
PETS-U,ETTh,128,0,100004,predictive_score,123,0.11174174819643667,True,4096,7738f737c4dfcedd618d7ad6f490ed21d761bacb5f690c68e54a6607f5d6e950,61c11a5265bcaf09280d58a44359d136ca0c2d6c284c38e9c86392434cb8bf62,/path/to/Diffusion-TS/Utils/predictive_metric.py,125.61613130569458,1
PETS-U,ETTh,128,42,100000,context_fid,0,0.918092799405258,True,4096,7738f737c4dfcedd618d7ad6f490ed21d761bacb5f690c68e54a6607f5d6e950,6369962dad56e115ae09de42dfbc6d377a79835f3c9abd8dee9f9cba3c9e3dd9,/path/to/PETS-FFT-Ablation/results/final_unconditional_main_v1/evaluators/ETTh/T128/ts2vec_seed_0.pt,1.3206868171691895,2
PETS-U,ETTh,128,42,100000,context_fid,42,1.0683810062115398,True,4096,7738f737c4dfcedd618d7ad6f490ed21d761bacb5f690c68e54a6607f5d6e950,6369962dad56e115ae09de42dfbc6d377a79835f3c9abd8dee9f9cba3c9e3dd9,/path/to/PETS-FFT-Ablation/results/final_unconditional_main_v1/evaluators/ETTh/T128/ts2vec_seed_42.pt,1.3745856285095215,1
PETS-U,ETTh,128,42,100000,context_fid,123,0.9060393334874397,True,4096,7738f737c4dfcedd618d7ad6f490ed21d761bacb5f690c68e54a6607f5d6e950,6369962dad56e115ae09de42dfbc6d377a79835f3c9abd8dee9f9cba3c9e3dd9,/path/to/PETS-FFT-Ablation/results/final_unconditional_main_v1/evaluators/ETTh/T128/ts2vec_seed_123.pt,1.4578704833984375,2
PETS-U,ETTh,128,42,100000,correlation_score,-1,0.09058330953121185,True,4096,7738f737c4dfcedd618d7ad6f490ed21d761bacb5f690c68e54a6607f5d6e950,6369962dad56e115ae09de42dfbc6d377a79835f3c9abd8dee9f9cba3c9e3dd9,/path/to/Diffusion-TS/Utils/cross_correlation.py,0.08591461181640625,2
PETS-U,ETTh,128,42,100000,discriminative_score,0,0.15365853658536588,True,4096,7738f737c4dfcedd618d7ad6f490ed21d761bacb5f690c68e54a6607f5d6e950,6369962dad56e115ae09de42dfbc6d377a79835f3c9abd8dee9f9cba3c9e3dd9,/path/to/Diffusion-TS/Utils/discriminative_metric.py,58.898035526275635,1
PETS-U,ETTh,128,42,100000,discriminative_score,42,0.17256097560975614,True,4096,7738f737c4dfcedd618d7ad6f490ed21d761bacb5f690c68e54a6607f5d6e950,6369962dad56e115ae09de42dfbc6d377a79835f3c9abd8dee9f9cba3c9e3dd9,/path/to/Diffusion-TS/Utils/discriminative_metric.py,58.76638317108154,2
PETS-U,ETTh,128,42,100000,discriminative_score,123,0.14695121951219514,True,4096,7738f737c4dfcedd618d7ad6f490ed21d761bacb5f690c68e54a6607f5d6e950,6369962dad56e115ae09de42dfbc6d377a79835f3c9abd8dee9f9cba3c9e3dd9,/path/to/Diffusion-TS/Utils/discriminative_metric.py,58.62251091003418,0
PETS-U,ETTh,128,42,100000,predictive_score,0,0.1107744242035551,True,4096,7738f737c4dfcedd618d7ad6f490ed21d761bacb5f690c68e54a6607f5d6e950,6369962dad56e115ae09de42dfbc6d377a79835f3c9abd8dee9f9cba3c9e3dd9,/path/to/Diffusion-TS/Utils/predictive_metric.py,124.8373601436615,1
PETS-U,ETTh,128,42,100000,predictive_score,42,0.1219138184815165,True,4096,7738f737c4dfcedd618d7ad6f490ed21d761bacb5f690c68e54a6607f5d6e950,6369962dad56e115ae09de42dfbc6d377a79835f3c9abd8dee9f9cba3c9e3dd9,/path/to/Diffusion-TS/Utils/predictive_metric.py,125.61636710166931,2
PETS-U,ETTh,128,42,100000,predictive_score,123,0.1195213525784311,True,4096,7738f737c4dfcedd618d7ad6f490ed21d761bacb5f690c68e54a6607f5d6e950,6369962dad56e115ae09de42dfbc6d377a79835f3c9abd8dee9f9cba3c9e3dd9,/path/to/Diffusion-TS/Utils/predictive_metric.py,124.37266325950623,0
PETS-U,ETTh,128,42,100001,context_fid,0,0.85464970809331,True,4096,7738f737c4dfcedd618d7ad6f490ed21d761bacb5f690c68e54a6607f5d6e950,090e388bee3d0c48937e36dd612d36694740abc0012c5061a5b6503da5d284ae,/path/to/PETS-FFT-Ablation/results/final_unconditional_main_v1/evaluators/ETTh/T128/ts2vec_seed_0.pt,1.497391939163208,1
PETS-U,ETTh,128,42,100001,context_fid,42,1.0038287650967073,True,4096,7738f737c4dfcedd618d7ad6f490ed21d761bacb5f690c68e54a6607f5d6e950,090e388bee3d0c48937e36dd612d36694740abc0012c5061a5b6503da5d284ae,/path/to/PETS-FFT-Ablation/results/final_unconditional_main_v1/evaluators/ETTh/T128/ts2vec_seed_42.pt,1.347611904144287,0
PETS-U,ETTh,128,42,100001,context_fid,123,0.8405816668014323,True,4096,7738f737c4dfcedd618d7ad6f490ed21d761bacb5f690c68e54a6607f5d6e950,090e388bee3d0c48937e36dd612d36694740abc0012c5061a5b6503da5d284ae,/path/to/PETS-FFT-Ablation/results/final_unconditional_main_v1/evaluators/ETTh/T128/ts2vec_seed_123.pt,1.4843058586120605,2
PETS-U,ETTh,128,42,100001,correlation_score,-1,0.08451183885335922,True,4096,7738f737c4dfcedd618d7ad6f490ed21d761bacb5f690c68e54a6607f5d6e950,090e388bee3d0c48937e36dd612d36694740abc0012c5061a5b6503da5d284ae,/path/to/Diffusion-TS/Utils/cross_correlation.py,0.08746147155761719,1
PETS-U,ETTh,128,42,100001,discriminative_score,0,0.13475609756097562,True,4096,7738f737c4dfcedd618d7ad6f490ed21d761bacb5f690c68e54a6607f5d6e950,090e388bee3d0c48937e36dd612d36694740abc0012c5061a5b6503da5d284ae,/path/to/Diffusion-TS/Utils/discriminative_metric.py,59.19389891624451,1
PETS-U,ETTh,128,42,100001,discriminative_score,42,0.14756097560975612,True,4096,7738f737c4dfcedd618d7ad6f490ed21d761bacb5f690c68e54a6607f5d6e950,090e388bee3d0c48937e36dd612d36694740abc0012c5061a5b6503da5d284ae,/path/to/Diffusion-TS/Utils/discriminative_metric.py,59.238731384277344,0
PETS-U,ETTh,128,42,100001,discriminative_score,123,0.14329268292682928,True,4096,7738f737c4dfcedd618d7ad6f490ed21d761bacb5f690c68e54a6607f5d6e950,090e388bee3d0c48937e36dd612d36694740abc0012c5061a5b6503da5d284ae,/path/to/Diffusion-TS/Utils/discriminative_metric.py,57.944533348083496,2
PETS-U,ETTh,128,42,100001,predictive_score,0,0.11155549020713806,True,4096,7738f737c4dfcedd618d7ad6f490ed21d761bacb5f690c68e54a6607f5d6e950,090e388bee3d0c48937e36dd612d36694740abc0012c5061a5b6503da5d284ae,/path/to/Diffusion-TS/Utils/predictive_metric.py,124.94970464706421,2
PETS-U,ETTh,128,42,100001,predictive_score,42,0.12058517941477476,True,4096,7738f737c4dfcedd618d7ad6f490ed21d761bacb5f690c68e54a6607f5d6e950,090e388bee3d0c48937e36dd612d36694740abc0012c5061a5b6503da5d284ae,/path/to/Diffusion-TS/Utils/predictive_metric.py,124.5976357460022,1
PETS-U,ETTh,128,42,100001,predictive_score,123,0.11121006155144642,True,4096,7738f737c4dfcedd618d7ad6f490ed21d761bacb5f690c68e54a6607f5d6e950,090e388bee3d0c48937e36dd612d36694740abc0012c5061a5b6503da5d284ae,/path/to/Diffusion-TS/Utils/predictive_metric.py,126.68491649627686,0
PETS-U,ETTh,128,42,100002,context_fid,0,0.9447314764396917,True,4096,7738f737c4dfcedd618d7ad6f490ed21d761bacb5f690c68e54a6607f5d6e950,943e6b139e3174c55444891ee93f16dd5fd597fbc2fbb0bd3b242b0289718d87,/path/to/PETS-FFT-Ablation/results/final_unconditional_main_v1/evaluators/ETTh/T128/ts2vec_seed_0.pt,1.300159215927124,1
PETS-U,ETTh,128,42,100002,context_fid,42,1.1141691549299524,True,4096,7738f737c4dfcedd618d7ad6f490ed21d761bacb5f690c68e54a6607f5d6e950,943e6b139e3174c55444891ee93f16dd5fd597fbc2fbb0bd3b242b0289718d87,/path/to/PETS-FFT-Ablation/results/final_unconditional_main_v1/evaluators/ETTh/T128/ts2vec_seed_42.pt,1.339792013168335,2
PETS-U,ETTh,128,42,100002,context_fid,123,0.92599268117166,True,4096,7738f737c4dfcedd618d7ad6f490ed21d761bacb5f690c68e54a6607f5d6e950,943e6b139e3174c55444891ee93f16dd5fd597fbc2fbb0bd3b242b0289718d87,/path/to/PETS-FFT-Ablation/results/final_unconditional_main_v1/evaluators/ETTh/T128/ts2vec_seed_123.pt,1.346595048904419,1
PETS-U,ETTh,128,42,100002,correlation_score,-1,0.09079054743051529,True,4096,7738f737c4dfcedd618d7ad6f490ed21d761bacb5f690c68e54a6607f5d6e950,943e6b139e3174c55444891ee93f16dd5fd597fbc2fbb0bd3b242b0289718d87,/path/to/Diffusion-TS/Utils/cross_correlation.py,0.0883328914642334,1
PETS-U,ETTh,128,42,100002,discriminative_score,0,0.15182926829268295,True,4096,7738f737c4dfcedd618d7ad6f490ed21d761bacb5f690c68e54a6607f5d6e950,943e6b139e3174c55444891ee93f16dd5fd597fbc2fbb0bd3b242b0289718d87,/path/to/Diffusion-TS/Utils/discriminative_metric.py,58.46451115608215,2
PETS-U,ETTh,128,42,100002,discriminative_score,42,0.15609756097560978,True,4096,7738f737c4dfcedd618d7ad6f490ed21d761bacb5f690c68e54a6607f5d6e950,943e6b139e3174c55444891ee93f16dd5fd597fbc2fbb0bd3b242b0289718d87,/path/to/Diffusion-TS/Utils/discriminative_metric.py,58.54778718948364,0
PETS-U,ETTh,128,42,100002,discriminative_score,123,0.15243902439024393,True,4096,7738f737c4dfcedd618d7ad6f490ed21d761bacb5f690c68e54a6607f5d6e950,943e6b139e3174c55444891ee93f16dd5fd597fbc2fbb0bd3b242b0289718d87,/path/to/Diffusion-TS/Utils/discriminative_metric.py,58.34686255455017,1
PETS-U,ETTh,128,42,100002,predictive_score,0,0.11251388709479215,True,4096,7738f737c4dfcedd618d7ad6f490ed21d761bacb5f690c68e54a6607f5d6e950,943e6b139e3174c55444891ee93f16dd5fd597fbc2fbb0bd3b242b0289718d87,/path/to/Diffusion-TS/Utils/predictive_metric.py,124.09977197647095,2
PETS-U,ETTh,128,42,100002,predictive_score,42,0.121803527578777,True,4096,7738f737c4dfcedd618d7ad6f490ed21d761bacb5f690c68e54a6607f5d6e950,943e6b139e3174c55444891ee93f16dd5fd597fbc2fbb0bd3b242b0289718d87,/path/to/Diffusion-TS/Utils/predictive_metric.py,125.40209913253784,1
PETS-U,ETTh,128,42,100002,predictive_score,123,0.11262716071814793,True,4096,7738f737c4dfcedd618d7ad6f490ed21d761bacb5f690c68e54a6607f5d6e950,943e6b139e3174c55444891ee93f16dd5fd597fbc2fbb0bd3b242b0289718d87,/path/to/Diffusion-TS/Utils/predictive_metric.py,126.06364750862122,0
PETS-U,ETTh,128,42,100003,context_fid,0,0.8932814863606453,True,4096,7738f737c4dfcedd618d7ad6f490ed21d761bacb5f690c68e54a6607f5d6e950,aad2e3d923005c4f1ec96f9e72ba37854413fa73eaf1d82d589848e527d05c0a,/path/to/PETS-FFT-Ablation/results/final_unconditional_main_v1/evaluators/ETTh/T128/ts2vec_seed_0.pt,1.3785126209259033,2
PETS-U,ETTh,128,42,100003,context_fid,42,1.0496835948264391,True,4096,7738f737c4dfcedd618d7ad6f490ed21d761bacb5f690c68e54a6607f5d6e950,aad2e3d923005c4f1ec96f9e72ba37854413fa73eaf1d82d589848e527d05c0a,/path/to/PETS-FFT-Ablation/results/final_unconditional_main_v1/evaluators/ETTh/T128/ts2vec_seed_42.pt,1.3670539855957031,2
PETS-U,ETTh,128,42,100003,context_fid,123,0.87973420054476,True,4096,7738f737c4dfcedd618d7ad6f490ed21d761bacb5f690c68e54a6607f5d6e950,aad2e3d923005c4f1ec96f9e72ba37854413fa73eaf1d82d589848e527d05c0a,/path/to/PETS-FFT-Ablation/results/final_unconditional_main_v1/evaluators/ETTh/T128/ts2vec_seed_123.pt,1.3551955223083496,1
PETS-U,ETTh,128,42,100003,correlation_score,-1,0.08203158527612686,True,4096,7738f737c4dfcedd618d7ad6f490ed21d761bacb5f690c68e54a6607f5d6e950,aad2e3d923005c4f1ec96f9e72ba37854413fa73eaf1d82d589848e527d05c0a,/path/to/Diffusion-TS/Utils/cross_correlation.py,0.08538627624511719,2
PETS-U,ETTh,128,42,100003,discriminative_score,0,0.14878048780487807,True,4096,7738f737c4dfcedd618d7ad6f490ed21d761bacb5f690c68e54a6607f5d6e950,aad2e3d923005c4f1ec96f9e72ba37854413fa73eaf1d82d589848e527d05c0a,/path/to/Diffusion-TS/Utils/discriminative_metric.py,59.008556604385376,2
PETS-U,ETTh,128,42,100003,discriminative_score,42,0.13719512195121952,True,4096,7738f737c4dfcedd618d7ad6f490ed21d761bacb5f690c68e54a6607f5d6e950,aad2e3d923005c4f1ec96f9e72ba37854413fa73eaf1d82d589848e527d05c0a,/path/to/Diffusion-TS/Utils/discriminative_metric.py,59.31210517883301,0
PETS-U,ETTh,128,42,100003,discriminative_score,123,0.14451219512195124,True,4096,7738f737c4dfcedd618d7ad6f490ed21d761bacb5f690c68e54a6607f5d6e950,aad2e3d923005c4f1ec96f9e72ba37854413fa73eaf1d82d589848e527d05c0a,/path/to/Diffusion-TS/Utils/discriminative_metric.py,58.93238186836243,1
PETS-U,ETTh,128,42,100003,predictive_score,0,0.11147684145907988,True,4096,7738f737c4dfcedd618d7ad6f490ed21d761bacb5f690c68e54a6607f5d6e950,aad2e3d923005c4f1ec96f9e72ba37854413fa73eaf1d82d589848e527d05c0a,/path/to/Diffusion-TS/Utils/predictive_metric.py,126.44864249229431,2
PETS-U,ETTh,128,42,100003,predictive_score,42,0.12079677416022605,True,4096,7738f737c4dfcedd618d7ad6f490ed21d761bacb5f690c68e54a6607f5d6e950,aad2e3d923005c4f1ec96f9e72ba37854413fa73eaf1d82d589848e527d05c0a,/path/to/Diffusion-TS/Utils/predictive_metric.py,126.91837191581726,0
PETS-U,ETTh,128,42,100003,predictive_score,123,0.11451105309697596,True,4096,7738f737c4dfcedd618d7ad6f490ed21d761bacb5f690c68e54a6607f5d6e950,aad2e3d923005c4f1ec96f9e72ba37854413fa73eaf1d82d589848e527d05c0a,/path/to/Diffusion-TS/Utils/predictive_metric.py,127.24614381790161,1
PETS-U,ETTh,128,42,100004,context_fid,0,0.8560773508872017,True,4096,7738f737c4dfcedd618d7ad6f490ed21d761bacb5f690c68e54a6607f5d6e950,52781f8fc67c907a03da955112f0d28fcfc57b5cf2eddf0a649465d526f36fa9,/path/to/PETS-FFT-Ablation/results/final_unconditional_main_v1/evaluators/ETTh/T128/ts2vec_seed_0.pt,1.2876594066619873,2
PETS-U,ETTh,128,42,100004,context_fid,42,1.0116926485021318,True,4096,7738f737c4dfcedd618d7ad6f490ed21d761bacb5f690c68e54a6607f5d6e950,52781f8fc67c907a03da955112f0d28fcfc57b5cf2eddf0a649465d526f36fa9,/path/to/PETS-FFT-Ablation/results/final_unconditional_main_v1/evaluators/ETTh/T128/ts2vec_seed_42.pt,1.3222270011901855,0
PETS-U,ETTh,128,42,100004,context_fid,123,0.8535988013648903,True,4096,7738f737c4dfcedd618d7ad6f490ed21d761bacb5f690c68e54a6607f5d6e950,52781f8fc67c907a03da955112f0d28fcfc57b5cf2eddf0a649465d526f36fa9,/path/to/PETS-FFT-Ablation/results/final_unconditional_main_v1/evaluators/ETTh/T128/ts2vec_seed_123.pt,1.5261309146881104,2
PETS-U,ETTh,128,42,100004,correlation_score,-1,0.07980580627918243,True,4096,7738f737c4dfcedd618d7ad6f490ed21d761bacb5f690c68e54a6607f5d6e950,52781f8fc67c907a03da955112f0d28fcfc57b5cf2eddf0a649465d526f36fa9,/path/to/Diffusion-TS/Utils/cross_correlation.py,0.08826971054077148,2
PETS-U,ETTh,128,42,100004,discriminative_score,0,0.16768292682926833,True,4096,7738f737c4dfcedd618d7ad6f490ed21d761bacb5f690c68e54a6607f5d6e950,52781f8fc67c907a03da955112f0d28fcfc57b5cf2eddf0a649465d526f36fa9,/path/to/Diffusion-TS/Utils/discriminative_metric.py,58.87002229690552,1
PETS-U,ETTh,128,42,100004,discriminative_score,42,0.16036585365853662,True,4096,7738f737c4dfcedd618d7ad6f490ed21d761bacb5f690c68e54a6607f5d6e950,52781f8fc67c907a03da955112f0d28fcfc57b5cf2eddf0a649465d526f36fa9,/path/to/Diffusion-TS/Utils/discriminative_metric.py,59.01861381530762,0
PETS-U,ETTh,128,42,100004,discriminative_score,123,0.150609756097561,True,4096,7738f737c4dfcedd618d7ad6f490ed21d761bacb5f690c68e54a6607f5d6e950,52781f8fc67c907a03da955112f0d28fcfc57b5cf2eddf0a649465d526f36fa9,/path/to/Diffusion-TS/Utils/discriminative_metric.py,58.622188091278076,2
PETS-U,ETTh,128,42,100004,predictive_score,0,0.11099641171722396,True,4096,7738f737c4dfcedd618d7ad6f490ed21d761bacb5f690c68e54a6607f5d6e950,52781f8fc67c907a03da955112f0d28fcfc57b5cf2eddf0a649465d526f36fa9,/path/to/Diffusion-TS/Utils/predictive_metric.py,124.52393198013306,1
PETS-U,ETTh,128,42,100004,predictive_score,42,0.12273948392748935,True,4096,7738f737c4dfcedd618d7ad6f490ed21d761bacb5f690c68e54a6607f5d6e950,52781f8fc67c907a03da955112f0d28fcfc57b5cf2eddf0a649465d526f36fa9,/path/to/Diffusion-TS/Utils/predictive_metric.py,126.5072648525238,0
PETS-U,ETTh,128,42,100004,predictive_score,123,0.11399559446044805,True,4096,7738f737c4dfcedd618d7ad6f490ed21d761bacb5f690c68e54a6607f5d6e950,52781f8fc67c907a03da955112f0d28fcfc57b5cf2eddf0a649465d526f36fa9,/path/to/Diffusion-TS/Utils/predictive_metric.py,125.24129319190979,2
PETS-U,ETTh,128,123,100000,context_fid,0,0.9216083643937697,True,4096,7738f737c4dfcedd618d7ad6f490ed21d761bacb5f690c68e54a6607f5d6e950,2b1bb2422d20d4f7e9863e601ca6f11b7ea6e2284109c12d7ec774757775d586,/path/to/PETS-FFT-Ablation/results/final_unconditional_main_v1/evaluators/ETTh/T128/ts2vec_seed_0.pt,1.3508069515228271,1
PETS-U,ETTh,128,123,100000,context_fid,42,1.0756810541632882,True,4096,7738f737c4dfcedd618d7ad6f490ed21d761bacb5f690c68e54a6607f5d6e950,2b1bb2422d20d4f7e9863e601ca6f11b7ea6e2284109c12d7ec774757775d586,/path/to/PETS-FFT-Ablation/results/final_unconditional_main_v1/evaluators/ETTh/T128/ts2vec_seed_42.pt,1.2716283798217773,1
PETS-U,ETTh,128,123,100000,context_fid,123,0.9044945154797749,True,4096,7738f737c4dfcedd618d7ad6f490ed21d761bacb5f690c68e54a6607f5d6e950,2b1bb2422d20d4f7e9863e601ca6f11b7ea6e2284109c12d7ec774757775d586,/path/to/PETS-FFT-Ablation/results/final_unconditional_main_v1/evaluators/ETTh/T128/ts2vec_seed_123.pt,1.6983089447021484,2
PETS-U,ETTh,128,123,100000,correlation_score,-1,0.08625040203332901,True,4096,7738f737c4dfcedd618d7ad6f490ed21d761bacb5f690c68e54a6607f5d6e950,2b1bb2422d20d4f7e9863e601ca6f11b7ea6e2284109c12d7ec774757775d586,/path/to/Diffusion-TS/Utils/cross_correlation.py,0.08747982978820801,1
PETS-U,ETTh,128,123,100000,discriminative_score,0,0.16951219512195126,True,4096,7738f737c4dfcedd618d7ad6f490ed21d761bacb5f690c68e54a6607f5d6e950,2b1bb2422d20d4f7e9863e601ca6f11b7ea6e2284109c12d7ec774757775d586,/path/to/Diffusion-TS/Utils/discriminative_metric.py,59.189656496047974,1
PETS-U,ETTh,128,123,100000,discriminative_score,42,0.16280487804878052,True,4096,7738f737c4dfcedd618d7ad6f490ed21d761bacb5f690c68e54a6607f5d6e950,2b1bb2422d20d4f7e9863e601ca6f11b7ea6e2284109c12d7ec774757775d586,/path/to/Diffusion-TS/Utils/discriminative_metric.py,58.945247173309326,0
PETS-U,ETTh,128,123,100000,discriminative_score,123,0.15975609756097564,True,4096,7738f737c4dfcedd618d7ad6f490ed21d761bacb5f690c68e54a6607f5d6e950,2b1bb2422d20d4f7e9863e601ca6f11b7ea6e2284109c12d7ec774757775d586,/path/to/Diffusion-TS/Utils/discriminative_metric.py,58.79148769378662,2
PETS-U,ETTh,128,123,100000,predictive_score,0,0.11050425999701474,True,4096,7738f737c4dfcedd618d7ad6f490ed21d761bacb5f690c68e54a6607f5d6e950,2b1bb2422d20d4f7e9863e601ca6f11b7ea6e2284109c12d7ec774757775d586,/path/to/Diffusion-TS/Utils/predictive_metric.py,126.88290357589722,0
PETS-U,ETTh,128,123,100000,predictive_score,42,0.12318699397337696,True,4096,7738f737c4dfcedd618d7ad6f490ed21d761bacb5f690c68e54a6607f5d6e950,2b1bb2422d20d4f7e9863e601ca6f11b7ea6e2284109c12d7ec774757775d586,/path/to/Diffusion-TS/Utils/predictive_metric.py,124.81904745101929,1
PETS-U,ETTh,128,123,100000,predictive_score,123,0.11684052559940028,True,4096,7738f737c4dfcedd618d7ad6f490ed21d761bacb5f690c68e54a6607f5d6e950,2b1bb2422d20d4f7e9863e601ca6f11b7ea6e2284109c12d7ec774757775d586,/path/to/Diffusion-TS/Utils/predictive_metric.py,124.53372097015381,2
PETS-U,ETTh,128,123,100001,context_fid,0,0.8714645431990811,True,4096,7738f737c4dfcedd618d7ad6f490ed21d761bacb5f690c68e54a6607f5d6e950,d66e4daa83f4bfc0feb528c7979e46d6eb3ef73064be812a6ca524561b876f52,/path/to/PETS-FFT-Ablation/results/final_unconditional_main_v1/evaluators/ETTh/T128/ts2vec_seed_0.pt,1.707343339920044,2
PETS-U,ETTh,128,123,100001,context_fid,42,1.0162589583851334,True,4096,7738f737c4dfcedd618d7ad6f490ed21d761bacb5f690c68e54a6607f5d6e950,d66e4daa83f4bfc0feb528c7979e46d6eb3ef73064be812a6ca524561b876f52,/path/to/PETS-FFT-Ablation/results/final_unconditional_main_v1/evaluators/ETTh/T128/ts2vec_seed_42.pt,1.5973701477050781,1
PETS-U,ETTh,128,123,100001,context_fid,123,0.8484417392635467,True,4096,7738f737c4dfcedd618d7ad6f490ed21d761bacb5f690c68e54a6607f5d6e950,d66e4daa83f4bfc0feb528c7979e46d6eb3ef73064be812a6ca524561b876f52,/path/to/PETS-FFT-Ablation/results/final_unconditional_main_v1/evaluators/ETTh/T128/ts2vec_seed_123.pt,1.3503859043121338,1
PETS-U,ETTh,128,123,100001,correlation_score,-1,0.07691387832164764,True,4096,7738f737c4dfcedd618d7ad6f490ed21d761bacb5f690c68e54a6607f5d6e950,d66e4daa83f4bfc0feb528c7979e46d6eb3ef73064be812a6ca524561b876f52,/path/to/Diffusion-TS/Utils/cross_correlation.py,0.0882716178894043,1
PETS-U,ETTh,128,123,100001,discriminative_score,0,0.16951219512195126,True,4096,7738f737c4dfcedd618d7ad6f490ed21d761bacb5f690c68e54a6607f5d6e950,d66e4daa83f4bfc0feb528c7979e46d6eb3ef73064be812a6ca524561b876f52,/path/to/Diffusion-TS/Utils/discriminative_metric.py,59.126099586486816,2
PETS-U,ETTh,128,123,100001,discriminative_score,42,0.15243902439024393,True,4096,7738f737c4dfcedd618d7ad6f490ed21d761bacb5f690c68e54a6607f5d6e950,d66e4daa83f4bfc0feb528c7979e46d6eb3ef73064be812a6ca524561b876f52,/path/to/Diffusion-TS/Utils/discriminative_metric.py,58.99762558937073,0
PETS-U,ETTh,128,123,100001,discriminative_score,123,0.17560975609756102,True,4096,7738f737c4dfcedd618d7ad6f490ed21d761bacb5f690c68e54a6607f5d6e950,d66e4daa83f4bfc0feb528c7979e46d6eb3ef73064be812a6ca524561b876f52,/path/to/Diffusion-TS/Utils/discriminative_metric.py,58.78411412239075,1
PETS-U,ETTh,128,123,100001,predictive_score,0,0.10995513123225464,True,4096,7738f737c4dfcedd618d7ad6f490ed21d761bacb5f690c68e54a6607f5d6e950,d66e4daa83f4bfc0feb528c7979e46d6eb3ef73064be812a6ca524561b876f52,/path/to/Diffusion-TS/Utils/predictive_metric.py,124.67471098899841,2
PETS-U,ETTh,128,123,100001,predictive_score,42,0.12273492734675528,True,4096,7738f737c4dfcedd618d7ad6f490ed21d761bacb5f690c68e54a6607f5d6e950,d66e4daa83f4bfc0feb528c7979e46d6eb3ef73064be812a6ca524561b876f52,/path/to/Diffusion-TS/Utils/predictive_metric.py,126.1878080368042,0
PETS-U,ETTh,128,123,100001,predictive_score,123,0.11647806042174125,True,4096,7738f737c4dfcedd618d7ad6f490ed21d761bacb5f690c68e54a6607f5d6e950,d66e4daa83f4bfc0feb528c7979e46d6eb3ef73064be812a6ca524561b876f52,/path/to/Diffusion-TS/Utils/predictive_metric.py,125.36772584915161,1
PETS-U,ETTh,128,123,100002,context_fid,0,0.8963435870621806,True,4096,7738f737c4dfcedd618d7ad6f490ed21d761bacb5f690c68e54a6607f5d6e950,5466cfa9fe64e6d610b3837b74a920c51b64020fc053da17a6ce0c3061c45404,/path/to/PETS-FFT-Ablation/results/final_unconditional_main_v1/evaluators/ETTh/T128/ts2vec_seed_0.pt,1.2728428840637207,2
PETS-U,ETTh,128,123,100002,context_fid,42,1.0498078791778738,True,4096,7738f737c4dfcedd618d7ad6f490ed21d761bacb5f690c68e54a6607f5d6e950,5466cfa9fe64e6d610b3837b74a920c51b64020fc053da17a6ce0c3061c45404,/path/to/PETS-FFT-Ablation/results/final_unconditional_main_v1/evaluators/ETTh/T128/ts2vec_seed_42.pt,1.3877851963043213,2
PETS-U,ETTh,128,123,100002,context_fid,123,0.8787572561215924,True,4096,7738f737c4dfcedd618d7ad6f490ed21d761bacb5f690c68e54a6607f5d6e950,5466cfa9fe64e6d610b3837b74a920c51b64020fc053da17a6ce0c3061c45404,/path/to/PETS-FFT-Ablation/results/final_unconditional_main_v1/evaluators/ETTh/T128/ts2vec_seed_123.pt,1.4230968952178955,0
PETS-U,ETTh,128,123,100002,correlation_score,-1,0.0827644020318985,True,4096,7738f737c4dfcedd618d7ad6f490ed21d761bacb5f690c68e54a6607f5d6e950,5466cfa9fe64e6d610b3837b74a920c51b64020fc053da17a6ce0c3061c45404,/path/to/Diffusion-TS/Utils/cross_correlation.py,0.08774209022521973,2
PETS-U,ETTh,128,123,100002,discriminative_score,0,0.17500000000000004,True,4096,7738f737c4dfcedd618d7ad6f490ed21d761bacb5f690c68e54a6607f5d6e950,5466cfa9fe64e6d610b3837b74a920c51b64020fc053da17a6ce0c3061c45404,/path/to/Diffusion-TS/Utils/discriminative_metric.py,59.21969151496887,1
PETS-U,ETTh,128,123,100002,discriminative_score,42,0.1737804878048781,True,4096,7738f737c4dfcedd618d7ad6f490ed21d761bacb5f690c68e54a6607f5d6e950,5466cfa9fe64e6d610b3837b74a920c51b64020fc053da17a6ce0c3061c45404,/path/to/Diffusion-TS/Utils/discriminative_metric.py,58.47033715248108,2
PETS-U,ETTh,128,123,100002,discriminative_score,123,0.1682926829268293,True,4096,7738f737c4dfcedd618d7ad6f490ed21d761bacb5f690c68e54a6607f5d6e950,5466cfa9fe64e6d610b3837b74a920c51b64020fc053da17a6ce0c3061c45404,/path/to/Diffusion-TS/Utils/discriminative_metric.py,57.880125761032104,0
PETS-U,ETTh,128,123,100002,predictive_score,0,0.11072871614669566,True,4096,7738f737c4dfcedd618d7ad6f490ed21d761bacb5f690c68e54a6607f5d6e950,5466cfa9fe64e6d610b3837b74a920c51b64020fc053da17a6ce0c3061c45404,/path/to/Diffusion-TS/Utils/predictive_metric.py,125.45926141738892,1
PETS-U,ETTh,128,123,100002,predictive_score,42,0.12288941427186728,True,4096,7738f737c4dfcedd618d7ad6f490ed21d761bacb5f690c68e54a6607f5d6e950,5466cfa9fe64e6d610b3837b74a920c51b64020fc053da17a6ce0c3061c45404,/path/to/Diffusion-TS/Utils/predictive_metric.py,125.47269344329834,0
PETS-U,ETTh,128,123,100002,predictive_score,123,0.11717096355641843,True,4096,7738f737c4dfcedd618d7ad6f490ed21d761bacb5f690c68e54a6607f5d6e950,5466cfa9fe64e6d610b3837b74a920c51b64020fc053da17a6ce0c3061c45404,/path/to/Diffusion-TS/Utils/predictive_metric.py,123.48510575294495,2
PETS-U,ETTh,128,123,100003,context_fid,0,0.952942153219851,True,4096,7738f737c4dfcedd618d7ad6f490ed21d761bacb5f690c68e54a6607f5d6e950,475bced8dcb5a7198be816fe7c00832df8405d21d01c3f351ec0eb08ec949e43,/path/to/PETS-FFT-Ablation/results/final_unconditional_main_v1/evaluators/ETTh/T128/ts2vec_seed_0.pt,1.3857927322387695,2
PETS-U,ETTh,128,123,100003,context_fid,42,1.1145173287600092,True,4096,7738f737c4dfcedd618d7ad6f490ed21d761bacb5f690c68e54a6607f5d6e950,475bced8dcb5a7198be816fe7c00832df8405d21d01c3f351ec0eb08ec949e43,/path/to/PETS-FFT-Ablation/results/final_unconditional_main_v1/evaluators/ETTh/T128/ts2vec_seed_42.pt,1.5763509273529053,2
PETS-U,ETTh,128,123,100003,context_fid,123,0.9315140714623625,True,4096,7738f737c4dfcedd618d7ad6f490ed21d761bacb5f690c68e54a6607f5d6e950,475bced8dcb5a7198be816fe7c00832df8405d21d01c3f351ec0eb08ec949e43,/path/to/PETS-FFT-Ablation/results/final_unconditional_main_v1/evaluators/ETTh/T128/ts2vec_seed_123.pt,1.4444503784179688,1
PETS-U,ETTh,128,123,100003,correlation_score,-1,0.08820998668670654,True,4096,7738f737c4dfcedd618d7ad6f490ed21d761bacb5f690c68e54a6607f5d6e950,475bced8dcb5a7198be816fe7c00832df8405d21d01c3f351ec0eb08ec949e43,/path/to/Diffusion-TS/Utils/cross_correlation.py,0.08419990539550781,2
PETS-U,ETTh,128,123,100003,discriminative_score,0,0.17439024390243907,True,4096,7738f737c4dfcedd618d7ad6f490ed21d761bacb5f690c68e54a6607f5d6e950,475bced8dcb5a7198be816fe7c00832df8405d21d01c3f351ec0eb08ec949e43,/path/to/Diffusion-TS/Utils/discriminative_metric.py,57.86732792854309,0
PETS-U,ETTh,128,123,100003,discriminative_score,42,0.1707317073170732,True,4096,7738f737c4dfcedd618d7ad6f490ed21d761bacb5f690c68e54a6607f5d6e950,475bced8dcb5a7198be816fe7c00832df8405d21d01c3f351ec0eb08ec949e43,/path/to/Diffusion-TS/Utils/discriminative_metric.py,58.48780703544617,1
PETS-U,ETTh,128,123,100003,discriminative_score,123,0.17987804878048785,True,4096,7738f737c4dfcedd618d7ad6f490ed21d761bacb5f690c68e54a6607f5d6e950,475bced8dcb5a7198be816fe7c00832df8405d21d01c3f351ec0eb08ec949e43,/path/to/Diffusion-TS/Utils/discriminative_metric.py,58.46200704574585,2
PETS-U,ETTh,128,123,100003,predictive_score,0,0.10999457422622072,True,4096,7738f737c4dfcedd618d7ad6f490ed21d761bacb5f690c68e54a6607f5d6e950,475bced8dcb5a7198be816fe7c00832df8405d21d01c3f351ec0eb08ec949e43,/path/to/Diffusion-TS/Utils/predictive_metric.py,124.49384498596191,0
PETS-U,ETTh,128,123,100003,predictive_score,42,0.12183145633571257,True,4096,7738f737c4dfcedd618d7ad6f490ed21d761bacb5f690c68e54a6607f5d6e950,475bced8dcb5a7198be816fe7c00832df8405d21d01c3f351ec0eb08ec949e43,/path/to/Diffusion-TS/Utils/predictive_metric.py,124.36588072776794,1
PETS-U,ETTh,128,123,100003,predictive_score,123,0.11224340965691226,True,4096,7738f737c4dfcedd618d7ad6f490ed21d761bacb5f690c68e54a6607f5d6e950,475bced8dcb5a7198be816fe7c00832df8405d21d01c3f351ec0eb08ec949e43,/path/to/Diffusion-TS/Utils/predictive_metric.py,127.3451075553894,2
PETS-U,ETTh,128,123,100004,context_fid,0,0.9360129206575567,True,4096,7738f737c4dfcedd618d7ad6f490ed21d761bacb5f690c68e54a6607f5d6e950,bdda64b132402142a6eef57dcc92fa64875c34c6588931a0ba3681c6073280e5,/path/to/PETS-FFT-Ablation/results/final_unconditional_main_v1/evaluators/ETTh/T128/ts2vec_seed_0.pt,1.332611083984375,0
PETS-U,ETTh,128,123,100004,context_fid,42,1.0933339555100683,True,4096,7738f737c4dfcedd618d7ad6f490ed21d761bacb5f690c68e54a6607f5d6e950,bdda64b132402142a6eef57dcc92fa64875c34c6588931a0ba3681c6073280e5,/path/to/PETS-FFT-Ablation/results/final_unconditional_main_v1/evaluators/ETTh/T128/ts2vec_seed_42.pt,1.3729939460754395,0
PETS-U,ETTh,128,123,100004,context_fid,123,0.9043866358560968,True,4096,7738f737c4dfcedd618d7ad6f490ed21d761bacb5f690c68e54a6607f5d6e950,bdda64b132402142a6eef57dcc92fa64875c34c6588931a0ba3681c6073280e5,/path/to/PETS-FFT-Ablation/results/final_unconditional_main_v1/evaluators/ETTh/T128/ts2vec_seed_123.pt,1.6061832904815674,1
PETS-U,ETTh,128,123,100004,correlation_score,-1,0.07392330467700958,True,4096,7738f737c4dfcedd618d7ad6f490ed21d761bacb5f690c68e54a6607f5d6e950,bdda64b132402142a6eef57dcc92fa64875c34c6588931a0ba3681c6073280e5,/path/to/Diffusion-TS/Utils/cross_correlation.py,0.08765363693237305,0
PETS-U,ETTh,128,123,100004,discriminative_score,0,0.17560975609756102,True,4096,7738f737c4dfcedd618d7ad6f490ed21d761bacb5f690c68e54a6607f5d6e950,bdda64b132402142a6eef57dcc92fa64875c34c6588931a0ba3681c6073280e5,/path/to/Diffusion-TS/Utils/discriminative_metric.py,59.107606172561646,0
PETS-U,ETTh,128,123,100004,discriminative_score,42,0.16707317073170735,True,4096,7738f737c4dfcedd618d7ad6f490ed21d761bacb5f690c68e54a6607f5d6e950,bdda64b132402142a6eef57dcc92fa64875c34c6588931a0ba3681c6073280e5,/path/to/Diffusion-TS/Utils/discriminative_metric.py,59.203752756118774,1
PETS-U,ETTh,128,123,100004,discriminative_score,123,0.1554878048780488,True,4096,7738f737c4dfcedd618d7ad6f490ed21d761bacb5f690c68e54a6607f5d6e950,bdda64b132402142a6eef57dcc92fa64875c34c6588931a0ba3681c6073280e5,/path/to/Diffusion-TS/Utils/discriminative_metric.py,59.134188652038574,2
PETS-U,ETTh,128,123,100004,predictive_score,0,0.11001117926343795,True,4096,7738f737c4dfcedd618d7ad6f490ed21d761bacb5f690c68e54a6607f5d6e950,bdda64b132402142a6eef57dcc92fa64875c34c6588931a0ba3681c6073280e5,/path/to/Diffusion-TS/Utils/predictive_metric.py,124.1581802368164,0
PETS-U,ETTh,128,123,100004,predictive_score,42,0.1227521010705459,True,4096,7738f737c4dfcedd618d7ad6f490ed21d761bacb5f690c68e54a6607f5d6e950,bdda64b132402142a6eef57dcc92fa64875c34c6588931a0ba3681c6073280e5,/path/to/Diffusion-TS/Utils/predictive_metric.py,126.07647824287415,1
PETS-U,ETTh,128,123,100004,predictive_score,123,0.11754989170322006,True,4096,7738f737c4dfcedd618d7ad6f490ed21d761bacb5f690c68e54a6607f5d6e950,bdda64b132402142a6eef57dcc92fa64875c34c6588931a0ba3681c6073280e5,/path/to/Diffusion-TS/Utils/predictive_metric.py,126.43491411209106,2
Diffusion-TS,ETTh,256,0,100000,context_fid,0,2.844943420281874,True,4096,a24f236875ae64e90ac2659e91858d641ab1afc1e0a10df901307ea5e750b5bb,4ed8f7f0372fcb3e3a37668fc4281324799e7f0a770fb6511da577966691db3f,/path/to/PETS-FFT-Ablation/results/final_unconditional_main_v1/evaluators/ETTh/T256/ts2vec_seed_0.pt,1.4075469970703125,1
Diffusion-TS,ETTh,256,0,100000,context_fid,42,2.790937426509715,True,4096,a24f236875ae64e90ac2659e91858d641ab1afc1e0a10df901307ea5e750b5bb,4ed8f7f0372fcb3e3a37668fc4281324799e7f0a770fb6511da577966691db3f,/path/to/PETS-FFT-Ablation/results/final_unconditional_main_v1/evaluators/ETTh/T256/ts2vec_seed_42.pt,1.430307149887085,1
Diffusion-TS,ETTh,256,0,100000,context_fid,123,2.5045146085409375,True,4096,a24f236875ae64e90ac2659e91858d641ab1afc1e0a10df901307ea5e750b5bb,4ed8f7f0372fcb3e3a37668fc4281324799e7f0a770fb6511da577966691db3f,/path/to/PETS-FFT-Ablation/results/final_unconditional_main_v1/evaluators/ETTh/T256/ts2vec_seed_123.pt,1.5683116912841797,1
Diffusion-TS,ETTh,256,0,100000,correlation_score,-1,0.17238393425941467,True,4096,a24f236875ae64e90ac2659e91858d641ab1afc1e0a10df901307ea5e750b5bb,4ed8f7f0372fcb3e3a37668fc4281324799e7f0a770fb6511da577966691db3f,/path/to/Diffusion-TS/Utils/cross_correlation.py,0.17201828956604004,1
Diffusion-TS,ETTh,256,0,100000,discriminative_score,0,0.19268292682926824,True,4096,a24f236875ae64e90ac2659e91858d641ab1afc1e0a10df901307ea5e750b5bb,4ed8f7f0372fcb3e3a37668fc4281324799e7f0a770fb6511da577966691db3f,/path/to/Diffusion-TS/Utils/discriminative_metric.py,111.95765471458435,2
Diffusion-TS,ETTh,256,0,100000,discriminative_score,42,0.2396341463414634,True,4096,a24f236875ae64e90ac2659e91858d641ab1afc1e0a10df901307ea5e750b5bb,4ed8f7f0372fcb3e3a37668fc4281324799e7f0a770fb6511da577966691db3f,/path/to/Diffusion-TS/Utils/discriminative_metric.py,112.95551943778992,0
Diffusion-TS,ETTh,256,0,100000,discriminative_score,123,0.2524390243902439,True,4096,a24f236875ae64e90ac2659e91858d641ab1afc1e0a10df901307ea5e750b5bb,4ed8f7f0372fcb3e3a37668fc4281324799e7f0a770fb6511da577966691db3f,/path/to/Diffusion-TS/Utils/discriminative_metric.py,111.94407081604004,1
Diffusion-TS,ETTh,256,0,100000,predictive_score,0,0.11552673303185657,True,4096,a24f236875ae64e90ac2659e91858d641ab1afc1e0a10df901307ea5e750b5bb,4ed8f7f0372fcb3e3a37668fc4281324799e7f0a770fb6511da577966691db3f,/path/to/Diffusion-TS/Utils/predictive_metric.py,244.37068724632263,2
Diffusion-TS,ETTh,256,0,100000,predictive_score,42,0.12490559231218867,True,4096,a24f236875ae64e90ac2659e91858d641ab1afc1e0a10df901307ea5e750b5bb,4ed8f7f0372fcb3e3a37668fc4281324799e7f0a770fb6511da577966691db3f,/path/to/Diffusion-TS/Utils/predictive_metric.py,245.21308398246765,1
Diffusion-TS,ETTh,256,0,100000,predictive_score,123,0.11735194865241283,True,4096,a24f236875ae64e90ac2659e91858d641ab1afc1e0a10df901307ea5e750b5bb,4ed8f7f0372fcb3e3a37668fc4281324799e7f0a770fb6511da577966691db3f,/path/to/Diffusion-TS/Utils/predictive_metric.py,241.86616706848145,0
Diffusion-TS,ETTh,256,0,100001,context_fid,0,2.73869611832369,True,4096,a24f236875ae64e90ac2659e91858d641ab1afc1e0a10df901307ea5e750b5bb,04fbbe6b657a079d996b719f847d6fdad961c94e973b50c9a42b9d2859d2dff8,/path/to/PETS-FFT-Ablation/results/final_unconditional_main_v1/evaluators/ETTh/T256/ts2vec_seed_0.pt,1.3322885036468506,0
Diffusion-TS,ETTh,256,0,100001,context_fid,42,2.69234733675499,True,4096,a24f236875ae64e90ac2659e91858d641ab1afc1e0a10df901307ea5e750b5bb,04fbbe6b657a079d996b719f847d6fdad961c94e973b50c9a42b9d2859d2dff8,/path/to/PETS-FFT-Ablation/results/final_unconditional_main_v1/evaluators/ETTh/T256/ts2vec_seed_42.pt,1.479672908782959,2
Diffusion-TS,ETTh,256,0,100001,context_fid,123,2.416413857199637,True,4096,a24f236875ae64e90ac2659e91858d641ab1afc1e0a10df901307ea5e750b5bb,04fbbe6b657a079d996b719f847d6fdad961c94e973b50c9a42b9d2859d2dff8,/path/to/PETS-FFT-Ablation/results/final_unconditional_main_v1/evaluators/ETTh/T256/ts2vec_seed_123.pt,1.4756317138671875,0
Diffusion-TS,ETTh,256,0,100001,correlation_score,-1,0.16949422657489777,True,4096,a24f236875ae64e90ac2659e91858d641ab1afc1e0a10df901307ea5e750b5bb,04fbbe6b657a079d996b719f847d6fdad961c94e973b50c9a42b9d2859d2dff8,/path/to/Diffusion-TS/Utils/cross_correlation.py,0.16652321815490723,0
Diffusion-TS,ETTh,256,0,100001,discriminative_score,0,0.21463414634146338,True,4096,a24f236875ae64e90ac2659e91858d641ab1afc1e0a10df901307ea5e750b5bb,04fbbe6b657a079d996b719f847d6fdad961c94e973b50c9a42b9d2859d2dff8,/path/to/Diffusion-TS/Utils/discriminative_metric.py,113.00074553489685,2
Diffusion-TS,ETTh,256,0,100001,discriminative_score,42,0.24634146341463414,True,4096,a24f236875ae64e90ac2659e91858d641ab1afc1e0a10df901307ea5e750b5bb,04fbbe6b657a079d996b719f847d6fdad961c94e973b50c9a42b9d2859d2dff8,/path/to/Diffusion-TS/Utils/discriminative_metric.py,112.36011695861816,0
Diffusion-TS,ETTh,256,0,100001,discriminative_score,123,0.2371951219512195,True,4096,a24f236875ae64e90ac2659e91858d641ab1afc1e0a10df901307ea5e750b5bb,04fbbe6b657a079d996b719f847d6fdad961c94e973b50c9a42b9d2859d2dff8,/path/to/Diffusion-TS/Utils/discriminative_metric.py,111.82004117965698,1
Diffusion-TS,ETTh,256,0,100001,predictive_score,0,0.11574008914840306,True,4096,a24f236875ae64e90ac2659e91858d641ab1afc1e0a10df901307ea5e750b5bb,04fbbe6b657a079d996b719f847d6fdad961c94e973b50c9a42b9d2859d2dff8,/path/to/Diffusion-TS/Utils/predictive_metric.py,246.48941659927368,1
Diffusion-TS,ETTh,256,0,100001,predictive_score,42,0.1237919807263097,True,4096,a24f236875ae64e90ac2659e91858d641ab1afc1e0a10df901307ea5e750b5bb,04fbbe6b657a079d996b719f847d6fdad961c94e973b50c9a42b9d2859d2dff8,/path/to/Diffusion-TS/Utils/predictive_metric.py,245.3793225288391,0
Diffusion-TS,ETTh,256,0,100001,predictive_score,123,0.11787278693873304,True,4096,a24f236875ae64e90ac2659e91858d641ab1afc1e0a10df901307ea5e750b5bb,04fbbe6b657a079d996b719f847d6fdad961c94e973b50c9a42b9d2859d2dff8,/path/to/Diffusion-TS/Utils/predictive_metric.py,240.343683719635,2
Diffusion-TS,ETTh,256,0,100002,context_fid,0,2.753307655179268,True,4096,a24f236875ae64e90ac2659e91858d641ab1afc1e0a10df901307ea5e750b5bb,aaa4ef2bb28f5cf6dde6420196dee05f692bb1ae81f08475c1223d71e47f4225,/path/to/PETS-FFT-Ablation/results/final_unconditional_main_v1/evaluators/ETTh/T256/ts2vec_seed_0.pt,1.386749267578125,2
Diffusion-TS,ETTh,256,0,100002,context_fid,42,2.6957616099544213,True,4096,a24f236875ae64e90ac2659e91858d641ab1afc1e0a10df901307ea5e750b5bb,aaa4ef2bb28f5cf6dde6420196dee05f692bb1ae81f08475c1223d71e47f4225,/path/to/PETS-FFT-Ablation/results/final_unconditional_main_v1/evaluators/ETTh/T256/ts2vec_seed_42.pt,1.4229626655578613,2
Diffusion-TS,ETTh,256,0,100002,context_fid,123,2.417986065461583,True,4096,a24f236875ae64e90ac2659e91858d641ab1afc1e0a10df901307ea5e750b5bb,aaa4ef2bb28f5cf6dde6420196dee05f692bb1ae81f08475c1223d71e47f4225,/path/to/PETS-FFT-Ablation/results/final_unconditional_main_v1/evaluators/ETTh/T256/ts2vec_seed_123.pt,1.422485113143921,2
Diffusion-TS,ETTh,256,0,100002,correlation_score,-1,0.1771172285079956,True,4096,a24f236875ae64e90ac2659e91858d641ab1afc1e0a10df901307ea5e750b5bb,aaa4ef2bb28f5cf6dde6420196dee05f692bb1ae81f08475c1223d71e47f4225,/path/to/Diffusion-TS/Utils/cross_correlation.py,0.1767573356628418,2
Diffusion-TS,ETTh,256,0,100002,discriminative_score,0,0.16524390243902443,True,4096,a24f236875ae64e90ac2659e91858d641ab1afc1e0a10df901307ea5e750b5bb,aaa4ef2bb28f5cf6dde6420196dee05f692bb1ae81f08475c1223d71e47f4225,/path/to/Diffusion-TS/Utils/discriminative_metric.py,111.06824445724487,2
Diffusion-TS,ETTh,256,0,100002,discriminative_score,42,0.23414634146341462,True,4096,a24f236875ae64e90ac2659e91858d641ab1afc1e0a10df901307ea5e750b5bb,aaa4ef2bb28f5cf6dde6420196dee05f692bb1ae81f08475c1223d71e47f4225,/path/to/Diffusion-TS/Utils/discriminative_metric.py,112.49774026870728,0
Diffusion-TS,ETTh,256,0,100002,discriminative_score,123,0.23658536585365852,True,4096,a24f236875ae64e90ac2659e91858d641ab1afc1e0a10df901307ea5e750b5bb,aaa4ef2bb28f5cf6dde6420196dee05f692bb1ae81f08475c1223d71e47f4225,/path/to/Diffusion-TS/Utils/discriminative_metric.py,111.90042686462402,1
Diffusion-TS,ETTh,256,0,100002,predictive_score,0,0.115480003360517,True,4096,a24f236875ae64e90ac2659e91858d641ab1afc1e0a10df901307ea5e750b5bb,aaa4ef2bb28f5cf6dde6420196dee05f692bb1ae81f08475c1223d71e47f4225,/path/to/Diffusion-TS/Utils/predictive_metric.py,242.08967757225037,2
Diffusion-TS,ETTh,256,0,100002,predictive_score,42,0.12489207007956793,True,4096,a24f236875ae64e90ac2659e91858d641ab1afc1e0a10df901307ea5e750b5bb,aaa4ef2bb28f5cf6dde6420196dee05f692bb1ae81f08475c1223d71e47f4225,/path/to/Diffusion-TS/Utils/predictive_metric.py,242.09654211997986,0
Diffusion-TS,ETTh,256,0,100002,predictive_score,123,0.11883871381587596,True,4096,a24f236875ae64e90ac2659e91858d641ab1afc1e0a10df901307ea5e750b5bb,aaa4ef2bb28f5cf6dde6420196dee05f692bb1ae81f08475c1223d71e47f4225,/path/to/Diffusion-TS/Utils/predictive_metric.py,245.19894742965698,1
Diffusion-TS,ETTh,256,0,100003,context_fid,0,2.8482554090053624,True,4096,a24f236875ae64e90ac2659e91858d641ab1afc1e0a10df901307ea5e750b5bb,5f72ca081d46c121e5d9485d8580208a800d3c3d7dd7d79a6c8c13847080a281,/path/to/PETS-FFT-Ablation/results/final_unconditional_main_v1/evaluators/ETTh/T256/ts2vec_seed_0.pt,1.3631253242492676,2
Diffusion-TS,ETTh,256,0,100003,context_fid,42,2.7899969293956945,True,4096,a24f236875ae64e90ac2659e91858d641ab1afc1e0a10df901307ea5e750b5bb,5f72ca081d46c121e5d9485d8580208a800d3c3d7dd7d79a6c8c13847080a281,/path/to/PETS-FFT-Ablation/results/final_unconditional_main_v1/evaluators/ETTh/T256/ts2vec_seed_42.pt,1.3946270942687988,2
Diffusion-TS,ETTh,256,0,100003,context_fid,123,2.504718561583833,True,4096,a24f236875ae64e90ac2659e91858d641ab1afc1e0a10df901307ea5e750b5bb,5f72ca081d46c121e5d9485d8580208a800d3c3d7dd7d79a6c8c13847080a281,/path/to/PETS-FFT-Ablation/results/final_unconditional_main_v1/evaluators/ETTh/T256/ts2vec_seed_123.pt,1.461376428604126,0
Diffusion-TS,ETTh,256,0,100003,correlation_score,-1,0.17462289333343506,True,4096,a24f236875ae64e90ac2659e91858d641ab1afc1e0a10df901307ea5e750b5bb,5f72ca081d46c121e5d9485d8580208a800d3c3d7dd7d79a6c8c13847080a281,/path/to/Diffusion-TS/Utils/cross_correlation.py,0.17697715759277344,2
Diffusion-TS,ETTh,256,0,100003,discriminative_score,0,0.16951219512195126,True,4096,a24f236875ae64e90ac2659e91858d641ab1afc1e0a10df901307ea5e750b5bb,5f72ca081d46c121e5d9485d8580208a800d3c3d7dd7d79a6c8c13847080a281,/path/to/Diffusion-TS/Utils/discriminative_metric.py,111.30994892120361,2
Diffusion-TS,ETTh,256,0,100003,discriminative_score,42,0.24878048780487805,True,4096,a24f236875ae64e90ac2659e91858d641ab1afc1e0a10df901307ea5e750b5bb,5f72ca081d46c121e5d9485d8580208a800d3c3d7dd7d79a6c8c13847080a281,/path/to/Diffusion-TS/Utils/discriminative_metric.py,111.92602205276489,0
Diffusion-TS,ETTh,256,0,100003,discriminative_score,123,0.2597560975609756,True,4096,a24f236875ae64e90ac2659e91858d641ab1afc1e0a10df901307ea5e750b5bb,5f72ca081d46c121e5d9485d8580208a800d3c3d7dd7d79a6c8c13847080a281,/path/to/Diffusion-TS/Utils/discriminative_metric.py,111.49391508102417,1
Diffusion-TS,ETTh,256,0,100003,predictive_score,0,0.11651819652252016,True,4096,a24f236875ae64e90ac2659e91858d641ab1afc1e0a10df901307ea5e750b5bb,5f72ca081d46c121e5d9485d8580208a800d3c3d7dd7d79a6c8c13847080a281,/path/to/Diffusion-TS/Utils/predictive_metric.py,243.92999243736267,2
Diffusion-TS,ETTh,256,0,100003,predictive_score,42,0.12503435139660724,True,4096,a24f236875ae64e90ac2659e91858d641ab1afc1e0a10df901307ea5e750b5bb,5f72ca081d46c121e5d9485d8580208a800d3c3d7dd7d79a6c8c13847080a281,/path/to/Diffusion-TS/Utils/predictive_metric.py,241.92041015625,0
Diffusion-TS,ETTh,256,0,100003,predictive_score,123,0.11735152844448749,True,4096,a24f236875ae64e90ac2659e91858d641ab1afc1e0a10df901307ea5e750b5bb,5f72ca081d46c121e5d9485d8580208a800d3c3d7dd7d79a6c8c13847080a281,/path/to/Diffusion-TS/Utils/predictive_metric.py,239.78069043159485,1
Diffusion-TS,ETTh,256,0,100004,context_fid,0,2.784609045570753,True,4096,a24f236875ae64e90ac2659e91858d641ab1afc1e0a10df901307ea5e750b5bb,f93f9b271e61ecb48cb247ecdbb743d9e5984cbf20c152f9c22140159dcef709,/path/to/PETS-FFT-Ablation/results/final_unconditional_main_v1/evaluators/ETTh/T256/ts2vec_seed_0.pt,1.327540636062622,1
Diffusion-TS,ETTh,256,0,100004,context_fid,42,2.7208346933969634,True,4096,a24f236875ae64e90ac2659e91858d641ab1afc1e0a10df901307ea5e750b5bb,f93f9b271e61ecb48cb247ecdbb743d9e5984cbf20c152f9c22140159dcef709,/path/to/PETS-FFT-Ablation/results/final_unconditional_main_v1/evaluators/ETTh/T256/ts2vec_seed_42.pt,1.4127132892608643,0
Diffusion-TS,ETTh,256,0,100004,context_fid,123,2.443791675359949,True,4096,a24f236875ae64e90ac2659e91858d641ab1afc1e0a10df901307ea5e750b5bb,f93f9b271e61ecb48cb247ecdbb743d9e5984cbf20c152f9c22140159dcef709,/path/to/PETS-FFT-Ablation/results/final_unconditional_main_v1/evaluators/ETTh/T256/ts2vec_seed_123.pt,1.5708825588226318,1
Diffusion-TS,ETTh,256,0,100004,correlation_score,-1,0.17440000176429749,True,4096,a24f236875ae64e90ac2659e91858d641ab1afc1e0a10df901307ea5e750b5bb,f93f9b271e61ecb48cb247ecdbb743d9e5984cbf20c152f9c22140159dcef709,/path/to/Diffusion-TS/Utils/cross_correlation.py,0.1595325469970703,1
Diffusion-TS,ETTh,256,0,100004,discriminative_score,0,0.18048780487804883,True,4096,a24f236875ae64e90ac2659e91858d641ab1afc1e0a10df901307ea5e750b5bb,f93f9b271e61ecb48cb247ecdbb743d9e5984cbf20c152f9c22140159dcef709,/path/to/Diffusion-TS/Utils/discriminative_metric.py,112.44074010848999,2
Diffusion-TS,ETTh,256,0,100004,discriminative_score,42,0.2420731707317073,True,4096,a24f236875ae64e90ac2659e91858d641ab1afc1e0a10df901307ea5e750b5bb,f93f9b271e61ecb48cb247ecdbb743d9e5984cbf20c152f9c22140159dcef709,/path/to/Diffusion-TS/Utils/discriminative_metric.py,113.176997423172,0
Diffusion-TS,ETTh,256,0,100004,discriminative_score,123,0.2524390243902439,True,4096,a24f236875ae64e90ac2659e91858d641ab1afc1e0a10df901307ea5e750b5bb,f93f9b271e61ecb48cb247ecdbb743d9e5984cbf20c152f9c22140159dcef709,/path/to/Diffusion-TS/Utils/discriminative_metric.py,111.87810730934143,1
Diffusion-TS,ETTh,256,0,100004,predictive_score,0,0.115836296287398,True,4096,a24f236875ae64e90ac2659e91858d641ab1afc1e0a10df901307ea5e750b5bb,f93f9b271e61ecb48cb247ecdbb743d9e5984cbf20c152f9c22140159dcef709,/path/to/Diffusion-TS/Utils/predictive_metric.py,246.25960040092468,2
Diffusion-TS,ETTh,256,0,100004,predictive_score,42,0.1239561851639337,True,4096,a24f236875ae64e90ac2659e91858d641ab1afc1e0a10df901307ea5e750b5bb,f93f9b271e61ecb48cb247ecdbb743d9e5984cbf20c152f9c22140159dcef709,/path/to/Diffusion-TS/Utils/predictive_metric.py,246.67452454566956,1
Diffusion-TS,ETTh,256,0,100004,predictive_score,123,0.11620855233104521,True,4096,a24f236875ae64e90ac2659e91858d641ab1afc1e0a10df901307ea5e750b5bb,f93f9b271e61ecb48cb247ecdbb743d9e5984cbf20c152f9c22140159dcef709,/path/to/Diffusion-TS/Utils/predictive_metric.py,242.91497349739075,0
Diffusion-TS,ETTh,256,42,100000,context_fid,0,0.8156839097142976,True,4096,a24f236875ae64e90ac2659e91858d641ab1afc1e0a10df901307ea5e750b5bb,1eb084835c1397a9db577571b7589e948657ab08f796d66796f25742f7a59a6e,/path/to/PETS-FFT-Ablation/results/final_unconditional_main_v1/evaluators/ETTh/T256/ts2vec_seed_0.pt,1.5549418926239014,0
Diffusion-TS,ETTh,256,42,100000,context_fid,42,0.8624589000212316,True,4096,a24f236875ae64e90ac2659e91858d641ab1afc1e0a10df901307ea5e750b5bb,1eb084835c1397a9db577571b7589e948657ab08f796d66796f25742f7a59a6e,/path/to/PETS-FFT-Ablation/results/final_unconditional_main_v1/evaluators/ETTh/T256/ts2vec_seed_42.pt,1.4610042572021484,0
Diffusion-TS,ETTh,256,42,100000,context_fid,123,0.7644899297956321,True,4096,a24f236875ae64e90ac2659e91858d641ab1afc1e0a10df901307ea5e750b5bb,1eb084835c1397a9db577571b7589e948657ab08f796d66796f25742f7a59a6e,/path/to/PETS-FFT-Ablation/results/final_unconditional_main_v1/evaluators/ETTh/T256/ts2vec_seed_123.pt,1.5889811515808105,2
Diffusion-TS,ETTh,256,42,100000,correlation_score,-1,0.12482640892267227,True,4096,a24f236875ae64e90ac2659e91858d641ab1afc1e0a10df901307ea5e750b5bb,1eb084835c1397a9db577571b7589e948657ab08f796d66796f25742f7a59a6e,/path/to/Diffusion-TS/Utils/cross_correlation.py,0.16493797302246094,0
Diffusion-TS,ETTh,256,42,100000,discriminative_score,0,0.15975609756097564,True,4096,a24f236875ae64e90ac2659e91858d641ab1afc1e0a10df901307ea5e750b5bb,1eb084835c1397a9db577571b7589e948657ab08f796d66796f25742f7a59a6e,/path/to/Diffusion-TS/Utils/discriminative_metric.py,112.08308696746826,0
Diffusion-TS,ETTh,256,42,100000,discriminative_score,42,0.16219512195121955,True,4096,a24f236875ae64e90ac2659e91858d641ab1afc1e0a10df901307ea5e750b5bb,1eb084835c1397a9db577571b7589e948657ab08f796d66796f25742f7a59a6e,/path/to/Diffusion-TS/Utils/discriminative_metric.py,112.93695831298828,1
Diffusion-TS,ETTh,256,42,100000,discriminative_score,123,0.14451219512195124,True,4096,a24f236875ae64e90ac2659e91858d641ab1afc1e0a10df901307ea5e750b5bb,1eb084835c1397a9db577571b7589e948657ab08f796d66796f25742f7a59a6e,/path/to/Diffusion-TS/Utils/discriminative_metric.py,112.16987609863281,2
Diffusion-TS,ETTh,256,42,100000,predictive_score,0,0.10948277377701743,True,4096,a24f236875ae64e90ac2659e91858d641ab1afc1e0a10df901307ea5e750b5bb,1eb084835c1397a9db577571b7589e948657ab08f796d66796f25742f7a59a6e,/path/to/Diffusion-TS/Utils/predictive_metric.py,240.9014232158661,0
Diffusion-TS,ETTh,256,42,100000,predictive_score,42,0.12101314905066829,True,4096,a24f236875ae64e90ac2659e91858d641ab1afc1e0a10df901307ea5e750b5bb,1eb084835c1397a9db577571b7589e948657ab08f796d66796f25742f7a59a6e,/path/to/Diffusion-TS/Utils/predictive_metric.py,246.75841784477234,2
Diffusion-TS,ETTh,256,42,100000,predictive_score,123,0.11439797363254911,True,4096,a24f236875ae64e90ac2659e91858d641ab1afc1e0a10df901307ea5e750b5bb,1eb084835c1397a9db577571b7589e948657ab08f796d66796f25742f7a59a6e,/path/to/Diffusion-TS/Utils/predictive_metric.py,243.7428765296936,1
Diffusion-TS,ETTh,256,42,100001,context_fid,0,0.8073302146357864,True,4096,a24f236875ae64e90ac2659e91858d641ab1afc1e0a10df901307ea5e750b5bb,92c1ad14bfde71a37509ed7bcdcf8ffbc9fe2dbe226e5294266a07c3842687a0,/path/to/PETS-FFT-Ablation/results/final_unconditional_main_v1/evaluators/ETTh/T256/ts2vec_seed_0.pt,1.4478564262390137,0
Diffusion-TS,ETTh,256,42,100001,context_fid,42,0.852210378327027,True,4096,a24f236875ae64e90ac2659e91858d641ab1afc1e0a10df901307ea5e750b5bb,92c1ad14bfde71a37509ed7bcdcf8ffbc9fe2dbe226e5294266a07c3842687a0,/path/to/PETS-FFT-Ablation/results/final_unconditional_main_v1/evaluators/ETTh/T256/ts2vec_seed_42.pt,1.360111951828003,0
Diffusion-TS,ETTh,256,42,100001,context_fid,123,0.7598511808597277,True,4096,a24f236875ae64e90ac2659e91858d641ab1afc1e0a10df901307ea5e750b5bb,92c1ad14bfde71a37509ed7bcdcf8ffbc9fe2dbe226e5294266a07c3842687a0,/path/to/PETS-FFT-Ablation/results/final_unconditional_main_v1/evaluators/ETTh/T256/ts2vec_seed_123.pt,1.4633448123931885,0
Diffusion-TS,ETTh,256,42,100001,correlation_score,-1,0.12322281301021576,True,4096,a24f236875ae64e90ac2659e91858d641ab1afc1e0a10df901307ea5e750b5bb,92c1ad14bfde71a37509ed7bcdcf8ffbc9fe2dbe226e5294266a07c3842687a0,/path/to/Diffusion-TS/Utils/cross_correlation.py,0.16395330429077148,0
Diffusion-TS,ETTh,256,42,100001,discriminative_score,0,0.1585365853658537,True,4096,a24f236875ae64e90ac2659e91858d641ab1afc1e0a10df901307ea5e750b5bb,92c1ad14bfde71a37509ed7bcdcf8ffbc9fe2dbe226e5294266a07c3842687a0,/path/to/Diffusion-TS/Utils/discriminative_metric.py,111.5828013420105,1
Diffusion-TS,ETTh,256,42,100001,discriminative_score,42,0.13719512195121952,True,4096,a24f236875ae64e90ac2659e91858d641ab1afc1e0a10df901307ea5e750b5bb,92c1ad14bfde71a37509ed7bcdcf8ffbc9fe2dbe226e5294266a07c3842687a0,/path/to/Diffusion-TS/Utils/discriminative_metric.py,111.59612941741943,0
Diffusion-TS,ETTh,256,42,100001,discriminative_score,123,0.15609756097560978,True,4096,a24f236875ae64e90ac2659e91858d641ab1afc1e0a10df901307ea5e750b5bb,92c1ad14bfde71a37509ed7bcdcf8ffbc9fe2dbe226e5294266a07c3842687a0,/path/to/Diffusion-TS/Utils/discriminative_metric.py,111.3388295173645,2
Diffusion-TS,ETTh,256,42,100001,predictive_score,0,0.10846869962506389,True,4096,a24f236875ae64e90ac2659e91858d641ab1afc1e0a10df901307ea5e750b5bb,92c1ad14bfde71a37509ed7bcdcf8ffbc9fe2dbe226e5294266a07c3842687a0,/path/to/Diffusion-TS/Utils/predictive_metric.py,246.250830411911,1
Diffusion-TS,ETTh,256,42,100001,predictive_score,42,0.11955424665120518,True,4096,a24f236875ae64e90ac2659e91858d641ab1afc1e0a10df901307ea5e750b5bb,92c1ad14bfde71a37509ed7bcdcf8ffbc9fe2dbe226e5294266a07c3842687a0,/path/to/Diffusion-TS/Utils/predictive_metric.py,250.14911699295044,0
Diffusion-TS,ETTh,256,42,100001,predictive_score,123,0.1199270042588978,True,4096,a24f236875ae64e90ac2659e91858d641ab1afc1e0a10df901307ea5e750b5bb,92c1ad14bfde71a37509ed7bcdcf8ffbc9fe2dbe226e5294266a07c3842687a0,/path/to/Diffusion-TS/Utils/predictive_metric.py,245.96451568603516,2
Diffusion-TS,ETTh,256,42,100002,context_fid,0,0.8648624341463494,True,4096,a24f236875ae64e90ac2659e91858d641ab1afc1e0a10df901307ea5e750b5bb,a885f945bd0ef745ace1cb77bd1118f5d683215dd9bc9dc3f02318d02e8788cb,/path/to/PETS-FFT-Ablation/results/final_unconditional_main_v1/evaluators/ETTh/T256/ts2vec_seed_0.pt,1.481459379196167,1
Diffusion-TS,ETTh,256,42,100002,context_fid,42,0.913618463307273,True,4096,a24f236875ae64e90ac2659e91858d641ab1afc1e0a10df901307ea5e750b5bb,a885f945bd0ef745ace1cb77bd1118f5d683215dd9bc9dc3f02318d02e8788cb,/path/to/PETS-FFT-Ablation/results/final_unconditional_main_v1/evaluators/ETTh/T256/ts2vec_seed_42.pt,1.566371202468872,1
Diffusion-TS,ETTh,256,42,100002,context_fid,123,0.8200118935866773,True,4096,a24f236875ae64e90ac2659e91858d641ab1afc1e0a10df901307ea5e750b5bb,a885f945bd0ef745ace1cb77bd1118f5d683215dd9bc9dc3f02318d02e8788cb,/path/to/PETS-FFT-Ablation/results/final_unconditional_main_v1/evaluators/ETTh/T256/ts2vec_seed_123.pt,1.4321322441101074,2
Diffusion-TS,ETTh,256,42,100002,correlation_score,-1,0.13605287671089172,True,4096,a24f236875ae64e90ac2659e91858d641ab1afc1e0a10df901307ea5e750b5bb,a885f945bd0ef745ace1cb77bd1118f5d683215dd9bc9dc3f02318d02e8788cb,/path/to/Diffusion-TS/Utils/cross_correlation.py,0.17677044868469238,1
Diffusion-TS,ETTh,256,42,100002,discriminative_score,0,0.15914634146341466,True,4096,a24f236875ae64e90ac2659e91858d641ab1afc1e0a10df901307ea5e750b5bb,a885f945bd0ef745ace1cb77bd1118f5d683215dd9bc9dc3f02318d02e8788cb,/path/to/Diffusion-TS/Utils/discriminative_metric.py,111.94238066673279,1
Diffusion-TS,ETTh,256,42,100002,discriminative_score,42,0.14756097560975612,True,4096,a24f236875ae64e90ac2659e91858d641ab1afc1e0a10df901307ea5e750b5bb,a885f945bd0ef745ace1cb77bd1118f5d683215dd9bc9dc3f02318d02e8788cb,/path/to/Diffusion-TS/Utils/discriminative_metric.py,113.17044520378113,2
Diffusion-TS,ETTh,256,42,100002,discriminative_score,123,0.15121951219512197,True,4096,a24f236875ae64e90ac2659e91858d641ab1afc1e0a10df901307ea5e750b5bb,a885f945bd0ef745ace1cb77bd1118f5d683215dd9bc9dc3f02318d02e8788cb,/path/to/Diffusion-TS/Utils/discriminative_metric.py,112.67967009544373,0
Diffusion-TS,ETTh,256,42,100002,predictive_score,0,0.10851746531170647,True,4096,a24f236875ae64e90ac2659e91858d641ab1afc1e0a10df901307ea5e750b5bb,a885f945bd0ef745ace1cb77bd1118f5d683215dd9bc9dc3f02318d02e8788cb,/path/to/Diffusion-TS/Utils/predictive_metric.py,246.26641154289246,1
Diffusion-TS,ETTh,256,42,100002,predictive_score,42,0.12288123128519146,True,4096,a24f236875ae64e90ac2659e91858d641ab1afc1e0a10df901307ea5e750b5bb,a885f945bd0ef745ace1cb77bd1118f5d683215dd9bc9dc3f02318d02e8788cb,/path/to/Diffusion-TS/Utils/predictive_metric.py,246.25485801696777,2
Diffusion-TS,ETTh,256,42,100002,predictive_score,123,0.11706445815343614,True,4096,a24f236875ae64e90ac2659e91858d641ab1afc1e0a10df901307ea5e750b5bb,a885f945bd0ef745ace1cb77bd1118f5d683215dd9bc9dc3f02318d02e8788cb,/path/to/Diffusion-TS/Utils/predictive_metric.py,246.21960735321045,0
Diffusion-TS,ETTh,256,42,100003,context_fid,0,0.8156119966869657,True,4096,a24f236875ae64e90ac2659e91858d641ab1afc1e0a10df901307ea5e750b5bb,af5cec60423d77ae9bb013aa9d466cb5f08c2400614a198c46561203b17184e0,/path/to/PETS-FFT-Ablation/results/final_unconditional_main_v1/evaluators/ETTh/T256/ts2vec_seed_0.pt,1.46148681640625,1
Diffusion-TS,ETTh,256,42,100003,context_fid,42,0.860996403825111,True,4096,a24f236875ae64e90ac2659e91858d641ab1afc1e0a10df901307ea5e750b5bb,af5cec60423d77ae9bb013aa9d466cb5f08c2400614a198c46561203b17184e0,/path/to/PETS-FFT-Ablation/results/final_unconditional_main_v1/evaluators/ETTh/T256/ts2vec_seed_42.pt,1.3450188636779785,2
Diffusion-TS,ETTh,256,42,100003,context_fid,123,0.7699592525951103,True,4096,a24f236875ae64e90ac2659e91858d641ab1afc1e0a10df901307ea5e750b5bb,af5cec60423d77ae9bb013aa9d466cb5f08c2400614a198c46561203b17184e0,/path/to/PETS-FFT-Ablation/results/final_unconditional_main_v1/evaluators/ETTh/T256/ts2vec_seed_123.pt,1.3593940734863281,1
Diffusion-TS,ETTh,256,42,100003,correlation_score,-1,0.1277564913034439,True,4096,a24f236875ae64e90ac2659e91858d641ab1afc1e0a10df901307ea5e750b5bb,af5cec60423d77ae9bb013aa9d466cb5f08c2400614a198c46561203b17184e0,/path/to/Diffusion-TS/Utils/cross_correlation.py,0.17670369148254395,1
Diffusion-TS,ETTh,256,42,100003,discriminative_score,0,0.09999999999999998,True,4096,a24f236875ae64e90ac2659e91858d641ab1afc1e0a10df901307ea5e750b5bb,af5cec60423d77ae9bb013aa9d466cb5f08c2400614a198c46561203b17184e0,/path/to/Diffusion-TS/Utils/discriminative_metric.py,112.1212546825409,0
Diffusion-TS,ETTh,256,42,100003,discriminative_score,42,0.13414634146341464,True,4096,a24f236875ae64e90ac2659e91858d641ab1afc1e0a10df901307ea5e750b5bb,af5cec60423d77ae9bb013aa9d466cb5f08c2400614a198c46561203b17184e0,/path/to/Diffusion-TS/Utils/discriminative_metric.py,111.77792644500732,2
Diffusion-TS,ETTh,256,42,100003,discriminative_score,123,0.15670731707317076,True,4096,a24f236875ae64e90ac2659e91858d641ab1afc1e0a10df901307ea5e750b5bb,af5cec60423d77ae9bb013aa9d466cb5f08c2400614a198c46561203b17184e0,/path/to/Diffusion-TS/Utils/discriminative_metric.py,111.9772527217865,1
Diffusion-TS,ETTh,256,42,100003,predictive_score,0,0.10847874349929043,True,4096,a24f236875ae64e90ac2659e91858d641ab1afc1e0a10df901307ea5e750b5bb,af5cec60423d77ae9bb013aa9d466cb5f08c2400614a198c46561203b17184e0,/path/to/Diffusion-TS/Utils/predictive_metric.py,243.67447566986084,0
Diffusion-TS,ETTh,256,42,100003,predictive_score,42,0.12034117031862479,True,4096,a24f236875ae64e90ac2659e91858d641ab1afc1e0a10df901307ea5e750b5bb,af5cec60423d77ae9bb013aa9d466cb5f08c2400614a198c46561203b17184e0,/path/to/Diffusion-TS/Utils/predictive_metric.py,244.87560772895813,2
Diffusion-TS,ETTh,256,42,100003,predictive_score,123,0.11564777897820022,True,4096,a24f236875ae64e90ac2659e91858d641ab1afc1e0a10df901307ea5e750b5bb,af5cec60423d77ae9bb013aa9d466cb5f08c2400614a198c46561203b17184e0,/path/to/Diffusion-TS/Utils/predictive_metric.py,249.6232509613037,1
Diffusion-TS,ETTh,256,42,100004,context_fid,0,0.8172453075362749,True,4096,a24f236875ae64e90ac2659e91858d641ab1afc1e0a10df901307ea5e750b5bb,61fe4d42858ce2c5e8ec1d8d8cee205045e85a65887770a31b78c7094b1db423,/path/to/PETS-FFT-Ablation/results/final_unconditional_main_v1/evaluators/ETTh/T256/ts2vec_seed_0.pt,1.3592610359191895,0
Diffusion-TS,ETTh,256,42,100004,context_fid,42,0.8709484005827051,True,4096,a24f236875ae64e90ac2659e91858d641ab1afc1e0a10df901307ea5e750b5bb,61fe4d42858ce2c5e8ec1d8d8cee205045e85a65887770a31b78c7094b1db423,/path/to/PETS-FFT-Ablation/results/final_unconditional_main_v1/evaluators/ETTh/T256/ts2vec_seed_42.pt,1.3782734870910645,0
Diffusion-TS,ETTh,256,42,100004,context_fid,123,0.7713939618232919,True,4096,a24f236875ae64e90ac2659e91858d641ab1afc1e0a10df901307ea5e750b5bb,61fe4d42858ce2c5e8ec1d8d8cee205045e85a65887770a31b78c7094b1db423,/path/to/PETS-FFT-Ablation/results/final_unconditional_main_v1/evaluators/ETTh/T256/ts2vec_seed_123.pt,1.4251811504364014,2
Diffusion-TS,ETTh,256,42,100004,correlation_score,-1,0.12447531521320343,True,4096,a24f236875ae64e90ac2659e91858d641ab1afc1e0a10df901307ea5e750b5bb,61fe4d42858ce2c5e8ec1d8d8cee205045e85a65887770a31b78c7094b1db423,/path/to/Diffusion-TS/Utils/cross_correlation.py,0.175370454788208,0
Diffusion-TS,ETTh,256,42,100004,discriminative_score,0,0.13902439024390245,True,4096,a24f236875ae64e90ac2659e91858d641ab1afc1e0a10df901307ea5e750b5bb,61fe4d42858ce2c5e8ec1d8d8cee205045e85a65887770a31b78c7094b1db423,/path/to/Diffusion-TS/Utils/discriminative_metric.py,112.45395708084106,0
Diffusion-TS,ETTh,256,42,100004,discriminative_score,42,0.13963414634146343,True,4096,a24f236875ae64e90ac2659e91858d641ab1afc1e0a10df901307ea5e750b5bb,61fe4d42858ce2c5e8ec1d8d8cee205045e85a65887770a31b78c7094b1db423,/path/to/Diffusion-TS/Utils/discriminative_metric.py,111.85268306732178,2
Diffusion-TS,ETTh,256,42,100004,discriminative_score,123,0.15121951219512197,True,4096,a24f236875ae64e90ac2659e91858d641ab1afc1e0a10df901307ea5e750b5bb,61fe4d42858ce2c5e8ec1d8d8cee205045e85a65887770a31b78c7094b1db423,/path/to/Diffusion-TS/Utils/discriminative_metric.py,112.3081476688385,1
Diffusion-TS,ETTh,256,42,100004,predictive_score,0,0.10823446139011139,True,4096,a24f236875ae64e90ac2659e91858d641ab1afc1e0a10df901307ea5e750b5bb,61fe4d42858ce2c5e8ec1d8d8cee205045e85a65887770a31b78c7094b1db423,/path/to/Diffusion-TS/Utils/predictive_metric.py,246.58458304405212,2
Diffusion-TS,ETTh,256,42,100004,predictive_score,42,0.12136285555743598,True,4096,a24f236875ae64e90ac2659e91858d641ab1afc1e0a10df901307ea5e750b5bb,61fe4d42858ce2c5e8ec1d8d8cee205045e85a65887770a31b78c7094b1db423,/path/to/Diffusion-TS/Utils/predictive_metric.py,242.46877121925354,0
Diffusion-TS,ETTh,256,42,100004,predictive_score,123,0.1351891302324475,True,4096,a24f236875ae64e90ac2659e91858d641ab1afc1e0a10df901307ea5e750b5bb,61fe4d42858ce2c5e8ec1d8d8cee205045e85a65887770a31b78c7094b1db423,/path/to/Diffusion-TS/Utils/predictive_metric.py,243.2980179786682,1
Diffusion-TS,ETTh,256,123,100000,context_fid,0,2.819154299660657,True,4096,a24f236875ae64e90ac2659e91858d641ab1afc1e0a10df901307ea5e750b5bb,03b8b54dc1d901a5557568f6da81d462ac49a8d2219c973401eb4459bf083f5d,/path/to/PETS-FFT-Ablation/results/final_unconditional_main_v1/evaluators/ETTh/T256/ts2vec_seed_0.pt,1.3922057151794434,0
Diffusion-TS,ETTh,256,123,100000,context_fid,42,2.7108628401796224,True,4096,a24f236875ae64e90ac2659e91858d641ab1afc1e0a10df901307ea5e750b5bb,03b8b54dc1d901a5557568f6da81d462ac49a8d2219c973401eb4459bf083f5d,/path/to/PETS-FFT-Ablation/results/final_unconditional_main_v1/evaluators/ETTh/T256/ts2vec_seed_42.pt,1.4319498538970947,0
Diffusion-TS,ETTh,256,123,100000,context_fid,123,2.4565810639534256,True,4096,a24f236875ae64e90ac2659e91858d641ab1afc1e0a10df901307ea5e750b5bb,03b8b54dc1d901a5557568f6da81d462ac49a8d2219c973401eb4459bf083f5d,/path/to/PETS-FFT-Ablation/results/final_unconditional_main_v1/evaluators/ETTh/T256/ts2vec_seed_123.pt,1.541743516921997,0
Diffusion-TS,ETTh,256,123,100000,correlation_score,-1,0.1464516669511795,True,4096,a24f236875ae64e90ac2659e91858d641ab1afc1e0a10df901307ea5e750b5bb,03b8b54dc1d901a5557568f6da81d462ac49a8d2219c973401eb4459bf083f5d,/path/to/Diffusion-TS/Utils/cross_correlation.py,0.16593408584594727,0
Diffusion-TS,ETTh,256,123,100000,discriminative_score,0,0.2579268292682927,True,4096,a24f236875ae64e90ac2659e91858d641ab1afc1e0a10df901307ea5e750b5bb,03b8b54dc1d901a5557568f6da81d462ac49a8d2219c973401eb4459bf083f5d,/path/to/Diffusion-TS/Utils/discriminative_metric.py,113.13710403442383,2
Diffusion-TS,ETTh,256,123,100000,discriminative_score,42,0.23048780487804876,True,4096,a24f236875ae64e90ac2659e91858d641ab1afc1e0a10df901307ea5e750b5bb,03b8b54dc1d901a5557568f6da81d462ac49a8d2219c973401eb4459bf083f5d,/path/to/Diffusion-TS/Utils/discriminative_metric.py,113.69411492347717,0
Diffusion-TS,ETTh,256,123,100000,discriminative_score,123,0.2347560975609756,True,4096,a24f236875ae64e90ac2659e91858d641ab1afc1e0a10df901307ea5e750b5bb,03b8b54dc1d901a5557568f6da81d462ac49a8d2219c973401eb4459bf083f5d,/path/to/Diffusion-TS/Utils/discriminative_metric.py,113.52211046218872,1
Diffusion-TS,ETTh,256,123,100000,predictive_score,0,0.11697609286511579,True,4096,a24f236875ae64e90ac2659e91858d641ab1afc1e0a10df901307ea5e750b5bb,03b8b54dc1d901a5557568f6da81d462ac49a8d2219c973401eb4459bf083f5d,/path/to/Diffusion-TS/Utils/predictive_metric.py,241.00688576698303,2
Diffusion-TS,ETTh,256,123,100000,predictive_score,42,0.12464272126862852,True,4096,a24f236875ae64e90ac2659e91858d641ab1afc1e0a10df901307ea5e750b5bb,03b8b54dc1d901a5557568f6da81d462ac49a8d2219c973401eb4459bf083f5d,/path/to/Diffusion-TS/Utils/predictive_metric.py,244.47080731391907,1
Diffusion-TS,ETTh,256,123,100000,predictive_score,123,0.10738374692118668,True,4096,a24f236875ae64e90ac2659e91858d641ab1afc1e0a10df901307ea5e750b5bb,03b8b54dc1d901a5557568f6da81d462ac49a8d2219c973401eb4459bf083f5d,/path/to/Diffusion-TS/Utils/predictive_metric.py,245.0441164970398,0
Diffusion-TS,ETTh,256,123,100001,context_fid,0,2.8524332929496254,True,4096,a24f236875ae64e90ac2659e91858d641ab1afc1e0a10df901307ea5e750b5bb,e352da5ec0b3338bebdf162247f333fac3856c676e5bf2130fa0239d7cb2ad6b,/path/to/PETS-FFT-Ablation/results/final_unconditional_main_v1/evaluators/ETTh/T256/ts2vec_seed_0.pt,1.5077719688415527,2
Diffusion-TS,ETTh,256,123,100001,context_fid,42,2.7457841320692964,True,4096,a24f236875ae64e90ac2659e91858d641ab1afc1e0a10df901307ea5e750b5bb,e352da5ec0b3338bebdf162247f333fac3856c676e5bf2130fa0239d7cb2ad6b,/path/to/PETS-FFT-Ablation/results/final_unconditional_main_v1/evaluators/ETTh/T256/ts2vec_seed_42.pt,1.4699687957763672,2
Diffusion-TS,ETTh,256,123,100001,context_fid,123,2.4911909001417083,True,4096,a24f236875ae64e90ac2659e91858d641ab1afc1e0a10df901307ea5e750b5bb,e352da5ec0b3338bebdf162247f333fac3856c676e5bf2130fa0239d7cb2ad6b,/path/to/PETS-FFT-Ablation/results/final_unconditional_main_v1/evaluators/ETTh/T256/ts2vec_seed_123.pt,1.4321098327636719,2
Diffusion-TS,ETTh,256,123,100001,correlation_score,-1,0.14005737006664276,True,4096,a24f236875ae64e90ac2659e91858d641ab1afc1e0a10df901307ea5e750b5bb,e352da5ec0b3338bebdf162247f333fac3856c676e5bf2130fa0239d7cb2ad6b,/path/to/Diffusion-TS/Utils/cross_correlation.py,0.1655738353729248,2
Diffusion-TS,ETTh,256,123,100001,discriminative_score,0,0.24695121951219512,True,4096,a24f236875ae64e90ac2659e91858d641ab1afc1e0a10df901307ea5e750b5bb,e352da5ec0b3338bebdf162247f333fac3856c676e5bf2130fa0239d7cb2ad6b,/path/to/Diffusion-TS/Utils/discriminative_metric.py,113.16123247146606,1
Diffusion-TS,ETTh,256,123,100001,discriminative_score,42,0.2628048780487805,True,4096,a24f236875ae64e90ac2659e91858d641ab1afc1e0a10df901307ea5e750b5bb,e352da5ec0b3338bebdf162247f333fac3856c676e5bf2130fa0239d7cb2ad6b,/path/to/Diffusion-TS/Utils/discriminative_metric.py,112.92974781990051,2
Diffusion-TS,ETTh,256,123,100001,discriminative_score,123,0.24573170731707317,True,4096,a24f236875ae64e90ac2659e91858d641ab1afc1e0a10df901307ea5e750b5bb,e352da5ec0b3338bebdf162247f333fac3856c676e5bf2130fa0239d7cb2ad6b,/path/to/Diffusion-TS/Utils/discriminative_metric.py,112.77869725227356,0
Diffusion-TS,ETTh,256,123,100001,predictive_score,0,0.11705891976180283,True,4096,a24f236875ae64e90ac2659e91858d641ab1afc1e0a10df901307ea5e750b5bb,e352da5ec0b3338bebdf162247f333fac3856c676e5bf2130fa0239d7cb2ad6b,/path/to/Diffusion-TS/Utils/predictive_metric.py,245.32311248779297,2
Diffusion-TS,ETTh,256,123,100001,predictive_score,42,0.12466414913023982,True,4096,a24f236875ae64e90ac2659e91858d641ab1afc1e0a10df901307ea5e750b5bb,e352da5ec0b3338bebdf162247f333fac3856c676e5bf2130fa0239d7cb2ad6b,/path/to/Diffusion-TS/Utils/predictive_metric.py,243.6210582256317,1
Diffusion-TS,ETTh,256,123,100001,predictive_score,123,0.10806630037041032,True,4096,a24f236875ae64e90ac2659e91858d641ab1afc1e0a10df901307ea5e750b5bb,e352da5ec0b3338bebdf162247f333fac3856c676e5bf2130fa0239d7cb2ad6b,/path/to/Diffusion-TS/Utils/predictive_metric.py,246.49002718925476,0
Diffusion-TS,ETTh,256,123,100002,context_fid,0,2.871273799176046,True,4096,a24f236875ae64e90ac2659e91858d641ab1afc1e0a10df901307ea5e750b5bb,0daedec9d3d595c2d177edeac1102afe1be5857fe9efbb2c0b572fc1a20ec34c,/path/to/PETS-FFT-Ablation/results/final_unconditional_main_v1/evaluators/ETTh/T256/ts2vec_seed_0.pt,1.4510853290557861,1
Diffusion-TS,ETTh,256,123,100002,context_fid,42,2.7591349142241723,True,4096,a24f236875ae64e90ac2659e91858d641ab1afc1e0a10df901307ea5e750b5bb,0daedec9d3d595c2d177edeac1102afe1be5857fe9efbb2c0b572fc1a20ec34c,/path/to/PETS-FFT-Ablation/results/final_unconditional_main_v1/evaluators/ETTh/T256/ts2vec_seed_42.pt,1.407735824584961,2
Diffusion-TS,ETTh,256,123,100002,context_fid,123,2.5097958087519685,True,4096,a24f236875ae64e90ac2659e91858d641ab1afc1e0a10df901307ea5e750b5bb,0daedec9d3d595c2d177edeac1102afe1be5857fe9efbb2c0b572fc1a20ec34c,/path/to/PETS-FFT-Ablation/results/final_unconditional_main_v1/evaluators/ETTh/T256/ts2vec_seed_123.pt,1.446643352508545,1
Diffusion-TS,ETTh,256,123,100002,correlation_score,-1,0.14572525024414062,True,4096,a24f236875ae64e90ac2659e91858d641ab1afc1e0a10df901307ea5e750b5bb,0daedec9d3d595c2d177edeac1102afe1be5857fe9efbb2c0b572fc1a20ec34c,/path/to/Diffusion-TS/Utils/cross_correlation.py,0.1706695556640625,1
Diffusion-TS,ETTh,256,123,100002,discriminative_score,0,0.24634146341463414,True,4096,a24f236875ae64e90ac2659e91858d641ab1afc1e0a10df901307ea5e750b5bb,0daedec9d3d595c2d177edeac1102afe1be5857fe9efbb2c0b572fc1a20ec34c,/path/to/Diffusion-TS/Utils/discriminative_metric.py,113.33525371551514,2
Diffusion-TS,ETTh,256,123,100002,discriminative_score,42,0.2426829268292683,True,4096,a24f236875ae64e90ac2659e91858d641ab1afc1e0a10df901307ea5e750b5bb,0daedec9d3d595c2d177edeac1102afe1be5857fe9efbb2c0b572fc1a20ec34c,/path/to/Diffusion-TS/Utils/discriminative_metric.py,112.44596481323242,1
Diffusion-TS,ETTh,256,123,100002,discriminative_score,123,0.21280487804878045,True,4096,a24f236875ae64e90ac2659e91858d641ab1afc1e0a10df901307ea5e750b5bb,0daedec9d3d595c2d177edeac1102afe1be5857fe9efbb2c0b572fc1a20ec34c,/path/to/Diffusion-TS/Utils/discriminative_metric.py,112.3658401966095,0
Diffusion-TS,ETTh,256,123,100002,predictive_score,0,0.11902681625679179,True,4096,a24f236875ae64e90ac2659e91858d641ab1afc1e0a10df901307ea5e750b5bb,0daedec9d3d595c2d177edeac1102afe1be5857fe9efbb2c0b572fc1a20ec34c,/path/to/Diffusion-TS/Utils/predictive_metric.py,245.05864143371582,0
Diffusion-TS,ETTh,256,123,100002,predictive_score,42,0.12556020197280304,True,4096,a24f236875ae64e90ac2659e91858d641ab1afc1e0a10df901307ea5e750b5bb,0daedec9d3d595c2d177edeac1102afe1be5857fe9efbb2c0b572fc1a20ec34c,/path/to/Diffusion-TS/Utils/predictive_metric.py,244.73251485824585,1
Diffusion-TS,ETTh,256,123,100002,predictive_score,123,0.1077947579137799,True,4096,a24f236875ae64e90ac2659e91858d641ab1afc1e0a10df901307ea5e750b5bb,0daedec9d3d595c2d177edeac1102afe1be5857fe9efbb2c0b572fc1a20ec34c,/path/to/Diffusion-TS/Utils/predictive_metric.py,245.91003465652466,2
Diffusion-TS,ETTh,256,123,100003,context_fid,0,2.8346974555495237,True,4096,a24f236875ae64e90ac2659e91858d641ab1afc1e0a10df901307ea5e750b5bb,a1f1025c91057034fed61959a9b037c2206f150d081efaf60435049265665d33,/path/to/PETS-FFT-Ablation/results/final_unconditional_main_v1/evaluators/ETTh/T256/ts2vec_seed_0.pt,1.2988426685333252,1
Diffusion-TS,ETTh,256,123,100003,context_fid,42,2.722747665861041,True,4096,a24f236875ae64e90ac2659e91858d641ab1afc1e0a10df901307ea5e750b5bb,a1f1025c91057034fed61959a9b037c2206f150d081efaf60435049265665d33,/path/to/PETS-FFT-Ablation/results/final_unconditional_main_v1/evaluators/ETTh/T256/ts2vec_seed_42.pt,1.3799662590026855,0
Diffusion-TS,ETTh,256,123,100003,context_fid,123,2.4733061820725166,True,4096,a24f236875ae64e90ac2659e91858d641ab1afc1e0a10df901307ea5e750b5bb,a1f1025c91057034fed61959a9b037c2206f150d081efaf60435049265665d33,/path/to/PETS-FFT-Ablation/results/final_unconditional_main_v1/evaluators/ETTh/T256/ts2vec_seed_123.pt,1.5509591102600098,1
Diffusion-TS,ETTh,256,123,100003,correlation_score,-1,0.14300104975700378,True,4096,a24f236875ae64e90ac2659e91858d641ab1afc1e0a10df901307ea5e750b5bb,a1f1025c91057034fed61959a9b037c2206f150d081efaf60435049265665d33,/path/to/Diffusion-TS/Utils/cross_correlation.py,0.1682426929473877,1
Diffusion-TS,ETTh,256,123,100003,discriminative_score,0,0.2554878048780488,True,4096,a24f236875ae64e90ac2659e91858d641ab1afc1e0a10df901307ea5e750b5bb,a1f1025c91057034fed61959a9b037c2206f150d081efaf60435049265665d33,/path/to/Diffusion-TS/Utils/discriminative_metric.py,114.56527185440063,0
Diffusion-TS,ETTh,256,123,100003,discriminative_score,42,0.23597560975609755,True,4096,a24f236875ae64e90ac2659e91858d641ab1afc1e0a10df901307ea5e750b5bb,a1f1025c91057034fed61959a9b037c2206f150d081efaf60435049265665d33,/path/to/Diffusion-TS/Utils/discriminative_metric.py,114.40044498443604,2
Diffusion-TS,ETTh,256,123,100003,discriminative_score,123,0.23597560975609755,True,4096,a24f236875ae64e90ac2659e91858d641ab1afc1e0a10df901307ea5e750b5bb,a1f1025c91057034fed61959a9b037c2206f150d081efaf60435049265665d33,/path/to/Diffusion-TS/Utils/discriminative_metric.py,113.61774682998657,1
Diffusion-TS,ETTh,256,123,100003,predictive_score,0,0.11968930011289558,True,4096,a24f236875ae64e90ac2659e91858d641ab1afc1e0a10df901307ea5e750b5bb,a1f1025c91057034fed61959a9b037c2206f150d081efaf60435049265665d33,/path/to/Diffusion-TS/Utils/predictive_metric.py,245.97468781471252,0
Diffusion-TS,ETTh,256,123,100003,predictive_score,42,0.12466897580452496,True,4096,a24f236875ae64e90ac2659e91858d641ab1afc1e0a10df901307ea5e750b5bb,a1f1025c91057034fed61959a9b037c2206f150d081efaf60435049265665d33,/path/to/Diffusion-TS/Utils/predictive_metric.py,247.70819807052612,2
Diffusion-TS,ETTh,256,123,100003,predictive_score,123,0.11061791593738235,True,4096,a24f236875ae64e90ac2659e91858d641ab1afc1e0a10df901307ea5e750b5bb,a1f1025c91057034fed61959a9b037c2206f150d081efaf60435049265665d33,/path/to/Diffusion-TS/Utils/predictive_metric.py,242.95239543914795,1
Diffusion-TS,ETTh,256,123,100004,context_fid,0,2.861763289277877,True,4096,a24f236875ae64e90ac2659e91858d641ab1afc1e0a10df901307ea5e750b5bb,84d163dcdfdd5751e18a05371e562a76f47c21b2814d1defdc2c4da0f8fd516d,/path/to/PETS-FFT-Ablation/results/final_unconditional_main_v1/evaluators/ETTh/T256/ts2vec_seed_0.pt,1.3907082080841064,1
Diffusion-TS,ETTh,256,123,100004,context_fid,42,2.7548759555178206,True,4096,a24f236875ae64e90ac2659e91858d641ab1afc1e0a10df901307ea5e750b5bb,84d163dcdfdd5751e18a05371e562a76f47c21b2814d1defdc2c4da0f8fd516d,/path/to/PETS-FFT-Ablation/results/final_unconditional_main_v1/evaluators/ETTh/T256/ts2vec_seed_42.pt,1.489069938659668,1
Diffusion-TS,ETTh,256,123,100004,context_fid,123,2.495924433932234,True,4096,a24f236875ae64e90ac2659e91858d641ab1afc1e0a10df901307ea5e750b5bb,84d163dcdfdd5751e18a05371e562a76f47c21b2814d1defdc2c4da0f8fd516d,/path/to/PETS-FFT-Ablation/results/final_unconditional_main_v1/evaluators/ETTh/T256/ts2vec_seed_123.pt,1.3742644786834717,0
Diffusion-TS,ETTh,256,123,100004,correlation_score,-1,0.14507487416267395,True,4096,a24f236875ae64e90ac2659e91858d641ab1afc1e0a10df901307ea5e750b5bb,84d163dcdfdd5751e18a05371e562a76f47c21b2814d1defdc2c4da0f8fd516d,/path/to/Diffusion-TS/Utils/cross_correlation.py,0.1619424819946289,1
Diffusion-TS,ETTh,256,123,100004,discriminative_score,0,0.25182926829268293,True,4096,a24f236875ae64e90ac2659e91858d641ab1afc1e0a10df901307ea5e750b5bb,84d163dcdfdd5751e18a05371e562a76f47c21b2814d1defdc2c4da0f8fd516d,/path/to/Diffusion-TS/Utils/discriminative_metric.py,112.0655746459961,1
Diffusion-TS,ETTh,256,123,100004,discriminative_score,42,0.2554878048780488,True,4096,a24f236875ae64e90ac2659e91858d641ab1afc1e0a10df901307ea5e750b5bb,84d163dcdfdd5751e18a05371e562a76f47c21b2814d1defdc2c4da0f8fd516d,/path/to/Diffusion-TS/Utils/discriminative_metric.py,114.26913714408875,0
Diffusion-TS,ETTh,256,123,100004,discriminative_score,123,0.23597560975609755,True,4096,a24f236875ae64e90ac2659e91858d641ab1afc1e0a10df901307ea5e750b5bb,84d163dcdfdd5751e18a05371e562a76f47c21b2814d1defdc2c4da0f8fd516d,/path/to/Diffusion-TS/Utils/discriminative_metric.py,113.07952904701233,2
Diffusion-TS,ETTh,256,123,100004,predictive_score,0,0.11976661980406789,True,4096,a24f236875ae64e90ac2659e91858d641ab1afc1e0a10df901307ea5e750b5bb,84d163dcdfdd5751e18a05371e562a76f47c21b2814d1defdc2c4da0f8fd516d,/path/to/Diffusion-TS/Utils/predictive_metric.py,244.2048316001892,1
Diffusion-TS,ETTh,256,123,100004,predictive_score,42,0.1259260340975743,True,4096,a24f236875ae64e90ac2659e91858d641ab1afc1e0a10df901307ea5e750b5bb,84d163dcdfdd5751e18a05371e562a76f47c21b2814d1defdc2c4da0f8fd516d,/path/to/Diffusion-TS/Utils/predictive_metric.py,246.03343176841736,2
Diffusion-TS,ETTh,256,123,100004,predictive_score,123,0.11120960719290451,True,4096,a24f236875ae64e90ac2659e91858d641ab1afc1e0a10df901307ea5e750b5bb,84d163dcdfdd5751e18a05371e562a76f47c21b2814d1defdc2c4da0f8fd516d,/path/to/Diffusion-TS/Utils/predictive_metric.py,246.5595257282257,0
PETS-U,ETTh,256,0,100000,context_fid,0,1.8980622309291448,True,4096,a24f236875ae64e90ac2659e91858d641ab1afc1e0a10df901307ea5e750b5bb,61e9b06d75337aacb33cbea8dce4a5143b4f91ac1769cab57b76beb5d036e64a,/path/to/PETS-FFT-Ablation/results/final_unconditional_main_v1/evaluators/ETTh/T256/ts2vec_seed_0.pt,1.366220474243164,2
PETS-U,ETTh,256,0,100000,context_fid,42,1.85548684417951,True,4096,a24f236875ae64e90ac2659e91858d641ab1afc1e0a10df901307ea5e750b5bb,61e9b06d75337aacb33cbea8dce4a5143b4f91ac1769cab57b76beb5d036e64a,/path/to/PETS-FFT-Ablation/results/final_unconditional_main_v1/evaluators/ETTh/T256/ts2vec_seed_42.pt,1.4000308513641357,0
PETS-U,ETTh,256,0,100000,context_fid,123,1.6046695972660028,True,4096,a24f236875ae64e90ac2659e91858d641ab1afc1e0a10df901307ea5e750b5bb,61e9b06d75337aacb33cbea8dce4a5143b4f91ac1769cab57b76beb5d036e64a,/path/to/PETS-FFT-Ablation/results/final_unconditional_main_v1/evaluators/ETTh/T256/ts2vec_seed_123.pt,1.6625540256500244,2
PETS-U,ETTh,256,0,100000,correlation_score,-1,0.10157112777233124,True,4096,a24f236875ae64e90ac2659e91858d641ab1afc1e0a10df901307ea5e750b5bb,61e9b06d75337aacb33cbea8dce4a5143b4f91ac1769cab57b76beb5d036e64a,/path/to/Diffusion-TS/Utils/cross_correlation.py,0.16692733764648438,2
PETS-U,ETTh,256,0,100000,discriminative_score,0,0.20853658536585362,True,4096,a24f236875ae64e90ac2659e91858d641ab1afc1e0a10df901307ea5e750b5bb,61e9b06d75337aacb33cbea8dce4a5143b4f91ac1769cab57b76beb5d036e64a,/path/to/Diffusion-TS/Utils/discriminative_metric.py,112.20778012275696,1
PETS-U,ETTh,256,0,100000,discriminative_score,42,0.22073170731707314,True,4096,a24f236875ae64e90ac2659e91858d641ab1afc1e0a10df901307ea5e750b5bb,61e9b06d75337aacb33cbea8dce4a5143b4f91ac1769cab57b76beb5d036e64a,/path/to/Diffusion-TS/Utils/discriminative_metric.py,113.02751731872559,0
PETS-U,ETTh,256,0,100000,discriminative_score,123,0.22804878048780486,True,4096,a24f236875ae64e90ac2659e91858d641ab1afc1e0a10df901307ea5e750b5bb,61e9b06d75337aacb33cbea8dce4a5143b4f91ac1769cab57b76beb5d036e64a,/path/to/Diffusion-TS/Utils/discriminative_metric.py,112.24810266494751,2
PETS-U,ETTh,256,0,100000,predictive_score,0,0.11210096558443183,True,4096,a24f236875ae64e90ac2659e91858d641ab1afc1e0a10df901307ea5e750b5bb,61e9b06d75337aacb33cbea8dce4a5143b4f91ac1769cab57b76beb5d036e64a,/path/to/Diffusion-TS/Utils/predictive_metric.py,240.7428183555603,1
PETS-U,ETTh,256,0,100000,predictive_score,42,0.1245479262788649,True,4096,a24f236875ae64e90ac2659e91858d641ab1afc1e0a10df901307ea5e750b5bb,61e9b06d75337aacb33cbea8dce4a5143b4f91ac1769cab57b76beb5d036e64a,/path/to/Diffusion-TS/Utils/predictive_metric.py,245.48069858551025,0
PETS-U,ETTh,256,0,100000,predictive_score,123,0.11587926845413676,True,4096,a24f236875ae64e90ac2659e91858d641ab1afc1e0a10df901307ea5e750b5bb,61e9b06d75337aacb33cbea8dce4a5143b4f91ac1769cab57b76beb5d036e64a,/path/to/Diffusion-TS/Utils/predictive_metric.py,240.88087487220764,2
PETS-U,ETTh,256,0,100001,context_fid,0,2.016047894100046,True,4096,a24f236875ae64e90ac2659e91858d641ab1afc1e0a10df901307ea5e750b5bb,c1a8073f3ce1640da49d2e34020d3b7c202d56d6d5e6f0bf206bc61471ce6416,/path/to/PETS-FFT-Ablation/results/final_unconditional_main_v1/evaluators/ETTh/T256/ts2vec_seed_0.pt,1.5083913803100586,1
PETS-U,ETTh,256,0,100001,context_fid,42,1.9687402916689032,True,4096,a24f236875ae64e90ac2659e91858d641ab1afc1e0a10df901307ea5e750b5bb,c1a8073f3ce1640da49d2e34020d3b7c202d56d6d5e6f0bf206bc61471ce6416,/path/to/PETS-FFT-Ablation/results/final_unconditional_main_v1/evaluators/ETTh/T256/ts2vec_seed_42.pt,1.435577154159546,2
PETS-U,ETTh,256,0,100001,context_fid,123,1.7071374958526073,True,4096,a24f236875ae64e90ac2659e91858d641ab1afc1e0a10df901307ea5e750b5bb,c1a8073f3ce1640da49d2e34020d3b7c202d56d6d5e6f0bf206bc61471ce6416,/path/to/PETS-FFT-Ablation/results/final_unconditional_main_v1/evaluators/ETTh/T256/ts2vec_seed_123.pt,1.480919599533081,1
PETS-U,ETTh,256,0,100001,correlation_score,-1,0.11221909523010254,True,4096,a24f236875ae64e90ac2659e91858d641ab1afc1e0a10df901307ea5e750b5bb,c1a8073f3ce1640da49d2e34020d3b7c202d56d6d5e6f0bf206bc61471ce6416,/path/to/Diffusion-TS/Utils/cross_correlation.py,0.17799162864685059,1
PETS-U,ETTh,256,0,100001,discriminative_score,0,0.21463414634146338,True,4096,a24f236875ae64e90ac2659e91858d641ab1afc1e0a10df901307ea5e750b5bb,c1a8073f3ce1640da49d2e34020d3b7c202d56d6d5e6f0bf206bc61471ce6416,/path/to/Diffusion-TS/Utils/discriminative_metric.py,111.56507182121277,2
PETS-U,ETTh,256,0,100001,discriminative_score,42,0.21219512195121948,True,4096,a24f236875ae64e90ac2659e91858d641ab1afc1e0a10df901307ea5e750b5bb,c1a8073f3ce1640da49d2e34020d3b7c202d56d6d5e6f0bf206bc61471ce6416,/path/to/Diffusion-TS/Utils/discriminative_metric.py,110.53024435043335,1
PETS-U,ETTh,256,0,100001,discriminative_score,123,0.20731707317073167,True,4096,a24f236875ae64e90ac2659e91858d641ab1afc1e0a10df901307ea5e750b5bb,c1a8073f3ce1640da49d2e34020d3b7c202d56d6d5e6f0bf206bc61471ce6416,/path/to/Diffusion-TS/Utils/discriminative_metric.py,111.73061966896057,0
PETS-U,ETTh,256,0,100001,predictive_score,0,0.11436875609342678,True,4096,a24f236875ae64e90ac2659e91858d641ab1afc1e0a10df901307ea5e750b5bb,c1a8073f3ce1640da49d2e34020d3b7c202d56d6d5e6f0bf206bc61471ce6416,/path/to/Diffusion-TS/Utils/predictive_metric.py,241.80708384513855,1
PETS-U,ETTh,256,0,100001,predictive_score,42,0.1229080607963624,True,4096,a24f236875ae64e90ac2659e91858d641ab1afc1e0a10df901307ea5e750b5bb,c1a8073f3ce1640da49d2e34020d3b7c202d56d6d5e6f0bf206bc61471ce6416,/path/to/Diffusion-TS/Utils/predictive_metric.py,241.90669417381287,2
PETS-U,ETTh,256,0,100001,predictive_score,123,0.11422589858966603,True,4096,a24f236875ae64e90ac2659e91858d641ab1afc1e0a10df901307ea5e750b5bb,c1a8073f3ce1640da49d2e34020d3b7c202d56d6d5e6f0bf206bc61471ce6416,/path/to/Diffusion-TS/Utils/predictive_metric.py,245.98982119560242,0
PETS-U,ETTh,256,0,100002,context_fid,0,1.912792690785285,True,4096,a24f236875ae64e90ac2659e91858d641ab1afc1e0a10df901307ea5e750b5bb,1a9070dead1c94938dac48a117a0f6c5836e6425d69f652a316dc04e8f14a877,/path/to/PETS-FFT-Ablation/results/final_unconditional_main_v1/evaluators/ETTh/T256/ts2vec_seed_0.pt,1.398442029953003,1
PETS-U,ETTh,256,0,100002,context_fid,42,1.8768375768391738,True,4096,a24f236875ae64e90ac2659e91858d641ab1afc1e0a10df901307ea5e750b5bb,1a9070dead1c94938dac48a117a0f6c5836e6425d69f652a316dc04e8f14a877,/path/to/PETS-FFT-Ablation/results/final_unconditional_main_v1/evaluators/ETTh/T256/ts2vec_seed_42.pt,1.4639701843261719,2
PETS-U,ETTh,256,0,100002,context_fid,123,1.6264813232265982,True,4096,a24f236875ae64e90ac2659e91858d641ab1afc1e0a10df901307ea5e750b5bb,1a9070dead1c94938dac48a117a0f6c5836e6425d69f652a316dc04e8f14a877,/path/to/PETS-FFT-Ablation/results/final_unconditional_main_v1/evaluators/ETTh/T256/ts2vec_seed_123.pt,1.5034525394439697,1
PETS-U,ETTh,256,0,100002,correlation_score,-1,0.10322582721710205,True,4096,a24f236875ae64e90ac2659e91858d641ab1afc1e0a10df901307ea5e750b5bb,1a9070dead1c94938dac48a117a0f6c5836e6425d69f652a316dc04e8f14a877,/path/to/Diffusion-TS/Utils/cross_correlation.py,0.17073774337768555,1
PETS-U,ETTh,256,0,100002,discriminative_score,0,0.2115853658536585,True,4096,a24f236875ae64e90ac2659e91858d641ab1afc1e0a10df901307ea5e750b5bb,1a9070dead1c94938dac48a117a0f6c5836e6425d69f652a316dc04e8f14a877,/path/to/Diffusion-TS/Utils/discriminative_metric.py,112.09958362579346,2
PETS-U,ETTh,256,0,100002,discriminative_score,42,0.23353658536585364,True,4096,a24f236875ae64e90ac2659e91858d641ab1afc1e0a10df901307ea5e750b5bb,1a9070dead1c94938dac48a117a0f6c5836e6425d69f652a316dc04e8f14a877,/path/to/Diffusion-TS/Utils/discriminative_metric.py,111.1192877292633,1
PETS-U,ETTh,256,0,100002,discriminative_score,123,0.19207317073170727,True,4096,a24f236875ae64e90ac2659e91858d641ab1afc1e0a10df901307ea5e750b5bb,1a9070dead1c94938dac48a117a0f6c5836e6425d69f652a316dc04e8f14a877,/path/to/Diffusion-TS/Utils/discriminative_metric.py,111.75359511375427,0
PETS-U,ETTh,256,0,100002,predictive_score,0,0.11280686227337355,True,4096,a24f236875ae64e90ac2659e91858d641ab1afc1e0a10df901307ea5e750b5bb,1a9070dead1c94938dac48a117a0f6c5836e6425d69f652a316dc04e8f14a877,/path/to/Diffusion-TS/Utils/predictive_metric.py,247.8524169921875,1
PETS-U,ETTh,256,0,100002,predictive_score,42,0.12379393714263642,True,4096,a24f236875ae64e90ac2659e91858d641ab1afc1e0a10df901307ea5e750b5bb,1a9070dead1c94938dac48a117a0f6c5836e6425d69f652a316dc04e8f14a877,/path/to/Diffusion-TS/Utils/predictive_metric.py,245.4827311038971,2
PETS-U,ETTh,256,0,100002,predictive_score,123,0.11840521082649502,True,4096,a24f236875ae64e90ac2659e91858d641ab1afc1e0a10df901307ea5e750b5bb,1a9070dead1c94938dac48a117a0f6c5836e6425d69f652a316dc04e8f14a877,/path/to/Diffusion-TS/Utils/predictive_metric.py,246.82517385482788,0
PETS-U,ETTh,256,0,100003,context_fid,0,1.9228783051556624,True,4096,a24f236875ae64e90ac2659e91858d641ab1afc1e0a10df901307ea5e750b5bb,c1e3f8867fa27f86d0627163958c37ce71a1109d9554149abd41e3ac18f96c9d,/path/to/PETS-FFT-Ablation/results/final_unconditional_main_v1/evaluators/ETTh/T256/ts2vec_seed_0.pt,1.4838032722473145,2
PETS-U,ETTh,256,0,100003,context_fid,42,1.8759012677703892,True,4096,a24f236875ae64e90ac2659e91858d641ab1afc1e0a10df901307ea5e750b5bb,c1e3f8867fa27f86d0627163958c37ce71a1109d9554149abd41e3ac18f96c9d,/path/to/PETS-FFT-Ablation/results/final_unconditional_main_v1/evaluators/ETTh/T256/ts2vec_seed_42.pt,1.3881983757019043,2
PETS-U,ETTh,256,0,100003,context_fid,123,1.6286334800345252,True,4096,a24f236875ae64e90ac2659e91858d641ab1afc1e0a10df901307ea5e750b5bb,c1e3f8867fa27f86d0627163958c37ce71a1109d9554149abd41e3ac18f96c9d,/path/to/PETS-FFT-Ablation/results/final_unconditional_main_v1/evaluators/ETTh/T256/ts2vec_seed_123.pt,1.5092041492462158,1
PETS-U,ETTh,256,0,100003,correlation_score,-1,0.10444144904613495,True,4096,a24f236875ae64e90ac2659e91858d641ab1afc1e0a10df901307ea5e750b5bb,c1e3f8867fa27f86d0627163958c37ce71a1109d9554149abd41e3ac18f96c9d,/path/to/Diffusion-TS/Utils/cross_correlation.py,0.17323827743530273,2
PETS-U,ETTh,256,0,100003,discriminative_score,0,0.20853658536585362,True,4096,a24f236875ae64e90ac2659e91858d641ab1afc1e0a10df901307ea5e750b5bb,c1e3f8867fa27f86d0627163958c37ce71a1109d9554149abd41e3ac18f96c9d,/path/to/Diffusion-TS/Utils/discriminative_metric.py,112.60233569145203,2
PETS-U,ETTh,256,0,100003,discriminative_score,42,0.21463414634146338,True,4096,a24f236875ae64e90ac2659e91858d641ab1afc1e0a10df901307ea5e750b5bb,c1e3f8867fa27f86d0627163958c37ce71a1109d9554149abd41e3ac18f96c9d,/path/to/Diffusion-TS/Utils/discriminative_metric.py,110.99840354919434,1
PETS-U,ETTh,256,0,100003,discriminative_score,123,0.2091463414634146,True,4096,a24f236875ae64e90ac2659e91858d641ab1afc1e0a10df901307ea5e750b5bb,c1e3f8867fa27f86d0627163958c37ce71a1109d9554149abd41e3ac18f96c9d,/path/to/Diffusion-TS/Utils/discriminative_metric.py,111.7061927318573,0
PETS-U,ETTh,256,0,100003,predictive_score,0,0.11218482544882136,True,4096,a24f236875ae64e90ac2659e91858d641ab1afc1e0a10df901307ea5e750b5bb,c1e3f8867fa27f86d0627163958c37ce71a1109d9554149abd41e3ac18f96c9d,/path/to/Diffusion-TS/Utils/predictive_metric.py,240.73654580116272,1
PETS-U,ETTh,256,0,100003,predictive_score,42,0.1229402382700755,True,4096,a24f236875ae64e90ac2659e91858d641ab1afc1e0a10df901307ea5e750b5bb,c1e3f8867fa27f86d0627163958c37ce71a1109d9554149abd41e3ac18f96c9d,/path/to/Diffusion-TS/Utils/predictive_metric.py,244.05919671058655,2
PETS-U,ETTh,256,0,100003,predictive_score,123,0.11476522108841891,True,4096,a24f236875ae64e90ac2659e91858d641ab1afc1e0a10df901307ea5e750b5bb,c1e3f8867fa27f86d0627163958c37ce71a1109d9554149abd41e3ac18f96c9d,/path/to/Diffusion-TS/Utils/predictive_metric.py,244.243426322937,0
PETS-U,ETTh,256,0,100004,context_fid,0,2.0238458722013717,True,4096,a24f236875ae64e90ac2659e91858d641ab1afc1e0a10df901307ea5e750b5bb,a5089773c92781e2d9dd6eee08f18b1bd99e0f9ed323d3124070a4642ef32d64,/path/to/PETS-FFT-Ablation/results/final_unconditional_main_v1/evaluators/ETTh/T256/ts2vec_seed_0.pt,1.390749216079712,1
PETS-U,ETTh,256,0,100004,context_fid,42,1.9718212201579968,True,4096,a24f236875ae64e90ac2659e91858d641ab1afc1e0a10df901307ea5e750b5bb,a5089773c92781e2d9dd6eee08f18b1bd99e0f9ed323d3124070a4642ef32d64,/path/to/PETS-FFT-Ablation/results/final_unconditional_main_v1/evaluators/ETTh/T256/ts2vec_seed_42.pt,1.38704252243042,1
PETS-U,ETTh,256,0,100004,context_fid,123,1.7233604219822145,True,4096,a24f236875ae64e90ac2659e91858d641ab1afc1e0a10df901307ea5e750b5bb,a5089773c92781e2d9dd6eee08f18b1bd99e0f9ed323d3124070a4642ef32d64,/path/to/PETS-FFT-Ablation/results/final_unconditional_main_v1/evaluators/ETTh/T256/ts2vec_seed_123.pt,1.4998116493225098,1
PETS-U,ETTh,256,0,100004,correlation_score,-1,0.11340341717004776,True,4096,a24f236875ae64e90ac2659e91858d641ab1afc1e0a10df901307ea5e750b5bb,a5089773c92781e2d9dd6eee08f18b1bd99e0f9ed323d3124070a4642ef32d64,/path/to/Diffusion-TS/Utils/cross_correlation.py,0.16768813133239746,1
PETS-U,ETTh,256,0,100004,discriminative_score,0,0.21463414634146338,True,4096,a24f236875ae64e90ac2659e91858d641ab1afc1e0a10df901307ea5e750b5bb,a5089773c92781e2d9dd6eee08f18b1bd99e0f9ed323d3124070a4642ef32d64,/path/to/Diffusion-TS/Utils/discriminative_metric.py,110.95266842842102,2
PETS-U,ETTh,256,0,100004,discriminative_score,42,0.20304878048780484,True,4096,a24f236875ae64e90ac2659e91858d641ab1afc1e0a10df901307ea5e750b5bb,a5089773c92781e2d9dd6eee08f18b1bd99e0f9ed323d3124070a4642ef32d64,/path/to/Diffusion-TS/Utils/discriminative_metric.py,111.81776762008667,1
PETS-U,ETTh,256,0,100004,discriminative_score,123,0.2036585365853658,True,4096,a24f236875ae64e90ac2659e91858d641ab1afc1e0a10df901307ea5e750b5bb,a5089773c92781e2d9dd6eee08f18b1bd99e0f9ed323d3124070a4642ef32d64,/path/to/Diffusion-TS/Utils/discriminative_metric.py,112.6916151046753,0
PETS-U,ETTh,256,0,100004,predictive_score,0,0.11092611527919871,True,4096,a24f236875ae64e90ac2659e91858d641ab1afc1e0a10df901307ea5e750b5bb,a5089773c92781e2d9dd6eee08f18b1bd99e0f9ed323d3124070a4642ef32d64,/path/to/Diffusion-TS/Utils/predictive_metric.py,246.05293607711792,2
PETS-U,ETTh,256,0,100004,predictive_score,42,0.12278884185707284,True,4096,a24f236875ae64e90ac2659e91858d641ab1afc1e0a10df901307ea5e750b5bb,a5089773c92781e2d9dd6eee08f18b1bd99e0f9ed323d3124070a4642ef32d64,/path/to/Diffusion-TS/Utils/predictive_metric.py,242.66867089271545,1
PETS-U,ETTh,256,0,100004,predictive_score,123,0.11566450920281568,True,4096,a24f236875ae64e90ac2659e91858d641ab1afc1e0a10df901307ea5e750b5bb,a5089773c92781e2d9dd6eee08f18b1bd99e0f9ed323d3124070a4642ef32d64,/path/to/Diffusion-TS/Utils/predictive_metric.py,244.81512236595154,0
PETS-U,ETTh,256,42,100000,context_fid,0,1.760133092968961,True,4096,a24f236875ae64e90ac2659e91858d641ab1afc1e0a10df901307ea5e750b5bb,45ebaa29c0b2aa8a54894379ef2ffa5a4edc7cd415694688c1b0b1434373a604,/path/to/PETS-FFT-Ablation/results/final_unconditional_main_v1/evaluators/ETTh/T256/ts2vec_seed_0.pt,1.386568307876587,1
PETS-U,ETTh,256,42,100000,context_fid,42,1.7452785338503414,True,4096,a24f236875ae64e90ac2659e91858d641ab1afc1e0a10df901307ea5e750b5bb,45ebaa29c0b2aa8a54894379ef2ffa5a4edc7cd415694688c1b0b1434373a604,/path/to/PETS-FFT-Ablation/results/final_unconditional_main_v1/evaluators/ETTh/T256/ts2vec_seed_42.pt,1.4149806499481201,1
PETS-U,ETTh,256,42,100000,context_fid,123,1.4792102738602781,True,4096,a24f236875ae64e90ac2659e91858d641ab1afc1e0a10df901307ea5e750b5bb,45ebaa29c0b2aa8a54894379ef2ffa5a4edc7cd415694688c1b0b1434373a604,/path/to/PETS-FFT-Ablation/results/final_unconditional_main_v1/evaluators/ETTh/T256/ts2vec_seed_123.pt,1.5586004257202148,2
PETS-U,ETTh,256,42,100000,correlation_score,-1,0.114290751516819,True,4096,a24f236875ae64e90ac2659e91858d641ab1afc1e0a10df901307ea5e750b5bb,45ebaa29c0b2aa8a54894379ef2ffa5a4edc7cd415694688c1b0b1434373a604,/path/to/Diffusion-TS/Utils/cross_correlation.py,0.16800594329833984,1
PETS-U,ETTh,256,42,100000,discriminative_score,0,0.20609756097560972,True,4096,a24f236875ae64e90ac2659e91858d641ab1afc1e0a10df901307ea5e750b5bb,45ebaa29c0b2aa8a54894379ef2ffa5a4edc7cd415694688c1b0b1434373a604,/path/to/Diffusion-TS/Utils/discriminative_metric.py,111.14998078346252,1
PETS-U,ETTh,256,42,100000,discriminative_score,42,0.05243902439024395,True,4096,a24f236875ae64e90ac2659e91858d641ab1afc1e0a10df901307ea5e750b5bb,45ebaa29c0b2aa8a54894379ef2ffa5a4edc7cd415694688c1b0b1434373a604,/path/to/Diffusion-TS/Utils/discriminative_metric.py,111.57688164710999,2
PETS-U,ETTh,256,42,100000,discriminative_score,123,0.20731707317073167,True,4096,a24f236875ae64e90ac2659e91858d641ab1afc1e0a10df901307ea5e750b5bb,45ebaa29c0b2aa8a54894379ef2ffa5a4edc7cd415694688c1b0b1434373a604,/path/to/Diffusion-TS/Utils/discriminative_metric.py,112.35367703437805,0
PETS-U,ETTh,256,42,100000,predictive_score,0,0.1076017548107302,True,4096,a24f236875ae64e90ac2659e91858d641ab1afc1e0a10df901307ea5e750b5bb,45ebaa29c0b2aa8a54894379ef2ffa5a4edc7cd415694688c1b0b1434373a604,/path/to/Diffusion-TS/Utils/predictive_metric.py,243.771258354187,1
PETS-U,ETTh,256,42,100000,predictive_score,42,0.11999122720180821,True,4096,a24f236875ae64e90ac2659e91858d641ab1afc1e0a10df901307ea5e750b5bb,45ebaa29c0b2aa8a54894379ef2ffa5a4edc7cd415694688c1b0b1434373a604,/path/to/Diffusion-TS/Utils/predictive_metric.py,247.38546109199524,2
PETS-U,ETTh,256,42,100000,predictive_score,123,0.1100026243798311,True,4096,a24f236875ae64e90ac2659e91858d641ab1afc1e0a10df901307ea5e750b5bb,45ebaa29c0b2aa8a54894379ef2ffa5a4edc7cd415694688c1b0b1434373a604,/path/to/Diffusion-TS/Utils/predictive_metric.py,245.85062289237976,0
PETS-U,ETTh,256,42,100001,context_fid,0,1.7400121071401156,True,4096,a24f236875ae64e90ac2659e91858d641ab1afc1e0a10df901307ea5e750b5bb,43f09be7b372bea7fcff91a2d9d18aa84fb372ff5f5c4f9fa7cef8c05346b577,/path/to/PETS-FFT-Ablation/results/final_unconditional_main_v1/evaluators/ETTh/T256/ts2vec_seed_0.pt,1.4071846008300781,1
PETS-U,ETTh,256,42,100001,context_fid,42,1.72969098077987,True,4096,a24f236875ae64e90ac2659e91858d641ab1afc1e0a10df901307ea5e750b5bb,43f09be7b372bea7fcff91a2d9d18aa84fb372ff5f5c4f9fa7cef8c05346b577,/path/to/PETS-FFT-Ablation/results/final_unconditional_main_v1/evaluators/ETTh/T256/ts2vec_seed_42.pt,1.5393080711364746,1
PETS-U,ETTh,256,42,100001,context_fid,123,1.4766853283749097,True,4096,a24f236875ae64e90ac2659e91858d641ab1afc1e0a10df901307ea5e750b5bb,43f09be7b372bea7fcff91a2d9d18aa84fb372ff5f5c4f9fa7cef8c05346b577,/path/to/PETS-FFT-Ablation/results/final_unconditional_main_v1/evaluators/ETTh/T256/ts2vec_seed_123.pt,1.3849658966064453,1
PETS-U,ETTh,256,42,100001,correlation_score,-1,0.11120682954788208,True,4096,a24f236875ae64e90ac2659e91858d641ab1afc1e0a10df901307ea5e750b5bb,43f09be7b372bea7fcff91a2d9d18aa84fb372ff5f5c4f9fa7cef8c05346b577,/path/to/Diffusion-TS/Utils/cross_correlation.py,0.16756010055541992,1
PETS-U,ETTh,256,42,100001,discriminative_score,0,0.20975609756097557,True,4096,a24f236875ae64e90ac2659e91858d641ab1afc1e0a10df901307ea5e750b5bb,43f09be7b372bea7fcff91a2d9d18aa84fb372ff5f5c4f9fa7cef8c05346b577,/path/to/Diffusion-TS/Utils/discriminative_metric.py,111.57345628738403,1
PETS-U,ETTh,256,42,100001,discriminative_score,42,0.19451219512195117,True,4096,a24f236875ae64e90ac2659e91858d641ab1afc1e0a10df901307ea5e750b5bb,43f09be7b372bea7fcff91a2d9d18aa84fb372ff5f5c4f9fa7cef8c05346b577,/path/to/Diffusion-TS/Utils/discriminative_metric.py,113.23152446746826,2
PETS-U,ETTh,256,42,100001,discriminative_score,123,0.2170731707317073,True,4096,a24f236875ae64e90ac2659e91858d641ab1afc1e0a10df901307ea5e750b5bb,43f09be7b372bea7fcff91a2d9d18aa84fb372ff5f5c4f9fa7cef8c05346b577,/path/to/Diffusion-TS/Utils/discriminative_metric.py,111.73638963699341,0
PETS-U,ETTh,256,42,100001,predictive_score,0,0.10922994927614127,True,4096,a24f236875ae64e90ac2659e91858d641ab1afc1e0a10df901307ea5e750b5bb,43f09be7b372bea7fcff91a2d9d18aa84fb372ff5f5c4f9fa7cef8c05346b577,/path/to/Diffusion-TS/Utils/predictive_metric.py,243.16577005386353,1
PETS-U,ETTh,256,42,100001,predictive_score,42,0.12152269020134554,True,4096,a24f236875ae64e90ac2659e91858d641ab1afc1e0a10df901307ea5e750b5bb,43f09be7b372bea7fcff91a2d9d18aa84fb372ff5f5c4f9fa7cef8c05346b577,/path/to/Diffusion-TS/Utils/predictive_metric.py,248.61708307266235,0
PETS-U,ETTh,256,42,100001,predictive_score,123,0.11292742534669742,True,4096,a24f236875ae64e90ac2659e91858d641ab1afc1e0a10df901307ea5e750b5bb,43f09be7b372bea7fcff91a2d9d18aa84fb372ff5f5c4f9fa7cef8c05346b577,/path/to/Diffusion-TS/Utils/predictive_metric.py,243.8231382369995,2
PETS-U,ETTh,256,42,100002,context_fid,0,1.7154930340196195,True,4096,a24f236875ae64e90ac2659e91858d641ab1afc1e0a10df901307ea5e750b5bb,9f063845221ac71ce73936d7960dd2f63f3fa941aae607dcf0677844972e0cda,/path/to/PETS-FFT-Ablation/results/final_unconditional_main_v1/evaluators/ETTh/T256/ts2vec_seed_0.pt,1.5114946365356445,1
PETS-U,ETTh,256,42,100002,context_fid,42,1.697315145863615,True,4096,a24f236875ae64e90ac2659e91858d641ab1afc1e0a10df901307ea5e750b5bb,9f063845221ac71ce73936d7960dd2f63f3fa941aae607dcf0677844972e0cda,/path/to/PETS-FFT-Ablation/results/final_unconditional_main_v1/evaluators/ETTh/T256/ts2vec_seed_42.pt,1.48110032081604,1
PETS-U,ETTh,256,42,100002,context_fid,123,1.4577816078276913,True,4096,a24f236875ae64e90ac2659e91858d641ab1afc1e0a10df901307ea5e750b5bb,9f063845221ac71ce73936d7960dd2f63f3fa941aae607dcf0677844972e0cda,/path/to/PETS-FFT-Ablation/results/final_unconditional_main_v1/evaluators/ETTh/T256/ts2vec_seed_123.pt,1.544924020767212,2
PETS-U,ETTh,256,42,100002,correlation_score,-1,0.12015372514724731,True,4096,a24f236875ae64e90ac2659e91858d641ab1afc1e0a10df901307ea5e750b5bb,9f063845221ac71ce73936d7960dd2f63f3fa941aae607dcf0677844972e0cda,/path/to/Diffusion-TS/Utils/cross_correlation.py,0.1648266315460205,1
PETS-U,ETTh,256,42,100002,discriminative_score,0,0.224390243902439,True,4096,a24f236875ae64e90ac2659e91858d641ab1afc1e0a10df901307ea5e750b5bb,9f063845221ac71ce73936d7960dd2f63f3fa941aae607dcf0677844972e0cda,/path/to/Diffusion-TS/Utils/discriminative_metric.py,112.48501992225647,1
PETS-U,ETTh,256,42,100002,discriminative_score,42,0.2219512195121951,True,4096,a24f236875ae64e90ac2659e91858d641ab1afc1e0a10df901307ea5e750b5bb,9f063845221ac71ce73936d7960dd2f63f3fa941aae607dcf0677844972e0cda,/path/to/Diffusion-TS/Utils/discriminative_metric.py,111.9431540966034,2
PETS-U,ETTh,256,42,100002,discriminative_score,123,0.20731707317073167,True,4096,a24f236875ae64e90ac2659e91858d641ab1afc1e0a10df901307ea5e750b5bb,9f063845221ac71ce73936d7960dd2f63f3fa941aae607dcf0677844972e0cda,/path/to/Diffusion-TS/Utils/discriminative_metric.py,112.99537682533264,0
PETS-U,ETTh,256,42,100002,predictive_score,0,0.10847037868097686,True,4096,a24f236875ae64e90ac2659e91858d641ab1afc1e0a10df901307ea5e750b5bb,9f063845221ac71ce73936d7960dd2f63f3fa941aae607dcf0677844972e0cda,/path/to/Diffusion-TS/Utils/predictive_metric.py,242.66084742546082,1
PETS-U,ETTh,256,42,100002,predictive_score,42,0.1223379498956092,True,4096,a24f236875ae64e90ac2659e91858d641ab1afc1e0a10df901307ea5e750b5bb,9f063845221ac71ce73936d7960dd2f63f3fa941aae607dcf0677844972e0cda,/path/to/Diffusion-TS/Utils/predictive_metric.py,239.76329708099365,2
PETS-U,ETTh,256,42,100002,predictive_score,123,0.11055149924823127,True,4096,a24f236875ae64e90ac2659e91858d641ab1afc1e0a10df901307ea5e750b5bb,9f063845221ac71ce73936d7960dd2f63f3fa941aae607dcf0677844972e0cda,/path/to/Diffusion-TS/Utils/predictive_metric.py,249.7403416633606,0
PETS-U,ETTh,256,42,100003,context_fid,0,1.661427077306938,True,4096,a24f236875ae64e90ac2659e91858d641ab1afc1e0a10df901307ea5e750b5bb,0c6ccc3b4dde105be3af1c1eaa3633efce2de6569391090bd0326def08d55c26,/path/to/PETS-FFT-Ablation/results/final_unconditional_main_v1/evaluators/ETTh/T256/ts2vec_seed_0.pt,1.567664623260498,2
PETS-U,ETTh,256,42,100003,context_fid,42,1.647166954328726,True,4096,a24f236875ae64e90ac2659e91858d641ab1afc1e0a10df901307ea5e750b5bb,0c6ccc3b4dde105be3af1c1eaa3633efce2de6569391090bd0326def08d55c26,/path/to/PETS-FFT-Ablation/results/final_unconditional_main_v1/evaluators/ETTh/T256/ts2vec_seed_42.pt,1.4188194274902344,2
PETS-U,ETTh,256,42,100003,context_fid,123,1.4032032437820288,True,4096,a24f236875ae64e90ac2659e91858d641ab1afc1e0a10df901307ea5e750b5bb,0c6ccc3b4dde105be3af1c1eaa3633efce2de6569391090bd0326def08d55c26,/path/to/PETS-FFT-Ablation/results/final_unconditional_main_v1/evaluators/ETTh/T256/ts2vec_seed_123.pt,1.4985589981079102,1
PETS-U,ETTh,256,42,100003,correlation_score,-1,0.1150907427072525,True,4096,a24f236875ae64e90ac2659e91858d641ab1afc1e0a10df901307ea5e750b5bb,0c6ccc3b4dde105be3af1c1eaa3633efce2de6569391090bd0326def08d55c26,/path/to/Diffusion-TS/Utils/cross_correlation.py,0.17011284828186035,2
PETS-U,ETTh,256,42,100003,discriminative_score,0,0.20609756097560972,True,4096,a24f236875ae64e90ac2659e91858d641ab1afc1e0a10df901307ea5e750b5bb,0c6ccc3b4dde105be3af1c1eaa3633efce2de6569391090bd0326def08d55c26,/path/to/Diffusion-TS/Utils/discriminative_metric.py,112.48069620132446,2
PETS-U,ETTh,256,42,100003,discriminative_score,42,0.26158536585365855,True,4096,a24f236875ae64e90ac2659e91858d641ab1afc1e0a10df901307ea5e750b5bb,0c6ccc3b4dde105be3af1c1eaa3633efce2de6569391090bd0326def08d55c26,/path/to/Diffusion-TS/Utils/discriminative_metric.py,112.02965545654297,1
PETS-U,ETTh,256,42,100003,discriminative_score,123,0.20487804878048776,True,4096,a24f236875ae64e90ac2659e91858d641ab1afc1e0a10df901307ea5e750b5bb,0c6ccc3b4dde105be3af1c1eaa3633efce2de6569391090bd0326def08d55c26,/path/to/Diffusion-TS/Utils/discriminative_metric.py,112.30911064147949,0
PETS-U,ETTh,256,42,100003,predictive_score,0,0.10761296609871351,True,4096,a24f236875ae64e90ac2659e91858d641ab1afc1e0a10df901307ea5e750b5bb,0c6ccc3b4dde105be3af1c1eaa3633efce2de6569391090bd0326def08d55c26,/path/to/Diffusion-TS/Utils/predictive_metric.py,249.0931830406189,2
PETS-U,ETTh,256,42,100003,predictive_score,42,0.11971188916322717,True,4096,a24f236875ae64e90ac2659e91858d641ab1afc1e0a10df901307ea5e750b5bb,0c6ccc3b4dde105be3af1c1eaa3633efce2de6569391090bd0326def08d55c26,/path/to/Diffusion-TS/Utils/predictive_metric.py,242.16970825195312,1
PETS-U,ETTh,256,42,100003,predictive_score,123,0.11237952125384254,True,4096,a24f236875ae64e90ac2659e91858d641ab1afc1e0a10df901307ea5e750b5bb,0c6ccc3b4dde105be3af1c1eaa3633efce2de6569391090bd0326def08d55c26,/path/to/Diffusion-TS/Utils/predictive_metric.py,242.61090779304504,0
PETS-U,ETTh,256,42,100004,context_fid,0,1.686996883183482,True,4096,a24f236875ae64e90ac2659e91858d641ab1afc1e0a10df901307ea5e750b5bb,471af5005fb43efe517e6ad116a56eca694d5a29acf532d0914a81c656ab375e,/path/to/PETS-FFT-Ablation/results/final_unconditional_main_v1/evaluators/ETTh/T256/ts2vec_seed_0.pt,1.4630074501037598,1
PETS-U,ETTh,256,42,100004,context_fid,42,1.678119758658386,True,4096,a24f236875ae64e90ac2659e91858d641ab1afc1e0a10df901307ea5e750b5bb,471af5005fb43efe517e6ad116a56eca694d5a29acf532d0914a81c656ab375e,/path/to/PETS-FFT-Ablation/results/final_unconditional_main_v1/evaluators/ETTh/T256/ts2vec_seed_42.pt,1.4122488498687744,1
PETS-U,ETTh,256,42,100004,context_fid,123,1.436857340532543,True,4096,a24f236875ae64e90ac2659e91858d641ab1afc1e0a10df901307ea5e750b5bb,471af5005fb43efe517e6ad116a56eca694d5a29acf532d0914a81c656ab375e,/path/to/PETS-FFT-Ablation/results/final_unconditional_main_v1/evaluators/ETTh/T256/ts2vec_seed_123.pt,1.4394354820251465,1
PETS-U,ETTh,256,42,100004,correlation_score,-1,0.11670112609863281,True,4096,a24f236875ae64e90ac2659e91858d641ab1afc1e0a10df901307ea5e750b5bb,471af5005fb43efe517e6ad116a56eca694d5a29acf532d0914a81c656ab375e,/path/to/Diffusion-TS/Utils/cross_correlation.py,0.1652507781982422,1
PETS-U,ETTh,256,42,100004,discriminative_score,0,0.2042682926829268,True,4096,a24f236875ae64e90ac2659e91858d641ab1afc1e0a10df901307ea5e750b5bb,471af5005fb43efe517e6ad116a56eca694d5a29acf532d0914a81c656ab375e,/path/to/Diffusion-TS/Utils/discriminative_metric.py,111.15309524536133,1
PETS-U,ETTh,256,42,100004,discriminative_score,42,0.21829268292682924,True,4096,a24f236875ae64e90ac2659e91858d641ab1afc1e0a10df901307ea5e750b5bb,471af5005fb43efe517e6ad116a56eca694d5a29acf532d0914a81c656ab375e,/path/to/Diffusion-TS/Utils/discriminative_metric.py,112.52755999565125,2
PETS-U,ETTh,256,42,100004,discriminative_score,123,0.2091463414634146,True,4096,a24f236875ae64e90ac2659e91858d641ab1afc1e0a10df901307ea5e750b5bb,471af5005fb43efe517e6ad116a56eca694d5a29acf532d0914a81c656ab375e,/path/to/Diffusion-TS/Utils/discriminative_metric.py,111.76208710670471,0
PETS-U,ETTh,256,42,100004,predictive_score,0,0.1082345249719765,True,4096,a24f236875ae64e90ac2659e91858d641ab1afc1e0a10df901307ea5e750b5bb,471af5005fb43efe517e6ad116a56eca694d5a29acf532d0914a81c656ab375e,/path/to/Diffusion-TS/Utils/predictive_metric.py,244.57018065452576,1
PETS-U,ETTh,256,42,100004,predictive_score,42,0.11895346151368358,True,4096,a24f236875ae64e90ac2659e91858d641ab1afc1e0a10df901307ea5e750b5bb,471af5005fb43efe517e6ad116a56eca694d5a29acf532d0914a81c656ab375e,/path/to/Diffusion-TS/Utils/predictive_metric.py,242.1163170337677,2
PETS-U,ETTh,256,42,100004,predictive_score,123,0.11100164531944756,True,4096,a24f236875ae64e90ac2659e91858d641ab1afc1e0a10df901307ea5e750b5bb,471af5005fb43efe517e6ad116a56eca694d5a29acf532d0914a81c656ab375e,/path/to/Diffusion-TS/Utils/predictive_metric.py,246.1208052635193,0
PETS-U,ETTh,256,123,100000,context_fid,0,1.6055906236605924,True,4096,a24f236875ae64e90ac2659e91858d641ab1afc1e0a10df901307ea5e750b5bb,612a1bbd6c648b474d41a06e66a4d8eaa107c5685977e3ce2398df0ecda97b63,/path/to/PETS-FFT-Ablation/results/final_unconditional_main_v1/evaluators/ETTh/T256/ts2vec_seed_0.pt,1.332183837890625,1
PETS-U,ETTh,256,123,100000,context_fid,42,1.5994298717996502,True,4096,a24f236875ae64e90ac2659e91858d641ab1afc1e0a10df901307ea5e750b5bb,612a1bbd6c648b474d41a06e66a4d8eaa107c5685977e3ce2398df0ecda97b63,/path/to/PETS-FFT-Ablation/results/final_unconditional_main_v1/evaluators/ETTh/T256/ts2vec_seed_42.pt,1.496180772781372,2
PETS-U,ETTh,256,123,100000,context_fid,123,1.3992529049067581,True,4096,a24f236875ae64e90ac2659e91858d641ab1afc1e0a10df901307ea5e750b5bb,612a1bbd6c648b474d41a06e66a4d8eaa107c5685977e3ce2398df0ecda97b63,/path/to/PETS-FFT-Ablation/results/final_unconditional_main_v1/evaluators/ETTh/T256/ts2vec_seed_123.pt,1.5788171291351318,1
PETS-U,ETTh,256,123,100000,correlation_score,-1,0.11993710696697235,True,4096,a24f236875ae64e90ac2659e91858d641ab1afc1e0a10df901307ea5e750b5bb,612a1bbd6c648b474d41a06e66a4d8eaa107c5685977e3ce2398df0ecda97b63,/path/to/Diffusion-TS/Utils/cross_correlation.py,0.17291474342346191,1
PETS-U,ETTh,256,123,100000,discriminative_score,0,0.20548780487804874,True,4096,a24f236875ae64e90ac2659e91858d641ab1afc1e0a10df901307ea5e750b5bb,612a1bbd6c648b474d41a06e66a4d8eaa107c5685977e3ce2398df0ecda97b63,/path/to/Diffusion-TS/Utils/discriminative_metric.py,112.60852360725403,2
PETS-U,ETTh,256,123,100000,discriminative_score,42,0.19024390243902434,True,4096,a24f236875ae64e90ac2659e91858d641ab1afc1e0a10df901307ea5e750b5bb,612a1bbd6c648b474d41a06e66a4d8eaa107c5685977e3ce2398df0ecda97b63,/path/to/Diffusion-TS/Utils/discriminative_metric.py,111.80845308303833,1
PETS-U,ETTh,256,123,100000,discriminative_score,123,0.20975609756097557,True,4096,a24f236875ae64e90ac2659e91858d641ab1afc1e0a10df901307ea5e750b5bb,612a1bbd6c648b474d41a06e66a4d8eaa107c5685977e3ce2398df0ecda97b63,/path/to/Diffusion-TS/Utils/discriminative_metric.py,112.08357548713684,0
PETS-U,ETTh,256,123,100000,predictive_score,0,0.10938179335244058,True,4096,a24f236875ae64e90ac2659e91858d641ab1afc1e0a10df901307ea5e750b5bb,612a1bbd6c648b474d41a06e66a4d8eaa107c5685977e3ce2398df0ecda97b63,/path/to/Diffusion-TS/Utils/predictive_metric.py,245.4957399368286,1
PETS-U,ETTh,256,123,100000,predictive_score,42,0.12345336605949342,True,4096,a24f236875ae64e90ac2659e91858d641ab1afc1e0a10df901307ea5e750b5bb,612a1bbd6c648b474d41a06e66a4d8eaa107c5685977e3ce2398df0ecda97b63,/path/to/Diffusion-TS/Utils/predictive_metric.py,246.7888698577881,2
PETS-U,ETTh,256,123,100000,predictive_score,123,0.11364052111184719,True,4096,a24f236875ae64e90ac2659e91858d641ab1afc1e0a10df901307ea5e750b5bb,612a1bbd6c648b474d41a06e66a4d8eaa107c5685977e3ce2398df0ecda97b63,/path/to/Diffusion-TS/Utils/predictive_metric.py,241.80172324180603,0
PETS-U,ETTh,256,123,100001,context_fid,0,1.6229988059713403,True,4096,a24f236875ae64e90ac2659e91858d641ab1afc1e0a10df901307ea5e750b5bb,2fdf542b47f17d39af419df3d9040ffaaf1cc343b6012bd111fc993e06653874,/path/to/PETS-FFT-Ablation/results/final_unconditional_main_v1/evaluators/ETTh/T256/ts2vec_seed_0.pt,1.4378752708435059,1
PETS-U,ETTh,256,123,100001,context_fid,42,1.6193215505432783,True,4096,a24f236875ae64e90ac2659e91858d641ab1afc1e0a10df901307ea5e750b5bb,2fdf542b47f17d39af419df3d9040ffaaf1cc343b6012bd111fc993e06653874,/path/to/PETS-FFT-Ablation/results/final_unconditional_main_v1/evaluators/ETTh/T256/ts2vec_seed_42.pt,1.482496976852417,1
PETS-U,ETTh,256,123,100001,context_fid,123,1.4123987150930337,True,4096,a24f236875ae64e90ac2659e91858d641ab1afc1e0a10df901307ea5e750b5bb,2fdf542b47f17d39af419df3d9040ffaaf1cc343b6012bd111fc993e06653874,/path/to/PETS-FFT-Ablation/results/final_unconditional_main_v1/evaluators/ETTh/T256/ts2vec_seed_123.pt,1.5450348854064941,2
PETS-U,ETTh,256,123,100001,correlation_score,-1,0.12067870795726776,True,4096,a24f236875ae64e90ac2659e91858d641ab1afc1e0a10df901307ea5e750b5bb,2fdf542b47f17d39af419df3d9040ffaaf1cc343b6012bd111fc993e06653874,/path/to/Diffusion-TS/Utils/cross_correlation.py,0.17238283157348633,1
PETS-U,ETTh,256,123,100001,discriminative_score,0,0.21890243902439022,True,4096,a24f236875ae64e90ac2659e91858d641ab1afc1e0a10df901307ea5e750b5bb,2fdf542b47f17d39af419df3d9040ffaaf1cc343b6012bd111fc993e06653874,/path/to/Diffusion-TS/Utils/discriminative_metric.py,111.96016454696655,0
PETS-U,ETTh,256,123,100001,discriminative_score,42,0.19207317073170727,True,4096,a24f236875ae64e90ac2659e91858d641ab1afc1e0a10df901307ea5e750b5bb,2fdf542b47f17d39af419df3d9040ffaaf1cc343b6012bd111fc993e06653874,/path/to/Diffusion-TS/Utils/discriminative_metric.py,111.40129947662354,1
PETS-U,ETTh,256,123,100001,discriminative_score,123,0.22499999999999998,True,4096,a24f236875ae64e90ac2659e91858d641ab1afc1e0a10df901307ea5e750b5bb,2fdf542b47f17d39af419df3d9040ffaaf1cc343b6012bd111fc993e06653874,/path/to/Diffusion-TS/Utils/discriminative_metric.py,111.40872192382812,2
PETS-U,ETTh,256,123,100001,predictive_score,0,0.10799534925990883,True,4096,a24f236875ae64e90ac2659e91858d641ab1afc1e0a10df901307ea5e750b5bb,2fdf542b47f17d39af419df3d9040ffaaf1cc343b6012bd111fc993e06653874,/path/to/Diffusion-TS/Utils/predictive_metric.py,241.9376983642578,0
PETS-U,ETTh,256,123,100001,predictive_score,42,0.12283663615744445,True,4096,a24f236875ae64e90ac2659e91858d641ab1afc1e0a10df901307ea5e750b5bb,2fdf542b47f17d39af419df3d9040ffaaf1cc343b6012bd111fc993e06653874,/path/to/Diffusion-TS/Utils/predictive_metric.py,242.96491026878357,1
PETS-U,ETTh,256,123,100001,predictive_score,123,0.13403588298069735,True,4096,a24f236875ae64e90ac2659e91858d641ab1afc1e0a10df901307ea5e750b5bb,2fdf542b47f17d39af419df3d9040ffaaf1cc343b6012bd111fc993e06653874,/path/to/Diffusion-TS/Utils/predictive_metric.py,246.21887731552124,2
PETS-U,ETTh,256,123,100002,context_fid,0,1.5858751949393146,True,4096,a24f236875ae64e90ac2659e91858d641ab1afc1e0a10df901307ea5e750b5bb,449fb48733fa2fc154801423cdbeac4d3b28abb2badf43ea678a4649784cd093,/path/to/PETS-FFT-Ablation/results/final_unconditional_main_v1/evaluators/ETTh/T256/ts2vec_seed_0.pt,1.344940423965454,0
PETS-U,ETTh,256,123,100002,context_fid,42,1.5838590130629449,True,4096,a24f236875ae64e90ac2659e91858d641ab1afc1e0a10df901307ea5e750b5bb,449fb48733fa2fc154801423cdbeac4d3b28abb2badf43ea678a4649784cd093,/path/to/PETS-FFT-Ablation/results/final_unconditional_main_v1/evaluators/ETTh/T256/ts2vec_seed_42.pt,1.4472382068634033,1
PETS-U,ETTh,256,123,100002,context_fid,123,1.378103185911419,True,4096,a24f236875ae64e90ac2659e91858d641ab1afc1e0a10df901307ea5e750b5bb,449fb48733fa2fc154801423cdbeac4d3b28abb2badf43ea678a4649784cd093,/path/to/PETS-FFT-Ablation/results/final_unconditional_main_v1/evaluators/ETTh/T256/ts2vec_seed_123.pt,1.5400311946868896,0
PETS-U,ETTh,256,123,100002,correlation_score,-1,0.11555347591638565,True,4096,a24f236875ae64e90ac2659e91858d641ab1afc1e0a10df901307ea5e750b5bb,449fb48733fa2fc154801423cdbeac4d3b28abb2badf43ea678a4649784cd093,/path/to/Diffusion-TS/Utils/cross_correlation.py,0.1723644733428955,0
PETS-U,ETTh,256,123,100002,discriminative_score,0,0.22317073170731705,True,4096,a24f236875ae64e90ac2659e91858d641ab1afc1e0a10df901307ea5e750b5bb,449fb48733fa2fc154801423cdbeac4d3b28abb2badf43ea678a4649784cd093,/path/to/Diffusion-TS/Utils/discriminative_metric.py,112.26468920707703,1
PETS-U,ETTh,256,123,100002,discriminative_score,42,0.18902439024390238,True,4096,a24f236875ae64e90ac2659e91858d641ab1afc1e0a10df901307ea5e750b5bb,449fb48733fa2fc154801423cdbeac4d3b28abb2badf43ea678a4649784cd093,/path/to/Diffusion-TS/Utils/discriminative_metric.py,111.68358302116394,0
PETS-U,ETTh,256,123,100002,discriminative_score,123,0.19024390243902434,True,4096,a24f236875ae64e90ac2659e91858d641ab1afc1e0a10df901307ea5e750b5bb,449fb48733fa2fc154801423cdbeac4d3b28abb2badf43ea678a4649784cd093,/path/to/Diffusion-TS/Utils/discriminative_metric.py,111.73806285858154,2
PETS-U,ETTh,256,123,100002,predictive_score,0,0.1092519252015336,True,4096,a24f236875ae64e90ac2659e91858d641ab1afc1e0a10df901307ea5e750b5bb,449fb48733fa2fc154801423cdbeac4d3b28abb2badf43ea678a4649784cd093,/path/to/Diffusion-TS/Utils/predictive_metric.py,240.46138334274292,0
PETS-U,ETTh,256,123,100002,predictive_score,42,0.12232738420334499,True,4096,a24f236875ae64e90ac2659e91858d641ab1afc1e0a10df901307ea5e750b5bb,449fb48733fa2fc154801423cdbeac4d3b28abb2badf43ea678a4649784cd093,/path/to/Diffusion-TS/Utils/predictive_metric.py,241.3579490184784,1
PETS-U,ETTh,256,123,100002,predictive_score,123,0.11567098656587405,True,4096,a24f236875ae64e90ac2659e91858d641ab1afc1e0a10df901307ea5e750b5bb,449fb48733fa2fc154801423cdbeac4d3b28abb2badf43ea678a4649784cd093,/path/to/Diffusion-TS/Utils/predictive_metric.py,240.71018934249878,2
PETS-U,ETTh,256,123,100003,context_fid,0,1.5722578779850496,True,4096,a24f236875ae64e90ac2659e91858d641ab1afc1e0a10df901307ea5e750b5bb,fcdf1e2ba7967cd6bdb0292b33a0bfa70459557dc3b2ebd598919e2795adc58e,/path/to/PETS-FFT-Ablation/results/final_unconditional_main_v1/evaluators/ETTh/T256/ts2vec_seed_0.pt,1.5470359325408936,0
PETS-U,ETTh,256,123,100003,context_fid,42,1.5703306674042317,True,4096,a24f236875ae64e90ac2659e91858d641ab1afc1e0a10df901307ea5e750b5bb,fcdf1e2ba7967cd6bdb0292b33a0bfa70459557dc3b2ebd598919e2795adc58e,/path/to/PETS-FFT-Ablation/results/final_unconditional_main_v1/evaluators/ETTh/T256/ts2vec_seed_42.pt,1.4477782249450684,1
PETS-U,ETTh,256,123,100003,context_fid,123,1.3742057882581917,True,4096,a24f236875ae64e90ac2659e91858d641ab1afc1e0a10df901307ea5e750b5bb,fcdf1e2ba7967cd6bdb0292b33a0bfa70459557dc3b2ebd598919e2795adc58e,/path/to/PETS-FFT-Ablation/results/final_unconditional_main_v1/evaluators/ETTh/T256/ts2vec_seed_123.pt,1.4447646141052246,0
PETS-U,ETTh,256,123,100003,correlation_score,-1,0.11600353568792343,True,4096,a24f236875ae64e90ac2659e91858d641ab1afc1e0a10df901307ea5e750b5bb,fcdf1e2ba7967cd6bdb0292b33a0bfa70459557dc3b2ebd598919e2795adc58e,/path/to/Diffusion-TS/Utils/cross_correlation.py,0.17422056198120117,0
PETS-U,ETTh,256,123,100003,discriminative_score,0,0.23292682926829267,True,4096,a24f236875ae64e90ac2659e91858d641ab1afc1e0a10df901307ea5e750b5bb,fcdf1e2ba7967cd6bdb0292b33a0bfa70459557dc3b2ebd598919e2795adc58e,/path/to/Diffusion-TS/Utils/discriminative_metric.py,111.74977898597717,2
PETS-U,ETTh,256,123,100003,discriminative_score,42,0.20182926829268288,True,4096,a24f236875ae64e90ac2659e91858d641ab1afc1e0a10df901307ea5e750b5bb,fcdf1e2ba7967cd6bdb0292b33a0bfa70459557dc3b2ebd598919e2795adc58e,/path/to/Diffusion-TS/Utils/discriminative_metric.py,112.14928650856018,1
PETS-U,ETTh,256,123,100003,discriminative_score,123,0.19207317073170727,True,4096,a24f236875ae64e90ac2659e91858d641ab1afc1e0a10df901307ea5e750b5bb,fcdf1e2ba7967cd6bdb0292b33a0bfa70459557dc3b2ebd598919e2795adc58e,/path/to/Diffusion-TS/Utils/discriminative_metric.py,111.33805465698242,0
PETS-U,ETTh,256,123,100003,predictive_score,0,0.10911331167608296,True,4096,a24f236875ae64e90ac2659e91858d641ab1afc1e0a10df901307ea5e750b5bb,fcdf1e2ba7967cd6bdb0292b33a0bfa70459557dc3b2ebd598919e2795adc58e,/path/to/Diffusion-TS/Utils/predictive_metric.py,244.52437233924866,2
PETS-U,ETTh,256,123,100003,predictive_score,42,0.12319118859886657,True,4096,a24f236875ae64e90ac2659e91858d641ab1afc1e0a10df901307ea5e750b5bb,fcdf1e2ba7967cd6bdb0292b33a0bfa70459557dc3b2ebd598919e2795adc58e,/path/to/Diffusion-TS/Utils/predictive_metric.py,246.19684028625488,0
PETS-U,ETTh,256,123,100003,predictive_score,123,0.11076787509000496,True,4096,a24f236875ae64e90ac2659e91858d641ab1afc1e0a10df901307ea5e750b5bb,fcdf1e2ba7967cd6bdb0292b33a0bfa70459557dc3b2ebd598919e2795adc58e,/path/to/Diffusion-TS/Utils/predictive_metric.py,238.2896387577057,1
PETS-U,ETTh,256,123,100004,context_fid,0,1.592927784420838,True,4096,a24f236875ae64e90ac2659e91858d641ab1afc1e0a10df901307ea5e750b5bb,c35a89c64f8cb6fe013b6d2ed775c733b397c13e068b8746319ccef2a7c7f11c,/path/to/PETS-FFT-Ablation/results/final_unconditional_main_v1/evaluators/ETTh/T256/ts2vec_seed_0.pt,1.4225893020629883,1
PETS-U,ETTh,256,123,100004,context_fid,42,1.5872434935097244,True,4096,a24f236875ae64e90ac2659e91858d641ab1afc1e0a10df901307ea5e750b5bb,c35a89c64f8cb6fe013b6d2ed775c733b397c13e068b8746319ccef2a7c7f11c,/path/to/PETS-FFT-Ablation/results/final_unconditional_main_v1/evaluators/ETTh/T256/ts2vec_seed_42.pt,1.4477269649505615,1
PETS-U,ETTh,256,123,100004,context_fid,123,1.38538373534461,True,4096,a24f236875ae64e90ac2659e91858d641ab1afc1e0a10df901307ea5e750b5bb,c35a89c64f8cb6fe013b6d2ed775c733b397c13e068b8746319ccef2a7c7f11c,/path/to/PETS-FFT-Ablation/results/final_unconditional_main_v1/evaluators/ETTh/T256/ts2vec_seed_123.pt,1.385507345199585,1
PETS-U,ETTh,256,123,100004,correlation_score,-1,0.11612258106470108,True,4096,a24f236875ae64e90ac2659e91858d641ab1afc1e0a10df901307ea5e750b5bb,c35a89c64f8cb6fe013b6d2ed775c733b397c13e068b8746319ccef2a7c7f11c,/path/to/Diffusion-TS/Utils/cross_correlation.py,0.1740875244140625,1
PETS-U,ETTh,256,123,100004,discriminative_score,0,0.21097560975609753,True,4096,a24f236875ae64e90ac2659e91858d641ab1afc1e0a10df901307ea5e750b5bb,c35a89c64f8cb6fe013b6d2ed775c733b397c13e068b8746319ccef2a7c7f11c,/path/to/Diffusion-TS/Utils/discriminative_metric.py,113.03655505180359,1
PETS-U,ETTh,256,123,100004,discriminative_score,42,0.2012195121951219,True,4096,a24f236875ae64e90ac2659e91858d641ab1afc1e0a10df901307ea5e750b5bb,c35a89c64f8cb6fe013b6d2ed775c733b397c13e068b8746319ccef2a7c7f11c,/path/to/Diffusion-TS/Utils/discriminative_metric.py,112.13338279724121,2
PETS-U,ETTh,256,123,100004,discriminative_score,123,0.18597560975609762,True,4096,a24f236875ae64e90ac2659e91858d641ab1afc1e0a10df901307ea5e750b5bb,c35a89c64f8cb6fe013b6d2ed775c733b397c13e068b8746319ccef2a7c7f11c,/path/to/Diffusion-TS/Utils/discriminative_metric.py,111.72070860862732,0
PETS-U,ETTh,256,123,100004,predictive_score,0,0.10819607899065886,True,4096,a24f236875ae64e90ac2659e91858d641ab1afc1e0a10df901307ea5e750b5bb,c35a89c64f8cb6fe013b6d2ed775c733b397c13e068b8746319ccef2a7c7f11c,/path/to/Diffusion-TS/Utils/predictive_metric.py,248.21652102470398,2
PETS-U,ETTh,256,123,100004,predictive_score,42,0.12274282148655402,True,4096,a24f236875ae64e90ac2659e91858d641ab1afc1e0a10df901307ea5e750b5bb,c35a89c64f8cb6fe013b6d2ed775c733b397c13e068b8746319ccef2a7c7f11c,/path/to/Diffusion-TS/Utils/predictive_metric.py,244.78135061264038,1
PETS-U,ETTh,256,123,100004,predictive_score,123,0.11491889856142734,True,4096,a24f236875ae64e90ac2659e91858d641ab1afc1e0a10df901307ea5e750b5bb,c35a89c64f8cb6fe013b6d2ed775c733b397c13e068b8746319ccef2a7c7f11c,/path/to/Diffusion-TS/Utils/predictive_metric.py,246.79005455970764,0
Diffusion-TS,Energy,64,0,100000,context_fid,0,0.924281971808558,True,4096,4de04ef73b0e56b19af594a31b813a4697ed7c514b305259bb0ad4595412bc35,e894fdca7597a52277dbfab5eb39f2394aa54da2e62e0a3b8a012f991d92c4ea,/path/to/PETS-FFT-Ablation/results/final_unconditional_main_v1/evaluators/Energy/T64/ts2vec_seed_0.pt,1.3257145881652832,0
Diffusion-TS,Energy,64,0,100000,context_fid,42,0.6272993951879915,True,4096,4de04ef73b0e56b19af594a31b813a4697ed7c514b305259bb0ad4595412bc35,e894fdca7597a52277dbfab5eb39f2394aa54da2e62e0a3b8a012f991d92c4ea,/path/to/PETS-FFT-Ablation/results/final_unconditional_main_v1/evaluators/Energy/T64/ts2vec_seed_42.pt,1.5538718700408936,0
Diffusion-TS,Energy,64,0,100000,context_fid,123,0.8591934379452084,True,4096,4de04ef73b0e56b19af594a31b813a4697ed7c514b305259bb0ad4595412bc35,e894fdca7597a52277dbfab5eb39f2394aa54da2e62e0a3b8a012f991d92c4ea,/path/to/PETS-FFT-Ablation/results/final_unconditional_main_v1/evaluators/Energy/T64/ts2vec_seed_123.pt,1.4972798824310303,1
Diffusion-TS,Energy,64,0,100000,correlation_score,-1,1.3014601469039917,True,4096,4de04ef73b0e56b19af594a31b813a4697ed7c514b305259bb0ad4595412bc35,e894fdca7597a52277dbfab5eb39f2394aa54da2e62e0a3b8a012f991d92c4ea,/path/to/Diffusion-TS/Utils/cross_correlation.py,0.36924028396606445,0
Diffusion-TS,Energy,64,0,100000,discriminative_score,0,0.375,True,4096,4de04ef73b0e56b19af594a31b813a4697ed7c514b305259bb0ad4595412bc35,e894fdca7597a52277dbfab5eb39f2394aa54da2e62e0a3b8a012f991d92c4ea,/path/to/Diffusion-TS/Utils/discriminative_metric.py,41.911600828170776,2
Diffusion-TS,Energy,64,0,100000,discriminative_score,42,0.3695121951219512,True,4096,4de04ef73b0e56b19af594a31b813a4697ed7c514b305259bb0ad4595412bc35,e894fdca7597a52277dbfab5eb39f2394aa54da2e62e0a3b8a012f991d92c4ea,/path/to/Diffusion-TS/Utils/discriminative_metric.py,41.892174243927,0
Diffusion-TS,Energy,64,0,100000,discriminative_score,123,0.4280487804878049,True,4096,4de04ef73b0e56b19af594a31b813a4697ed7c514b305259bb0ad4595412bc35,e894fdca7597a52277dbfab5eb39f2394aa54da2e62e0a3b8a012f991d92c4ea,/path/to/Diffusion-TS/Utils/discriminative_metric.py,42.009727478027344,1
Diffusion-TS,Energy,64,0,100000,predictive_score,0,0.2553448525322892,True,4096,4de04ef73b0e56b19af594a31b813a4697ed7c514b305259bb0ad4595412bc35,e894fdca7597a52277dbfab5eb39f2394aa54da2e62e0a3b8a012f991d92c4ea,/path/to/Diffusion-TS/Utils/predictive_metric.py,87.5657308101654,2
Diffusion-TS,Energy,64,0,100000,predictive_score,42,0.25625677234347677,True,4096,4de04ef73b0e56b19af594a31b813a4697ed7c514b305259bb0ad4595412bc35,e894fdca7597a52277dbfab5eb39f2394aa54da2e62e0a3b8a012f991d92c4ea,/path/to/Diffusion-TS/Utils/predictive_metric.py,88.23446130752563,0
Diffusion-TS,Energy,64,0,100000,predictive_score,123,0.2571887046069605,True,4096,4de04ef73b0e56b19af594a31b813a4697ed7c514b305259bb0ad4595412bc35,e894fdca7597a52277dbfab5eb39f2394aa54da2e62e0a3b8a012f991d92c4ea,/path/to/Diffusion-TS/Utils/predictive_metric.py,88.39303684234619,1
Diffusion-TS,Energy,64,0,100001,context_fid,0,0.9348240593172185,True,4096,4de04ef73b0e56b19af594a31b813a4697ed7c514b305259bb0ad4595412bc35,65c0fd8ab10fb4849cb8d87a2b48f4834a50ab0072986ffc158f1576ef703003,/path/to/PETS-FFT-Ablation/results/final_unconditional_main_v1/evaluators/Energy/T64/ts2vec_seed_0.pt,1.275277853012085,2
Diffusion-TS,Energy,64,0,100001,context_fid,42,0.610307618005109,True,4096,4de04ef73b0e56b19af594a31b813a4697ed7c514b305259bb0ad4595412bc35,65c0fd8ab10fb4849cb8d87a2b48f4834a50ab0072986ffc158f1576ef703003,/path/to/PETS-FFT-Ablation/results/final_unconditional_main_v1/evaluators/Energy/T64/ts2vec_seed_42.pt,1.3112754821777344,0
Diffusion-TS,Energy,64,0,100001,context_fid,123,0.8520070172704862,True,4096,4de04ef73b0e56b19af594a31b813a4697ed7c514b305259bb0ad4595412bc35,65c0fd8ab10fb4849cb8d87a2b48f4834a50ab0072986ffc158f1576ef703003,/path/to/PETS-FFT-Ablation/results/final_unconditional_main_v1/evaluators/Energy/T64/ts2vec_seed_123.pt,1.4217722415924072,2
Diffusion-TS,Energy,64,0,100001,correlation_score,-1,1.2922662496566772,True,4096,4de04ef73b0e56b19af594a31b813a4697ed7c514b305259bb0ad4595412bc35,65c0fd8ab10fb4849cb8d87a2b48f4834a50ab0072986ffc158f1576ef703003,/path/to/Diffusion-TS/Utils/cross_correlation.py,0.37195396423339844,2
Diffusion-TS,Energy,64,0,100001,discriminative_score,0,0.3603658536585366,True,4096,4de04ef73b0e56b19af594a31b813a4697ed7c514b305259bb0ad4595412bc35,65c0fd8ab10fb4849cb8d87a2b48f4834a50ab0072986ffc158f1576ef703003,/path/to/Diffusion-TS/Utils/discriminative_metric.py,42.22120189666748,1
Diffusion-TS,Energy,64,0,100001,discriminative_score,42,0.3725609756097561,True,4096,4de04ef73b0e56b19af594a31b813a4697ed7c514b305259bb0ad4595412bc35,65c0fd8ab10fb4849cb8d87a2b48f4834a50ab0072986ffc158f1576ef703003,/path/to/Diffusion-TS/Utils/discriminative_metric.py,42.06298112869263,0
Diffusion-TS,Energy,64,0,100001,discriminative_score,123,0.40426829268292686,True,4096,4de04ef73b0e56b19af594a31b813a4697ed7c514b305259bb0ad4595412bc35,65c0fd8ab10fb4849cb8d87a2b48f4834a50ab0072986ffc158f1576ef703003,/path/to/Diffusion-TS/Utils/discriminative_metric.py,41.82453012466431,2
Diffusion-TS,Energy,64,0,100001,predictive_score,0,0.25699121691286564,True,4096,4de04ef73b0e56b19af594a31b813a4697ed7c514b305259bb0ad4595412bc35,65c0fd8ab10fb4849cb8d87a2b48f4834a50ab0072986ffc158f1576ef703003,/path/to/Diffusion-TS/Utils/predictive_metric.py,89.0646321773529,1
Diffusion-TS,Energy,64,0,100001,predictive_score,42,0.2583763295551762,True,4096,4de04ef73b0e56b19af594a31b813a4697ed7c514b305259bb0ad4595412bc35,65c0fd8ab10fb4849cb8d87a2b48f4834a50ab0072986ffc158f1576ef703003,/path/to/Diffusion-TS/Utils/predictive_metric.py,88.24951195716858,0
Diffusion-TS,Energy,64,0,100001,predictive_score,123,0.2559699467383325,True,4096,4de04ef73b0e56b19af594a31b813a4697ed7c514b305259bb0ad4595412bc35,65c0fd8ab10fb4849cb8d87a2b48f4834a50ab0072986ffc158f1576ef703003,/path/to/Diffusion-TS/Utils/predictive_metric.py,87.50193810462952,2
Diffusion-TS,Energy,64,0,100002,context_fid,0,0.9513035223598443,True,4096,4de04ef73b0e56b19af594a31b813a4697ed7c514b305259bb0ad4595412bc35,639670711b50478ac77c495df203ac3a80b48612b51e226c43d6bb1fa5e80fef,/path/to/PETS-FFT-Ablation/results/final_unconditional_main_v1/evaluators/Energy/T64/ts2vec_seed_0.pt,1.6982266902923584,2
Diffusion-TS,Energy,64,0,100002,context_fid,42,0.6330644002889942,True,4096,4de04ef73b0e56b19af594a31b813a4697ed7c514b305259bb0ad4595412bc35,639670711b50478ac77c495df203ac3a80b48612b51e226c43d6bb1fa5e80fef,/path/to/PETS-FFT-Ablation/results/final_unconditional_main_v1/evaluators/Energy/T64/ts2vec_seed_42.pt,1.266207218170166,0
Diffusion-TS,Energy,64,0,100002,context_fid,123,0.8593920267341115,True,4096,4de04ef73b0e56b19af594a31b813a4697ed7c514b305259bb0ad4595412bc35,639670711b50478ac77c495df203ac3a80b48612b51e226c43d6bb1fa5e80fef,/path/to/PETS-FFT-Ablation/results/final_unconditional_main_v1/evaluators/Energy/T64/ts2vec_seed_123.pt,1.5311172008514404,1
Diffusion-TS,Energy,64,0,100002,correlation_score,-1,1.3433053493499756,True,4096,4de04ef73b0e56b19af594a31b813a4697ed7c514b305259bb0ad4595412bc35,639670711b50478ac77c495df203ac3a80b48612b51e226c43d6bb1fa5e80fef,/path/to/Diffusion-TS/Utils/cross_correlation.py,0.3634209632873535,2
Diffusion-TS,Energy,64,0,100002,discriminative_score,0,0.36829268292682926,True,4096,4de04ef73b0e56b19af594a31b813a4697ed7c514b305259bb0ad4595412bc35,639670711b50478ac77c495df203ac3a80b48612b51e226c43d6bb1fa5e80fef,/path/to/Diffusion-TS/Utils/discriminative_metric.py,42.16594934463501,0
Diffusion-TS,Energy,64,0,100002,discriminative_score,42,0.3475609756097561,True,4096,4de04ef73b0e56b19af594a31b813a4697ed7c514b305259bb0ad4595412bc35,639670711b50478ac77c495df203ac3a80b48612b51e226c43d6bb1fa5e80fef,/path/to/Diffusion-TS/Utils/discriminative_metric.py,41.86122465133667,2
Diffusion-TS,Energy,64,0,100002,discriminative_score,123,0.4152439024390244,True,4096,4de04ef73b0e56b19af594a31b813a4697ed7c514b305259bb0ad4595412bc35,639670711b50478ac77c495df203ac3a80b48612b51e226c43d6bb1fa5e80fef,/path/to/Diffusion-TS/Utils/discriminative_metric.py,41.86691188812256,1
Diffusion-TS,Energy,64,0,100002,predictive_score,0,0.2573300675212522,True,4096,4de04ef73b0e56b19af594a31b813a4697ed7c514b305259bb0ad4595412bc35,639670711b50478ac77c495df203ac3a80b48612b51e226c43d6bb1fa5e80fef,/path/to/Diffusion-TS/Utils/predictive_metric.py,87.79848003387451,0
Diffusion-TS,Energy,64,0,100002,predictive_score,42,0.25747104844776914,True,4096,4de04ef73b0e56b19af594a31b813a4697ed7c514b305259bb0ad4595412bc35,639670711b50478ac77c495df203ac3a80b48612b51e226c43d6bb1fa5e80fef,/path/to/Diffusion-TS/Utils/predictive_metric.py,87.06223511695862,2
Diffusion-TS,Energy,64,0,100002,predictive_score,123,0.25728819090727484,True,4096,4de04ef73b0e56b19af594a31b813a4697ed7c514b305259bb0ad4595412bc35,639670711b50478ac77c495df203ac3a80b48612b51e226c43d6bb1fa5e80fef,/path/to/Diffusion-TS/Utils/predictive_metric.py,87.43098449707031,1
Diffusion-TS,Energy,64,0,100003,context_fid,0,0.9279947200366753,True,4096,4de04ef73b0e56b19af594a31b813a4697ed7c514b305259bb0ad4595412bc35,927fb8ec58f6312c6454420e2d46a19900ab6b7883f887d4bd98c34635dcf26b,/path/to/PETS-FFT-Ablation/results/final_unconditional_main_v1/evaluators/Energy/T64/ts2vec_seed_0.pt,1.4891440868377686,2
Diffusion-TS,Energy,64,0,100003,context_fid,42,0.6194528255595326,True,4096,4de04ef73b0e56b19af594a31b813a4697ed7c514b305259bb0ad4595412bc35,927fb8ec58f6312c6454420e2d46a19900ab6b7883f887d4bd98c34635dcf26b,/path/to/PETS-FFT-Ablation/results/final_unconditional_main_v1/evaluators/Energy/T64/ts2vec_seed_42.pt,1.507378101348877,1
Diffusion-TS,Energy,64,0,100003,context_fid,123,0.8386156587207854,True,4096,4de04ef73b0e56b19af594a31b813a4697ed7c514b305259bb0ad4595412bc35,927fb8ec58f6312c6454420e2d46a19900ab6b7883f887d4bd98c34635dcf26b,/path/to/PETS-FFT-Ablation/results/final_unconditional_main_v1/evaluators/Energy/T64/ts2vec_seed_123.pt,1.3501851558685303,0
Diffusion-TS,Energy,64,0,100003,correlation_score,-1,1.2922768592834473,True,4096,4de04ef73b0e56b19af594a31b813a4697ed7c514b305259bb0ad4595412bc35,927fb8ec58f6312c6454420e2d46a19900ab6b7883f887d4bd98c34635dcf26b,/path/to/Diffusion-TS/Utils/cross_correlation.py,0.3674812316894531,2
Diffusion-TS,Energy,64,0,100003,discriminative_score,0,0.3573170731707317,True,4096,4de04ef73b0e56b19af594a31b813a4697ed7c514b305259bb0ad4595412bc35,927fb8ec58f6312c6454420e2d46a19900ab6b7883f887d4bd98c34635dcf26b,/path/to/Diffusion-TS/Utils/discriminative_metric.py,42.02657866477966,2
Diffusion-TS,Energy,64,0,100003,discriminative_score,42,0.349390243902439,True,4096,4de04ef73b0e56b19af594a31b813a4697ed7c514b305259bb0ad4595412bc35,927fb8ec58f6312c6454420e2d46a19900ab6b7883f887d4bd98c34635dcf26b,/path/to/Diffusion-TS/Utils/discriminative_metric.py,41.98689150810242,1
Diffusion-TS,Energy,64,0,100003,discriminative_score,123,0.4207317073170732,True,4096,4de04ef73b0e56b19af594a31b813a4697ed7c514b305259bb0ad4595412bc35,927fb8ec58f6312c6454420e2d46a19900ab6b7883f887d4bd98c34635dcf26b,/path/to/Diffusion-TS/Utils/discriminative_metric.py,41.83866572380066,0
Diffusion-TS,Energy,64,0,100003,predictive_score,0,0.255766931688413,True,4096,4de04ef73b0e56b19af594a31b813a4697ed7c514b305259bb0ad4595412bc35,927fb8ec58f6312c6454420e2d46a19900ab6b7883f887d4bd98c34635dcf26b,/path/to/Diffusion-TS/Utils/predictive_metric.py,86.94004940986633,0
Diffusion-TS,Energy,64,0,100003,predictive_score,42,0.2574532352555252,True,4096,4de04ef73b0e56b19af594a31b813a4697ed7c514b305259bb0ad4595412bc35,927fb8ec58f6312c6454420e2d46a19900ab6b7883f887d4bd98c34635dcf26b,/path/to/Diffusion-TS/Utils/predictive_metric.py,90.69497513771057,2
Diffusion-TS,Energy,64,0,100003,predictive_score,123,0.25629491773361224,True,4096,4de04ef73b0e56b19af594a31b813a4697ed7c514b305259bb0ad4595412bc35,927fb8ec58f6312c6454420e2d46a19900ab6b7883f887d4bd98c34635dcf26b,/path/to/Diffusion-TS/Utils/predictive_metric.py,87.86613273620605,1
Diffusion-TS,Energy,64,0,100004,context_fid,0,0.9385253582790009,True,4096,4de04ef73b0e56b19af594a31b813a4697ed7c514b305259bb0ad4595412bc35,a1056254d228cba8d34f615b135cd51ad98531b018f210a24061cfd54be9e246,/path/to/PETS-FFT-Ablation/results/final_unconditional_main_v1/evaluators/Energy/T64/ts2vec_seed_0.pt,1.3594756126403809,0
Diffusion-TS,Energy,64,0,100004,context_fid,42,0.6181766273144551,True,4096,4de04ef73b0e56b19af594a31b813a4697ed7c514b305259bb0ad4595412bc35,a1056254d228cba8d34f615b135cd51ad98531b018f210a24061cfd54be9e246,/path/to/PETS-FFT-Ablation/results/final_unconditional_main_v1/evaluators/Energy/T64/ts2vec_seed_42.pt,1.4741590023040771,1
Diffusion-TS,Energy,64,0,100004,context_fid,123,0.8663047201635987,True,4096,4de04ef73b0e56b19af594a31b813a4697ed7c514b305259bb0ad4595412bc35,a1056254d228cba8d34f615b135cd51ad98531b018f210a24061cfd54be9e246,/path/to/PETS-FFT-Ablation/results/final_unconditional_main_v1/evaluators/Energy/T64/ts2vec_seed_123.pt,1.4455196857452393,0
Diffusion-TS,Energy,64,0,100004,correlation_score,-1,1.3142038583755493,True,4096,4de04ef73b0e56b19af594a31b813a4697ed7c514b305259bb0ad4595412bc35,a1056254d228cba8d34f615b135cd51ad98531b018f210a24061cfd54be9e246,/path/to/Diffusion-TS/Utils/cross_correlation.py,0.37316083908081055,0
Diffusion-TS,Energy,64,0,100004,discriminative_score,0,0.37134146341463414,True,4096,4de04ef73b0e56b19af594a31b813a4697ed7c514b305259bb0ad4595412bc35,a1056254d228cba8d34f615b135cd51ad98531b018f210a24061cfd54be9e246,/path/to/Diffusion-TS/Utils/discriminative_metric.py,42.22769474983215,1
Diffusion-TS,Energy,64,0,100004,discriminative_score,42,0.37134146341463414,True,4096,4de04ef73b0e56b19af594a31b813a4697ed7c514b305259bb0ad4595412bc35,a1056254d228cba8d34f615b135cd51ad98531b018f210a24061cfd54be9e246,/path/to/Diffusion-TS/Utils/discriminative_metric.py,42.41335153579712,0
Diffusion-TS,Energy,64,0,100004,discriminative_score,123,0.42195121951219516,True,4096,4de04ef73b0e56b19af594a31b813a4697ed7c514b305259bb0ad4595412bc35,a1056254d228cba8d34f615b135cd51ad98531b018f210a24061cfd54be9e246,/path/to/Diffusion-TS/Utils/discriminative_metric.py,41.81173872947693,2
Diffusion-TS,Energy,64,0,100004,predictive_score,0,0.2557816046755761,True,4096,4de04ef73b0e56b19af594a31b813a4697ed7c514b305259bb0ad4595412bc35,a1056254d228cba8d34f615b135cd51ad98531b018f210a24061cfd54be9e246,/path/to/Diffusion-TS/Utils/predictive_metric.py,89.83772444725037,1
Diffusion-TS,Energy,64,0,100004,predictive_score,42,0.2597779490388348,True,4096,4de04ef73b0e56b19af594a31b813a4697ed7c514b305259bb0ad4595412bc35,a1056254d228cba8d34f615b135cd51ad98531b018f210a24061cfd54be9e246,/path/to/Diffusion-TS/Utils/predictive_metric.py,87.65785121917725,2
Diffusion-TS,Energy,64,0,100004,predictive_score,123,0.2557667156215757,True,4096,4de04ef73b0e56b19af594a31b813a4697ed7c514b305259bb0ad4595412bc35,a1056254d228cba8d34f615b135cd51ad98531b018f210a24061cfd54be9e246,/path/to/Diffusion-TS/Utils/predictive_metric.py,88.09790372848511,0
Diffusion-TS,Energy,64,42,100000,context_fid,0,0.7054979063950053,True,4096,4de04ef73b0e56b19af594a31b813a4697ed7c514b305259bb0ad4595412bc35,7ff244d602c0f6afdec471d87887f5bc501aae3b99065081f8e82a1280bd2bbb,/path/to/PETS-FFT-Ablation/results/final_unconditional_main_v1/evaluators/Energy/T64/ts2vec_seed_0.pt,1.344649314880371,2
Diffusion-TS,Energy,64,42,100000,context_fid,42,0.45085765406394795,True,4096,4de04ef73b0e56b19af594a31b813a4697ed7c514b305259bb0ad4595412bc35,7ff244d602c0f6afdec471d87887f5bc501aae3b99065081f8e82a1280bd2bbb,/path/to/PETS-FFT-Ablation/results/final_unconditional_main_v1/evaluators/Energy/T64/ts2vec_seed_42.pt,1.367737054824829,0
Diffusion-TS,Energy,64,42,100000,context_fid,123,0.6420848799263721,True,4096,4de04ef73b0e56b19af594a31b813a4697ed7c514b305259bb0ad4595412bc35,7ff244d602c0f6afdec471d87887f5bc501aae3b99065081f8e82a1280bd2bbb,/path/to/PETS-FFT-Ablation/results/final_unconditional_main_v1/evaluators/Energy/T64/ts2vec_seed_123.pt,1.3755593299865723,1
Diffusion-TS,Energy,64,42,100000,correlation_score,-1,1.1630449295043945,True,4096,4de04ef73b0e56b19af594a31b813a4697ed7c514b305259bb0ad4595412bc35,7ff244d602c0f6afdec471d87887f5bc501aae3b99065081f8e82a1280bd2bbb,/path/to/Diffusion-TS/Utils/cross_correlation.py,0.378354549407959,2
Diffusion-TS,Energy,64,42,100000,discriminative_score,0,0.35060975609756095,True,4096,4de04ef73b0e56b19af594a31b813a4697ed7c514b305259bb0ad4595412bc35,7ff244d602c0f6afdec471d87887f5bc501aae3b99065081f8e82a1280bd2bbb,/path/to/Diffusion-TS/Utils/discriminative_metric.py,42.050946950912476,2
Diffusion-TS,Energy,64,42,100000,discriminative_score,42,0.36341463414634145,True,4096,4de04ef73b0e56b19af594a31b813a4697ed7c514b305259bb0ad4595412bc35,7ff244d602c0f6afdec471d87887f5bc501aae3b99065081f8e82a1280bd2bbb,/path/to/Diffusion-TS/Utils/discriminative_metric.py,42.29178071022034,0
Diffusion-TS,Energy,64,42,100000,discriminative_score,123,0.3573170731707317,True,4096,4de04ef73b0e56b19af594a31b813a4697ed7c514b305259bb0ad4595412bc35,7ff244d602c0f6afdec471d87887f5bc501aae3b99065081f8e82a1280bd2bbb,/path/to/Diffusion-TS/Utils/discriminative_metric.py,41.91296625137329,1
Diffusion-TS,Energy,64,42,100000,predictive_score,0,0.25357628301208024,True,4096,4de04ef73b0e56b19af594a31b813a4697ed7c514b305259bb0ad4595412bc35,7ff244d602c0f6afdec471d87887f5bc501aae3b99065081f8e82a1280bd2bbb,/path/to/Diffusion-TS/Utils/predictive_metric.py,90.03585076332092,2
Diffusion-TS,Energy,64,42,100000,predictive_score,42,0.25719406009375234,True,4096,4de04ef73b0e56b19af594a31b813a4697ed7c514b305259bb0ad4595412bc35,7ff244d602c0f6afdec471d87887f5bc501aae3b99065081f8e82a1280bd2bbb,/path/to/Diffusion-TS/Utils/predictive_metric.py,87.95441627502441,0
Diffusion-TS,Energy,64,42,100000,predictive_score,123,0.2872073559301498,True,4096,4de04ef73b0e56b19af594a31b813a4697ed7c514b305259bb0ad4595412bc35,7ff244d602c0f6afdec471d87887f5bc501aae3b99065081f8e82a1280bd2bbb,/path/to/Diffusion-TS/Utils/predictive_metric.py,90.5407075881958,1
Diffusion-TS,Energy,64,42,100001,context_fid,0,0.7330880575686531,True,4096,4de04ef73b0e56b19af594a31b813a4697ed7c514b305259bb0ad4595412bc35,e7605d732d74206276da1542cf93ddcf12e4301100ee39a8a527c32094e47ac1,/path/to/PETS-FFT-Ablation/results/final_unconditional_main_v1/evaluators/Energy/T64/ts2vec_seed_0.pt,1.3441870212554932,0
Diffusion-TS,Energy,64,42,100001,context_fid,42,0.46411498064335,True,4096,4de04ef73b0e56b19af594a31b813a4697ed7c514b305259bb0ad4595412bc35,e7605d732d74206276da1542cf93ddcf12e4301100ee39a8a527c32094e47ac1,/path/to/PETS-FFT-Ablation/results/final_unconditional_main_v1/evaluators/Energy/T64/ts2vec_seed_42.pt,1.4891390800476074,0
Diffusion-TS,Energy,64,42,100001,context_fid,123,0.6806576838636897,True,4096,4de04ef73b0e56b19af594a31b813a4697ed7c514b305259bb0ad4595412bc35,e7605d732d74206276da1542cf93ddcf12e4301100ee39a8a527c32094e47ac1,/path/to/PETS-FFT-Ablation/results/final_unconditional_main_v1/evaluators/Energy/T64/ts2vec_seed_123.pt,1.3423244953155518,2
Diffusion-TS,Energy,64,42,100001,correlation_score,-1,1.2602033615112305,True,4096,4de04ef73b0e56b19af594a31b813a4697ed7c514b305259bb0ad4595412bc35,e7605d732d74206276da1542cf93ddcf12e4301100ee39a8a527c32094e47ac1,/path/to/Diffusion-TS/Utils/cross_correlation.py,0.3801116943359375,0
Diffusion-TS,Energy,64,42,100001,discriminative_score,0,0.34329268292682924,True,4096,4de04ef73b0e56b19af594a31b813a4697ed7c514b305259bb0ad4595412bc35,e7605d732d74206276da1542cf93ddcf12e4301100ee39a8a527c32094e47ac1,/path/to/Diffusion-TS/Utils/discriminative_metric.py,42.48522472381592,2
Diffusion-TS,Energy,64,42,100001,discriminative_score,42,0.3591463414634146,True,4096,4de04ef73b0e56b19af594a31b813a4697ed7c514b305259bb0ad4595412bc35,e7605d732d74206276da1542cf93ddcf12e4301100ee39a8a527c32094e47ac1,/path/to/Diffusion-TS/Utils/discriminative_metric.py,42.208325147628784,1
Diffusion-TS,Energy,64,42,100001,discriminative_score,123,0.348780487804878,True,4096,4de04ef73b0e56b19af594a31b813a4697ed7c514b305259bb0ad4595412bc35,e7605d732d74206276da1542cf93ddcf12e4301100ee39a8a527c32094e47ac1,/path/to/Diffusion-TS/Utils/discriminative_metric.py,42.01524591445923,0
Diffusion-TS,Energy,64,42,100001,predictive_score,0,0.2534103537982446,True,4096,4de04ef73b0e56b19af594a31b813a4697ed7c514b305259bb0ad4595412bc35,e7605d732d74206276da1542cf93ddcf12e4301100ee39a8a527c32094e47ac1,/path/to/Diffusion-TS/Utils/predictive_metric.py,87.79954385757446,0
Diffusion-TS,Energy,64,42,100001,predictive_score,42,0.25648611279029865,True,4096,4de04ef73b0e56b19af594a31b813a4697ed7c514b305259bb0ad4595412bc35,e7605d732d74206276da1542cf93ddcf12e4301100ee39a8a527c32094e47ac1,/path/to/Diffusion-TS/Utils/predictive_metric.py,90.64384603500366,1
Diffusion-TS,Energy,64,42,100001,predictive_score,123,0.30969261207064847,True,4096,4de04ef73b0e56b19af594a31b813a4697ed7c514b305259bb0ad4595412bc35,e7605d732d74206276da1542cf93ddcf12e4301100ee39a8a527c32094e47ac1,/path/to/Diffusion-TS/Utils/predictive_metric.py,86.57171320915222,2
Diffusion-TS,Energy,64,42,100002,context_fid,0,0.7523511172050332,True,4096,4de04ef73b0e56b19af594a31b813a4697ed7c514b305259bb0ad4595412bc35,5cf3b20e13956bcdd7bbe11d007dcc8ac81d6206931009796fc366b9ee9382a6,/path/to/PETS-FFT-Ablation/results/final_unconditional_main_v1/evaluators/Energy/T64/ts2vec_seed_0.pt,1.308403491973877,2
Diffusion-TS,Energy,64,42,100002,context_fid,42,0.4839697475981565,True,4096,4de04ef73b0e56b19af594a31b813a4697ed7c514b305259bb0ad4595412bc35,5cf3b20e13956bcdd7bbe11d007dcc8ac81d6206931009796fc366b9ee9382a6,/path/to/PETS-FFT-Ablation/results/final_unconditional_main_v1/evaluators/Energy/T64/ts2vec_seed_42.pt,1.4680709838867188,0
Diffusion-TS,Energy,64,42,100002,context_fid,123,0.6887096651215449,True,4096,4de04ef73b0e56b19af594a31b813a4697ed7c514b305259bb0ad4595412bc35,5cf3b20e13956bcdd7bbe11d007dcc8ac81d6206931009796fc366b9ee9382a6,/path/to/PETS-FFT-Ablation/results/final_unconditional_main_v1/evaluators/Energy/T64/ts2vec_seed_123.pt,1.4970974922180176,2
Diffusion-TS,Energy,64,42,100002,correlation_score,-1,1.3202617168426514,True,4096,4de04ef73b0e56b19af594a31b813a4697ed7c514b305259bb0ad4595412bc35,5cf3b20e13956bcdd7bbe11d007dcc8ac81d6206931009796fc366b9ee9382a6,/path/to/Diffusion-TS/Utils/cross_correlation.py,0.3812563419342041,2
Diffusion-TS,Energy,64,42,100002,discriminative_score,0,0.3439024390243902,True,4096,4de04ef73b0e56b19af594a31b813a4697ed7c514b305259bb0ad4595412bc35,5cf3b20e13956bcdd7bbe11d007dcc8ac81d6206931009796fc366b9ee9382a6,/path/to/Diffusion-TS/Utils/discriminative_metric.py,42.16326832771301,0
Diffusion-TS,Energy,64,42,100002,discriminative_score,42,0.3475609756097561,True,4096,4de04ef73b0e56b19af594a31b813a4697ed7c514b305259bb0ad4595412bc35,5cf3b20e13956bcdd7bbe11d007dcc8ac81d6206931009796fc366b9ee9382a6,/path/to/Diffusion-TS/Utils/discriminative_metric.py,42.0590181350708,2
Diffusion-TS,Energy,64,42,100002,discriminative_score,123,0.3646341463414634,True,4096,4de04ef73b0e56b19af594a31b813a4697ed7c514b305259bb0ad4595412bc35,5cf3b20e13956bcdd7bbe11d007dcc8ac81d6206931009796fc366b9ee9382a6,/path/to/Diffusion-TS/Utils/discriminative_metric.py,42.03677749633789,1
Diffusion-TS,Energy,64,42,100002,predictive_score,0,0.2534388880339975,True,4096,4de04ef73b0e56b19af594a31b813a4697ed7c514b305259bb0ad4595412bc35,5cf3b20e13956bcdd7bbe11d007dcc8ac81d6206931009796fc366b9ee9382a6,/path/to/Diffusion-TS/Utils/predictive_metric.py,89.27976870536804,0
Diffusion-TS,Energy,64,42,100002,predictive_score,42,0.2614742251789721,True,4096,4de04ef73b0e56b19af594a31b813a4697ed7c514b305259bb0ad4595412bc35,5cf3b20e13956bcdd7bbe11d007dcc8ac81d6206931009796fc366b9ee9382a6,/path/to/Diffusion-TS/Utils/predictive_metric.py,87.95155787467957,2
Diffusion-TS,Energy,64,42,100002,predictive_score,123,0.3103228561049036,True,4096,4de04ef73b0e56b19af594a31b813a4697ed7c514b305259bb0ad4595412bc35,5cf3b20e13956bcdd7bbe11d007dcc8ac81d6206931009796fc366b9ee9382a6,/path/to/Diffusion-TS/Utils/predictive_metric.py,87.15090346336365,1
Diffusion-TS,Energy,64,42,100003,context_fid,0,0.7474967831542233,True,4096,4de04ef73b0e56b19af594a31b813a4697ed7c514b305259bb0ad4595412bc35,30ecb3be2b8ba46d9e62e40425e3cc481fbdb0ccc64e768f19eed4cafe943fe4,/path/to/PETS-FFT-Ablation/results/final_unconditional_main_v1/evaluators/Energy/T64/ts2vec_seed_0.pt,1.2763900756835938,2
Diffusion-TS,Energy,64,42,100003,context_fid,42,0.4750199932940809,True,4096,4de04ef73b0e56b19af594a31b813a4697ed7c514b305259bb0ad4595412bc35,30ecb3be2b8ba46d9e62e40425e3cc481fbdb0ccc64e768f19eed4cafe943fe4,/path/to/PETS-FFT-Ablation/results/final_unconditional_main_v1/evaluators/Energy/T64/ts2vec_seed_42.pt,1.408571481704712,1
Diffusion-TS,Energy,64,42,100003,context_fid,123,0.6988221773471002,True,4096,4de04ef73b0e56b19af594a31b813a4697ed7c514b305259bb0ad4595412bc35,30ecb3be2b8ba46d9e62e40425e3cc481fbdb0ccc64e768f19eed4cafe943fe4,/path/to/PETS-FFT-Ablation/results/final_unconditional_main_v1/evaluators/Energy/T64/ts2vec_seed_123.pt,1.366283655166626,0
Diffusion-TS,Energy,64,42,100003,correlation_score,-1,1.3146454095840454,True,4096,4de04ef73b0e56b19af594a31b813a4697ed7c514b305259bb0ad4595412bc35,30ecb3be2b8ba46d9e62e40425e3cc481fbdb0ccc64e768f19eed4cafe943fe4,/path/to/Diffusion-TS/Utils/cross_correlation.py,0.3884766101837158,1
Diffusion-TS,Energy,64,42,100003,discriminative_score,0,0.34329268292682924,True,4096,4de04ef73b0e56b19af594a31b813a4697ed7c514b305259bb0ad4595412bc35,30ecb3be2b8ba46d9e62e40425e3cc481fbdb0ccc64e768f19eed4cafe943fe4,/path/to/Diffusion-TS/Utils/discriminative_metric.py,42.403409481048584,2
Diffusion-TS,Energy,64,42,100003,discriminative_score,42,0.3463414634146341,True,4096,4de04ef73b0e56b19af594a31b813a4697ed7c514b305259bb0ad4595412bc35,30ecb3be2b8ba46d9e62e40425e3cc481fbdb0ccc64e768f19eed4cafe943fe4,/path/to/Diffusion-TS/Utils/discriminative_metric.py,42.54236388206482,1
Diffusion-TS,Energy,64,42,100003,discriminative_score,123,0.3652439024390244,True,4096,4de04ef73b0e56b19af594a31b813a4697ed7c514b305259bb0ad4595412bc35,30ecb3be2b8ba46d9e62e40425e3cc481fbdb0ccc64e768f19eed4cafe943fe4,/path/to/Diffusion-TS/Utils/discriminative_metric.py,41.899168729782104,0
Diffusion-TS,Energy,64,42,100003,predictive_score,0,0.2531198436736304,True,4096,4de04ef73b0e56b19af594a31b813a4697ed7c514b305259bb0ad4595412bc35,30ecb3be2b8ba46d9e62e40425e3cc481fbdb0ccc64e768f19eed4cafe943fe4,/path/to/Diffusion-TS/Utils/predictive_metric.py,88.75825834274292,2
Diffusion-TS,Energy,64,42,100003,predictive_score,42,0.2553919553574815,True,4096,4de04ef73b0e56b19af594a31b813a4697ed7c514b305259bb0ad4595412bc35,30ecb3be2b8ba46d9e62e40425e3cc481fbdb0ccc64e768f19eed4cafe943fe4,/path/to/Diffusion-TS/Utils/predictive_metric.py,90.02780294418335,0
Diffusion-TS,Energy,64,42,100003,predictive_score,123,0.30825165242276853,True,4096,4de04ef73b0e56b19af594a31b813a4697ed7c514b305259bb0ad4595412bc35,30ecb3be2b8ba46d9e62e40425e3cc481fbdb0ccc64e768f19eed4cafe943fe4,/path/to/Diffusion-TS/Utils/predictive_metric.py,89.87478184700012,1
Diffusion-TS,Energy,64,42,100004,context_fid,0,0.7209897780665802,True,4096,4de04ef73b0e56b19af594a31b813a4697ed7c514b305259bb0ad4595412bc35,c5e378319b90864454e078be03d98d86859e4733e14d6c4adfa234960d0cb5de,/path/to/PETS-FFT-Ablation/results/final_unconditional_main_v1/evaluators/Energy/T64/ts2vec_seed_0.pt,1.5155489444732666,2
Diffusion-TS,Energy,64,42,100004,context_fid,42,0.4735849726762732,True,4096,4de04ef73b0e56b19af594a31b813a4697ed7c514b305259bb0ad4595412bc35,c5e378319b90864454e078be03d98d86859e4733e14d6c4adfa234960d0cb5de,/path/to/PETS-FFT-Ablation/results/final_unconditional_main_v1/evaluators/Energy/T64/ts2vec_seed_42.pt,1.3612151145935059,0
Diffusion-TS,Energy,64,42,100004,context_fid,123,0.6674007386116196,True,4096,4de04ef73b0e56b19af594a31b813a4697ed7c514b305259bb0ad4595412bc35,c5e378319b90864454e078be03d98d86859e4733e14d6c4adfa234960d0cb5de,/path/to/PETS-FFT-Ablation/results/final_unconditional_main_v1/evaluators/Energy/T64/ts2vec_seed_123.pt,1.5617899894714355,1
Diffusion-TS,Energy,64,42,100004,correlation_score,-1,1.1816648244857788,True,4096,4de04ef73b0e56b19af594a31b813a4697ed7c514b305259bb0ad4595412bc35,c5e378319b90864454e078be03d98d86859e4733e14d6c4adfa234960d0cb5de,/path/to/Diffusion-TS/Utils/cross_correlation.py,0.39089393615722656,2
Diffusion-TS,Energy,64,42,100004,discriminative_score,0,0.33292682926829265,True,4096,4de04ef73b0e56b19af594a31b813a4697ed7c514b305259bb0ad4595412bc35,c5e378319b90864454e078be03d98d86859e4733e14d6c4adfa234960d0cb5de,/path/to/Diffusion-TS/Utils/discriminative_metric.py,42.05101013183594,2
Diffusion-TS,Energy,64,42,100004,discriminative_score,42,0.3652439024390244,True,4096,4de04ef73b0e56b19af594a31b813a4697ed7c514b305259bb0ad4595412bc35,c5e378319b90864454e078be03d98d86859e4733e14d6c4adfa234960d0cb5de,/path/to/Diffusion-TS/Utils/discriminative_metric.py,41.908304929733276,0
Diffusion-TS,Energy,64,42,100004,discriminative_score,123,0.3621951219512195,True,4096,4de04ef73b0e56b19af594a31b813a4697ed7c514b305259bb0ad4595412bc35,c5e378319b90864454e078be03d98d86859e4733e14d6c4adfa234960d0cb5de,/path/to/Diffusion-TS/Utils/discriminative_metric.py,42.00753474235535,1
Diffusion-TS,Energy,64,42,100004,predictive_score,0,0.2537012737193436,True,4096,4de04ef73b0e56b19af594a31b813a4697ed7c514b305259bb0ad4595412bc35,c5e378319b90864454e078be03d98d86859e4733e14d6c4adfa234960d0cb5de,/path/to/Diffusion-TS/Utils/predictive_metric.py,89.8208532333374,2
Diffusion-TS,Energy,64,42,100004,predictive_score,42,0.27128111338606686,True,4096,4de04ef73b0e56b19af594a31b813a4697ed7c514b305259bb0ad4595412bc35,c5e378319b90864454e078be03d98d86859e4733e14d6c4adfa234960d0cb5de,/path/to/Diffusion-TS/Utils/predictive_metric.py,88.35617995262146,0
Diffusion-TS,Energy,64,42,100004,predictive_score,123,0.30904430975715513,True,4096,4de04ef73b0e56b19af594a31b813a4697ed7c514b305259bb0ad4595412bc35,c5e378319b90864454e078be03d98d86859e4733e14d6c4adfa234960d0cb5de,/path/to/Diffusion-TS/Utils/predictive_metric.py,89.64691829681396,1
Diffusion-TS,Energy,64,123,100000,context_fid,0,0.8909339078281189,True,4096,4de04ef73b0e56b19af594a31b813a4697ed7c514b305259bb0ad4595412bc35,3de19e5b9ed79d4c49d1ccaf70434cfb01b15136cbcc517483298a7c947ec3ef,/path/to/PETS-FFT-Ablation/results/final_unconditional_main_v1/evaluators/Energy/T64/ts2vec_seed_0.pt,1.3483788967132568,0
Diffusion-TS,Energy,64,123,100000,context_fid,42,0.5802565078622594,True,4096,4de04ef73b0e56b19af594a31b813a4697ed7c514b305259bb0ad4595412bc35,3de19e5b9ed79d4c49d1ccaf70434cfb01b15136cbcc517483298a7c947ec3ef,/path/to/PETS-FFT-Ablation/results/final_unconditional_main_v1/evaluators/Energy/T64/ts2vec_seed_42.pt,1.4351210594177246,2
Diffusion-TS,Energy,64,123,100000,context_fid,123,0.7749529342574402,True,4096,4de04ef73b0e56b19af594a31b813a4697ed7c514b305259bb0ad4595412bc35,3de19e5b9ed79d4c49d1ccaf70434cfb01b15136cbcc517483298a7c947ec3ef,/path/to/PETS-FFT-Ablation/results/final_unconditional_main_v1/evaluators/Energy/T64/ts2vec_seed_123.pt,1.3762390613555908,1
Diffusion-TS,Energy,64,123,100000,correlation_score,-1,1.2978923320770264,True,4096,4de04ef73b0e56b19af594a31b813a4697ed7c514b305259bb0ad4595412bc35,3de19e5b9ed79d4c49d1ccaf70434cfb01b15136cbcc517483298a7c947ec3ef,/path/to/Diffusion-TS/Utils/cross_correlation.py,0.37128567695617676,0
Diffusion-TS,Energy,64,123,100000,discriminative_score,0,0.3573170731707317,True,4096,4de04ef73b0e56b19af594a31b813a4697ed7c514b305259bb0ad4595412bc35,3de19e5b9ed79d4c49d1ccaf70434cfb01b15136cbcc517483298a7c947ec3ef,/path/to/Diffusion-TS/Utils/discriminative_metric.py,42.36498785018921,0
Diffusion-TS,Energy,64,123,100000,discriminative_score,42,0.3670731707317073,True,4096,4de04ef73b0e56b19af594a31b813a4697ed7c514b305259bb0ad4595412bc35,3de19e5b9ed79d4c49d1ccaf70434cfb01b15136cbcc517483298a7c947ec3ef,/path/to/Diffusion-TS/Utils/discriminative_metric.py,42.463322162628174,2
Diffusion-TS,Energy,64,123,100000,discriminative_score,123,0.300609756097561,True,4096,4de04ef73b0e56b19af594a31b813a4697ed7c514b305259bb0ad4595412bc35,3de19e5b9ed79d4c49d1ccaf70434cfb01b15136cbcc517483298a7c947ec3ef,/path/to/Diffusion-TS/Utils/discriminative_metric.py,42.09536075592041,1
Diffusion-TS,Energy,64,123,100000,predictive_score,0,0.2543193942583457,True,4096,4de04ef73b0e56b19af594a31b813a4697ed7c514b305259bb0ad4595412bc35,3de19e5b9ed79d4c49d1ccaf70434cfb01b15136cbcc517483298a7c947ec3ef,/path/to/Diffusion-TS/Utils/predictive_metric.py,87.51675653457642,0
Diffusion-TS,Energy,64,123,100000,predictive_score,42,0.2683185602327285,True,4096,4de04ef73b0e56b19af594a31b813a4697ed7c514b305259bb0ad4595412bc35,3de19e5b9ed79d4c49d1ccaf70434cfb01b15136cbcc517483298a7c947ec3ef,/path/to/Diffusion-TS/Utils/predictive_metric.py,87.71802496910095,2
Diffusion-TS,Energy,64,123,100000,predictive_score,123,0.26511990510698524,True,4096,4de04ef73b0e56b19af594a31b813a4697ed7c514b305259bb0ad4595412bc35,3de19e5b9ed79d4c49d1ccaf70434cfb01b15136cbcc517483298a7c947ec3ef,/path/to/Diffusion-TS/Utils/predictive_metric.py,87.60140490531921,1
Diffusion-TS,Energy,64,123,100001,context_fid,0,0.9525488438101314,True,4096,4de04ef73b0e56b19af594a31b813a4697ed7c514b305259bb0ad4595412bc35,f4efebf2275be445e89fe56ac020dc0f2cb2a0500ebf83a90da8ab9c8509a04d,/path/to/PETS-FFT-Ablation/results/final_unconditional_main_v1/evaluators/Energy/T64/ts2vec_seed_0.pt,1.224336862564087,0
Diffusion-TS,Energy,64,123,100001,context_fid,42,0.627117114935732,True,4096,4de04ef73b0e56b19af594a31b813a4697ed7c514b305259bb0ad4595412bc35,f4efebf2275be445e89fe56ac020dc0f2cb2a0500ebf83a90da8ab9c8509a04d,/path/to/PETS-FFT-Ablation/results/final_unconditional_main_v1/evaluators/Energy/T64/ts2vec_seed_42.pt,1.3607778549194336,2
Diffusion-TS,Energy,64,123,100001,context_fid,123,0.8433788349116226,True,4096,4de04ef73b0e56b19af594a31b813a4697ed7c514b305259bb0ad4595412bc35,f4efebf2275be445e89fe56ac020dc0f2cb2a0500ebf83a90da8ab9c8509a04d,/path/to/PETS-FFT-Ablation/results/final_unconditional_main_v1/evaluators/Energy/T64/ts2vec_seed_123.pt,1.391714096069336,1
Diffusion-TS,Energy,64,123,100001,correlation_score,-1,1.4667723178863525,True,4096,4de04ef73b0e56b19af594a31b813a4697ed7c514b305259bb0ad4595412bc35,f4efebf2275be445e89fe56ac020dc0f2cb2a0500ebf83a90da8ab9c8509a04d,/path/to/Diffusion-TS/Utils/cross_correlation.py,0.373960018157959,0
Diffusion-TS,Energy,64,123,100001,discriminative_score,0,0.34268292682926826,True,4096,4de04ef73b0e56b19af594a31b813a4697ed7c514b305259bb0ad4595412bc35,f4efebf2275be445e89fe56ac020dc0f2cb2a0500ebf83a90da8ab9c8509a04d,/path/to/Diffusion-TS/Utils/discriminative_metric.py,42.038899421691895,0
Diffusion-TS,Energy,64,123,100001,discriminative_score,42,0.3719512195121951,True,4096,4de04ef73b0e56b19af594a31b813a4697ed7c514b305259bb0ad4595412bc35,f4efebf2275be445e89fe56ac020dc0f2cb2a0500ebf83a90da8ab9c8509a04d,/path/to/Diffusion-TS/Utils/discriminative_metric.py,41.942639112472534,2
Diffusion-TS,Energy,64,123,100001,discriminative_score,123,0.3628048780487805,True,4096,4de04ef73b0e56b19af594a31b813a4697ed7c514b305259bb0ad4595412bc35,f4efebf2275be445e89fe56ac020dc0f2cb2a0500ebf83a90da8ab9c8509a04d,/path/to/Diffusion-TS/Utils/discriminative_metric.py,41.734686851501465,1
Diffusion-TS,Energy,64,123,100001,predictive_score,0,0.2537153677258175,True,4096,4de04ef73b0e56b19af594a31b813a4697ed7c514b305259bb0ad4595412bc35,f4efebf2275be445e89fe56ac020dc0f2cb2a0500ebf83a90da8ab9c8509a04d,/path/to/Diffusion-TS/Utils/predictive_metric.py,90.08627390861511,0
Diffusion-TS,Energy,64,123,100001,predictive_score,42,0.25668095475339214,True,4096,4de04ef73b0e56b19af594a31b813a4697ed7c514b305259bb0ad4595412bc35,f4efebf2275be445e89fe56ac020dc0f2cb2a0500ebf83a90da8ab9c8509a04d,/path/to/Diffusion-TS/Utils/predictive_metric.py,87.87214589118958,2
Diffusion-TS,Energy,64,123,100001,predictive_score,123,0.2600383706667344,True,4096,4de04ef73b0e56b19af594a31b813a4697ed7c514b305259bb0ad4595412bc35,f4efebf2275be445e89fe56ac020dc0f2cb2a0500ebf83a90da8ab9c8509a04d,/path/to/Diffusion-TS/Utils/predictive_metric.py,87.27250456809998,1
Diffusion-TS,Energy,64,123,100002,context_fid,0,0.9478403787952183,True,4096,4de04ef73b0e56b19af594a31b813a4697ed7c514b305259bb0ad4595412bc35,173c0c6a7b6d729e8216b9c8c39c043dfa6b01f8c0872e93aa50e3f312b669be,/path/to/PETS-FFT-Ablation/results/final_unconditional_main_v1/evaluators/Energy/T64/ts2vec_seed_0.pt,1.2844569683074951,2
Diffusion-TS,Energy,64,123,100002,context_fid,42,0.6212677793058841,True,4096,4de04ef73b0e56b19af594a31b813a4697ed7c514b305259bb0ad4595412bc35,173c0c6a7b6d729e8216b9c8c39c043dfa6b01f8c0872e93aa50e3f312b669be,/path/to/PETS-FFT-Ablation/results/final_unconditional_main_v1/evaluators/Energy/T64/ts2vec_seed_42.pt,1.305525779724121,1
Diffusion-TS,Energy,64,123,100002,context_fid,123,0.8273956055457808,True,4096,4de04ef73b0e56b19af594a31b813a4697ed7c514b305259bb0ad4595412bc35,173c0c6a7b6d729e8216b9c8c39c043dfa6b01f8c0872e93aa50e3f312b669be,/path/to/PETS-FFT-Ablation/results/final_unconditional_main_v1/evaluators/Energy/T64/ts2vec_seed_123.pt,1.561997652053833,2
Diffusion-TS,Energy,64,123,100002,correlation_score,-1,1.3728688955307007,True,4096,4de04ef73b0e56b19af594a31b813a4697ed7c514b305259bb0ad4595412bc35,173c0c6a7b6d729e8216b9c8c39c043dfa6b01f8c0872e93aa50e3f312b669be,/path/to/Diffusion-TS/Utils/cross_correlation.py,0.38274121284484863,1
Diffusion-TS,Energy,64,123,100002,discriminative_score,0,0.34024390243902436,True,4096,4de04ef73b0e56b19af594a31b813a4697ed7c514b305259bb0ad4595412bc35,173c0c6a7b6d729e8216b9c8c39c043dfa6b01f8c0872e93aa50e3f312b669be,/path/to/Diffusion-TS/Utils/discriminative_metric.py,42.000219106674194,1
Diffusion-TS,Energy,64,123,100002,discriminative_score,42,0.3621951219512195,True,4096,4de04ef73b0e56b19af594a31b813a4697ed7c514b305259bb0ad4595412bc35,173c0c6a7b6d729e8216b9c8c39c043dfa6b01f8c0872e93aa50e3f312b669be,/path/to/Diffusion-TS/Utils/discriminative_metric.py,42.39423418045044,0
Diffusion-TS,Energy,64,123,100002,discriminative_score,123,0.3774390243902439,True,4096,4de04ef73b0e56b19af594a31b813a4697ed7c514b305259bb0ad4595412bc35,173c0c6a7b6d729e8216b9c8c39c043dfa6b01f8c0872e93aa50e3f312b669be,/path/to/Diffusion-TS/Utils/discriminative_metric.py,41.835734128952026,2
Diffusion-TS,Energy,64,123,100002,predictive_score,0,0.25348040410972317,True,4096,4de04ef73b0e56b19af594a31b813a4697ed7c514b305259bb0ad4595412bc35,173c0c6a7b6d729e8216b9c8c39c043dfa6b01f8c0872e93aa50e3f312b669be,/path/to/Diffusion-TS/Utils/predictive_metric.py,90.14425873756409,1
Diffusion-TS,Energy,64,123,100002,predictive_score,42,0.2566425676268409,True,4096,4de04ef73b0e56b19af594a31b813a4697ed7c514b305259bb0ad4595412bc35,173c0c6a7b6d729e8216b9c8c39c043dfa6b01f8c0872e93aa50e3f312b669be,/path/to/Diffusion-TS/Utils/predictive_metric.py,88.64598774909973,0
Diffusion-TS,Energy,64,123,100002,predictive_score,123,0.25614210433195694,True,4096,4de04ef73b0e56b19af594a31b813a4697ed7c514b305259bb0ad4595412bc35,173c0c6a7b6d729e8216b9c8c39c043dfa6b01f8c0872e93aa50e3f312b669be,/path/to/Diffusion-TS/Utils/predictive_metric.py,87.62865614891052,2
Diffusion-TS,Energy,64,123,100003,context_fid,0,0.9199396191965548,True,4096,4de04ef73b0e56b19af594a31b813a4697ed7c514b305259bb0ad4595412bc35,41e7dfdecbfccda1d576d441cc9239729e84adfecdd881f311381b817be10044,/path/to/PETS-FFT-Ablation/results/final_unconditional_main_v1/evaluators/Energy/T64/ts2vec_seed_0.pt,1.2914402484893799,2
Diffusion-TS,Energy,64,123,100003,context_fid,42,0.6187929965941958,True,4096,4de04ef73b0e56b19af594a31b813a4697ed7c514b305259bb0ad4595412bc35,41e7dfdecbfccda1d576d441cc9239729e84adfecdd881f311381b817be10044,/path/to/PETS-FFT-Ablation/results/final_unconditional_main_v1/evaluators/Energy/T64/ts2vec_seed_42.pt,1.310720443725586,0
Diffusion-TS,Energy,64,123,100003,context_fid,123,0.8178716817422877,True,4096,4de04ef73b0e56b19af594a31b813a4697ed7c514b305259bb0ad4595412bc35,41e7dfdecbfccda1d576d441cc9239729e84adfecdd881f311381b817be10044,/path/to/PETS-FFT-Ablation/results/final_unconditional_main_v1/evaluators/Energy/T64/ts2vec_seed_123.pt,1.403437852859497,1
Diffusion-TS,Energy,64,123,100003,correlation_score,-1,1.4373407363891602,True,4096,4de04ef73b0e56b19af594a31b813a4697ed7c514b305259bb0ad4595412bc35,41e7dfdecbfccda1d576d441cc9239729e84adfecdd881f311381b817be10044,/path/to/Diffusion-TS/Utils/cross_correlation.py,0.37055444717407227,2
Diffusion-TS,Energy,64,123,100003,discriminative_score,0,0.3396341463414634,True,4096,4de04ef73b0e56b19af594a31b813a4697ed7c514b305259bb0ad4595412bc35,41e7dfdecbfccda1d576d441cc9239729e84adfecdd881f311381b817be10044,/path/to/Diffusion-TS/Utils/discriminative_metric.py,42.25112795829773,2
Diffusion-TS,Energy,64,123,100003,discriminative_score,42,0.33536585365853655,True,4096,4de04ef73b0e56b19af594a31b813a4697ed7c514b305259bb0ad4595412bc35,41e7dfdecbfccda1d576d441cc9239729e84adfecdd881f311381b817be10044,/path/to/Diffusion-TS/Utils/discriminative_metric.py,41.961626291275024,0
Diffusion-TS,Energy,64,123,100003,discriminative_score,123,0.2475609756097561,True,4096,4de04ef73b0e56b19af594a31b813a4697ed7c514b305259bb0ad4595412bc35,41e7dfdecbfccda1d576d441cc9239729e84adfecdd881f311381b817be10044,/path/to/Diffusion-TS/Utils/discriminative_metric.py,42.10550856590271,1
Diffusion-TS,Energy,64,123,100003,predictive_score,0,0.2538012422846805,True,4096,4de04ef73b0e56b19af594a31b813a4697ed7c514b305259bb0ad4595412bc35,41e7dfdecbfccda1d576d441cc9239729e84adfecdd881f311381b817be10044,/path/to/Diffusion-TS/Utils/predictive_metric.py,90.34236192703247,0
Diffusion-TS,Energy,64,123,100003,predictive_score,42,0.25973734804210835,True,4096,4de04ef73b0e56b19af594a31b813a4697ed7c514b305259bb0ad4595412bc35,41e7dfdecbfccda1d576d441cc9239729e84adfecdd881f311381b817be10044,/path/to/Diffusion-TS/Utils/predictive_metric.py,90.4335515499115,2
Diffusion-TS,Energy,64,123,100003,predictive_score,123,0.26106182286457624,True,4096,4de04ef73b0e56b19af594a31b813a4697ed7c514b305259bb0ad4595412bc35,41e7dfdecbfccda1d576d441cc9239729e84adfecdd881f311381b817be10044,/path/to/Diffusion-TS/Utils/predictive_metric.py,87.82106423377991,1
Diffusion-TS,Energy,64,123,100004,context_fid,0,0.9593601794370299,True,4096,4de04ef73b0e56b19af594a31b813a4697ed7c514b305259bb0ad4595412bc35,0f3b18e283b6491230ebd6223a4ca1d30ac1bc032860c81659c0726c977ddea1,/path/to/PETS-FFT-Ablation/results/final_unconditional_main_v1/evaluators/Energy/T64/ts2vec_seed_0.pt,1.4460177421569824,1
Diffusion-TS,Energy,64,123,100004,context_fid,42,0.617816130810724,True,4096,4de04ef73b0e56b19af594a31b813a4697ed7c514b305259bb0ad4595412bc35,0f3b18e283b6491230ebd6223a4ca1d30ac1bc032860c81659c0726c977ddea1,/path/to/PETS-FFT-Ablation/results/final_unconditional_main_v1/evaluators/Energy/T64/ts2vec_seed_42.pt,1.2762260437011719,0
Diffusion-TS,Energy,64,123,100004,context_fid,123,0.8639573025373288,True,4096,4de04ef73b0e56b19af594a31b813a4697ed7c514b305259bb0ad4595412bc35,0f3b18e283b6491230ebd6223a4ca1d30ac1bc032860c81659c0726c977ddea1,/path/to/PETS-FFT-Ablation/results/final_unconditional_main_v1/evaluators/Energy/T64/ts2vec_seed_123.pt,1.3654921054840088,2
Diffusion-TS,Energy,64,123,100004,correlation_score,-1,1.455295205116272,True,4096,4de04ef73b0e56b19af594a31b813a4697ed7c514b305259bb0ad4595412bc35,0f3b18e283b6491230ebd6223a4ca1d30ac1bc032860c81659c0726c977ddea1,/path/to/Diffusion-TS/Utils/cross_correlation.py,0.374894380569458,1
Diffusion-TS,Energy,64,123,100004,discriminative_score,0,0.33231707317073167,True,4096,4de04ef73b0e56b19af594a31b813a4697ed7c514b305259bb0ad4595412bc35,0f3b18e283b6491230ebd6223a4ca1d30ac1bc032860c81659c0726c977ddea1,/path/to/Diffusion-TS/Utils/discriminative_metric.py,42.265705823898315,1
Diffusion-TS,Energy,64,123,100004,discriminative_score,42,0.348780487804878,True,4096,4de04ef73b0e56b19af594a31b813a4697ed7c514b305259bb0ad4595412bc35,0f3b18e283b6491230ebd6223a4ca1d30ac1bc032860c81659c0726c977ddea1,/path/to/Diffusion-TS/Utils/discriminative_metric.py,42.23064184188843,0
Diffusion-TS,Energy,64,123,100004,discriminative_score,123,0.3262195121951219,True,4096,4de04ef73b0e56b19af594a31b813a4697ed7c514b305259bb0ad4595412bc35,0f3b18e283b6491230ebd6223a4ca1d30ac1bc032860c81659c0726c977ddea1,/path/to/Diffusion-TS/Utils/discriminative_metric.py,42.089778900146484,2
Diffusion-TS,Energy,64,123,100004,predictive_score,0,0.25268427513947245,True,4096,4de04ef73b0e56b19af594a31b813a4697ed7c514b305259bb0ad4595412bc35,0f3b18e283b6491230ebd6223a4ca1d30ac1bc032860c81659c0726c977ddea1,/path/to/Diffusion-TS/Utils/predictive_metric.py,87.59284281730652,1
Diffusion-TS,Energy,64,123,100004,predictive_score,42,0.2561151582522143,True,4096,4de04ef73b0e56b19af594a31b813a4697ed7c514b305259bb0ad4595412bc35,0f3b18e283b6491230ebd6223a4ca1d30ac1bc032860c81659c0726c977ddea1,/path/to/Diffusion-TS/Utils/predictive_metric.py,87.23261213302612,0
Diffusion-TS,Energy,64,123,100004,predictive_score,123,0.25607010269595776,True,4096,4de04ef73b0e56b19af594a31b813a4697ed7c514b305259bb0ad4595412bc35,0f3b18e283b6491230ebd6223a4ca1d30ac1bc032860c81659c0726c977ddea1,/path/to/Diffusion-TS/Utils/predictive_metric.py,86.88202953338623,2
PETS-U,Energy,64,0,100000,context_fid,0,1.1835469172353048,True,4096,4de04ef73b0e56b19af594a31b813a4697ed7c514b305259bb0ad4595412bc35,5b9c139869091113bd6098672401efc060e66684fd48d138fe9354cc6cb5215b,/path/to/PETS-FFT-Ablation/results/final_unconditional_main_v1/evaluators/Energy/T64/ts2vec_seed_0.pt,1.3835384845733643,1
PETS-U,Energy,64,0,100000,context_fid,42,0.788242373982391,True,4096,4de04ef73b0e56b19af594a31b813a4697ed7c514b305259bb0ad4595412bc35,5b9c139869091113bd6098672401efc060e66684fd48d138fe9354cc6cb5215b,/path/to/PETS-FFT-Ablation/results/final_unconditional_main_v1/evaluators/Energy/T64/ts2vec_seed_42.pt,1.5310192108154297,1
PETS-U,Energy,64,0,100000,context_fid,123,1.0111105836066692,True,4096,4de04ef73b0e56b19af594a31b813a4697ed7c514b305259bb0ad4595412bc35,5b9c139869091113bd6098672401efc060e66684fd48d138fe9354cc6cb5215b,/path/to/PETS-FFT-Ablation/results/final_unconditional_main_v1/evaluators/Energy/T64/ts2vec_seed_123.pt,1.3696315288543701,2
PETS-U,Energy,64,0,100000,correlation_score,-1,1.8194921016693115,True,4096,4de04ef73b0e56b19af594a31b813a4697ed7c514b305259bb0ad4595412bc35,5b9c139869091113bd6098672401efc060e66684fd48d138fe9354cc6cb5215b,/path/to/Diffusion-TS/Utils/cross_correlation.py,0.3880934715270996,1
PETS-U,Energy,64,0,100000,discriminative_score,0,0.1329268292682927,True,4096,4de04ef73b0e56b19af594a31b813a4697ed7c514b305259bb0ad4595412bc35,5b9c139869091113bd6098672401efc060e66684fd48d138fe9354cc6cb5215b,/path/to/Diffusion-TS/Utils/discriminative_metric.py,42.22335886955261,2
PETS-U,Energy,64,0,100000,discriminative_score,42,0.4317073170731708,True,4096,4de04ef73b0e56b19af594a31b813a4697ed7c514b305259bb0ad4595412bc35,5b9c139869091113bd6098672401efc060e66684fd48d138fe9354cc6cb5215b,/path/to/Diffusion-TS/Utils/discriminative_metric.py,42.0473198890686,1
PETS-U,Energy,64,0,100000,discriminative_score,123,0.23414634146341462,True,4096,4de04ef73b0e56b19af594a31b813a4697ed7c514b305259bb0ad4595412bc35,5b9c139869091113bd6098672401efc060e66684fd48d138fe9354cc6cb5215b,/path/to/Diffusion-TS/Utils/discriminative_metric.py,42.37987470626831,0
PETS-U,Energy,64,0,100000,predictive_score,0,0.2544793134002248,True,4096,4de04ef73b0e56b19af594a31b813a4697ed7c514b305259bb0ad4595412bc35,5b9c139869091113bd6098672401efc060e66684fd48d138fe9354cc6cb5215b,/path/to/Diffusion-TS/Utils/predictive_metric.py,87.50405430793762,1
PETS-U,Energy,64,0,100000,predictive_score,42,0.2521550607998506,True,4096,4de04ef73b0e56b19af594a31b813a4697ed7c514b305259bb0ad4595412bc35,5b9c139869091113bd6098672401efc060e66684fd48d138fe9354cc6cb5215b,/path/to/Diffusion-TS/Utils/predictive_metric.py,90.14889883995056,2
PETS-U,Energy,64,0,100000,predictive_score,123,0.28922463595154113,True,4096,4de04ef73b0e56b19af594a31b813a4697ed7c514b305259bb0ad4595412bc35,5b9c139869091113bd6098672401efc060e66684fd48d138fe9354cc6cb5215b,/path/to/Diffusion-TS/Utils/predictive_metric.py,90.8694441318512,0
PETS-U,Energy,64,0,100001,context_fid,0,1.1340942746918525,True,4096,4de04ef73b0e56b19af594a31b813a4697ed7c514b305259bb0ad4595412bc35,9ffb4946f857579c06548b88fbf41e8d8fccfec643c69d902f6492864d90b6ec,/path/to/PETS-FFT-Ablation/results/final_unconditional_main_v1/evaluators/Energy/T64/ts2vec_seed_0.pt,1.4140372276306152,1
PETS-U,Energy,64,0,100001,context_fid,42,0.750623937729761,True,4096,4de04ef73b0e56b19af594a31b813a4697ed7c514b305259bb0ad4595412bc35,9ffb4946f857579c06548b88fbf41e8d8fccfec643c69d902f6492864d90b6ec,/path/to/PETS-FFT-Ablation/results/final_unconditional_main_v1/evaluators/Energy/T64/ts2vec_seed_42.pt,1.5194880962371826,1
PETS-U,Energy,64,0,100001,context_fid,123,0.9773911842547314,True,4096,4de04ef73b0e56b19af594a31b813a4697ed7c514b305259bb0ad4595412bc35,9ffb4946f857579c06548b88fbf41e8d8fccfec643c69d902f6492864d90b6ec,/path/to/PETS-FFT-Ablation/results/final_unconditional_main_v1/evaluators/Energy/T64/ts2vec_seed_123.pt,1.5768616199493408,2
PETS-U,Energy,64,0,100001,correlation_score,-1,1.785271406173706,True,4096,4de04ef73b0e56b19af594a31b813a4697ed7c514b305259bb0ad4595412bc35,9ffb4946f857579c06548b88fbf41e8d8fccfec643c69d902f6492864d90b6ec,/path/to/Diffusion-TS/Utils/cross_correlation.py,0.377805233001709,1
PETS-U,Energy,64,0,100001,discriminative_score,0,0.15670731707317076,True,4096,4de04ef73b0e56b19af594a31b813a4697ed7c514b305259bb0ad4595412bc35,9ffb4946f857579c06548b88fbf41e8d8fccfec643c69d902f6492864d90b6ec,/path/to/Diffusion-TS/Utils/discriminative_metric.py,42.25869131088257,1
PETS-U,Energy,64,0,100001,discriminative_score,42,0.4079268292682927,True,4096,4de04ef73b0e56b19af594a31b813a4697ed7c514b305259bb0ad4595412bc35,9ffb4946f857579c06548b88fbf41e8d8fccfec643c69d902f6492864d90b6ec,/path/to/Diffusion-TS/Utils/discriminative_metric.py,42.11695408821106,2
PETS-U,Energy,64,0,100001,discriminative_score,123,0.0,True,4096,4de04ef73b0e56b19af594a31b813a4697ed7c514b305259bb0ad4595412bc35,9ffb4946f857579c06548b88fbf41e8d8fccfec643c69d902f6492864d90b6ec,/path/to/Diffusion-TS/Utils/discriminative_metric.py,42.70128417015076,0
PETS-U,Energy,64,0,100001,predictive_score,0,0.2542498446855461,True,4096,4de04ef73b0e56b19af594a31b813a4697ed7c514b305259bb0ad4595412bc35,9ffb4946f857579c06548b88fbf41e8d8fccfec643c69d902f6492864d90b6ec,/path/to/Diffusion-TS/Utils/predictive_metric.py,90.06159710884094,1
PETS-U,Energy,64,0,100001,predictive_score,42,0.2521026292597526,True,4096,4de04ef73b0e56b19af594a31b813a4697ed7c514b305259bb0ad4595412bc35,9ffb4946f857579c06548b88fbf41e8d8fccfec643c69d902f6492864d90b6ec,/path/to/Diffusion-TS/Utils/predictive_metric.py,90.10191202163696,2
PETS-U,Energy,64,0,100001,predictive_score,123,0.27718646544235526,True,4096,4de04ef73b0e56b19af594a31b813a4697ed7c514b305259bb0ad4595412bc35,9ffb4946f857579c06548b88fbf41e8d8fccfec643c69d902f6492864d90b6ec,/path/to/Diffusion-TS/Utils/predictive_metric.py,88.50045847892761,0
PETS-U,Energy,64,0,100002,context_fid,0,1.1203128924316232,True,4096,4de04ef73b0e56b19af594a31b813a4697ed7c514b305259bb0ad4595412bc35,20dd38ae02db3a3cb74f01ed2610c14a10ee40c5e399731979614a957eea3c93,/path/to/PETS-FFT-Ablation/results/final_unconditional_main_v1/evaluators/Energy/T64/ts2vec_seed_0.pt,1.2625906467437744,1
PETS-U,Energy,64,0,100002,context_fid,42,0.7395176169592208,True,4096,4de04ef73b0e56b19af594a31b813a4697ed7c514b305259bb0ad4595412bc35,20dd38ae02db3a3cb74f01ed2610c14a10ee40c5e399731979614a957eea3c93,/path/to/PETS-FFT-Ablation/results/final_unconditional_main_v1/evaluators/Energy/T64/ts2vec_seed_42.pt,1.5994470119476318,2
PETS-U,Energy,64,0,100002,context_fid,123,0.9586038221515041,True,4096,4de04ef73b0e56b19af594a31b813a4697ed7c514b305259bb0ad4595412bc35,20dd38ae02db3a3cb74f01ed2610c14a10ee40c5e399731979614a957eea3c93,/path/to/PETS-FFT-Ablation/results/final_unconditional_main_v1/evaluators/Energy/T64/ts2vec_seed_123.pt,1.5061895847320557,1
PETS-U,Energy,64,0,100002,correlation_score,-1,1.9878782033920288,True,4096,4de04ef73b0e56b19af594a31b813a4697ed7c514b305259bb0ad4595412bc35,20dd38ae02db3a3cb74f01ed2610c14a10ee40c5e399731979614a957eea3c93,/path/to/Diffusion-TS/Utils/cross_correlation.py,0.3783304691314697,1
PETS-U,Energy,64,0,100002,discriminative_score,0,0.3548780487804878,True,4096,4de04ef73b0e56b19af594a31b813a4697ed7c514b305259bb0ad4595412bc35,20dd38ae02db3a3cb74f01ed2610c14a10ee40c5e399731979614a957eea3c93,/path/to/Diffusion-TS/Utils/discriminative_metric.py,42.10465455055237,0
PETS-U,Energy,64,0,100002,discriminative_score,42,0.44756097560975605,True,4096,4de04ef73b0e56b19af594a31b813a4697ed7c514b305259bb0ad4595412bc35,20dd38ae02db3a3cb74f01ed2610c14a10ee40c5e399731979614a957eea3c93,/path/to/Diffusion-TS/Utils/discriminative_metric.py,42.336395502090454,2
PETS-U,Energy,64,0,100002,discriminative_score,123,0.3798780487804878,True,4096,4de04ef73b0e56b19af594a31b813a4697ed7c514b305259bb0ad4595412bc35,20dd38ae02db3a3cb74f01ed2610c14a10ee40c5e399731979614a957eea3c93,/path/to/Diffusion-TS/Utils/discriminative_metric.py,42.11332845687866,1
PETS-U,Energy,64,0,100002,predictive_score,0,0.25322716827940894,True,4096,4de04ef73b0e56b19af594a31b813a4697ed7c514b305259bb0ad4595412bc35,20dd38ae02db3a3cb74f01ed2610c14a10ee40c5e399731979614a957eea3c93,/path/to/Diffusion-TS/Utils/predictive_metric.py,87.30688333511353,0
PETS-U,Energy,64,0,100002,predictive_score,42,0.25225007231347263,True,4096,4de04ef73b0e56b19af594a31b813a4697ed7c514b305259bb0ad4595412bc35,20dd38ae02db3a3cb74f01ed2610c14a10ee40c5e399731979614a957eea3c93,/path/to/Diffusion-TS/Utils/predictive_metric.py,87.83494687080383,2
PETS-U,Energy,64,0,100002,predictive_score,123,0.2778861622646218,True,4096,4de04ef73b0e56b19af594a31b813a4697ed7c514b305259bb0ad4595412bc35,20dd38ae02db3a3cb74f01ed2610c14a10ee40c5e399731979614a957eea3c93,/path/to/Diffusion-TS/Utils/predictive_metric.py,89.940110206604,1
PETS-U,Energy,64,0,100003,context_fid,0,1.1167545365696419,True,4096,4de04ef73b0e56b19af594a31b813a4697ed7c514b305259bb0ad4595412bc35,3b4ffe973cb21ff45ffc47206acea5a37dd8e047fccb71674b7a3b47a98d4cb6,/path/to/PETS-FFT-Ablation/results/final_unconditional_main_v1/evaluators/Energy/T64/ts2vec_seed_0.pt,1.33864426612854,0
PETS-U,Energy,64,0,100003,context_fid,42,0.744007381133176,True,4096,4de04ef73b0e56b19af594a31b813a4697ed7c514b305259bb0ad4595412bc35,3b4ffe973cb21ff45ffc47206acea5a37dd8e047fccb71674b7a3b47a98d4cb6,/path/to/PETS-FFT-Ablation/results/final_unconditional_main_v1/evaluators/Energy/T64/ts2vec_seed_42.pt,1.4308593273162842,2
PETS-U,Energy,64,0,100003,context_fid,123,0.9467745351626577,True,4096,4de04ef73b0e56b19af594a31b813a4697ed7c514b305259bb0ad4595412bc35,3b4ffe973cb21ff45ffc47206acea5a37dd8e047fccb71674b7a3b47a98d4cb6,/path/to/PETS-FFT-Ablation/results/final_unconditional_main_v1/evaluators/Energy/T64/ts2vec_seed_123.pt,1.5470795631408691,0
PETS-U,Energy,64,0,100003,correlation_score,-1,2.137380599975586,True,4096,4de04ef73b0e56b19af594a31b813a4697ed7c514b305259bb0ad4595412bc35,3b4ffe973cb21ff45ffc47206acea5a37dd8e047fccb71674b7a3b47a98d4cb6,/path/to/Diffusion-TS/Utils/cross_correlation.py,0.3884129524230957,0
PETS-U,Energy,64,0,100003,discriminative_score,0,0.40487804878048783,True,4096,4de04ef73b0e56b19af594a31b813a4697ed7c514b305259bb0ad4595412bc35,3b4ffe973cb21ff45ffc47206acea5a37dd8e047fccb71674b7a3b47a98d4cb6,/path/to/Diffusion-TS/Utils/discriminative_metric.py,41.92933797836304,2
PETS-U,Energy,64,0,100003,discriminative_score,42,0.3646341463414634,True,4096,4de04ef73b0e56b19af594a31b813a4697ed7c514b305259bb0ad4595412bc35,3b4ffe973cb21ff45ffc47206acea5a37dd8e047fccb71674b7a3b47a98d4cb6,/path/to/Diffusion-TS/Utils/discriminative_metric.py,42.3305869102478,0
PETS-U,Energy,64,0,100003,discriminative_score,123,0.020121951219512213,True,4096,4de04ef73b0e56b19af594a31b813a4697ed7c514b305259bb0ad4595412bc35,3b4ffe973cb21ff45ffc47206acea5a37dd8e047fccb71674b7a3b47a98d4cb6,/path/to/Diffusion-TS/Utils/discriminative_metric.py,42.02356719970703,1
PETS-U,Energy,64,0,100003,predictive_score,0,0.25647222798579605,True,4096,4de04ef73b0e56b19af594a31b813a4697ed7c514b305259bb0ad4595412bc35,3b4ffe973cb21ff45ffc47206acea5a37dd8e047fccb71674b7a3b47a98d4cb6,/path/to/Diffusion-TS/Utils/predictive_metric.py,89.56743860244751,2
PETS-U,Energy,64,0,100003,predictive_score,42,0.25226673599900096,True,4096,4de04ef73b0e56b19af594a31b813a4697ed7c514b305259bb0ad4595412bc35,3b4ffe973cb21ff45ffc47206acea5a37dd8e047fccb71674b7a3b47a98d4cb6,/path/to/Diffusion-TS/Utils/predictive_metric.py,87.63347005844116,0
PETS-U,Energy,64,0,100003,predictive_score,123,0.2865650628191361,True,4096,4de04ef73b0e56b19af594a31b813a4697ed7c514b305259bb0ad4595412bc35,3b4ffe973cb21ff45ffc47206acea5a37dd8e047fccb71674b7a3b47a98d4cb6,/path/to/Diffusion-TS/Utils/predictive_metric.py,87.0352931022644,1
PETS-U,Energy,64,0,100004,context_fid,0,1.1040663966785333,True,4096,4de04ef73b0e56b19af594a31b813a4697ed7c514b305259bb0ad4595412bc35,5c359165b3b167d6bb54576e8d1e8d1d9f6022a650231ea1bd40c95567cba511,/path/to/PETS-FFT-Ablation/results/final_unconditional_main_v1/evaluators/Energy/T64/ts2vec_seed_0.pt,1.2323129177093506,0
PETS-U,Energy,64,0,100004,context_fid,42,0.7280959541633474,True,4096,4de04ef73b0e56b19af594a31b813a4697ed7c514b305259bb0ad4595412bc35,5c359165b3b167d6bb54576e8d1e8d1d9f6022a650231ea1bd40c95567cba511,/path/to/PETS-FFT-Ablation/results/final_unconditional_main_v1/evaluators/Energy/T64/ts2vec_seed_42.pt,1.3823513984680176,1
PETS-U,Energy,64,0,100004,context_fid,123,0.9282572130226785,True,4096,4de04ef73b0e56b19af594a31b813a4697ed7c514b305259bb0ad4595412bc35,5c359165b3b167d6bb54576e8d1e8d1d9f6022a650231ea1bd40c95567cba511,/path/to/PETS-FFT-Ablation/results/final_unconditional_main_v1/evaluators/Energy/T64/ts2vec_seed_123.pt,1.4076993465423584,2
PETS-U,Energy,64,0,100004,correlation_score,-1,1.9520835876464844,True,4096,4de04ef73b0e56b19af594a31b813a4697ed7c514b305259bb0ad4595412bc35,5c359165b3b167d6bb54576e8d1e8d1d9f6022a650231ea1bd40c95567cba511,/path/to/Diffusion-TS/Utils/cross_correlation.py,0.3889453411102295,1
PETS-U,Energy,64,0,100004,discriminative_score,0,0.1554878048780488,True,4096,4de04ef73b0e56b19af594a31b813a4697ed7c514b305259bb0ad4595412bc35,5c359165b3b167d6bb54576e8d1e8d1d9f6022a650231ea1bd40c95567cba511,/path/to/Diffusion-TS/Utils/discriminative_metric.py,42.59275674819946,0
PETS-U,Energy,64,0,100004,discriminative_score,42,0.43780487804878043,True,4096,4de04ef73b0e56b19af594a31b813a4697ed7c514b305259bb0ad4595412bc35,5c359165b3b167d6bb54576e8d1e8d1d9f6022a650231ea1bd40c95567cba511,/path/to/Diffusion-TS/Utils/discriminative_metric.py,42.23578953742981,1
PETS-U,Energy,64,0,100004,discriminative_score,123,0.40182926829268295,True,4096,4de04ef73b0e56b19af594a31b813a4697ed7c514b305259bb0ad4595412bc35,5c359165b3b167d6bb54576e8d1e8d1d9f6022a650231ea1bd40c95567cba511,/path/to/Diffusion-TS/Utils/discriminative_metric.py,42.15784287452698,2
PETS-U,Energy,64,0,100004,predictive_score,0,0.25519047307170695,True,4096,4de04ef73b0e56b19af594a31b813a4697ed7c514b305259bb0ad4595412bc35,5c359165b3b167d6bb54576e8d1e8d1d9f6022a650231ea1bd40c95567cba511,/path/to/Diffusion-TS/Utils/predictive_metric.py,87.76559615135193,1
PETS-U,Energy,64,0,100004,predictive_score,42,0.25382258276295033,True,4096,4de04ef73b0e56b19af594a31b813a4697ed7c514b305259bb0ad4595412bc35,5c359165b3b167d6bb54576e8d1e8d1d9f6022a650231ea1bd40c95567cba511,/path/to/Diffusion-TS/Utils/predictive_metric.py,88.08437967300415,0
PETS-U,Energy,64,0,100004,predictive_score,123,0.2720658765465487,True,4096,4de04ef73b0e56b19af594a31b813a4697ed7c514b305259bb0ad4595412bc35,5c359165b3b167d6bb54576e8d1e8d1d9f6022a650231ea1bd40c95567cba511,/path/to/Diffusion-TS/Utils/predictive_metric.py,89.8435001373291,2
PETS-U,Energy,64,42,100000,context_fid,0,1.0986422833255123,True,4096,4de04ef73b0e56b19af594a31b813a4697ed7c514b305259bb0ad4595412bc35,056f244d84881383816acf2f91c802c0f014df8e503228aa6f5af9d145f276d4,/path/to/PETS-FFT-Ablation/results/final_unconditional_main_v1/evaluators/Energy/T64/ts2vec_seed_0.pt,1.5692522525787354,1
PETS-U,Energy,64,42,100000,context_fid,42,0.6589312796967719,True,4096,4de04ef73b0e56b19af594a31b813a4697ed7c514b305259bb0ad4595412bc35,056f244d84881383816acf2f91c802c0f014df8e503228aa6f5af9d145f276d4,/path/to/PETS-FFT-Ablation/results/final_unconditional_main_v1/evaluators/Energy/T64/ts2vec_seed_42.pt,1.330127239227295,0
PETS-U,Energy,64,42,100000,context_fid,123,0.9487468446506744,True,4096,4de04ef73b0e56b19af594a31b813a4697ed7c514b305259bb0ad4595412bc35,056f244d84881383816acf2f91c802c0f014df8e503228aa6f5af9d145f276d4,/path/to/PETS-FFT-Ablation/results/final_unconditional_main_v1/evaluators/Energy/T64/ts2vec_seed_123.pt,1.5089468955993652,0
PETS-U,Energy,64,42,100000,correlation_score,-1,1.6446174383163452,True,4096,4de04ef73b0e56b19af594a31b813a4697ed7c514b305259bb0ad4595412bc35,056f244d84881383816acf2f91c802c0f014df8e503228aa6f5af9d145f276d4,/path/to/Diffusion-TS/Utils/cross_correlation.py,0.3675105571746826,1
PETS-U,Energy,64,42,100000,discriminative_score,0,0.38658536585365855,True,4096,4de04ef73b0e56b19af594a31b813a4697ed7c514b305259bb0ad4595412bc35,056f244d84881383816acf2f91c802c0f014df8e503228aa6f5af9d145f276d4,/path/to/Diffusion-TS/Utils/discriminative_metric.py,41.987324953079224,1
PETS-U,Energy,64,42,100000,discriminative_score,42,0.16402439024390247,True,4096,4de04ef73b0e56b19af594a31b813a4697ed7c514b305259bb0ad4595412bc35,056f244d84881383816acf2f91c802c0f014df8e503228aa6f5af9d145f276d4,/path/to/Diffusion-TS/Utils/discriminative_metric.py,42.45288372039795,2
PETS-U,Energy,64,42,100000,discriminative_score,123,0.4390243902439024,True,4096,4de04ef73b0e56b19af594a31b813a4697ed7c514b305259bb0ad4595412bc35,056f244d84881383816acf2f91c802c0f014df8e503228aa6f5af9d145f276d4,/path/to/Diffusion-TS/Utils/discriminative_metric.py,42.17254948616028,0
PETS-U,Energy,64,42,100000,predictive_score,0,0.2542287420510547,True,4096,4de04ef73b0e56b19af594a31b813a4697ed7c514b305259bb0ad4595412bc35,056f244d84881383816acf2f91c802c0f014df8e503228aa6f5af9d145f276d4,/path/to/Diffusion-TS/Utils/predictive_metric.py,86.38589358329773,1
PETS-U,Energy,64,42,100000,predictive_score,42,0.26508968585403636,True,4096,4de04ef73b0e56b19af594a31b813a4697ed7c514b305259bb0ad4595412bc35,056f244d84881383816acf2f91c802c0f014df8e503228aa6f5af9d145f276d4,/path/to/Diffusion-TS/Utils/predictive_metric.py,90.6170403957367,2
PETS-U,Energy,64,42,100000,predictive_score,123,0.25465955002437113,True,4096,4de04ef73b0e56b19af594a31b813a4697ed7c514b305259bb0ad4595412bc35,056f244d84881383816acf2f91c802c0f014df8e503228aa6f5af9d145f276d4,/path/to/Diffusion-TS/Utils/predictive_metric.py,87.88757514953613,0
PETS-U,Energy,64,42,100001,context_fid,0,1.1154543201023173,True,4096,4de04ef73b0e56b19af594a31b813a4697ed7c514b305259bb0ad4595412bc35,39b7260655d8eb7a2df063d22f213bb886c1310e02c23739bb5a3f2c14a25d7c,/path/to/PETS-FFT-Ablation/results/final_unconditional_main_v1/evaluators/Energy/T64/ts2vec_seed_0.pt,1.6045265197753906,1
PETS-U,Energy,64,42,100001,context_fid,42,0.6635108484274295,True,4096,4de04ef73b0e56b19af594a31b813a4697ed7c514b305259bb0ad4595412bc35,39b7260655d8eb7a2df063d22f213bb886c1310e02c23739bb5a3f2c14a25d7c,/path/to/PETS-FFT-Ablation/results/final_unconditional_main_v1/evaluators/Energy/T64/ts2vec_seed_42.pt,1.3639819622039795,1
PETS-U,Energy,64,42,100001,context_fid,123,0.9771596538448548,True,4096,4de04ef73b0e56b19af594a31b813a4697ed7c514b305259bb0ad4595412bc35,39b7260655d8eb7a2df063d22f213bb886c1310e02c23739bb5a3f2c14a25d7c,/path/to/PETS-FFT-Ablation/results/final_unconditional_main_v1/evaluators/Energy/T64/ts2vec_seed_123.pt,1.3859822750091553,0
PETS-U,Energy,64,42,100001,correlation_score,-1,1.614725112915039,True,4096,4de04ef73b0e56b19af594a31b813a4697ed7c514b305259bb0ad4595412bc35,39b7260655d8eb7a2df063d22f213bb886c1310e02c23739bb5a3f2c14a25d7c,/path/to/Diffusion-TS/Utils/cross_correlation.py,0.3829615116119385,1
PETS-U,Energy,64,42,100001,discriminative_score,0,0.39695121951219514,True,4096,4de04ef73b0e56b19af594a31b813a4697ed7c514b305259bb0ad4595412bc35,39b7260655d8eb7a2df063d22f213bb886c1310e02c23739bb5a3f2c14a25d7c,/path/to/Diffusion-TS/Utils/discriminative_metric.py,42.06122970581055,1
PETS-U,Energy,64,42,100001,discriminative_score,42,0.37134146341463414,True,4096,4de04ef73b0e56b19af594a31b813a4697ed7c514b305259bb0ad4595412bc35,39b7260655d8eb7a2df063d22f213bb886c1310e02c23739bb5a3f2c14a25d7c,/path/to/Diffusion-TS/Utils/discriminative_metric.py,42.67453336715698,0
PETS-U,Energy,64,42,100001,discriminative_score,123,0.4060975609756098,True,4096,4de04ef73b0e56b19af594a31b813a4697ed7c514b305259bb0ad4595412bc35,39b7260655d8eb7a2df063d22f213bb886c1310e02c23739bb5a3f2c14a25d7c,/path/to/Diffusion-TS/Utils/discriminative_metric.py,42.26962232589722,2
PETS-U,Energy,64,42,100001,predictive_score,0,0.25499628762554494,True,4096,4de04ef73b0e56b19af594a31b813a4697ed7c514b305259bb0ad4595412bc35,39b7260655d8eb7a2df063d22f213bb886c1310e02c23739bb5a3f2c14a25d7c,/path/to/Diffusion-TS/Utils/predictive_metric.py,88.04398941993713,1
PETS-U,Energy,64,42,100001,predictive_score,42,0.25682453173794784,True,4096,4de04ef73b0e56b19af594a31b813a4697ed7c514b305259bb0ad4595412bc35,39b7260655d8eb7a2df063d22f213bb886c1310e02c23739bb5a3f2c14a25d7c,/path/to/Diffusion-TS/Utils/predictive_metric.py,90.25329113006592,0
PETS-U,Energy,64,42,100001,predictive_score,123,0.253673591039842,True,4096,4de04ef73b0e56b19af594a31b813a4697ed7c514b305259bb0ad4595412bc35,39b7260655d8eb7a2df063d22f213bb886c1310e02c23739bb5a3f2c14a25d7c,/path/to/Diffusion-TS/Utils/predictive_metric.py,90.85492038726807,2
PETS-U,Energy,64,42,100002,context_fid,0,1.1045838712151599,True,4096,4de04ef73b0e56b19af594a31b813a4697ed7c514b305259bb0ad4595412bc35,53efa6fb2d17e7c6be4a814786c8e921cdd94483c29549117cc7e106bcb13288,/path/to/PETS-FFT-Ablation/results/final_unconditional_main_v1/evaluators/Energy/T64/ts2vec_seed_0.pt,1.3956248760223389,1
PETS-U,Energy,64,42,100002,context_fid,42,0.6426412937409722,True,4096,4de04ef73b0e56b19af594a31b813a4697ed7c514b305259bb0ad4595412bc35,53efa6fb2d17e7c6be4a814786c8e921cdd94483c29549117cc7e106bcb13288,/path/to/PETS-FFT-Ablation/results/final_unconditional_main_v1/evaluators/Energy/T64/ts2vec_seed_42.pt,1.593888282775879,1
PETS-U,Energy,64,42,100002,context_fid,123,0.9558073380863009,True,4096,4de04ef73b0e56b19af594a31b813a4697ed7c514b305259bb0ad4595412bc35,53efa6fb2d17e7c6be4a814786c8e921cdd94483c29549117cc7e106bcb13288,/path/to/PETS-FFT-Ablation/results/final_unconditional_main_v1/evaluators/Energy/T64/ts2vec_seed_123.pt,1.4636216163635254,1
PETS-U,Energy,64,42,100002,correlation_score,-1,1.5940940380096436,True,4096,4de04ef73b0e56b19af594a31b813a4697ed7c514b305259bb0ad4595412bc35,53efa6fb2d17e7c6be4a814786c8e921cdd94483c29549117cc7e106bcb13288,/path/to/Diffusion-TS/Utils/cross_correlation.py,0.37255120277404785,1
PETS-U,Energy,64,42,100002,discriminative_score,0,0.30487804878048785,True,4096,4de04ef73b0e56b19af594a31b813a4697ed7c514b305259bb0ad4595412bc35,53efa6fb2d17e7c6be4a814786c8e921cdd94483c29549117cc7e106bcb13288,/path/to/Diffusion-TS/Utils/discriminative_metric.py,42.183948040008545,0
PETS-U,Energy,64,42,100002,discriminative_score,42,0.17987804878048785,True,4096,4de04ef73b0e56b19af594a31b813a4697ed7c514b305259bb0ad4595412bc35,53efa6fb2d17e7c6be4a814786c8e921cdd94483c29549117cc7e106bcb13288,/path/to/Diffusion-TS/Utils/discriminative_metric.py,42.29993987083435,1
PETS-U,Energy,64,42,100002,discriminative_score,123,0.4469512195121951,True,4096,4de04ef73b0e56b19af594a31b813a4697ed7c514b305259bb0ad4595412bc35,53efa6fb2d17e7c6be4a814786c8e921cdd94483c29549117cc7e106bcb13288,/path/to/Diffusion-TS/Utils/discriminative_metric.py,42.127436876297,2
PETS-U,Energy,64,42,100002,predictive_score,0,0.25620917325795745,True,4096,4de04ef73b0e56b19af594a31b813a4697ed7c514b305259bb0ad4595412bc35,53efa6fb2d17e7c6be4a814786c8e921cdd94483c29549117cc7e106bcb13288,/path/to/Diffusion-TS/Utils/predictive_metric.py,87.52692317962646,0
PETS-U,Energy,64,42,100002,predictive_score,42,0.2738895050060819,True,4096,4de04ef73b0e56b19af594a31b813a4697ed7c514b305259bb0ad4595412bc35,53efa6fb2d17e7c6be4a814786c8e921cdd94483c29549117cc7e106bcb13288,/path/to/Diffusion-TS/Utils/predictive_metric.py,88.99319434165955,1
PETS-U,Energy,64,42,100002,predictive_score,123,0.25734630447186646,True,4096,4de04ef73b0e56b19af594a31b813a4697ed7c514b305259bb0ad4595412bc35,53efa6fb2d17e7c6be4a814786c8e921cdd94483c29549117cc7e106bcb13288,/path/to/Diffusion-TS/Utils/predictive_metric.py,88.80214834213257,2
PETS-U,Energy,64,42,100003,context_fid,0,1.0912121767065246,True,4096,4de04ef73b0e56b19af594a31b813a4697ed7c514b305259bb0ad4595412bc35,1a05077b858d4bdc8024b9eea10ae1ad854a9f9537dba9988f4bc0e9a6182afb,/path/to/PETS-FFT-Ablation/results/final_unconditional_main_v1/evaluators/Energy/T64/ts2vec_seed_0.pt,1.4214980602264404,0
PETS-U,Energy,64,42,100003,context_fid,42,0.6435350119992356,True,4096,4de04ef73b0e56b19af594a31b813a4697ed7c514b305259bb0ad4595412bc35,1a05077b858d4bdc8024b9eea10ae1ad854a9f9537dba9988f4bc0e9a6182afb,/path/to/PETS-FFT-Ablation/results/final_unconditional_main_v1/evaluators/Energy/T64/ts2vec_seed_42.pt,1.3567650318145752,0
PETS-U,Energy,64,42,100003,context_fid,123,0.9552924346857509,True,4096,4de04ef73b0e56b19af594a31b813a4697ed7c514b305259bb0ad4595412bc35,1a05077b858d4bdc8024b9eea10ae1ad854a9f9537dba9988f4bc0e9a6182afb,/path/to/PETS-FFT-Ablation/results/final_unconditional_main_v1/evaluators/Energy/T64/ts2vec_seed_123.pt,1.4425666332244873,1
PETS-U,Energy,64,42,100003,correlation_score,-1,1.6128292083740234,True,4096,4de04ef73b0e56b19af594a31b813a4697ed7c514b305259bb0ad4595412bc35,1a05077b858d4bdc8024b9eea10ae1ad854a9f9537dba9988f4bc0e9a6182afb,/path/to/Diffusion-TS/Utils/cross_correlation.py,0.3848738670349121,0
PETS-U,Energy,64,42,100003,discriminative_score,0,0.37865853658536586,True,4096,4de04ef73b0e56b19af594a31b813a4697ed7c514b305259bb0ad4595412bc35,1a05077b858d4bdc8024b9eea10ae1ad854a9f9537dba9988f4bc0e9a6182afb,/path/to/Diffusion-TS/Utils/discriminative_metric.py,42.19268608093262,2
PETS-U,Energy,64,42,100003,discriminative_score,42,0.18475609756097566,True,4096,4de04ef73b0e56b19af594a31b813a4697ed7c514b305259bb0ad4595412bc35,1a05077b858d4bdc8024b9eea10ae1ad854a9f9537dba9988f4bc0e9a6182afb,/path/to/Diffusion-TS/Utils/discriminative_metric.py,42.369380950927734,0
PETS-U,Energy,64,42,100003,discriminative_score,123,0.44512195121951215,True,4096,4de04ef73b0e56b19af594a31b813a4697ed7c514b305259bb0ad4595412bc35,1a05077b858d4bdc8024b9eea10ae1ad854a9f9537dba9988f4bc0e9a6182afb,/path/to/Diffusion-TS/Utils/discriminative_metric.py,42.0976619720459,1
PETS-U,Energy,64,42,100003,predictive_score,0,0.2599473977534217,True,4096,4de04ef73b0e56b19af594a31b813a4697ed7c514b305259bb0ad4595412bc35,1a05077b858d4bdc8024b9eea10ae1ad854a9f9537dba9988f4bc0e9a6182afb,/path/to/Diffusion-TS/Utils/predictive_metric.py,89.99478030204773,2
PETS-U,Energy,64,42,100003,predictive_score,42,0.26059812021048856,True,4096,4de04ef73b0e56b19af594a31b813a4697ed7c514b305259bb0ad4595412bc35,1a05077b858d4bdc8024b9eea10ae1ad854a9f9537dba9988f4bc0e9a6182afb,/path/to/Diffusion-TS/Utils/predictive_metric.py,90.7160632610321,0
PETS-U,Energy,64,42,100003,predictive_score,123,0.25358459872950334,True,4096,4de04ef73b0e56b19af594a31b813a4697ed7c514b305259bb0ad4595412bc35,1a05077b858d4bdc8024b9eea10ae1ad854a9f9537dba9988f4bc0e9a6182afb,/path/to/Diffusion-TS/Utils/predictive_metric.py,87.65536308288574,1
PETS-U,Energy,64,42,100004,context_fid,0,1.1329692505493738,True,4096,4de04ef73b0e56b19af594a31b813a4697ed7c514b305259bb0ad4595412bc35,676fde7d85a2a3ec3e47eeb7cfd0e64f65c093aa4771cf5bb9e06201dde6878f,/path/to/PETS-FFT-Ablation/results/final_unconditional_main_v1/evaluators/Energy/T64/ts2vec_seed_0.pt,1.459001064300537,1
PETS-U,Energy,64,42,100004,context_fid,42,0.6731030349349734,True,4096,4de04ef73b0e56b19af594a31b813a4697ed7c514b305259bb0ad4595412bc35,676fde7d85a2a3ec3e47eeb7cfd0e64f65c093aa4771cf5bb9e06201dde6878f,/path/to/PETS-FFT-Ablation/results/final_unconditional_main_v1/evaluators/Energy/T64/ts2vec_seed_42.pt,1.3449583053588867,2
PETS-U,Energy,64,42,100004,context_fid,123,0.9655072924239773,True,4096,4de04ef73b0e56b19af594a31b813a4697ed7c514b305259bb0ad4595412bc35,676fde7d85a2a3ec3e47eeb7cfd0e64f65c093aa4771cf5bb9e06201dde6878f,/path/to/PETS-FFT-Ablation/results/final_unconditional_main_v1/evaluators/Energy/T64/ts2vec_seed_123.pt,1.5373969078063965,1
PETS-U,Energy,64,42,100004,correlation_score,-1,1.536635398864746,True,4096,4de04ef73b0e56b19af594a31b813a4697ed7c514b305259bb0ad4595412bc35,676fde7d85a2a3ec3e47eeb7cfd0e64f65c093aa4771cf5bb9e06201dde6878f,/path/to/Diffusion-TS/Utils/cross_correlation.py,0.38398122787475586,1
PETS-U,Energy,64,42,100004,discriminative_score,0,0.38597560975609757,True,4096,4de04ef73b0e56b19af594a31b813a4697ed7c514b305259bb0ad4595412bc35,676fde7d85a2a3ec3e47eeb7cfd0e64f65c093aa4771cf5bb9e06201dde6878f,/path/to/Diffusion-TS/Utils/discriminative_metric.py,42.37275147438049,2
PETS-U,Energy,64,42,100004,discriminative_score,42,0.40182926829268295,True,4096,4de04ef73b0e56b19af594a31b813a4697ed7c514b305259bb0ad4595412bc35,676fde7d85a2a3ec3e47eeb7cfd0e64f65c093aa4771cf5bb9e06201dde6878f,/path/to/Diffusion-TS/Utils/discriminative_metric.py,42.31605052947998,0
PETS-U,Energy,64,42,100004,discriminative_score,123,0.4365853658536586,True,4096,4de04ef73b0e56b19af594a31b813a4697ed7c514b305259bb0ad4595412bc35,676fde7d85a2a3ec3e47eeb7cfd0e64f65c093aa4771cf5bb9e06201dde6878f,/path/to/Diffusion-TS/Utils/discriminative_metric.py,41.659503698349,1
PETS-U,Energy,64,42,100004,predictive_score,0,0.2552836863178527,True,4096,4de04ef73b0e56b19af594a31b813a4697ed7c514b305259bb0ad4595412bc35,676fde7d85a2a3ec3e47eeb7cfd0e64f65c093aa4771cf5bb9e06201dde6878f,/path/to/Diffusion-TS/Utils/predictive_metric.py,89.51697397232056,2
PETS-U,Energy,64,42,100004,predictive_score,42,0.2577888236264698,True,4096,4de04ef73b0e56b19af594a31b813a4697ed7c514b305259bb0ad4595412bc35,676fde7d85a2a3ec3e47eeb7cfd0e64f65c093aa4771cf5bb9e06201dde6878f,/path/to/Diffusion-TS/Utils/predictive_metric.py,87.79869222640991,0
PETS-U,Energy,64,42,100004,predictive_score,123,0.25583616673611687,True,4096,4de04ef73b0e56b19af594a31b813a4697ed7c514b305259bb0ad4595412bc35,676fde7d85a2a3ec3e47eeb7cfd0e64f65c093aa4771cf5bb9e06201dde6878f,/path/to/Diffusion-TS/Utils/predictive_metric.py,89.86817741394043,1
PETS-U,Energy,64,123,100000,context_fid,0,1.1725779220151138,True,4096,4de04ef73b0e56b19af594a31b813a4697ed7c514b305259bb0ad4595412bc35,3db31a6a4bd8b3a6640dd6b7ef3fe422f8eb479c5e4def1f3fde3cae6dfab7df,/path/to/PETS-FFT-Ablation/results/final_unconditional_main_v1/evaluators/Energy/T64/ts2vec_seed_0.pt,1.3349573612213135,0
PETS-U,Energy,64,123,100000,context_fid,42,0.7188817265772395,True,4096,4de04ef73b0e56b19af594a31b813a4697ed7c514b305259bb0ad4595412bc35,3db31a6a4bd8b3a6640dd6b7ef3fe422f8eb479c5e4def1f3fde3cae6dfab7df,/path/to/PETS-FFT-Ablation/results/final_unconditional_main_v1/evaluators/Energy/T64/ts2vec_seed_42.pt,1.439939260482788,2
PETS-U,Energy,64,123,100000,context_fid,123,0.9750974947487925,True,4096,4de04ef73b0e56b19af594a31b813a4697ed7c514b305259bb0ad4595412bc35,3db31a6a4bd8b3a6640dd6b7ef3fe422f8eb479c5e4def1f3fde3cae6dfab7df,/path/to/PETS-FFT-Ablation/results/final_unconditional_main_v1/evaluators/Energy/T64/ts2vec_seed_123.pt,1.5552136898040771,0
PETS-U,Energy,64,123,100000,correlation_score,-1,1.9537016153335571,True,4096,4de04ef73b0e56b19af594a31b813a4697ed7c514b305259bb0ad4595412bc35,3db31a6a4bd8b3a6640dd6b7ef3fe422f8eb479c5e4def1f3fde3cae6dfab7df,/path/to/Diffusion-TS/Utils/cross_correlation.py,0.3695943355560303,0
PETS-U,Energy,64,123,100000,discriminative_score,0,0.3804878048780488,True,4096,4de04ef73b0e56b19af594a31b813a4697ed7c514b305259bb0ad4595412bc35,3db31a6a4bd8b3a6640dd6b7ef3fe422f8eb479c5e4def1f3fde3cae6dfab7df,/path/to/Diffusion-TS/Utils/discriminative_metric.py,42.28549671173096,1
PETS-U,Energy,64,123,100000,discriminative_score,42,0.11768292682926829,True,4096,4de04ef73b0e56b19af594a31b813a4697ed7c514b305259bb0ad4595412bc35,3db31a6a4bd8b3a6640dd6b7ef3fe422f8eb479c5e4def1f3fde3cae6dfab7df,/path/to/Diffusion-TS/Utils/discriminative_metric.py,42.231261253356934,2
PETS-U,Energy,64,123,100000,discriminative_score,123,0.3823170731707317,True,4096,4de04ef73b0e56b19af594a31b813a4697ed7c514b305259bb0ad4595412bc35,3db31a6a4bd8b3a6640dd6b7ef3fe422f8eb479c5e4def1f3fde3cae6dfab7df,/path/to/Diffusion-TS/Utils/discriminative_metric.py,42.500203371047974,0
PETS-U,Energy,64,123,100000,predictive_score,0,0.2536265566050133,True,4096,4de04ef73b0e56b19af594a31b813a4697ed7c514b305259bb0ad4595412bc35,3db31a6a4bd8b3a6640dd6b7ef3fe422f8eb479c5e4def1f3fde3cae6dfab7df,/path/to/Diffusion-TS/Utils/predictive_metric.py,89.57452130317688,1
PETS-U,Energy,64,123,100000,predictive_score,42,0.2643378081920673,True,4096,4de04ef73b0e56b19af594a31b813a4697ed7c514b305259bb0ad4595412bc35,3db31a6a4bd8b3a6640dd6b7ef3fe422f8eb479c5e4def1f3fde3cae6dfab7df,/path/to/Diffusion-TS/Utils/predictive_metric.py,87.43638682365417,2
PETS-U,Energy,64,123,100000,predictive_score,123,0.25511241708227317,True,4096,4de04ef73b0e56b19af594a31b813a4697ed7c514b305259bb0ad4595412bc35,3db31a6a4bd8b3a6640dd6b7ef3fe422f8eb479c5e4def1f3fde3cae6dfab7df,/path/to/Diffusion-TS/Utils/predictive_metric.py,89.96497368812561,0
PETS-U,Energy,64,123,100001,context_fid,0,1.1571753951571253,True,4096,4de04ef73b0e56b19af594a31b813a4697ed7c514b305259bb0ad4595412bc35,e35aba46b18b9606c0c959dcd144ca9346b4938133f5075a023fc7201a4a6dae,/path/to/PETS-FFT-Ablation/results/final_unconditional_main_v1/evaluators/Energy/T64/ts2vec_seed_0.pt,1.4346036911010742,2
PETS-U,Energy,64,123,100001,context_fid,42,0.715440414411588,True,4096,4de04ef73b0e56b19af594a31b813a4697ed7c514b305259bb0ad4595412bc35,e35aba46b18b9606c0c959dcd144ca9346b4938133f5075a023fc7201a4a6dae,/path/to/PETS-FFT-Ablation/results/final_unconditional_main_v1/evaluators/Energy/T64/ts2vec_seed_42.pt,1.3564841747283936,1
PETS-U,Energy,64,123,100001,context_fid,123,0.9540773283892405,True,4096,4de04ef73b0e56b19af594a31b813a4697ed7c514b305259bb0ad4595412bc35,e35aba46b18b9606c0c959dcd144ca9346b4938133f5075a023fc7201a4a6dae,/path/to/PETS-FFT-Ablation/results/final_unconditional_main_v1/evaluators/Energy/T64/ts2vec_seed_123.pt,1.4158155918121338,2
PETS-U,Energy,64,123,100001,correlation_score,-1,1.9878956079483032,True,4096,4de04ef73b0e56b19af594a31b813a4697ed7c514b305259bb0ad4595412bc35,e35aba46b18b9606c0c959dcd144ca9346b4938133f5075a023fc7201a4a6dae,/path/to/Diffusion-TS/Utils/cross_correlation.py,0.37436437606811523,2
PETS-U,Energy,64,123,100001,discriminative_score,0,0.4134146341463415,True,4096,4de04ef73b0e56b19af594a31b813a4697ed7c514b305259bb0ad4595412bc35,e35aba46b18b9606c0c959dcd144ca9346b4938133f5075a023fc7201a4a6dae,/path/to/Diffusion-TS/Utils/discriminative_metric.py,42.31236553192139,1
PETS-U,Energy,64,123,100001,discriminative_score,42,0.27195121951219514,True,4096,4de04ef73b0e56b19af594a31b813a4697ed7c514b305259bb0ad4595412bc35,e35aba46b18b9606c0c959dcd144ca9346b4938133f5075a023fc7201a4a6dae,/path/to/Diffusion-TS/Utils/discriminative_metric.py,42.47748398780823,0
PETS-U,Energy,64,123,100001,discriminative_score,123,0.0,True,4096,4de04ef73b0e56b19af594a31b813a4697ed7c514b305259bb0ad4595412bc35,e35aba46b18b9606c0c959dcd144ca9346b4938133f5075a023fc7201a4a6dae,/path/to/Diffusion-TS/Utils/discriminative_metric.py,41.721253395080566,2
PETS-U,Energy,64,123,100001,predictive_score,0,0.25452769943876774,True,4096,4de04ef73b0e56b19af594a31b813a4697ed7c514b305259bb0ad4595412bc35,e35aba46b18b9606c0c959dcd144ca9346b4938133f5075a023fc7201a4a6dae,/path/to/Diffusion-TS/Utils/predictive_metric.py,90.03600311279297,2
PETS-U,Energy,64,123,100001,predictive_score,42,0.2773656623903662,True,4096,4de04ef73b0e56b19af594a31b813a4697ed7c514b305259bb0ad4595412bc35,e35aba46b18b9606c0c959dcd144ca9346b4938133f5075a023fc7201a4a6dae,/path/to/Diffusion-TS/Utils/predictive_metric.py,88.42973685264587,1
PETS-U,Energy,64,123,100001,predictive_score,123,0.2681676493375562,True,4096,4de04ef73b0e56b19af594a31b813a4697ed7c514b305259bb0ad4595412bc35,e35aba46b18b9606c0c959dcd144ca9346b4938133f5075a023fc7201a4a6dae,/path/to/Diffusion-TS/Utils/predictive_metric.py,88.18493127822876,0
PETS-U,Energy,64,123,100002,context_fid,0,1.1975314051407164,True,4096,4de04ef73b0e56b19af594a31b813a4697ed7c514b305259bb0ad4595412bc35,45396f26917eb6e7f20138fa03e27dc6351541242c1c93542a099720f5a778bd,/path/to/PETS-FFT-Ablation/results/final_unconditional_main_v1/evaluators/Energy/T64/ts2vec_seed_0.pt,1.3105905055999756,0
PETS-U,Energy,64,123,100002,context_fid,42,0.7160265884037649,True,4096,4de04ef73b0e56b19af594a31b813a4697ed7c514b305259bb0ad4595412bc35,45396f26917eb6e7f20138fa03e27dc6351541242c1c93542a099720f5a778bd,/path/to/PETS-FFT-Ablation/results/final_unconditional_main_v1/evaluators/Energy/T64/ts2vec_seed_42.pt,1.4894053936004639,1
PETS-U,Energy,64,123,100002,context_fid,123,1.0008200411971537,True,4096,4de04ef73b0e56b19af594a31b813a4697ed7c514b305259bb0ad4595412bc35,45396f26917eb6e7f20138fa03e27dc6351541242c1c93542a099720f5a778bd,/path/to/PETS-FFT-Ablation/results/final_unconditional_main_v1/evaluators/Energy/T64/ts2vec_seed_123.pt,1.4256105422973633,0
PETS-U,Energy,64,123,100002,correlation_score,-1,1.914090871810913,True,4096,4de04ef73b0e56b19af594a31b813a4697ed7c514b305259bb0ad4595412bc35,45396f26917eb6e7f20138fa03e27dc6351541242c1c93542a099720f5a778bd,/path/to/Diffusion-TS/Utils/cross_correlation.py,0.4015183448791504,1
PETS-U,Energy,64,123,100002,discriminative_score,0,0.2835365853658537,True,4096,4de04ef73b0e56b19af594a31b813a4697ed7c514b305259bb0ad4595412bc35,45396f26917eb6e7f20138fa03e27dc6351541242c1c93542a099720f5a778bd,/path/to/Diffusion-TS/Utils/discriminative_metric.py,42.35404014587402,2
PETS-U,Energy,64,123,100002,discriminative_score,42,0.04268292682926833,True,4096,4de04ef73b0e56b19af594a31b813a4697ed7c514b305259bb0ad4595412bc35,45396f26917eb6e7f20138fa03e27dc6351541242c1c93542a099720f5a778bd,/path/to/Diffusion-TS/Utils/discriminative_metric.py,42.34980058670044,1
PETS-U,Energy,64,123,100002,discriminative_score,123,0.3829268292682927,True,4096,4de04ef73b0e56b19af594a31b813a4697ed7c514b305259bb0ad4595412bc35,45396f26917eb6e7f20138fa03e27dc6351541242c1c93542a099720f5a778bd,/path/to/Diffusion-TS/Utils/discriminative_metric.py,41.89669847488403,0
PETS-U,Energy,64,123,100002,predictive_score,0,0.2556285466089321,True,4096,4de04ef73b0e56b19af594a31b813a4697ed7c514b305259bb0ad4595412bc35,45396f26917eb6e7f20138fa03e27dc6351541242c1c93542a099720f5a778bd,/path/to/Diffusion-TS/Utils/predictive_metric.py,86.88695168495178,2
PETS-U,Energy,64,123,100002,predictive_score,42,0.3161200347931299,True,4096,4de04ef73b0e56b19af594a31b813a4697ed7c514b305259bb0ad4595412bc35,45396f26917eb6e7f20138fa03e27dc6351541242c1c93542a099720f5a778bd,/path/to/Diffusion-TS/Utils/predictive_metric.py,88.52425289154053,1
PETS-U,Energy,64,123,100002,predictive_score,123,0.2605047386314254,True,4096,4de04ef73b0e56b19af594a31b813a4697ed7c514b305259bb0ad4595412bc35,45396f26917eb6e7f20138fa03e27dc6351541242c1c93542a099720f5a778bd,/path/to/Diffusion-TS/Utils/predictive_metric.py,87.57844233512878,0
PETS-U,Energy,64,123,100003,context_fid,0,1.1920130707595202,True,4096,4de04ef73b0e56b19af594a31b813a4697ed7c514b305259bb0ad4595412bc35,d99b24a8c8ce39759a92b8dfb6975236a258395016f1716dd06d7b2307dea724,/path/to/PETS-FFT-Ablation/results/final_unconditional_main_v1/evaluators/Energy/T64/ts2vec_seed_0.pt,1.4213240146636963,2
PETS-U,Energy,64,123,100003,context_fid,42,0.7262090078533802,True,4096,4de04ef73b0e56b19af594a31b813a4697ed7c514b305259bb0ad4595412bc35,d99b24a8c8ce39759a92b8dfb6975236a258395016f1716dd06d7b2307dea724,/path/to/PETS-FFT-Ablation/results/final_unconditional_main_v1/evaluators/Energy/T64/ts2vec_seed_42.pt,1.3294105529785156,0
PETS-U,Energy,64,123,100003,context_fid,123,0.9811206434943242,True,4096,4de04ef73b0e56b19af594a31b813a4697ed7c514b305259bb0ad4595412bc35,d99b24a8c8ce39759a92b8dfb6975236a258395016f1716dd06d7b2307dea724,/path/to/PETS-FFT-Ablation/results/final_unconditional_main_v1/evaluators/Energy/T64/ts2vec_seed_123.pt,1.602168083190918,2
PETS-U,Energy,64,123,100003,correlation_score,-1,1.8645204305648804,True,4096,4de04ef73b0e56b19af594a31b813a4697ed7c514b305259bb0ad4595412bc35,d99b24a8c8ce39759a92b8dfb6975236a258395016f1716dd06d7b2307dea724,/path/to/Diffusion-TS/Utils/cross_correlation.py,0.380138635635376,2
PETS-U,Energy,64,123,100003,discriminative_score,0,0.06951219512195123,True,4096,4de04ef73b0e56b19af594a31b813a4697ed7c514b305259bb0ad4595412bc35,d99b24a8c8ce39759a92b8dfb6975236a258395016f1716dd06d7b2307dea724,/path/to/Diffusion-TS/Utils/discriminative_metric.py,42.05545997619629,1
PETS-U,Energy,64,123,100003,discriminative_score,42,0.0012195121951219523,True,4096,4de04ef73b0e56b19af594a31b813a4697ed7c514b305259bb0ad4595412bc35,d99b24a8c8ce39759a92b8dfb6975236a258395016f1716dd06d7b2307dea724,/path/to/Diffusion-TS/Utils/discriminative_metric.py,42.641223430633545,0
PETS-U,Energy,64,123,100003,discriminative_score,123,0.38902439024390245,True,4096,4de04ef73b0e56b19af594a31b813a4697ed7c514b305259bb0ad4595412bc35,d99b24a8c8ce39759a92b8dfb6975236a258395016f1716dd06d7b2307dea724,/path/to/Diffusion-TS/Utils/discriminative_metric.py,42.01345133781433,2
PETS-U,Energy,64,123,100003,predictive_score,0,0.25700841721481993,True,4096,4de04ef73b0e56b19af594a31b813a4697ed7c514b305259bb0ad4595412bc35,d99b24a8c8ce39759a92b8dfb6975236a258395016f1716dd06d7b2307dea724,/path/to/Diffusion-TS/Utils/predictive_metric.py,89.74925446510315,1
PETS-U,Energy,64,123,100003,predictive_score,42,0.30999732267446234,True,4096,4de04ef73b0e56b19af594a31b813a4697ed7c514b305259bb0ad4595412bc35,d99b24a8c8ce39759a92b8dfb6975236a258395016f1716dd06d7b2307dea724,/path/to/Diffusion-TS/Utils/predictive_metric.py,87.61001348495483,2
PETS-U,Energy,64,123,100003,predictive_score,123,0.3016906095217564,True,4096,4de04ef73b0e56b19af594a31b813a4697ed7c514b305259bb0ad4595412bc35,d99b24a8c8ce39759a92b8dfb6975236a258395016f1716dd06d7b2307dea724,/path/to/Diffusion-TS/Utils/predictive_metric.py,87.81957960128784,0
PETS-U,Energy,64,123,100004,context_fid,0,1.159799353128719,True,4096,4de04ef73b0e56b19af594a31b813a4697ed7c514b305259bb0ad4595412bc35,021a9daace458b823ec8b6f3b108bf3bf09d306f912341d69606228a94f60070,/path/to/PETS-FFT-Ablation/results/final_unconditional_main_v1/evaluators/Energy/T64/ts2vec_seed_0.pt,1.2268531322479248,0
PETS-U,Energy,64,123,100004,context_fid,42,0.708437224109879,True,4096,4de04ef73b0e56b19af594a31b813a4697ed7c514b305259bb0ad4595412bc35,021a9daace458b823ec8b6f3b108bf3bf09d306f912341d69606228a94f60070,/path/to/PETS-FFT-Ablation/results/final_unconditional_main_v1/evaluators/Energy/T64/ts2vec_seed_42.pt,1.3016104698181152,2
PETS-U,Energy,64,123,100004,context_fid,123,0.9810938856904827,True,4096,4de04ef73b0e56b19af594a31b813a4697ed7c514b305259bb0ad4595412bc35,021a9daace458b823ec8b6f3b108bf3bf09d306f912341d69606228a94f60070,/path/to/PETS-FFT-Ablation/results/final_unconditional_main_v1/evaluators/Energy/T64/ts2vec_seed_123.pt,1.3548998832702637,1
PETS-U,Energy,64,123,100004,correlation_score,-1,1.9172179698944092,True,4096,4de04ef73b0e56b19af594a31b813a4697ed7c514b305259bb0ad4595412bc35,021a9daace458b823ec8b6f3b108bf3bf09d306f912341d69606228a94f60070,/path/to/Diffusion-TS/Utils/cross_correlation.py,0.3757145404815674,2
PETS-U,Energy,64,123,100004,discriminative_score,0,0.43719512195121957,True,4096,4de04ef73b0e56b19af594a31b813a4697ed7c514b305259bb0ad4595412bc35,021a9daace458b823ec8b6f3b108bf3bf09d306f912341d69606228a94f60070,/path/to/Diffusion-TS/Utils/discriminative_metric.py,42.209707736968994,0
PETS-U,Energy,64,123,100004,discriminative_score,42,0.40670731707317076,True,4096,4de04ef73b0e56b19af594a31b813a4697ed7c514b305259bb0ad4595412bc35,021a9daace458b823ec8b6f3b108bf3bf09d306f912341d69606228a94f60070,/path/to/Diffusion-TS/Utils/discriminative_metric.py,42.258780002593994,2
PETS-U,Energy,64,123,100004,discriminative_score,123,0.224390243902439,True,4096,4de04ef73b0e56b19af594a31b813a4697ed7c514b305259bb0ad4595412bc35,021a9daace458b823ec8b6f3b108bf3bf09d306f912341d69606228a94f60070,/path/to/Diffusion-TS/Utils/discriminative_metric.py,42.01891231536865,1
PETS-U,Energy,64,123,100004,predictive_score,0,0.2604925405175891,True,4096,4de04ef73b0e56b19af594a31b813a4697ed7c514b305259bb0ad4595412bc35,021a9daace458b823ec8b6f3b108bf3bf09d306f912341d69606228a94f60070,/path/to/Diffusion-TS/Utils/predictive_metric.py,87.47945833206177,0
PETS-U,Energy,64,123,100004,predictive_score,42,0.32881991335671046,True,4096,4de04ef73b0e56b19af594a31b813a4697ed7c514b305259bb0ad4595412bc35,021a9daace458b823ec8b6f3b108bf3bf09d306f912341d69606228a94f60070,/path/to/Diffusion-TS/Utils/predictive_metric.py,89.98584222793579,2
PETS-U,Energy,64,123,100004,predictive_score,123,0.3715776150165766,True,4096,4de04ef73b0e56b19af594a31b813a4697ed7c514b305259bb0ad4595412bc35,021a9daace458b823ec8b6f3b108bf3bf09d306f912341d69606228a94f60070,/path/to/Diffusion-TS/Utils/predictive_metric.py,89.18957686424255,1
Diffusion-TS,Energy,128,0,100000,context_fid,0,1.023479933417052,True,4096,0082877761fe99d6f9502c5bbd4a86e23459340386e532f91d26799d68158192,420a671cc8221bff26966317fb7c14375f3881103cfac1e0cb8f97d1241ae0c1,/path/to/PETS-FFT-Ablation/results/final_unconditional_main_v1/evaluators/Energy/T128/ts2vec_seed_0.pt,1.373586654663086,2
Diffusion-TS,Energy,128,0,100000,context_fid,42,0.7873506102105947,True,4096,0082877761fe99d6f9502c5bbd4a86e23459340386e532f91d26799d68158192,420a671cc8221bff26966317fb7c14375f3881103cfac1e0cb8f97d1241ae0c1,/path/to/PETS-FFT-Ablation/results/final_unconditional_main_v1/evaluators/Energy/T128/ts2vec_seed_42.pt,1.4319679737091064,1
Diffusion-TS,Energy,128,0,100000,context_fid,123,0.9632050339492911,True,4096,0082877761fe99d6f9502c5bbd4a86e23459340386e532f91d26799d68158192,420a671cc8221bff26966317fb7c14375f3881103cfac1e0cb8f97d1241ae0c1,/path/to/PETS-FFT-Ablation/results/final_unconditional_main_v1/evaluators/Energy/T128/ts2vec_seed_123.pt,1.4060921669006348,0
Diffusion-TS,Energy,128,0,100000,correlation_score,-1,1.3626726865768433,True,4096,0082877761fe99d6f9502c5bbd4a86e23459340386e532f91d26799d68158192,420a671cc8221bff26966317fb7c14375f3881103cfac1e0cb8f97d1241ae0c1,/path/to/Diffusion-TS/Utils/cross_correlation.py,0.7687933444976807,1
Diffusion-TS,Energy,128,0,100000,discriminative_score,0,0.38597560975609757,True,4096,0082877761fe99d6f9502c5bbd4a86e23459340386e532f91d26799d68158192,420a671cc8221bff26966317fb7c14375f3881103cfac1e0cb8f97d1241ae0c1,/path/to/Diffusion-TS/Utils/discriminative_metric.py,75.35920929908752,2
Diffusion-TS,Energy,128,0,100000,discriminative_score,42,0.3774390243902439,True,4096,0082877761fe99d6f9502c5bbd4a86e23459340386e532f91d26799d68158192,420a671cc8221bff26966317fb7c14375f3881103cfac1e0cb8f97d1241ae0c1,/path/to/Diffusion-TS/Utils/discriminative_metric.py,75.63992214202881,1
Diffusion-TS,Energy,128,0,100000,discriminative_score,123,0.4591463414634146,True,4096,0082877761fe99d6f9502c5bbd4a86e23459340386e532f91d26799d68158192,420a671cc8221bff26966317fb7c14375f3881103cfac1e0cb8f97d1241ae0c1,/path/to/Diffusion-TS/Utils/discriminative_metric.py,74.85008478164673,0
Diffusion-TS,Energy,128,0,100000,predictive_score,0,0.25246893829171313,True,4096,0082877761fe99d6f9502c5bbd4a86e23459340386e532f91d26799d68158192,420a671cc8221bff26966317fb7c14375f3881103cfac1e0cb8f97d1241ae0c1,/path/to/Diffusion-TS/Utils/predictive_metric.py,161.8631021976471,2
Diffusion-TS,Energy,128,0,100000,predictive_score,42,0.2540577976942586,True,4096,0082877761fe99d6f9502c5bbd4a86e23459340386e532f91d26799d68158192,420a671cc8221bff26966317fb7c14375f3881103cfac1e0cb8f97d1241ae0c1,/path/to/Diffusion-TS/Utils/predictive_metric.py,165.29419040679932,0
Diffusion-TS,Energy,128,0,100000,predictive_score,123,0.25235356815028354,True,4096,0082877761fe99d6f9502c5bbd4a86e23459340386e532f91d26799d68158192,420a671cc8221bff26966317fb7c14375f3881103cfac1e0cb8f97d1241ae0c1,/path/to/Diffusion-TS/Utils/predictive_metric.py,161.646301984787,1
Diffusion-TS,Energy,128,0,100001,context_fid,0,1.0316506631951246,True,4096,0082877761fe99d6f9502c5bbd4a86e23459340386e532f91d26799d68158192,8b8ef11a7ba05dae499482e58db53c71d57979f3e2c68510233b152d810be0cc,/path/to/PETS-FFT-Ablation/results/final_unconditional_main_v1/evaluators/Energy/T128/ts2vec_seed_0.pt,1.4230294227600098,1
Diffusion-TS,Energy,128,0,100001,context_fid,42,0.7938482118965431,True,4096,0082877761fe99d6f9502c5bbd4a86e23459340386e532f91d26799d68158192,8b8ef11a7ba05dae499482e58db53c71d57979f3e2c68510233b152d810be0cc,/path/to/PETS-FFT-Ablation/results/final_unconditional_main_v1/evaluators/Energy/T128/ts2vec_seed_42.pt,1.520458459854126,2
Diffusion-TS,Energy,128,0,100001,context_fid,123,0.9838955376176388,True,4096,0082877761fe99d6f9502c5bbd4a86e23459340386e532f91d26799d68158192,8b8ef11a7ba05dae499482e58db53c71d57979f3e2c68510233b152d810be0cc,/path/to/PETS-FFT-Ablation/results/final_unconditional_main_v1/evaluators/Energy/T128/ts2vec_seed_123.pt,1.415637493133545,1
Diffusion-TS,Energy,128,0,100001,correlation_score,-1,1.3683053255081177,True,4096,0082877761fe99d6f9502c5bbd4a86e23459340386e532f91d26799d68158192,8b8ef11a7ba05dae499482e58db53c71d57979f3e2c68510233b152d810be0cc,/path/to/Diffusion-TS/Utils/cross_correlation.py,0.7546091079711914,2
Diffusion-TS,Energy,128,0,100001,discriminative_score,0,0.39451219512195124,True,4096,0082877761fe99d6f9502c5bbd4a86e23459340386e532f91d26799d68158192,8b8ef11a7ba05dae499482e58db53c71d57979f3e2c68510233b152d810be0cc,/path/to/Diffusion-TS/Utils/discriminative_metric.py,75.79285883903503,2
Diffusion-TS,Energy,128,0,100001,discriminative_score,42,0.375,True,4096,0082877761fe99d6f9502c5bbd4a86e23459340386e532f91d26799d68158192,8b8ef11a7ba05dae499482e58db53c71d57979f3e2c68510233b152d810be0cc,/path/to/Diffusion-TS/Utils/discriminative_metric.py,76.15794467926025,1
Diffusion-TS,Energy,128,0,100001,discriminative_score,123,0.40182926829268295,True,4096,0082877761fe99d6f9502c5bbd4a86e23459340386e532f91d26799d68158192,8b8ef11a7ba05dae499482e58db53c71d57979f3e2c68510233b152d810be0cc,/path/to/Diffusion-TS/Utils/discriminative_metric.py,76.30332541465759,0
Diffusion-TS,Energy,128,0,100001,predictive_score,0,0.2529502717516152,True,4096,0082877761fe99d6f9502c5bbd4a86e23459340386e532f91d26799d68158192,8b8ef11a7ba05dae499482e58db53c71d57979f3e2c68510233b152d810be0cc,/path/to/Diffusion-TS/Utils/predictive_metric.py,161.78268718719482,2
Diffusion-TS,Energy,128,0,100001,predictive_score,42,0.2532460152760905,True,4096,0082877761fe99d6f9502c5bbd4a86e23459340386e532f91d26799d68158192,8b8ef11a7ba05dae499482e58db53c71d57979f3e2c68510233b152d810be0cc,/path/to/Diffusion-TS/Utils/predictive_metric.py,161.2011547088623,1
Diffusion-TS,Energy,128,0,100001,predictive_score,123,0.252888528015319,True,4096,0082877761fe99d6f9502c5bbd4a86e23459340386e532f91d26799d68158192,8b8ef11a7ba05dae499482e58db53c71d57979f3e2c68510233b152d810be0cc,/path/to/Diffusion-TS/Utils/predictive_metric.py,163.866854429245,0
Diffusion-TS,Energy,128,0,100002,context_fid,0,1.0321319884750304,True,4096,0082877761fe99d6f9502c5bbd4a86e23459340386e532f91d26799d68158192,71d86f00bec4b2eca8ca521d449dc2df57056c4881a798a65eb39565a4d574bb,/path/to/PETS-FFT-Ablation/results/final_unconditional_main_v1/evaluators/Energy/T128/ts2vec_seed_0.pt,1.3290925025939941,2
Diffusion-TS,Energy,128,0,100002,context_fid,42,0.8105003399585868,True,4096,0082877761fe99d6f9502c5bbd4a86e23459340386e532f91d26799d68158192,71d86f00bec4b2eca8ca521d449dc2df57056c4881a798a65eb39565a4d574bb,/path/to/PETS-FFT-Ablation/results/final_unconditional_main_v1/evaluators/Energy/T128/ts2vec_seed_42.pt,1.4667820930480957,1
Diffusion-TS,Energy,128,0,100002,context_fid,123,0.9787894776677768,True,4096,0082877761fe99d6f9502c5bbd4a86e23459340386e532f91d26799d68158192,71d86f00bec4b2eca8ca521d449dc2df57056c4881a798a65eb39565a4d574bb,/path/to/PETS-FFT-Ablation/results/final_unconditional_main_v1/evaluators/Energy/T128/ts2vec_seed_123.pt,1.5887641906738281,2
Diffusion-TS,Energy,128,0,100002,correlation_score,-1,1.352198839187622,True,4096,0082877761fe99d6f9502c5bbd4a86e23459340386e532f91d26799d68158192,71d86f00bec4b2eca8ca521d449dc2df57056c4881a798a65eb39565a4d574bb,/path/to/Diffusion-TS/Utils/cross_correlation.py,0.7383768558502197,2
Diffusion-TS,Energy,128,0,100002,discriminative_score,0,0.36829268292682926,True,4096,0082877761fe99d6f9502c5bbd4a86e23459340386e532f91d26799d68158192,71d86f00bec4b2eca8ca521d449dc2df57056c4881a798a65eb39565a4d574bb,/path/to/Diffusion-TS/Utils/discriminative_metric.py,75.34760236740112,1
Diffusion-TS,Energy,128,0,100002,discriminative_score,42,0.3701219512195122,True,4096,0082877761fe99d6f9502c5bbd4a86e23459340386e532f91d26799d68158192,71d86f00bec4b2eca8ca521d449dc2df57056c4881a798a65eb39565a4d574bb,/path/to/Diffusion-TS/Utils/discriminative_metric.py,76.31682658195496,2
Diffusion-TS,Energy,128,0,100002,discriminative_score,123,0.38414634146341464,True,4096,0082877761fe99d6f9502c5bbd4a86e23459340386e532f91d26799d68158192,71d86f00bec4b2eca8ca521d449dc2df57056c4881a798a65eb39565a4d574bb,/path/to/Diffusion-TS/Utils/discriminative_metric.py,75.01029753684998,0
Diffusion-TS,Energy,128,0,100002,predictive_score,0,0.25259997851389926,True,4096,0082877761fe99d6f9502c5bbd4a86e23459340386e532f91d26799d68158192,71d86f00bec4b2eca8ca521d449dc2df57056c4881a798a65eb39565a4d574bb,/path/to/Diffusion-TS/Utils/predictive_metric.py,162.43876719474792,1
Diffusion-TS,Energy,128,0,100002,predictive_score,42,0.2536176340036036,True,4096,0082877761fe99d6f9502c5bbd4a86e23459340386e532f91d26799d68158192,71d86f00bec4b2eca8ca521d449dc2df57056c4881a798a65eb39565a4d574bb,/path/to/Diffusion-TS/Utils/predictive_metric.py,163.62798881530762,0
Diffusion-TS,Energy,128,0,100002,predictive_score,123,0.2533809774322435,True,4096,0082877761fe99d6f9502c5bbd4a86e23459340386e532f91d26799d68158192,71d86f00bec4b2eca8ca521d449dc2df57056c4881a798a65eb39565a4d574bb,/path/to/Diffusion-TS/Utils/predictive_metric.py,162.29916214942932,2
Diffusion-TS,Energy,128,0,100003,context_fid,0,1.0115037319706428,True,4096,0082877761fe99d6f9502c5bbd4a86e23459340386e532f91d26799d68158192,31240832f06f70e7a81df6afeb669e32e6097ef255566ddcbe67b3ee0187039b,/path/to/PETS-FFT-Ablation/results/final_unconditional_main_v1/evaluators/Energy/T128/ts2vec_seed_0.pt,1.5799071788787842,1
Diffusion-TS,Energy,128,0,100003,context_fid,42,0.7768744892325341,True,4096,0082877761fe99d6f9502c5bbd4a86e23459340386e532f91d26799d68158192,31240832f06f70e7a81df6afeb669e32e6097ef255566ddcbe67b3ee0187039b,/path/to/PETS-FFT-Ablation/results/final_unconditional_main_v1/evaluators/Energy/T128/ts2vec_seed_42.pt,1.429042100906372,2
Diffusion-TS,Energy,128,0,100003,context_fid,123,0.9522752764173095,True,4096,0082877761fe99d6f9502c5bbd4a86e23459340386e532f91d26799d68158192,31240832f06f70e7a81df6afeb669e32e6097ef255566ddcbe67b3ee0187039b,/path/to/PETS-FFT-Ablation/results/final_unconditional_main_v1/evaluators/Energy/T128/ts2vec_seed_123.pt,1.6622934341430664,1
Diffusion-TS,Energy,128,0,100003,correlation_score,-1,1.505946159362793,True,4096,0082877761fe99d6f9502c5bbd4a86e23459340386e532f91d26799d68158192,31240832f06f70e7a81df6afeb669e32e6097ef255566ddcbe67b3ee0187039b,/path/to/Diffusion-TS/Utils/cross_correlation.py,0.7475674152374268,1
Diffusion-TS,Energy,128,0,100003,discriminative_score,0,0.38109756097560976,True,4096,0082877761fe99d6f9502c5bbd4a86e23459340386e532f91d26799d68158192,31240832f06f70e7a81df6afeb669e32e6097ef255566ddcbe67b3ee0187039b,/path/to/Diffusion-TS/Utils/discriminative_metric.py,75.77357745170593,0
Diffusion-TS,Energy,128,0,100003,discriminative_score,42,0.37378048780487805,True,4096,0082877761fe99d6f9502c5bbd4a86e23459340386e532f91d26799d68158192,31240832f06f70e7a81df6afeb669e32e6097ef255566ddcbe67b3ee0187039b,/path/to/Diffusion-TS/Utils/discriminative_metric.py,75.9538586139679,2
Diffusion-TS,Energy,128,0,100003,discriminative_score,123,0.4365853658536586,True,4096,0082877761fe99d6f9502c5bbd4a86e23459340386e532f91d26799d68158192,31240832f06f70e7a81df6afeb669e32e6097ef255566ddcbe67b3ee0187039b,/path/to/Diffusion-TS/Utils/discriminative_metric.py,74.4972996711731,1
Diffusion-TS,Energy,128,0,100003,predictive_score,0,0.2525908114876074,True,4096,0082877761fe99d6f9502c5bbd4a86e23459340386e532f91d26799d68158192,31240832f06f70e7a81df6afeb669e32e6097ef255566ddcbe67b3ee0187039b,/path/to/Diffusion-TS/Utils/predictive_metric.py,164.22162556648254,1
Diffusion-TS,Energy,128,0,100003,predictive_score,42,0.25387985534689506,True,4096,0082877761fe99d6f9502c5bbd4a86e23459340386e532f91d26799d68158192,31240832f06f70e7a81df6afeb669e32e6097ef255566ddcbe67b3ee0187039b,/path/to/Diffusion-TS/Utils/predictive_metric.py,163.18202090263367,0
Diffusion-TS,Energy,128,0,100003,predictive_score,123,0.2523747553314024,True,4096,0082877761fe99d6f9502c5bbd4a86e23459340386e532f91d26799d68158192,31240832f06f70e7a81df6afeb669e32e6097ef255566ddcbe67b3ee0187039b,/path/to/Diffusion-TS/Utils/predictive_metric.py,161.80752229690552,2
Diffusion-TS,Energy,128,0,100004,context_fid,0,1.0167741728737703,True,4096,0082877761fe99d6f9502c5bbd4a86e23459340386e532f91d26799d68158192,82fe2f970e2a21e5c3b19d4a43b8dd614352614a4c459a3fa4927aa6827d14b7,/path/to/PETS-FFT-Ablation/results/final_unconditional_main_v1/evaluators/Energy/T128/ts2vec_seed_0.pt,1.2803294658660889,0
Diffusion-TS,Energy,128,0,100004,context_fid,42,0.8087399474187843,True,4096,0082877761fe99d6f9502c5bbd4a86e23459340386e532f91d26799d68158192,82fe2f970e2a21e5c3b19d4a43b8dd614352614a4c459a3fa4927aa6827d14b7,/path/to/PETS-FFT-Ablation/results/final_unconditional_main_v1/evaluators/Energy/T128/ts2vec_seed_42.pt,1.4356098175048828,2
Diffusion-TS,Energy,128,0,100004,context_fid,123,0.9759736386209535,True,4096,0082877761fe99d6f9502c5bbd4a86e23459340386e532f91d26799d68158192,82fe2f970e2a21e5c3b19d4a43b8dd614352614a4c459a3fa4927aa6827d14b7,/path/to/PETS-FFT-Ablation/results/final_unconditional_main_v1/evaluators/Energy/T128/ts2vec_seed_123.pt,1.4537549018859863,1
Diffusion-TS,Energy,128,0,100004,correlation_score,-1,1.3055132627487183,True,4096,0082877761fe99d6f9502c5bbd4a86e23459340386e532f91d26799d68158192,82fe2f970e2a21e5c3b19d4a43b8dd614352614a4c459a3fa4927aa6827d14b7,/path/to/Diffusion-TS/Utils/cross_correlation.py,0.7390046119689941,2
Diffusion-TS,Energy,128,0,100004,discriminative_score,0,0.3908536585365854,True,4096,0082877761fe99d6f9502c5bbd4a86e23459340386e532f91d26799d68158192,82fe2f970e2a21e5c3b19d4a43b8dd614352614a4c459a3fa4927aa6827d14b7,/path/to/Diffusion-TS/Utils/discriminative_metric.py,76.42647433280945,0
Diffusion-TS,Energy,128,0,100004,discriminative_score,42,0.3695121951219512,True,4096,0082877761fe99d6f9502c5bbd4a86e23459340386e532f91d26799d68158192,82fe2f970e2a21e5c3b19d4a43b8dd614352614a4c459a3fa4927aa6827d14b7,/path/to/Diffusion-TS/Utils/discriminative_metric.py,75.74745059013367,2
Diffusion-TS,Energy,128,0,100004,discriminative_score,123,0.4414634146341463,True,4096,0082877761fe99d6f9502c5bbd4a86e23459340386e532f91d26799d68158192,82fe2f970e2a21e5c3b19d4a43b8dd614352614a4c459a3fa4927aa6827d14b7,/path/to/Diffusion-TS/Utils/discriminative_metric.py,75.01531481742859,1
Diffusion-TS,Energy,128,0,100004,predictive_score,0,0.25269461562129436,True,4096,0082877761fe99d6f9502c5bbd4a86e23459340386e532f91d26799d68158192,82fe2f970e2a21e5c3b19d4a43b8dd614352614a4c459a3fa4927aa6827d14b7,/path/to/Diffusion-TS/Utils/predictive_metric.py,166.03932189941406,2
Diffusion-TS,Energy,128,0,100004,predictive_score,42,0.25417466101498576,True,4096,0082877761fe99d6f9502c5bbd4a86e23459340386e532f91d26799d68158192,82fe2f970e2a21e5c3b19d4a43b8dd614352614a4c459a3fa4927aa6827d14b7,/path/to/Diffusion-TS/Utils/predictive_metric.py,165.286212682724,1
Diffusion-TS,Energy,128,0,100004,predictive_score,123,0.2524449051779811,True,4096,0082877761fe99d6f9502c5bbd4a86e23459340386e532f91d26799d68158192,82fe2f970e2a21e5c3b19d4a43b8dd614352614a4c459a3fa4927aa6827d14b7,/path/to/Diffusion-TS/Utils/predictive_metric.py,162.77145862579346,0
Diffusion-TS,Energy,128,42,100000,context_fid,0,0.9774122302077488,True,4096,0082877761fe99d6f9502c5bbd4a86e23459340386e532f91d26799d68158192,900b1b0759d5a3fd871ad0df64ac7de0af78244dede70e6696c6ae3199610b8a,/path/to/PETS-FFT-Ablation/results/final_unconditional_main_v1/evaluators/Energy/T128/ts2vec_seed_0.pt,1.4458591938018799,0
Diffusion-TS,Energy,128,42,100000,context_fid,42,0.7028013799931401,True,4096,0082877761fe99d6f9502c5bbd4a86e23459340386e532f91d26799d68158192,900b1b0759d5a3fd871ad0df64ac7de0af78244dede70e6696c6ae3199610b8a,/path/to/PETS-FFT-Ablation/results/final_unconditional_main_v1/evaluators/Energy/T128/ts2vec_seed_42.pt,1.47989821434021,1
Diffusion-TS,Energy,128,42,100000,context_fid,123,0.9055877657462325,True,4096,0082877761fe99d6f9502c5bbd4a86e23459340386e532f91d26799d68158192,900b1b0759d5a3fd871ad0df64ac7de0af78244dede70e6696c6ae3199610b8a,/path/to/PETS-FFT-Ablation/results/final_unconditional_main_v1/evaluators/Energy/T128/ts2vec_seed_123.pt,1.368513584136963,0
Diffusion-TS,Energy,128,42,100000,correlation_score,-1,1.515075922012329,True,4096,0082877761fe99d6f9502c5bbd4a86e23459340386e532f91d26799d68158192,900b1b0759d5a3fd871ad0df64ac7de0af78244dede70e6696c6ae3199610b8a,/path/to/Diffusion-TS/Utils/cross_correlation.py,0.7297501564025879,0
Diffusion-TS,Energy,128,42,100000,discriminative_score,0,0.43963414634146336,True,4096,0082877761fe99d6f9502c5bbd4a86e23459340386e532f91d26799d68158192,900b1b0759d5a3fd871ad0df64ac7de0af78244dede70e6696c6ae3199610b8a,/path/to/Diffusion-TS/Utils/discriminative_metric.py,75.07406806945801,2
Diffusion-TS,Energy,128,42,100000,discriminative_score,42,0.43719512195121957,True,4096,0082877761fe99d6f9502c5bbd4a86e23459340386e532f91d26799d68158192,900b1b0759d5a3fd871ad0df64ac7de0af78244dede70e6696c6ae3199610b8a,/path/to/Diffusion-TS/Utils/discriminative_metric.py,75.07518815994263,0
Diffusion-TS,Energy,128,42,100000,discriminative_score,123,0.4542682926829268,True,4096,0082877761fe99d6f9502c5bbd4a86e23459340386e532f91d26799d68158192,900b1b0759d5a3fd871ad0df64ac7de0af78244dede70e6696c6ae3199610b8a,/path/to/Diffusion-TS/Utils/discriminative_metric.py,74.90594387054443,1
Diffusion-TS,Energy,128,42,100000,predictive_score,0,0.42644589563133195,True,4096,0082877761fe99d6f9502c5bbd4a86e23459340386e532f91d26799d68158192,900b1b0759d5a3fd871ad0df64ac7de0af78244dede70e6696c6ae3199610b8a,/path/to/Diffusion-TS/Utils/predictive_metric.py,161.70135164260864,2
Diffusion-TS,Energy,128,42,100000,predictive_score,42,0.42941221239743754,True,4096,0082877761fe99d6f9502c5bbd4a86e23459340386e532f91d26799d68158192,900b1b0759d5a3fd871ad0df64ac7de0af78244dede70e6696c6ae3199610b8a,/path/to/Diffusion-TS/Utils/predictive_metric.py,163.9035406112671,1
Diffusion-TS,Energy,128,42,100000,predictive_score,123,0.4257953322303365,True,4096,0082877761fe99d6f9502c5bbd4a86e23459340386e532f91d26799d68158192,900b1b0759d5a3fd871ad0df64ac7de0af78244dede70e6696c6ae3199610b8a,/path/to/Diffusion-TS/Utils/predictive_metric.py,166.75285267829895,0
Diffusion-TS,Energy,128,42,100001,context_fid,0,1.014280150706527,True,4096,0082877761fe99d6f9502c5bbd4a86e23459340386e532f91d26799d68158192,f072ce0ed2acaa98fe36bea134638fe7cd596796c7316b587faf5970ac9d9dba,/path/to/PETS-FFT-Ablation/results/final_unconditional_main_v1/evaluators/Energy/T128/ts2vec_seed_0.pt,1.6712896823883057,2
Diffusion-TS,Energy,128,42,100001,context_fid,42,0.7362485610507591,True,4096,0082877761fe99d6f9502c5bbd4a86e23459340386e532f91d26799d68158192,f072ce0ed2acaa98fe36bea134638fe7cd596796c7316b587faf5970ac9d9dba,/path/to/PETS-FFT-Ablation/results/final_unconditional_main_v1/evaluators/Energy/T128/ts2vec_seed_42.pt,1.366114854812622,2
Diffusion-TS,Energy,128,42,100001,context_fid,123,0.9434944227291913,True,4096,0082877761fe99d6f9502c5bbd4a86e23459340386e532f91d26799d68158192,f072ce0ed2acaa98fe36bea134638fe7cd596796c7316b587faf5970ac9d9dba,/path/to/PETS-FFT-Ablation/results/final_unconditional_main_v1/evaluators/Energy/T128/ts2vec_seed_123.pt,1.4232635498046875,1
Diffusion-TS,Energy,128,42,100001,correlation_score,-1,1.231385588645935,True,4096,0082877761fe99d6f9502c5bbd4a86e23459340386e532f91d26799d68158192,f072ce0ed2acaa98fe36bea134638fe7cd596796c7316b587faf5970ac9d9dba,/path/to/Diffusion-TS/Utils/cross_correlation.py,0.7387044429779053,2
Diffusion-TS,Energy,128,42,100001,discriminative_score,0,0.449390243902439,True,4096,0082877761fe99d6f9502c5bbd4a86e23459340386e532f91d26799d68158192,f072ce0ed2acaa98fe36bea134638fe7cd596796c7316b587faf5970ac9d9dba,/path/to/Diffusion-TS/Utils/discriminative_metric.py,75.13314390182495,2
Diffusion-TS,Energy,128,42,100001,discriminative_score,42,0.4365853658536586,True,4096,0082877761fe99d6f9502c5bbd4a86e23459340386e532f91d26799d68158192,f072ce0ed2acaa98fe36bea134638fe7cd596796c7316b587faf5970ac9d9dba,/path/to/Diffusion-TS/Utils/discriminative_metric.py,75.76933550834656,1
Diffusion-TS,Energy,128,42,100001,discriminative_score,123,0.4597560975609756,True,4096,0082877761fe99d6f9502c5bbd4a86e23459340386e532f91d26799d68158192,f072ce0ed2acaa98fe36bea134638fe7cd596796c7316b587faf5970ac9d9dba,/path/to/Diffusion-TS/Utils/discriminative_metric.py,75.89985728263855,0
Diffusion-TS,Energy,128,42,100001,predictive_score,0,0.4275731319721672,True,4096,0082877761fe99d6f9502c5bbd4a86e23459340386e532f91d26799d68158192,f072ce0ed2acaa98fe36bea134638fe7cd596796c7316b587faf5970ac9d9dba,/path/to/Diffusion-TS/Utils/predictive_metric.py,162.41374254226685,2
Diffusion-TS,Energy,128,42,100001,predictive_score,42,0.4304309988801833,True,4096,0082877761fe99d6f9502c5bbd4a86e23459340386e532f91d26799d68158192,f072ce0ed2acaa98fe36bea134638fe7cd596796c7316b587faf5970ac9d9dba,/path/to/Diffusion-TS/Utils/predictive_metric.py,164.6463794708252,1
Diffusion-TS,Energy,128,42,100001,predictive_score,123,0.42293901542871026,True,4096,0082877761fe99d6f9502c5bbd4a86e23459340386e532f91d26799d68158192,f072ce0ed2acaa98fe36bea134638fe7cd596796c7316b587faf5970ac9d9dba,/path/to/Diffusion-TS/Utils/predictive_metric.py,165.98720002174377,0
Diffusion-TS,Energy,128,42,100002,context_fid,0,1.012610348149968,True,4096,0082877761fe99d6f9502c5bbd4a86e23459340386e532f91d26799d68158192,9f7567cda4c2b3d2f11f9e5121c25db533698f3891e15cfde2e957dc01be107f,/path/to/PETS-FFT-Ablation/results/final_unconditional_main_v1/evaluators/Energy/T128/ts2vec_seed_0.pt,1.4582390785217285,2
Diffusion-TS,Energy,128,42,100002,context_fid,42,0.7376562819112049,True,4096,0082877761fe99d6f9502c5bbd4a86e23459340386e532f91d26799d68158192,9f7567cda4c2b3d2f11f9e5121c25db533698f3891e15cfde2e957dc01be107f,/path/to/PETS-FFT-Ablation/results/final_unconditional_main_v1/evaluators/Energy/T128/ts2vec_seed_42.pt,1.4530014991760254,2
Diffusion-TS,Energy,128,42,100002,context_fid,123,0.9506848846662473,True,4096,0082877761fe99d6f9502c5bbd4a86e23459340386e532f91d26799d68158192,9f7567cda4c2b3d2f11f9e5121c25db533698f3891e15cfde2e957dc01be107f,/path/to/PETS-FFT-Ablation/results/final_unconditional_main_v1/evaluators/Energy/T128/ts2vec_seed_123.pt,1.6478097438812256,1
Diffusion-TS,Energy,128,42,100002,correlation_score,-1,1.185293197631836,True,4096,0082877761fe99d6f9502c5bbd4a86e23459340386e532f91d26799d68158192,9f7567cda4c2b3d2f11f9e5121c25db533698f3891e15cfde2e957dc01be107f,/path/to/Diffusion-TS/Utils/cross_correlation.py,0.7384543418884277,2
Diffusion-TS,Energy,128,42,100002,discriminative_score,0,0.44999999999999996,True,4096,0082877761fe99d6f9502c5bbd4a86e23459340386e532f91d26799d68158192,9f7567cda4c2b3d2f11f9e5121c25db533698f3891e15cfde2e957dc01be107f,/path/to/Diffusion-TS/Utils/discriminative_metric.py,74.66618871688843,2
Diffusion-TS,Energy,128,42,100002,discriminative_score,42,0.4365853658536586,True,4096,0082877761fe99d6f9502c5bbd4a86e23459340386e532f91d26799d68158192,9f7567cda4c2b3d2f11f9e5121c25db533698f3891e15cfde2e957dc01be107f,/path/to/Diffusion-TS/Utils/discriminative_metric.py,75.6270170211792,1
Diffusion-TS,Energy,128,42,100002,discriminative_score,123,0.44451219512195117,True,4096,0082877761fe99d6f9502c5bbd4a86e23459340386e532f91d26799d68158192,9f7567cda4c2b3d2f11f9e5121c25db533698f3891e15cfde2e957dc01be107f,/path/to/Diffusion-TS/Utils/discriminative_metric.py,75.0084240436554,0
Diffusion-TS,Energy,128,42,100002,predictive_score,0,0.4255842068887432,True,4096,0082877761fe99d6f9502c5bbd4a86e23459340386e532f91d26799d68158192,9f7567cda4c2b3d2f11f9e5121c25db533698f3891e15cfde2e957dc01be107f,/path/to/Diffusion-TS/Utils/predictive_metric.py,161.76664113998413,2
Diffusion-TS,Energy,128,42,100002,predictive_score,42,0.43412374267791165,True,4096,0082877761fe99d6f9502c5bbd4a86e23459340386e532f91d26799d68158192,9f7567cda4c2b3d2f11f9e5121c25db533698f3891e15cfde2e957dc01be107f,/path/to/Diffusion-TS/Utils/predictive_metric.py,165.40716195106506,1
Diffusion-TS,Energy,128,42,100002,predictive_score,123,0.4285732451680815,True,4096,0082877761fe99d6f9502c5bbd4a86e23459340386e532f91d26799d68158192,9f7567cda4c2b3d2f11f9e5121c25db533698f3891e15cfde2e957dc01be107f,/path/to/Diffusion-TS/Utils/predictive_metric.py,162.7004382610321,0
Diffusion-TS,Energy,128,42,100003,context_fid,0,1.0320553633784955,True,4096,0082877761fe99d6f9502c5bbd4a86e23459340386e532f91d26799d68158192,fb003b62d8e53827b2e5218ddbff82b367d04e6c4b105accba61c07bb8f532c4,/path/to/PETS-FFT-Ablation/results/final_unconditional_main_v1/evaluators/Energy/T128/ts2vec_seed_0.pt,1.4400720596313477,2
Diffusion-TS,Energy,128,42,100003,context_fid,42,0.7509299247143264,True,4096,0082877761fe99d6f9502c5bbd4a86e23459340386e532f91d26799d68158192,fb003b62d8e53827b2e5218ddbff82b367d04e6c4b105accba61c07bb8f532c4,/path/to/PETS-FFT-Ablation/results/final_unconditional_main_v1/evaluators/Energy/T128/ts2vec_seed_42.pt,1.403151035308838,2
Diffusion-TS,Energy,128,42,100003,context_fid,123,0.9702824049939061,True,4096,0082877761fe99d6f9502c5bbd4a86e23459340386e532f91d26799d68158192,fb003b62d8e53827b2e5218ddbff82b367d04e6c4b105accba61c07bb8f532c4,/path/to/PETS-FFT-Ablation/results/final_unconditional_main_v1/evaluators/Energy/T128/ts2vec_seed_123.pt,1.4692881107330322,2
Diffusion-TS,Energy,128,42,100003,correlation_score,-1,1.2063649892807007,True,4096,0082877761fe99d6f9502c5bbd4a86e23459340386e532f91d26799d68158192,fb003b62d8e53827b2e5218ddbff82b367d04e6c4b105accba61c07bb8f532c4,/path/to/Diffusion-TS/Utils/cross_correlation.py,0.7325592041015625,2
Diffusion-TS,Energy,128,42,100003,discriminative_score,0,0.4280487804878049,True,4096,0082877761fe99d6f9502c5bbd4a86e23459340386e532f91d26799d68158192,fb003b62d8e53827b2e5218ddbff82b367d04e6c4b105accba61c07bb8f532c4,/path/to/Diffusion-TS/Utils/discriminative_metric.py,75.09366011619568,0
Diffusion-TS,Energy,128,42,100003,discriminative_score,42,0.43719512195121957,True,4096,0082877761fe99d6f9502c5bbd4a86e23459340386e532f91d26799d68158192,fb003b62d8e53827b2e5218ddbff82b367d04e6c4b105accba61c07bb8f532c4,/path/to/Diffusion-TS/Utils/discriminative_metric.py,75.3259711265564,2
Diffusion-TS,Energy,128,42,100003,discriminative_score,123,0.4341463414634147,True,4096,0082877761fe99d6f9502c5bbd4a86e23459340386e532f91d26799d68158192,fb003b62d8e53827b2e5218ddbff82b367d04e6c4b105accba61c07bb8f532c4,/path/to/Diffusion-TS/Utils/discriminative_metric.py,75.35370087623596,1
Diffusion-TS,Energy,128,42,100003,predictive_score,0,0.4234217388438992,True,4096,0082877761fe99d6f9502c5bbd4a86e23459340386e532f91d26799d68158192,fb003b62d8e53827b2e5218ddbff82b367d04e6c4b105accba61c07bb8f532c4,/path/to/Diffusion-TS/Utils/predictive_metric.py,165.14926743507385,0
Diffusion-TS,Energy,128,42,100003,predictive_score,42,0.4314868003857555,True,4096,0082877761fe99d6f9502c5bbd4a86e23459340386e532f91d26799d68158192,fb003b62d8e53827b2e5218ddbff82b367d04e6c4b105accba61c07bb8f532c4,/path/to/Diffusion-TS/Utils/predictive_metric.py,162.16577315330505,2
Diffusion-TS,Energy,128,42,100003,predictive_score,123,0.43167645617359085,True,4096,0082877761fe99d6f9502c5bbd4a86e23459340386e532f91d26799d68158192,fb003b62d8e53827b2e5218ddbff82b367d04e6c4b105accba61c07bb8f532c4,/path/to/Diffusion-TS/Utils/predictive_metric.py,160.55405139923096,1
Diffusion-TS,Energy,128,42,100004,context_fid,0,0.9954771987711409,True,4096,0082877761fe99d6f9502c5bbd4a86e23459340386e532f91d26799d68158192,9c0ca51b3528df5a85de903fe361c88431e1b412762756408d80fb5e6491cbb6,/path/to/PETS-FFT-Ablation/results/final_unconditional_main_v1/evaluators/Energy/T128/ts2vec_seed_0.pt,1.315974235534668,2
Diffusion-TS,Energy,128,42,100004,context_fid,42,0.7029549227510288,True,4096,0082877761fe99d6f9502c5bbd4a86e23459340386e532f91d26799d68158192,9c0ca51b3528df5a85de903fe361c88431e1b412762756408d80fb5e6491cbb6,/path/to/PETS-FFT-Ablation/results/final_unconditional_main_v1/evaluators/Energy/T128/ts2vec_seed_42.pt,1.4608306884765625,1
Diffusion-TS,Energy,128,42,100004,context_fid,123,0.9173336041786623,True,4096,0082877761fe99d6f9502c5bbd4a86e23459340386e532f91d26799d68158192,9c0ca51b3528df5a85de903fe361c88431e1b412762756408d80fb5e6491cbb6,/path/to/PETS-FFT-Ablation/results/final_unconditional_main_v1/evaluators/Energy/T128/ts2vec_seed_123.pt,1.5721943378448486,2
Diffusion-TS,Energy,128,42,100004,correlation_score,-1,1.3030998706817627,True,4096,0082877761fe99d6f9502c5bbd4a86e23459340386e532f91d26799d68158192,9c0ca51b3528df5a85de903fe361c88431e1b412762756408d80fb5e6491cbb6,/path/to/Diffusion-TS/Utils/cross_correlation.py,0.7348124980926514,1
Diffusion-TS,Energy,128,42,100004,discriminative_score,0,0.4359756097560976,True,4096,0082877761fe99d6f9502c5bbd4a86e23459340386e532f91d26799d68158192,9c0ca51b3528df5a85de903fe361c88431e1b412762756408d80fb5e6491cbb6,/path/to/Diffusion-TS/Utils/discriminative_metric.py,76.26108407974243,1
Diffusion-TS,Energy,128,42,100004,discriminative_score,42,0.43780487804878043,True,4096,0082877761fe99d6f9502c5bbd4a86e23459340386e532f91d26799d68158192,9c0ca51b3528df5a85de903fe361c88431e1b412762756408d80fb5e6491cbb6,/path/to/Diffusion-TS/Utils/discriminative_metric.py,75.84253311157227,0
Diffusion-TS,Energy,128,42,100004,discriminative_score,123,0.4439024390243902,True,4096,0082877761fe99d6f9502c5bbd4a86e23459340386e532f91d26799d68158192,9c0ca51b3528df5a85de903fe361c88431e1b412762756408d80fb5e6491cbb6,/path/to/Diffusion-TS/Utils/discriminative_metric.py,75.28232312202454,2
Diffusion-TS,Energy,128,42,100004,predictive_score,0,0.4229230057899258,True,4096,0082877761fe99d6f9502c5bbd4a86e23459340386e532f91d26799d68158192,9c0ca51b3528df5a85de903fe361c88431e1b412762756408d80fb5e6491cbb6,/path/to/Diffusion-TS/Utils/predictive_metric.py,161.68330645561218,0
Diffusion-TS,Energy,128,42,100004,predictive_score,42,0.42585295147728175,True,4096,0082877761fe99d6f9502c5bbd4a86e23459340386e532f91d26799d68158192,9c0ca51b3528df5a85de903fe361c88431e1b412762756408d80fb5e6491cbb6,/path/to/Diffusion-TS/Utils/predictive_metric.py,163.761869430542,1
Diffusion-TS,Energy,128,42,100004,predictive_score,123,0.429949211247731,True,4096,0082877761fe99d6f9502c5bbd4a86e23459340386e532f91d26799d68158192,9c0ca51b3528df5a85de903fe361c88431e1b412762756408d80fb5e6491cbb6,/path/to/Diffusion-TS/Utils/predictive_metric.py,165.1736295223236,2
Diffusion-TS,Energy,128,123,100000,context_fid,0,1.0225216675269981,True,4096,0082877761fe99d6f9502c5bbd4a86e23459340386e532f91d26799d68158192,044267d24e44b319d77937ecd994c8a1577bf180651c87efb6efb4719b8fb3da,/path/to/PETS-FFT-Ablation/results/final_unconditional_main_v1/evaluators/Energy/T128/ts2vec_seed_0.pt,1.3153407573699951,0
Diffusion-TS,Energy,128,123,100000,context_fid,42,0.8568944277765429,True,4096,0082877761fe99d6f9502c5bbd4a86e23459340386e532f91d26799d68158192,044267d24e44b319d77937ecd994c8a1577bf180651c87efb6efb4719b8fb3da,/path/to/PETS-FFT-Ablation/results/final_unconditional_main_v1/evaluators/Energy/T128/ts2vec_seed_42.pt,1.3758392333984375,0
Diffusion-TS,Energy,128,123,100000,context_fid,123,1.0583962681180104,True,4096,0082877761fe99d6f9502c5bbd4a86e23459340386e532f91d26799d68158192,044267d24e44b319d77937ecd994c8a1577bf180651c87efb6efb4719b8fb3da,/path/to/PETS-FFT-Ablation/results/final_unconditional_main_v1/evaluators/Energy/T128/ts2vec_seed_123.pt,1.5026066303253174,1
Diffusion-TS,Energy,128,123,100000,correlation_score,-1,1.2325795888900757,True,4096,0082877761fe99d6f9502c5bbd4a86e23459340386e532f91d26799d68158192,044267d24e44b319d77937ecd994c8a1577bf180651c87efb6efb4719b8fb3da,/path/to/Diffusion-TS/Utils/cross_correlation.py,0.7420284748077393,0
Diffusion-TS,Energy,128,123,100000,discriminative_score,0,0.40731707317073174,True,4096,0082877761fe99d6f9502c5bbd4a86e23459340386e532f91d26799d68158192,044267d24e44b319d77937ecd994c8a1577bf180651c87efb6efb4719b8fb3da,/path/to/Diffusion-TS/Utils/discriminative_metric.py,76.02013182640076,0
Diffusion-TS,Energy,128,123,100000,discriminative_score,42,0.426829268292683,True,4096,0082877761fe99d6f9502c5bbd4a86e23459340386e532f91d26799d68158192,044267d24e44b319d77937ecd994c8a1577bf180651c87efb6efb4719b8fb3da,/path/to/Diffusion-TS/Utils/discriminative_metric.py,75.34606051445007,1
Diffusion-TS,Energy,128,123,100000,discriminative_score,123,0.448170731707317,True,4096,0082877761fe99d6f9502c5bbd4a86e23459340386e532f91d26799d68158192,044267d24e44b319d77937ecd994c8a1577bf180651c87efb6efb4719b8fb3da,/path/to/Diffusion-TS/Utils/discriminative_metric.py,75.94464874267578,2
Diffusion-TS,Energy,128,123,100000,predictive_score,0,0.25295316968185944,True,4096,0082877761fe99d6f9502c5bbd4a86e23459340386e532f91d26799d68158192,044267d24e44b319d77937ecd994c8a1577bf180651c87efb6efb4719b8fb3da,/path/to/Diffusion-TS/Utils/predictive_metric.py,161.150288105011,1
Diffusion-TS,Energy,128,123,100000,predictive_score,42,0.2541886757098837,True,4096,0082877761fe99d6f9502c5bbd4a86e23459340386e532f91d26799d68158192,044267d24e44b319d77937ecd994c8a1577bf180651c87efb6efb4719b8fb3da,/path/to/Diffusion-TS/Utils/predictive_metric.py,167.51494359970093,0
Diffusion-TS,Energy,128,123,100000,predictive_score,123,0.2568864181484969,True,4096,0082877761fe99d6f9502c5bbd4a86e23459340386e532f91d26799d68158192,044267d24e44b319d77937ecd994c8a1577bf180651c87efb6efb4719b8fb3da,/path/to/Diffusion-TS/Utils/predictive_metric.py,166.41632628440857,2
Diffusion-TS,Energy,128,123,100001,context_fid,0,1.067188566490339,True,4096,0082877761fe99d6f9502c5bbd4a86e23459340386e532f91d26799d68158192,4ec496fb29eef1ab06d8f518885fd9b1632103ffbe8589c80cc6c592a0f6ba0c,/path/to/PETS-FFT-Ablation/results/final_unconditional_main_v1/evaluators/Energy/T128/ts2vec_seed_0.pt,1.461965799331665,1
Diffusion-TS,Energy,128,123,100001,context_fid,42,0.9246979325879354,True,4096,0082877761fe99d6f9502c5bbd4a86e23459340386e532f91d26799d68158192,4ec496fb29eef1ab06d8f518885fd9b1632103ffbe8589c80cc6c592a0f6ba0c,/path/to/PETS-FFT-Ablation/results/final_unconditional_main_v1/evaluators/Energy/T128/ts2vec_seed_42.pt,1.4548356533050537,1
Diffusion-TS,Energy,128,123,100001,context_fid,123,1.1081745932950466,True,4096,0082877761fe99d6f9502c5bbd4a86e23459340386e532f91d26799d68158192,4ec496fb29eef1ab06d8f518885fd9b1632103ffbe8589c80cc6c592a0f6ba0c,/path/to/PETS-FFT-Ablation/results/final_unconditional_main_v1/evaluators/Energy/T128/ts2vec_seed_123.pt,1.5964782238006592,1
Diffusion-TS,Energy,128,123,100001,correlation_score,-1,1.4983160495758057,True,4096,0082877761fe99d6f9502c5bbd4a86e23459340386e532f91d26799d68158192,4ec496fb29eef1ab06d8f518885fd9b1632103ffbe8589c80cc6c592a0f6ba0c,/path/to/Diffusion-TS/Utils/cross_correlation.py,0.7253341674804688,1
Diffusion-TS,Energy,128,123,100001,discriminative_score,0,0.4060975609756098,True,4096,0082877761fe99d6f9502c5bbd4a86e23459340386e532f91d26799d68158192,4ec496fb29eef1ab06d8f518885fd9b1632103ffbe8589c80cc6c592a0f6ba0c,/path/to/Diffusion-TS/Utils/discriminative_metric.py,75.94580674171448,1
Diffusion-TS,Energy,128,123,100001,discriminative_score,42,0.4432926829268292,True,4096,0082877761fe99d6f9502c5bbd4a86e23459340386e532f91d26799d68158192,4ec496fb29eef1ab06d8f518885fd9b1632103ffbe8589c80cc6c592a0f6ba0c,/path/to/Diffusion-TS/Utils/discriminative_metric.py,75.67388844490051,2
Diffusion-TS,Energy,128,123,100001,discriminative_score,123,0.4408536585365853,True,4096,0082877761fe99d6f9502c5bbd4a86e23459340386e532f91d26799d68158192,4ec496fb29eef1ab06d8f518885fd9b1632103ffbe8589c80cc6c592a0f6ba0c,/path/to/Diffusion-TS/Utils/discriminative_metric.py,75.88695120811462,0
Diffusion-TS,Energy,128,123,100001,predictive_score,0,0.252679792134586,True,4096,0082877761fe99d6f9502c5bbd4a86e23459340386e532f91d26799d68158192,4ec496fb29eef1ab06d8f518885fd9b1632103ffbe8589c80cc6c592a0f6ba0c,/path/to/Diffusion-TS/Utils/predictive_metric.py,161.0290126800537,1
Diffusion-TS,Energy,128,123,100001,predictive_score,42,0.2545772097510053,True,4096,0082877761fe99d6f9502c5bbd4a86e23459340386e532f91d26799d68158192,4ec496fb29eef1ab06d8f518885fd9b1632103ffbe8589c80cc6c592a0f6ba0c,/path/to/Diffusion-TS/Utils/predictive_metric.py,163.11523008346558,2
Diffusion-TS,Energy,128,123,100001,predictive_score,123,0.2603557451220695,True,4096,0082877761fe99d6f9502c5bbd4a86e23459340386e532f91d26799d68158192,4ec496fb29eef1ab06d8f518885fd9b1632103ffbe8589c80cc6c592a0f6ba0c,/path/to/Diffusion-TS/Utils/predictive_metric.py,166.33509278297424,0
Diffusion-TS,Energy,128,123,100002,context_fid,0,1.0364963194831383,True,4096,0082877761fe99d6f9502c5bbd4a86e23459340386e532f91d26799d68158192,9bda9caf4c79d683ec6f2585f674b7b9460a793609437294ac40ba470cd3138b,/path/to/PETS-FFT-Ablation/results/final_unconditional_main_v1/evaluators/Energy/T128/ts2vec_seed_0.pt,1.4437024593353271,1
Diffusion-TS,Energy,128,123,100002,context_fid,42,0.8875752648514108,True,4096,0082877761fe99d6f9502c5bbd4a86e23459340386e532f91d26799d68158192,9bda9caf4c79d683ec6f2585f674b7b9460a793609437294ac40ba470cd3138b,/path/to/PETS-FFT-Ablation/results/final_unconditional_main_v1/evaluators/Energy/T128/ts2vec_seed_42.pt,1.474881649017334,1
Diffusion-TS,Energy,128,123,100002,context_fid,123,1.0764806042717,True,4096,0082877761fe99d6f9502c5bbd4a86e23459340386e532f91d26799d68158192,9bda9caf4c79d683ec6f2585f674b7b9460a793609437294ac40ba470cd3138b,/path/to/PETS-FFT-Ablation/results/final_unconditional_main_v1/evaluators/Energy/T128/ts2vec_seed_123.pt,1.5121171474456787,2
Diffusion-TS,Energy,128,123,100002,correlation_score,-1,1.1985931396484375,True,4096,0082877761fe99d6f9502c5bbd4a86e23459340386e532f91d26799d68158192,9bda9caf4c79d683ec6f2585f674b7b9460a793609437294ac40ba470cd3138b,/path/to/Diffusion-TS/Utils/cross_correlation.py,0.8139522075653076,1
Diffusion-TS,Energy,128,123,100002,discriminative_score,0,0.4024390243902439,True,4096,0082877761fe99d6f9502c5bbd4a86e23459340386e532f91d26799d68158192,9bda9caf4c79d683ec6f2585f674b7b9460a793609437294ac40ba470cd3138b,/path/to/Diffusion-TS/Utils/discriminative_metric.py,74.95023155212402,1
Diffusion-TS,Energy,128,123,100002,discriminative_score,42,0.4384146341463414,True,4096,0082877761fe99d6f9502c5bbd4a86e23459340386e532f91d26799d68158192,9bda9caf4c79d683ec6f2585f674b7b9460a793609437294ac40ba470cd3138b,/path/to/Diffusion-TS/Utils/discriminative_metric.py,75.70853614807129,2
Diffusion-TS,Energy,128,123,100002,discriminative_score,123,0.43048780487804883,True,4096,0082877761fe99d6f9502c5bbd4a86e23459340386e532f91d26799d68158192,9bda9caf4c79d683ec6f2585f674b7b9460a793609437294ac40ba470cd3138b,/path/to/Diffusion-TS/Utils/discriminative_metric.py,75.8968551158905,0
Diffusion-TS,Energy,128,123,100002,predictive_score,0,0.2534432608335919,True,4096,0082877761fe99d6f9502c5bbd4a86e23459340386e532f91d26799d68158192,9bda9caf4c79d683ec6f2585f674b7b9460a793609437294ac40ba470cd3138b,/path/to/Diffusion-TS/Utils/predictive_metric.py,162.33928775787354,1
Diffusion-TS,Energy,128,123,100002,predictive_score,42,0.2535568576968217,True,4096,0082877761fe99d6f9502c5bbd4a86e23459340386e532f91d26799d68158192,9bda9caf4c79d683ec6f2585f674b7b9460a793609437294ac40ba470cd3138b,/path/to/Diffusion-TS/Utils/predictive_metric.py,166.7195200920105,2
Diffusion-TS,Energy,128,123,100002,predictive_score,123,0.2729256231650652,True,4096,0082877761fe99d6f9502c5bbd4a86e23459340386e532f91d26799d68158192,9bda9caf4c79d683ec6f2585f674b7b9460a793609437294ac40ba470cd3138b,/path/to/Diffusion-TS/Utils/predictive_metric.py,162.75524067878723,0
Diffusion-TS,Energy,128,123,100003,context_fid,0,1.0117859757434216,True,4096,0082877761fe99d6f9502c5bbd4a86e23459340386e532f91d26799d68158192,c6a86f4a9ffca73bd1aeac4a13f427ee46f1114a010a792bc26a37b1e65cfaaa,/path/to/PETS-FFT-Ablation/results/final_unconditional_main_v1/evaluators/Energy/T128/ts2vec_seed_0.pt,1.4556701183319092,1
Diffusion-TS,Energy,128,123,100003,context_fid,42,0.8281707648006433,True,4096,0082877761fe99d6f9502c5bbd4a86e23459340386e532f91d26799d68158192,c6a86f4a9ffca73bd1aeac4a13f427ee46f1114a010a792bc26a37b1e65cfaaa,/path/to/PETS-FFT-Ablation/results/final_unconditional_main_v1/evaluators/Energy/T128/ts2vec_seed_42.pt,1.4762389659881592,1
Diffusion-TS,Energy,128,123,100003,context_fid,123,1.0446361620214821,True,4096,0082877761fe99d6f9502c5bbd4a86e23459340386e532f91d26799d68158192,c6a86f4a9ffca73bd1aeac4a13f427ee46f1114a010a792bc26a37b1e65cfaaa,/path/to/PETS-FFT-Ablation/results/final_unconditional_main_v1/evaluators/Energy/T128/ts2vec_seed_123.pt,1.7861697673797607,1
Diffusion-TS,Energy,128,123,100003,correlation_score,-1,1.4027125835418701,True,4096,0082877761fe99d6f9502c5bbd4a86e23459340386e532f91d26799d68158192,c6a86f4a9ffca73bd1aeac4a13f427ee46f1114a010a792bc26a37b1e65cfaaa,/path/to/Diffusion-TS/Utils/cross_correlation.py,0.7364528179168701,1
Diffusion-TS,Energy,128,123,100003,discriminative_score,0,0.4,True,4096,0082877761fe99d6f9502c5bbd4a86e23459340386e532f91d26799d68158192,c6a86f4a9ffca73bd1aeac4a13f427ee46f1114a010a792bc26a37b1e65cfaaa,/path/to/Diffusion-TS/Utils/discriminative_metric.py,75.17962646484375,0
Diffusion-TS,Energy,128,123,100003,discriminative_score,42,0.44451219512195117,True,4096,0082877761fe99d6f9502c5bbd4a86e23459340386e532f91d26799d68158192,c6a86f4a9ffca73bd1aeac4a13f427ee46f1114a010a792bc26a37b1e65cfaaa,/path/to/Diffusion-TS/Utils/discriminative_metric.py,75.86820602416992,1
Diffusion-TS,Energy,128,123,100003,discriminative_score,123,0.4384146341463414,True,4096,0082877761fe99d6f9502c5bbd4a86e23459340386e532f91d26799d68158192,c6a86f4a9ffca73bd1aeac4a13f427ee46f1114a010a792bc26a37b1e65cfaaa,/path/to/Diffusion-TS/Utils/discriminative_metric.py,75.47154688835144,2
Diffusion-TS,Energy,128,123,100003,predictive_score,0,0.2532109773455886,True,4096,0082877761fe99d6f9502c5bbd4a86e23459340386e532f91d26799d68158192,c6a86f4a9ffca73bd1aeac4a13f427ee46f1114a010a792bc26a37b1e65cfaaa,/path/to/Diffusion-TS/Utils/predictive_metric.py,163.16005945205688,0
Diffusion-TS,Energy,128,123,100003,predictive_score,42,0.25283595951623283,True,4096,0082877761fe99d6f9502c5bbd4a86e23459340386e532f91d26799d68158192,c6a86f4a9ffca73bd1aeac4a13f427ee46f1114a010a792bc26a37b1e65cfaaa,/path/to/Diffusion-TS/Utils/predictive_metric.py,162.99269104003906,2
Diffusion-TS,Energy,128,123,100003,predictive_score,123,0.25436446792446077,True,4096,0082877761fe99d6f9502c5bbd4a86e23459340386e532f91d26799d68158192,c6a86f4a9ffca73bd1aeac4a13f427ee46f1114a010a792bc26a37b1e65cfaaa,/path/to/Diffusion-TS/Utils/predictive_metric.py,163.3973352909088,1
Diffusion-TS,Energy,128,123,100004,context_fid,0,1.0498397086771225,True,4096,0082877761fe99d6f9502c5bbd4a86e23459340386e532f91d26799d68158192,7db6096fe1cdb9de994fd3c2f3dd93fbf1c42a81c456e5ebf5c7a3d546417aa0,/path/to/PETS-FFT-Ablation/results/final_unconditional_main_v1/evaluators/Energy/T128/ts2vec_seed_0.pt,1.3312525749206543,0
Diffusion-TS,Energy,128,123,100004,context_fid,42,0.8827930980756051,True,4096,0082877761fe99d6f9502c5bbd4a86e23459340386e532f91d26799d68158192,7db6096fe1cdb9de994fd3c2f3dd93fbf1c42a81c456e5ebf5c7a3d546417aa0,/path/to/PETS-FFT-Ablation/results/final_unconditional_main_v1/evaluators/Energy/T128/ts2vec_seed_42.pt,1.405655860900879,2
Diffusion-TS,Energy,128,123,100004,context_fid,123,1.088770892354609,True,4096,0082877761fe99d6f9502c5bbd4a86e23459340386e532f91d26799d68158192,7db6096fe1cdb9de994fd3c2f3dd93fbf1c42a81c456e5ebf5c7a3d546417aa0,/path/to/PETS-FFT-Ablation/results/final_unconditional_main_v1/evaluators/Energy/T128/ts2vec_seed_123.pt,1.6721320152282715,0
Diffusion-TS,Energy,128,123,100004,correlation_score,-1,1.4174621105194092,True,4096,0082877761fe99d6f9502c5bbd4a86e23459340386e532f91d26799d68158192,7db6096fe1cdb9de994fd3c2f3dd93fbf1c42a81c456e5ebf5c7a3d546417aa0,/path/to/Diffusion-TS/Utils/cross_correlation.py,0.7455883026123047,0
Diffusion-TS,Energy,128,123,100004,discriminative_score,0,0.40426829268292686,True,4096,0082877761fe99d6f9502c5bbd4a86e23459340386e532f91d26799d68158192,7db6096fe1cdb9de994fd3c2f3dd93fbf1c42a81c456e5ebf5c7a3d546417aa0,/path/to/Diffusion-TS/Utils/discriminative_metric.py,75.20189046859741,1
Diffusion-TS,Energy,128,123,100004,discriminative_score,42,0.1682926829268293,True,4096,0082877761fe99d6f9502c5bbd4a86e23459340386e532f91d26799d68158192,7db6096fe1cdb9de994fd3c2f3dd93fbf1c42a81c456e5ebf5c7a3d546417aa0,/path/to/Diffusion-TS/Utils/discriminative_metric.py,76.14342546463013,2
Diffusion-TS,Energy,128,123,100004,discriminative_score,123,0.4359756097560976,True,4096,0082877761fe99d6f9502c5bbd4a86e23459340386e532f91d26799d68158192,7db6096fe1cdb9de994fd3c2f3dd93fbf1c42a81c456e5ebf5c7a3d546417aa0,/path/to/Diffusion-TS/Utils/discriminative_metric.py,75.61958956718445,0
Diffusion-TS,Energy,128,123,100004,predictive_score,0,0.25297276517449063,True,4096,0082877761fe99d6f9502c5bbd4a86e23459340386e532f91d26799d68158192,7db6096fe1cdb9de994fd3c2f3dd93fbf1c42a81c456e5ebf5c7a3d546417aa0,/path/to/Diffusion-TS/Utils/predictive_metric.py,162.71133399009705,1
Diffusion-TS,Energy,128,123,100004,predictive_score,42,0.2527538821923372,True,4096,0082877761fe99d6f9502c5bbd4a86e23459340386e532f91d26799d68158192,7db6096fe1cdb9de994fd3c2f3dd93fbf1c42a81c456e5ebf5c7a3d546417aa0,/path/to/Diffusion-TS/Utils/predictive_metric.py,162.8206262588501,2
Diffusion-TS,Energy,128,123,100004,predictive_score,123,0.25317804133010213,True,4096,0082877761fe99d6f9502c5bbd4a86e23459340386e532f91d26799d68158192,7db6096fe1cdb9de994fd3c2f3dd93fbf1c42a81c456e5ebf5c7a3d546417aa0,/path/to/Diffusion-TS/Utils/predictive_metric.py,166.66030359268188,0
PETS-U,Energy,128,0,100000,context_fid,0,1.7074838609567613,True,4096,0082877761fe99d6f9502c5bbd4a86e23459340386e532f91d26799d68158192,b5a89ffd2b3829d29f6058255027553df1df8955aca42a98761edd4023cdfda1,/path/to/PETS-FFT-Ablation/results/final_unconditional_main_v1/evaluators/Energy/T128/ts2vec_seed_0.pt,1.3641448020935059,1
PETS-U,Energy,128,0,100000,context_fid,42,1.2168983980637211,True,4096,0082877761fe99d6f9502c5bbd4a86e23459340386e532f91d26799d68158192,b5a89ffd2b3829d29f6058255027553df1df8955aca42a98761edd4023cdfda1,/path/to/PETS-FFT-Ablation/results/final_unconditional_main_v1/evaluators/Energy/T128/ts2vec_seed_42.pt,1.4553780555725098,0
PETS-U,Energy,128,0,100000,context_fid,123,1.6262720374407764,True,4096,0082877761fe99d6f9502c5bbd4a86e23459340386e532f91d26799d68158192,b5a89ffd2b3829d29f6058255027553df1df8955aca42a98761edd4023cdfda1,/path/to/PETS-FFT-Ablation/results/final_unconditional_main_v1/evaluators/Energy/T128/ts2vec_seed_123.pt,1.4763104915618896,1
PETS-U,Energy,128,0,100000,correlation_score,-1,1.489171028137207,True,4096,0082877761fe99d6f9502c5bbd4a86e23459340386e532f91d26799d68158192,b5a89ffd2b3829d29f6058255027553df1df8955aca42a98761edd4023cdfda1,/path/to/Diffusion-TS/Utils/cross_correlation.py,0.7318658828735352,1
PETS-U,Energy,128,0,100000,discriminative_score,0,0.46341463414634143,True,4096,0082877761fe99d6f9502c5bbd4a86e23459340386e532f91d26799d68158192,b5a89ffd2b3829d29f6058255027553df1df8955aca42a98761edd4023cdfda1,/path/to/Diffusion-TS/Utils/discriminative_metric.py,75.71542072296143,0
PETS-U,Energy,128,0,100000,discriminative_score,42,0.4615853658536585,True,4096,0082877761fe99d6f9502c5bbd4a86e23459340386e532f91d26799d68158192,b5a89ffd2b3829d29f6058255027553df1df8955aca42a98761edd4023cdfda1,/path/to/Diffusion-TS/Utils/discriminative_metric.py,75.15340733528137,1
PETS-U,Energy,128,0,100000,discriminative_score,123,0.47621951219512193,True,4096,0082877761fe99d6f9502c5bbd4a86e23459340386e532f91d26799d68158192,b5a89ffd2b3829d29f6058255027553df1df8955aca42a98761edd4023cdfda1,/path/to/Diffusion-TS/Utils/discriminative_metric.py,76.01881957054138,2
PETS-U,Energy,128,0,100000,predictive_score,0,0.2651377816218883,True,4096,0082877761fe99d6f9502c5bbd4a86e23459340386e532f91d26799d68158192,b5a89ffd2b3829d29f6058255027553df1df8955aca42a98761edd4023cdfda1,/path/to/Diffusion-TS/Utils/predictive_metric.py,164.51454734802246,1
PETS-U,Energy,128,0,100000,predictive_score,42,0.25465245934174163,True,4096,0082877761fe99d6f9502c5bbd4a86e23459340386e532f91d26799d68158192,b5a89ffd2b3829d29f6058255027553df1df8955aca42a98761edd4023cdfda1,/path/to/Diffusion-TS/Utils/predictive_metric.py,161.829843044281,0
PETS-U,Energy,128,0,100000,predictive_score,123,0.45250223461334826,True,4096,0082877761fe99d6f9502c5bbd4a86e23459340386e532f91d26799d68158192,b5a89ffd2b3829d29f6058255027553df1df8955aca42a98761edd4023cdfda1,/path/to/Diffusion-TS/Utils/predictive_metric.py,164.19355392456055,2
PETS-U,Energy,128,0,100001,context_fid,0,1.7289123141601173,True,4096,0082877761fe99d6f9502c5bbd4a86e23459340386e532f91d26799d68158192,66f62205452e3e031fe9f49c834c61fe00116f823935d820dc8ad752f109a688,/path/to/PETS-FFT-Ablation/results/final_unconditional_main_v1/evaluators/Energy/T128/ts2vec_seed_0.pt,1.4919469356536865,0
PETS-U,Energy,128,0,100001,context_fid,42,1.255669601540303,True,4096,0082877761fe99d6f9502c5bbd4a86e23459340386e532f91d26799d68158192,66f62205452e3e031fe9f49c834c61fe00116f823935d820dc8ad752f109a688,/path/to/PETS-FFT-Ablation/results/final_unconditional_main_v1/evaluators/Energy/T128/ts2vec_seed_42.pt,1.3809866905212402,0
PETS-U,Energy,128,0,100001,context_fid,123,1.676538771977544,True,4096,0082877761fe99d6f9502c5bbd4a86e23459340386e532f91d26799d68158192,66f62205452e3e031fe9f49c834c61fe00116f823935d820dc8ad752f109a688,/path/to/PETS-FFT-Ablation/results/final_unconditional_main_v1/evaluators/Energy/T128/ts2vec_seed_123.pt,1.591325044631958,1
PETS-U,Energy,128,0,100001,correlation_score,-1,1.4640477895736694,True,4096,0082877761fe99d6f9502c5bbd4a86e23459340386e532f91d26799d68158192,66f62205452e3e031fe9f49c834c61fe00116f823935d820dc8ad752f109a688,/path/to/Diffusion-TS/Utils/cross_correlation.py,0.7329566478729248,0
PETS-U,Energy,128,0,100001,discriminative_score,0,0.4621951219512195,True,4096,0082877761fe99d6f9502c5bbd4a86e23459340386e532f91d26799d68158192,66f62205452e3e031fe9f49c834c61fe00116f823935d820dc8ad752f109a688,/path/to/Diffusion-TS/Utils/discriminative_metric.py,76.0407338142395,0
PETS-U,Energy,128,0,100001,discriminative_score,42,0.4365853658536586,True,4096,0082877761fe99d6f9502c5bbd4a86e23459340386e532f91d26799d68158192,66f62205452e3e031fe9f49c834c61fe00116f823935d820dc8ad752f109a688,/path/to/Diffusion-TS/Utils/discriminative_metric.py,75.5736243724823,1
PETS-U,Energy,128,0,100001,discriminative_score,123,0.46341463414634143,True,4096,0082877761fe99d6f9502c5bbd4a86e23459340386e532f91d26799d68158192,66f62205452e3e031fe9f49c834c61fe00116f823935d820dc8ad752f109a688,/path/to/Diffusion-TS/Utils/discriminative_metric.py,75.9759156703949,2
PETS-U,Energy,128,0,100001,predictive_score,0,0.2721134729326877,True,4096,0082877761fe99d6f9502c5bbd4a86e23459340386e532f91d26799d68158192,66f62205452e3e031fe9f49c834c61fe00116f823935d820dc8ad752f109a688,/path/to/Diffusion-TS/Utils/predictive_metric.py,166.15707683563232,1
PETS-U,Energy,128,0,100001,predictive_score,42,0.26215969823897467,True,4096,0082877761fe99d6f9502c5bbd4a86e23459340386e532f91d26799d68158192,66f62205452e3e031fe9f49c834c61fe00116f823935d820dc8ad752f109a688,/path/to/Diffusion-TS/Utils/predictive_metric.py,166.50707459449768,0
PETS-U,Energy,128,0,100001,predictive_score,123,0.45896275052655255,True,4096,0082877761fe99d6f9502c5bbd4a86e23459340386e532f91d26799d68158192,66f62205452e3e031fe9f49c834c61fe00116f823935d820dc8ad752f109a688,/path/to/Diffusion-TS/Utils/predictive_metric.py,162.4783947467804,2
PETS-U,Energy,128,0,100002,context_fid,0,1.774662512551993,True,4096,0082877761fe99d6f9502c5bbd4a86e23459340386e532f91d26799d68158192,fde905efcf527dd0f18da61dce9c8e7bd73519d074114dfaf0687244ab2503d7,/path/to/PETS-FFT-Ablation/results/final_unconditional_main_v1/evaluators/Energy/T128/ts2vec_seed_0.pt,1.4218237400054932,2
PETS-U,Energy,128,0,100002,context_fid,42,1.280109828761386,True,4096,0082877761fe99d6f9502c5bbd4a86e23459340386e532f91d26799d68158192,fde905efcf527dd0f18da61dce9c8e7bd73519d074114dfaf0687244ab2503d7,/path/to/PETS-FFT-Ablation/results/final_unconditional_main_v1/evaluators/Energy/T128/ts2vec_seed_42.pt,1.5143201351165771,1
PETS-U,Energy,128,0,100002,context_fid,123,1.7058195275698331,True,4096,0082877761fe99d6f9502c5bbd4a86e23459340386e532f91d26799d68158192,fde905efcf527dd0f18da61dce9c8e7bd73519d074114dfaf0687244ab2503d7,/path/to/PETS-FFT-Ablation/results/final_unconditional_main_v1/evaluators/Energy/T128/ts2vec_seed_123.pt,1.9091827869415283,0
PETS-U,Energy,128,0,100002,correlation_score,-1,1.5234932899475098,True,4096,0082877761fe99d6f9502c5bbd4a86e23459340386e532f91d26799d68158192,fde905efcf527dd0f18da61dce9c8e7bd73519d074114dfaf0687244ab2503d7,/path/to/Diffusion-TS/Utils/cross_correlation.py,0.7457504272460938,2
PETS-U,Energy,128,0,100002,discriminative_score,0,0.4621951219512195,True,4096,0082877761fe99d6f9502c5bbd4a86e23459340386e532f91d26799d68158192,fde905efcf527dd0f18da61dce9c8e7bd73519d074114dfaf0687244ab2503d7,/path/to/Diffusion-TS/Utils/discriminative_metric.py,76.55158829689026,2
PETS-U,Energy,128,0,100002,discriminative_score,42,0.46036585365853655,True,4096,0082877761fe99d6f9502c5bbd4a86e23459340386e532f91d26799d68158192,fde905efcf527dd0f18da61dce9c8e7bd73519d074114dfaf0687244ab2503d7,/path/to/Diffusion-TS/Utils/discriminative_metric.py,75.6245698928833,1
PETS-U,Energy,128,0,100002,discriminative_score,123,0.46524390243902436,True,4096,0082877761fe99d6f9502c5bbd4a86e23459340386e532f91d26799d68158192,fde905efcf527dd0f18da61dce9c8e7bd73519d074114dfaf0687244ab2503d7,/path/to/Diffusion-TS/Utils/discriminative_metric.py,75.74950671195984,0
PETS-U,Energy,128,0,100002,predictive_score,0,0.2816260854669963,True,4096,0082877761fe99d6f9502c5bbd4a86e23459340386e532f91d26799d68158192,fde905efcf527dd0f18da61dce9c8e7bd73519d074114dfaf0687244ab2503d7,/path/to/Diffusion-TS/Utils/predictive_metric.py,161.7040889263153,1
PETS-U,Energy,128,0,100002,predictive_score,42,0.26036357252814923,True,4096,0082877761fe99d6f9502c5bbd4a86e23459340386e532f91d26799d68158192,fde905efcf527dd0f18da61dce9c8e7bd73519d074114dfaf0687244ab2503d7,/path/to/Diffusion-TS/Utils/predictive_metric.py,162.63425040245056,2
PETS-U,Energy,128,0,100002,predictive_score,123,0.4402620563778328,True,4096,0082877761fe99d6f9502c5bbd4a86e23459340386e532f91d26799d68158192,fde905efcf527dd0f18da61dce9c8e7bd73519d074114dfaf0687244ab2503d7,/path/to/Diffusion-TS/Utils/predictive_metric.py,162.58867573738098,0
PETS-U,Energy,128,0,100003,context_fid,0,1.7534524423422657,True,4096,0082877761fe99d6f9502c5bbd4a86e23459340386e532f91d26799d68158192,3811dac65971661b2db6bbd5155ceed52278351597ee778f436a99908643f8ba,/path/to/PETS-FFT-Ablation/results/final_unconditional_main_v1/evaluators/Energy/T128/ts2vec_seed_0.pt,1.3224246501922607,1
PETS-U,Energy,128,0,100003,context_fid,42,1.2464826478402453,True,4096,0082877761fe99d6f9502c5bbd4a86e23459340386e532f91d26799d68158192,3811dac65971661b2db6bbd5155ceed52278351597ee778f436a99908643f8ba,/path/to/PETS-FFT-Ablation/results/final_unconditional_main_v1/evaluators/Energy/T128/ts2vec_seed_42.pt,1.3968939781188965,2
PETS-U,Energy,128,0,100003,context_fid,123,1.6684496169766616,True,4096,0082877761fe99d6f9502c5bbd4a86e23459340386e532f91d26799d68158192,3811dac65971661b2db6bbd5155ceed52278351597ee778f436a99908643f8ba,/path/to/PETS-FFT-Ablation/results/final_unconditional_main_v1/evaluators/Energy/T128/ts2vec_seed_123.pt,1.4843759536743164,0
PETS-U,Energy,128,0,100003,correlation_score,-1,1.6899559497833252,True,4096,0082877761fe99d6f9502c5bbd4a86e23459340386e532f91d26799d68158192,3811dac65971661b2db6bbd5155ceed52278351597ee778f436a99908643f8ba,/path/to/Diffusion-TS/Utils/cross_correlation.py,0.7320005893707275,1
PETS-U,Energy,128,0,100003,discriminative_score,0,0.4085365853658537,True,4096,0082877761fe99d6f9502c5bbd4a86e23459340386e532f91d26799d68158192,3811dac65971661b2db6bbd5155ceed52278351597ee778f436a99908643f8ba,/path/to/Diffusion-TS/Utils/discriminative_metric.py,75.42793917655945,1
PETS-U,Energy,128,0,100003,discriminative_score,42,0.30548780487804883,True,4096,0082877761fe99d6f9502c5bbd4a86e23459340386e532f91d26799d68158192,3811dac65971661b2db6bbd5155ceed52278351597ee778f436a99908643f8ba,/path/to/Diffusion-TS/Utils/discriminative_metric.py,75.18509697914124,2
PETS-U,Energy,128,0,100003,discriminative_score,123,0.45548780487804874,True,4096,0082877761fe99d6f9502c5bbd4a86e23459340386e532f91d26799d68158192,3811dac65971661b2db6bbd5155ceed52278351597ee778f436a99908643f8ba,/path/to/Diffusion-TS/Utils/discriminative_metric.py,75.41270852088928,0
PETS-U,Energy,128,0,100003,predictive_score,0,0.2758595834748121,True,4096,0082877761fe99d6f9502c5bbd4a86e23459340386e532f91d26799d68158192,3811dac65971661b2db6bbd5155ceed52278351597ee778f436a99908643f8ba,/path/to/Diffusion-TS/Utils/predictive_metric.py,161.92651772499084,1
PETS-U,Energy,128,0,100003,predictive_score,42,0.2598573242612474,True,4096,0082877761fe99d6f9502c5bbd4a86e23459340386e532f91d26799d68158192,3811dac65971661b2db6bbd5155ceed52278351597ee778f436a99908643f8ba,/path/to/Diffusion-TS/Utils/predictive_metric.py,164.2560384273529,2
PETS-U,Energy,128,0,100003,predictive_score,123,0.4454551454837201,True,4096,0082877761fe99d6f9502c5bbd4a86e23459340386e532f91d26799d68158192,3811dac65971661b2db6bbd5155ceed52278351597ee778f436a99908643f8ba,/path/to/Diffusion-TS/Utils/predictive_metric.py,161.55311107635498,0
PETS-U,Energy,128,0,100004,context_fid,0,1.7518880731874293,True,4096,0082877761fe99d6f9502c5bbd4a86e23459340386e532f91d26799d68158192,e271f6b575a360600f946ed44296651355592dc08db8ec56af67f5804a960ee5,/path/to/PETS-FFT-Ablation/results/final_unconditional_main_v1/evaluators/Energy/T128/ts2vec_seed_0.pt,1.4977753162384033,1
PETS-U,Energy,128,0,100004,context_fid,42,1.276545632549601,True,4096,0082877761fe99d6f9502c5bbd4a86e23459340386e532f91d26799d68158192,e271f6b575a360600f946ed44296651355592dc08db8ec56af67f5804a960ee5,/path/to/PETS-FFT-Ablation/results/final_unconditional_main_v1/evaluators/Energy/T128/ts2vec_seed_42.pt,1.8790292739868164,0
PETS-U,Energy,128,0,100004,context_fid,123,1.677577501014363,True,4096,0082877761fe99d6f9502c5bbd4a86e23459340386e532f91d26799d68158192,e271f6b575a360600f946ed44296651355592dc08db8ec56af67f5804a960ee5,/path/to/PETS-FFT-Ablation/results/final_unconditional_main_v1/evaluators/Energy/T128/ts2vec_seed_123.pt,1.4415357112884521,1
PETS-U,Energy,128,0,100004,correlation_score,-1,1.5344473123550415,True,4096,0082877761fe99d6f9502c5bbd4a86e23459340386e532f91d26799d68158192,e271f6b575a360600f946ed44296651355592dc08db8ec56af67f5804a960ee5,/path/to/Diffusion-TS/Utils/cross_correlation.py,0.7345154285430908,1
PETS-U,Energy,128,0,100004,discriminative_score,0,0.45487804878048776,True,4096,0082877761fe99d6f9502c5bbd4a86e23459340386e532f91d26799d68158192,e271f6b575a360600f946ed44296651355592dc08db8ec56af67f5804a960ee5,/path/to/Diffusion-TS/Utils/discriminative_metric.py,75.55974960327148,0
PETS-U,Energy,128,0,100004,discriminative_score,42,0.4664634146341463,True,4096,0082877761fe99d6f9502c5bbd4a86e23459340386e532f91d26799d68158192,e271f6b575a360600f946ed44296651355592dc08db8ec56af67f5804a960ee5,/path/to/Diffusion-TS/Utils/discriminative_metric.py,76.6824643611908,2
PETS-U,Energy,128,0,100004,discriminative_score,123,0.4646341463414634,True,4096,0082877761fe99d6f9502c5bbd4a86e23459340386e532f91d26799d68158192,e271f6b575a360600f946ed44296651355592dc08db8ec56af67f5804a960ee5,/path/to/Diffusion-TS/Utils/discriminative_metric.py,75.85393071174622,1
PETS-U,Energy,128,0,100004,predictive_score,0,0.27020056078981725,True,4096,0082877761fe99d6f9502c5bbd4a86e23459340386e532f91d26799d68158192,e271f6b575a360600f946ed44296651355592dc08db8ec56af67f5804a960ee5,/path/to/Diffusion-TS/Utils/predictive_metric.py,162.7127857208252,0
PETS-U,Energy,128,0,100004,predictive_score,42,0.2674027324319468,True,4096,0082877761fe99d6f9502c5bbd4a86e23459340386e532f91d26799d68158192,e271f6b575a360600f946ed44296651355592dc08db8ec56af67f5804a960ee5,/path/to/Diffusion-TS/Utils/predictive_metric.py,162.65944623947144,1
PETS-U,Energy,128,0,100004,predictive_score,123,0.4419398429017747,True,4096,0082877761fe99d6f9502c5bbd4a86e23459340386e532f91d26799d68158192,e271f6b575a360600f946ed44296651355592dc08db8ec56af67f5804a960ee5,/path/to/Diffusion-TS/Utils/predictive_metric.py,162.63460302352905,2
PETS-U,Energy,128,42,100000,context_fid,0,1.9198187852744286,True,4096,0082877761fe99d6f9502c5bbd4a86e23459340386e532f91d26799d68158192,de0c38f641024c892e97236670dc4418cdd50cb7482f67fb637285cc5e07e6d2,/path/to/PETS-FFT-Ablation/results/final_unconditional_main_v1/evaluators/Energy/T128/ts2vec_seed_0.pt,1.2786140441894531,0
PETS-U,Energy,128,42,100000,context_fid,42,1.3676809515118356,True,4096,0082877761fe99d6f9502c5bbd4a86e23459340386e532f91d26799d68158192,de0c38f641024c892e97236670dc4418cdd50cb7482f67fb637285cc5e07e6d2,/path/to/PETS-FFT-Ablation/results/final_unconditional_main_v1/evaluators/Energy/T128/ts2vec_seed_42.pt,1.3979084491729736,1
PETS-U,Energy,128,42,100000,context_fid,123,1.72618209836084,True,4096,0082877761fe99d6f9502c5bbd4a86e23459340386e532f91d26799d68158192,de0c38f641024c892e97236670dc4418cdd50cb7482f67fb637285cc5e07e6d2,/path/to/PETS-FFT-Ablation/results/final_unconditional_main_v1/evaluators/Energy/T128/ts2vec_seed_123.pt,1.4816298484802246,2
PETS-U,Energy,128,42,100000,correlation_score,-1,1.4586071968078613,True,4096,0082877761fe99d6f9502c5bbd4a86e23459340386e532f91d26799d68158192,de0c38f641024c892e97236670dc4418cdd50cb7482f67fb637285cc5e07e6d2,/path/to/Diffusion-TS/Utils/cross_correlation.py,0.7534544467926025,0
PETS-U,Energy,128,42,100000,discriminative_score,0,0.46036585365853655,True,4096,0082877761fe99d6f9502c5bbd4a86e23459340386e532f91d26799d68158192,de0c38f641024c892e97236670dc4418cdd50cb7482f67fb637285cc5e07e6d2,/path/to/Diffusion-TS/Utils/discriminative_metric.py,76.0089385509491,0
PETS-U,Energy,128,42,100000,discriminative_score,42,0.45060975609756093,True,4096,0082877761fe99d6f9502c5bbd4a86e23459340386e532f91d26799d68158192,de0c38f641024c892e97236670dc4418cdd50cb7482f67fb637285cc5e07e6d2,/path/to/Diffusion-TS/Utils/discriminative_metric.py,75.462082862854,1
PETS-U,Energy,128,42,100000,discriminative_score,123,0.4518292682926829,True,4096,0082877761fe99d6f9502c5bbd4a86e23459340386e532f91d26799d68158192,de0c38f641024c892e97236670dc4418cdd50cb7482f67fb637285cc5e07e6d2,/path/to/Diffusion-TS/Utils/discriminative_metric.py,75.02121114730835,2
PETS-U,Energy,128,42,100000,predictive_score,0,0.25243967143978807,True,4096,0082877761fe99d6f9502c5bbd4a86e23459340386e532f91d26799d68158192,de0c38f641024c892e97236670dc4418cdd50cb7482f67fb637285cc5e07e6d2,/path/to/Diffusion-TS/Utils/predictive_metric.py,161.30004024505615,2
PETS-U,Energy,128,42,100000,predictive_score,42,0.25407260966676404,True,4096,0082877761fe99d6f9502c5bbd4a86e23459340386e532f91d26799d68158192,de0c38f641024c892e97236670dc4418cdd50cb7482f67fb637285cc5e07e6d2,/path/to/Diffusion-TS/Utils/predictive_metric.py,161.09529852867126,0
PETS-U,Energy,128,42,100000,predictive_score,123,0.40442739186255494,True,4096,0082877761fe99d6f9502c5bbd4a86e23459340386e532f91d26799d68158192,de0c38f641024c892e97236670dc4418cdd50cb7482f67fb637285cc5e07e6d2,/path/to/Diffusion-TS/Utils/predictive_metric.py,162.26891374588013,1
PETS-U,Energy,128,42,100001,context_fid,0,1.961333609066767,True,4096,0082877761fe99d6f9502c5bbd4a86e23459340386e532f91d26799d68158192,35e5190b9132c49821b2cc505c6f68e67443f082b071cf43eae9cfcd8728e5ca,/path/to/PETS-FFT-Ablation/results/final_unconditional_main_v1/evaluators/Energy/T128/ts2vec_seed_0.pt,1.3512794971466064,2
PETS-U,Energy,128,42,100001,context_fid,42,1.3975331705579657,True,4096,0082877761fe99d6f9502c5bbd4a86e23459340386e532f91d26799d68158192,35e5190b9132c49821b2cc505c6f68e67443f082b071cf43eae9cfcd8728e5ca,/path/to/PETS-FFT-Ablation/results/final_unconditional_main_v1/evaluators/Energy/T128/ts2vec_seed_42.pt,1.3444170951843262,0
PETS-U,Energy,128,42,100001,context_fid,123,1.7722837908674922,True,4096,0082877761fe99d6f9502c5bbd4a86e23459340386e532f91d26799d68158192,35e5190b9132c49821b2cc505c6f68e67443f082b071cf43eae9cfcd8728e5ca,/path/to/PETS-FFT-Ablation/results/final_unconditional_main_v1/evaluators/Energy/T128/ts2vec_seed_123.pt,1.4673597812652588,1
PETS-U,Energy,128,42,100001,correlation_score,-1,1.5370606184005737,True,4096,0082877761fe99d6f9502c5bbd4a86e23459340386e532f91d26799d68158192,35e5190b9132c49821b2cc505c6f68e67443f082b071cf43eae9cfcd8728e5ca,/path/to/Diffusion-TS/Utils/cross_correlation.py,0.7512249946594238,0
PETS-U,Energy,128,42,100001,discriminative_score,0,0.4597560975609756,True,4096,0082877761fe99d6f9502c5bbd4a86e23459340386e532f91d26799d68158192,35e5190b9132c49821b2cc505c6f68e67443f082b071cf43eae9cfcd8728e5ca,/path/to/Diffusion-TS/Utils/discriminative_metric.py,76.11841130256653,2
PETS-U,Energy,128,42,100001,discriminative_score,42,0.4542682926829268,True,4096,0082877761fe99d6f9502c5bbd4a86e23459340386e532f91d26799d68158192,35e5190b9132c49821b2cc505c6f68e67443f082b071cf43eae9cfcd8728e5ca,/path/to/Diffusion-TS/Utils/discriminative_metric.py,75.75889158248901,0
PETS-U,Energy,128,42,100001,discriminative_score,123,0.48902439024390243,True,4096,0082877761fe99d6f9502c5bbd4a86e23459340386e532f91d26799d68158192,35e5190b9132c49821b2cc505c6f68e67443f082b071cf43eae9cfcd8728e5ca,/path/to/Diffusion-TS/Utils/discriminative_metric.py,75.70856976509094,1
PETS-U,Energy,128,42,100001,predictive_score,0,0.2531879587149888,True,4096,0082877761fe99d6f9502c5bbd4a86e23459340386e532f91d26799d68158192,35e5190b9132c49821b2cc505c6f68e67443f082b071cf43eae9cfcd8728e5ca,/path/to/Diffusion-TS/Utils/predictive_metric.py,162.81372165679932,2
PETS-U,Energy,128,42,100001,predictive_score,42,0.2524966914606921,True,4096,0082877761fe99d6f9502c5bbd4a86e23459340386e532f91d26799d68158192,35e5190b9132c49821b2cc505c6f68e67443f082b071cf43eae9cfcd8728e5ca,/path/to/Diffusion-TS/Utils/predictive_metric.py,163.99011993408203,0
PETS-U,Energy,128,42,100001,predictive_score,123,0.2546852394225425,True,4096,0082877761fe99d6f9502c5bbd4a86e23459340386e532f91d26799d68158192,35e5190b9132c49821b2cc505c6f68e67443f082b071cf43eae9cfcd8728e5ca,/path/to/Diffusion-TS/Utils/predictive_metric.py,165.3962984085083,1
PETS-U,Energy,128,42,100002,context_fid,0,1.9710925020177963,True,4096,0082877761fe99d6f9502c5bbd4a86e23459340386e532f91d26799d68158192,0800867c1f7f42c5078ce87d46753aaba2c622fd858d19cadce382da9ad04807,/path/to/PETS-FFT-Ablation/results/final_unconditional_main_v1/evaluators/Energy/T128/ts2vec_seed_0.pt,1.37703537940979,2
PETS-U,Energy,128,42,100002,context_fid,42,1.390788177056825,True,4096,0082877761fe99d6f9502c5bbd4a86e23459340386e532f91d26799d68158192,0800867c1f7f42c5078ce87d46753aaba2c622fd858d19cadce382da9ad04807,/path/to/PETS-FFT-Ablation/results/final_unconditional_main_v1/evaluators/Energy/T128/ts2vec_seed_42.pt,1.3748459815979004,0
PETS-U,Energy,128,42,100002,context_fid,123,1.78277175951222,True,4096,0082877761fe99d6f9502c5bbd4a86e23459340386e532f91d26799d68158192,0800867c1f7f42c5078ce87d46753aaba2c622fd858d19cadce382da9ad04807,/path/to/PETS-FFT-Ablation/results/final_unconditional_main_v1/evaluators/Energy/T128/ts2vec_seed_123.pt,1.4542686939239502,2
PETS-U,Energy,128,42,100002,correlation_score,-1,1.6052725315093994,True,4096,0082877761fe99d6f9502c5bbd4a86e23459340386e532f91d26799d68158192,0800867c1f7f42c5078ce87d46753aaba2c622fd858d19cadce382da9ad04807,/path/to/Diffusion-TS/Utils/cross_correlation.py,0.7422134876251221,2
PETS-U,Energy,128,42,100002,discriminative_score,0,0.4621951219512195,True,4096,0082877761fe99d6f9502c5bbd4a86e23459340386e532f91d26799d68158192,0800867c1f7f42c5078ce87d46753aaba2c622fd858d19cadce382da9ad04807,/path/to/Diffusion-TS/Utils/discriminative_metric.py,75.71417307853699,0
PETS-U,Energy,128,42,100002,discriminative_score,42,0.45487804878048776,True,4096,0082877761fe99d6f9502c5bbd4a86e23459340386e532f91d26799d68158192,0800867c1f7f42c5078ce87d46753aaba2c622fd858d19cadce382da9ad04807,/path/to/Diffusion-TS/Utils/discriminative_metric.py,75.53280782699585,1
PETS-U,Energy,128,42,100002,discriminative_score,123,0.48109756097560974,True,4096,0082877761fe99d6f9502c5bbd4a86e23459340386e532f91d26799d68158192,0800867c1f7f42c5078ce87d46753aaba2c622fd858d19cadce382da9ad04807,/path/to/Diffusion-TS/Utils/discriminative_metric.py,75.38863396644592,2
PETS-U,Energy,128,42,100002,predictive_score,0,0.2526781706365,True,4096,0082877761fe99d6f9502c5bbd4a86e23459340386e532f91d26799d68158192,0800867c1f7f42c5078ce87d46753aaba2c622fd858d19cadce382da9ad04807,/path/to/Diffusion-TS/Utils/predictive_metric.py,162.67823433876038,0
PETS-U,Energy,128,42,100002,predictive_score,42,0.25263914718379965,True,4096,0082877761fe99d6f9502c5bbd4a86e23459340386e532f91d26799d68158192,0800867c1f7f42c5078ce87d46753aaba2c622fd858d19cadce382da9ad04807,/path/to/Diffusion-TS/Utils/predictive_metric.py,162.17371773719788,1
PETS-U,Energy,128,42,100002,predictive_score,123,0.4011597584030824,True,4096,0082877761fe99d6f9502c5bbd4a86e23459340386e532f91d26799d68158192,0800867c1f7f42c5078ce87d46753aaba2c622fd858d19cadce382da9ad04807,/path/to/Diffusion-TS/Utils/predictive_metric.py,162.45927166938782,2
PETS-U,Energy,128,42,100003,context_fid,0,2.018391691841755,True,4096,0082877761fe99d6f9502c5bbd4a86e23459340386e532f91d26799d68158192,ceb7f6e24c6c3c6d989bf0ad5e23e741e7fceb5ded9d5227fb09934bb269c58d,/path/to/PETS-FFT-Ablation/results/final_unconditional_main_v1/evaluators/Energy/T128/ts2vec_seed_0.pt,1.3415887355804443,0
PETS-U,Energy,128,42,100003,context_fid,42,1.4359950862397832,True,4096,0082877761fe99d6f9502c5bbd4a86e23459340386e532f91d26799d68158192,ceb7f6e24c6c3c6d989bf0ad5e23e741e7fceb5ded9d5227fb09934bb269c58d,/path/to/PETS-FFT-Ablation/results/final_unconditional_main_v1/evaluators/Energy/T128/ts2vec_seed_42.pt,1.47684907913208,2
PETS-U,Energy,128,42,100003,context_fid,123,1.8107400997289163,True,4096,0082877761fe99d6f9502c5bbd4a86e23459340386e532f91d26799d68158192,ceb7f6e24c6c3c6d989bf0ad5e23e741e7fceb5ded9d5227fb09934bb269c58d,/path/to/PETS-FFT-Ablation/results/final_unconditional_main_v1/evaluators/Energy/T128/ts2vec_seed_123.pt,1.4807767868041992,1
PETS-U,Energy,128,42,100003,correlation_score,-1,1.6217248439788818,True,4096,0082877761fe99d6f9502c5bbd4a86e23459340386e532f91d26799d68158192,ceb7f6e24c6c3c6d989bf0ad5e23e741e7fceb5ded9d5227fb09934bb269c58d,/path/to/Diffusion-TS/Utils/cross_correlation.py,0.7719545364379883,1
PETS-U,Energy,128,42,100003,discriminative_score,0,0.4585365853658536,True,4096,0082877761fe99d6f9502c5bbd4a86e23459340386e532f91d26799d68158192,ceb7f6e24c6c3c6d989bf0ad5e23e741e7fceb5ded9d5227fb09934bb269c58d,/path/to/Diffusion-TS/Utils/discriminative_metric.py,76.24508213996887,0
PETS-U,Energy,128,42,100003,discriminative_score,42,0.4408536585365853,True,4096,0082877761fe99d6f9502c5bbd4a86e23459340386e532f91d26799d68158192,ceb7f6e24c6c3c6d989bf0ad5e23e741e7fceb5ded9d5227fb09934bb269c58d,/path/to/Diffusion-TS/Utils/discriminative_metric.py,75.78442239761353,2
PETS-U,Energy,128,42,100003,discriminative_score,123,0.4841463414634146,True,4096,0082877761fe99d6f9502c5bbd4a86e23459340386e532f91d26799d68158192,ceb7f6e24c6c3c6d989bf0ad5e23e741e7fceb5ded9d5227fb09934bb269c58d,/path/to/Diffusion-TS/Utils/discriminative_metric.py,75.46181035041809,1
PETS-U,Energy,128,42,100003,predictive_score,0,0.2544992891380389,True,4096,0082877761fe99d6f9502c5bbd4a86e23459340386e532f91d26799d68158192,ceb7f6e24c6c3c6d989bf0ad5e23e741e7fceb5ded9d5227fb09934bb269c58d,/path/to/Diffusion-TS/Utils/predictive_metric.py,162.45791864395142,2
PETS-U,Energy,128,42,100003,predictive_score,42,0.25207138904443127,True,4096,0082877761fe99d6f9502c5bbd4a86e23459340386e532f91d26799d68158192,ceb7f6e24c6c3c6d989bf0ad5e23e741e7fceb5ded9d5227fb09934bb269c58d,/path/to/Diffusion-TS/Utils/predictive_metric.py,165.38369226455688,1
PETS-U,Energy,128,42,100003,predictive_score,123,0.32913915799508686,True,4096,0082877761fe99d6f9502c5bbd4a86e23459340386e532f91d26799d68158192,ceb7f6e24c6c3c6d989bf0ad5e23e741e7fceb5ded9d5227fb09934bb269c58d,/path/to/Diffusion-TS/Utils/predictive_metric.py,162.5131003856659,0
PETS-U,Energy,128,42,100004,context_fid,0,1.9483107069503225,True,4096,0082877761fe99d6f9502c5bbd4a86e23459340386e532f91d26799d68158192,6f9a120dfa7117e916d5298faeb1760718362cc31c9d06ef9e61bd717eb2891c,/path/to/PETS-FFT-Ablation/results/final_unconditional_main_v1/evaluators/Energy/T128/ts2vec_seed_0.pt,1.478808879852295,0
PETS-U,Energy,128,42,100004,context_fid,42,1.3722333647684433,True,4096,0082877761fe99d6f9502c5bbd4a86e23459340386e532f91d26799d68158192,6f9a120dfa7117e916d5298faeb1760718362cc31c9d06ef9e61bd717eb2891c,/path/to/PETS-FFT-Ablation/results/final_unconditional_main_v1/evaluators/Energy/T128/ts2vec_seed_42.pt,1.5626537799835205,2
PETS-U,Energy,128,42,100004,context_fid,123,1.753983162738779,True,4096,0082877761fe99d6f9502c5bbd4a86e23459340386e532f91d26799d68158192,6f9a120dfa7117e916d5298faeb1760718362cc31c9d06ef9e61bd717eb2891c,/path/to/PETS-FFT-Ablation/results/final_unconditional_main_v1/evaluators/Energy/T128/ts2vec_seed_123.pt,1.8356537818908691,0
PETS-U,Energy,128,42,100004,correlation_score,-1,1.5593329668045044,True,4096,0082877761fe99d6f9502c5bbd4a86e23459340386e532f91d26799d68158192,6f9a120dfa7117e916d5298faeb1760718362cc31c9d06ef9e61bd717eb2891c,/path/to/Diffusion-TS/Utils/cross_correlation.py,0.7536253929138184,2
PETS-U,Energy,128,42,100004,discriminative_score,0,0.473780487804878,True,4096,0082877761fe99d6f9502c5bbd4a86e23459340386e532f91d26799d68158192,6f9a120dfa7117e916d5298faeb1760718362cc31c9d06ef9e61bd717eb2891c,/path/to/Diffusion-TS/Utils/discriminative_metric.py,75.86991047859192,2
PETS-U,Energy,128,42,100004,discriminative_score,42,0.45548780487804874,True,4096,0082877761fe99d6f9502c5bbd4a86e23459340386e532f91d26799d68158192,6f9a120dfa7117e916d5298faeb1760718362cc31c9d06ef9e61bd717eb2891c,/path/to/Diffusion-TS/Utils/discriminative_metric.py,76.92493748664856,1
PETS-U,Energy,128,42,100004,discriminative_score,123,0.48048780487804876,True,4096,0082877761fe99d6f9502c5bbd4a86e23459340386e532f91d26799d68158192,6f9a120dfa7117e916d5298faeb1760718362cc31c9d06ef9e61bd717eb2891c,/path/to/Diffusion-TS/Utils/discriminative_metric.py,76.39267420768738,0
PETS-U,Energy,128,42,100004,predictive_score,0,0.2547089067265915,True,4096,0082877761fe99d6f9502c5bbd4a86e23459340386e532f91d26799d68158192,6f9a120dfa7117e916d5298faeb1760718362cc31c9d06ef9e61bd717eb2891c,/path/to/Diffusion-TS/Utils/predictive_metric.py,165.5774643421173,2
PETS-U,Energy,128,42,100004,predictive_score,42,0.25319444459091756,True,4096,0082877761fe99d6f9502c5bbd4a86e23459340386e532f91d26799d68158192,6f9a120dfa7117e916d5298faeb1760718362cc31c9d06ef9e61bd717eb2891c,/path/to/Diffusion-TS/Utils/predictive_metric.py,164.48569512367249,0
PETS-U,Energy,128,42,100004,predictive_score,123,0.25614295123159536,True,4096,0082877761fe99d6f9502c5bbd4a86e23459340386e532f91d26799d68158192,6f9a120dfa7117e916d5298faeb1760718362cc31c9d06ef9e61bd717eb2891c,/path/to/Diffusion-TS/Utils/predictive_metric.py,166.4005868434906,1
PETS-U,Energy,128,123,100000,context_fid,0,1.83560429579635,True,4096,0082877761fe99d6f9502c5bbd4a86e23459340386e532f91d26799d68158192,14130a12e3f1d76749ba4aa31c0065357f96e6dd1aefb54117c11aaedbc6678b,/path/to/PETS-FFT-Ablation/results/final_unconditional_main_v1/evaluators/Energy/T128/ts2vec_seed_0.pt,1.3348512649536133,0
PETS-U,Energy,128,123,100000,context_fid,42,1.3206346691168753,True,4096,0082877761fe99d6f9502c5bbd4a86e23459340386e532f91d26799d68158192,14130a12e3f1d76749ba4aa31c0065357f96e6dd1aefb54117c11aaedbc6678b,/path/to/PETS-FFT-Ablation/results/final_unconditional_main_v1/evaluators/Energy/T128/ts2vec_seed_42.pt,1.4184963703155518,2
PETS-U,Energy,128,123,100000,context_fid,123,1.7189303216389569,True,4096,0082877761fe99d6f9502c5bbd4a86e23459340386e532f91d26799d68158192,14130a12e3f1d76749ba4aa31c0065357f96e6dd1aefb54117c11aaedbc6678b,/path/to/PETS-FFT-Ablation/results/final_unconditional_main_v1/evaluators/Energy/T128/ts2vec_seed_123.pt,1.6100010871887207,0
PETS-U,Energy,128,123,100000,correlation_score,-1,1.4324487447738647,True,4096,0082877761fe99d6f9502c5bbd4a86e23459340386e532f91d26799d68158192,14130a12e3f1d76749ba4aa31c0065357f96e6dd1aefb54117c11aaedbc6678b,/path/to/Diffusion-TS/Utils/cross_correlation.py,0.744678258895874,2
PETS-U,Energy,128,123,100000,discriminative_score,0,0.2042682926829268,True,4096,0082877761fe99d6f9502c5bbd4a86e23459340386e532f91d26799d68158192,14130a12e3f1d76749ba4aa31c0065357f96e6dd1aefb54117c11aaedbc6678b,/path/to/Diffusion-TS/Utils/discriminative_metric.py,75.13648319244385,2
PETS-U,Energy,128,123,100000,discriminative_score,42,0.4439024390243902,True,4096,0082877761fe99d6f9502c5bbd4a86e23459340386e532f91d26799d68158192,14130a12e3f1d76749ba4aa31c0065357f96e6dd1aefb54117c11aaedbc6678b,/path/to/Diffusion-TS/Utils/discriminative_metric.py,76.13847231864929,1
PETS-U,Energy,128,123,100000,discriminative_score,123,0.45548780487804874,True,4096,0082877761fe99d6f9502c5bbd4a86e23459340386e532f91d26799d68158192,14130a12e3f1d76749ba4aa31c0065357f96e6dd1aefb54117c11aaedbc6678b,/path/to/Diffusion-TS/Utils/discriminative_metric.py,75.60957336425781,0
PETS-U,Energy,128,123,100000,predictive_score,0,0.25242430612343014,True,4096,0082877761fe99d6f9502c5bbd4a86e23459340386e532f91d26799d68158192,14130a12e3f1d76749ba4aa31c0065357f96e6dd1aefb54117c11aaedbc6678b,/path/to/Diffusion-TS/Utils/predictive_metric.py,161.22102189064026,2
PETS-U,Energy,128,123,100000,predictive_score,42,0.2806926776065666,True,4096,0082877761fe99d6f9502c5bbd4a86e23459340386e532f91d26799d68158192,14130a12e3f1d76749ba4aa31c0065357f96e6dd1aefb54117c11aaedbc6678b,/path/to/Diffusion-TS/Utils/predictive_metric.py,163.12574076652527,1
PETS-U,Energy,128,123,100000,predictive_score,123,0.31456029732362367,True,4096,0082877761fe99d6f9502c5bbd4a86e23459340386e532f91d26799d68158192,14130a12e3f1d76749ba4aa31c0065357f96e6dd1aefb54117c11aaedbc6678b,/path/to/Diffusion-TS/Utils/predictive_metric.py,160.83730578422546,0
PETS-U,Energy,128,123,100001,context_fid,0,1.8108944539866574,True,4096,0082877761fe99d6f9502c5bbd4a86e23459340386e532f91d26799d68158192,fcc266386a67fd61f4528883fa1aa582f390d577465292c550b6eaf24897eefd,/path/to/PETS-FFT-Ablation/results/final_unconditional_main_v1/evaluators/Energy/T128/ts2vec_seed_0.pt,1.369175910949707,2
PETS-U,Energy,128,123,100001,context_fid,42,1.2972505067355022,True,4096,0082877761fe99d6f9502c5bbd4a86e23459340386e532f91d26799d68158192,fcc266386a67fd61f4528883fa1aa582f390d577465292c550b6eaf24897eefd,/path/to/PETS-FFT-Ablation/results/final_unconditional_main_v1/evaluators/Energy/T128/ts2vec_seed_42.pt,1.3650546073913574,0
PETS-U,Energy,128,123,100001,context_fid,123,1.6785494588050585,True,4096,0082877761fe99d6f9502c5bbd4a86e23459340386e532f91d26799d68158192,fcc266386a67fd61f4528883fa1aa582f390d577465292c550b6eaf24897eefd,/path/to/PETS-FFT-Ablation/results/final_unconditional_main_v1/evaluators/Energy/T128/ts2vec_seed_123.pt,1.469923734664917,2
PETS-U,Energy,128,123,100001,correlation_score,-1,1.3447597026824951,True,4096,0082877761fe99d6f9502c5bbd4a86e23459340386e532f91d26799d68158192,fcc266386a67fd61f4528883fa1aa582f390d577465292c550b6eaf24897eefd,/path/to/Diffusion-TS/Utils/cross_correlation.py,0.7464666366577148,2
PETS-U,Energy,128,123,100001,discriminative_score,0,0.1353658536585366,True,4096,0082877761fe99d6f9502c5bbd4a86e23459340386e532f91d26799d68158192,fcc266386a67fd61f4528883fa1aa582f390d577465292c550b6eaf24897eefd,/path/to/Diffusion-TS/Utils/discriminative_metric.py,75.35088300704956,0
PETS-U,Energy,128,123,100001,discriminative_score,42,0.4457317073170731,True,4096,0082877761fe99d6f9502c5bbd4a86e23459340386e532f91d26799d68158192,fcc266386a67fd61f4528883fa1aa582f390d577465292c550b6eaf24897eefd,/path/to/Diffusion-TS/Utils/discriminative_metric.py,75.50621938705444,1
PETS-U,Energy,128,123,100001,discriminative_score,123,0.46768292682926826,True,4096,0082877761fe99d6f9502c5bbd4a86e23459340386e532f91d26799d68158192,fcc266386a67fd61f4528883fa1aa582f390d577465292c550b6eaf24897eefd,/path/to/Diffusion-TS/Utils/discriminative_metric.py,75.23889660835266,2
PETS-U,Energy,128,123,100001,predictive_score,0,0.25224382945452817,True,4096,0082877761fe99d6f9502c5bbd4a86e23459340386e532f91d26799d68158192,fcc266386a67fd61f4528883fa1aa582f390d577465292c550b6eaf24897eefd,/path/to/Diffusion-TS/Utils/predictive_metric.py,164.87221956253052,0
PETS-U,Energy,128,123,100001,predictive_score,42,0.2643872422122513,True,4096,0082877761fe99d6f9502c5bbd4a86e23459340386e532f91d26799d68158192,fcc266386a67fd61f4528883fa1aa582f390d577465292c550b6eaf24897eefd,/path/to/Diffusion-TS/Utils/predictive_metric.py,160.80442428588867,1
PETS-U,Energy,128,123,100001,predictive_score,123,0.4331580955768004,True,4096,0082877761fe99d6f9502c5bbd4a86e23459340386e532f91d26799d68158192,fcc266386a67fd61f4528883fa1aa582f390d577465292c550b6eaf24897eefd,/path/to/Diffusion-TS/Utils/predictive_metric.py,162.41919684410095,2
PETS-U,Energy,128,123,100002,context_fid,0,1.8537894291893573,True,4096,0082877761fe99d6f9502c5bbd4a86e23459340386e532f91d26799d68158192,dade79624058ffa3c3a1fc88d8400b124d1a42db69a7096d3c39924d5efe3c84,/path/to/PETS-FFT-Ablation/results/final_unconditional_main_v1/evaluators/Energy/T128/ts2vec_seed_0.pt,1.4453227519989014,1
PETS-U,Energy,128,123,100002,context_fid,42,1.32762575313457,True,4096,0082877761fe99d6f9502c5bbd4a86e23459340386e532f91d26799d68158192,dade79624058ffa3c3a1fc88d8400b124d1a42db69a7096d3c39924d5efe3c84,/path/to/PETS-FFT-Ablation/results/final_unconditional_main_v1/evaluators/Energy/T128/ts2vec_seed_42.pt,1.4445111751556396,2
PETS-U,Energy,128,123,100002,context_fid,123,1.7238901783868077,True,4096,0082877761fe99d6f9502c5bbd4a86e23459340386e532f91d26799d68158192,dade79624058ffa3c3a1fc88d8400b124d1a42db69a7096d3c39924d5efe3c84,/path/to/PETS-FFT-Ablation/results/final_unconditional_main_v1/evaluators/Energy/T128/ts2vec_seed_123.pt,1.4879307746887207,1
PETS-U,Energy,128,123,100002,correlation_score,-1,1.414381980895996,True,4096,0082877761fe99d6f9502c5bbd4a86e23459340386e532f91d26799d68158192,dade79624058ffa3c3a1fc88d8400b124d1a42db69a7096d3c39924d5efe3c84,/path/to/Diffusion-TS/Utils/cross_correlation.py,0.7493376731872559,1
PETS-U,Energy,128,123,100002,discriminative_score,0,0.150609756097561,True,4096,0082877761fe99d6f9502c5bbd4a86e23459340386e532f91d26799d68158192,dade79624058ffa3c3a1fc88d8400b124d1a42db69a7096d3c39924d5efe3c84,/path/to/Diffusion-TS/Utils/discriminative_metric.py,75.38173913955688,2
PETS-U,Energy,128,123,100002,discriminative_score,42,0.4457317073170731,True,4096,0082877761fe99d6f9502c5bbd4a86e23459340386e532f91d26799d68158192,dade79624058ffa3c3a1fc88d8400b124d1a42db69a7096d3c39924d5efe3c84,/path/to/Diffusion-TS/Utils/discriminative_metric.py,74.58110880851746,0
PETS-U,Energy,128,123,100002,discriminative_score,123,0.4414634146341463,True,4096,0082877761fe99d6f9502c5bbd4a86e23459340386e532f91d26799d68158192,dade79624058ffa3c3a1fc88d8400b124d1a42db69a7096d3c39924d5efe3c84,/path/to/Diffusion-TS/Utils/discriminative_metric.py,74.81539750099182,1
PETS-U,Energy,128,123,100002,predictive_score,0,0.25196988461902947,True,4096,0082877761fe99d6f9502c5bbd4a86e23459340386e532f91d26799d68158192,dade79624058ffa3c3a1fc88d8400b124d1a42db69a7096d3c39924d5efe3c84,/path/to/Diffusion-TS/Utils/predictive_metric.py,161.56820821762085,0
PETS-U,Energy,128,123,100002,predictive_score,42,0.2597448273882037,True,4096,0082877761fe99d6f9502c5bbd4a86e23459340386e532f91d26799d68158192,dade79624058ffa3c3a1fc88d8400b124d1a42db69a7096d3c39924d5efe3c84,/path/to/Diffusion-TS/Utils/predictive_metric.py,161.11138534545898,2
PETS-U,Energy,128,123,100002,predictive_score,123,0.32379388980189105,True,4096,0082877761fe99d6f9502c5bbd4a86e23459340386e532f91d26799d68158192,dade79624058ffa3c3a1fc88d8400b124d1a42db69a7096d3c39924d5efe3c84,/path/to/Diffusion-TS/Utils/predictive_metric.py,167.15070152282715,1
PETS-U,Energy,128,123,100003,context_fid,0,1.8196772121796703,True,4096,0082877761fe99d6f9502c5bbd4a86e23459340386e532f91d26799d68158192,082bb1eb0d713e2a35e3d5c819e091f5448db878efcf194430b71b466be6efb6,/path/to/PETS-FFT-Ablation/results/final_unconditional_main_v1/evaluators/Energy/T128/ts2vec_seed_0.pt,1.5189802646636963,0
PETS-U,Energy,128,123,100003,context_fid,42,1.3018739891200064,True,4096,0082877761fe99d6f9502c5bbd4a86e23459340386e532f91d26799d68158192,082bb1eb0d713e2a35e3d5c819e091f5448db878efcf194430b71b466be6efb6,/path/to/PETS-FFT-Ablation/results/final_unconditional_main_v1/evaluators/Energy/T128/ts2vec_seed_42.pt,1.4848604202270508,2
PETS-U,Energy,128,123,100003,context_fid,123,1.700921056549336,True,4096,0082877761fe99d6f9502c5bbd4a86e23459340386e532f91d26799d68158192,082bb1eb0d713e2a35e3d5c819e091f5448db878efcf194430b71b466be6efb6,/path/to/PETS-FFT-Ablation/results/final_unconditional_main_v1/evaluators/Energy/T128/ts2vec_seed_123.pt,1.4899568557739258,0
PETS-U,Energy,128,123,100003,correlation_score,-1,1.3453880548477173,True,4096,0082877761fe99d6f9502c5bbd4a86e23459340386e532f91d26799d68158192,082bb1eb0d713e2a35e3d5c819e091f5448db878efcf194430b71b466be6efb6,/path/to/Diffusion-TS/Utils/cross_correlation.py,0.7536418437957764,2
PETS-U,Energy,128,123,100003,discriminative_score,0,0.17012195121951224,True,4096,0082877761fe99d6f9502c5bbd4a86e23459340386e532f91d26799d68158192,082bb1eb0d713e2a35e3d5c819e091f5448db878efcf194430b71b466be6efb6,/path/to/Diffusion-TS/Utils/discriminative_metric.py,75.88645887374878,2
PETS-U,Energy,128,123,100003,discriminative_score,42,0.45243902439024386,True,4096,0082877761fe99d6f9502c5bbd4a86e23459340386e532f91d26799d68158192,082bb1eb0d713e2a35e3d5c819e091f5448db878efcf194430b71b466be6efb6,/path/to/Diffusion-TS/Utils/discriminative_metric.py,75.45727324485779,0
PETS-U,Energy,128,123,100003,discriminative_score,123,0.44999999999999996,True,4096,0082877761fe99d6f9502c5bbd4a86e23459340386e532f91d26799d68158192,082bb1eb0d713e2a35e3d5c819e091f5448db878efcf194430b71b466be6efb6,/path/to/Diffusion-TS/Utils/discriminative_metric.py,76.17376947402954,1
PETS-U,Energy,128,123,100003,predictive_score,0,0.25281186822030577,True,4096,0082877761fe99d6f9502c5bbd4a86e23459340386e532f91d26799d68158192,082bb1eb0d713e2a35e3d5c819e091f5448db878efcf194430b71b466be6efb6,/path/to/Diffusion-TS/Utils/predictive_metric.py,162.18462252616882,2
PETS-U,Energy,128,123,100003,predictive_score,42,0.26690573702944675,True,4096,0082877761fe99d6f9502c5bbd4a86e23459340386e532f91d26799d68158192,082bb1eb0d713e2a35e3d5c819e091f5448db878efcf194430b71b466be6efb6,/path/to/Diffusion-TS/Utils/predictive_metric.py,164.7966616153717,0
PETS-U,Energy,128,123,100003,predictive_score,123,0.3196749653943698,True,4096,0082877761fe99d6f9502c5bbd4a86e23459340386e532f91d26799d68158192,082bb1eb0d713e2a35e3d5c819e091f5448db878efcf194430b71b466be6efb6,/path/to/Diffusion-TS/Utils/predictive_metric.py,160.88125896453857,1
PETS-U,Energy,128,123,100004,context_fid,0,1.8788709981816085,True,4096,0082877761fe99d6f9502c5bbd4a86e23459340386e532f91d26799d68158192,5df62705c1c8b25204dad83c088e5544440212c2e42c13877be119496e19098e,/path/to/PETS-FFT-Ablation/results/final_unconditional_main_v1/evaluators/Energy/T128/ts2vec_seed_0.pt,1.4102284908294678,2
PETS-U,Energy,128,123,100004,context_fid,42,1.3298691767551398,True,4096,0082877761fe99d6f9502c5bbd4a86e23459340386e532f91d26799d68158192,5df62705c1c8b25204dad83c088e5544440212c2e42c13877be119496e19098e,/path/to/PETS-FFT-Ablation/results/final_unconditional_main_v1/evaluators/Energy/T128/ts2vec_seed_42.pt,1.419114589691162,2
PETS-U,Energy,128,123,100004,context_fid,123,1.7467543004169888,True,4096,0082877761fe99d6f9502c5bbd4a86e23459340386e532f91d26799d68158192,5df62705c1c8b25204dad83c088e5544440212c2e42c13877be119496e19098e,/path/to/PETS-FFT-Ablation/results/final_unconditional_main_v1/evaluators/Energy/T128/ts2vec_seed_123.pt,1.4286000728607178,1
PETS-U,Energy,128,123,100004,correlation_score,-1,1.4609700441360474,True,4096,0082877761fe99d6f9502c5bbd4a86e23459340386e532f91d26799d68158192,5df62705c1c8b25204dad83c088e5544440212c2e42c13877be119496e19098e,/path/to/Diffusion-TS/Utils/cross_correlation.py,0.7363030910491943,2
PETS-U,Energy,128,123,100004,discriminative_score,0,0.39207317073170733,True,4096,0082877761fe99d6f9502c5bbd4a86e23459340386e532f91d26799d68158192,5df62705c1c8b25204dad83c088e5544440212c2e42c13877be119496e19098e,/path/to/Diffusion-TS/Utils/discriminative_metric.py,75.56449866294861,0
PETS-U,Energy,128,123,100004,discriminative_score,42,0.4518292682926829,True,4096,0082877761fe99d6f9502c5bbd4a86e23459340386e532f91d26799d68158192,5df62705c1c8b25204dad83c088e5544440212c2e42c13877be119496e19098e,/path/to/Diffusion-TS/Utils/discriminative_metric.py,75.60744094848633,2
PETS-U,Energy,128,123,100004,discriminative_score,123,0.473780487804878,True,4096,0082877761fe99d6f9502c5bbd4a86e23459340386e532f91d26799d68158192,5df62705c1c8b25204dad83c088e5544440212c2e42c13877be119496e19098e,/path/to/Diffusion-TS/Utils/discriminative_metric.py,75.32462191581726,1
PETS-U,Energy,128,123,100004,predictive_score,0,0.2521535552914429,True,4096,0082877761fe99d6f9502c5bbd4a86e23459340386e532f91d26799d68158192,5df62705c1c8b25204dad83c088e5544440212c2e42c13877be119496e19098e,/path/to/Diffusion-TS/Utils/predictive_metric.py,164.8279550075531,0
PETS-U,Energy,128,123,100004,predictive_score,42,0.2673128895366972,True,4096,0082877761fe99d6f9502c5bbd4a86e23459340386e532f91d26799d68158192,5df62705c1c8b25204dad83c088e5544440212c2e42c13877be119496e19098e,/path/to/Diffusion-TS/Utils/predictive_metric.py,162.86040544509888,2
PETS-U,Energy,128,123,100004,predictive_score,123,0.330642131913919,True,4096,0082877761fe99d6f9502c5bbd4a86e23459340386e532f91d26799d68158192,5df62705c1c8b25204dad83c088e5544440212c2e42c13877be119496e19098e,/path/to/Diffusion-TS/Utils/predictive_metric.py,162.32102704048157,1
Diffusion-TS,Energy,256,0,100000,context_fid,0,1.9876122276038508,True,4096,85497375d523f70b566ec01c5da04796afe02d4640334dc033d8d61f3fccd859,4324b0ebbcfa7a75b1ac92e5d1dd2efc4d0e52462d8f0500a02c5b151290e627,/path/to/PETS-FFT-Ablation/results/final_unconditional_main_v1/evaluators/Energy/T256/ts2vec_seed_0.pt,1.5272910594940186,1
Diffusion-TS,Energy,256,0,100000,context_fid,42,1.610235064501695,True,4096,85497375d523f70b566ec01c5da04796afe02d4640334dc033d8d61f3fccd859,4324b0ebbcfa7a75b1ac92e5d1dd2efc4d0e52462d8f0500a02c5b151290e627,/path/to/PETS-FFT-Ablation/results/final_unconditional_main_v1/evaluators/Energy/T256/ts2vec_seed_42.pt,1.5116493701934814,2
Diffusion-TS,Energy,256,0,100000,context_fid,123,1.7118086200812426,True,4096,85497375d523f70b566ec01c5da04796afe02d4640334dc033d8d61f3fccd859,4324b0ebbcfa7a75b1ac92e5d1dd2efc4d0e52462d8f0500a02c5b151290e627,/path/to/PETS-FFT-Ablation/results/final_unconditional_main_v1/evaluators/Energy/T256/ts2vec_seed_123.pt,1.5503296852111816,1
Diffusion-TS,Energy,256,0,100000,correlation_score,-1,1.3459455966949463,True,4096,85497375d523f70b566ec01c5da04796afe02d4640334dc033d8d61f3fccd859,4324b0ebbcfa7a75b1ac92e5d1dd2efc4d0e52462d8f0500a02c5b151290e627,/path/to/Diffusion-TS/Utils/cross_correlation.py,1.4755849838256836,1
Diffusion-TS,Energy,256,0,100000,discriminative_score,0,0.4768292682926829,True,4096,85497375d523f70b566ec01c5da04796afe02d4640334dc033d8d61f3fccd859,4324b0ebbcfa7a75b1ac92e5d1dd2efc4d0e52462d8f0500a02c5b151290e627,/path/to/Diffusion-TS/Utils/discriminative_metric.py,145.31355118751526,2
Diffusion-TS,Energy,256,0,100000,discriminative_score,42,0.4847560975609756,True,4096,85497375d523f70b566ec01c5da04796afe02d4640334dc033d8d61f3fccd859,4324b0ebbcfa7a75b1ac92e5d1dd2efc4d0e52462d8f0500a02c5b151290e627,/path/to/Diffusion-TS/Utils/discriminative_metric.py,145.8413691520691,1
Diffusion-TS,Energy,256,0,100000,discriminative_score,123,0.4975609756097561,True,4096,85497375d523f70b566ec01c5da04796afe02d4640334dc033d8d61f3fccd859,4324b0ebbcfa7a75b1ac92e5d1dd2efc4d0e52462d8f0500a02c5b151290e627,/path/to/Diffusion-TS/Utils/discriminative_metric.py,147.85476756095886,0
Diffusion-TS,Energy,256,0,100000,predictive_score,0,0.3957177304546349,True,4096,85497375d523f70b566ec01c5da04796afe02d4640334dc033d8d61f3fccd859,4324b0ebbcfa7a75b1ac92e5d1dd2efc4d0e52462d8f0500a02c5b151290e627,/path/to/Diffusion-TS/Utils/predictive_metric.py,303.4336919784546,2
Diffusion-TS,Energy,256,0,100000,predictive_score,42,0.39937838863261277,True,4096,85497375d523f70b566ec01c5da04796afe02d4640334dc033d8d61f3fccd859,4324b0ebbcfa7a75b1ac92e5d1dd2efc4d0e52462d8f0500a02c5b151290e627,/path/to/Diffusion-TS/Utils/predictive_metric.py,301.9256250858307,1
Diffusion-TS,Energy,256,0,100000,predictive_score,123,0.3983135072776349,True,4096,85497375d523f70b566ec01c5da04796afe02d4640334dc033d8d61f3fccd859,4324b0ebbcfa7a75b1ac92e5d1dd2efc4d0e52462d8f0500a02c5b151290e627,/path/to/Diffusion-TS/Utils/predictive_metric.py,304.534805059433,0
Diffusion-TS,Energy,256,0,100001,context_fid,0,1.9418000715163226,True,4096,85497375d523f70b566ec01c5da04796afe02d4640334dc033d8d61f3fccd859,1244e75109996c20886e009e1e0e250945e09f062de82f8f0043aed3a0fe8fb9,/path/to/PETS-FFT-Ablation/results/final_unconditional_main_v1/evaluators/Energy/T256/ts2vec_seed_0.pt,1.661792278289795,2
Diffusion-TS,Energy,256,0,100001,context_fid,42,1.5467013430838292,True,4096,85497375d523f70b566ec01c5da04796afe02d4640334dc033d8d61f3fccd859,1244e75109996c20886e009e1e0e250945e09f062de82f8f0043aed3a0fe8fb9,/path/to/PETS-FFT-Ablation/results/final_unconditional_main_v1/evaluators/Energy/T256/ts2vec_seed_42.pt,1.551842451095581,1
Diffusion-TS,Energy,256,0,100001,context_fid,123,1.6682312400891526,True,4096,85497375d523f70b566ec01c5da04796afe02d4640334dc033d8d61f3fccd859,1244e75109996c20886e009e1e0e250945e09f062de82f8f0043aed3a0fe8fb9,/path/to/PETS-FFT-Ablation/results/final_unconditional_main_v1/evaluators/Energy/T256/ts2vec_seed_123.pt,1.5798602104187012,2
Diffusion-TS,Energy,256,0,100001,correlation_score,-1,1.311896800994873,True,4096,85497375d523f70b566ec01c5da04796afe02d4640334dc033d8d61f3fccd859,1244e75109996c20886e009e1e0e250945e09f062de82f8f0043aed3a0fe8fb9,/path/to/Diffusion-TS/Utils/cross_correlation.py,1.4657211303710938,1
Diffusion-TS,Energy,256,0,100001,discriminative_score,0,0.48353658536585364,True,4096,85497375d523f70b566ec01c5da04796afe02d4640334dc033d8d61f3fccd859,1244e75109996c20886e009e1e0e250945e09f062de82f8f0043aed3a0fe8fb9,/path/to/Diffusion-TS/Utils/discriminative_metric.py,140.31387376785278,1
Diffusion-TS,Energy,256,0,100001,discriminative_score,42,0.48048780487804876,True,4096,85497375d523f70b566ec01c5da04796afe02d4640334dc033d8d61f3fccd859,1244e75109996c20886e009e1e0e250945e09f062de82f8f0043aed3a0fe8fb9,/path/to/Diffusion-TS/Utils/discriminative_metric.py,146.82314825057983,2
Diffusion-TS,Energy,256,0,100001,discriminative_score,123,0.4871951219512195,True,4096,85497375d523f70b566ec01c5da04796afe02d4640334dc033d8d61f3fccd859,1244e75109996c20886e009e1e0e250945e09f062de82f8f0043aed3a0fe8fb9,/path/to/Diffusion-TS/Utils/discriminative_metric.py,140.46204900741577,0
Diffusion-TS,Energy,256,0,100001,predictive_score,0,0.3966844908063649,True,4096,85497375d523f70b566ec01c5da04796afe02d4640334dc033d8d61f3fccd859,1244e75109996c20886e009e1e0e250945e09f062de82f8f0043aed3a0fe8fb9,/path/to/Diffusion-TS/Utils/predictive_metric.py,302.51244020462036,1
Diffusion-TS,Energy,256,0,100001,predictive_score,42,0.39148059665603796,True,4096,85497375d523f70b566ec01c5da04796afe02d4640334dc033d8d61f3fccd859,1244e75109996c20886e009e1e0e250945e09f062de82f8f0043aed3a0fe8fb9,/path/to/Diffusion-TS/Utils/predictive_metric.py,305.4382338523865,0
Diffusion-TS,Energy,256,0,100001,predictive_score,123,0.4036957381758839,True,4096,85497375d523f70b566ec01c5da04796afe02d4640334dc033d8d61f3fccd859,1244e75109996c20886e009e1e0e250945e09f062de82f8f0043aed3a0fe8fb9,/path/to/Diffusion-TS/Utils/predictive_metric.py,304.3173358440399,2
Diffusion-TS,Energy,256,0,100002,context_fid,0,1.9324049161354435,True,4096,85497375d523f70b566ec01c5da04796afe02d4640334dc033d8d61f3fccd859,bc034830620b9472fba3c2fb6d45245a0d47cba64a4ff1af0dec22ace37a334e,/path/to/PETS-FFT-Ablation/results/final_unconditional_main_v1/evaluators/Energy/T256/ts2vec_seed_0.pt,1.5460906028747559,1
Diffusion-TS,Energy,256,0,100002,context_fid,42,1.5485441990908204,True,4096,85497375d523f70b566ec01c5da04796afe02d4640334dc033d8d61f3fccd859,bc034830620b9472fba3c2fb6d45245a0d47cba64a4ff1af0dec22ace37a334e,/path/to/PETS-FFT-Ablation/results/final_unconditional_main_v1/evaluators/Energy/T256/ts2vec_seed_42.pt,1.643277883529663,1
Diffusion-TS,Energy,256,0,100002,context_fid,123,1.6854825511851212,True,4096,85497375d523f70b566ec01c5da04796afe02d4640334dc033d8d61f3fccd859,bc034830620b9472fba3c2fb6d45245a0d47cba64a4ff1af0dec22ace37a334e,/path/to/PETS-FFT-Ablation/results/final_unconditional_main_v1/evaluators/Energy/T256/ts2vec_seed_123.pt,1.5105791091918945,1
Diffusion-TS,Energy,256,0,100002,correlation_score,-1,1.271728754043579,True,4096,85497375d523f70b566ec01c5da04796afe02d4640334dc033d8d61f3fccd859,bc034830620b9472fba3c2fb6d45245a0d47cba64a4ff1af0dec22ace37a334e,/path/to/Diffusion-TS/Utils/cross_correlation.py,1.4437735080718994,1
Diffusion-TS,Energy,256,0,100002,discriminative_score,0,0.473780487804878,True,4096,85497375d523f70b566ec01c5da04796afe02d4640334dc033d8d61f3fccd859,bc034830620b9472fba3c2fb6d45245a0d47cba64a4ff1af0dec22ace37a334e,/path/to/Diffusion-TS/Utils/discriminative_metric.py,146.79604268074036,1
Diffusion-TS,Energy,256,0,100002,discriminative_score,42,0.47073170731707314,True,4096,85497375d523f70b566ec01c5da04796afe02d4640334dc033d8d61f3fccd859,bc034830620b9472fba3c2fb6d45245a0d47cba64a4ff1af0dec22ace37a334e,/path/to/Diffusion-TS/Utils/discriminative_metric.py,147.0559651851654,0
Diffusion-TS,Energy,256,0,100002,discriminative_score,123,0.4920731707317073,True,4096,85497375d523f70b566ec01c5da04796afe02d4640334dc033d8d61f3fccd859,bc034830620b9472fba3c2fb6d45245a0d47cba64a4ff1af0dec22ace37a334e,/path/to/Diffusion-TS/Utils/discriminative_metric.py,146.86998391151428,2
Diffusion-TS,Energy,256,0,100002,predictive_score,0,0.3963689789088676,True,4096,85497375d523f70b566ec01c5da04796afe02d4640334dc033d8d61f3fccd859,bc034830620b9472fba3c2fb6d45245a0d47cba64a4ff1af0dec22ace37a334e,/path/to/Diffusion-TS/Utils/predictive_metric.py,304.54833483695984,1
Diffusion-TS,Energy,256,0,100002,predictive_score,42,0.37673911725141807,True,4096,85497375d523f70b566ec01c5da04796afe02d4640334dc033d8d61f3fccd859,bc034830620b9472fba3c2fb6d45245a0d47cba64a4ff1af0dec22ace37a334e,/path/to/Diffusion-TS/Utils/predictive_metric.py,304.0593571662903,0
Diffusion-TS,Energy,256,0,100002,predictive_score,123,0.40470848314726027,True,4096,85497375d523f70b566ec01c5da04796afe02d4640334dc033d8d61f3fccd859,bc034830620b9472fba3c2fb6d45245a0d47cba64a4ff1af0dec22ace37a334e,/path/to/Diffusion-TS/Utils/predictive_metric.py,302.8339567184448,2
Diffusion-TS,Energy,256,0,100003,context_fid,0,1.9297359349263001,True,4096,85497375d523f70b566ec01c5da04796afe02d4640334dc033d8d61f3fccd859,d4b17754bb8c847aab25c1998ab42eb98c2078c237d6e56804319f4f81700803,/path/to/PETS-FFT-Ablation/results/final_unconditional_main_v1/evaluators/Energy/T256/ts2vec_seed_0.pt,1.4090795516967773,0
Diffusion-TS,Energy,256,0,100003,context_fid,42,1.538093806329334,True,4096,85497375d523f70b566ec01c5da04796afe02d4640334dc033d8d61f3fccd859,d4b17754bb8c847aab25c1998ab42eb98c2078c237d6e56804319f4f81700803,/path/to/PETS-FFT-Ablation/results/final_unconditional_main_v1/evaluators/Energy/T256/ts2vec_seed_42.pt,1.6350817680358887,2
Diffusion-TS,Energy,256,0,100003,context_fid,123,1.6626428222007361,True,4096,85497375d523f70b566ec01c5da04796afe02d4640334dc033d8d61f3fccd859,d4b17754bb8c847aab25c1998ab42eb98c2078c237d6e56804319f4f81700803,/path/to/PETS-FFT-Ablation/results/final_unconditional_main_v1/evaluators/Energy/T256/ts2vec_seed_123.pt,1.579847812652588,1
Diffusion-TS,Energy,256,0,100003,correlation_score,-1,1.2604900598526,True,4096,85497375d523f70b566ec01c5da04796afe02d4640334dc033d8d61f3fccd859,d4b17754bb8c847aab25c1998ab42eb98c2078c237d6e56804319f4f81700803,/path/to/Diffusion-TS/Utils/cross_correlation.py,1.4279046058654785,1
Diffusion-TS,Energy,256,0,100003,discriminative_score,0,0.4841463414634146,True,4096,85497375d523f70b566ec01c5da04796afe02d4640334dc033d8d61f3fccd859,d4b17754bb8c847aab25c1998ab42eb98c2078c237d6e56804319f4f81700803,/path/to/Diffusion-TS/Utils/discriminative_metric.py,146.28704595565796,0
Diffusion-TS,Energy,256,0,100003,discriminative_score,42,0.4664634146341463,True,4096,85497375d523f70b566ec01c5da04796afe02d4640334dc033d8d61f3fccd859,d4b17754bb8c847aab25c1998ab42eb98c2078c237d6e56804319f4f81700803,/path/to/Diffusion-TS/Utils/discriminative_metric.py,136.9845745563507,1
Diffusion-TS,Energy,256,0,100003,discriminative_score,123,0.48597560975609755,True,4096,85497375d523f70b566ec01c5da04796afe02d4640334dc033d8d61f3fccd859,d4b17754bb8c847aab25c1998ab42eb98c2078c237d6e56804319f4f81700803,/path/to/Diffusion-TS/Utils/discriminative_metric.py,146.23052978515625,2
Diffusion-TS,Energy,256,0,100003,predictive_score,0,0.39570498991088243,True,4096,85497375d523f70b566ec01c5da04796afe02d4640334dc033d8d61f3fccd859,d4b17754bb8c847aab25c1998ab42eb98c2078c237d6e56804319f4f81700803,/path/to/Diffusion-TS/Utils/predictive_metric.py,303.6306402683258,1
Diffusion-TS,Energy,256,0,100003,predictive_score,42,0.4027687168781995,True,4096,85497375d523f70b566ec01c5da04796afe02d4640334dc033d8d61f3fccd859,d4b17754bb8c847aab25c1998ab42eb98c2078c237d6e56804319f4f81700803,/path/to/Diffusion-TS/Utils/predictive_metric.py,302.8850791454315,0
Diffusion-TS,Energy,256,0,100003,predictive_score,123,0.4054466515153763,True,4096,85497375d523f70b566ec01c5da04796afe02d4640334dc033d8d61f3fccd859,d4b17754bb8c847aab25c1998ab42eb98c2078c237d6e56804319f4f81700803,/path/to/Diffusion-TS/Utils/predictive_metric.py,301.05147194862366,2
Diffusion-TS,Energy,256,0,100004,context_fid,0,1.9396589254024779,True,4096,85497375d523f70b566ec01c5da04796afe02d4640334dc033d8d61f3fccd859,fa44d0e575948cad899a2c28480bc77dee171b2ee48bd5cd9693ef4fa0af94af,/path/to/PETS-FFT-Ablation/results/final_unconditional_main_v1/evaluators/Energy/T256/ts2vec_seed_0.pt,1.5916476249694824,1
Diffusion-TS,Energy,256,0,100004,context_fid,42,1.5576943352959118,True,4096,85497375d523f70b566ec01c5da04796afe02d4640334dc033d8d61f3fccd859,fa44d0e575948cad899a2c28480bc77dee171b2ee48bd5cd9693ef4fa0af94af,/path/to/PETS-FFT-Ablation/results/final_unconditional_main_v1/evaluators/Energy/T256/ts2vec_seed_42.pt,1.572525978088379,1
Diffusion-TS,Energy,256,0,100004,context_fid,123,1.6604407644753492,True,4096,85497375d523f70b566ec01c5da04796afe02d4640334dc033d8d61f3fccd859,fa44d0e575948cad899a2c28480bc77dee171b2ee48bd5cd9693ef4fa0af94af,/path/to/PETS-FFT-Ablation/results/final_unconditional_main_v1/evaluators/Energy/T256/ts2vec_seed_123.pt,1.5672075748443604,1
Diffusion-TS,Energy,256,0,100004,correlation_score,-1,1.2584354877471924,True,4096,85497375d523f70b566ec01c5da04796afe02d4640334dc033d8d61f3fccd859,fa44d0e575948cad899a2c28480bc77dee171b2ee48bd5cd9693ef4fa0af94af,/path/to/Diffusion-TS/Utils/cross_correlation.py,1.4315130710601807,1
Diffusion-TS,Energy,256,0,100004,discriminative_score,0,0.48902439024390243,True,4096,85497375d523f70b566ec01c5da04796afe02d4640334dc033d8d61f3fccd859,fa44d0e575948cad899a2c28480bc77dee171b2ee48bd5cd9693ef4fa0af94af,/path/to/Diffusion-TS/Utils/discriminative_metric.py,138.1838891506195,1
Diffusion-TS,Energy,256,0,100004,discriminative_score,42,0.47804878048780486,True,4096,85497375d523f70b566ec01c5da04796afe02d4640334dc033d8d61f3fccd859,fa44d0e575948cad899a2c28480bc77dee171b2ee48bd5cd9693ef4fa0af94af,/path/to/Diffusion-TS/Utils/discriminative_metric.py,147.21533584594727,2
Diffusion-TS,Energy,256,0,100004,discriminative_score,123,0.4878048780487805,True,4096,85497375d523f70b566ec01c5da04796afe02d4640334dc033d8d61f3fccd859,fa44d0e575948cad899a2c28480bc77dee171b2ee48bd5cd9693ef4fa0af94af,/path/to/Diffusion-TS/Utils/discriminative_metric.py,137.3889286518097,0
Diffusion-TS,Energy,256,0,100004,predictive_score,0,0.39616780808137264,True,4096,85497375d523f70b566ec01c5da04796afe02d4640334dc033d8d61f3fccd859,fa44d0e575948cad899a2c28480bc77dee171b2ee48bd5cd9693ef4fa0af94af,/path/to/Diffusion-TS/Utils/predictive_metric.py,302.7233738899231,1
Diffusion-TS,Energy,256,0,100004,predictive_score,42,0.3934755492518889,True,4096,85497375d523f70b566ec01c5da04796afe02d4640334dc033d8d61f3fccd859,fa44d0e575948cad899a2c28480bc77dee171b2ee48bd5cd9693ef4fa0af94af,/path/to/Diffusion-TS/Utils/predictive_metric.py,304.46965622901917,0
Diffusion-TS,Energy,256,0,100004,predictive_score,123,0.406196774696582,True,4096,85497375d523f70b566ec01c5da04796afe02d4640334dc033d8d61f3fccd859,fa44d0e575948cad899a2c28480bc77dee171b2ee48bd5cd9693ef4fa0af94af,/path/to/Diffusion-TS/Utils/predictive_metric.py,305.3853702545166,2
Diffusion-TS,Energy,256,42,100000,context_fid,0,2.0445909140067893,True,4096,85497375d523f70b566ec01c5da04796afe02d4640334dc033d8d61f3fccd859,7d3b7d779f3043253da56dc781b53c7059c49933ff3e7d5ad0e06d82824a6a46,/path/to/PETS-FFT-Ablation/results/final_unconditional_main_v1/evaluators/Energy/T256/ts2vec_seed_0.pt,1.4808402061462402,1
Diffusion-TS,Energy,256,42,100000,context_fid,42,1.6898034245435931,True,4096,85497375d523f70b566ec01c5da04796afe02d4640334dc033d8d61f3fccd859,7d3b7d779f3043253da56dc781b53c7059c49933ff3e7d5ad0e06d82824a6a46,/path/to/PETS-FFT-Ablation/results/final_unconditional_main_v1/evaluators/Energy/T256/ts2vec_seed_42.pt,1.590299367904663,1
Diffusion-TS,Energy,256,42,100000,context_fid,123,1.7096423007222534,True,4096,85497375d523f70b566ec01c5da04796afe02d4640334dc033d8d61f3fccd859,7d3b7d779f3043253da56dc781b53c7059c49933ff3e7d5ad0e06d82824a6a46,/path/to/PETS-FFT-Ablation/results/final_unconditional_main_v1/evaluators/Energy/T256/ts2vec_seed_123.pt,1.5030150413513184,0
Diffusion-TS,Energy,256,42,100000,correlation_score,-1,1.1623371839523315,True,4096,85497375d523f70b566ec01c5da04796afe02d4640334dc033d8d61f3fccd859,7d3b7d779f3043253da56dc781b53c7059c49933ff3e7d5ad0e06d82824a6a46,/path/to/Diffusion-TS/Utils/cross_correlation.py,1.4337608814239502,1
Diffusion-TS,Energy,256,42,100000,discriminative_score,0,0.3774390243902439,True,4096,85497375d523f70b566ec01c5da04796afe02d4640334dc033d8d61f3fccd859,7d3b7d779f3043253da56dc781b53c7059c49933ff3e7d5ad0e06d82824a6a46,/path/to/Diffusion-TS/Utils/discriminative_metric.py,140.8377091884613,0
Diffusion-TS,Energy,256,42,100000,discriminative_score,42,0.46036585365853655,True,4096,85497375d523f70b566ec01c5da04796afe02d4640334dc033d8d61f3fccd859,7d3b7d779f3043253da56dc781b53c7059c49933ff3e7d5ad0e06d82824a6a46,/path/to/Diffusion-TS/Utils/discriminative_metric.py,146.36002278327942,1
Diffusion-TS,Energy,256,42,100000,discriminative_score,123,0.49146341463414633,True,4096,85497375d523f70b566ec01c5da04796afe02d4640334dc033d8d61f3fccd859,7d3b7d779f3043253da56dc781b53c7059c49933ff3e7d5ad0e06d82824a6a46,/path/to/Diffusion-TS/Utils/discriminative_metric.py,147.78465032577515,2
Diffusion-TS,Energy,256,42,100000,predictive_score,0,0.39983416470931843,True,4096,85497375d523f70b566ec01c5da04796afe02d4640334dc033d8d61f3fccd859,7d3b7d779f3043253da56dc781b53c7059c49933ff3e7d5ad0e06d82824a6a46,/path/to/Diffusion-TS/Utils/predictive_metric.py,305.5980839729309,0
Diffusion-TS,Energy,256,42,100000,predictive_score,42,0.39904233875859063,True,4096,85497375d523f70b566ec01c5da04796afe02d4640334dc033d8d61f3fccd859,7d3b7d779f3043253da56dc781b53c7059c49933ff3e7d5ad0e06d82824a6a46,/path/to/Diffusion-TS/Utils/predictive_metric.py,307.2272524833679,1
Diffusion-TS,Energy,256,42,100000,predictive_score,123,0.39896795729146106,True,4096,85497375d523f70b566ec01c5da04796afe02d4640334dc033d8d61f3fccd859,7d3b7d779f3043253da56dc781b53c7059c49933ff3e7d5ad0e06d82824a6a46,/path/to/Diffusion-TS/Utils/predictive_metric.py,306.33773851394653,2
Diffusion-TS,Energy,256,42,100001,context_fid,0,2.0402843914321775,True,4096,85497375d523f70b566ec01c5da04796afe02d4640334dc033d8d61f3fccd859,d5559b5ab3ca4ec92da0be7eff31a477ab0c1f8fdcd5d9035eeddc0016a3300e,/path/to/PETS-FFT-Ablation/results/final_unconditional_main_v1/evaluators/Energy/T256/ts2vec_seed_0.pt,1.7042012214660645,0
Diffusion-TS,Energy,256,42,100001,context_fid,42,1.6707421914135296,True,4096,85497375d523f70b566ec01c5da04796afe02d4640334dc033d8d61f3fccd859,d5559b5ab3ca4ec92da0be7eff31a477ab0c1f8fdcd5d9035eeddc0016a3300e,/path/to/PETS-FFT-Ablation/results/final_unconditional_main_v1/evaluators/Energy/T256/ts2vec_seed_42.pt,1.50431227684021,0
Diffusion-TS,Energy,256,42,100001,context_fid,123,1.7051292698030496,True,4096,85497375d523f70b566ec01c5da04796afe02d4640334dc033d8d61f3fccd859,d5559b5ab3ca4ec92da0be7eff31a477ab0c1f8fdcd5d9035eeddc0016a3300e,/path/to/PETS-FFT-Ablation/results/final_unconditional_main_v1/evaluators/Energy/T256/ts2vec_seed_123.pt,1.5360538959503174,0
Diffusion-TS,Energy,256,42,100001,correlation_score,-1,1.1780929565429688,True,4096,85497375d523f70b566ec01c5da04796afe02d4640334dc033d8d61f3fccd859,d5559b5ab3ca4ec92da0be7eff31a477ab0c1f8fdcd5d9035eeddc0016a3300e,/path/to/Diffusion-TS/Utils/cross_correlation.py,1.4588987827301025,0
Diffusion-TS,Energy,256,42,100001,discriminative_score,0,0.46585365853658534,True,4096,85497375d523f70b566ec01c5da04796afe02d4640334dc033d8d61f3fccd859,d5559b5ab3ca4ec92da0be7eff31a477ab0c1f8fdcd5d9035eeddc0016a3300e,/path/to/Diffusion-TS/Utils/discriminative_metric.py,146.59388947486877,0
Diffusion-TS,Energy,256,42,100001,discriminative_score,42,0.4365853658536586,True,4096,85497375d523f70b566ec01c5da04796afe02d4640334dc033d8d61f3fccd859,d5559b5ab3ca4ec92da0be7eff31a477ab0c1f8fdcd5d9035eeddc0016a3300e,/path/to/Diffusion-TS/Utils/discriminative_metric.py,146.4475429058075,1
Diffusion-TS,Energy,256,42,100001,discriminative_score,123,0.4926829268292683,True,4096,85497375d523f70b566ec01c5da04796afe02d4640334dc033d8d61f3fccd859,d5559b5ab3ca4ec92da0be7eff31a477ab0c1f8fdcd5d9035eeddc0016a3300e,/path/to/Diffusion-TS/Utils/discriminative_metric.py,146.84225487709045,2
Diffusion-TS,Energy,256,42,100001,predictive_score,0,0.394115175207844,True,4096,85497375d523f70b566ec01c5da04796afe02d4640334dc033d8d61f3fccd859,d5559b5ab3ca4ec92da0be7eff31a477ab0c1f8fdcd5d9035eeddc0016a3300e,/path/to/Diffusion-TS/Utils/predictive_metric.py,303.55516624450684,0
Diffusion-TS,Energy,256,42,100001,predictive_score,42,0.3932719990989426,True,4096,85497375d523f70b566ec01c5da04796afe02d4640334dc033d8d61f3fccd859,d5559b5ab3ca4ec92da0be7eff31a477ab0c1f8fdcd5d9035eeddc0016a3300e,/path/to/Diffusion-TS/Utils/predictive_metric.py,302.9101791381836,1
Diffusion-TS,Energy,256,42,100001,predictive_score,123,0.39199562896828866,True,4096,85497375d523f70b566ec01c5da04796afe02d4640334dc033d8d61f3fccd859,d5559b5ab3ca4ec92da0be7eff31a477ab0c1f8fdcd5d9035eeddc0016a3300e,/path/to/Diffusion-TS/Utils/predictive_metric.py,304.565687417984,2
Diffusion-TS,Energy,256,42,100002,context_fid,0,2.0577915599846293,True,4096,85497375d523f70b566ec01c5da04796afe02d4640334dc033d8d61f3fccd859,8ff69c54c46ac0e5a12e4faf44d889e1e117365c88c346c8730224a5bb3f1368,/path/to/PETS-FFT-Ablation/results/final_unconditional_main_v1/evaluators/Energy/T256/ts2vec_seed_0.pt,1.5043020248413086,1
Diffusion-TS,Energy,256,42,100002,context_fid,42,1.6872148261617632,True,4096,85497375d523f70b566ec01c5da04796afe02d4640334dc033d8d61f3fccd859,8ff69c54c46ac0e5a12e4faf44d889e1e117365c88c346c8730224a5bb3f1368,/path/to/PETS-FFT-Ablation/results/final_unconditional_main_v1/evaluators/Energy/T256/ts2vec_seed_42.pt,1.583810567855835,0
Diffusion-TS,Energy,256,42,100002,context_fid,123,1.7176807246883001,True,4096,85497375d523f70b566ec01c5da04796afe02d4640334dc033d8d61f3fccd859,8ff69c54c46ac0e5a12e4faf44d889e1e117365c88c346c8730224a5bb3f1368,/path/to/PETS-FFT-Ablation/results/final_unconditional_main_v1/evaluators/Energy/T256/ts2vec_seed_123.pt,1.6067240238189697,1
Diffusion-TS,Energy,256,42,100002,correlation_score,-1,1.1852506399154663,True,4096,85497375d523f70b566ec01c5da04796afe02d4640334dc033d8d61f3fccd859,8ff69c54c46ac0e5a12e4faf44d889e1e117365c88c346c8730224a5bb3f1368,/path/to/Diffusion-TS/Utils/cross_correlation.py,1.4527220726013184,0
Diffusion-TS,Energy,256,42,100002,discriminative_score,0,0.4646341463414634,True,4096,85497375d523f70b566ec01c5da04796afe02d4640334dc033d8d61f3fccd859,8ff69c54c46ac0e5a12e4faf44d889e1e117365c88c346c8730224a5bb3f1368,/path/to/Diffusion-TS/Utils/discriminative_metric.py,139.05048966407776,0
Diffusion-TS,Energy,256,42,100002,discriminative_score,42,0.46341463414634143,True,4096,85497375d523f70b566ec01c5da04796afe02d4640334dc033d8d61f3fccd859,8ff69c54c46ac0e5a12e4faf44d889e1e117365c88c346c8730224a5bb3f1368,/path/to/Diffusion-TS/Utils/discriminative_metric.py,138.39779567718506,1
Diffusion-TS,Energy,256,42,100002,discriminative_score,123,0.49146341463414633,True,4096,85497375d523f70b566ec01c5da04796afe02d4640334dc033d8d61f3fccd859,8ff69c54c46ac0e5a12e4faf44d889e1e117365c88c346c8730224a5bb3f1368,/path/to/Diffusion-TS/Utils/discriminative_metric.py,139.56817317008972,2
Diffusion-TS,Energy,256,42,100002,predictive_score,0,0.3997348499033251,True,4096,85497375d523f70b566ec01c5da04796afe02d4640334dc033d8d61f3fccd859,8ff69c54c46ac0e5a12e4faf44d889e1e117365c88c346c8730224a5bb3f1368,/path/to/Diffusion-TS/Utils/predictive_metric.py,305.8112449645996,1
Diffusion-TS,Energy,256,42,100002,predictive_score,42,0.3958283850806765,True,4096,85497375d523f70b566ec01c5da04796afe02d4640334dc033d8d61f3fccd859,8ff69c54c46ac0e5a12e4faf44d889e1e117365c88c346c8730224a5bb3f1368,/path/to/Diffusion-TS/Utils/predictive_metric.py,305.39285922050476,0
Diffusion-TS,Energy,256,42,100002,predictive_score,123,0.3956356288617826,True,4096,85497375d523f70b566ec01c5da04796afe02d4640334dc033d8d61f3fccd859,8ff69c54c46ac0e5a12e4faf44d889e1e117365c88c346c8730224a5bb3f1368,/path/to/Diffusion-TS/Utils/predictive_metric.py,304.6407768726349,2
Diffusion-TS,Energy,256,42,100003,context_fid,0,2.0855884496440535,True,4096,85497375d523f70b566ec01c5da04796afe02d4640334dc033d8d61f3fccd859,fff9f293872ec8f421d9bc28179a147d49fc96f941c202492eaaebdc7f6d2a9e,/path/to/PETS-FFT-Ablation/results/final_unconditional_main_v1/evaluators/Energy/T256/ts2vec_seed_0.pt,1.576493501663208,1
Diffusion-TS,Energy,256,42,100003,context_fid,42,1.7187716620728795,True,4096,85497375d523f70b566ec01c5da04796afe02d4640334dc033d8d61f3fccd859,fff9f293872ec8f421d9bc28179a147d49fc96f941c202492eaaebdc7f6d2a9e,/path/to/PETS-FFT-Ablation/results/final_unconditional_main_v1/evaluators/Energy/T256/ts2vec_seed_42.pt,1.6902320384979248,0
Diffusion-TS,Energy,256,42,100003,context_fid,123,1.7338287328710549,True,4096,85497375d523f70b566ec01c5da04796afe02d4640334dc033d8d61f3fccd859,fff9f293872ec8f421d9bc28179a147d49fc96f941c202492eaaebdc7f6d2a9e,/path/to/PETS-FFT-Ablation/results/final_unconditional_main_v1/evaluators/Energy/T256/ts2vec_seed_123.pt,1.6422157287597656,1
Diffusion-TS,Energy,256,42,100003,correlation_score,-1,1.1630923748016357,True,4096,85497375d523f70b566ec01c5da04796afe02d4640334dc033d8d61f3fccd859,fff9f293872ec8f421d9bc28179a147d49fc96f941c202492eaaebdc7f6d2a9e,/path/to/Diffusion-TS/Utils/cross_correlation.py,1.4633221626281738,0
Diffusion-TS,Energy,256,42,100003,discriminative_score,0,0.323780487804878,True,4096,85497375d523f70b566ec01c5da04796afe02d4640334dc033d8d61f3fccd859,fff9f293872ec8f421d9bc28179a147d49fc96f941c202492eaaebdc7f6d2a9e,/path/to/Diffusion-TS/Utils/discriminative_metric.py,147.92800164222717,0
Diffusion-TS,Energy,256,42,100003,discriminative_score,42,0.4689024390243902,True,4096,85497375d523f70b566ec01c5da04796afe02d4640334dc033d8d61f3fccd859,fff9f293872ec8f421d9bc28179a147d49fc96f941c202492eaaebdc7f6d2a9e,/path/to/Diffusion-TS/Utils/discriminative_metric.py,138.49240040779114,1
Diffusion-TS,Energy,256,42,100003,discriminative_score,123,0.49573170731707317,True,4096,85497375d523f70b566ec01c5da04796afe02d4640334dc033d8d61f3fccd859,fff9f293872ec8f421d9bc28179a147d49fc96f941c202492eaaebdc7f6d2a9e,/path/to/Diffusion-TS/Utils/discriminative_metric.py,148.3900294303894,2
Diffusion-TS,Energy,256,42,100003,predictive_score,0,0.3917326597729698,True,4096,85497375d523f70b566ec01c5da04796afe02d4640334dc033d8d61f3fccd859,fff9f293872ec8f421d9bc28179a147d49fc96f941c202492eaaebdc7f6d2a9e,/path/to/Diffusion-TS/Utils/predictive_metric.py,304.90266942977905,1
Diffusion-TS,Energy,256,42,100003,predictive_score,42,0.394988508473034,True,4096,85497375d523f70b566ec01c5da04796afe02d4640334dc033d8d61f3fccd859,fff9f293872ec8f421d9bc28179a147d49fc96f941c202492eaaebdc7f6d2a9e,/path/to/Diffusion-TS/Utils/predictive_metric.py,305.8084452152252,0
Diffusion-TS,Energy,256,42,100003,predictive_score,123,0.39635072880628286,True,4096,85497375d523f70b566ec01c5da04796afe02d4640334dc033d8d61f3fccd859,fff9f293872ec8f421d9bc28179a147d49fc96f941c202492eaaebdc7f6d2a9e,/path/to/Diffusion-TS/Utils/predictive_metric.py,305.05601978302,2
Diffusion-TS,Energy,256,42,100004,context_fid,0,2.0381924894551684,True,4096,85497375d523f70b566ec01c5da04796afe02d4640334dc033d8d61f3fccd859,a12c903027b821cc5b312f3e8ed2dd4baef24db50bfbde5742bdd8238d05be6d,/path/to/PETS-FFT-Ablation/results/final_unconditional_main_v1/evaluators/Energy/T256/ts2vec_seed_0.pt,1.537327766418457,1
Diffusion-TS,Energy,256,42,100004,context_fid,42,1.6846695933218598,True,4096,85497375d523f70b566ec01c5da04796afe02d4640334dc033d8d61f3fccd859,a12c903027b821cc5b312f3e8ed2dd4baef24db50bfbde5742bdd8238d05be6d,/path/to/PETS-FFT-Ablation/results/final_unconditional_main_v1/evaluators/Energy/T256/ts2vec_seed_42.pt,1.528266191482544,1
Diffusion-TS,Energy,256,42,100004,context_fid,123,1.7080062773517055,True,4096,85497375d523f70b566ec01c5da04796afe02d4640334dc033d8d61f3fccd859,a12c903027b821cc5b312f3e8ed2dd4baef24db50bfbde5742bdd8238d05be6d,/path/to/PETS-FFT-Ablation/results/final_unconditional_main_v1/evaluators/Energy/T256/ts2vec_seed_123.pt,1.5393648147583008,1
Diffusion-TS,Energy,256,42,100004,correlation_score,-1,1.1929447650909424,True,4096,85497375d523f70b566ec01c5da04796afe02d4640334dc033d8d61f3fccd859,a12c903027b821cc5b312f3e8ed2dd4baef24db50bfbde5742bdd8238d05be6d,/path/to/Diffusion-TS/Utils/cross_correlation.py,1.4455108642578125,1
Diffusion-TS,Energy,256,42,100004,discriminative_score,0,0.4646341463414634,True,4096,85497375d523f70b566ec01c5da04796afe02d4640334dc033d8d61f3fccd859,a12c903027b821cc5b312f3e8ed2dd4baef24db50bfbde5742bdd8238d05be6d,/path/to/Diffusion-TS/Utils/discriminative_metric.py,139.93154335021973,1
Diffusion-TS,Energy,256,42,100004,discriminative_score,42,0.46829268292682924,True,4096,85497375d523f70b566ec01c5da04796afe02d4640334dc033d8d61f3fccd859,a12c903027b821cc5b312f3e8ed2dd4baef24db50bfbde5742bdd8238d05be6d,/path/to/Diffusion-TS/Utils/discriminative_metric.py,147.2280466556549,0
Diffusion-TS,Energy,256,42,100004,discriminative_score,123,0.49085365853658536,True,4096,85497375d523f70b566ec01c5da04796afe02d4640334dc033d8d61f3fccd859,a12c903027b821cc5b312f3e8ed2dd4baef24db50bfbde5742bdd8238d05be6d,/path/to/Diffusion-TS/Utils/discriminative_metric.py,148.08656668663025,2
Diffusion-TS,Energy,256,42,100004,predictive_score,0,0.393781410275551,True,4096,85497375d523f70b566ec01c5da04796afe02d4640334dc033d8d61f3fccd859,a12c903027b821cc5b312f3e8ed2dd4baef24db50bfbde5742bdd8238d05be6d,/path/to/Diffusion-TS/Utils/predictive_metric.py,305.29155564308167,1
Diffusion-TS,Energy,256,42,100004,predictive_score,42,0.39751937991240993,True,4096,85497375d523f70b566ec01c5da04796afe02d4640334dc033d8d61f3fccd859,a12c903027b821cc5b312f3e8ed2dd4baef24db50bfbde5742bdd8238d05be6d,/path/to/Diffusion-TS/Utils/predictive_metric.py,305.0908453464508,0
Diffusion-TS,Energy,256,42,100004,predictive_score,123,0.39755734628852224,True,4096,85497375d523f70b566ec01c5da04796afe02d4640334dc033d8d61f3fccd859,a12c903027b821cc5b312f3e8ed2dd4baef24db50bfbde5742bdd8238d05be6d,/path/to/Diffusion-TS/Utils/predictive_metric.py,305.1394639015198,2
Diffusion-TS,Energy,256,123,100000,context_fid,0,1.3465093870370355,True,4096,85497375d523f70b566ec01c5da04796afe02d4640334dc033d8d61f3fccd859,b4b2f13ee711ae28ad3544fee70997b3649f2f2e79d1a130fb17d304e88f7277,/path/to/PETS-FFT-Ablation/results/final_unconditional_main_v1/evaluators/Energy/T256/ts2vec_seed_0.pt,1.5623056888580322,1
Diffusion-TS,Energy,256,123,100000,context_fid,42,0.9898783075139688,True,4096,85497375d523f70b566ec01c5da04796afe02d4640334dc033d8d61f3fccd859,b4b2f13ee711ae28ad3544fee70997b3649f2f2e79d1a130fb17d304e88f7277,/path/to/PETS-FFT-Ablation/results/final_unconditional_main_v1/evaluators/Energy/T256/ts2vec_seed_42.pt,1.5555305480957031,1
Diffusion-TS,Energy,256,123,100000,context_fid,123,1.0529477900166944,True,4096,85497375d523f70b566ec01c5da04796afe02d4640334dc033d8d61f3fccd859,b4b2f13ee711ae28ad3544fee70997b3649f2f2e79d1a130fb17d304e88f7277,/path/to/PETS-FFT-Ablation/results/final_unconditional_main_v1/evaluators/Energy/T256/ts2vec_seed_123.pt,1.6253972053527832,1
Diffusion-TS,Energy,256,123,100000,correlation_score,-1,1.1077669858932495,True,4096,85497375d523f70b566ec01c5da04796afe02d4640334dc033d8d61f3fccd859,b4b2f13ee711ae28ad3544fee70997b3649f2f2e79d1a130fb17d304e88f7277,/path/to/Diffusion-TS/Utils/cross_correlation.py,1.4900760650634766,1
Diffusion-TS,Energy,256,123,100000,discriminative_score,0,0.4439024390243902,True,4096,85497375d523f70b566ec01c5da04796afe02d4640334dc033d8d61f3fccd859,b4b2f13ee711ae28ad3544fee70997b3649f2f2e79d1a130fb17d304e88f7277,/path/to/Diffusion-TS/Utils/discriminative_metric.py,138.65156197547913,1
Diffusion-TS,Energy,256,123,100000,discriminative_score,42,0.3829268292682927,True,4096,85497375d523f70b566ec01c5da04796afe02d4640334dc033d8d61f3fccd859,b4b2f13ee711ae28ad3544fee70997b3649f2f2e79d1a130fb17d304e88f7277,/path/to/Diffusion-TS/Utils/discriminative_metric.py,139.55932903289795,0
Diffusion-TS,Energy,256,123,100000,discriminative_score,123,0.3957317073170732,True,4096,85497375d523f70b566ec01c5da04796afe02d4640334dc033d8d61f3fccd859,b4b2f13ee711ae28ad3544fee70997b3649f2f2e79d1a130fb17d304e88f7277,/path/to/Diffusion-TS/Utils/discriminative_metric.py,138.25785565376282,2
Diffusion-TS,Energy,256,123,100000,predictive_score,0,0.36928836094011785,True,4096,85497375d523f70b566ec01c5da04796afe02d4640334dc033d8d61f3fccd859,b4b2f13ee711ae28ad3544fee70997b3649f2f2e79d1a130fb17d304e88f7277,/path/to/Diffusion-TS/Utils/predictive_metric.py,304.8252387046814,1
Diffusion-TS,Energy,256,123,100000,predictive_score,42,0.357088709512027,True,4096,85497375d523f70b566ec01c5da04796afe02d4640334dc033d8d61f3fccd859,b4b2f13ee711ae28ad3544fee70997b3649f2f2e79d1a130fb17d304e88f7277,/path/to/Diffusion-TS/Utils/predictive_metric.py,306.2138261795044,0
Diffusion-TS,Energy,256,123,100000,predictive_score,123,0.3703088281690725,True,4096,85497375d523f70b566ec01c5da04796afe02d4640334dc033d8d61f3fccd859,b4b2f13ee711ae28ad3544fee70997b3649f2f2e79d1a130fb17d304e88f7277,/path/to/Diffusion-TS/Utils/predictive_metric.py,308.6971011161804,2
Diffusion-TS,Energy,256,123,100001,context_fid,0,1.4084513347862098,True,4096,85497375d523f70b566ec01c5da04796afe02d4640334dc033d8d61f3fccd859,c5d0d58a5abe36bcf24aa90794dc3476694730f1951d0521d79e587dd785e292,/path/to/PETS-FFT-Ablation/results/final_unconditional_main_v1/evaluators/Energy/T256/ts2vec_seed_0.pt,1.5594942569732666,1
Diffusion-TS,Energy,256,123,100001,context_fid,42,1.039556393368374,True,4096,85497375d523f70b566ec01c5da04796afe02d4640334dc033d8d61f3fccd859,c5d0d58a5abe36bcf24aa90794dc3476694730f1951d0521d79e587dd785e292,/path/to/PETS-FFT-Ablation/results/final_unconditional_main_v1/evaluators/Energy/T256/ts2vec_seed_42.pt,1.6085870265960693,1
Diffusion-TS,Energy,256,123,100001,context_fid,123,1.0988832634003505,True,4096,85497375d523f70b566ec01c5da04796afe02d4640334dc033d8d61f3fccd859,c5d0d58a5abe36bcf24aa90794dc3476694730f1951d0521d79e587dd785e292,/path/to/PETS-FFT-Ablation/results/final_unconditional_main_v1/evaluators/Energy/T256/ts2vec_seed_123.pt,1.5673692226409912,1
Diffusion-TS,Energy,256,123,100001,correlation_score,-1,1.1872608661651611,True,4096,85497375d523f70b566ec01c5da04796afe02d4640334dc033d8d61f3fccd859,c5d0d58a5abe36bcf24aa90794dc3476694730f1951d0521d79e587dd785e292,/path/to/Diffusion-TS/Utils/cross_correlation.py,1.4446990489959717,1
Diffusion-TS,Energy,256,123,100001,discriminative_score,0,0.4591463414634146,True,4096,85497375d523f70b566ec01c5da04796afe02d4640334dc033d8d61f3fccd859,c5d0d58a5abe36bcf24aa90794dc3476694730f1951d0521d79e587dd785e292,/path/to/Diffusion-TS/Utils/discriminative_metric.py,145.85910058021545,1
Diffusion-TS,Energy,256,123,100001,discriminative_score,42,0.37134146341463414,True,4096,85497375d523f70b566ec01c5da04796afe02d4640334dc033d8d61f3fccd859,c5d0d58a5abe36bcf24aa90794dc3476694730f1951d0521d79e587dd785e292,/path/to/Diffusion-TS/Utils/discriminative_metric.py,146.98255109786987,0
Diffusion-TS,Energy,256,123,100001,discriminative_score,123,0.4103658536585366,True,4096,85497375d523f70b566ec01c5da04796afe02d4640334dc033d8d61f3fccd859,c5d0d58a5abe36bcf24aa90794dc3476694730f1951d0521d79e587dd785e292,/path/to/Diffusion-TS/Utils/discriminative_metric.py,147.53885793685913,2
Diffusion-TS,Energy,256,123,100001,predictive_score,0,0.36535035428823903,True,4096,85497375d523f70b566ec01c5da04796afe02d4640334dc033d8d61f3fccd859,c5d0d58a5abe36bcf24aa90794dc3476694730f1951d0521d79e587dd785e292,/path/to/Diffusion-TS/Utils/predictive_metric.py,304.02426528930664,1
Diffusion-TS,Energy,256,123,100001,predictive_score,42,0.3590966944466345,True,4096,85497375d523f70b566ec01c5da04796afe02d4640334dc033d8d61f3fccd859,c5d0d58a5abe36bcf24aa90794dc3476694730f1951d0521d79e587dd785e292,/path/to/Diffusion-TS/Utils/predictive_metric.py,304.28454208374023,0
Diffusion-TS,Energy,256,123,100001,predictive_score,123,0.3702722540765535,True,4096,85497375d523f70b566ec01c5da04796afe02d4640334dc033d8d61f3fccd859,c5d0d58a5abe36bcf24aa90794dc3476694730f1951d0521d79e587dd785e292,/path/to/Diffusion-TS/Utils/predictive_metric.py,306.65355491638184,2
Diffusion-TS,Energy,256,123,100002,context_fid,0,1.3648396824043492,True,4096,85497375d523f70b566ec01c5da04796afe02d4640334dc033d8d61f3fccd859,d55e0bbd732d6f9a623c4c8d6116fc559cd5945b9cd43bd9f23f12f776b0a132,/path/to/PETS-FFT-Ablation/results/final_unconditional_main_v1/evaluators/Energy/T256/ts2vec_seed_0.pt,1.5767199993133545,1
Diffusion-TS,Energy,256,123,100002,context_fid,42,1.0068861781259657,True,4096,85497375d523f70b566ec01c5da04796afe02d4640334dc033d8d61f3fccd859,d55e0bbd732d6f9a623c4c8d6116fc559cd5945b9cd43bd9f23f12f776b0a132,/path/to/PETS-FFT-Ablation/results/final_unconditional_main_v1/evaluators/Energy/T256/ts2vec_seed_42.pt,1.6380209922790527,0
Diffusion-TS,Energy,256,123,100002,context_fid,123,1.0626012060520922,True,4096,85497375d523f70b566ec01c5da04796afe02d4640334dc033d8d61f3fccd859,d55e0bbd732d6f9a623c4c8d6116fc559cd5945b9cd43bd9f23f12f776b0a132,/path/to/PETS-FFT-Ablation/results/final_unconditional_main_v1/evaluators/Energy/T256/ts2vec_seed_123.pt,1.6841740608215332,1
Diffusion-TS,Energy,256,123,100002,correlation_score,-1,1.1464256048202515,True,4096,85497375d523f70b566ec01c5da04796afe02d4640334dc033d8d61f3fccd859,d55e0bbd732d6f9a623c4c8d6116fc559cd5945b9cd43bd9f23f12f776b0a132,/path/to/Diffusion-TS/Utils/cross_correlation.py,1.4685330390930176,1
Diffusion-TS,Energy,256,123,100002,discriminative_score,0,0.45487804878048776,True,4096,85497375d523f70b566ec01c5da04796afe02d4640334dc033d8d61f3fccd859,d55e0bbd732d6f9a623c4c8d6116fc559cd5945b9cd43bd9f23f12f776b0a132,/path/to/Diffusion-TS/Utils/discriminative_metric.py,147.93968439102173,0
Diffusion-TS,Energy,256,123,100002,discriminative_score,42,0.39207317073170733,True,4096,85497375d523f70b566ec01c5da04796afe02d4640334dc033d8d61f3fccd859,d55e0bbd732d6f9a623c4c8d6116fc559cd5945b9cd43bd9f23f12f776b0a132,/path/to/Diffusion-TS/Utils/discriminative_metric.py,137.79007172584534,1
Diffusion-TS,Energy,256,123,100002,discriminative_score,123,0.3798780487804878,True,4096,85497375d523f70b566ec01c5da04796afe02d4640334dc033d8d61f3fccd859,d55e0bbd732d6f9a623c4c8d6116fc559cd5945b9cd43bd9f23f12f776b0a132,/path/to/Diffusion-TS/Utils/discriminative_metric.py,146.85678458213806,2
Diffusion-TS,Energy,256,123,100002,predictive_score,0,0.36422001403116155,True,4096,85497375d523f70b566ec01c5da04796afe02d4640334dc033d8d61f3fccd859,d55e0bbd732d6f9a623c4c8d6116fc559cd5945b9cd43bd9f23f12f776b0a132,/path/to/Diffusion-TS/Utils/predictive_metric.py,307.701607465744,1
Diffusion-TS,Energy,256,123,100002,predictive_score,42,0.35749384698283393,True,4096,85497375d523f70b566ec01c5da04796afe02d4640334dc033d8d61f3fccd859,d55e0bbd732d6f9a623c4c8d6116fc559cd5945b9cd43bd9f23f12f776b0a132,/path/to/Diffusion-TS/Utils/predictive_metric.py,303.8006808757782,0
Diffusion-TS,Energy,256,123,100002,predictive_score,123,0.3717691850179108,True,4096,85497375d523f70b566ec01c5da04796afe02d4640334dc033d8d61f3fccd859,d55e0bbd732d6f9a623c4c8d6116fc559cd5945b9cd43bd9f23f12f776b0a132,/path/to/Diffusion-TS/Utils/predictive_metric.py,306.27960443496704,2
Diffusion-TS,Energy,256,123,100003,context_fid,0,1.3232467629047995,True,4096,85497375d523f70b566ec01c5da04796afe02d4640334dc033d8d61f3fccd859,6a0290626282f24e87c89be3c6a33138d7700cef499c82704faf19ac82092a06,/path/to/PETS-FFT-Ablation/results/final_unconditional_main_v1/evaluators/Energy/T256/ts2vec_seed_0.pt,1.5687856674194336,1
Diffusion-TS,Energy,256,123,100003,context_fid,42,0.9641767783158351,True,4096,85497375d523f70b566ec01c5da04796afe02d4640334dc033d8d61f3fccd859,6a0290626282f24e87c89be3c6a33138d7700cef499c82704faf19ac82092a06,/path/to/PETS-FFT-Ablation/results/final_unconditional_main_v1/evaluators/Energy/T256/ts2vec_seed_42.pt,1.647763967514038,1
Diffusion-TS,Energy,256,123,100003,context_fid,123,1.0507686615265752,True,4096,85497375d523f70b566ec01c5da04796afe02d4640334dc033d8d61f3fccd859,6a0290626282f24e87c89be3c6a33138d7700cef499c82704faf19ac82092a06,/path/to/PETS-FFT-Ablation/results/final_unconditional_main_v1/evaluators/Energy/T256/ts2vec_seed_123.pt,1.580984354019165,1
Diffusion-TS,Energy,256,123,100003,correlation_score,-1,1.1577889919281006,True,4096,85497375d523f70b566ec01c5da04796afe02d4640334dc033d8d61f3fccd859,6a0290626282f24e87c89be3c6a33138d7700cef499c82704faf19ac82092a06,/path/to/Diffusion-TS/Utils/cross_correlation.py,1.444615364074707,1
Diffusion-TS,Energy,256,123,100003,discriminative_score,0,0.4518292682926829,True,4096,85497375d523f70b566ec01c5da04796afe02d4640334dc033d8d61f3fccd859,6a0290626282f24e87c89be3c6a33138d7700cef499c82704faf19ac82092a06,/path/to/Diffusion-TS/Utils/discriminative_metric.py,146.0759677886963,0
Diffusion-TS,Energy,256,123,100003,discriminative_score,42,0.3951219512195122,True,4096,85497375d523f70b566ec01c5da04796afe02d4640334dc033d8d61f3fccd859,6a0290626282f24e87c89be3c6a33138d7700cef499c82704faf19ac82092a06,/path/to/Diffusion-TS/Utils/discriminative_metric.py,147.59330224990845,1
Diffusion-TS,Energy,256,123,100003,discriminative_score,123,0.4140243902439025,True,4096,85497375d523f70b566ec01c5da04796afe02d4640334dc033d8d61f3fccd859,6a0290626282f24e87c89be3c6a33138d7700cef499c82704faf19ac82092a06,/path/to/Diffusion-TS/Utils/discriminative_metric.py,137.6102499961853,2
Diffusion-TS,Energy,256,123,100003,predictive_score,0,0.36691560108738486,True,4096,85497375d523f70b566ec01c5da04796afe02d4640334dc033d8d61f3fccd859,6a0290626282f24e87c89be3c6a33138d7700cef499c82704faf19ac82092a06,/path/to/Diffusion-TS/Utils/predictive_metric.py,304.69130206108093,0
Diffusion-TS,Energy,256,123,100003,predictive_score,42,0.3645797546923859,True,4096,85497375d523f70b566ec01c5da04796afe02d4640334dc033d8d61f3fccd859,6a0290626282f24e87c89be3c6a33138d7700cef499c82704faf19ac82092a06,/path/to/Diffusion-TS/Utils/predictive_metric.py,306.1445007324219,2
Diffusion-TS,Energy,256,123,100003,predictive_score,123,0.3668620185999316,True,4096,85497375d523f70b566ec01c5da04796afe02d4640334dc033d8d61f3fccd859,6a0290626282f24e87c89be3c6a33138d7700cef499c82704faf19ac82092a06,/path/to/Diffusion-TS/Utils/predictive_metric.py,303.6342439651489,1
Diffusion-TS,Energy,256,123,100004,context_fid,0,1.4149955675000851,True,4096,85497375d523f70b566ec01c5da04796afe02d4640334dc033d8d61f3fccd859,725d2df73965ea51e3996965d36d932bfbd251366d9d59aafce85ec067fb3c72,/path/to/PETS-FFT-Ablation/results/final_unconditional_main_v1/evaluators/Energy/T256/ts2vec_seed_0.pt,1.4634795188903809,1
Diffusion-TS,Energy,256,123,100004,context_fid,42,1.0590371517064079,True,4096,85497375d523f70b566ec01c5da04796afe02d4640334dc033d8d61f3fccd859,725d2df73965ea51e3996965d36d932bfbd251366d9d59aafce85ec067fb3c72,/path/to/PETS-FFT-Ablation/results/final_unconditional_main_v1/evaluators/Energy/T256/ts2vec_seed_42.pt,1.6207795143127441,0
Diffusion-TS,Energy,256,123,100004,context_fid,123,1.116658010810164,True,4096,85497375d523f70b566ec01c5da04796afe02d4640334dc033d8d61f3fccd859,725d2df73965ea51e3996965d36d932bfbd251366d9d59aafce85ec067fb3c72,/path/to/PETS-FFT-Ablation/results/final_unconditional_main_v1/evaluators/Energy/T256/ts2vec_seed_123.pt,1.6483561992645264,2
Diffusion-TS,Energy,256,123,100004,correlation_score,-1,1.218603253364563,True,4096,85497375d523f70b566ec01c5da04796afe02d4640334dc033d8d61f3fccd859,725d2df73965ea51e3996965d36d932bfbd251366d9d59aafce85ec067fb3c72,/path/to/Diffusion-TS/Utils/cross_correlation.py,1.4533631801605225,0
Diffusion-TS,Energy,256,123,100004,discriminative_score,0,0.425609756097561,True,4096,85497375d523f70b566ec01c5da04796afe02d4640334dc033d8d61f3fccd859,725d2df73965ea51e3996965d36d932bfbd251366d9d59aafce85ec067fb3c72,/path/to/Diffusion-TS/Utils/discriminative_metric.py,147.2130148410797,1
Diffusion-TS,Energy,256,123,100004,discriminative_score,42,0.3975609756097561,True,4096,85497375d523f70b566ec01c5da04796afe02d4640334dc033d8d61f3fccd859,725d2df73965ea51e3996965d36d932bfbd251366d9d59aafce85ec067fb3c72,/path/to/Diffusion-TS/Utils/discriminative_metric.py,138.3729808330536,0
Diffusion-TS,Energy,256,123,100004,discriminative_score,123,0.4213414634146342,True,4096,85497375d523f70b566ec01c5da04796afe02d4640334dc033d8d61f3fccd859,725d2df73965ea51e3996965d36d932bfbd251366d9d59aafce85ec067fb3c72,/path/to/Diffusion-TS/Utils/discriminative_metric.py,139.5116138458252,2
Diffusion-TS,Energy,256,123,100004,predictive_score,0,0.36646658219979145,True,4096,85497375d523f70b566ec01c5da04796afe02d4640334dc033d8d61f3fccd859,725d2df73965ea51e3996965d36d932bfbd251366d9d59aafce85ec067fb3c72,/path/to/Diffusion-TS/Utils/predictive_metric.py,301.504234790802,0
Diffusion-TS,Energy,256,123,100004,predictive_score,42,0.35774674247659277,True,4096,85497375d523f70b566ec01c5da04796afe02d4640334dc033d8d61f3fccd859,725d2df73965ea51e3996965d36d932bfbd251366d9d59aafce85ec067fb3c72,/path/to/Diffusion-TS/Utils/predictive_metric.py,304.4702293872833,2
Diffusion-TS,Energy,256,123,100004,predictive_score,123,0.36948770946037257,True,4096,85497375d523f70b566ec01c5da04796afe02d4640334dc033d8d61f3fccd859,725d2df73965ea51e3996965d36d932bfbd251366d9d59aafce85ec067fb3c72,/path/to/Diffusion-TS/Utils/predictive_metric.py,303.6496922969818,1
PETS-U,Energy,256,0,100000,context_fid,0,2.362043369617913,True,4096,85497375d523f70b566ec01c5da04796afe02d4640334dc033d8d61f3fccd859,a3e7acd00bd426edfbec326fb770e04499f8fd9770c23d9a0e2f80ff0d7bdb25,/path/to/PETS-FFT-Ablation/results/final_unconditional_main_v1/evaluators/Energy/T256/ts2vec_seed_0.pt,1.549853801727295,2
PETS-U,Energy,256,0,100000,context_fid,42,1.8359606262077934,True,4096,85497375d523f70b566ec01c5da04796afe02d4640334dc033d8d61f3fccd859,a3e7acd00bd426edfbec326fb770e04499f8fd9770c23d9a0e2f80ff0d7bdb25,/path/to/PETS-FFT-Ablation/results/final_unconditional_main_v1/evaluators/Energy/T256/ts2vec_seed_42.pt,1.8775391578674316,0
PETS-U,Energy,256,0,100000,context_fid,123,2.3784660843233296,True,4096,85497375d523f70b566ec01c5da04796afe02d4640334dc033d8d61f3fccd859,a3e7acd00bd426edfbec326fb770e04499f8fd9770c23d9a0e2f80ff0d7bdb25,/path/to/PETS-FFT-Ablation/results/final_unconditional_main_v1/evaluators/Energy/T256/ts2vec_seed_123.pt,1.764310359954834,1
PETS-U,Energy,256,0,100000,correlation_score,-1,1.7585093975067139,True,4096,85497375d523f70b566ec01c5da04796afe02d4640334dc033d8d61f3fccd859,a3e7acd00bd426edfbec326fb770e04499f8fd9770c23d9a0e2f80ff0d7bdb25,/path/to/Diffusion-TS/Utils/cross_correlation.py,1.4794807434082031,1
PETS-U,Energy,256,0,100000,discriminative_score,0,0.4597560975609756,True,4096,85497375d523f70b566ec01c5da04796afe02d4640334dc033d8d61f3fccd859,a3e7acd00bd426edfbec326fb770e04499f8fd9770c23d9a0e2f80ff0d7bdb25,/path/to/Diffusion-TS/Utils/discriminative_metric.py,138.03215956687927,2
PETS-U,Energy,256,0,100000,discriminative_score,42,0.48109756097560974,True,4096,85497375d523f70b566ec01c5da04796afe02d4640334dc033d8d61f3fccd859,a3e7acd00bd426edfbec326fb770e04499f8fd9770c23d9a0e2f80ff0d7bdb25,/path/to/Diffusion-TS/Utils/discriminative_metric.py,146.93209981918335,0
PETS-U,Energy,256,0,100000,discriminative_score,123,0.4951219512195122,True,4096,85497375d523f70b566ec01c5da04796afe02d4640334dc033d8d61f3fccd859,a3e7acd00bd426edfbec326fb770e04499f8fd9770c23d9a0e2f80ff0d7bdb25,/path/to/Diffusion-TS/Utils/discriminative_metric.py,146.08594584465027,1
PETS-U,Energy,256,0,100000,predictive_score,0,0.419193051297043,True,4096,85497375d523f70b566ec01c5da04796afe02d4640334dc033d8d61f3fccd859,a3e7acd00bd426edfbec326fb770e04499f8fd9770c23d9a0e2f80ff0d7bdb25,/path/to/Diffusion-TS/Utils/predictive_metric.py,302.6811628341675,2
PETS-U,Energy,256,0,100000,predictive_score,42,0.3900035167025635,True,4096,85497375d523f70b566ec01c5da04796afe02d4640334dc033d8d61f3fccd859,a3e7acd00bd426edfbec326fb770e04499f8fd9770c23d9a0e2f80ff0d7bdb25,/path/to/Diffusion-TS/Utils/predictive_metric.py,304.2698633670807,1
PETS-U,Energy,256,0,100000,predictive_score,123,0.44862826030293945,True,4096,85497375d523f70b566ec01c5da04796afe02d4640334dc033d8d61f3fccd859,a3e7acd00bd426edfbec326fb770e04499f8fd9770c23d9a0e2f80ff0d7bdb25,/path/to/Diffusion-TS/Utils/predictive_metric.py,305.585786819458,0
PETS-U,Energy,256,0,100001,context_fid,0,2.3786591820606287,True,4096,85497375d523f70b566ec01c5da04796afe02d4640334dc033d8d61f3fccd859,ef00a3a1e7f8bd1211d88eaf3ab342456cb24ba92129c45b818896da5a43e28c,/path/to/PETS-FFT-Ablation/results/final_unconditional_main_v1/evaluators/Energy/T256/ts2vec_seed_0.pt,1.5253167152404785,2
PETS-U,Energy,256,0,100001,context_fid,42,1.8309120133039105,True,4096,85497375d523f70b566ec01c5da04796afe02d4640334dc033d8d61f3fccd859,ef00a3a1e7f8bd1211d88eaf3ab342456cb24ba92129c45b818896da5a43e28c,/path/to/PETS-FFT-Ablation/results/final_unconditional_main_v1/evaluators/Energy/T256/ts2vec_seed_42.pt,1.4884209632873535,2
PETS-U,Energy,256,0,100001,context_fid,123,2.402374419492736,True,4096,85497375d523f70b566ec01c5da04796afe02d4640334dc033d8d61f3fccd859,ef00a3a1e7f8bd1211d88eaf3ab342456cb24ba92129c45b818896da5a43e28c,/path/to/PETS-FFT-Ablation/results/final_unconditional_main_v1/evaluators/Energy/T256/ts2vec_seed_123.pt,1.5942506790161133,2
PETS-U,Energy,256,0,100001,correlation_score,-1,1.76606023311615,True,4096,85497375d523f70b566ec01c5da04796afe02d4640334dc033d8d61f3fccd859,ef00a3a1e7f8bd1211d88eaf3ab342456cb24ba92129c45b818896da5a43e28c,/path/to/Diffusion-TS/Utils/cross_correlation.py,1.426422357559204,2
PETS-U,Energy,256,0,100001,discriminative_score,0,0.4591463414634146,True,4096,85497375d523f70b566ec01c5da04796afe02d4640334dc033d8d61f3fccd859,ef00a3a1e7f8bd1211d88eaf3ab342456cb24ba92129c45b818896da5a43e28c,/path/to/Diffusion-TS/Utils/discriminative_metric.py,147.90270352363586,2
PETS-U,Energy,256,0,100001,discriminative_score,42,0.48353658536585364,True,4096,85497375d523f70b566ec01c5da04796afe02d4640334dc033d8d61f3fccd859,ef00a3a1e7f8bd1211d88eaf3ab342456cb24ba92129c45b818896da5a43e28c,/path/to/Diffusion-TS/Utils/discriminative_metric.py,140.25237226486206,1
PETS-U,Energy,256,0,100001,discriminative_score,123,0.4945121951219512,True,4096,85497375d523f70b566ec01c5da04796afe02d4640334dc033d8d61f3fccd859,ef00a3a1e7f8bd1211d88eaf3ab342456cb24ba92129c45b818896da5a43e28c,/path/to/Diffusion-TS/Utils/discriminative_metric.py,139.50995588302612,0
PETS-U,Energy,256,0,100001,predictive_score,0,0.4242410811712034,True,4096,85497375d523f70b566ec01c5da04796afe02d4640334dc033d8d61f3fccd859,ef00a3a1e7f8bd1211d88eaf3ab342456cb24ba92129c45b818896da5a43e28c,/path/to/Diffusion-TS/Utils/predictive_metric.py,302.71957421302795,1
PETS-U,Energy,256,0,100001,predictive_score,42,0.39221309878485044,True,4096,85497375d523f70b566ec01c5da04796afe02d4640334dc033d8d61f3fccd859,ef00a3a1e7f8bd1211d88eaf3ab342456cb24ba92129c45b818896da5a43e28c,/path/to/Diffusion-TS/Utils/predictive_metric.py,304.44609475135803,0
PETS-U,Energy,256,0,100001,predictive_score,123,0.4127156876202207,True,4096,85497375d523f70b566ec01c5da04796afe02d4640334dc033d8d61f3fccd859,ef00a3a1e7f8bd1211d88eaf3ab342456cb24ba92129c45b818896da5a43e28c,/path/to/Diffusion-TS/Utils/predictive_metric.py,307.59411239624023,2
PETS-U,Energy,256,0,100002,context_fid,0,2.368997991389817,True,4096,85497375d523f70b566ec01c5da04796afe02d4640334dc033d8d61f3fccd859,60f28a2768cec24408866a714dcbee904114c85e4109152666afafd6ac59a350,/path/to/PETS-FFT-Ablation/results/final_unconditional_main_v1/evaluators/Energy/T256/ts2vec_seed_0.pt,1.5400171279907227,1
PETS-U,Energy,256,0,100002,context_fid,42,1.8319861456583113,True,4096,85497375d523f70b566ec01c5da04796afe02d4640334dc033d8d61f3fccd859,60f28a2768cec24408866a714dcbee904114c85e4109152666afafd6ac59a350,/path/to/PETS-FFT-Ablation/results/final_unconditional_main_v1/evaluators/Energy/T256/ts2vec_seed_42.pt,1.5895981788635254,0
PETS-U,Energy,256,0,100002,context_fid,123,2.4025842420239503,True,4096,85497375d523f70b566ec01c5da04796afe02d4640334dc033d8d61f3fccd859,60f28a2768cec24408866a714dcbee904114c85e4109152666afafd6ac59a350,/path/to/PETS-FFT-Ablation/results/final_unconditional_main_v1/evaluators/Energy/T256/ts2vec_seed_123.pt,1.8038110733032227,1
PETS-U,Energy,256,0,100002,correlation_score,-1,1.8195720911026,True,4096,85497375d523f70b566ec01c5da04796afe02d4640334dc033d8d61f3fccd859,60f28a2768cec24408866a714dcbee904114c85e4109152666afafd6ac59a350,/path/to/Diffusion-TS/Utils/cross_correlation.py,1.4527220726013184,1
PETS-U,Energy,256,0,100002,discriminative_score,0,0.4689024390243902,True,4096,85497375d523f70b566ec01c5da04796afe02d4640334dc033d8d61f3fccd859,60f28a2768cec24408866a714dcbee904114c85e4109152666afafd6ac59a350,/path/to/Diffusion-TS/Utils/discriminative_metric.py,146.36956906318665,0
PETS-U,Energy,256,0,100002,discriminative_score,42,0.4792682926829268,True,4096,85497375d523f70b566ec01c5da04796afe02d4640334dc033d8d61f3fccd859,60f28a2768cec24408866a714dcbee904114c85e4109152666afafd6ac59a350,/path/to/Diffusion-TS/Utils/discriminative_metric.py,146.8353395462036,1
PETS-U,Energy,256,0,100002,discriminative_score,123,0.49329268292682926,True,4096,85497375d523f70b566ec01c5da04796afe02d4640334dc033d8d61f3fccd859,60f28a2768cec24408866a714dcbee904114c85e4109152666afafd6ac59a350,/path/to/Diffusion-TS/Utils/discriminative_metric.py,147.71631479263306,2
PETS-U,Energy,256,0,100002,predictive_score,0,0.42725972776679555,True,4096,85497375d523f70b566ec01c5da04796afe02d4640334dc033d8d61f3fccd859,60f28a2768cec24408866a714dcbee904114c85e4109152666afafd6ac59a350,/path/to/Diffusion-TS/Utils/predictive_metric.py,302.55863428115845,0
PETS-U,Energy,256,0,100002,predictive_score,42,0.39268120268388884,True,4096,85497375d523f70b566ec01c5da04796afe02d4640334dc033d8d61f3fccd859,60f28a2768cec24408866a714dcbee904114c85e4109152666afafd6ac59a350,/path/to/Diffusion-TS/Utils/predictive_metric.py,302.92563915252686,1
PETS-U,Energy,256,0,100002,predictive_score,123,0.4571672210659017,True,4096,85497375d523f70b566ec01c5da04796afe02d4640334dc033d8d61f3fccd859,60f28a2768cec24408866a714dcbee904114c85e4109152666afafd6ac59a350,/path/to/Diffusion-TS/Utils/predictive_metric.py,303.5732972621918,2
PETS-U,Energy,256,0,100003,context_fid,0,2.3557929872195245,True,4096,85497375d523f70b566ec01c5da04796afe02d4640334dc033d8d61f3fccd859,1f8a304cbf2335f27d349c8e7b20fbb417f8df04bf27f85ea8f16ca0103c7a3d,/path/to/PETS-FFT-Ablation/results/final_unconditional_main_v1/evaluators/Energy/T256/ts2vec_seed_0.pt,1.462233543395996,0
PETS-U,Energy,256,0,100003,context_fid,42,1.8083928141573065,True,4096,85497375d523f70b566ec01c5da04796afe02d4640334dc033d8d61f3fccd859,1f8a304cbf2335f27d349c8e7b20fbb417f8df04bf27f85ea8f16ca0103c7a3d,/path/to/PETS-FFT-Ablation/results/final_unconditional_main_v1/evaluators/Energy/T256/ts2vec_seed_42.pt,1.5408008098602295,1
PETS-U,Energy,256,0,100003,context_fid,123,2.3616482553941642,True,4096,85497375d523f70b566ec01c5da04796afe02d4640334dc033d8d61f3fccd859,1f8a304cbf2335f27d349c8e7b20fbb417f8df04bf27f85ea8f16ca0103c7a3d,/path/to/PETS-FFT-Ablation/results/final_unconditional_main_v1/evaluators/Energy/T256/ts2vec_seed_123.pt,1.5539140701293945,0
PETS-U,Energy,256,0,100003,correlation_score,-1,1.8591572046279907,True,4096,85497375d523f70b566ec01c5da04796afe02d4640334dc033d8d61f3fccd859,1f8a304cbf2335f27d349c8e7b20fbb417f8df04bf27f85ea8f16ca0103c7a3d,/path/to/Diffusion-TS/Utils/cross_correlation.py,1.4713258743286133,0
PETS-U,Energy,256,0,100003,discriminative_score,0,0.4841463414634146,True,4096,85497375d523f70b566ec01c5da04796afe02d4640334dc033d8d61f3fccd859,1f8a304cbf2335f27d349c8e7b20fbb417f8df04bf27f85ea8f16ca0103c7a3d,/path/to/Diffusion-TS/Utils/discriminative_metric.py,146.94764041900635,1
PETS-U,Energy,256,0,100003,discriminative_score,42,0.47560975609756095,True,4096,85497375d523f70b566ec01c5da04796afe02d4640334dc033d8d61f3fccd859,1f8a304cbf2335f27d349c8e7b20fbb417f8df04bf27f85ea8f16ca0103c7a3d,/path/to/Diffusion-TS/Utils/discriminative_metric.py,147.88501048088074,0
PETS-U,Energy,256,0,100003,discriminative_score,123,0.49573170731707317,True,4096,85497375d523f70b566ec01c5da04796afe02d4640334dc033d8d61f3fccd859,1f8a304cbf2335f27d349c8e7b20fbb417f8df04bf27f85ea8f16ca0103c7a3d,/path/to/Diffusion-TS/Utils/discriminative_metric.py,147.77842450141907,2
PETS-U,Energy,256,0,100003,predictive_score,0,0.4033977653889451,True,4096,85497375d523f70b566ec01c5da04796afe02d4640334dc033d8d61f3fccd859,1f8a304cbf2335f27d349c8e7b20fbb417f8df04bf27f85ea8f16ca0103c7a3d,/path/to/Diffusion-TS/Utils/predictive_metric.py,303.0478148460388,1
PETS-U,Energy,256,0,100003,predictive_score,42,0.40295144437550334,True,4096,85497375d523f70b566ec01c5da04796afe02d4640334dc033d8d61f3fccd859,1f8a304cbf2335f27d349c8e7b20fbb417f8df04bf27f85ea8f16ca0103c7a3d,/path/to/Diffusion-TS/Utils/predictive_metric.py,307.7853446006775,0
PETS-U,Energy,256,0,100003,predictive_score,123,0.43064392997621326,True,4096,85497375d523f70b566ec01c5da04796afe02d4640334dc033d8d61f3fccd859,1f8a304cbf2335f27d349c8e7b20fbb417f8df04bf27f85ea8f16ca0103c7a3d,/path/to/Diffusion-TS/Utils/predictive_metric.py,305.8080551624298,2
PETS-U,Energy,256,0,100004,context_fid,0,2.336938198214472,True,4096,85497375d523f70b566ec01c5da04796afe02d4640334dc033d8d61f3fccd859,b0fa2ceb04b48df617b73fe97eed9ee3f9a4a210fcd4e8afd786791a2f2f41c2,/path/to/PETS-FFT-Ablation/results/final_unconditional_main_v1/evaluators/Energy/T256/ts2vec_seed_0.pt,1.6642396450042725,1
PETS-U,Energy,256,0,100004,context_fid,42,1.7883060186774435,True,4096,85497375d523f70b566ec01c5da04796afe02d4640334dc033d8d61f3fccd859,b0fa2ceb04b48df617b73fe97eed9ee3f9a4a210fcd4e8afd786791a2f2f41c2,/path/to/PETS-FFT-Ablation/results/final_unconditional_main_v1/evaluators/Energy/T256/ts2vec_seed_42.pt,1.592214584350586,1
PETS-U,Energy,256,0,100004,context_fid,123,2.3623451206234622,True,4096,85497375d523f70b566ec01c5da04796afe02d4640334dc033d8d61f3fccd859,b0fa2ceb04b48df617b73fe97eed9ee3f9a4a210fcd4e8afd786791a2f2f41c2,/path/to/PETS-FFT-Ablation/results/final_unconditional_main_v1/evaluators/Energy/T256/ts2vec_seed_123.pt,1.528815746307373,1
PETS-U,Energy,256,0,100004,correlation_score,-1,1.7131316661834717,True,4096,85497375d523f70b566ec01c5da04796afe02d4640334dc033d8d61f3fccd859,b0fa2ceb04b48df617b73fe97eed9ee3f9a4a210fcd4e8afd786791a2f2f41c2,/path/to/Diffusion-TS/Utils/cross_correlation.py,1.4903826713562012,1
PETS-U,Energy,256,0,100004,discriminative_score,0,0.4664634146341463,True,4096,85497375d523f70b566ec01c5da04796afe02d4640334dc033d8d61f3fccd859,b0fa2ceb04b48df617b73fe97eed9ee3f9a4a210fcd4e8afd786791a2f2f41c2,/path/to/Diffusion-TS/Utils/discriminative_metric.py,149.07853484153748,1
PETS-U,Energy,256,0,100004,discriminative_score,42,0.48292682926829267,True,4096,85497375d523f70b566ec01c5da04796afe02d4640334dc033d8d61f3fccd859,b0fa2ceb04b48df617b73fe97eed9ee3f9a4a210fcd4e8afd786791a2f2f41c2,/path/to/Diffusion-TS/Utils/discriminative_metric.py,140.03618454933167,2
PETS-U,Energy,256,0,100004,discriminative_score,123,0.4926829268292683,True,4096,85497375d523f70b566ec01c5da04796afe02d4640334dc033d8d61f3fccd859,b0fa2ceb04b48df617b73fe97eed9ee3f9a4a210fcd4e8afd786791a2f2f41c2,/path/to/Diffusion-TS/Utils/discriminative_metric.py,139.10711288452148,0
PETS-U,Energy,256,0,100004,predictive_score,0,0.31227635550749255,True,4096,85497375d523f70b566ec01c5da04796afe02d4640334dc033d8d61f3fccd859,b0fa2ceb04b48df617b73fe97eed9ee3f9a4a210fcd4e8afd786791a2f2f41c2,/path/to/Diffusion-TS/Utils/predictive_metric.py,307.22729301452637,0
PETS-U,Energy,256,0,100004,predictive_score,42,0.35981456603622064,True,4096,85497375d523f70b566ec01c5da04796afe02d4640334dc033d8d61f3fccd859,b0fa2ceb04b48df617b73fe97eed9ee3f9a4a210fcd4e8afd786791a2f2f41c2,/path/to/Diffusion-TS/Utils/predictive_metric.py,304.23373651504517,2
PETS-U,Energy,256,0,100004,predictive_score,123,0.4181459342435119,True,4096,85497375d523f70b566ec01c5da04796afe02d4640334dc033d8d61f3fccd859,b0fa2ceb04b48df617b73fe97eed9ee3f9a4a210fcd4e8afd786791a2f2f41c2,/path/to/Diffusion-TS/Utils/predictive_metric.py,309.937118768692,1
PETS-U,Energy,256,42,100000,context_fid,0,2.412135431118105,True,4096,85497375d523f70b566ec01c5da04796afe02d4640334dc033d8d61f3fccd859,d92ba08b7e977e87403f9932a42c1426c12b19e7d557b94de2fa45c7d3bc9b07,/path/to/PETS-FFT-Ablation/results/final_unconditional_main_v1/evaluators/Energy/T256/ts2vec_seed_0.pt,1.5879464149475098,2
PETS-U,Energy,256,42,100000,context_fid,42,1.8694553605591318,True,4096,85497375d523f70b566ec01c5da04796afe02d4640334dc033d8d61f3fccd859,d92ba08b7e977e87403f9932a42c1426c12b19e7d557b94de2fa45c7d3bc9b07,/path/to/PETS-FFT-Ablation/results/final_unconditional_main_v1/evaluators/Energy/T256/ts2vec_seed_42.pt,1.5686335563659668,0
PETS-U,Energy,256,42,100000,context_fid,123,2.2255748528261377,True,4096,85497375d523f70b566ec01c5da04796afe02d4640334dc033d8d61f3fccd859,d92ba08b7e977e87403f9932a42c1426c12b19e7d557b94de2fa45c7d3bc9b07,/path/to/PETS-FFT-Ablation/results/final_unconditional_main_v1/evaluators/Energy/T256/ts2vec_seed_123.pt,1.7499511241912842,2
PETS-U,Energy,256,42,100000,correlation_score,-1,1.816772699356079,True,4096,85497375d523f70b566ec01c5da04796afe02d4640334dc033d8d61f3fccd859,d92ba08b7e977e87403f9932a42c1426c12b19e7d557b94de2fa45c7d3bc9b07,/path/to/Diffusion-TS/Utils/cross_correlation.py,1.4875543117523193,2
PETS-U,Energy,256,42,100000,discriminative_score,0,0.48841463414634145,True,4096,85497375d523f70b566ec01c5da04796afe02d4640334dc033d8d61f3fccd859,d92ba08b7e977e87403f9932a42c1426c12b19e7d557b94de2fa45c7d3bc9b07,/path/to/Diffusion-TS/Utils/discriminative_metric.py,139.48392915725708,0
PETS-U,Energy,256,42,100000,discriminative_score,42,0.48109756097560974,True,4096,85497375d523f70b566ec01c5da04796afe02d4640334dc033d8d61f3fccd859,d92ba08b7e977e87403f9932a42c1426c12b19e7d557b94de2fa45c7d3bc9b07,/path/to/Diffusion-TS/Utils/discriminative_metric.py,139.826966047287,2
PETS-U,Energy,256,42,100000,discriminative_score,123,0.48109756097560974,True,4096,85497375d523f70b566ec01c5da04796afe02d4640334dc033d8d61f3fccd859,d92ba08b7e977e87403f9932a42c1426c12b19e7d557b94de2fa45c7d3bc9b07,/path/to/Diffusion-TS/Utils/discriminative_metric.py,148.6925675868988,1
PETS-U,Energy,256,42,100000,predictive_score,0,0.3913388631262933,True,4096,85497375d523f70b566ec01c5da04796afe02d4640334dc033d8d61f3fccd859,d92ba08b7e977e87403f9932a42c1426c12b19e7d557b94de2fa45c7d3bc9b07,/path/to/Diffusion-TS/Utils/predictive_metric.py,304.3324999809265,0
PETS-U,Energy,256,42,100000,predictive_score,42,0.2650457339004788,True,4096,85497375d523f70b566ec01c5da04796afe02d4640334dc033d8d61f3fccd859,d92ba08b7e977e87403f9932a42c1426c12b19e7d557b94de2fa45c7d3bc9b07,/path/to/Diffusion-TS/Utils/predictive_metric.py,307.058842420578,2
PETS-U,Energy,256,42,100000,predictive_score,123,0.40638101290824125,True,4096,85497375d523f70b566ec01c5da04796afe02d4640334dc033d8d61f3fccd859,d92ba08b7e977e87403f9932a42c1426c12b19e7d557b94de2fa45c7d3bc9b07,/path/to/Diffusion-TS/Utils/predictive_metric.py,303.2263309955597,1
PETS-U,Energy,256,42,100001,context_fid,0,2.418582281075658,True,4096,85497375d523f70b566ec01c5da04796afe02d4640334dc033d8d61f3fccd859,86e4a378e626ca8a5c120e95b7677502a8a32d7da443268c1c1015e54f8ec19b,/path/to/PETS-FFT-Ablation/results/final_unconditional_main_v1/evaluators/Energy/T256/ts2vec_seed_0.pt,1.6582627296447754,0
PETS-U,Energy,256,42,100001,context_fid,42,1.8654831720914529,True,4096,85497375d523f70b566ec01c5da04796afe02d4640334dc033d8d61f3fccd859,86e4a378e626ca8a5c120e95b7677502a8a32d7da443268c1c1015e54f8ec19b,/path/to/PETS-FFT-Ablation/results/final_unconditional_main_v1/evaluators/Energy/T256/ts2vec_seed_42.pt,1.4874060153961182,0
PETS-U,Energy,256,42,100001,context_fid,123,2.199740332922011,True,4096,85497375d523f70b566ec01c5da04796afe02d4640334dc033d8d61f3fccd859,86e4a378e626ca8a5c120e95b7677502a8a32d7da443268c1c1015e54f8ec19b,/path/to/PETS-FFT-Ablation/results/final_unconditional_main_v1/evaluators/Energy/T256/ts2vec_seed_123.pt,1.5594756603240967,2
PETS-U,Energy,256,42,100001,correlation_score,-1,1.8216205835342407,True,4096,85497375d523f70b566ec01c5da04796afe02d4640334dc033d8d61f3fccd859,86e4a378e626ca8a5c120e95b7677502a8a32d7da443268c1c1015e54f8ec19b,/path/to/Diffusion-TS/Utils/cross_correlation.py,1.4664437770843506,0
PETS-U,Energy,256,42,100001,discriminative_score,0,0.4865853658536585,True,4096,85497375d523f70b566ec01c5da04796afe02d4640334dc033d8d61f3fccd859,86e4a378e626ca8a5c120e95b7677502a8a32d7da443268c1c1015e54f8ec19b,/path/to/Diffusion-TS/Utils/discriminative_metric.py,140.55631685256958,0
PETS-U,Energy,256,42,100001,discriminative_score,42,0.4689024390243902,True,4096,85497375d523f70b566ec01c5da04796afe02d4640334dc033d8d61f3fccd859,86e4a378e626ca8a5c120e95b7677502a8a32d7da443268c1c1015e54f8ec19b,/path/to/Diffusion-TS/Utils/discriminative_metric.py,147.67566800117493,2
PETS-U,Energy,256,42,100001,discriminative_score,123,0.4768292682926829,True,4096,85497375d523f70b566ec01c5da04796afe02d4640334dc033d8d61f3fccd859,86e4a378e626ca8a5c120e95b7677502a8a32d7da443268c1c1015e54f8ec19b,/path/to/Diffusion-TS/Utils/discriminative_metric.py,147.63752436637878,1
PETS-U,Energy,256,42,100001,predictive_score,0,0.3886116306675831,True,4096,85497375d523f70b566ec01c5da04796afe02d4640334dc033d8d61f3fccd859,86e4a378e626ca8a5c120e95b7677502a8a32d7da443268c1c1015e54f8ec19b,/path/to/Diffusion-TS/Utils/predictive_metric.py,306.357702255249,0
PETS-U,Energy,256,42,100001,predictive_score,42,0.26596683289972134,True,4096,85497375d523f70b566ec01c5da04796afe02d4640334dc033d8d61f3fccd859,86e4a378e626ca8a5c120e95b7677502a8a32d7da443268c1c1015e54f8ec19b,/path/to/Diffusion-TS/Utils/predictive_metric.py,307.1799020767212,2
PETS-U,Energy,256,42,100001,predictive_score,123,0.40507724814960966,True,4096,85497375d523f70b566ec01c5da04796afe02d4640334dc033d8d61f3fccd859,86e4a378e626ca8a5c120e95b7677502a8a32d7da443268c1c1015e54f8ec19b,/path/to/Diffusion-TS/Utils/predictive_metric.py,304.61152243614197,1
PETS-U,Energy,256,42,100002,context_fid,0,2.4428779803890683,True,4096,85497375d523f70b566ec01c5da04796afe02d4640334dc033d8d61f3fccd859,f0e521bf199fdf99218d73e9f41f3169c9a778be5221831b7de93997b913d8c4,/path/to/PETS-FFT-Ablation/results/final_unconditional_main_v1/evaluators/Energy/T256/ts2vec_seed_0.pt,1.5565855503082275,0
PETS-U,Energy,256,42,100002,context_fid,42,1.9136643822407537,True,4096,85497375d523f70b566ec01c5da04796afe02d4640334dc033d8d61f3fccd859,f0e521bf199fdf99218d73e9f41f3169c9a778be5221831b7de93997b913d8c4,/path/to/PETS-FFT-Ablation/results/final_unconditional_main_v1/evaluators/Energy/T256/ts2vec_seed_42.pt,1.5747206211090088,0
PETS-U,Energy,256,42,100002,context_fid,123,2.243514403125093,True,4096,85497375d523f70b566ec01c5da04796afe02d4640334dc033d8d61f3fccd859,f0e521bf199fdf99218d73e9f41f3169c9a778be5221831b7de93997b913d8c4,/path/to/PETS-FFT-Ablation/results/final_unconditional_main_v1/evaluators/Energy/T256/ts2vec_seed_123.pt,1.5220518112182617,0
PETS-U,Energy,256,42,100002,correlation_score,-1,1.8610042333602905,True,4096,85497375d523f70b566ec01c5da04796afe02d4640334dc033d8d61f3fccd859,f0e521bf199fdf99218d73e9f41f3169c9a778be5221831b7de93997b913d8c4,/path/to/Diffusion-TS/Utils/cross_correlation.py,1.4812822341918945,0
PETS-U,Energy,256,42,100002,discriminative_score,0,0.48597560975609755,True,4096,85497375d523f70b566ec01c5da04796afe02d4640334dc033d8d61f3fccd859,f0e521bf199fdf99218d73e9f41f3169c9a778be5221831b7de93997b913d8c4,/path/to/Diffusion-TS/Utils/discriminative_metric.py,139.8022003173828,0
PETS-U,Energy,256,42,100002,discriminative_score,42,0.47804878048780486,True,4096,85497375d523f70b566ec01c5da04796afe02d4640334dc033d8d61f3fccd859,f0e521bf199fdf99218d73e9f41f3169c9a778be5221831b7de93997b913d8c4,/path/to/Diffusion-TS/Utils/discriminative_metric.py,147.63505387306213,2
PETS-U,Energy,256,42,100002,discriminative_score,123,0.44268292682926824,True,4096,85497375d523f70b566ec01c5da04796afe02d4640334dc033d8d61f3fccd859,f0e521bf199fdf99218d73e9f41f3169c9a778be5221831b7de93997b913d8c4,/path/to/Diffusion-TS/Utils/discriminative_metric.py,147.38956785202026,1
PETS-U,Energy,256,42,100002,predictive_score,0,0.3842602510121651,True,4096,85497375d523f70b566ec01c5da04796afe02d4640334dc033d8d61f3fccd859,f0e521bf199fdf99218d73e9f41f3169c9a778be5221831b7de93997b913d8c4,/path/to/Diffusion-TS/Utils/predictive_metric.py,307.5954749584198,0
PETS-U,Energy,256,42,100002,predictive_score,42,0.27620724911321304,True,4096,85497375d523f70b566ec01c5da04796afe02d4640334dc033d8d61f3fccd859,f0e521bf199fdf99218d73e9f41f3169c9a778be5221831b7de93997b913d8c4,/path/to/Diffusion-TS/Utils/predictive_metric.py,305.5531208515167,2
PETS-U,Energy,256,42,100002,predictive_score,123,0.25666614449073677,True,4096,85497375d523f70b566ec01c5da04796afe02d4640334dc033d8d61f3fccd859,f0e521bf199fdf99218d73e9f41f3169c9a778be5221831b7de93997b913d8c4,/path/to/Diffusion-TS/Utils/predictive_metric.py,306.1096682548523,1
PETS-U,Energy,256,42,100003,context_fid,0,2.4644146002919607,True,4096,85497375d523f70b566ec01c5da04796afe02d4640334dc033d8d61f3fccd859,9ff321fda7cae5bed983e99e887dc96d4ecc42bc749fda2cc223f5d182e80df6,/path/to/PETS-FFT-Ablation/results/final_unconditional_main_v1/evaluators/Energy/T256/ts2vec_seed_0.pt,1.55061936378479,0
PETS-U,Energy,256,42,100003,context_fid,42,1.9137164363200625,True,4096,85497375d523f70b566ec01c5da04796afe02d4640334dc033d8d61f3fccd859,9ff321fda7cae5bed983e99e887dc96d4ecc42bc749fda2cc223f5d182e80df6,/path/to/PETS-FFT-Ablation/results/final_unconditional_main_v1/evaluators/Energy/T256/ts2vec_seed_42.pt,1.5385451316833496,0
PETS-U,Energy,256,42,100003,context_fid,123,2.2581364396384562,True,4096,85497375d523f70b566ec01c5da04796afe02d4640334dc033d8d61f3fccd859,9ff321fda7cae5bed983e99e887dc96d4ecc42bc749fda2cc223f5d182e80df6,/path/to/PETS-FFT-Ablation/results/final_unconditional_main_v1/evaluators/Energy/T256/ts2vec_seed_123.pt,1.5321297645568848,0
PETS-U,Energy,256,42,100003,correlation_score,-1,1.8555715084075928,True,4096,85497375d523f70b566ec01c5da04796afe02d4640334dc033d8d61f3fccd859,9ff321fda7cae5bed983e99e887dc96d4ecc42bc749fda2cc223f5d182e80df6,/path/to/Diffusion-TS/Utils/cross_correlation.py,1.5001823902130127,0
PETS-U,Energy,256,42,100003,discriminative_score,0,0.4853658536585366,True,4096,85497375d523f70b566ec01c5da04796afe02d4640334dc033d8d61f3fccd859,9ff321fda7cae5bed983e99e887dc96d4ecc42bc749fda2cc223f5d182e80df6,/path/to/Diffusion-TS/Utils/discriminative_metric.py,147.07048177719116,0
PETS-U,Energy,256,42,100003,discriminative_score,42,0.4853658536585366,True,4096,85497375d523f70b566ec01c5da04796afe02d4640334dc033d8d61f3fccd859,9ff321fda7cae5bed983e99e887dc96d4ecc42bc749fda2cc223f5d182e80df6,/path/to/Diffusion-TS/Utils/discriminative_metric.py,147.55316638946533,2
PETS-U,Energy,256,42,100003,discriminative_score,123,0.4823170731707317,True,4096,85497375d523f70b566ec01c5da04796afe02d4640334dc033d8d61f3fccd859,9ff321fda7cae5bed983e99e887dc96d4ecc42bc749fda2cc223f5d182e80df6,/path/to/Diffusion-TS/Utils/discriminative_metric.py,147.4847915172577,1
PETS-U,Energy,256,42,100003,predictive_score,0,0.3854097076837206,True,4096,85497375d523f70b566ec01c5da04796afe02d4640334dc033d8d61f3fccd859,9ff321fda7cae5bed983e99e887dc96d4ecc42bc749fda2cc223f5d182e80df6,/path/to/Diffusion-TS/Utils/predictive_metric.py,303.6487934589386,0
PETS-U,Energy,256,42,100003,predictive_score,42,0.2666140963556245,True,4096,85497375d523f70b566ec01c5da04796afe02d4640334dc033d8d61f3fccd859,9ff321fda7cae5bed983e99e887dc96d4ecc42bc749fda2cc223f5d182e80df6,/path/to/Diffusion-TS/Utils/predictive_metric.py,306.613911151886,2
PETS-U,Energy,256,42,100003,predictive_score,123,0.25549778236381826,True,4096,85497375d523f70b566ec01c5da04796afe02d4640334dc033d8d61f3fccd859,9ff321fda7cae5bed983e99e887dc96d4ecc42bc749fda2cc223f5d182e80df6,/path/to/Diffusion-TS/Utils/predictive_metric.py,306.3903980255127,1
PETS-U,Energy,256,42,100004,context_fid,0,2.4953653964476006,True,4096,85497375d523f70b566ec01c5da04796afe02d4640334dc033d8d61f3fccd859,87dfed4b72bb35eb3ab4df43627d971142b6894e385c8fbaa1300999b6bb7da2,/path/to/PETS-FFT-Ablation/results/final_unconditional_main_v1/evaluators/Energy/T256/ts2vec_seed_0.pt,1.4447720050811768,0
PETS-U,Energy,256,42,100004,context_fid,42,1.9369275667174048,True,4096,85497375d523f70b566ec01c5da04796afe02d4640334dc033d8d61f3fccd859,87dfed4b72bb35eb3ab4df43627d971142b6894e385c8fbaa1300999b6bb7da2,/path/to/PETS-FFT-Ablation/results/final_unconditional_main_v1/evaluators/Energy/T256/ts2vec_seed_42.pt,1.6893689632415771,0
PETS-U,Energy,256,42,100004,context_fid,123,2.282277676857102,True,4096,85497375d523f70b566ec01c5da04796afe02d4640334dc033d8d61f3fccd859,87dfed4b72bb35eb3ab4df43627d971142b6894e385c8fbaa1300999b6bb7da2,/path/to/PETS-FFT-Ablation/results/final_unconditional_main_v1/evaluators/Energy/T256/ts2vec_seed_123.pt,1.8074722290039062,0
PETS-U,Energy,256,42,100004,correlation_score,-1,1.8356468677520752,True,4096,85497375d523f70b566ec01c5da04796afe02d4640334dc033d8d61f3fccd859,87dfed4b72bb35eb3ab4df43627d971142b6894e385c8fbaa1300999b6bb7da2,/path/to/Diffusion-TS/Utils/cross_correlation.py,1.487835168838501,0
PETS-U,Energy,256,42,100004,discriminative_score,0,0.4823170731707317,True,4096,85497375d523f70b566ec01c5da04796afe02d4640334dc033d8d61f3fccd859,87dfed4b72bb35eb3ab4df43627d971142b6894e385c8fbaa1300999b6bb7da2,/path/to/Diffusion-TS/Utils/discriminative_metric.py,147.78818893432617,2
PETS-U,Energy,256,42,100004,discriminative_score,42,0.475,True,4096,85497375d523f70b566ec01c5da04796afe02d4640334dc033d8d61f3fccd859,87dfed4b72bb35eb3ab4df43627d971142b6894e385c8fbaa1300999b6bb7da2,/path/to/Diffusion-TS/Utils/discriminative_metric.py,147.66088914871216,0
PETS-U,Energy,256,42,100004,discriminative_score,123,0.4871951219512195,True,4096,85497375d523f70b566ec01c5da04796afe02d4640334dc033d8d61f3fccd859,87dfed4b72bb35eb3ab4df43627d971142b6894e385c8fbaa1300999b6bb7da2,/path/to/Diffusion-TS/Utils/discriminative_metric.py,147.02399706840515,1
PETS-U,Energy,256,42,100004,predictive_score,0,0.3896304416557541,True,4096,85497375d523f70b566ec01c5da04796afe02d4640334dc033d8d61f3fccd859,87dfed4b72bb35eb3ab4df43627d971142b6894e385c8fbaa1300999b6bb7da2,/path/to/Diffusion-TS/Utils/predictive_metric.py,302.6851296424866,2
PETS-U,Energy,256,42,100004,predictive_score,42,0.2708033059097943,True,4096,85497375d523f70b566ec01c5da04796afe02d4640334dc033d8d61f3fccd859,87dfed4b72bb35eb3ab4df43627d971142b6894e385c8fbaa1300999b6bb7da2,/path/to/Diffusion-TS/Utils/predictive_metric.py,307.5689425468445,0
PETS-U,Energy,256,42,100004,predictive_score,123,0.403170440105896,True,4096,85497375d523f70b566ec01c5da04796afe02d4640334dc033d8d61f3fccd859,87dfed4b72bb35eb3ab4df43627d971142b6894e385c8fbaa1300999b6bb7da2,/path/to/Diffusion-TS/Utils/predictive_metric.py,305.8853373527527,1
PETS-U,Energy,256,123,100000,context_fid,0,1.9452607656199379,True,4096,85497375d523f70b566ec01c5da04796afe02d4640334dc033d8d61f3fccd859,f3ff220e476cb4c0893ebe5fe7c4716db5327834d374512533acbce5657c42d1,/path/to/PETS-FFT-Ablation/results/final_unconditional_main_v1/evaluators/Energy/T256/ts2vec_seed_0.pt,1.5400352478027344,2
PETS-U,Energy,256,123,100000,context_fid,42,1.464718016775703,True,4096,85497375d523f70b566ec01c5da04796afe02d4640334dc033d8d61f3fccd859,f3ff220e476cb4c0893ebe5fe7c4716db5327834d374512533acbce5657c42d1,/path/to/PETS-FFT-Ablation/results/final_unconditional_main_v1/evaluators/Energy/T256/ts2vec_seed_42.pt,1.5298395156860352,2
PETS-U,Energy,256,123,100000,context_fid,123,2.01541160019176,True,4096,85497375d523f70b566ec01c5da04796afe02d4640334dc033d8d61f3fccd859,f3ff220e476cb4c0893ebe5fe7c4716db5327834d374512533acbce5657c42d1,/path/to/PETS-FFT-Ablation/results/final_unconditional_main_v1/evaluators/Energy/T256/ts2vec_seed_123.pt,1.5874934196472168,2
PETS-U,Energy,256,123,100000,correlation_score,-1,1.6675751209259033,True,4096,85497375d523f70b566ec01c5da04796afe02d4640334dc033d8d61f3fccd859,f3ff220e476cb4c0893ebe5fe7c4716db5327834d374512533acbce5657c42d1,/path/to/Diffusion-TS/Utils/cross_correlation.py,1.469738245010376,2
PETS-U,Energy,256,123,100000,discriminative_score,0,0.47621951219512193,True,4096,85497375d523f70b566ec01c5da04796afe02d4640334dc033d8d61f3fccd859,f3ff220e476cb4c0893ebe5fe7c4716db5327834d374512533acbce5657c42d1,/path/to/Diffusion-TS/Utils/discriminative_metric.py,147.4191017150879,0
PETS-U,Energy,256,123,100000,discriminative_score,42,0.46829268292682924,True,4096,85497375d523f70b566ec01c5da04796afe02d4640334dc033d8d61f3fccd859,f3ff220e476cb4c0893ebe5fe7c4716db5327834d374512533acbce5657c42d1,/path/to/Diffusion-TS/Utils/discriminative_metric.py,147.4739112854004,2
PETS-U,Energy,256,123,100000,discriminative_score,123,0.47012195121951217,True,4096,85497375d523f70b566ec01c5da04796afe02d4640334dc033d8d61f3fccd859,f3ff220e476cb4c0893ebe5fe7c4716db5327834d374512533acbce5657c42d1,/path/to/Diffusion-TS/Utils/discriminative_metric.py,139.48515558242798,1
PETS-U,Energy,256,123,100000,predictive_score,0,0.36778306862106547,True,4096,85497375d523f70b566ec01c5da04796afe02d4640334dc033d8d61f3fccd859,f3ff220e476cb4c0893ebe5fe7c4716db5327834d374512533acbce5657c42d1,/path/to/Diffusion-TS/Utils/predictive_metric.py,301.1062548160553,1
PETS-U,Energy,256,123,100000,predictive_score,42,0.40575637148867827,True,4096,85497375d523f70b566ec01c5da04796afe02d4640334dc033d8d61f3fccd859,f3ff220e476cb4c0893ebe5fe7c4716db5327834d374512533acbce5657c42d1,/path/to/Diffusion-TS/Utils/predictive_metric.py,304.359090089798,0
PETS-U,Energy,256,123,100000,predictive_score,123,0.25413834262872115,True,4096,85497375d523f70b566ec01c5da04796afe02d4640334dc033d8d61f3fccd859,f3ff220e476cb4c0893ebe5fe7c4716db5327834d374512533acbce5657c42d1,/path/to/Diffusion-TS/Utils/predictive_metric.py,304.22556710243225,2
PETS-U,Energy,256,123,100001,context_fid,0,2.0117969330462007,True,4096,85497375d523f70b566ec01c5da04796afe02d4640334dc033d8d61f3fccd859,fa17092f64da581ffdf8bb8ac792601a31ddcfe6771b13c31edcf57e3651dd59,/path/to/PETS-FFT-Ablation/results/final_unconditional_main_v1/evaluators/Energy/T256/ts2vec_seed_0.pt,1.723249912261963,1
PETS-U,Energy,256,123,100001,context_fid,42,1.5263820459344053,True,4096,85497375d523f70b566ec01c5da04796afe02d4640334dc033d8d61f3fccd859,fa17092f64da581ffdf8bb8ac792601a31ddcfe6771b13c31edcf57e3651dd59,/path/to/PETS-FFT-Ablation/results/final_unconditional_main_v1/evaluators/Energy/T256/ts2vec_seed_42.pt,1.4795687198638916,1
PETS-U,Energy,256,123,100001,context_fid,123,2.102658187261925,True,4096,85497375d523f70b566ec01c5da04796afe02d4640334dc033d8d61f3fccd859,fa17092f64da581ffdf8bb8ac792601a31ddcfe6771b13c31edcf57e3651dd59,/path/to/PETS-FFT-Ablation/results/final_unconditional_main_v1/evaluators/Energy/T256/ts2vec_seed_123.pt,1.5312044620513916,0
PETS-U,Energy,256,123,100001,correlation_score,-1,1.9775539636611938,True,4096,85497375d523f70b566ec01c5da04796afe02d4640334dc033d8d61f3fccd859,fa17092f64da581ffdf8bb8ac792601a31ddcfe6771b13c31edcf57e3651dd59,/path/to/Diffusion-TS/Utils/cross_correlation.py,1.4582970142364502,1
PETS-U,Energy,256,123,100001,discriminative_score,0,0.475,True,4096,85497375d523f70b566ec01c5da04796afe02d4640334dc033d8d61f3fccd859,fa17092f64da581ffdf8bb8ac792601a31ddcfe6771b13c31edcf57e3651dd59,/path/to/Diffusion-TS/Utils/discriminative_metric.py,137.53303837776184,2
PETS-U,Energy,256,123,100001,discriminative_score,42,0.4640243902439024,True,4096,85497375d523f70b566ec01c5da04796afe02d4640334dc033d8d61f3fccd859,fa17092f64da581ffdf8bb8ac792601a31ddcfe6771b13c31edcf57e3651dd59,/path/to/Diffusion-TS/Utils/discriminative_metric.py,146.79717779159546,1
PETS-U,Energy,256,123,100001,discriminative_score,123,0.4725609756097561,True,4096,85497375d523f70b566ec01c5da04796afe02d4640334dc033d8d61f3fccd859,fa17092f64da581ffdf8bb8ac792601a31ddcfe6771b13c31edcf57e3651dd59,/path/to/Diffusion-TS/Utils/discriminative_metric.py,145.78687596321106,0
PETS-U,Energy,256,123,100001,predictive_score,0,0.36301249387906864,True,4096,85497375d523f70b566ec01c5da04796afe02d4640334dc033d8d61f3fccd859,fa17092f64da581ffdf8bb8ac792601a31ddcfe6771b13c31edcf57e3651dd59,/path/to/Diffusion-TS/Utils/predictive_metric.py,304.1330759525299,2
PETS-U,Energy,256,123,100001,predictive_score,42,0.36065785555547336,True,4096,85497375d523f70b566ec01c5da04796afe02d4640334dc033d8d61f3fccd859,fa17092f64da581ffdf8bb8ac792601a31ddcfe6771b13c31edcf57e3651dd59,/path/to/Diffusion-TS/Utils/predictive_metric.py,305.72466373443604,0
PETS-U,Energy,256,123,100001,predictive_score,123,0.43434125726344064,True,4096,85497375d523f70b566ec01c5da04796afe02d4640334dc033d8d61f3fccd859,fa17092f64da581ffdf8bb8ac792601a31ddcfe6771b13c31edcf57e3651dd59,/path/to/Diffusion-TS/Utils/predictive_metric.py,305.9614288806915,1
PETS-U,Energy,256,123,100002,context_fid,0,2.000782891931263,True,4096,85497375d523f70b566ec01c5da04796afe02d4640334dc033d8d61f3fccd859,32e32431b198e2b02a4306e889d82ee94f179af438b950b65735e06c0810eb21,/path/to/PETS-FFT-Ablation/results/final_unconditional_main_v1/evaluators/Energy/T256/ts2vec_seed_0.pt,1.5082924365997314,2
PETS-U,Energy,256,123,100002,context_fid,42,1.525639453071743,True,4096,85497375d523f70b566ec01c5da04796afe02d4640334dc033d8d61f3fccd859,32e32431b198e2b02a4306e889d82ee94f179af438b950b65735e06c0810eb21,/path/to/PETS-FFT-Ablation/results/final_unconditional_main_v1/evaluators/Energy/T256/ts2vec_seed_42.pt,1.6730966567993164,2
PETS-U,Energy,256,123,100002,context_fid,123,2.0791846737097295,True,4096,85497375d523f70b566ec01c5da04796afe02d4640334dc033d8d61f3fccd859,32e32431b198e2b02a4306e889d82ee94f179af438b950b65735e06c0810eb21,/path/to/PETS-FFT-Ablation/results/final_unconditional_main_v1/evaluators/Energy/T256/ts2vec_seed_123.pt,1.5827953815460205,2
PETS-U,Energy,256,123,100002,correlation_score,-1,1.7792346477508545,True,4096,85497375d523f70b566ec01c5da04796afe02d4640334dc033d8d61f3fccd859,32e32431b198e2b02a4306e889d82ee94f179af438b950b65735e06c0810eb21,/path/to/Diffusion-TS/Utils/cross_correlation.py,1.4954612255096436,2
PETS-U,Energy,256,123,100002,discriminative_score,0,0.475,True,4096,85497375d523f70b566ec01c5da04796afe02d4640334dc033d8d61f3fccd859,32e32431b198e2b02a4306e889d82ee94f179af438b950b65735e06c0810eb21,/path/to/Diffusion-TS/Utils/discriminative_metric.py,145.6144163608551,2
PETS-U,Energy,256,123,100002,discriminative_score,42,0.4713414634146341,True,4096,85497375d523f70b566ec01c5da04796afe02d4640334dc033d8d61f3fccd859,32e32431b198e2b02a4306e889d82ee94f179af438b950b65735e06c0810eb21,/path/to/Diffusion-TS/Utils/discriminative_metric.py,147.1282992362976,0
PETS-U,Energy,256,123,100002,discriminative_score,123,0.4823170731707317,True,4096,85497375d523f70b566ec01c5da04796afe02d4640334dc033d8d61f3fccd859,32e32431b198e2b02a4306e889d82ee94f179af438b950b65735e06c0810eb21,/path/to/Diffusion-TS/Utils/discriminative_metric.py,139.17231965065002,1
PETS-U,Energy,256,123,100002,predictive_score,0,0.33083488819829654,True,4096,85497375d523f70b566ec01c5da04796afe02d4640334dc033d8d61f3fccd859,32e32431b198e2b02a4306e889d82ee94f179af438b950b65735e06c0810eb21,/path/to/Diffusion-TS/Utils/predictive_metric.py,303.3116888999939,1
PETS-U,Energy,256,123,100002,predictive_score,42,0.3924932579466258,True,4096,85497375d523f70b566ec01c5da04796afe02d4640334dc033d8d61f3fccd859,32e32431b198e2b02a4306e889d82ee94f179af438b950b65735e06c0810eb21,/path/to/Diffusion-TS/Utils/predictive_metric.py,303.4089322090149,2
PETS-U,Energy,256,123,100002,predictive_score,123,0.2719575781702588,True,4096,85497375d523f70b566ec01c5da04796afe02d4640334dc033d8d61f3fccd859,32e32431b198e2b02a4306e889d82ee94f179af438b950b65735e06c0810eb21,/path/to/Diffusion-TS/Utils/predictive_metric.py,306.0385572910309,0
PETS-U,Energy,256,123,100003,context_fid,0,1.9712187160527812,True,4096,85497375d523f70b566ec01c5da04796afe02d4640334dc033d8d61f3fccd859,72cf6f845f16f0dba0d921533442bd7715fb86b872a4b4509ad91ebb701bc338,/path/to/PETS-FFT-Ablation/results/final_unconditional_main_v1/evaluators/Energy/T256/ts2vec_seed_0.pt,1.5492160320281982,2
PETS-U,Energy,256,123,100003,context_fid,42,1.481875425979906,True,4096,85497375d523f70b566ec01c5da04796afe02d4640334dc033d8d61f3fccd859,72cf6f845f16f0dba0d921533442bd7715fb86b872a4b4509ad91ebb701bc338,/path/to/PETS-FFT-Ablation/results/final_unconditional_main_v1/evaluators/Energy/T256/ts2vec_seed_42.pt,1.602527379989624,1
PETS-U,Energy,256,123,100003,context_fid,123,2.0385341461367714,True,4096,85497375d523f70b566ec01c5da04796afe02d4640334dc033d8d61f3fccd859,72cf6f845f16f0dba0d921533442bd7715fb86b872a4b4509ad91ebb701bc338,/path/to/PETS-FFT-Ablation/results/final_unconditional_main_v1/evaluators/Energy/T256/ts2vec_seed_123.pt,1.624474287033081,2
PETS-U,Energy,256,123,100003,correlation_score,-1,1.6695611476898193,True,4096,85497375d523f70b566ec01c5da04796afe02d4640334dc033d8d61f3fccd859,72cf6f845f16f0dba0d921533442bd7715fb86b872a4b4509ad91ebb701bc338,/path/to/Diffusion-TS/Utils/cross_correlation.py,1.4675261974334717,1
PETS-U,Energy,256,123,100003,discriminative_score,0,0.4725609756097561,True,4096,85497375d523f70b566ec01c5da04796afe02d4640334dc033d8d61f3fccd859,72cf6f845f16f0dba0d921533442bd7715fb86b872a4b4509ad91ebb701bc338,/path/to/Diffusion-TS/Utils/discriminative_metric.py,146.17999076843262,1
PETS-U,Energy,256,123,100003,discriminative_score,42,0.4713414634146341,True,4096,85497375d523f70b566ec01c5da04796afe02d4640334dc033d8d61f3fccd859,72cf6f845f16f0dba0d921533442bd7715fb86b872a4b4509ad91ebb701bc338,/path/to/Diffusion-TS/Utils/discriminative_metric.py,145.664076089859,2
PETS-U,Energy,256,123,100003,discriminative_score,123,0.47073170731707314,True,4096,85497375d523f70b566ec01c5da04796afe02d4640334dc033d8d61f3fccd859,72cf6f845f16f0dba0d921533442bd7715fb86b872a4b4509ad91ebb701bc338,/path/to/Diffusion-TS/Utils/discriminative_metric.py,138.42526936531067,0
PETS-U,Energy,256,123,100003,predictive_score,0,0.3119239391708106,True,4096,85497375d523f70b566ec01c5da04796afe02d4640334dc033d8d61f3fccd859,72cf6f845f16f0dba0d921533442bd7715fb86b872a4b4509ad91ebb701bc338,/path/to/Diffusion-TS/Utils/predictive_metric.py,301.4441466331482,0
PETS-U,Energy,256,123,100003,predictive_score,42,0.3815899403562071,True,4096,85497375d523f70b566ec01c5da04796afe02d4640334dc033d8d61f3fccd859,72cf6f845f16f0dba0d921533442bd7715fb86b872a4b4509ad91ebb701bc338,/path/to/Diffusion-TS/Utils/predictive_metric.py,302.4310300350189,1
PETS-U,Energy,256,123,100003,predictive_score,123,0.3783665465161903,True,4096,85497375d523f70b566ec01c5da04796afe02d4640334dc033d8d61f3fccd859,72cf6f845f16f0dba0d921533442bd7715fb86b872a4b4509ad91ebb701bc338,/path/to/Diffusion-TS/Utils/predictive_metric.py,302.6226930618286,2
PETS-U,Energy,256,123,100004,context_fid,0,1.992021297501112,True,4096,85497375d523f70b566ec01c5da04796afe02d4640334dc033d8d61f3fccd859,c5a9a6f87063d59a21fa7d9a671345b1ba59f9e0c326ac75178f80b1f5f5e132,/path/to/PETS-FFT-Ablation/results/final_unconditional_main_v1/evaluators/Energy/T256/ts2vec_seed_0.pt,1.4861433506011963,0
PETS-U,Energy,256,123,100004,context_fid,42,1.5194367742548056,True,4096,85497375d523f70b566ec01c5da04796afe02d4640334dc033d8d61f3fccd859,c5a9a6f87063d59a21fa7d9a671345b1ba59f9e0c326ac75178f80b1f5f5e132,/path/to/PETS-FFT-Ablation/results/final_unconditional_main_v1/evaluators/Energy/T256/ts2vec_seed_42.pt,1.8244545459747314,1
PETS-U,Energy,256,123,100004,context_fid,123,2.0590319670662955,True,4096,85497375d523f70b566ec01c5da04796afe02d4640334dc033d8d61f3fccd859,c5a9a6f87063d59a21fa7d9a671345b1ba59f9e0c326ac75178f80b1f5f5e132,/path/to/PETS-FFT-Ablation/results/final_unconditional_main_v1/evaluators/Energy/T256/ts2vec_seed_123.pt,1.6616065502166748,2
PETS-U,Energy,256,123,100004,correlation_score,-1,1.783574104309082,True,4096,85497375d523f70b566ec01c5da04796afe02d4640334dc033d8d61f3fccd859,c5a9a6f87063d59a21fa7d9a671345b1ba59f9e0c326ac75178f80b1f5f5e132,/path/to/Diffusion-TS/Utils/cross_correlation.py,1.449589729309082,0
PETS-U,Energy,256,123,100004,discriminative_score,0,0.4725609756097561,True,4096,85497375d523f70b566ec01c5da04796afe02d4640334dc033d8d61f3fccd859,c5a9a6f87063d59a21fa7d9a671345b1ba59f9e0c326ac75178f80b1f5f5e132,/path/to/Diffusion-TS/Utils/discriminative_metric.py,148.05378890037537,0
PETS-U,Energy,256,123,100004,discriminative_score,42,0.4719512195121951,True,4096,85497375d523f70b566ec01c5da04796afe02d4640334dc033d8d61f3fccd859,c5a9a6f87063d59a21fa7d9a671345b1ba59f9e0c326ac75178f80b1f5f5e132,/path/to/Diffusion-TS/Utils/discriminative_metric.py,147.03600931167603,1
PETS-U,Energy,256,123,100004,discriminative_score,123,0.47560975609756095,True,4096,85497375d523f70b566ec01c5da04796afe02d4640334dc033d8d61f3fccd859,c5a9a6f87063d59a21fa7d9a671345b1ba59f9e0c326ac75178f80b1f5f5e132,/path/to/Diffusion-TS/Utils/discriminative_metric.py,147.0962975025177,2
PETS-U,Energy,256,123,100004,predictive_score,0,0.30592712502766517,True,4096,85497375d523f70b566ec01c5da04796afe02d4640334dc033d8d61f3fccd859,c5a9a6f87063d59a21fa7d9a671345b1ba59f9e0c326ac75178f80b1f5f5e132,/path/to/Diffusion-TS/Utils/predictive_metric.py,301.24055433273315,1
PETS-U,Energy,256,123,100004,predictive_score,42,0.29321684408569126,True,4096,85497375d523f70b566ec01c5da04796afe02d4640334dc033d8d61f3fccd859,c5a9a6f87063d59a21fa7d9a671345b1ba59f9e0c326ac75178f80b1f5f5e132,/path/to/Diffusion-TS/Utils/predictive_metric.py,308.3630335330963,0
PETS-U,Energy,256,123,100004,predictive_score,123,0.3707791222841479,True,4096,85497375d523f70b566ec01c5da04796afe02d4640334dc033d8d61f3fccd859,c5a9a6f87063d59a21fa7d9a671345b1ba59f9e0c326ac75178f80b1f5f5e132,/path/to/Diffusion-TS/Utils/predictive_metric.py,303.1327860355377,2
