family,dataset,sequence_length,model_seed,draw,metric,evaluator_seed,value,lower_is_better,sample_count,real_reference_sha256,generated_sha256,evaluator_source,runtime_seconds,gpu
Diffusion-TS,AirQuality,64,0,100000,predictive_score,0,0.019938334548214698,True,4096,08866e0a33d9b75e91a981c6031b183546043fc0bf762d0e9377bc734a6c4c09,9885c06b0b72d92b053eb58344c90990fc66294fe46979d2b86022db59746ef4,/path/to/Diffusion-TS/Utils/predictive_metric.py,65.81261801719666,2
Diffusion-TS,AirQuality,64,0,100000,predictive_score,42,0.02010570998578487,True,4096,08866e0a33d9b75e91a981c6031b183546043fc0bf762d0e9377bc734a6c4c09,9885c06b0b72d92b053eb58344c90990fc66294fe46979d2b86022db59746ef4,/path/to/Diffusion-TS/Utils/predictive_metric.py,67.06553959846497,0
Diffusion-TS,AirQuality,64,0,100000,predictive_score,123,0.021513257595529467,True,4096,08866e0a33d9b75e91a981c6031b183546043fc0bf762d0e9377bc734a6c4c09,9885c06b0b72d92b053eb58344c90990fc66294fe46979d2b86022db59746ef4,/path/to/Diffusion-TS/Utils/predictive_metric.py,66.49909138679504,1
Diffusion-TS,AirQuality,64,0,100001,predictive_score,0,0.01986242561031304,True,4096,08866e0a33d9b75e91a981c6031b183546043fc0bf762d0e9377bc734a6c4c09,8380ee826f8b5e318ee13f84ee0aca034017c2bf91817af2629099900d4bfdcd,/path/to/Diffusion-TS/Utils/predictive_metric.py,66.06300282478333,2
Diffusion-TS,AirQuality,64,0,100001,predictive_score,42,0.020466056465352267,True,4096,08866e0a33d9b75e91a981c6031b183546043fc0bf762d0e9377bc734a6c4c09,8380ee826f8b5e318ee13f84ee0aca034017c2bf91817af2629099900d4bfdcd,/path/to/Diffusion-TS/Utils/predictive_metric.py,65.76992177963257,1
Diffusion-TS,AirQuality,64,0,100001,predictive_score,123,0.02114003111333318,True,4096,08866e0a33d9b75e91a981c6031b183546043fc0bf762d0e9377bc734a6c4c09,8380ee826f8b5e318ee13f84ee0aca034017c2bf91817af2629099900d4bfdcd,/path/to/Diffusion-TS/Utils/predictive_metric.py,67.13672256469727,0
Diffusion-TS,AirQuality,64,0,100002,predictive_score,0,0.019929097479462143,True,4096,08866e0a33d9b75e91a981c6031b183546043fc0bf762d0e9377bc734a6c4c09,5a50411dc6ae7d7564f745b9fe970e0b1ba04df1dc6c5481714e6cec7c60dd19,/path/to/Diffusion-TS/Utils/predictive_metric.py,63.562498331069946,1
Diffusion-TS,AirQuality,64,0,100002,predictive_score,42,0.02092968720251065,True,4096,08866e0a33d9b75e91a981c6031b183546043fc0bf762d0e9377bc734a6c4c09,5a50411dc6ae7d7564f745b9fe970e0b1ba04df1dc6c5481714e6cec7c60dd19,/path/to/Diffusion-TS/Utils/predictive_metric.py,67.0580747127533,0
Diffusion-TS,AirQuality,64,0,100002,predictive_score,123,0.02136410914562248,True,4096,08866e0a33d9b75e91a981c6031b183546043fc0bf762d0e9377bc734a6c4c09,5a50411dc6ae7d7564f745b9fe970e0b1ba04df1dc6c5481714e6cec7c60dd19,/path/to/Diffusion-TS/Utils/predictive_metric.py,64.93128824234009,2
Diffusion-TS,AirQuality,64,0,100003,predictive_score,0,0.019840987165935076,True,4096,08866e0a33d9b75e91a981c6031b183546043fc0bf762d0e9377bc734a6c4c09,236fb2f12cf121577c0366ded552f53226e148bdf67e95b6ecb527979a7b2280,/path/to/Diffusion-TS/Utils/predictive_metric.py,66.60931062698364,1
Diffusion-TS,AirQuality,64,0,100003,predictive_score,42,0.020580611347440936,True,4096,08866e0a33d9b75e91a981c6031b183546043fc0bf762d0e9377bc734a6c4c09,236fb2f12cf121577c0366ded552f53226e148bdf67e95b6ecb527979a7b2280,/path/to/Diffusion-TS/Utils/predictive_metric.py,65.22763872146606,2
Diffusion-TS,AirQuality,64,0,100003,predictive_score,123,0.021249025002703092,True,4096,08866e0a33d9b75e91a981c6031b183546043fc0bf762d0e9377bc734a6c4c09,236fb2f12cf121577c0366ded552f53226e148bdf67e95b6ecb527979a7b2280,/path/to/Diffusion-TS/Utils/predictive_metric.py,66.24537944793701,0
Diffusion-TS,AirQuality,64,0,100004,predictive_score,0,0.019906620998312974,True,4096,08866e0a33d9b75e91a981c6031b183546043fc0bf762d0e9377bc734a6c4c09,04c0fba51040601dee56f06163b42b7a804ba3edbf657e902ce8f5a9b98f31c2,/path/to/Diffusion-TS/Utils/predictive_metric.py,66.19111156463623,0
Diffusion-TS,AirQuality,64,0,100004,predictive_score,42,0.02017460069464505,True,4096,08866e0a33d9b75e91a981c6031b183546043fc0bf762d0e9377bc734a6c4c09,04c0fba51040601dee56f06163b42b7a804ba3edbf657e902ce8f5a9b98f31c2,/path/to/Diffusion-TS/Utils/predictive_metric.py,66.50705862045288,1
Diffusion-TS,AirQuality,64,0,100004,predictive_score,123,0.021095029849334423,True,4096,08866e0a33d9b75e91a981c6031b183546043fc0bf762d0e9377bc734a6c4c09,04c0fba51040601dee56f06163b42b7a804ba3edbf657e902ce8f5a9b98f31c2,/path/to/Diffusion-TS/Utils/predictive_metric.py,65.4794430732727,2
Diffusion-TS,AirQuality,64,42,100000,predictive_score,0,0.020676011689204188,True,4096,08866e0a33d9b75e91a981c6031b183546043fc0bf762d0e9377bc734a6c4c09,05cb6b9fcd46135ab12931d1d1c63b979661024812aa7454e0d06165a45e752a,/path/to/Diffusion-TS/Utils/predictive_metric.py,67.02543210983276,0
Diffusion-TS,AirQuality,64,42,100000,predictive_score,42,0.02417295871754277,True,4096,08866e0a33d9b75e91a981c6031b183546043fc0bf762d0e9377bc734a6c4c09,05cb6b9fcd46135ab12931d1d1c63b979661024812aa7454e0d06165a45e752a,/path/to/Diffusion-TS/Utils/predictive_metric.py,66.69252038002014,2
Diffusion-TS,AirQuality,64,42,100000,predictive_score,123,0.021894653957019727,True,4096,08866e0a33d9b75e91a981c6031b183546043fc0bf762d0e9377bc734a6c4c09,05cb6b9fcd46135ab12931d1d1c63b979661024812aa7454e0d06165a45e752a,/path/to/Diffusion-TS/Utils/predictive_metric.py,64.64141654968262,1
Diffusion-TS,AirQuality,64,42,100001,predictive_score,0,0.02080996271288882,True,4096,08866e0a33d9b75e91a981c6031b183546043fc0bf762d0e9377bc734a6c4c09,1955f542415426b71a05f1158d2f07525166a1d46982b19beadb9a8113d81356,/path/to/Diffusion-TS/Utils/predictive_metric.py,65.4723904132843,1
Diffusion-TS,AirQuality,64,42,100001,predictive_score,42,0.024697747679567783,True,4096,08866e0a33d9b75e91a981c6031b183546043fc0bf762d0e9377bc734a6c4c09,1955f542415426b71a05f1158d2f07525166a1d46982b19beadb9a8113d81356,/path/to/Diffusion-TS/Utils/predictive_metric.py,67.06912684440613,0
Diffusion-TS,AirQuality,64,42,100001,predictive_score,123,0.022635619056131873,True,4096,08866e0a33d9b75e91a981c6031b183546043fc0bf762d0e9377bc734a6c4c09,1955f542415426b71a05f1158d2f07525166a1d46982b19beadb9a8113d81356,/path/to/Diffusion-TS/Utils/predictive_metric.py,65.56510090827942,2
Diffusion-TS,AirQuality,64,42,100002,predictive_score,0,0.021112847600079476,True,4096,08866e0a33d9b75e91a981c6031b183546043fc0bf762d0e9377bc734a6c4c09,cf4894a5ed6904328aca52044ec037aaa7ec6011c53bf9979036f7bd85d8db13,/path/to/Diffusion-TS/Utils/predictive_metric.py,66.31931924819946,0
Diffusion-TS,AirQuality,64,42,100002,predictive_score,42,0.02424568706305763,True,4096,08866e0a33d9b75e91a981c6031b183546043fc0bf762d0e9377bc734a6c4c09,cf4894a5ed6904328aca52044ec037aaa7ec6011c53bf9979036f7bd85d8db13,/path/to/Diffusion-TS/Utils/predictive_metric.py,66.58453464508057,2
Diffusion-TS,AirQuality,64,42,100002,predictive_score,123,0.022229994224517213,True,4096,08866e0a33d9b75e91a981c6031b183546043fc0bf762d0e9377bc734a6c4c09,cf4894a5ed6904328aca52044ec037aaa7ec6011c53bf9979036f7bd85d8db13,/path/to/Diffusion-TS/Utils/predictive_metric.py,65.52078366279602,1
Diffusion-TS,AirQuality,64,42,100003,predictive_score,0,0.021050474108733397,True,4096,08866e0a33d9b75e91a981c6031b183546043fc0bf762d0e9377bc734a6c4c09,50acd91d9388abbd1e2457f14e7de498ae9ac8e23dcfcbd2fe04d8592d91a3a1,/path/to/Diffusion-TS/Utils/predictive_metric.py,65.0670223236084,1
Diffusion-TS,AirQuality,64,42,100003,predictive_score,42,0.024690663461399254,True,4096,08866e0a33d9b75e91a981c6031b183546043fc0bf762d0e9377bc734a6c4c09,50acd91d9388abbd1e2457f14e7de498ae9ac8e23dcfcbd2fe04d8592d91a3a1,/path/to/Diffusion-TS/Utils/predictive_metric.py,66.05916595458984,0
Diffusion-TS,AirQuality,64,42,100003,predictive_score,123,0.022351836005100267,True,4096,08866e0a33d9b75e91a981c6031b183546043fc0bf762d0e9377bc734a6c4c09,50acd91d9388abbd1e2457f14e7de498ae9ac8e23dcfcbd2fe04d8592d91a3a1,/path/to/Diffusion-TS/Utils/predictive_metric.py,67.29393529891968,2
Diffusion-TS,AirQuality,64,42,100004,predictive_score,0,0.021020365571246202,True,4096,08866e0a33d9b75e91a981c6031b183546043fc0bf762d0e9377bc734a6c4c09,136338148d5f6d8b6b5ecc5e2a3324e1ade069ca434817ea155c66d16846154c,/path/to/Diffusion-TS/Utils/predictive_metric.py,65.78923034667969,0
Diffusion-TS,AirQuality,64,42,100004,predictive_score,42,0.024597033631494014,True,4096,08866e0a33d9b75e91a981c6031b183546043fc0bf762d0e9377bc734a6c4c09,136338148d5f6d8b6b5ecc5e2a3324e1ade069ca434817ea155c66d16846154c,/path/to/Diffusion-TS/Utils/predictive_metric.py,66.98431611061096,1
Diffusion-TS,AirQuality,64,42,100004,predictive_score,123,0.022367315554788547,True,4096,08866e0a33d9b75e91a981c6031b183546043fc0bf762d0e9377bc734a6c4c09,136338148d5f6d8b6b5ecc5e2a3324e1ade069ca434817ea155c66d16846154c,/path/to/Diffusion-TS/Utils/predictive_metric.py,65.0744776725769,2
Diffusion-TS,AirQuality,64,123,100000,predictive_score,0,0.020102788599899668,True,4096,08866e0a33d9b75e91a981c6031b183546043fc0bf762d0e9377bc734a6c4c09,853ce434948779d0c7c216cd2f6fa7571d755331387b1967f100e0b1178fa28d,/path/to/Diffusion-TS/Utils/predictive_metric.py,66.88132333755493,2
Diffusion-TS,AirQuality,64,123,100000,predictive_score,42,0.022967213785932472,True,4096,08866e0a33d9b75e91a981c6031b183546043fc0bf762d0e9377bc734a6c4c09,853ce434948779d0c7c216cd2f6fa7571d755331387b1967f100e0b1178fa28d,/path/to/Diffusion-TS/Utils/predictive_metric.py,66.96657204627991,1
Diffusion-TS,AirQuality,64,123,100000,predictive_score,123,0.021718801309077662,True,4096,08866e0a33d9b75e91a981c6031b183546043fc0bf762d0e9377bc734a6c4c09,853ce434948779d0c7c216cd2f6fa7571d755331387b1967f100e0b1178fa28d,/path/to/Diffusion-TS/Utils/predictive_metric.py,66.20936822891235,0
Diffusion-TS,AirQuality,64,123,100001,predictive_score,0,0.020083438037147516,True,4096,08866e0a33d9b75e91a981c6031b183546043fc0bf762d0e9377bc734a6c4c09,42800bf40d7f0d097d075e5ca8785991eb3fc1b2155d96afc993272c96bdae21,/path/to/Diffusion-TS/Utils/predictive_metric.py,65.29486727714539,0
Diffusion-TS,AirQuality,64,123,100001,predictive_score,42,0.023766034967536598,True,4096,08866e0a33d9b75e91a981c6031b183546043fc0bf762d0e9377bc734a6c4c09,42800bf40d7f0d097d075e5ca8785991eb3fc1b2155d96afc993272c96bdae21,/path/to/Diffusion-TS/Utils/predictive_metric.py,63.6608567237854,2
Diffusion-TS,AirQuality,64,123,100001,predictive_score,123,0.021652065514899732,True,4096,08866e0a33d9b75e91a981c6031b183546043fc0bf762d0e9377bc734a6c4c09,42800bf40d7f0d097d075e5ca8785991eb3fc1b2155d96afc993272c96bdae21,/path/to/Diffusion-TS/Utils/predictive_metric.py,65.15500402450562,1
Diffusion-TS,AirQuality,64,123,100002,predictive_score,0,0.020091421614836236,True,4096,08866e0a33d9b75e91a981c6031b183546043fc0bf762d0e9377bc734a6c4c09,87b9a55e28b94feb907008fc570ac9731403548de0ca095a85e2f4f8fdc3be2d,/path/to/Diffusion-TS/Utils/predictive_metric.py,66.3479995727539,1
Diffusion-TS,AirQuality,64,123,100002,predictive_score,42,0.023543025449100696,True,4096,08866e0a33d9b75e91a981c6031b183546043fc0bf762d0e9377bc734a6c4c09,87b9a55e28b94feb907008fc570ac9731403548de0ca095a85e2f4f8fdc3be2d,/path/to/Diffusion-TS/Utils/predictive_metric.py,66.70131945610046,0
Diffusion-TS,AirQuality,64,123,100002,predictive_score,123,0.021820776115646368,True,4096,08866e0a33d9b75e91a981c6031b183546043fc0bf762d0e9377bc734a6c4c09,87b9a55e28b94feb907008fc570ac9731403548de0ca095a85e2f4f8fdc3be2d,/path/to/Diffusion-TS/Utils/predictive_metric.py,67.60611629486084,2
Diffusion-TS,AirQuality,64,123,100003,predictive_score,0,0.02012075757920684,True,4096,08866e0a33d9b75e91a981c6031b183546043fc0bf762d0e9377bc734a6c4c09,f3e0bce8f776e92f49f10e6358006b0ee42cce68affe1f11056da96216f3855e,/path/to/Diffusion-TS/Utils/predictive_metric.py,68.61263513565063,2
Diffusion-TS,AirQuality,64,123,100003,predictive_score,42,0.024029061174928756,True,4096,08866e0a33d9b75e91a981c6031b183546043fc0bf762d0e9377bc734a6c4c09,f3e0bce8f776e92f49f10e6358006b0ee42cce68affe1f11056da96216f3855e,/path/to/Diffusion-TS/Utils/predictive_metric.py,64.44221544265747,0
Diffusion-TS,AirQuality,64,123,100003,predictive_score,123,0.021771910103666414,True,4096,08866e0a33d9b75e91a981c6031b183546043fc0bf762d0e9377bc734a6c4c09,f3e0bce8f776e92f49f10e6358006b0ee42cce68affe1f11056da96216f3855e,/path/to/Diffusion-TS/Utils/predictive_metric.py,66.09280061721802,1
Diffusion-TS,AirQuality,64,123,100004,predictive_score,0,0.01996644106355916,True,4096,08866e0a33d9b75e91a981c6031b183546043fc0bf762d0e9377bc734a6c4c09,fb57f5ea6f29969897961d3a2bd53a816846c572f3b643d4b50ccdd2470cf38f,/path/to/Diffusion-TS/Utils/predictive_metric.py,65.12903308868408,0
Diffusion-TS,AirQuality,64,123,100004,predictive_score,42,0.023763832223437475,True,4096,08866e0a33d9b75e91a981c6031b183546043fc0bf762d0e9377bc734a6c4c09,fb57f5ea6f29969897961d3a2bd53a816846c572f3b643d4b50ccdd2470cf38f,/path/to/Diffusion-TS/Utils/predictive_metric.py,65.66698026657104,1
Diffusion-TS,AirQuality,64,123,100004,predictive_score,123,0.021910947639810274,True,4096,08866e0a33d9b75e91a981c6031b183546043fc0bf762d0e9377bc734a6c4c09,fb57f5ea6f29969897961d3a2bd53a816846c572f3b643d4b50ccdd2470cf38f,/path/to/Diffusion-TS/Utils/predictive_metric.py,65.8367190361023,2
PETS-U,AirQuality,64,0,100000,predictive_score,0,0.019938842593887784,True,4096,08866e0a33d9b75e91a981c6031b183546043fc0bf762d0e9377bc734a6c4c09,7b377155dd34cca3c30a23542b52294c6665bf57b1e4454ddd69299ee2de5f50,/path/to/Diffusion-TS/Utils/predictive_metric.py,66.17633628845215,1
PETS-U,AirQuality,64,0,100000,predictive_score,42,0.021837368664705537,True,4096,08866e0a33d9b75e91a981c6031b183546043fc0bf762d0e9377bc734a6c4c09,7b377155dd34cca3c30a23542b52294c6665bf57b1e4454ddd69299ee2de5f50,/path/to/Diffusion-TS/Utils/predictive_metric.py,65.64386820793152,2
PETS-U,AirQuality,64,0,100000,predictive_score,123,0.023701534405574876,True,4096,08866e0a33d9b75e91a981c6031b183546043fc0bf762d0e9377bc734a6c4c09,7b377155dd34cca3c30a23542b52294c6665bf57b1e4454ddd69299ee2de5f50,/path/to/Diffusion-TS/Utils/predictive_metric.py,68.35558080673218,0
PETS-U,AirQuality,64,0,100001,predictive_score,0,0.019945007852697927,True,4096,08866e0a33d9b75e91a981c6031b183546043fc0bf762d0e9377bc734a6c4c09,75c5cf9d79ab68a8d9ede0c73e3e031702717bdf2537c10333825da92740a7dd,/path/to/Diffusion-TS/Utils/predictive_metric.py,68.33837556838989,2
PETS-U,AirQuality,64,0,100001,predictive_score,42,0.020824340728267998,True,4096,08866e0a33d9b75e91a981c6031b183546043fc0bf762d0e9377bc734a6c4c09,75c5cf9d79ab68a8d9ede0c73e3e031702717bdf2537c10333825da92740a7dd,/path/to/Diffusion-TS/Utils/predictive_metric.py,67.82363104820251,1
PETS-U,AirQuality,64,0,100001,predictive_score,123,0.022893780216350024,True,4096,08866e0a33d9b75e91a981c6031b183546043fc0bf762d0e9377bc734a6c4c09,75c5cf9d79ab68a8d9ede0c73e3e031702717bdf2537c10333825da92740a7dd,/path/to/Diffusion-TS/Utils/predictive_metric.py,66.53315877914429,0
PETS-U,AirQuality,64,0,100002,predictive_score,0,0.02006306713980166,True,4096,08866e0a33d9b75e91a981c6031b183546043fc0bf762d0e9377bc734a6c4c09,bf2864a622671d66f1bbd60460d72fbf168b573e9eaa157eda97a78b4ea55f21,/path/to/Diffusion-TS/Utils/predictive_metric.py,64.96701693534851,2
PETS-U,AirQuality,64,0,100002,predictive_score,42,0.020919662684377727,True,4096,08866e0a33d9b75e91a981c6031b183546043fc0bf762d0e9377bc734a6c4c09,bf2864a622671d66f1bbd60460d72fbf168b573e9eaa157eda97a78b4ea55f21,/path/to/Diffusion-TS/Utils/predictive_metric.py,64.97891569137573,0
PETS-U,AirQuality,64,0,100002,predictive_score,123,0.022751736733198413,True,4096,08866e0a33d9b75e91a981c6031b183546043fc0bf762d0e9377bc734a6c4c09,bf2864a622671d66f1bbd60460d72fbf168b573e9eaa157eda97a78b4ea55f21,/path/to/Diffusion-TS/Utils/predictive_metric.py,65.39068222045898,1
PETS-U,AirQuality,64,0,100003,predictive_score,0,0.019889970599251683,True,4096,08866e0a33d9b75e91a981c6031b183546043fc0bf762d0e9377bc734a6c4c09,86e67a144a0e3831cf6a06ae16f1ab2155e758531f2112ee937b919d665ea010,/path/to/Diffusion-TS/Utils/predictive_metric.py,65.88249373435974,0
PETS-U,AirQuality,64,0,100003,predictive_score,42,0.02225569232621183,True,4096,08866e0a33d9b75e91a981c6031b183546043fc0bf762d0e9377bc734a6c4c09,86e67a144a0e3831cf6a06ae16f1ab2155e758531f2112ee937b919d665ea010,/path/to/Diffusion-TS/Utils/predictive_metric.py,66.50144863128662,2
PETS-U,AirQuality,64,0,100003,predictive_score,123,0.02307276563817595,True,4096,08866e0a33d9b75e91a981c6031b183546043fc0bf762d0e9377bc734a6c4c09,86e67a144a0e3831cf6a06ae16f1ab2155e758531f2112ee937b919d665ea010,/path/to/Diffusion-TS/Utils/predictive_metric.py,65.33938455581665,1
PETS-U,AirQuality,64,0,100004,predictive_score,0,0.020070601456723125,True,4096,08866e0a33d9b75e91a981c6031b183546043fc0bf762d0e9377bc734a6c4c09,feaef89e930e61d47fd577399925384f9eb3bc766f3c60f9964c6dac50efe3f6,/path/to/Diffusion-TS/Utils/predictive_metric.py,65.80507135391235,0
PETS-U,AirQuality,64,0,100004,predictive_score,42,0.021873450594512178,True,4096,08866e0a33d9b75e91a981c6031b183546043fc0bf762d0e9377bc734a6c4c09,feaef89e930e61d47fd577399925384f9eb3bc766f3c60f9964c6dac50efe3f6,/path/to/Diffusion-TS/Utils/predictive_metric.py,64.60696601867676,1
PETS-U,AirQuality,64,0,100004,predictive_score,123,0.022991440053772294,True,4096,08866e0a33d9b75e91a981c6031b183546043fc0bf762d0e9377bc734a6c4c09,feaef89e930e61d47fd577399925384f9eb3bc766f3c60f9964c6dac50efe3f6,/path/to/Diffusion-TS/Utils/predictive_metric.py,64.20908188819885,2
PETS-U,AirQuality,64,42,100000,predictive_score,0,0.020709830791844297,True,4096,08866e0a33d9b75e91a981c6031b183546043fc0bf762d0e9377bc734a6c4c09,cc4e67e73abdc2f7615311ebda17e637c958a7cd58d531a69e756346e5a68fda,/path/to/Diffusion-TS/Utils/predictive_metric.py,64.82503867149353,1
PETS-U,AirQuality,64,42,100000,predictive_score,42,0.02454741661921389,True,4096,08866e0a33d9b75e91a981c6031b183546043fc0bf762d0e9377bc734a6c4c09,cc4e67e73abdc2f7615311ebda17e637c958a7cd58d531a69e756346e5a68fda,/path/to/Diffusion-TS/Utils/predictive_metric.py,65.36278533935547,2
PETS-U,AirQuality,64,42,100000,predictive_score,123,0.02235667748027481,True,4096,08866e0a33d9b75e91a981c6031b183546043fc0bf762d0e9377bc734a6c4c09,cc4e67e73abdc2f7615311ebda17e637c958a7cd58d531a69e756346e5a68fda,/path/to/Diffusion-TS/Utils/predictive_metric.py,67.33809185028076,0
PETS-U,AirQuality,64,42,100001,predictive_score,0,0.020471299267171617,True,4096,08866e0a33d9b75e91a981c6031b183546043fc0bf762d0e9377bc734a6c4c09,dd5d3e43f0f82e4c0c484c8bbdbfe016cdf18decb5b77cdc189731c7cf3fe8cd,/path/to/Diffusion-TS/Utils/predictive_metric.py,62.858497858047485,2
PETS-U,AirQuality,64,42,100001,predictive_score,42,0.024163890596469173,True,4096,08866e0a33d9b75e91a981c6031b183546043fc0bf762d0e9377bc734a6c4c09,dd5d3e43f0f82e4c0c484c8bbdbfe016cdf18decb5b77cdc189731c7cf3fe8cd,/path/to/Diffusion-TS/Utils/predictive_metric.py,66.29764318466187,1
PETS-U,AirQuality,64,42,100001,predictive_score,123,0.022531113620289034,True,4096,08866e0a33d9b75e91a981c6031b183546043fc0bf762d0e9377bc734a6c4c09,dd5d3e43f0f82e4c0c484c8bbdbfe016cdf18decb5b77cdc189731c7cf3fe8cd,/path/to/Diffusion-TS/Utils/predictive_metric.py,68.95163178443909,0
PETS-U,AirQuality,64,42,100002,predictive_score,0,0.02043001674047673,True,4096,08866e0a33d9b75e91a981c6031b183546043fc0bf762d0e9377bc734a6c4c09,0e084eab4a1705e9c1fc6006452596ff5392e79232f092eff6c38aaca89cca34,/path/to/Diffusion-TS/Utils/predictive_metric.py,66.50801515579224,2
PETS-U,AirQuality,64,42,100002,predictive_score,42,0.024403768913998647,True,4096,08866e0a33d9b75e91a981c6031b183546043fc0bf762d0e9377bc734a6c4c09,0e084eab4a1705e9c1fc6006452596ff5392e79232f092eff6c38aaca89cca34,/path/to/Diffusion-TS/Utils/predictive_metric.py,67.72274231910706,1
PETS-U,AirQuality,64,42,100002,predictive_score,123,0.02300010167698474,True,4096,08866e0a33d9b75e91a981c6031b183546043fc0bf762d0e9377bc734a6c4c09,0e084eab4a1705e9c1fc6006452596ff5392e79232f092eff6c38aaca89cca34,/path/to/Diffusion-TS/Utils/predictive_metric.py,65.04397249221802,0
PETS-U,AirQuality,64,42,100003,predictive_score,0,0.02044203397002775,True,4096,08866e0a33d9b75e91a981c6031b183546043fc0bf762d0e9377bc734a6c4c09,cd1718cae04d1055d6d66b2cc57bb7bdffccb38b5dc5cc6e449234dae276ba1a,/path/to/Diffusion-TS/Utils/predictive_metric.py,64.92272424697876,0
PETS-U,AirQuality,64,42,100003,predictive_score,42,0.024291947301776418,True,4096,08866e0a33d9b75e91a981c6031b183546043fc0bf762d0e9377bc734a6c4c09,cd1718cae04d1055d6d66b2cc57bb7bdffccb38b5dc5cc6e449234dae276ba1a,/path/to/Diffusion-TS/Utils/predictive_metric.py,67.47792482376099,1
PETS-U,AirQuality,64,42,100003,predictive_score,123,0.02284061009652305,True,4096,08866e0a33d9b75e91a981c6031b183546043fc0bf762d0e9377bc734a6c4c09,cd1718cae04d1055d6d66b2cc57bb7bdffccb38b5dc5cc6e449234dae276ba1a,/path/to/Diffusion-TS/Utils/predictive_metric.py,68.26604914665222,2
PETS-U,AirQuality,64,42,100004,predictive_score,0,0.020840048587899673,True,4096,08866e0a33d9b75e91a981c6031b183546043fc0bf762d0e9377bc734a6c4c09,9f0f84d92adbc1a96d88c565d097f626a6a27150e9dc6ebcc20f3d0a6777170d,/path/to/Diffusion-TS/Utils/predictive_metric.py,64.29600501060486,1
PETS-U,AirQuality,64,42,100004,predictive_score,42,0.024317484237997178,True,4096,08866e0a33d9b75e91a981c6031b183546043fc0bf762d0e9377bc734a6c4c09,9f0f84d92adbc1a96d88c565d097f626a6a27150e9dc6ebcc20f3d0a6777170d,/path/to/Diffusion-TS/Utils/predictive_metric.py,66.98545694351196,0
PETS-U,AirQuality,64,42,100004,predictive_score,123,0.022345334394003658,True,4096,08866e0a33d9b75e91a981c6031b183546043fc0bf762d0e9377bc734a6c4c09,9f0f84d92adbc1a96d88c565d097f626a6a27150e9dc6ebcc20f3d0a6777170d,/path/to/Diffusion-TS/Utils/predictive_metric.py,66.26780271530151,2
PETS-U,AirQuality,64,123,100000,predictive_score,0,0.02064259662506629,True,4096,08866e0a33d9b75e91a981c6031b183546043fc0bf762d0e9377bc734a6c4c09,9d4f46d4bdc98616aae3c78cffe28deab79fedc72134eac2bc6fe63ae1b6bb7c,/path/to/Diffusion-TS/Utils/predictive_metric.py,66.20051980018616,2
PETS-U,AirQuality,64,123,100000,predictive_score,42,0.024205595152693604,True,4096,08866e0a33d9b75e91a981c6031b183546043fc0bf762d0e9377bc734a6c4c09,9d4f46d4bdc98616aae3c78cffe28deab79fedc72134eac2bc6fe63ae1b6bb7c,/path/to/Diffusion-TS/Utils/predictive_metric.py,65.77589106559753,0
PETS-U,AirQuality,64,123,100000,predictive_score,123,0.02379569120449787,True,4096,08866e0a33d9b75e91a981c6031b183546043fc0bf762d0e9377bc734a6c4c09,9d4f46d4bdc98616aae3c78cffe28deab79fedc72134eac2bc6fe63ae1b6bb7c,/path/to/Diffusion-TS/Utils/predictive_metric.py,68.54836320877075,1
PETS-U,AirQuality,64,123,100001,predictive_score,0,0.020754307575430175,True,4096,08866e0a33d9b75e91a981c6031b183546043fc0bf762d0e9377bc734a6c4c09,7c546757eece4776ecf44ebdb5addb37bf6cee2364351529595b6798ae585d22,/path/to/Diffusion-TS/Utils/predictive_metric.py,64.41607236862183,0
PETS-U,AirQuality,64,123,100001,predictive_score,42,0.024733312022931386,True,4096,08866e0a33d9b75e91a981c6031b183546043fc0bf762d0e9377bc734a6c4c09,7c546757eece4776ecf44ebdb5addb37bf6cee2364351529595b6798ae585d22,/path/to/Diffusion-TS/Utils/predictive_metric.py,66.60981035232544,2
PETS-U,AirQuality,64,123,100001,predictive_score,123,0.02175251395487976,True,4096,08866e0a33d9b75e91a981c6031b183546043fc0bf762d0e9377bc734a6c4c09,7c546757eece4776ecf44ebdb5addb37bf6cee2364351529595b6798ae585d22,/path/to/Diffusion-TS/Utils/predictive_metric.py,64.16080379486084,1
PETS-U,AirQuality,64,123,100002,predictive_score,0,0.020678942219888086,True,4096,08866e0a33d9b75e91a981c6031b183546043fc0bf762d0e9377bc734a6c4c09,3c4163092a151b5a9393209970b2f3afb8b319f6471d61cf9674cdda9f426a55,/path/to/Diffusion-TS/Utils/predictive_metric.py,65.47663283348083,0
PETS-U,AirQuality,64,123,100002,predictive_score,42,0.024539412906278812,True,4096,08866e0a33d9b75e91a981c6031b183546043fc0bf762d0e9377bc734a6c4c09,3c4163092a151b5a9393209970b2f3afb8b319f6471d61cf9674cdda9f426a55,/path/to/Diffusion-TS/Utils/predictive_metric.py,67.9811360836029,1
PETS-U,AirQuality,64,123,100002,predictive_score,123,0.022713159216095846,True,4096,08866e0a33d9b75e91a981c6031b183546043fc0bf762d0e9377bc734a6c4c09,3c4163092a151b5a9393209970b2f3afb8b319f6471d61cf9674cdda9f426a55,/path/to/Diffusion-TS/Utils/predictive_metric.py,67.5067970752716,2
PETS-U,AirQuality,64,123,100003,predictive_score,0,0.020762030479147597,True,4096,08866e0a33d9b75e91a981c6031b183546043fc0bf762d0e9377bc734a6c4c09,3d7f4e3931194782d89d8b4e2f2f93605d58690cc55d691e4f78eaf6d891917b,/path/to/Diffusion-TS/Utils/predictive_metric.py,66.80628943443298,1
PETS-U,AirQuality,64,123,100003,predictive_score,42,0.025135021710525507,True,4096,08866e0a33d9b75e91a981c6031b183546043fc0bf762d0e9377bc734a6c4c09,3d7f4e3931194782d89d8b4e2f2f93605d58690cc55d691e4f78eaf6d891917b,/path/to/Diffusion-TS/Utils/predictive_metric.py,66.23269009590149,0
PETS-U,AirQuality,64,123,100003,predictive_score,123,0.022811801959164768,True,4096,08866e0a33d9b75e91a981c6031b183546043fc0bf762d0e9377bc734a6c4c09,3d7f4e3931194782d89d8b4e2f2f93605d58690cc55d691e4f78eaf6d891917b,/path/to/Diffusion-TS/Utils/predictive_metric.py,64.85340523719788,2
PETS-U,AirQuality,64,123,100004,predictive_score,0,0.020685629975844222,True,4096,08866e0a33d9b75e91a981c6031b183546043fc0bf762d0e9377bc734a6c4c09,74e838a7656e016990aff03daf41b0336922a7ab6ffa3e7d7b9bab2d9b0734ad,/path/to/Diffusion-TS/Utils/predictive_metric.py,65.93296790122986,2
PETS-U,AirQuality,64,123,100004,predictive_score,42,0.02433028958853356,True,4096,08866e0a33d9b75e91a981c6031b183546043fc0bf762d0e9377bc734a6c4c09,74e838a7656e016990aff03daf41b0336922a7ab6ffa3e7d7b9bab2d9b0734ad,/path/to/Diffusion-TS/Utils/predictive_metric.py,67.06560969352722,0
PETS-U,AirQuality,64,123,100004,predictive_score,123,0.02389765594784876,True,4096,08866e0a33d9b75e91a981c6031b183546043fc0bf762d0e9377bc734a6c4c09,74e838a7656e016990aff03daf41b0336922a7ab6ffa3e7d7b9bab2d9b0734ad,/path/to/Diffusion-TS/Utils/predictive_metric.py,67.70281887054443,1
Diffusion-TS,AirQuality,128,0,100000,predictive_score,0,0.01950326565213345,True,4096,5afe3b08282b3892cd469742e000c4f1d5bc811df0531b8e9f27f911568f0272,8b0fea87f7e01cf26d2b38cf65a3165ee8728e4cf5f82853140f836a363dd542,/path/to/Diffusion-TS/Utils/predictive_metric.py,125.10248851776123,1
Diffusion-TS,AirQuality,128,0,100000,predictive_score,42,0.02008255496457423,True,4096,5afe3b08282b3892cd469742e000c4f1d5bc811df0531b8e9f27f911568f0272,8b0fea87f7e01cf26d2b38cf65a3165ee8728e4cf5f82853140f836a363dd542,/path/to/Diffusion-TS/Utils/predictive_metric.py,125.09111046791077,0
Diffusion-TS,AirQuality,128,0,100000,predictive_score,123,0.02152285120041597,True,4096,5afe3b08282b3892cd469742e000c4f1d5bc811df0531b8e9f27f911568f0272,8b0fea87f7e01cf26d2b38cf65a3165ee8728e4cf5f82853140f836a363dd542,/path/to/Diffusion-TS/Utils/predictive_metric.py,124.76903247833252,2
Diffusion-TS,AirQuality,128,0,100001,predictive_score,0,0.01934118060455603,True,4096,5afe3b08282b3892cd469742e000c4f1d5bc811df0531b8e9f27f911568f0272,aea40b82d06aa3e37887979840bd139e5aca0aad24baa7f1179a8e2e160703c2,/path/to/Diffusion-TS/Utils/predictive_metric.py,128.31623792648315,1
Diffusion-TS,AirQuality,128,0,100001,predictive_score,42,0.02020426699436939,True,4096,5afe3b08282b3892cd469742e000c4f1d5bc811df0531b8e9f27f911568f0272,aea40b82d06aa3e37887979840bd139e5aca0aad24baa7f1179a8e2e160703c2,/path/to/Diffusion-TS/Utils/predictive_metric.py,126.87349820137024,2
Diffusion-TS,AirQuality,128,0,100001,predictive_score,123,0.0226781589675511,True,4096,5afe3b08282b3892cd469742e000c4f1d5bc811df0531b8e9f27f911568f0272,aea40b82d06aa3e37887979840bd139e5aca0aad24baa7f1179a8e2e160703c2,/path/to/Diffusion-TS/Utils/predictive_metric.py,123.66024661064148,0
Diffusion-TS,AirQuality,128,0,100002,predictive_score,0,0.019370849822280434,True,4096,5afe3b08282b3892cd469742e000c4f1d5bc811df0531b8e9f27f911568f0272,d71e35048df5b4700a40d14554dc4e0fea6053be0cb740815905aa467fb68864,/path/to/Diffusion-TS/Utils/predictive_metric.py,123.76426720619202,2
Diffusion-TS,AirQuality,128,0,100002,predictive_score,42,0.020131867847567264,True,4096,5afe3b08282b3892cd469742e000c4f1d5bc811df0531b8e9f27f911568f0272,d71e35048df5b4700a40d14554dc4e0fea6053be0cb740815905aa467fb68864,/path/to/Diffusion-TS/Utils/predictive_metric.py,125.9436264038086,0
Diffusion-TS,AirQuality,128,0,100002,predictive_score,123,0.021717720621154513,True,4096,5afe3b08282b3892cd469742e000c4f1d5bc811df0531b8e9f27f911568f0272,d71e35048df5b4700a40d14554dc4e0fea6053be0cb740815905aa467fb68864,/path/to/Diffusion-TS/Utils/predictive_metric.py,126.03641724586487,1
Diffusion-TS,AirQuality,128,0,100003,predictive_score,0,0.019579787315478825,True,4096,5afe3b08282b3892cd469742e000c4f1d5bc811df0531b8e9f27f911568f0272,f65703e3c6ec2c0066535fcd88946aad7568fdc2498666e5b1f7bf7f8a607129,/path/to/Diffusion-TS/Utils/predictive_metric.py,125.05768847465515,1
Diffusion-TS,AirQuality,128,0,100003,predictive_score,42,0.020016326583800037,True,4096,5afe3b08282b3892cd469742e000c4f1d5bc811df0531b8e9f27f911568f0272,f65703e3c6ec2c0066535fcd88946aad7568fdc2498666e5b1f7bf7f8a607129,/path/to/Diffusion-TS/Utils/predictive_metric.py,126.82570385932922,2
Diffusion-TS,AirQuality,128,0,100003,predictive_score,123,0.02171867909203229,True,4096,5afe3b08282b3892cd469742e000c4f1d5bc811df0531b8e9f27f911568f0272,f65703e3c6ec2c0066535fcd88946aad7568fdc2498666e5b1f7bf7f8a607129,/path/to/Diffusion-TS/Utils/predictive_metric.py,124.54502868652344,0
Diffusion-TS,AirQuality,128,0,100004,predictive_score,0,0.019399410435084974,True,4096,5afe3b08282b3892cd469742e000c4f1d5bc811df0531b8e9f27f911568f0272,eac4ba3c69bf01285094e47414b4f13bf5956c18648475a6591a7860674d221f,/path/to/Diffusion-TS/Utils/predictive_metric.py,126.59621167182922,0
Diffusion-TS,AirQuality,128,0,100004,predictive_score,42,0.019948585752899817,True,4096,5afe3b08282b3892cd469742e000c4f1d5bc811df0531b8e9f27f911568f0272,eac4ba3c69bf01285094e47414b4f13bf5956c18648475a6591a7860674d221f,/path/to/Diffusion-TS/Utils/predictive_metric.py,125.81162810325623,2
Diffusion-TS,AirQuality,128,0,100004,predictive_score,123,0.021983713919667025,True,4096,5afe3b08282b3892cd469742e000c4f1d5bc811df0531b8e9f27f911568f0272,eac4ba3c69bf01285094e47414b4f13bf5956c18648475a6591a7860674d221f,/path/to/Diffusion-TS/Utils/predictive_metric.py,123.74039578437805,1
Diffusion-TS,AirQuality,128,42,100000,predictive_score,0,0.01959740521704134,True,4096,5afe3b08282b3892cd469742e000c4f1d5bc811df0531b8e9f27f911568f0272,643ff477acdae7f2016c240692be3d47e7f826ba94d94e64c11c88aa39d52fae,/path/to/Diffusion-TS/Utils/predictive_metric.py,125.13689374923706,2
Diffusion-TS,AirQuality,128,42,100000,predictive_score,42,0.02096489628274867,True,4096,5afe3b08282b3892cd469742e000c4f1d5bc811df0531b8e9f27f911568f0272,643ff477acdae7f2016c240692be3d47e7f826ba94d94e64c11c88aa39d52fae,/path/to/Diffusion-TS/Utils/predictive_metric.py,126.14252591133118,1
Diffusion-TS,AirQuality,128,42,100000,predictive_score,123,0.020967026148014156,True,4096,5afe3b08282b3892cd469742e000c4f1d5bc811df0531b8e9f27f911568f0272,643ff477acdae7f2016c240692be3d47e7f826ba94d94e64c11c88aa39d52fae,/path/to/Diffusion-TS/Utils/predictive_metric.py,126.08126425743103,0
Diffusion-TS,AirQuality,128,42,100001,predictive_score,0,0.019701475381111777,True,4096,5afe3b08282b3892cd469742e000c4f1d5bc811df0531b8e9f27f911568f0272,32c640bdd71b8edff76b7fb7d99b86b6856974ec045a1d893b408837ab1e7e3b,/path/to/Diffusion-TS/Utils/predictive_metric.py,124.29940795898438,0
Diffusion-TS,AirQuality,128,42,100001,predictive_score,42,0.022131810438509092,True,4096,5afe3b08282b3892cd469742e000c4f1d5bc811df0531b8e9f27f911568f0272,32c640bdd71b8edff76b7fb7d99b86b6856974ec045a1d893b408837ab1e7e3b,/path/to/Diffusion-TS/Utils/predictive_metric.py,128.21267461776733,2
Diffusion-TS,AirQuality,128,42,100001,predictive_score,123,0.02159410112506066,True,4096,5afe3b08282b3892cd469742e000c4f1d5bc811df0531b8e9f27f911568f0272,32c640bdd71b8edff76b7fb7d99b86b6856974ec045a1d893b408837ab1e7e3b,/path/to/Diffusion-TS/Utils/predictive_metric.py,124.93491220474243,1
Diffusion-TS,AirQuality,128,42,100002,predictive_score,0,0.01969845423411698,True,4096,5afe3b08282b3892cd469742e000c4f1d5bc811df0531b8e9f27f911568f0272,44110360d9916e7b9fc4894e979c044e59cd7c9df4448942e0d1f08b56bace46,/path/to/Diffusion-TS/Utils/predictive_metric.py,123.5484790802002,0
Diffusion-TS,AirQuality,128,42,100002,predictive_score,42,0.021919366374504534,True,4096,5afe3b08282b3892cd469742e000c4f1d5bc811df0531b8e9f27f911568f0272,44110360d9916e7b9fc4894e979c044e59cd7c9df4448942e0d1f08b56bace46,/path/to/Diffusion-TS/Utils/predictive_metric.py,127.82798480987549,1
Diffusion-TS,AirQuality,128,42,100002,predictive_score,123,0.020674720912552402,True,4096,5afe3b08282b3892cd469742e000c4f1d5bc811df0531b8e9f27f911568f0272,44110360d9916e7b9fc4894e979c044e59cd7c9df4448942e0d1f08b56bace46,/path/to/Diffusion-TS/Utils/predictive_metric.py,126.60402774810791,2
Diffusion-TS,AirQuality,128,42,100003,predictive_score,0,0.019614522391066203,True,4096,5afe3b08282b3892cd469742e000c4f1d5bc811df0531b8e9f27f911568f0272,35781741db0317fbc30fbae002a033b848ab026d0572fef7612b883ed76facdc,/path/to/Diffusion-TS/Utils/predictive_metric.py,125.55350017547607,0
Diffusion-TS,AirQuality,128,42,100003,predictive_score,42,0.021022544665470377,True,4096,5afe3b08282b3892cd469742e000c4f1d5bc811df0531b8e9f27f911568f0272,35781741db0317fbc30fbae002a033b848ab026d0572fef7612b883ed76facdc,/path/to/Diffusion-TS/Utils/predictive_metric.py,125.43185520172119,2
Diffusion-TS,AirQuality,128,42,100003,predictive_score,123,0.021329828630769043,True,4096,5afe3b08282b3892cd469742e000c4f1d5bc811df0531b8e9f27f911568f0272,35781741db0317fbc30fbae002a033b848ab026d0572fef7612b883ed76facdc,/path/to/Diffusion-TS/Utils/predictive_metric.py,126.50220322608948,1
Diffusion-TS,AirQuality,128,42,100004,predictive_score,0,0.019570089156786707,True,4096,5afe3b08282b3892cd469742e000c4f1d5bc811df0531b8e9f27f911568f0272,253edb785077fe762156790234e17563950843fadf692c60ce7359c0d9df1dd1,/path/to/Diffusion-TS/Utils/predictive_metric.py,126.8408465385437,2
Diffusion-TS,AirQuality,128,42,100004,predictive_score,42,0.02104591841077763,True,4096,5afe3b08282b3892cd469742e000c4f1d5bc811df0531b8e9f27f911568f0272,253edb785077fe762156790234e17563950843fadf692c60ce7359c0d9df1dd1,/path/to/Diffusion-TS/Utils/predictive_metric.py,124.68726921081543,1
Diffusion-TS,AirQuality,128,42,100004,predictive_score,123,0.020057303345197397,True,4096,5afe3b08282b3892cd469742e000c4f1d5bc811df0531b8e9f27f911568f0272,253edb785077fe762156790234e17563950843fadf692c60ce7359c0d9df1dd1,/path/to/Diffusion-TS/Utils/predictive_metric.py,124.96263885498047,0
Diffusion-TS,AirQuality,128,123,100000,predictive_score,0,0.01979001664255975,True,4096,5afe3b08282b3892cd469742e000c4f1d5bc811df0531b8e9f27f911568f0272,f1cdbabf38ef9d9dfb47e15fc31f5b1b4226ddcd54862fa4b38dc062c8053b6e,/path/to/Diffusion-TS/Utils/predictive_metric.py,124.79345464706421,2
Diffusion-TS,AirQuality,128,123,100000,predictive_score,42,0.02256176897253681,True,4096,5afe3b08282b3892cd469742e000c4f1d5bc811df0531b8e9f27f911568f0272,f1cdbabf38ef9d9dfb47e15fc31f5b1b4226ddcd54862fa4b38dc062c8053b6e,/path/to/Diffusion-TS/Utils/predictive_metric.py,126.76208853721619,0
Diffusion-TS,AirQuality,128,123,100000,predictive_score,123,0.021671185383752345,True,4096,5afe3b08282b3892cd469742e000c4f1d5bc811df0531b8e9f27f911568f0272,f1cdbabf38ef9d9dfb47e15fc31f5b1b4226ddcd54862fa4b38dc062c8053b6e,/path/to/Diffusion-TS/Utils/predictive_metric.py,124.01522541046143,1
Diffusion-TS,AirQuality,128,123,100001,predictive_score,0,0.019617948939981034,True,4096,5afe3b08282b3892cd469742e000c4f1d5bc811df0531b8e9f27f911568f0272,7375d9f2562b9ab21fe6244f93e60ca34c4d044699581a75ae663473cb16b950,/path/to/Diffusion-TS/Utils/predictive_metric.py,124.59091782569885,1
Diffusion-TS,AirQuality,128,123,100001,predictive_score,42,0.022429295724350595,True,4096,5afe3b08282b3892cd469742e000c4f1d5bc811df0531b8e9f27f911568f0272,7375d9f2562b9ab21fe6244f93e60ca34c4d044699581a75ae663473cb16b950,/path/to/Diffusion-TS/Utils/predictive_metric.py,127.33136653900146,2
Diffusion-TS,AirQuality,128,123,100001,predictive_score,123,0.021707540130819325,True,4096,5afe3b08282b3892cd469742e000c4f1d5bc811df0531b8e9f27f911568f0272,7375d9f2562b9ab21fe6244f93e60ca34c4d044699581a75ae663473cb16b950,/path/to/Diffusion-TS/Utils/predictive_metric.py,125.42216753959656,0
Diffusion-TS,AirQuality,128,123,100002,predictive_score,0,0.019820589288656265,True,4096,5afe3b08282b3892cd469742e000c4f1d5bc811df0531b8e9f27f911568f0272,b3128fb7a8164a978d4b74076aaf861515dab71f33c55e2130fa94f12a39a0c8,/path/to/Diffusion-TS/Utils/predictive_metric.py,126.66363883018494,1
Diffusion-TS,AirQuality,128,123,100002,predictive_score,42,0.022365522757922918,True,4096,5afe3b08282b3892cd469742e000c4f1d5bc811df0531b8e9f27f911568f0272,b3128fb7a8164a978d4b74076aaf861515dab71f33c55e2130fa94f12a39a0c8,/path/to/Diffusion-TS/Utils/predictive_metric.py,124.72949957847595,0
Diffusion-TS,AirQuality,128,123,100002,predictive_score,123,0.02212064817376813,True,4096,5afe3b08282b3892cd469742e000c4f1d5bc811df0531b8e9f27f911568f0272,b3128fb7a8164a978d4b74076aaf861515dab71f33c55e2130fa94f12a39a0c8,/path/to/Diffusion-TS/Utils/predictive_metric.py,126.40841937065125,2
Diffusion-TS,AirQuality,128,123,100003,predictive_score,0,0.019794713155988575,True,4096,5afe3b08282b3892cd469742e000c4f1d5bc811df0531b8e9f27f911568f0272,9dbb0678a62bcfcd09fe755d77be4ba2715becd1eac0d9542cfdf32a8de75f4b,/path/to/Diffusion-TS/Utils/predictive_metric.py,124.22858190536499,2
Diffusion-TS,AirQuality,128,123,100003,predictive_score,42,0.0224246625118667,True,4096,5afe3b08282b3892cd469742e000c4f1d5bc811df0531b8e9f27f911568f0272,9dbb0678a62bcfcd09fe755d77be4ba2715becd1eac0d9542cfdf32a8de75f4b,/path/to/Diffusion-TS/Utils/predictive_metric.py,122.92277002334595,0
Diffusion-TS,AirQuality,128,123,100003,predictive_score,123,0.022305935770191354,True,4096,5afe3b08282b3892cd469742e000c4f1d5bc811df0531b8e9f27f911568f0272,9dbb0678a62bcfcd09fe755d77be4ba2715becd1eac0d9542cfdf32a8de75f4b,/path/to/Diffusion-TS/Utils/predictive_metric.py,125.29153871536255,1
Diffusion-TS,AirQuality,128,123,100004,predictive_score,0,0.019902240094211265,True,4096,5afe3b08282b3892cd469742e000c4f1d5bc811df0531b8e9f27f911568f0272,06ffef3aff7109eb85ad85665a74c1b4620513530aa56ab68b741afa3d15775f,/path/to/Diffusion-TS/Utils/predictive_metric.py,126.64731764793396,2
Diffusion-TS,AirQuality,128,123,100004,predictive_score,42,0.02212167474385751,True,4096,5afe3b08282b3892cd469742e000c4f1d5bc811df0531b8e9f27f911568f0272,06ffef3aff7109eb85ad85665a74c1b4620513530aa56ab68b741afa3d15775f,/path/to/Diffusion-TS/Utils/predictive_metric.py,127.16225934028625,1
Diffusion-TS,AirQuality,128,123,100004,predictive_score,123,0.021437302427671057,True,4096,5afe3b08282b3892cd469742e000c4f1d5bc811df0531b8e9f27f911568f0272,06ffef3aff7109eb85ad85665a74c1b4620513530aa56ab68b741afa3d15775f,/path/to/Diffusion-TS/Utils/predictive_metric.py,125.46495747566223,0
PETS-U,AirQuality,128,0,100000,predictive_score,0,0.01985863536276611,True,4096,5afe3b08282b3892cd469742e000c4f1d5bc811df0531b8e9f27f911568f0272,7b6fd5a6d42085991c68d8879ff4e30ba81a6e76047afa8cc80b4e71959c01a4,/path/to/Diffusion-TS/Utils/predictive_metric.py,125.80932641029358,0
PETS-U,AirQuality,128,0,100000,predictive_score,42,0.02045709428216469,True,4096,5afe3b08282b3892cd469742e000c4f1d5bc811df0531b8e9f27f911568f0272,7b6fd5a6d42085991c68d8879ff4e30ba81a6e76047afa8cc80b4e71959c01a4,/path/to/Diffusion-TS/Utils/predictive_metric.py,124.42327237129211,2
PETS-U,AirQuality,128,0,100000,predictive_score,123,0.021356842082809635,True,4096,5afe3b08282b3892cd469742e000c4f1d5bc811df0531b8e9f27f911568f0272,7b6fd5a6d42085991c68d8879ff4e30ba81a6e76047afa8cc80b4e71959c01a4,/path/to/Diffusion-TS/Utils/predictive_metric.py,128.61145687103271,1
PETS-U,AirQuality,128,0,100001,predictive_score,0,0.019657244825566522,True,4096,5afe3b08282b3892cd469742e000c4f1d5bc811df0531b8e9f27f911568f0272,3b8d370ea0aa2d137e7e8c858d5957166fe8f0bd034701777d36d1f6051bb36b,/path/to/Diffusion-TS/Utils/predictive_metric.py,125.28411436080933,0
PETS-U,AirQuality,128,0,100001,predictive_score,42,0.020504285752735996,True,4096,5afe3b08282b3892cd469742e000c4f1d5bc811df0531b8e9f27f911568f0272,3b8d370ea0aa2d137e7e8c858d5957166fe8f0bd034701777d36d1f6051bb36b,/path/to/Diffusion-TS/Utils/predictive_metric.py,127.82380390167236,2
PETS-U,AirQuality,128,0,100001,predictive_score,123,0.021245971565576838,True,4096,5afe3b08282b3892cd469742e000c4f1d5bc811df0531b8e9f27f911568f0272,3b8d370ea0aa2d137e7e8c858d5957166fe8f0bd034701777d36d1f6051bb36b,/path/to/Diffusion-TS/Utils/predictive_metric.py,125.39158773422241,1
PETS-U,AirQuality,128,0,100002,predictive_score,0,0.019587770624525547,True,4096,5afe3b08282b3892cd469742e000c4f1d5bc811df0531b8e9f27f911568f0272,fca0a0f17d34b0dd65a71a7d093ca663574a331edc8b5c623470c046d4d8ac33,/path/to/Diffusion-TS/Utils/predictive_metric.py,125.0530219078064,0
PETS-U,AirQuality,128,0,100002,predictive_score,42,0.020606014164172848,True,4096,5afe3b08282b3892cd469742e000c4f1d5bc811df0531b8e9f27f911568f0272,fca0a0f17d34b0dd65a71a7d093ca663574a331edc8b5c623470c046d4d8ac33,/path/to/Diffusion-TS/Utils/predictive_metric.py,125.84719586372375,2
PETS-U,AirQuality,128,0,100002,predictive_score,123,0.02117242052338497,True,4096,5afe3b08282b3892cd469742e000c4f1d5bc811df0531b8e9f27f911568f0272,fca0a0f17d34b0dd65a71a7d093ca663574a331edc8b5c623470c046d4d8ac33,/path/to/Diffusion-TS/Utils/predictive_metric.py,126.17494297027588,1
PETS-U,AirQuality,128,0,100003,predictive_score,0,0.019745184736621013,True,4096,5afe3b08282b3892cd469742e000c4f1d5bc811df0531b8e9f27f911568f0272,57029a23e26631f520476f0fcf563e0fd4ff245d9292a706db5e67254ffa23f4,/path/to/Diffusion-TS/Utils/predictive_metric.py,126.02683281898499,1
PETS-U,AirQuality,128,0,100003,predictive_score,42,0.02035622762434741,True,4096,5afe3b08282b3892cd469742e000c4f1d5bc811df0531b8e9f27f911568f0272,57029a23e26631f520476f0fcf563e0fd4ff245d9292a706db5e67254ffa23f4,/path/to/Diffusion-TS/Utils/predictive_metric.py,124.24693655967712,0
PETS-U,AirQuality,128,0,100003,predictive_score,123,0.02117151174661558,True,4096,5afe3b08282b3892cd469742e000c4f1d5bc811df0531b8e9f27f911568f0272,57029a23e26631f520476f0fcf563e0fd4ff245d9292a706db5e67254ffa23f4,/path/to/Diffusion-TS/Utils/predictive_metric.py,124.07866549491882,2
PETS-U,AirQuality,128,0,100004,predictive_score,0,0.01961219395855096,True,4096,5afe3b08282b3892cd469742e000c4f1d5bc811df0531b8e9f27f911568f0272,cad0ab70163687c2fa679748e67b79e6dfe1b2b831e36005a4060a1f52c143b8,/path/to/Diffusion-TS/Utils/predictive_metric.py,122.54716300964355,1
PETS-U,AirQuality,128,0,100004,predictive_score,42,0.020445836027420228,True,4096,5afe3b08282b3892cd469742e000c4f1d5bc811df0531b8e9f27f911568f0272,cad0ab70163687c2fa679748e67b79e6dfe1b2b831e36005a4060a1f52c143b8,/path/to/Diffusion-TS/Utils/predictive_metric.py,127.53544878959656,2
PETS-U,AirQuality,128,0,100004,predictive_score,123,0.021210609284139537,True,4096,5afe3b08282b3892cd469742e000c4f1d5bc811df0531b8e9f27f911568f0272,cad0ab70163687c2fa679748e67b79e6dfe1b2b831e36005a4060a1f52c143b8,/path/to/Diffusion-TS/Utils/predictive_metric.py,126.95741534233093,0
PETS-U,AirQuality,128,42,100000,predictive_score,0,0.02001154290701379,True,4096,5afe3b08282b3892cd469742e000c4f1d5bc811df0531b8e9f27f911568f0272,2eeb070017ea159b8b37c32fd448c8676e935ecf5b3b0f32ac022dce651ef31a,/path/to/Diffusion-TS/Utils/predictive_metric.py,126.4487726688385,1
PETS-U,AirQuality,128,42,100000,predictive_score,42,0.020232807837942346,True,4096,5afe3b08282b3892cd469742e000c4f1d5bc811df0531b8e9f27f911568f0272,2eeb070017ea159b8b37c32fd448c8676e935ecf5b3b0f32ac022dce651ef31a,/path/to/Diffusion-TS/Utils/predictive_metric.py,125.24258136749268,2
PETS-U,AirQuality,128,42,100000,predictive_score,123,0.02172875536950869,True,4096,5afe3b08282b3892cd469742e000c4f1d5bc811df0531b8e9f27f911568f0272,2eeb070017ea159b8b37c32fd448c8676e935ecf5b3b0f32ac022dce651ef31a,/path/to/Diffusion-TS/Utils/predictive_metric.py,125.10723400115967,0
PETS-U,AirQuality,128,42,100001,predictive_score,0,0.01987396459333013,True,4096,5afe3b08282b3892cd469742e000c4f1d5bc811df0531b8e9f27f911568f0272,e8450c5e71c3e77994e1e054583e442c650908652aa096b91887fcd36f1897b0,/path/to/Diffusion-TS/Utils/predictive_metric.py,125.74456405639648,0
PETS-U,AirQuality,128,42,100001,predictive_score,42,0.02062526206441362,True,4096,5afe3b08282b3892cd469742e000c4f1d5bc811df0531b8e9f27f911568f0272,e8450c5e71c3e77994e1e054583e442c650908652aa096b91887fcd36f1897b0,/path/to/Diffusion-TS/Utils/predictive_metric.py,125.35901260375977,2
PETS-U,AirQuality,128,42,100001,predictive_score,123,0.021415247154095596,True,4096,5afe3b08282b3892cd469742e000c4f1d5bc811df0531b8e9f27f911568f0272,e8450c5e71c3e77994e1e054583e442c650908652aa096b91887fcd36f1897b0,/path/to/Diffusion-TS/Utils/predictive_metric.py,123.78016114234924,1
PETS-U,AirQuality,128,42,100002,predictive_score,0,0.019702022958995258,True,4096,5afe3b08282b3892cd469742e000c4f1d5bc811df0531b8e9f27f911568f0272,71b0941835fe1e0a5d690a8674c90716bb76b0ad60b096ea588e6a8d726795c6,/path/to/Diffusion-TS/Utils/predictive_metric.py,124.96478295326233,1
PETS-U,AirQuality,128,42,100002,predictive_score,42,0.020361299147680256,True,4096,5afe3b08282b3892cd469742e000c4f1d5bc811df0531b8e9f27f911568f0272,71b0941835fe1e0a5d690a8674c90716bb76b0ad60b096ea588e6a8d726795c6,/path/to/Diffusion-TS/Utils/predictive_metric.py,125.94008660316467,0
PETS-U,AirQuality,128,42,100002,predictive_score,123,0.021497268083408017,True,4096,5afe3b08282b3892cd469742e000c4f1d5bc811df0531b8e9f27f911568f0272,71b0941835fe1e0a5d690a8674c90716bb76b0ad60b096ea588e6a8d726795c6,/path/to/Diffusion-TS/Utils/predictive_metric.py,125.46150994300842,2
PETS-U,AirQuality,128,42,100003,predictive_score,0,0.01975150415501048,True,4096,5afe3b08282b3892cd469742e000c4f1d5bc811df0531b8e9f27f911568f0272,6cde61a19cfb4c2cbbc4bbee4e5a503d9c62093f728bdbf99b96af5c6466c294,/path/to/Diffusion-TS/Utils/predictive_metric.py,124.30869603157043,2
PETS-U,AirQuality,128,42,100003,predictive_score,42,0.020631263323139137,True,4096,5afe3b08282b3892cd469742e000c4f1d5bc811df0531b8e9f27f911568f0272,6cde61a19cfb4c2cbbc4bbee4e5a503d9c62093f728bdbf99b96af5c6466c294,/path/to/Diffusion-TS/Utils/predictive_metric.py,128.99772119522095,0
PETS-U,AirQuality,128,42,100003,predictive_score,123,0.021489575090640756,True,4096,5afe3b08282b3892cd469742e000c4f1d5bc811df0531b8e9f27f911568f0272,6cde61a19cfb4c2cbbc4bbee4e5a503d9c62093f728bdbf99b96af5c6466c294,/path/to/Diffusion-TS/Utils/predictive_metric.py,125.69817352294922,1
PETS-U,AirQuality,128,42,100004,predictive_score,0,0.01991665869377357,True,4096,5afe3b08282b3892cd469742e000c4f1d5bc811df0531b8e9f27f911568f0272,8c6a323ae357a506329fa44f78101c31ef3e9496f16afa5c803bd0cec77e56ed,/path/to/Diffusion-TS/Utils/predictive_metric.py,125.17963004112244,2
PETS-U,AirQuality,128,42,100004,predictive_score,42,0.02071910602785465,True,4096,5afe3b08282b3892cd469742e000c4f1d5bc811df0531b8e9f27f911568f0272,8c6a323ae357a506329fa44f78101c31ef3e9496f16afa5c803bd0cec77e56ed,/path/to/Diffusion-TS/Utils/predictive_metric.py,127.84890961647034,1
PETS-U,AirQuality,128,42,100004,predictive_score,123,0.020945777777455987,True,4096,5afe3b08282b3892cd469742e000c4f1d5bc811df0531b8e9f27f911568f0272,8c6a323ae357a506329fa44f78101c31ef3e9496f16afa5c803bd0cec77e56ed,/path/to/Diffusion-TS/Utils/predictive_metric.py,128.7653830051422,0
PETS-U,AirQuality,128,123,100000,predictive_score,0,0.019667664721168876,True,4096,5afe3b08282b3892cd469742e000c4f1d5bc811df0531b8e9f27f911568f0272,7caa49fab2aca277999602ab2d459c1eef728e14324d2f6ced87f97a6a8246e4,/path/to/Diffusion-TS/Utils/predictive_metric.py,125.19025349617004,2
PETS-U,AirQuality,128,123,100000,predictive_score,42,0.01970873332516021,True,4096,5afe3b08282b3892cd469742e000c4f1d5bc811df0531b8e9f27f911568f0272,7caa49fab2aca277999602ab2d459c1eef728e14324d2f6ced87f97a6a8246e4,/path/to/Diffusion-TS/Utils/predictive_metric.py,125.11129450798035,1
PETS-U,AirQuality,128,123,100000,predictive_score,123,0.02108549048432451,True,4096,5afe3b08282b3892cd469742e000c4f1d5bc811df0531b8e9f27f911568f0272,7caa49fab2aca277999602ab2d459c1eef728e14324d2f6ced87f97a6a8246e4,/path/to/Diffusion-TS/Utils/predictive_metric.py,126.70790553092957,0
PETS-U,AirQuality,128,123,100001,predictive_score,0,0.019807608303153756,True,4096,5afe3b08282b3892cd469742e000c4f1d5bc811df0531b8e9f27f911568f0272,a4f79d8367c5071e00425472f1b0dd4f3f98464b6c4685022553142dfa6a4075,/path/to/Diffusion-TS/Utils/predictive_metric.py,128.8291311264038,2
PETS-U,AirQuality,128,123,100001,predictive_score,42,0.01981211866166177,True,4096,5afe3b08282b3892cd469742e000c4f1d5bc811df0531b8e9f27f911568f0272,a4f79d8367c5071e00425472f1b0dd4f3f98464b6c4685022553142dfa6a4075,/path/to/Diffusion-TS/Utils/predictive_metric.py,128.2755241394043,1
PETS-U,AirQuality,128,123,100001,predictive_score,123,0.021274030052268245,True,4096,5afe3b08282b3892cd469742e000c4f1d5bc811df0531b8e9f27f911568f0272,a4f79d8367c5071e00425472f1b0dd4f3f98464b6c4685022553142dfa6a4075,/path/to/Diffusion-TS/Utils/predictive_metric.py,127.4087905883789,0
PETS-U,AirQuality,128,123,100002,predictive_score,0,0.019870785977218475,True,4096,5afe3b08282b3892cd469742e000c4f1d5bc811df0531b8e9f27f911568f0272,9ab89d1757da6b07c7c2154a91d865da6db7070e8a544eba333c05da07fb6334,/path/to/Diffusion-TS/Utils/predictive_metric.py,127.54063510894775,0
PETS-U,AirQuality,128,123,100002,predictive_score,42,0.01982658755821376,True,4096,5afe3b08282b3892cd469742e000c4f1d5bc811df0531b8e9f27f911568f0272,9ab89d1757da6b07c7c2154a91d865da6db7070e8a544eba333c05da07fb6334,/path/to/Diffusion-TS/Utils/predictive_metric.py,126.52956128120422,2
PETS-U,AirQuality,128,123,100002,predictive_score,123,0.021511574057512917,True,4096,5afe3b08282b3892cd469742e000c4f1d5bc811df0531b8e9f27f911568f0272,9ab89d1757da6b07c7c2154a91d865da6db7070e8a544eba333c05da07fb6334,/path/to/Diffusion-TS/Utils/predictive_metric.py,126.57640218734741,1
PETS-U,AirQuality,128,123,100003,predictive_score,0,0.01968255883252823,True,4096,5afe3b08282b3892cd469742e000c4f1d5bc811df0531b8e9f27f911568f0272,6ce6a1ee1a5caa78db2b13a7bb836b253b8f50d515c40cefe2e0afb031e8d65f,/path/to/Diffusion-TS/Utils/predictive_metric.py,125.43540835380554,1
PETS-U,AirQuality,128,123,100003,predictive_score,42,0.020008671720006532,True,4096,5afe3b08282b3892cd469742e000c4f1d5bc811df0531b8e9f27f911568f0272,6ce6a1ee1a5caa78db2b13a7bb836b253b8f50d515c40cefe2e0afb031e8d65f,/path/to/Diffusion-TS/Utils/predictive_metric.py,124.98065710067749,0
PETS-U,AirQuality,128,123,100003,predictive_score,123,0.021479049790514182,True,4096,5afe3b08282b3892cd469742e000c4f1d5bc811df0531b8e9f27f911568f0272,6ce6a1ee1a5caa78db2b13a7bb836b253b8f50d515c40cefe2e0afb031e8d65f,/path/to/Diffusion-TS/Utils/predictive_metric.py,127.64599895477295,2
PETS-U,AirQuality,128,123,100004,predictive_score,0,0.01970064785177783,True,4096,5afe3b08282b3892cd469742e000c4f1d5bc811df0531b8e9f27f911568f0272,27e55acb4908efcd870b14b07a44951edefcfbe6629a664580c28aad360f4a3f,/path/to/Diffusion-TS/Utils/predictive_metric.py,125.71479964256287,0
PETS-U,AirQuality,128,123,100004,predictive_score,42,0.019744804861488774,True,4096,5afe3b08282b3892cd469742e000c4f1d5bc811df0531b8e9f27f911568f0272,27e55acb4908efcd870b14b07a44951edefcfbe6629a664580c28aad360f4a3f,/path/to/Diffusion-TS/Utils/predictive_metric.py,125.79432225227356,2
PETS-U,AirQuality,128,123,100004,predictive_score,123,0.022412814231756784,True,4096,5afe3b08282b3892cd469742e000c4f1d5bc811df0531b8e9f27f911568f0272,27e55acb4908efcd870b14b07a44951edefcfbe6629a664580c28aad360f4a3f,/path/to/Diffusion-TS/Utils/predictive_metric.py,126.06804966926575,1
Diffusion-TS,AirQuality,256,0,100000,predictive_score,0,0.01923625021549924,True,4096,763f03006b43ade6ea1a2dab673228b628a027e58a379e6eb9a5ef91fedd89f9,952e00e97c761e64166d043f14b71954b542cf69a9bbd6a835a78d3a2b5be155,/path/to/Diffusion-TS/Utils/predictive_metric.py,247.9801366329193,1
Diffusion-TS,AirQuality,256,0,100000,predictive_score,42,0.02007714218370893,True,4096,763f03006b43ade6ea1a2dab673228b628a027e58a379e6eb9a5ef91fedd89f9,952e00e97c761e64166d043f14b71954b542cf69a9bbd6a835a78d3a2b5be155,/path/to/Diffusion-TS/Utils/predictive_metric.py,247.3809313774109,0
Diffusion-TS,AirQuality,256,0,100000,predictive_score,123,0.02207959806355575,True,4096,763f03006b43ade6ea1a2dab673228b628a027e58a379e6eb9a5ef91fedd89f9,952e00e97c761e64166d043f14b71954b542cf69a9bbd6a835a78d3a2b5be155,/path/to/Diffusion-TS/Utils/predictive_metric.py,249.3852460384369,2
Diffusion-TS,AirQuality,256,0,100001,predictive_score,0,0.019108574701022008,True,4096,763f03006b43ade6ea1a2dab673228b628a027e58a379e6eb9a5ef91fedd89f9,c78df9da81ee6de76955a03a83e5faaa763d2b932f7e1037c49db05cab6bf701,/path/to/Diffusion-TS/Utils/predictive_metric.py,245.23374891281128,1
Diffusion-TS,AirQuality,256,0,100001,predictive_score,42,0.020255984817595163,True,4096,763f03006b43ade6ea1a2dab673228b628a027e58a379e6eb9a5ef91fedd89f9,c78df9da81ee6de76955a03a83e5faaa763d2b932f7e1037c49db05cab6bf701,/path/to/Diffusion-TS/Utils/predictive_metric.py,248.12200808525085,0
Diffusion-TS,AirQuality,256,0,100001,predictive_score,123,0.0221485889876476,True,4096,763f03006b43ade6ea1a2dab673228b628a027e58a379e6eb9a5ef91fedd89f9,c78df9da81ee6de76955a03a83e5faaa763d2b932f7e1037c49db05cab6bf701,/path/to/Diffusion-TS/Utils/predictive_metric.py,248.7659125328064,2
Diffusion-TS,AirQuality,256,0,100002,predictive_score,0,0.01943805834162049,True,4096,763f03006b43ade6ea1a2dab673228b628a027e58a379e6eb9a5ef91fedd89f9,54c2d67cb2431a0f7645789daa5dd8652fa6344b7084818cd553af6cf0170046,/path/to/Diffusion-TS/Utils/predictive_metric.py,248.8004026412964,0
Diffusion-TS,AirQuality,256,0,100002,predictive_score,42,0.020012616654867088,True,4096,763f03006b43ade6ea1a2dab673228b628a027e58a379e6eb9a5ef91fedd89f9,54c2d67cb2431a0f7645789daa5dd8652fa6344b7084818cd553af6cf0170046,/path/to/Diffusion-TS/Utils/predictive_metric.py,246.65556287765503,2
Diffusion-TS,AirQuality,256,0,100002,predictive_score,123,0.021960115214596954,True,4096,763f03006b43ade6ea1a2dab673228b628a027e58a379e6eb9a5ef91fedd89f9,54c2d67cb2431a0f7645789daa5dd8652fa6344b7084818cd553af6cf0170046,/path/to/Diffusion-TS/Utils/predictive_metric.py,248.10472202301025,1
Diffusion-TS,AirQuality,256,0,100003,predictive_score,0,0.01923522066226724,True,4096,763f03006b43ade6ea1a2dab673228b628a027e58a379e6eb9a5ef91fedd89f9,c87cab9330a1cd378ef5d295ffe88f296c9fff0c93922c59dddbcd0c717aeeb0,/path/to/Diffusion-TS/Utils/predictive_metric.py,248.04762363433838,1
Diffusion-TS,AirQuality,256,0,100003,predictive_score,42,0.019984563193247595,True,4096,763f03006b43ade6ea1a2dab673228b628a027e58a379e6eb9a5ef91fedd89f9,c87cab9330a1cd378ef5d295ffe88f296c9fff0c93922c59dddbcd0c717aeeb0,/path/to/Diffusion-TS/Utils/predictive_metric.py,247.49555921554565,0
Diffusion-TS,AirQuality,256,0,100003,predictive_score,123,0.022054052907606092,True,4096,763f03006b43ade6ea1a2dab673228b628a027e58a379e6eb9a5ef91fedd89f9,c87cab9330a1cd378ef5d295ffe88f296c9fff0c93922c59dddbcd0c717aeeb0,/path/to/Diffusion-TS/Utils/predictive_metric.py,247.18009328842163,2
Diffusion-TS,AirQuality,256,0,100004,predictive_score,0,0.01919287586815699,True,4096,763f03006b43ade6ea1a2dab673228b628a027e58a379e6eb9a5ef91fedd89f9,bae8dd328fde09691678368b9681970fd93a1d405f8d03ebc3216448bbbf5fd8,/path/to/Diffusion-TS/Utils/predictive_metric.py,251.15448474884033,0
Diffusion-TS,AirQuality,256,0,100004,predictive_score,42,0.01994058757691164,True,4096,763f03006b43ade6ea1a2dab673228b628a027e58a379e6eb9a5ef91fedd89f9,bae8dd328fde09691678368b9681970fd93a1d405f8d03ebc3216448bbbf5fd8,/path/to/Diffusion-TS/Utils/predictive_metric.py,248.23738408088684,1
Diffusion-TS,AirQuality,256,0,100004,predictive_score,123,0.021828337674151044,True,4096,763f03006b43ade6ea1a2dab673228b628a027e58a379e6eb9a5ef91fedd89f9,bae8dd328fde09691678368b9681970fd93a1d405f8d03ebc3216448bbbf5fd8,/path/to/Diffusion-TS/Utils/predictive_metric.py,249.09035992622375,2
Diffusion-TS,AirQuality,256,42,100000,predictive_score,0,0.01875650680972285,True,4096,763f03006b43ade6ea1a2dab673228b628a027e58a379e6eb9a5ef91fedd89f9,a8e9e3f2d0616092012a8f38dc670087a4ac62ad34ac41d501507729935ef5e6,/path/to/Diffusion-TS/Utils/predictive_metric.py,244.18528079986572,2
Diffusion-TS,AirQuality,256,42,100000,predictive_score,42,0.020244421768893517,True,4096,763f03006b43ade6ea1a2dab673228b628a027e58a379e6eb9a5ef91fedd89f9,a8e9e3f2d0616092012a8f38dc670087a4ac62ad34ac41d501507729935ef5e6,/path/to/Diffusion-TS/Utils/predictive_metric.py,247.53208088874817,0
Diffusion-TS,AirQuality,256,42,100000,predictive_score,123,0.021270189715323795,True,4096,763f03006b43ade6ea1a2dab673228b628a027e58a379e6eb9a5ef91fedd89f9,a8e9e3f2d0616092012a8f38dc670087a4ac62ad34ac41d501507729935ef5e6,/path/to/Diffusion-TS/Utils/predictive_metric.py,245.50350737571716,1
Diffusion-TS,AirQuality,256,42,100001,predictive_score,0,0.019013100067468258,True,4096,763f03006b43ade6ea1a2dab673228b628a027e58a379e6eb9a5ef91fedd89f9,4b3d4b10dbe7014ecc1bf978c9b8b516c1afa553f7be41275e33cddb3b0a03fe,/path/to/Diffusion-TS/Utils/predictive_metric.py,252.49674367904663,1
Diffusion-TS,AirQuality,256,42,100001,predictive_score,42,0.02011740382613425,True,4096,763f03006b43ade6ea1a2dab673228b628a027e58a379e6eb9a5ef91fedd89f9,4b3d4b10dbe7014ecc1bf978c9b8b516c1afa553f7be41275e33cddb3b0a03fe,/path/to/Diffusion-TS/Utils/predictive_metric.py,250.60365056991577,2
Diffusion-TS,AirQuality,256,42,100001,predictive_score,123,0.021787740066201877,True,4096,763f03006b43ade6ea1a2dab673228b628a027e58a379e6eb9a5ef91fedd89f9,4b3d4b10dbe7014ecc1bf978c9b8b516c1afa553f7be41275e33cddb3b0a03fe,/path/to/Diffusion-TS/Utils/predictive_metric.py,247.73360586166382,0
Diffusion-TS,AirQuality,256,42,100002,predictive_score,0,0.018883932529206504,True,4096,763f03006b43ade6ea1a2dab673228b628a027e58a379e6eb9a5ef91fedd89f9,6ae1446e3fa2bcaf4dd5d08bbc9546f30d4a291e230fe0143d720fe30ccee220,/path/to/Diffusion-TS/Utils/predictive_metric.py,247.08920693397522,0
Diffusion-TS,AirQuality,256,42,100002,predictive_score,42,0.020200126479721803,True,4096,763f03006b43ade6ea1a2dab673228b628a027e58a379e6eb9a5ef91fedd89f9,6ae1446e3fa2bcaf4dd5d08bbc9546f30d4a291e230fe0143d720fe30ccee220,/path/to/Diffusion-TS/Utils/predictive_metric.py,251.3438470363617,1
Diffusion-TS,AirQuality,256,42,100002,predictive_score,123,0.021634718398217956,True,4096,763f03006b43ade6ea1a2dab673228b628a027e58a379e6eb9a5ef91fedd89f9,6ae1446e3fa2bcaf4dd5d08bbc9546f30d4a291e230fe0143d720fe30ccee220,/path/to/Diffusion-TS/Utils/predictive_metric.py,245.72447395324707,2
Diffusion-TS,AirQuality,256,42,100003,predictive_score,0,0.018975605754121716,True,4096,763f03006b43ade6ea1a2dab673228b628a027e58a379e6eb9a5ef91fedd89f9,5624438f07e5d4c9278a2563bc906c96c848ab40189159dc5b29a6d158014599,/path/to/Diffusion-TS/Utils/predictive_metric.py,252.3639063835144,2
Diffusion-TS,AirQuality,256,42,100003,predictive_score,42,0.020152057378481913,True,4096,763f03006b43ade6ea1a2dab673228b628a027e58a379e6eb9a5ef91fedd89f9,5624438f07e5d4c9278a2563bc906c96c848ab40189159dc5b29a6d158014599,/path/to/Diffusion-TS/Utils/predictive_metric.py,251.1180543899536,0
Diffusion-TS,AirQuality,256,42,100003,predictive_score,123,0.0216461725976842,True,4096,763f03006b43ade6ea1a2dab673228b628a027e58a379e6eb9a5ef91fedd89f9,5624438f07e5d4c9278a2563bc906c96c848ab40189159dc5b29a6d158014599,/path/to/Diffusion-TS/Utils/predictive_metric.py,249.30350971221924,1
Diffusion-TS,AirQuality,256,42,100004,predictive_score,0,0.018995857296431495,True,4096,763f03006b43ade6ea1a2dab673228b628a027e58a379e6eb9a5ef91fedd89f9,c613b6769f7ec7e38468d16b1fdc738e0daaf86b2bbc971e07a98f0f00bbeea6,/path/to/Diffusion-TS/Utils/predictive_metric.py,247.6363570690155,0
Diffusion-TS,AirQuality,256,42,100004,predictive_score,42,0.020012389539033393,True,4096,763f03006b43ade6ea1a2dab673228b628a027e58a379e6eb9a5ef91fedd89f9,c613b6769f7ec7e38468d16b1fdc738e0daaf86b2bbc971e07a98f0f00bbeea6,/path/to/Diffusion-TS/Utils/predictive_metric.py,247.28939127922058,2
Diffusion-TS,AirQuality,256,42,100004,predictive_score,123,0.02120832122977845,True,4096,763f03006b43ade6ea1a2dab673228b628a027e58a379e6eb9a5ef91fedd89f9,c613b6769f7ec7e38468d16b1fdc738e0daaf86b2bbc971e07a98f0f00bbeea6,/path/to/Diffusion-TS/Utils/predictive_metric.py,246.43464827537537,1
Diffusion-TS,AirQuality,256,123,100000,predictive_score,0,0.019455736307463667,True,4096,763f03006b43ade6ea1a2dab673228b628a027e58a379e6eb9a5ef91fedd89f9,27828374064e532da21afc154fb61caa8f442816727c1a749d4eccce3f85582f,/path/to/Diffusion-TS/Utils/predictive_metric.py,245.43911242485046,0
Diffusion-TS,AirQuality,256,123,100000,predictive_score,42,0.020532579522978267,True,4096,763f03006b43ade6ea1a2dab673228b628a027e58a379e6eb9a5ef91fedd89f9,27828374064e532da21afc154fb61caa8f442816727c1a749d4eccce3f85582f,/path/to/Diffusion-TS/Utils/predictive_metric.py,246.80438423156738,2
Diffusion-TS,AirQuality,256,123,100000,predictive_score,123,0.01995302971545243,True,4096,763f03006b43ade6ea1a2dab673228b628a027e58a379e6eb9a5ef91fedd89f9,27828374064e532da21afc154fb61caa8f442816727c1a749d4eccce3f85582f,/path/to/Diffusion-TS/Utils/predictive_metric.py,245.6789379119873,1
Diffusion-TS,AirQuality,256,123,100001,predictive_score,0,0.019405314189498313,True,4096,763f03006b43ade6ea1a2dab673228b628a027e58a379e6eb9a5ef91fedd89f9,1f092fb345bbd440bfd8134b052e219c2665daeda132c41f3c2582fa8d6e8e15,/path/to/Diffusion-TS/Utils/predictive_metric.py,244.98015546798706,0
Diffusion-TS,AirQuality,256,123,100001,predictive_score,42,0.020474290900665437,True,4096,763f03006b43ade6ea1a2dab673228b628a027e58a379e6eb9a5ef91fedd89f9,1f092fb345bbd440bfd8134b052e219c2665daeda132c41f3c2582fa8d6e8e15,/path/to/Diffusion-TS/Utils/predictive_metric.py,247.49398016929626,1
Diffusion-TS,AirQuality,256,123,100001,predictive_score,123,0.02017868859684313,True,4096,763f03006b43ade6ea1a2dab673228b628a027e58a379e6eb9a5ef91fedd89f9,1f092fb345bbd440bfd8134b052e219c2665daeda132c41f3c2582fa8d6e8e15,/path/to/Diffusion-TS/Utils/predictive_metric.py,248.5551631450653,2
Diffusion-TS,AirQuality,256,123,100002,predictive_score,0,0.0192948813721614,True,4096,763f03006b43ade6ea1a2dab673228b628a027e58a379e6eb9a5ef91fedd89f9,8489f6c99dd499f447b166f5c71e3b6ae2ceebdb8127a4f6284292c3a93ca858,/path/to/Diffusion-TS/Utils/predictive_metric.py,243.81319880485535,0
Diffusion-TS,AirQuality,256,123,100002,predictive_score,42,0.02059820363410836,True,4096,763f03006b43ade6ea1a2dab673228b628a027e58a379e6eb9a5ef91fedd89f9,8489f6c99dd499f447b166f5c71e3b6ae2ceebdb8127a4f6284292c3a93ca858,/path/to/Diffusion-TS/Utils/predictive_metric.py,245.70213866233826,1
Diffusion-TS,AirQuality,256,123,100002,predictive_score,123,0.019644493236114613,True,4096,763f03006b43ade6ea1a2dab673228b628a027e58a379e6eb9a5ef91fedd89f9,8489f6c99dd499f447b166f5c71e3b6ae2ceebdb8127a4f6284292c3a93ca858,/path/to/Diffusion-TS/Utils/predictive_metric.py,245.48649311065674,2
Diffusion-TS,AirQuality,256,123,100003,predictive_score,0,0.01938644991446381,True,4096,763f03006b43ade6ea1a2dab673228b628a027e58a379e6eb9a5ef91fedd89f9,ca524808e6be8ff77507e2afb48b692910f21b06e3bee217519ecdae89e21efd,/path/to/Diffusion-TS/Utils/predictive_metric.py,245.28625440597534,1
Diffusion-TS,AirQuality,256,123,100003,predictive_score,42,0.020450597157150696,True,4096,763f03006b43ade6ea1a2dab673228b628a027e58a379e6eb9a5ef91fedd89f9,ca524808e6be8ff77507e2afb48b692910f21b06e3bee217519ecdae89e21efd,/path/to/Diffusion-TS/Utils/predictive_metric.py,246.6448585987091,2
Diffusion-TS,AirQuality,256,123,100003,predictive_score,123,0.020337179074658707,True,4096,763f03006b43ade6ea1a2dab673228b628a027e58a379e6eb9a5ef91fedd89f9,ca524808e6be8ff77507e2afb48b692910f21b06e3bee217519ecdae89e21efd,/path/to/Diffusion-TS/Utils/predictive_metric.py,244.56094765663147,0
Diffusion-TS,AirQuality,256,123,100004,predictive_score,0,0.01940467253643874,True,4096,763f03006b43ade6ea1a2dab673228b628a027e58a379e6eb9a5ef91fedd89f9,b84336b99480468ed77e9520ecca8bea3201ad223548ba23e0bc0d5a7e29dea7,/path/to/Diffusion-TS/Utils/predictive_metric.py,247.4542636871338,0
Diffusion-TS,AirQuality,256,123,100004,predictive_score,42,0.020386628799087703,True,4096,763f03006b43ade6ea1a2dab673228b628a027e58a379e6eb9a5ef91fedd89f9,b84336b99480468ed77e9520ecca8bea3201ad223548ba23e0bc0d5a7e29dea7,/path/to/Diffusion-TS/Utils/predictive_metric.py,252.23122811317444,2
Diffusion-TS,AirQuality,256,123,100004,predictive_score,123,0.02093296876023487,True,4096,763f03006b43ade6ea1a2dab673228b628a027e58a379e6eb9a5ef91fedd89f9,b84336b99480468ed77e9520ecca8bea3201ad223548ba23e0bc0d5a7e29dea7,/path/to/Diffusion-TS/Utils/predictive_metric.py,244.31588506698608,1
PETS-U,AirQuality,256,0,100000,predictive_score,0,0.021624675993280107,True,4096,763f03006b43ade6ea1a2dab673228b628a027e58a379e6eb9a5ef91fedd89f9,cc1eeb9cb3a415a9eeef782709379f412d7387423e41e2e6a47d9685e7b0071a,/path/to/Diffusion-TS/Utils/predictive_metric.py,245.15471196174622,1
PETS-U,AirQuality,256,0,100000,predictive_score,42,0.023287608048576658,True,4096,763f03006b43ade6ea1a2dab673228b628a027e58a379e6eb9a5ef91fedd89f9,cc1eeb9cb3a415a9eeef782709379f412d7387423e41e2e6a47d9685e7b0071a,/path/to/Diffusion-TS/Utils/predictive_metric.py,246.08618021011353,0
PETS-U,AirQuality,256,0,100000,predictive_score,123,0.0248681673936062,True,4096,763f03006b43ade6ea1a2dab673228b628a027e58a379e6eb9a5ef91fedd89f9,cc1eeb9cb3a415a9eeef782709379f412d7387423e41e2e6a47d9685e7b0071a,/path/to/Diffusion-TS/Utils/predictive_metric.py,250.3062388896942,2
PETS-U,AirQuality,256,0,100001,predictive_score,0,0.02146132308189408,True,4096,763f03006b43ade6ea1a2dab673228b628a027e58a379e6eb9a5ef91fedd89f9,b7bdd9360de5034aefd394c69bf478dbea5f430e60bcbda90687f4197835036c,/path/to/Diffusion-TS/Utils/predictive_metric.py,247.4218671321869,1
PETS-U,AirQuality,256,0,100001,predictive_score,42,0.023046803062356958,True,4096,763f03006b43ade6ea1a2dab673228b628a027e58a379e6eb9a5ef91fedd89f9,b7bdd9360de5034aefd394c69bf478dbea5f430e60bcbda90687f4197835036c,/path/to/Diffusion-TS/Utils/predictive_metric.py,245.60631918907166,0
PETS-U,AirQuality,256,0,100001,predictive_score,123,0.024933773644988833,True,4096,763f03006b43ade6ea1a2dab673228b628a027e58a379e6eb9a5ef91fedd89f9,b7bdd9360de5034aefd394c69bf478dbea5f430e60bcbda90687f4197835036c,/path/to/Diffusion-TS/Utils/predictive_metric.py,247.56028842926025,2
PETS-U,AirQuality,256,0,100002,predictive_score,0,0.021652843922083775,True,4096,763f03006b43ade6ea1a2dab673228b628a027e58a379e6eb9a5ef91fedd89f9,599e3ce819d6e6358d9d1baa7442d03da301072c324593d4d7eaa48bc2c49953,/path/to/Diffusion-TS/Utils/predictive_metric.py,246.70951533317566,1
PETS-U,AirQuality,256,0,100002,predictive_score,42,0.023410705939568288,True,4096,763f03006b43ade6ea1a2dab673228b628a027e58a379e6eb9a5ef91fedd89f9,599e3ce819d6e6358d9d1baa7442d03da301072c324593d4d7eaa48bc2c49953,/path/to/Diffusion-TS/Utils/predictive_metric.py,248.27272391319275,0
PETS-U,AirQuality,256,0,100002,predictive_score,123,0.02475031218523327,True,4096,763f03006b43ade6ea1a2dab673228b628a027e58a379e6eb9a5ef91fedd89f9,599e3ce819d6e6358d9d1baa7442d03da301072c324593d4d7eaa48bc2c49953,/path/to/Diffusion-TS/Utils/predictive_metric.py,247.27658343315125,2
PETS-U,AirQuality,256,0,100003,predictive_score,0,0.021640789215553013,True,4096,763f03006b43ade6ea1a2dab673228b628a027e58a379e6eb9a5ef91fedd89f9,172f4549658b6db49649fc6cd533f8fc54442bec3def470a3760a4f7b2709f6a,/path/to/Diffusion-TS/Utils/predictive_metric.py,245.1788411140442,0
PETS-U,AirQuality,256,0,100003,predictive_score,42,0.02287943343378629,True,4096,763f03006b43ade6ea1a2dab673228b628a027e58a379e6eb9a5ef91fedd89f9,172f4549658b6db49649fc6cd533f8fc54442bec3def470a3760a4f7b2709f6a,/path/to/Diffusion-TS/Utils/predictive_metric.py,245.62377309799194,1
PETS-U,AirQuality,256,0,100003,predictive_score,123,0.025676349335526538,True,4096,763f03006b43ade6ea1a2dab673228b628a027e58a379e6eb9a5ef91fedd89f9,172f4549658b6db49649fc6cd533f8fc54442bec3def470a3760a4f7b2709f6a,/path/to/Diffusion-TS/Utils/predictive_metric.py,244.78423833847046,2
PETS-U,AirQuality,256,0,100004,predictive_score,0,0.021382018176154816,True,4096,763f03006b43ade6ea1a2dab673228b628a027e58a379e6eb9a5ef91fedd89f9,36641fdc0dae019ade148f495cfb6e0d82083977bf29f7f9a5b085ef29463e43,/path/to/Diffusion-TS/Utils/predictive_metric.py,248.0158612728119,2
PETS-U,AirQuality,256,0,100004,predictive_score,42,0.023156298516028073,True,4096,763f03006b43ade6ea1a2dab673228b628a027e58a379e6eb9a5ef91fedd89f9,36641fdc0dae019ade148f495cfb6e0d82083977bf29f7f9a5b085ef29463e43,/path/to/Diffusion-TS/Utils/predictive_metric.py,247.86378073692322,1
PETS-U,AirQuality,256,0,100004,predictive_score,123,0.024834960094267444,True,4096,763f03006b43ade6ea1a2dab673228b628a027e58a379e6eb9a5ef91fedd89f9,36641fdc0dae019ade148f495cfb6e0d82083977bf29f7f9a5b085ef29463e43,/path/to/Diffusion-TS/Utils/predictive_metric.py,246.055917263031,0
PETS-U,AirQuality,256,42,100000,predictive_score,0,0.019451890187156096,True,4096,763f03006b43ade6ea1a2dab673228b628a027e58a379e6eb9a5ef91fedd89f9,fcfd3ad612ed59701c3531d82cdf2fea540f945c3183e32101c93a8e9a3bd9c4,/path/to/Diffusion-TS/Utils/predictive_metric.py,252.3017725944519,2
PETS-U,AirQuality,256,42,100000,predictive_score,42,0.02049690193598508,True,4096,763f03006b43ade6ea1a2dab673228b628a027e58a379e6eb9a5ef91fedd89f9,fcfd3ad612ed59701c3531d82cdf2fea540f945c3183e32101c93a8e9a3bd9c4,/path/to/Diffusion-TS/Utils/predictive_metric.py,250.37924456596375,1
PETS-U,AirQuality,256,42,100000,predictive_score,123,0.02172139643198534,True,4096,763f03006b43ade6ea1a2dab673228b628a027e58a379e6eb9a5ef91fedd89f9,fcfd3ad612ed59701c3531d82cdf2fea540f945c3183e32101c93a8e9a3bd9c4,/path/to/Diffusion-TS/Utils/predictive_metric.py,246.27366518974304,0
PETS-U,AirQuality,256,42,100001,predictive_score,0,0.019459642583569803,True,4096,763f03006b43ade6ea1a2dab673228b628a027e58a379e6eb9a5ef91fedd89f9,6dfb520ad11a34e1ad0ae2fe7bf402edc1f1c1620bf770b2198b3c996865c01c,/path/to/Diffusion-TS/Utils/predictive_metric.py,250.91103410720825,1
PETS-U,AirQuality,256,42,100001,predictive_score,42,0.020332383534650944,True,4096,763f03006b43ade6ea1a2dab673228b628a027e58a379e6eb9a5ef91fedd89f9,6dfb520ad11a34e1ad0ae2fe7bf402edc1f1c1620bf770b2198b3c996865c01c,/path/to/Diffusion-TS/Utils/predictive_metric.py,247.5095145702362,0
PETS-U,AirQuality,256,42,100001,predictive_score,123,0.021216203614585538,True,4096,763f03006b43ade6ea1a2dab673228b628a027e58a379e6eb9a5ef91fedd89f9,6dfb520ad11a34e1ad0ae2fe7bf402edc1f1c1620bf770b2198b3c996865c01c,/path/to/Diffusion-TS/Utils/predictive_metric.py,241.93820667266846,2
PETS-U,AirQuality,256,42,100002,predictive_score,0,0.019437816368736094,True,4096,763f03006b43ade6ea1a2dab673228b628a027e58a379e6eb9a5ef91fedd89f9,3f2e8ac6982ca5b3931b1fe8fc0eba66f40020193e43693e27e887280118dcbf,/path/to/Diffusion-TS/Utils/predictive_metric.py,240.8293812274933,0
PETS-U,AirQuality,256,42,100002,predictive_score,42,0.020278982631680265,True,4096,763f03006b43ade6ea1a2dab673228b628a027e58a379e6eb9a5ef91fedd89f9,3f2e8ac6982ca5b3931b1fe8fc0eba66f40020193e43693e27e887280118dcbf,/path/to/Diffusion-TS/Utils/predictive_metric.py,247.79639601707458,2
PETS-U,AirQuality,256,42,100002,predictive_score,123,0.022253269087514127,True,4096,763f03006b43ade6ea1a2dab673228b628a027e58a379e6eb9a5ef91fedd89f9,3f2e8ac6982ca5b3931b1fe8fc0eba66f40020193e43693e27e887280118dcbf,/path/to/Diffusion-TS/Utils/predictive_metric.py,246.47001242637634,1
PETS-U,AirQuality,256,42,100003,predictive_score,0,0.0195483634570337,True,4096,763f03006b43ade6ea1a2dab673228b628a027e58a379e6eb9a5ef91fedd89f9,a49cca1309106eba5a37bfefeb70323184245401362ea8a0d89368cbf3110a32,/path/to/Diffusion-TS/Utils/predictive_metric.py,247.27378487586975,0
PETS-U,AirQuality,256,42,100003,predictive_score,42,0.020229867686339276,True,4096,763f03006b43ade6ea1a2dab673228b628a027e58a379e6eb9a5ef91fedd89f9,a49cca1309106eba5a37bfefeb70323184245401362ea8a0d89368cbf3110a32,/path/to/Diffusion-TS/Utils/predictive_metric.py,250.50522637367249,1
PETS-U,AirQuality,256,42,100003,predictive_score,123,0.023418425888166894,True,4096,763f03006b43ade6ea1a2dab673228b628a027e58a379e6eb9a5ef91fedd89f9,a49cca1309106eba5a37bfefeb70323184245401362ea8a0d89368cbf3110a32,/path/to/Diffusion-TS/Utils/predictive_metric.py,247.70843839645386,2
PETS-U,AirQuality,256,42,100004,predictive_score,0,0.01950308194295758,True,4096,763f03006b43ade6ea1a2dab673228b628a027e58a379e6eb9a5ef91fedd89f9,7092dfac09844d22a891a3a77f0baff9b4e3fe466afde7745d53f4261edb18e6,/path/to/Diffusion-TS/Utils/predictive_metric.py,248.11775422096252,2
PETS-U,AirQuality,256,42,100004,predictive_score,42,0.02033852969725558,True,4096,763f03006b43ade6ea1a2dab673228b628a027e58a379e6eb9a5ef91fedd89f9,7092dfac09844d22a891a3a77f0baff9b4e3fe466afde7745d53f4261edb18e6,/path/to/Diffusion-TS/Utils/predictive_metric.py,249.90002012252808,0
PETS-U,AirQuality,256,42,100004,predictive_score,123,0.023477519727066465,True,4096,763f03006b43ade6ea1a2dab673228b628a027e58a379e6eb9a5ef91fedd89f9,7092dfac09844d22a891a3a77f0baff9b4e3fe466afde7745d53f4261edb18e6,/path/to/Diffusion-TS/Utils/predictive_metric.py,250.8902723789215,1
PETS-U,AirQuality,256,123,100000,predictive_score,0,0.019377712838604566,True,4096,763f03006b43ade6ea1a2dab673228b628a027e58a379e6eb9a5ef91fedd89f9,153f427e7f2a388a598df5601e13410a61163a0375088c84195a95640c83c100,/path/to/Diffusion-TS/Utils/predictive_metric.py,244.11244988441467,0
PETS-U,AirQuality,256,123,100000,predictive_score,42,0.019664623961034522,True,4096,763f03006b43ade6ea1a2dab673228b628a027e58a379e6eb9a5ef91fedd89f9,153f427e7f2a388a598df5601e13410a61163a0375088c84195a95640c83c100,/path/to/Diffusion-TS/Utils/predictive_metric.py,246.7487187385559,1
PETS-U,AirQuality,256,123,100000,predictive_score,123,0.021012535724139525,True,4096,763f03006b43ade6ea1a2dab673228b628a027e58a379e6eb9a5ef91fedd89f9,153f427e7f2a388a598df5601e13410a61163a0375088c84195a95640c83c100,/path/to/Diffusion-TS/Utils/predictive_metric.py,248.0161476135254,2
PETS-U,AirQuality,256,123,100001,predictive_score,0,0.019383744103834033,True,4096,763f03006b43ade6ea1a2dab673228b628a027e58a379e6eb9a5ef91fedd89f9,cfc428d986757248b8c0be4f1a4a8eb0cc38ce0ca576476b146179bb256330d5,/path/to/Diffusion-TS/Utils/predictive_metric.py,245.7114577293396,0
PETS-U,AirQuality,256,123,100001,predictive_score,42,0.019927360581846187,True,4096,763f03006b43ade6ea1a2dab673228b628a027e58a379e6eb9a5ef91fedd89f9,cfc428d986757248b8c0be4f1a4a8eb0cc38ce0ca576476b146179bb256330d5,/path/to/Diffusion-TS/Utils/predictive_metric.py,246.81163549423218,2
PETS-U,AirQuality,256,123,100001,predictive_score,123,0.021237307945739303,True,4096,763f03006b43ade6ea1a2dab673228b628a027e58a379e6eb9a5ef91fedd89f9,cfc428d986757248b8c0be4f1a4a8eb0cc38ce0ca576476b146179bb256330d5,/path/to/Diffusion-TS/Utils/predictive_metric.py,249.46284008026123,1
PETS-U,AirQuality,256,123,100002,predictive_score,0,0.019446248968051805,True,4096,763f03006b43ade6ea1a2dab673228b628a027e58a379e6eb9a5ef91fedd89f9,577750aff2432c27195e61dbe9f1741fcae7da28880665bd6ccacd95be3728ab,/path/to/Diffusion-TS/Utils/predictive_metric.py,246.3492946624756,0
PETS-U,AirQuality,256,123,100002,predictive_score,42,0.01975056831747679,True,4096,763f03006b43ade6ea1a2dab673228b628a027e58a379e6eb9a5ef91fedd89f9,577750aff2432c27195e61dbe9f1741fcae7da28880665bd6ccacd95be3728ab,/path/to/Diffusion-TS/Utils/predictive_metric.py,248.6958086490631,2
PETS-U,AirQuality,256,123,100002,predictive_score,123,0.021897075355127527,True,4096,763f03006b43ade6ea1a2dab673228b628a027e58a379e6eb9a5ef91fedd89f9,577750aff2432c27195e61dbe9f1741fcae7da28880665bd6ccacd95be3728ab,/path/to/Diffusion-TS/Utils/predictive_metric.py,248.00811862945557,1
PETS-U,AirQuality,256,123,100003,predictive_score,0,0.01940095931695396,True,4096,763f03006b43ade6ea1a2dab673228b628a027e58a379e6eb9a5ef91fedd89f9,e6e46ee82fcf9bdb56313de4ab97bb3c727b2a6162f0754eee079a6603bb58a0,/path/to/Diffusion-TS/Utils/predictive_metric.py,246.924663066864,2
PETS-U,AirQuality,256,123,100003,predictive_score,42,0.019824850871941635,True,4096,763f03006b43ade6ea1a2dab673228b628a027e58a379e6eb9a5ef91fedd89f9,e6e46ee82fcf9bdb56313de4ab97bb3c727b2a6162f0754eee079a6603bb58a0,/path/to/Diffusion-TS/Utils/predictive_metric.py,248.74117350578308,0
PETS-U,AirQuality,256,123,100003,predictive_score,123,0.021663899318809854,True,4096,763f03006b43ade6ea1a2dab673228b628a027e58a379e6eb9a5ef91fedd89f9,e6e46ee82fcf9bdb56313de4ab97bb3c727b2a6162f0754eee079a6603bb58a0,/path/to/Diffusion-TS/Utils/predictive_metric.py,250.106214761734,1
PETS-U,AirQuality,256,123,100004,predictive_score,0,0.01931165500491261,True,4096,763f03006b43ade6ea1a2dab673228b628a027e58a379e6eb9a5ef91fedd89f9,2c13047b0397a807ce3a708a739a5903dbde615ab9b0812c8d7b2781068c2737,/path/to/Diffusion-TS/Utils/predictive_metric.py,248.98749923706055,2
PETS-U,AirQuality,256,123,100004,predictive_score,42,0.019789831203524955,True,4096,763f03006b43ade6ea1a2dab673228b628a027e58a379e6eb9a5ef91fedd89f9,2c13047b0397a807ce3a708a739a5903dbde615ab9b0812c8d7b2781068c2737,/path/to/Diffusion-TS/Utils/predictive_metric.py,246.51259875297546,0
PETS-U,AirQuality,256,123,100004,predictive_score,123,0.021549733079837097,True,4096,763f03006b43ade6ea1a2dab673228b628a027e58a379e6eb9a5ef91fedd89f9,2c13047b0397a807ce3a708a739a5903dbde615ab9b0812c8d7b2781068c2737,/path/to/Diffusion-TS/Utils/predictive_metric.py,248.50303316116333,1
Diffusion-TS,ETTh,64,0,100000,predictive_score,0,0.11950209452152194,True,4096,cdc35aa47ea833d7d776683628a7cc1b1aac76f389b2775c001a5f99adfe98bf,cf2fba45e47417a2e8ad43a8106c7dcb09a4d2263f7d4ce53eadd31c15056c19,/path/to/Diffusion-TS/Utils/predictive_metric.py,66.46431159973145,0
Diffusion-TS,ETTh,64,0,100000,predictive_score,42,0.12236878259477635,True,4096,cdc35aa47ea833d7d776683628a7cc1b1aac76f389b2775c001a5f99adfe98bf,cf2fba45e47417a2e8ad43a8106c7dcb09a4d2263f7d4ce53eadd31c15056c19,/path/to/Diffusion-TS/Utils/predictive_metric.py,65.21757817268372,2
Diffusion-TS,ETTh,64,0,100000,predictive_score,123,0.11543358956578231,True,4096,cdc35aa47ea833d7d776683628a7cc1b1aac76f389b2775c001a5f99adfe98bf,cf2fba45e47417a2e8ad43a8106c7dcb09a4d2263f7d4ce53eadd31c15056c19,/path/to/Diffusion-TS/Utils/predictive_metric.py,67.44190120697021,1
Diffusion-TS,ETTh,64,0,100001,predictive_score,0,0.11781749797773955,True,4096,cdc35aa47ea833d7d776683628a7cc1b1aac76f389b2775c001a5f99adfe98bf,4f8ad149305de8de585d86a186b73d50cc9a5ed066e8d1e078a94a384afbb892,/path/to/Diffusion-TS/Utils/predictive_metric.py,66.25036334991455,0
Diffusion-TS,ETTh,64,0,100001,predictive_score,42,0.12201162339692928,True,4096,cdc35aa47ea833d7d776683628a7cc1b1aac76f389b2775c001a5f99adfe98bf,4f8ad149305de8de585d86a186b73d50cc9a5ed066e8d1e078a94a384afbb892,/path/to/Diffusion-TS/Utils/predictive_metric.py,62.5379536151886,2
Diffusion-TS,ETTh,64,0,100001,predictive_score,123,0.11643930888408249,True,4096,cdc35aa47ea833d7d776683628a7cc1b1aac76f389b2775c001a5f99adfe98bf,4f8ad149305de8de585d86a186b73d50cc9a5ed066e8d1e078a94a384afbb892,/path/to/Diffusion-TS/Utils/predictive_metric.py,65.7498676776886,1
Diffusion-TS,ETTh,64,0,100002,predictive_score,0,0.11855675666311072,True,4096,cdc35aa47ea833d7d776683628a7cc1b1aac76f389b2775c001a5f99adfe98bf,484dd8cf63a592f1500f00e3b26bc1e4c4d4a8a1266b970e82b66550788a9577,/path/to/Diffusion-TS/Utils/predictive_metric.py,66.58251810073853,0
Diffusion-TS,ETTh,64,0,100002,predictive_score,42,0.12331481457022164,True,4096,cdc35aa47ea833d7d776683628a7cc1b1aac76f389b2775c001a5f99adfe98bf,484dd8cf63a592f1500f00e3b26bc1e4c4d4a8a1266b970e82b66550788a9577,/path/to/Diffusion-TS/Utils/predictive_metric.py,66.26751136779785,1
Diffusion-TS,ETTh,64,0,100002,predictive_score,123,0.11662141216629607,True,4096,cdc35aa47ea833d7d776683628a7cc1b1aac76f389b2775c001a5f99adfe98bf,484dd8cf63a592f1500f00e3b26bc1e4c4d4a8a1266b970e82b66550788a9577,/path/to/Diffusion-TS/Utils/predictive_metric.py,64.66928148269653,2
Diffusion-TS,ETTh,64,0,100003,predictive_score,0,0.11719121139094568,True,4096,cdc35aa47ea833d7d776683628a7cc1b1aac76f389b2775c001a5f99adfe98bf,9b7b6ee7020e94c2b61b3e0654ac1f86109dd89895bff209e374208dd76012f3,/path/to/Diffusion-TS/Utils/predictive_metric.py,65.27259135246277,2
Diffusion-TS,ETTh,64,0,100003,predictive_score,42,0.12263869343951228,True,4096,cdc35aa47ea833d7d776683628a7cc1b1aac76f389b2775c001a5f99adfe98bf,9b7b6ee7020e94c2b61b3e0654ac1f86109dd89895bff209e374208dd76012f3,/path/to/Diffusion-TS/Utils/predictive_metric.py,66.70567774772644,0
Diffusion-TS,ETTh,64,0,100003,predictive_score,123,0.1170781916098349,True,4096,cdc35aa47ea833d7d776683628a7cc1b1aac76f389b2775c001a5f99adfe98bf,9b7b6ee7020e94c2b61b3e0654ac1f86109dd89895bff209e374208dd76012f3,/path/to/Diffusion-TS/Utils/predictive_metric.py,64.05130743980408,1
Diffusion-TS,ETTh,64,0,100004,predictive_score,0,0.11866036751416686,True,4096,cdc35aa47ea833d7d776683628a7cc1b1aac76f389b2775c001a5f99adfe98bf,54677f91f54e83603271d07dcc54c721fe30a384b547e3ada04278e5da0c5a1a,/path/to/Diffusion-TS/Utils/predictive_metric.py,62.543840408325195,2
Diffusion-TS,ETTh,64,0,100004,predictive_score,42,0.12293482920313181,True,4096,cdc35aa47ea833d7d776683628a7cc1b1aac76f389b2775c001a5f99adfe98bf,54677f91f54e83603271d07dcc54c721fe30a384b547e3ada04278e5da0c5a1a,/path/to/Diffusion-TS/Utils/predictive_metric.py,65.83776497840881,0
Diffusion-TS,ETTh,64,0,100004,predictive_score,123,0.11820438591439597,True,4096,cdc35aa47ea833d7d776683628a7cc1b1aac76f389b2775c001a5f99adfe98bf,54677f91f54e83603271d07dcc54c721fe30a384b547e3ada04278e5da0c5a1a,/path/to/Diffusion-TS/Utils/predictive_metric.py,65.69123101234436,1
Diffusion-TS,ETTh,64,42,100000,predictive_score,0,0.11700212157120404,True,4096,cdc35aa47ea833d7d776683628a7cc1b1aac76f389b2775c001a5f99adfe98bf,b6aca45e73a46925e7057a700477251b834abc13d04a1d2dac90396e2b6fc17e,/path/to/Diffusion-TS/Utils/predictive_metric.py,64.27455306053162,1
Diffusion-TS,ETTh,64,42,100000,predictive_score,42,0.12295623660406818,True,4096,cdc35aa47ea833d7d776683628a7cc1b1aac76f389b2775c001a5f99adfe98bf,b6aca45e73a46925e7057a700477251b834abc13d04a1d2dac90396e2b6fc17e,/path/to/Diffusion-TS/Utils/predictive_metric.py,67.15056777000427,2
Diffusion-TS,ETTh,64,42,100000,predictive_score,123,0.11484536784291777,True,4096,cdc35aa47ea833d7d776683628a7cc1b1aac76f389b2775c001a5f99adfe98bf,b6aca45e73a46925e7057a700477251b834abc13d04a1d2dac90396e2b6fc17e,/path/to/Diffusion-TS/Utils/predictive_metric.py,65.29924058914185,0
Diffusion-TS,ETTh,64,42,100001,predictive_score,0,0.1175159869055733,True,4096,cdc35aa47ea833d7d776683628a7cc1b1aac76f389b2775c001a5f99adfe98bf,ac3faeae757c8fc5a34dc51cd1fedfb3b40783a180484c7d864a5a63a6a09d8e,/path/to/Diffusion-TS/Utils/predictive_metric.py,64.07231974601746,0
Diffusion-TS,ETTh,64,42,100001,predictive_score,42,0.12282974229856336,True,4096,cdc35aa47ea833d7d776683628a7cc1b1aac76f389b2775c001a5f99adfe98bf,ac3faeae757c8fc5a34dc51cd1fedfb3b40783a180484c7d864a5a63a6a09d8e,/path/to/Diffusion-TS/Utils/predictive_metric.py,67.57754564285278,1
Diffusion-TS,ETTh,64,42,100001,predictive_score,123,0.11911115027169217,True,4096,cdc35aa47ea833d7d776683628a7cc1b1aac76f389b2775c001a5f99adfe98bf,ac3faeae757c8fc5a34dc51cd1fedfb3b40783a180484c7d864a5a63a6a09d8e,/path/to/Diffusion-TS/Utils/predictive_metric.py,65.75370502471924,2
Diffusion-TS,ETTh,64,42,100002,predictive_score,0,0.11613878324192228,True,4096,cdc35aa47ea833d7d776683628a7cc1b1aac76f389b2775c001a5f99adfe98bf,194780308122a1abdfd1e214950563fc372fac3a877ad79cd48d3e2e315639f2,/path/to/Diffusion-TS/Utils/predictive_metric.py,63.62476992607117,0
Diffusion-TS,ETTh,64,42,100002,predictive_score,42,0.12242598511011238,True,4096,cdc35aa47ea833d7d776683628a7cc1b1aac76f389b2775c001a5f99adfe98bf,194780308122a1abdfd1e214950563fc372fac3a877ad79cd48d3e2e315639f2,/path/to/Diffusion-TS/Utils/predictive_metric.py,65.29325103759766,2
Diffusion-TS,ETTh,64,42,100002,predictive_score,123,0.11859574889149371,True,4096,cdc35aa47ea833d7d776683628a7cc1b1aac76f389b2775c001a5f99adfe98bf,194780308122a1abdfd1e214950563fc372fac3a877ad79cd48d3e2e315639f2,/path/to/Diffusion-TS/Utils/predictive_metric.py,63.87834143638611,1
Diffusion-TS,ETTh,64,42,100003,predictive_score,0,0.11633233500447204,True,4096,cdc35aa47ea833d7d776683628a7cc1b1aac76f389b2775c001a5f99adfe98bf,b16cfe65d2cf7a533855ac894a125638ac1f55a5650b1c49447c66d728c1e162,/path/to/Diffusion-TS/Utils/predictive_metric.py,63.903698682785034,2
Diffusion-TS,ETTh,64,42,100003,predictive_score,42,0.12267118368572483,True,4096,cdc35aa47ea833d7d776683628a7cc1b1aac76f389b2775c001a5f99adfe98bf,b16cfe65d2cf7a533855ac894a125638ac1f55a5650b1c49447c66d728c1e162,/path/to/Diffusion-TS/Utils/predictive_metric.py,64.76746368408203,1
Diffusion-TS,ETTh,64,42,100003,predictive_score,123,0.11856255118846093,True,4096,cdc35aa47ea833d7d776683628a7cc1b1aac76f389b2775c001a5f99adfe98bf,b16cfe65d2cf7a533855ac894a125638ac1f55a5650b1c49447c66d728c1e162,/path/to/Diffusion-TS/Utils/predictive_metric.py,65.17401695251465,0
Diffusion-TS,ETTh,64,42,100004,predictive_score,0,0.1185818475942142,True,4096,cdc35aa47ea833d7d776683628a7cc1b1aac76f389b2775c001a5f99adfe98bf,bb70f0bcaadf586897b4bceff87f348cb9a3061d56a7e84d8ee1d4f7b5393b10,/path/to/Diffusion-TS/Utils/predictive_metric.py,63.82438564300537,0
Diffusion-TS,ETTh,64,42,100004,predictive_score,42,0.1226457745915468,True,4096,cdc35aa47ea833d7d776683628a7cc1b1aac76f389b2775c001a5f99adfe98bf,bb70f0bcaadf586897b4bceff87f348cb9a3061d56a7e84d8ee1d4f7b5393b10,/path/to/Diffusion-TS/Utils/predictive_metric.py,65.66165399551392,1
Diffusion-TS,ETTh,64,42,100004,predictive_score,123,0.11788479966116938,True,4096,cdc35aa47ea833d7d776683628a7cc1b1aac76f389b2775c001a5f99adfe98bf,bb70f0bcaadf586897b4bceff87f348cb9a3061d56a7e84d8ee1d4f7b5393b10,/path/to/Diffusion-TS/Utils/predictive_metric.py,66.19591474533081,2
Diffusion-TS,ETTh,64,123,100000,predictive_score,0,0.11505816758358378,True,4096,cdc35aa47ea833d7d776683628a7cc1b1aac76f389b2775c001a5f99adfe98bf,43c63ec892a604987d5e5c26c1b2403da69e1f6c940c4adaec277bf38c522ed2,/path/to/Diffusion-TS/Utils/predictive_metric.py,65.32435989379883,0
Diffusion-TS,ETTh,64,123,100000,predictive_score,42,0.12281342963342468,True,4096,cdc35aa47ea833d7d776683628a7cc1b1aac76f389b2775c001a5f99adfe98bf,43c63ec892a604987d5e5c26c1b2403da69e1f6c940c4adaec277bf38c522ed2,/path/to/Diffusion-TS/Utils/predictive_metric.py,65.42314195632935,2
Diffusion-TS,ETTh,64,123,100000,predictive_score,123,0.11478890030639377,True,4096,cdc35aa47ea833d7d776683628a7cc1b1aac76f389b2775c001a5f99adfe98bf,43c63ec892a604987d5e5c26c1b2403da69e1f6c940c4adaec277bf38c522ed2,/path/to/Diffusion-TS/Utils/predictive_metric.py,64.532399892807,1
Diffusion-TS,ETTh,64,123,100001,predictive_score,0,0.1167524022280304,True,4096,cdc35aa47ea833d7d776683628a7cc1b1aac76f389b2775c001a5f99adfe98bf,6d7656e0f4715333e2f11ae229fdb27ad7c24050cb04dca7d63bc4eb2f4dbf88,/path/to/Diffusion-TS/Utils/predictive_metric.py,65.95472383499146,1
Diffusion-TS,ETTh,64,123,100001,predictive_score,42,0.1226164613367473,True,4096,cdc35aa47ea833d7d776683628a7cc1b1aac76f389b2775c001a5f99adfe98bf,6d7656e0f4715333e2f11ae229fdb27ad7c24050cb04dca7d63bc4eb2f4dbf88,/path/to/Diffusion-TS/Utils/predictive_metric.py,65.80391263961792,0
Diffusion-TS,ETTh,64,123,100001,predictive_score,123,0.11556826980267942,True,4096,cdc35aa47ea833d7d776683628a7cc1b1aac76f389b2775c001a5f99adfe98bf,6d7656e0f4715333e2f11ae229fdb27ad7c24050cb04dca7d63bc4eb2f4dbf88,/path/to/Diffusion-TS/Utils/predictive_metric.py,64.59525322914124,2
Diffusion-TS,ETTh,64,123,100002,predictive_score,0,0.11748235263303286,True,4096,cdc35aa47ea833d7d776683628a7cc1b1aac76f389b2775c001a5f99adfe98bf,9ffc48afa9c07a01e30ce02b5bff5765c2d12d86ea89bbe9d0777713e17fa8cc,/path/to/Diffusion-TS/Utils/predictive_metric.py,63.66433238983154,2
Diffusion-TS,ETTh,64,123,100002,predictive_score,42,0.12394958505410614,True,4096,cdc35aa47ea833d7d776683628a7cc1b1aac76f389b2775c001a5f99adfe98bf,9ffc48afa9c07a01e30ce02b5bff5765c2d12d86ea89bbe9d0777713e17fa8cc,/path/to/Diffusion-TS/Utils/predictive_metric.py,65.80247926712036,0
Diffusion-TS,ETTh,64,123,100002,predictive_score,123,0.11582265745528275,True,4096,cdc35aa47ea833d7d776683628a7cc1b1aac76f389b2775c001a5f99adfe98bf,9ffc48afa9c07a01e30ce02b5bff5765c2d12d86ea89bbe9d0777713e17fa8cc,/path/to/Diffusion-TS/Utils/predictive_metric.py,63.993589878082275,1
Diffusion-TS,ETTh,64,123,100003,predictive_score,0,0.11688861907259707,True,4096,cdc35aa47ea833d7d776683628a7cc1b1aac76f389b2775c001a5f99adfe98bf,08775f3ddf0ec28ca362b00fba0c6a0403869fae405fb6e10ab58c3d9c38a66a,/path/to/Diffusion-TS/Utils/predictive_metric.py,66.75216269493103,0
Diffusion-TS,ETTh,64,123,100003,predictive_score,42,0.1232915424575367,True,4096,cdc35aa47ea833d7d776683628a7cc1b1aac76f389b2775c001a5f99adfe98bf,08775f3ddf0ec28ca362b00fba0c6a0403869fae405fb6e10ab58c3d9c38a66a,/path/to/Diffusion-TS/Utils/predictive_metric.py,66.0066282749176,1
Diffusion-TS,ETTh,64,123,100003,predictive_score,123,0.11540845584249837,True,4096,cdc35aa47ea833d7d776683628a7cc1b1aac76f389b2775c001a5f99adfe98bf,08775f3ddf0ec28ca362b00fba0c6a0403869fae405fb6e10ab58c3d9c38a66a,/path/to/Diffusion-TS/Utils/predictive_metric.py,67.13512563705444,2
Diffusion-TS,ETTh,64,123,100004,predictive_score,0,0.11844578160480523,True,4096,cdc35aa47ea833d7d776683628a7cc1b1aac76f389b2775c001a5f99adfe98bf,996e1e573a4de3915814a9347e560be7c7e72e9f67fb5106052fcd3a1ef0aec8,/path/to/Diffusion-TS/Utils/predictive_metric.py,64.32325673103333,2
Diffusion-TS,ETTh,64,123,100004,predictive_score,42,0.12422467002033954,True,4096,cdc35aa47ea833d7d776683628a7cc1b1aac76f389b2775c001a5f99adfe98bf,996e1e573a4de3915814a9347e560be7c7e72e9f67fb5106052fcd3a1ef0aec8,/path/to/Diffusion-TS/Utils/predictive_metric.py,64.32361435890198,0
Diffusion-TS,ETTh,64,123,100004,predictive_score,123,0.11604057697968528,True,4096,cdc35aa47ea833d7d776683628a7cc1b1aac76f389b2775c001a5f99adfe98bf,996e1e573a4de3915814a9347e560be7c7e72e9f67fb5106052fcd3a1ef0aec8,/path/to/Diffusion-TS/Utils/predictive_metric.py,64.78954792022705,1
PETS-U,ETTh,64,0,100000,predictive_score,0,0.1220192564574063,True,4096,cdc35aa47ea833d7d776683628a7cc1b1aac76f389b2775c001a5f99adfe98bf,9e3cb06d5dc84fe4facb699a45cd304b7338f26c2e5aed2a1d3e6aff7e7a9ddc,/path/to/Diffusion-TS/Utils/predictive_metric.py,65.34074401855469,0
PETS-U,ETTh,64,0,100000,predictive_score,42,0.12777393362330258,True,4096,cdc35aa47ea833d7d776683628a7cc1b1aac76f389b2775c001a5f99adfe98bf,9e3cb06d5dc84fe4facb699a45cd304b7338f26c2e5aed2a1d3e6aff7e7a9ddc,/path/to/Diffusion-TS/Utils/predictive_metric.py,65.54225587844849,1
PETS-U,ETTh,64,0,100000,predictive_score,123,0.12302299149632745,True,4096,cdc35aa47ea833d7d776683628a7cc1b1aac76f389b2775c001a5f99adfe98bf,9e3cb06d5dc84fe4facb699a45cd304b7338f26c2e5aed2a1d3e6aff7e7a9ddc,/path/to/Diffusion-TS/Utils/predictive_metric.py,64.83725380897522,2
PETS-U,ETTh,64,0,100001,predictive_score,0,0.12197763090807712,True,4096,cdc35aa47ea833d7d776683628a7cc1b1aac76f389b2775c001a5f99adfe98bf,52321555f1e81681fb2280559877adc8ec6a6bf5da86f47dbc93446f7ba3bc78,/path/to/Diffusion-TS/Utils/predictive_metric.py,65.56700682640076,2
PETS-U,ETTh,64,0,100001,predictive_score,42,0.12711670648650397,True,4096,cdc35aa47ea833d7d776683628a7cc1b1aac76f389b2775c001a5f99adfe98bf,52321555f1e81681fb2280559877adc8ec6a6bf5da86f47dbc93446f7ba3bc78,/path/to/Diffusion-TS/Utils/predictive_metric.py,64.18467211723328,0
PETS-U,ETTh,64,0,100001,predictive_score,123,0.12289169831456093,True,4096,cdc35aa47ea833d7d776683628a7cc1b1aac76f389b2775c001a5f99adfe98bf,52321555f1e81681fb2280559877adc8ec6a6bf5da86f47dbc93446f7ba3bc78,/path/to/Diffusion-TS/Utils/predictive_metric.py,63.78935766220093,1
PETS-U,ETTh,64,0,100002,predictive_score,0,0.1193632371696367,True,4096,cdc35aa47ea833d7d776683628a7cc1b1aac76f389b2775c001a5f99adfe98bf,8f07cc0d916598f648efb0646030e29d5003d9ab54691faa2b4f029d746583b0,/path/to/Diffusion-TS/Utils/predictive_metric.py,64.39178895950317,1
PETS-U,ETTh,64,0,100002,predictive_score,42,0.127550977939336,True,4096,cdc35aa47ea833d7d776683628a7cc1b1aac76f389b2775c001a5f99adfe98bf,8f07cc0d916598f648efb0646030e29d5003d9ab54691faa2b4f029d746583b0,/path/to/Diffusion-TS/Utils/predictive_metric.py,63.60221242904663,0
PETS-U,ETTh,64,0,100002,predictive_score,123,0.12115252693047296,True,4096,cdc35aa47ea833d7d776683628a7cc1b1aac76f389b2775c001a5f99adfe98bf,8f07cc0d916598f648efb0646030e29d5003d9ab54691faa2b4f029d746583b0,/path/to/Diffusion-TS/Utils/predictive_metric.py,65.35541820526123,2
PETS-U,ETTh,64,0,100003,predictive_score,0,0.1210743660017215,True,4096,cdc35aa47ea833d7d776683628a7cc1b1aac76f389b2775c001a5f99adfe98bf,8bebd96342406289aed8c53ac40b749be745ba45e92789fd8d836c43cf796d29,/path/to/Diffusion-TS/Utils/predictive_metric.py,65.22717714309692,1
PETS-U,ETTh,64,0,100003,predictive_score,42,0.12949652646238974,True,4096,cdc35aa47ea833d7d776683628a7cc1b1aac76f389b2775c001a5f99adfe98bf,8bebd96342406289aed8c53ac40b749be745ba45e92789fd8d836c43cf796d29,/path/to/Diffusion-TS/Utils/predictive_metric.py,66.59581661224365,2
PETS-U,ETTh,64,0,100003,predictive_score,123,0.12041576670890208,True,4096,cdc35aa47ea833d7d776683628a7cc1b1aac76f389b2775c001a5f99adfe98bf,8bebd96342406289aed8c53ac40b749be745ba45e92789fd8d836c43cf796d29,/path/to/Diffusion-TS/Utils/predictive_metric.py,63.9357008934021,0
PETS-U,ETTh,64,0,100004,predictive_score,0,0.1213018534067487,True,4096,cdc35aa47ea833d7d776683628a7cc1b1aac76f389b2775c001a5f99adfe98bf,2afabab467eea64405988d2bcd2f828cf83ff3672b866fc4ea38b8665c2baa58,/path/to/Diffusion-TS/Utils/predictive_metric.py,63.932161808013916,2
PETS-U,ETTh,64,0,100004,predictive_score,42,0.127450687786677,True,4096,cdc35aa47ea833d7d776683628a7cc1b1aac76f389b2775c001a5f99adfe98bf,2afabab467eea64405988d2bcd2f828cf83ff3672b866fc4ea38b8665c2baa58,/path/to/Diffusion-TS/Utils/predictive_metric.py,66.81801581382751,1
PETS-U,ETTh,64,0,100004,predictive_score,123,0.12012885386138805,True,4096,cdc35aa47ea833d7d776683628a7cc1b1aac76f389b2775c001a5f99adfe98bf,2afabab467eea64405988d2bcd2f828cf83ff3672b866fc4ea38b8665c2baa58,/path/to/Diffusion-TS/Utils/predictive_metric.py,65.1746072769165,0
PETS-U,ETTh,64,42,100000,predictive_score,0,0.11957295690581304,True,4096,cdc35aa47ea833d7d776683628a7cc1b1aac76f389b2775c001a5f99adfe98bf,250db135e18a42a17009c0e3107173c1dab4ab25611052bd1f27b35dde127bae,/path/to/Diffusion-TS/Utils/predictive_metric.py,62.43803691864014,1
PETS-U,ETTh,64,42,100000,predictive_score,42,0.1247967547897133,True,4096,cdc35aa47ea833d7d776683628a7cc1b1aac76f389b2775c001a5f99adfe98bf,250db135e18a42a17009c0e3107173c1dab4ab25611052bd1f27b35dde127bae,/path/to/Diffusion-TS/Utils/predictive_metric.py,67.13971614837646,2
PETS-U,ETTh,64,42,100000,predictive_score,123,0.11772278696298599,True,4096,cdc35aa47ea833d7d776683628a7cc1b1aac76f389b2775c001a5f99adfe98bf,250db135e18a42a17009c0e3107173c1dab4ab25611052bd1f27b35dde127bae,/path/to/Diffusion-TS/Utils/predictive_metric.py,64.99078130722046,0
PETS-U,ETTh,64,42,100001,predictive_score,0,0.12283683571558868,True,4096,cdc35aa47ea833d7d776683628a7cc1b1aac76f389b2775c001a5f99adfe98bf,33f42df6dbaf5041491fabd7a128fb5236d895e3eae95e37ddec9988f12b6d04,/path/to/Diffusion-TS/Utils/predictive_metric.py,65.91901516914368,0
PETS-U,ETTh,64,42,100001,predictive_score,42,0.12636587733049964,True,4096,cdc35aa47ea833d7d776683628a7cc1b1aac76f389b2775c001a5f99adfe98bf,33f42df6dbaf5041491fabd7a128fb5236d895e3eae95e37ddec9988f12b6d04,/path/to/Diffusion-TS/Utils/predictive_metric.py,65.64675545692444,1
PETS-U,ETTh,64,42,100001,predictive_score,123,0.11998553542161972,True,4096,cdc35aa47ea833d7d776683628a7cc1b1aac76f389b2775c001a5f99adfe98bf,33f42df6dbaf5041491fabd7a128fb5236d895e3eae95e37ddec9988f12b6d04,/path/to/Diffusion-TS/Utils/predictive_metric.py,66.66755723953247,2
PETS-U,ETTh,64,42,100002,predictive_score,0,0.11859598631008339,True,4096,cdc35aa47ea833d7d776683628a7cc1b1aac76f389b2775c001a5f99adfe98bf,c7c1fbc153296c0e91bd8a32491f9736a7c9ec69870f4d8e78cfedfa674928e4,/path/to/Diffusion-TS/Utils/predictive_metric.py,65.0564169883728,1
PETS-U,ETTh,64,42,100002,predictive_score,42,0.125327703995481,True,4096,cdc35aa47ea833d7d776683628a7cc1b1aac76f389b2775c001a5f99adfe98bf,c7c1fbc153296c0e91bd8a32491f9736a7c9ec69870f4d8e78cfedfa674928e4,/path/to/Diffusion-TS/Utils/predictive_metric.py,67.1428792476654,0
PETS-U,ETTh,64,42,100002,predictive_score,123,0.12058362138668599,True,4096,cdc35aa47ea833d7d776683628a7cc1b1aac76f389b2775c001a5f99adfe98bf,c7c1fbc153296c0e91bd8a32491f9736a7c9ec69870f4d8e78cfedfa674928e4,/path/to/Diffusion-TS/Utils/predictive_metric.py,66.97007989883423,2
PETS-U,ETTh,64,42,100003,predictive_score,0,0.11923354315126744,True,4096,cdc35aa47ea833d7d776683628a7cc1b1aac76f389b2775c001a5f99adfe98bf,9e7f9e91dbf798b79aef0e00dc988d8fbf0bcec808c7ec469c6eb42e7706b3ad,/path/to/Diffusion-TS/Utils/predictive_metric.py,64.61765551567078,2
PETS-U,ETTh,64,42,100003,predictive_score,42,0.12452407246109942,True,4096,cdc35aa47ea833d7d776683628a7cc1b1aac76f389b2775c001a5f99adfe98bf,9e7f9e91dbf798b79aef0e00dc988d8fbf0bcec808c7ec469c6eb42e7706b3ad,/path/to/Diffusion-TS/Utils/predictive_metric.py,66.70463728904724,1
PETS-U,ETTh,64,42,100003,predictive_score,123,0.12199814989253355,True,4096,cdc35aa47ea833d7d776683628a7cc1b1aac76f389b2775c001a5f99adfe98bf,9e7f9e91dbf798b79aef0e00dc988d8fbf0bcec808c7ec469c6eb42e7706b3ad,/path/to/Diffusion-TS/Utils/predictive_metric.py,64.59441685676575,0
PETS-U,ETTh,64,42,100004,predictive_score,0,0.12010891713225647,True,4096,cdc35aa47ea833d7d776683628a7cc1b1aac76f389b2775c001a5f99adfe98bf,7bde06cbd1da758d11003db66f76a46388619803b314ca622f0c4df543ff1c18,/path/to/Diffusion-TS/Utils/predictive_metric.py,64.49456596374512,1
PETS-U,ETTh,64,42,100004,predictive_score,42,0.12505838425386173,True,4096,cdc35aa47ea833d7d776683628a7cc1b1aac76f389b2775c001a5f99adfe98bf,7bde06cbd1da758d11003db66f76a46388619803b314ca622f0c4df543ff1c18,/path/to/Diffusion-TS/Utils/predictive_metric.py,64.97159671783447,0
PETS-U,ETTh,64,42,100004,predictive_score,123,0.11826503798056365,True,4096,cdc35aa47ea833d7d776683628a7cc1b1aac76f389b2775c001a5f99adfe98bf,7bde06cbd1da758d11003db66f76a46388619803b314ca622f0c4df543ff1c18,/path/to/Diffusion-TS/Utils/predictive_metric.py,65.93215537071228,2
PETS-U,ETTh,64,123,100000,predictive_score,0,0.11939981483487827,True,4096,cdc35aa47ea833d7d776683628a7cc1b1aac76f389b2775c001a5f99adfe98bf,cde026425046538a1c44f34f09a042ec7c06428628f3e80c455c6c634ee2cf36,/path/to/Diffusion-TS/Utils/predictive_metric.py,66.18827557563782,2
PETS-U,ETTh,64,123,100000,predictive_score,42,0.12425024709273202,True,4096,cdc35aa47ea833d7d776683628a7cc1b1aac76f389b2775c001a5f99adfe98bf,cde026425046538a1c44f34f09a042ec7c06428628f3e80c455c6c634ee2cf36,/path/to/Diffusion-TS/Utils/predictive_metric.py,66.0771894454956,0
PETS-U,ETTh,64,123,100000,predictive_score,123,0.11975361349323066,True,4096,cdc35aa47ea833d7d776683628a7cc1b1aac76f389b2775c001a5f99adfe98bf,cde026425046538a1c44f34f09a042ec7c06428628f3e80c455c6c634ee2cf36,/path/to/Diffusion-TS/Utils/predictive_metric.py,63.76502251625061,1
PETS-U,ETTh,64,123,100001,predictive_score,0,0.12082906659816217,True,4096,cdc35aa47ea833d7d776683628a7cc1b1aac76f389b2775c001a5f99adfe98bf,57cdb5b069965f307c4988ad92a158e759d94c840b3e9acc4ec403253c276e73,/path/to/Diffusion-TS/Utils/predictive_metric.py,65.94161343574524,0
PETS-U,ETTh,64,123,100001,predictive_score,42,0.12393167756181356,True,4096,cdc35aa47ea833d7d776683628a7cc1b1aac76f389b2775c001a5f99adfe98bf,57cdb5b069965f307c4988ad92a158e759d94c840b3e9acc4ec403253c276e73,/path/to/Diffusion-TS/Utils/predictive_metric.py,65.86277842521667,1
PETS-U,ETTh,64,123,100001,predictive_score,123,0.12070919198072261,True,4096,cdc35aa47ea833d7d776683628a7cc1b1aac76f389b2775c001a5f99adfe98bf,57cdb5b069965f307c4988ad92a158e759d94c840b3e9acc4ec403253c276e73,/path/to/Diffusion-TS/Utils/predictive_metric.py,65.49035024642944,2
PETS-U,ETTh,64,123,100002,predictive_score,0,0.12048424904969579,True,4096,cdc35aa47ea833d7d776683628a7cc1b1aac76f389b2775c001a5f99adfe98bf,6d12b7de92f0b29521b5aed5ab771c9c5fa9658c04db89a9e8faa056dea9568e,/path/to/Diffusion-TS/Utils/predictive_metric.py,66.02762818336487,0
PETS-U,ETTh,64,123,100002,predictive_score,42,0.12381799930881243,True,4096,cdc35aa47ea833d7d776683628a7cc1b1aac76f389b2775c001a5f99adfe98bf,6d12b7de92f0b29521b5aed5ab771c9c5fa9658c04db89a9e8faa056dea9568e,/path/to/Diffusion-TS/Utils/predictive_metric.py,64.14996314048767,2
PETS-U,ETTh,64,123,100002,predictive_score,123,0.12105139111417884,True,4096,cdc35aa47ea833d7d776683628a7cc1b1aac76f389b2775c001a5f99adfe98bf,6d12b7de92f0b29521b5aed5ab771c9c5fa9658c04db89a9e8faa056dea9568e,/path/to/Diffusion-TS/Utils/predictive_metric.py,63.58346366882324,1
PETS-U,ETTh,64,123,100003,predictive_score,0,0.12317507633861169,True,4096,cdc35aa47ea833d7d776683628a7cc1b1aac76f389b2775c001a5f99adfe98bf,6e7a7e8129ef44c836564b08c0c604056744e06539688442edb1d2578212ebe1,/path/to/Diffusion-TS/Utils/predictive_metric.py,65.39788794517517,0
PETS-U,ETTh,64,123,100003,predictive_score,42,0.12420603391115037,True,4096,cdc35aa47ea833d7d776683628a7cc1b1aac76f389b2775c001a5f99adfe98bf,6e7a7e8129ef44c836564b08c0c604056744e06539688442edb1d2578212ebe1,/path/to/Diffusion-TS/Utils/predictive_metric.py,65.04921102523804,2
PETS-U,ETTh,64,123,100003,predictive_score,123,0.12271714887310736,True,4096,cdc35aa47ea833d7d776683628a7cc1b1aac76f389b2775c001a5f99adfe98bf,6e7a7e8129ef44c836564b08c0c604056744e06539688442edb1d2578212ebe1,/path/to/Diffusion-TS/Utils/predictive_metric.py,66.21611857414246,1
PETS-U,ETTh,64,123,100004,predictive_score,0,0.12120025721878847,True,4096,cdc35aa47ea833d7d776683628a7cc1b1aac76f389b2775c001a5f99adfe98bf,c6f8b71aa8385642228a5bb79a70773d47ad2bf818704a46c71fa9c38b3cd34f,/path/to/Diffusion-TS/Utils/predictive_metric.py,65.78343057632446,2
PETS-U,ETTh,64,123,100004,predictive_score,42,0.12365417257069566,True,4096,cdc35aa47ea833d7d776683628a7cc1b1aac76f389b2775c001a5f99adfe98bf,c6f8b71aa8385642228a5bb79a70773d47ad2bf818704a46c71fa9c38b3cd34f,/path/to/Diffusion-TS/Utils/predictive_metric.py,64.6120343208313,1
PETS-U,ETTh,64,123,100004,predictive_score,123,0.11843676888383925,True,4096,cdc35aa47ea833d7d776683628a7cc1b1aac76f389b2775c001a5f99adfe98bf,c6f8b71aa8385642228a5bb79a70773d47ad2bf818704a46c71fa9c38b3cd34f,/path/to/Diffusion-TS/Utils/predictive_metric.py,65.43703484535217,0
Diffusion-TS,ETTh,128,0,100000,predictive_score,0,0.11127912487563663,True,4096,7738f737c4dfcedd618d7ad6f490ed21d761bacb5f690c68e54a6607f5d6e950,ab5c9e395c225d409e241c3abbf5c3412a989cafc3d3b1ebfcf4af9412d35c12,/path/to/Diffusion-TS/Utils/predictive_metric.py,125.31335139274597,1
Diffusion-TS,ETTh,128,0,100000,predictive_score,42,0.12064017778857306,True,4096,7738f737c4dfcedd618d7ad6f490ed21d761bacb5f690c68e54a6607f5d6e950,ab5c9e395c225d409e241c3abbf5c3412a989cafc3d3b1ebfcf4af9412d35c12,/path/to/Diffusion-TS/Utils/predictive_metric.py,125.165358543396,0
Diffusion-TS,ETTh,128,0,100000,predictive_score,123,0.1145722032656522,True,4096,7738f737c4dfcedd618d7ad6f490ed21d761bacb5f690c68e54a6607f5d6e950,ab5c9e395c225d409e241c3abbf5c3412a989cafc3d3b1ebfcf4af9412d35c12,/path/to/Diffusion-TS/Utils/predictive_metric.py,124.56610226631165,2
Diffusion-TS,ETTh,128,0,100001,predictive_score,0,0.11226552520338373,True,4096,7738f737c4dfcedd618d7ad6f490ed21d761bacb5f690c68e54a6607f5d6e950,bba198a07dc98acb4e063e899b4859086701ff661999f25bf550d8dab49e6b48,/path/to/Diffusion-TS/Utils/predictive_metric.py,124.92415356636047,1
Diffusion-TS,ETTh,128,0,100001,predictive_score,42,0.12097221581575468,True,4096,7738f737c4dfcedd618d7ad6f490ed21d761bacb5f690c68e54a6607f5d6e950,bba198a07dc98acb4e063e899b4859086701ff661999f25bf550d8dab49e6b48,/path/to/Diffusion-TS/Utils/predictive_metric.py,125.04027724266052,0
Diffusion-TS,ETTh,128,0,100001,predictive_score,123,0.13522073581725635,True,4096,7738f737c4dfcedd618d7ad6f490ed21d761bacb5f690c68e54a6607f5d6e950,bba198a07dc98acb4e063e899b4859086701ff661999f25bf550d8dab49e6b48,/path/to/Diffusion-TS/Utils/predictive_metric.py,123.95525193214417,2
Diffusion-TS,ETTh,128,0,100002,predictive_score,0,0.1106705968732058,True,4096,7738f737c4dfcedd618d7ad6f490ed21d761bacb5f690c68e54a6607f5d6e950,f304c3fed2322f42a64d1c739e43188472acd3849576d995467609b6a418b7cf,/path/to/Diffusion-TS/Utils/predictive_metric.py,124.98997688293457,0
Diffusion-TS,ETTh,128,0,100002,predictive_score,42,0.12179291490519972,True,4096,7738f737c4dfcedd618d7ad6f490ed21d761bacb5f690c68e54a6607f5d6e950,f304c3fed2322f42a64d1c739e43188472acd3849576d995467609b6a418b7cf,/path/to/Diffusion-TS/Utils/predictive_metric.py,124.68740844726562,2
Diffusion-TS,ETTh,128,0,100002,predictive_score,123,0.11128759428629564,True,4096,7738f737c4dfcedd618d7ad6f490ed21d761bacb5f690c68e54a6607f5d6e950,f304c3fed2322f42a64d1c739e43188472acd3849576d995467609b6a418b7cf,/path/to/Diffusion-TS/Utils/predictive_metric.py,123.87522411346436,1
Diffusion-TS,ETTh,128,0,100003,predictive_score,0,0.1108278935234921,True,4096,7738f737c4dfcedd618d7ad6f490ed21d761bacb5f690c68e54a6607f5d6e950,2366bb7da844ed68dbde19414f23053e04b1223050f7437363db5b8a207a4670,/path/to/Diffusion-TS/Utils/predictive_metric.py,126.61786460876465,1
Diffusion-TS,ETTh,128,0,100003,predictive_score,42,0.12134079997804292,True,4096,7738f737c4dfcedd618d7ad6f490ed21d761bacb5f690c68e54a6607f5d6e950,2366bb7da844ed68dbde19414f23053e04b1223050f7437363db5b8a207a4670,/path/to/Diffusion-TS/Utils/predictive_metric.py,125.98798871040344,0
Diffusion-TS,ETTh,128,0,100003,predictive_score,123,0.1150231751425963,True,4096,7738f737c4dfcedd618d7ad6f490ed21d761bacb5f690c68e54a6607f5d6e950,2366bb7da844ed68dbde19414f23053e04b1223050f7437363db5b8a207a4670,/path/to/Diffusion-TS/Utils/predictive_metric.py,125.08721089363098,2
Diffusion-TS,ETTh,128,0,100004,predictive_score,0,0.10947542927669929,True,4096,7738f737c4dfcedd618d7ad6f490ed21d761bacb5f690c68e54a6607f5d6e950,58ac6803b1d66c2fd000d48fd7e18e595bfff5c99bdf7e40c902ac1a66a772c3,/path/to/Diffusion-TS/Utils/predictive_metric.py,124.40968704223633,2
Diffusion-TS,ETTh,128,0,100004,predictive_score,42,0.12083630849519977,True,4096,7738f737c4dfcedd618d7ad6f490ed21d761bacb5f690c68e54a6607f5d6e950,58ac6803b1d66c2fd000d48fd7e18e595bfff5c99bdf7e40c902ac1a66a772c3,/path/to/Diffusion-TS/Utils/predictive_metric.py,128.3471610546112,1
Diffusion-TS,ETTh,128,0,100004,predictive_score,123,0.11396215934200882,True,4096,7738f737c4dfcedd618d7ad6f490ed21d761bacb5f690c68e54a6607f5d6e950,58ac6803b1d66c2fd000d48fd7e18e595bfff5c99bdf7e40c902ac1a66a772c3,/path/to/Diffusion-TS/Utils/predictive_metric.py,123.79997181892395,0
Diffusion-TS,ETTh,128,42,100000,predictive_score,0,0.11358067564196972,True,4096,7738f737c4dfcedd618d7ad6f490ed21d761bacb5f690c68e54a6607f5d6e950,03b6263cd9bff475cd6347d4af11551df538ac9db3248747f4cbb827f189996d,/path/to/Diffusion-TS/Utils/predictive_metric.py,125.26963090896606,0
Diffusion-TS,ETTh,128,42,100000,predictive_score,42,0.1208746480492664,True,4096,7738f737c4dfcedd618d7ad6f490ed21d761bacb5f690c68e54a6607f5d6e950,03b6263cd9bff475cd6347d4af11551df538ac9db3248747f4cbb827f189996d,/path/to/Diffusion-TS/Utils/predictive_metric.py,127.7712893486023,2
Diffusion-TS,ETTh,128,42,100000,predictive_score,123,0.11890433612006746,True,4096,7738f737c4dfcedd618d7ad6f490ed21d761bacb5f690c68e54a6607f5d6e950,03b6263cd9bff475cd6347d4af11551df538ac9db3248747f4cbb827f189996d,/path/to/Diffusion-TS/Utils/predictive_metric.py,125.42392015457153,1
Diffusion-TS,ETTh,128,42,100001,predictive_score,0,0.11173777059684653,True,4096,7738f737c4dfcedd618d7ad6f490ed21d761bacb5f690c68e54a6607f5d6e950,5dfca3affb007219052b9280332995d1e4ce4ecb12216cb6fb0c39025aeeffb8,/path/to/Diffusion-TS/Utils/predictive_metric.py,125.58574485778809,0
Diffusion-TS,ETTh,128,42,100001,predictive_score,42,0.12090504581192363,True,4096,7738f737c4dfcedd618d7ad6f490ed21d761bacb5f690c68e54a6607f5d6e950,5dfca3affb007219052b9280332995d1e4ce4ecb12216cb6fb0c39025aeeffb8,/path/to/Diffusion-TS/Utils/predictive_metric.py,126.25741577148438,2
Diffusion-TS,ETTh,128,42,100001,predictive_score,123,0.12248431274656468,True,4096,7738f737c4dfcedd618d7ad6f490ed21d761bacb5f690c68e54a6607f5d6e950,5dfca3affb007219052b9280332995d1e4ce4ecb12216cb6fb0c39025aeeffb8,/path/to/Diffusion-TS/Utils/predictive_metric.py,127.1316306591034,1
Diffusion-TS,ETTh,128,42,100002,predictive_score,0,0.11127437382629068,True,4096,7738f737c4dfcedd618d7ad6f490ed21d761bacb5f690c68e54a6607f5d6e950,226594936ffb32e1bc2656906bf6bc0542d4fe8ed7b5211b36ff27fffc2a3978,/path/to/Diffusion-TS/Utils/predictive_metric.py,123.93963050842285,1
Diffusion-TS,ETTh,128,42,100002,predictive_score,42,0.12030283596550362,True,4096,7738f737c4dfcedd618d7ad6f490ed21d761bacb5f690c68e54a6607f5d6e950,226594936ffb32e1bc2656906bf6bc0542d4fe8ed7b5211b36ff27fffc2a3978,/path/to/Diffusion-TS/Utils/predictive_metric.py,126.66998529434204,0
Diffusion-TS,ETTh,128,42,100002,predictive_score,123,0.11488264837635143,True,4096,7738f737c4dfcedd618d7ad6f490ed21d761bacb5f690c68e54a6607f5d6e950,226594936ffb32e1bc2656906bf6bc0542d4fe8ed7b5211b36ff27fffc2a3978,/path/to/Diffusion-TS/Utils/predictive_metric.py,124.15690898895264,2
Diffusion-TS,ETTh,128,42,100003,predictive_score,0,0.11224156925709394,True,4096,7738f737c4dfcedd618d7ad6f490ed21d761bacb5f690c68e54a6607f5d6e950,8c683060efe05505e2d9ef1eedfca5856651509fa8c1a46114cfae42661315b4,/path/to/Diffusion-TS/Utils/predictive_metric.py,124.3632025718689,2
Diffusion-TS,ETTh,128,42,100003,predictive_score,42,0.12041760348029129,True,4096,7738f737c4dfcedd618d7ad6f490ed21d761bacb5f690c68e54a6607f5d6e950,8c683060efe05505e2d9ef1eedfca5856651509fa8c1a46114cfae42661315b4,/path/to/Diffusion-TS/Utils/predictive_metric.py,123.79249215126038,0
Diffusion-TS,ETTh,128,42,100003,predictive_score,123,0.11661062966368263,True,4096,7738f737c4dfcedd618d7ad6f490ed21d761bacb5f690c68e54a6607f5d6e950,8c683060efe05505e2d9ef1eedfca5856651509fa8c1a46114cfae42661315b4,/path/to/Diffusion-TS/Utils/predictive_metric.py,125.56039714813232,1
Diffusion-TS,ETTh,128,42,100004,predictive_score,0,0.11182424233220445,True,4096,7738f737c4dfcedd618d7ad6f490ed21d761bacb5f690c68e54a6607f5d6e950,c2b305421e12cd4645819258d301f0f6812abcfe3ed1a014dfcece7c8931c1b1,/path/to/Diffusion-TS/Utils/predictive_metric.py,126.31224513053894,0
Diffusion-TS,ETTh,128,42,100004,predictive_score,42,0.12198269923146654,True,4096,7738f737c4dfcedd618d7ad6f490ed21d761bacb5f690c68e54a6607f5d6e950,c2b305421e12cd4645819258d301f0f6812abcfe3ed1a014dfcece7c8931c1b1,/path/to/Diffusion-TS/Utils/predictive_metric.py,125.70206308364868,1
Diffusion-TS,ETTh,128,42,100004,predictive_score,123,0.11290574814074716,True,4096,7738f737c4dfcedd618d7ad6f490ed21d761bacb5f690c68e54a6607f5d6e950,c2b305421e12cd4645819258d301f0f6812abcfe3ed1a014dfcece7c8931c1b1,/path/to/Diffusion-TS/Utils/predictive_metric.py,128.09885716438293,2
Diffusion-TS,ETTh,128,123,100000,predictive_score,0,0.11403887736514662,True,4096,7738f737c4dfcedd618d7ad6f490ed21d761bacb5f690c68e54a6607f5d6e950,6ff369d03097b914bb1ae29739d80bc1443d6f67a9c56dde28a7c78aad6f2ce0,/path/to/Diffusion-TS/Utils/predictive_metric.py,125.04649066925049,1
Diffusion-TS,ETTh,128,123,100000,predictive_score,42,0.12433312778830441,True,4096,7738f737c4dfcedd618d7ad6f490ed21d761bacb5f690c68e54a6607f5d6e950,6ff369d03097b914bb1ae29739d80bc1443d6f67a9c56dde28a7c78aad6f2ce0,/path/to/Diffusion-TS/Utils/predictive_metric.py,126.70749139785767,0
Diffusion-TS,ETTh,128,123,100000,predictive_score,123,0.10931429755100908,True,4096,7738f737c4dfcedd618d7ad6f490ed21d761bacb5f690c68e54a6607f5d6e950,6ff369d03097b914bb1ae29739d80bc1443d6f67a9c56dde28a7c78aad6f2ce0,/path/to/Diffusion-TS/Utils/predictive_metric.py,127.08342456817627,2
Diffusion-TS,ETTh,128,123,100001,predictive_score,0,0.11521132019879587,True,4096,7738f737c4dfcedd618d7ad6f490ed21d761bacb5f690c68e54a6607f5d6e950,e9cfca1fa3e509a130741df1c1c2a3680ceef3541732fc931626cefa0b1ea4eb,/path/to/Diffusion-TS/Utils/predictive_metric.py,123.2218906879425,1
Diffusion-TS,ETTh,128,123,100001,predictive_score,42,0.1250677591456224,True,4096,7738f737c4dfcedd618d7ad6f490ed21d761bacb5f690c68e54a6607f5d6e950,e9cfca1fa3e509a130741df1c1c2a3680ceef3541732fc931626cefa0b1ea4eb,/path/to/Diffusion-TS/Utils/predictive_metric.py,125.66946268081665,2
Diffusion-TS,ETTh,128,123,100001,predictive_score,123,0.11564868340974499,True,4096,7738f737c4dfcedd618d7ad6f490ed21d761bacb5f690c68e54a6607f5d6e950,e9cfca1fa3e509a130741df1c1c2a3680ceef3541732fc931626cefa0b1ea4eb,/path/to/Diffusion-TS/Utils/predictive_metric.py,125.5101101398468,0
Diffusion-TS,ETTh,128,123,100002,predictive_score,0,0.11574268423464673,True,4096,7738f737c4dfcedd618d7ad6f490ed21d761bacb5f690c68e54a6607f5d6e950,336dbe001ff375aa92438482071872b17508d7da41129d663c445b96dad6ebb5,/path/to/Diffusion-TS/Utils/predictive_metric.py,125.26039290428162,1
Diffusion-TS,ETTh,128,123,100002,predictive_score,42,0.12352203499494863,True,4096,7738f737c4dfcedd618d7ad6f490ed21d761bacb5f690c68e54a6607f5d6e950,336dbe001ff375aa92438482071872b17508d7da41129d663c445b96dad6ebb5,/path/to/Diffusion-TS/Utils/predictive_metric.py,124.52214622497559,2
Diffusion-TS,ETTh,128,123,100002,predictive_score,123,0.11698819278126393,True,4096,7738f737c4dfcedd618d7ad6f490ed21d761bacb5f690c68e54a6607f5d6e950,336dbe001ff375aa92438482071872b17508d7da41129d663c445b96dad6ebb5,/path/to/Diffusion-TS/Utils/predictive_metric.py,123.7425525188446,0
Diffusion-TS,ETTh,128,123,100003,predictive_score,0,0.11758757950474319,True,4096,7738f737c4dfcedd618d7ad6f490ed21d761bacb5f690c68e54a6607f5d6e950,cb22e8809755d754ce853172080bd96938a60d0c7e8a73636838ad52521032e3,/path/to/Diffusion-TS/Utils/predictive_metric.py,124.45878863334656,1
Diffusion-TS,ETTh,128,123,100003,predictive_score,42,0.12495939210566576,True,4096,7738f737c4dfcedd618d7ad6f490ed21d761bacb5f690c68e54a6607f5d6e950,cb22e8809755d754ce853172080bd96938a60d0c7e8a73636838ad52521032e3,/path/to/Diffusion-TS/Utils/predictive_metric.py,123.78536534309387,2
Diffusion-TS,ETTh,128,123,100003,predictive_score,123,0.1209223971359279,True,4096,7738f737c4dfcedd618d7ad6f490ed21d761bacb5f690c68e54a6607f5d6e950,cb22e8809755d754ce853172080bd96938a60d0c7e8a73636838ad52521032e3,/path/to/Diffusion-TS/Utils/predictive_metric.py,125.87846302986145,0
Diffusion-TS,ETTh,128,123,100004,predictive_score,0,0.11839555233700594,True,4096,7738f737c4dfcedd618d7ad6f490ed21d761bacb5f690c68e54a6607f5d6e950,a3307ef9c364c43366b573744d7f0ff69055cf71b2437329dc9ef332cf2ecc72,/path/to/Diffusion-TS/Utils/predictive_metric.py,125.12805366516113,2
Diffusion-TS,ETTh,128,123,100004,predictive_score,42,0.12761789163914727,True,4096,7738f737c4dfcedd618d7ad6f490ed21d761bacb5f690c68e54a6607f5d6e950,a3307ef9c364c43366b573744d7f0ff69055cf71b2437329dc9ef332cf2ecc72,/path/to/Diffusion-TS/Utils/predictive_metric.py,125.17928767204285,1
Diffusion-TS,ETTh,128,123,100004,predictive_score,123,0.1328608757639813,True,4096,7738f737c4dfcedd618d7ad6f490ed21d761bacb5f690c68e54a6607f5d6e950,a3307ef9c364c43366b573744d7f0ff69055cf71b2437329dc9ef332cf2ecc72,/path/to/Diffusion-TS/Utils/predictive_metric.py,124.91080689430237,0
PETS-U,ETTh,128,0,100000,predictive_score,0,0.11006751403374437,True,4096,7738f737c4dfcedd618d7ad6f490ed21d761bacb5f690c68e54a6607f5d6e950,699cbba29bdeee448c5f4515d6cc0ff4519aa91689187704c56b2e18a80e82f9,/path/to/Diffusion-TS/Utils/predictive_metric.py,124.3947913646698,2
PETS-U,ETTh,128,0,100000,predictive_score,42,0.1200528438080255,True,4096,7738f737c4dfcedd618d7ad6f490ed21d761bacb5f690c68e54a6607f5d6e950,699cbba29bdeee448c5f4515d6cc0ff4519aa91689187704c56b2e18a80e82f9,/path/to/Diffusion-TS/Utils/predictive_metric.py,125.52517366409302,1
PETS-U,ETTh,128,0,100000,predictive_score,123,0.11014025521217263,True,4096,7738f737c4dfcedd618d7ad6f490ed21d761bacb5f690c68e54a6607f5d6e950,699cbba29bdeee448c5f4515d6cc0ff4519aa91689187704c56b2e18a80e82f9,/path/to/Diffusion-TS/Utils/predictive_metric.py,125.25472617149353,0
PETS-U,ETTh,128,0,100001,predictive_score,0,0.1106954805800342,True,4096,7738f737c4dfcedd618d7ad6f490ed21d761bacb5f690c68e54a6607f5d6e950,e2aa36c497d214be6e093a7b32d5a946d11930fae2b4733684184f5c05b7d91e,/path/to/Diffusion-TS/Utils/predictive_metric.py,123.9560775756836,0
PETS-U,ETTh,128,0,100001,predictive_score,42,0.12114825463550005,True,4096,7738f737c4dfcedd618d7ad6f490ed21d761bacb5f690c68e54a6607f5d6e950,e2aa36c497d214be6e093a7b32d5a946d11930fae2b4733684184f5c05b7d91e,/path/to/Diffusion-TS/Utils/predictive_metric.py,126.54823756217957,2
PETS-U,ETTh,128,0,100001,predictive_score,123,0.11373696295004265,True,4096,7738f737c4dfcedd618d7ad6f490ed21d761bacb5f690c68e54a6607f5d6e950,e2aa36c497d214be6e093a7b32d5a946d11930fae2b4733684184f5c05b7d91e,/path/to/Diffusion-TS/Utils/predictive_metric.py,125.23149347305298,1
PETS-U,ETTh,128,0,100002,predictive_score,0,0.11126164337201772,True,4096,7738f737c4dfcedd618d7ad6f490ed21d761bacb5f690c68e54a6607f5d6e950,733b6aeeffe18c52fd204a532a8b3977a3008a474e676c37bb8016ea80c68db3,/path/to/Diffusion-TS/Utils/predictive_metric.py,125.66431999206543,0
PETS-U,ETTh,128,0,100002,predictive_score,42,0.1230529889949139,True,4096,7738f737c4dfcedd618d7ad6f490ed21d761bacb5f690c68e54a6607f5d6e950,733b6aeeffe18c52fd204a532a8b3977a3008a474e676c37bb8016ea80c68db3,/path/to/Diffusion-TS/Utils/predictive_metric.py,126.4509449005127,2
PETS-U,ETTh,128,0,100002,predictive_score,123,0.11235622478170626,True,4096,7738f737c4dfcedd618d7ad6f490ed21d761bacb5f690c68e54a6607f5d6e950,733b6aeeffe18c52fd204a532a8b3977a3008a474e676c37bb8016ea80c68db3,/path/to/Diffusion-TS/Utils/predictive_metric.py,123.84152698516846,1
PETS-U,ETTh,128,0,100003,predictive_score,0,0.11076972553064479,True,4096,7738f737c4dfcedd618d7ad6f490ed21d761bacb5f690c68e54a6607f5d6e950,7c1ed7e1cf73415f21a2a7f3e0e74cc9e20b6488e45467df44a412a53af42e16,/path/to/Diffusion-TS/Utils/predictive_metric.py,126.37365341186523,0
PETS-U,ETTh,128,0,100003,predictive_score,42,0.12169494995487184,True,4096,7738f737c4dfcedd618d7ad6f490ed21d761bacb5f690c68e54a6607f5d6e950,7c1ed7e1cf73415f21a2a7f3e0e74cc9e20b6488e45467df44a412a53af42e16,/path/to/Diffusion-TS/Utils/predictive_metric.py,125.70867609977722,2
PETS-U,ETTh,128,0,100003,predictive_score,123,0.1095160910940649,True,4096,7738f737c4dfcedd618d7ad6f490ed21d761bacb5f690c68e54a6607f5d6e950,7c1ed7e1cf73415f21a2a7f3e0e74cc9e20b6488e45467df44a412a53af42e16,/path/to/Diffusion-TS/Utils/predictive_metric.py,123.29876375198364,1
PETS-U,ETTh,128,0,100004,predictive_score,0,0.11147207056774278,True,4096,7738f737c4dfcedd618d7ad6f490ed21d761bacb5f690c68e54a6607f5d6e950,61c11a5265bcaf09280d58a44359d136ca0c2d6c284c38e9c86392434cb8bf62,/path/to/Diffusion-TS/Utils/predictive_metric.py,126.27323150634766,2
PETS-U,ETTh,128,0,100004,predictive_score,42,0.12793701048030925,True,4096,7738f737c4dfcedd618d7ad6f490ed21d761bacb5f690c68e54a6607f5d6e950,61c11a5265bcaf09280d58a44359d136ca0c2d6c284c38e9c86392434cb8bf62,/path/to/Diffusion-TS/Utils/predictive_metric.py,128.6988332271576,0
PETS-U,ETTh,128,0,100004,predictive_score,123,0.11174174819643667,True,4096,7738f737c4dfcedd618d7ad6f490ed21d761bacb5f690c68e54a6607f5d6e950,61c11a5265bcaf09280d58a44359d136ca0c2d6c284c38e9c86392434cb8bf62,/path/to/Diffusion-TS/Utils/predictive_metric.py,125.61613130569458,1
PETS-U,ETTh,128,42,100000,predictive_score,0,0.1107744242035551,True,4096,7738f737c4dfcedd618d7ad6f490ed21d761bacb5f690c68e54a6607f5d6e950,6369962dad56e115ae09de42dfbc6d377a79835f3c9abd8dee9f9cba3c9e3dd9,/path/to/Diffusion-TS/Utils/predictive_metric.py,124.8373601436615,1
PETS-U,ETTh,128,42,100000,predictive_score,42,0.1219138184815165,True,4096,7738f737c4dfcedd618d7ad6f490ed21d761bacb5f690c68e54a6607f5d6e950,6369962dad56e115ae09de42dfbc6d377a79835f3c9abd8dee9f9cba3c9e3dd9,/path/to/Diffusion-TS/Utils/predictive_metric.py,125.61636710166931,2
PETS-U,ETTh,128,42,100000,predictive_score,123,0.1195213525784311,True,4096,7738f737c4dfcedd618d7ad6f490ed21d761bacb5f690c68e54a6607f5d6e950,6369962dad56e115ae09de42dfbc6d377a79835f3c9abd8dee9f9cba3c9e3dd9,/path/to/Diffusion-TS/Utils/predictive_metric.py,124.37266325950623,0
PETS-U,ETTh,128,42,100001,predictive_score,0,0.11155549020713806,True,4096,7738f737c4dfcedd618d7ad6f490ed21d761bacb5f690c68e54a6607f5d6e950,090e388bee3d0c48937e36dd612d36694740abc0012c5061a5b6503da5d284ae,/path/to/Diffusion-TS/Utils/predictive_metric.py,124.94970464706421,2
PETS-U,ETTh,128,42,100001,predictive_score,42,0.12058517941477476,True,4096,7738f737c4dfcedd618d7ad6f490ed21d761bacb5f690c68e54a6607f5d6e950,090e388bee3d0c48937e36dd612d36694740abc0012c5061a5b6503da5d284ae,/path/to/Diffusion-TS/Utils/predictive_metric.py,124.5976357460022,1
PETS-U,ETTh,128,42,100001,predictive_score,123,0.11121006155144642,True,4096,7738f737c4dfcedd618d7ad6f490ed21d761bacb5f690c68e54a6607f5d6e950,090e388bee3d0c48937e36dd612d36694740abc0012c5061a5b6503da5d284ae,/path/to/Diffusion-TS/Utils/predictive_metric.py,126.68491649627686,0
PETS-U,ETTh,128,42,100002,predictive_score,0,0.11251388709479215,True,4096,7738f737c4dfcedd618d7ad6f490ed21d761bacb5f690c68e54a6607f5d6e950,943e6b139e3174c55444891ee93f16dd5fd597fbc2fbb0bd3b242b0289718d87,/path/to/Diffusion-TS/Utils/predictive_metric.py,124.09977197647095,2
PETS-U,ETTh,128,42,100002,predictive_score,42,0.121803527578777,True,4096,7738f737c4dfcedd618d7ad6f490ed21d761bacb5f690c68e54a6607f5d6e950,943e6b139e3174c55444891ee93f16dd5fd597fbc2fbb0bd3b242b0289718d87,/path/to/Diffusion-TS/Utils/predictive_metric.py,125.40209913253784,1
PETS-U,ETTh,128,42,100002,predictive_score,123,0.11262716071814793,True,4096,7738f737c4dfcedd618d7ad6f490ed21d761bacb5f690c68e54a6607f5d6e950,943e6b139e3174c55444891ee93f16dd5fd597fbc2fbb0bd3b242b0289718d87,/path/to/Diffusion-TS/Utils/predictive_metric.py,126.06364750862122,0
PETS-U,ETTh,128,42,100003,predictive_score,0,0.11147684145907988,True,4096,7738f737c4dfcedd618d7ad6f490ed21d761bacb5f690c68e54a6607f5d6e950,aad2e3d923005c4f1ec96f9e72ba37854413fa73eaf1d82d589848e527d05c0a,/path/to/Diffusion-TS/Utils/predictive_metric.py,126.44864249229431,2
PETS-U,ETTh,128,42,100003,predictive_score,42,0.12079677416022605,True,4096,7738f737c4dfcedd618d7ad6f490ed21d761bacb5f690c68e54a6607f5d6e950,aad2e3d923005c4f1ec96f9e72ba37854413fa73eaf1d82d589848e527d05c0a,/path/to/Diffusion-TS/Utils/predictive_metric.py,126.91837191581726,0
PETS-U,ETTh,128,42,100003,predictive_score,123,0.11451105309697596,True,4096,7738f737c4dfcedd618d7ad6f490ed21d761bacb5f690c68e54a6607f5d6e950,aad2e3d923005c4f1ec96f9e72ba37854413fa73eaf1d82d589848e527d05c0a,/path/to/Diffusion-TS/Utils/predictive_metric.py,127.24614381790161,1
PETS-U,ETTh,128,42,100004,predictive_score,0,0.11099641171722396,True,4096,7738f737c4dfcedd618d7ad6f490ed21d761bacb5f690c68e54a6607f5d6e950,52781f8fc67c907a03da955112f0d28fcfc57b5cf2eddf0a649465d526f36fa9,/path/to/Diffusion-TS/Utils/predictive_metric.py,124.52393198013306,1
PETS-U,ETTh,128,42,100004,predictive_score,42,0.12273948392748935,True,4096,7738f737c4dfcedd618d7ad6f490ed21d761bacb5f690c68e54a6607f5d6e950,52781f8fc67c907a03da955112f0d28fcfc57b5cf2eddf0a649465d526f36fa9,/path/to/Diffusion-TS/Utils/predictive_metric.py,126.5072648525238,0
PETS-U,ETTh,128,42,100004,predictive_score,123,0.11399559446044805,True,4096,7738f737c4dfcedd618d7ad6f490ed21d761bacb5f690c68e54a6607f5d6e950,52781f8fc67c907a03da955112f0d28fcfc57b5cf2eddf0a649465d526f36fa9,/path/to/Diffusion-TS/Utils/predictive_metric.py,125.24129319190979,2
PETS-U,ETTh,128,123,100000,predictive_score,0,0.11050425999701474,True,4096,7738f737c4dfcedd618d7ad6f490ed21d761bacb5f690c68e54a6607f5d6e950,2b1bb2422d20d4f7e9863e601ca6f11b7ea6e2284109c12d7ec774757775d586,/path/to/Diffusion-TS/Utils/predictive_metric.py,126.88290357589722,0
PETS-U,ETTh,128,123,100000,predictive_score,42,0.12318699397337696,True,4096,7738f737c4dfcedd618d7ad6f490ed21d761bacb5f690c68e54a6607f5d6e950,2b1bb2422d20d4f7e9863e601ca6f11b7ea6e2284109c12d7ec774757775d586,/path/to/Diffusion-TS/Utils/predictive_metric.py,124.81904745101929,1
PETS-U,ETTh,128,123,100000,predictive_score,123,0.11684052559940028,True,4096,7738f737c4dfcedd618d7ad6f490ed21d761bacb5f690c68e54a6607f5d6e950,2b1bb2422d20d4f7e9863e601ca6f11b7ea6e2284109c12d7ec774757775d586,/path/to/Diffusion-TS/Utils/predictive_metric.py,124.53372097015381,2
PETS-U,ETTh,128,123,100001,predictive_score,0,0.10995513123225464,True,4096,7738f737c4dfcedd618d7ad6f490ed21d761bacb5f690c68e54a6607f5d6e950,d66e4daa83f4bfc0feb528c7979e46d6eb3ef73064be812a6ca524561b876f52,/path/to/Diffusion-TS/Utils/predictive_metric.py,124.67471098899841,2
PETS-U,ETTh,128,123,100001,predictive_score,42,0.12273492734675528,True,4096,7738f737c4dfcedd618d7ad6f490ed21d761bacb5f690c68e54a6607f5d6e950,d66e4daa83f4bfc0feb528c7979e46d6eb3ef73064be812a6ca524561b876f52,/path/to/Diffusion-TS/Utils/predictive_metric.py,126.1878080368042,0
PETS-U,ETTh,128,123,100001,predictive_score,123,0.11647806042174125,True,4096,7738f737c4dfcedd618d7ad6f490ed21d761bacb5f690c68e54a6607f5d6e950,d66e4daa83f4bfc0feb528c7979e46d6eb3ef73064be812a6ca524561b876f52,/path/to/Diffusion-TS/Utils/predictive_metric.py,125.36772584915161,1
PETS-U,ETTh,128,123,100002,predictive_score,0,0.11072871614669566,True,4096,7738f737c4dfcedd618d7ad6f490ed21d761bacb5f690c68e54a6607f5d6e950,5466cfa9fe64e6d610b3837b74a920c51b64020fc053da17a6ce0c3061c45404,/path/to/Diffusion-TS/Utils/predictive_metric.py,125.45926141738892,1
PETS-U,ETTh,128,123,100002,predictive_score,42,0.12288941427186728,True,4096,7738f737c4dfcedd618d7ad6f490ed21d761bacb5f690c68e54a6607f5d6e950,5466cfa9fe64e6d610b3837b74a920c51b64020fc053da17a6ce0c3061c45404,/path/to/Diffusion-TS/Utils/predictive_metric.py,125.47269344329834,0
PETS-U,ETTh,128,123,100002,predictive_score,123,0.11717096355641843,True,4096,7738f737c4dfcedd618d7ad6f490ed21d761bacb5f690c68e54a6607f5d6e950,5466cfa9fe64e6d610b3837b74a920c51b64020fc053da17a6ce0c3061c45404,/path/to/Diffusion-TS/Utils/predictive_metric.py,123.48510575294495,2
PETS-U,ETTh,128,123,100003,predictive_score,0,0.10999457422622072,True,4096,7738f737c4dfcedd618d7ad6f490ed21d761bacb5f690c68e54a6607f5d6e950,475bced8dcb5a7198be816fe7c00832df8405d21d01c3f351ec0eb08ec949e43,/path/to/Diffusion-TS/Utils/predictive_metric.py,124.49384498596191,0
PETS-U,ETTh,128,123,100003,predictive_score,42,0.12183145633571257,True,4096,7738f737c4dfcedd618d7ad6f490ed21d761bacb5f690c68e54a6607f5d6e950,475bced8dcb5a7198be816fe7c00832df8405d21d01c3f351ec0eb08ec949e43,/path/to/Diffusion-TS/Utils/predictive_metric.py,124.36588072776794,1
PETS-U,ETTh,128,123,100003,predictive_score,123,0.11224340965691226,True,4096,7738f737c4dfcedd618d7ad6f490ed21d761bacb5f690c68e54a6607f5d6e950,475bced8dcb5a7198be816fe7c00832df8405d21d01c3f351ec0eb08ec949e43,/path/to/Diffusion-TS/Utils/predictive_metric.py,127.3451075553894,2
PETS-U,ETTh,128,123,100004,predictive_score,0,0.11001117926343795,True,4096,7738f737c4dfcedd618d7ad6f490ed21d761bacb5f690c68e54a6607f5d6e950,bdda64b132402142a6eef57dcc92fa64875c34c6588931a0ba3681c6073280e5,/path/to/Diffusion-TS/Utils/predictive_metric.py,124.1581802368164,0
PETS-U,ETTh,128,123,100004,predictive_score,42,0.1227521010705459,True,4096,7738f737c4dfcedd618d7ad6f490ed21d761bacb5f690c68e54a6607f5d6e950,bdda64b132402142a6eef57dcc92fa64875c34c6588931a0ba3681c6073280e5,/path/to/Diffusion-TS/Utils/predictive_metric.py,126.07647824287415,1
PETS-U,ETTh,128,123,100004,predictive_score,123,0.11754989170322006,True,4096,7738f737c4dfcedd618d7ad6f490ed21d761bacb5f690c68e54a6607f5d6e950,bdda64b132402142a6eef57dcc92fa64875c34c6588931a0ba3681c6073280e5,/path/to/Diffusion-TS/Utils/predictive_metric.py,126.43491411209106,2
Diffusion-TS,ETTh,256,0,100000,predictive_score,0,0.11552673303185657,True,4096,a24f236875ae64e90ac2659e91858d641ab1afc1e0a10df901307ea5e750b5bb,4ed8f7f0372fcb3e3a37668fc4281324799e7f0a770fb6511da577966691db3f,/path/to/Diffusion-TS/Utils/predictive_metric.py,244.37068724632263,2
Diffusion-TS,ETTh,256,0,100000,predictive_score,42,0.12490559231218867,True,4096,a24f236875ae64e90ac2659e91858d641ab1afc1e0a10df901307ea5e750b5bb,4ed8f7f0372fcb3e3a37668fc4281324799e7f0a770fb6511da577966691db3f,/path/to/Diffusion-TS/Utils/predictive_metric.py,245.21308398246765,1
Diffusion-TS,ETTh,256,0,100000,predictive_score,123,0.11735194865241283,True,4096,a24f236875ae64e90ac2659e91858d641ab1afc1e0a10df901307ea5e750b5bb,4ed8f7f0372fcb3e3a37668fc4281324799e7f0a770fb6511da577966691db3f,/path/to/Diffusion-TS/Utils/predictive_metric.py,241.86616706848145,0
Diffusion-TS,ETTh,256,0,100001,predictive_score,0,0.11574008914840306,True,4096,a24f236875ae64e90ac2659e91858d641ab1afc1e0a10df901307ea5e750b5bb,04fbbe6b657a079d996b719f847d6fdad961c94e973b50c9a42b9d2859d2dff8,/path/to/Diffusion-TS/Utils/predictive_metric.py,246.48941659927368,1
Diffusion-TS,ETTh,256,0,100001,predictive_score,42,0.1237919807263097,True,4096,a24f236875ae64e90ac2659e91858d641ab1afc1e0a10df901307ea5e750b5bb,04fbbe6b657a079d996b719f847d6fdad961c94e973b50c9a42b9d2859d2dff8,/path/to/Diffusion-TS/Utils/predictive_metric.py,245.3793225288391,0
Diffusion-TS,ETTh,256,0,100001,predictive_score,123,0.11787278693873304,True,4096,a24f236875ae64e90ac2659e91858d641ab1afc1e0a10df901307ea5e750b5bb,04fbbe6b657a079d996b719f847d6fdad961c94e973b50c9a42b9d2859d2dff8,/path/to/Diffusion-TS/Utils/predictive_metric.py,240.343683719635,2
Diffusion-TS,ETTh,256,0,100002,predictive_score,0,0.115480003360517,True,4096,a24f236875ae64e90ac2659e91858d641ab1afc1e0a10df901307ea5e750b5bb,aaa4ef2bb28f5cf6dde6420196dee05f692bb1ae81f08475c1223d71e47f4225,/path/to/Diffusion-TS/Utils/predictive_metric.py,242.08967757225037,2
Diffusion-TS,ETTh,256,0,100002,predictive_score,42,0.12489207007956793,True,4096,a24f236875ae64e90ac2659e91858d641ab1afc1e0a10df901307ea5e750b5bb,aaa4ef2bb28f5cf6dde6420196dee05f692bb1ae81f08475c1223d71e47f4225,/path/to/Diffusion-TS/Utils/predictive_metric.py,242.09654211997986,0
Diffusion-TS,ETTh,256,0,100002,predictive_score,123,0.11883871381587596,True,4096,a24f236875ae64e90ac2659e91858d641ab1afc1e0a10df901307ea5e750b5bb,aaa4ef2bb28f5cf6dde6420196dee05f692bb1ae81f08475c1223d71e47f4225,/path/to/Diffusion-TS/Utils/predictive_metric.py,245.19894742965698,1
Diffusion-TS,ETTh,256,0,100003,predictive_score,0,0.11651819652252016,True,4096,a24f236875ae64e90ac2659e91858d641ab1afc1e0a10df901307ea5e750b5bb,5f72ca081d46c121e5d9485d8580208a800d3c3d7dd7d79a6c8c13847080a281,/path/to/Diffusion-TS/Utils/predictive_metric.py,243.92999243736267,2
Diffusion-TS,ETTh,256,0,100003,predictive_score,42,0.12503435139660724,True,4096,a24f236875ae64e90ac2659e91858d641ab1afc1e0a10df901307ea5e750b5bb,5f72ca081d46c121e5d9485d8580208a800d3c3d7dd7d79a6c8c13847080a281,/path/to/Diffusion-TS/Utils/predictive_metric.py,241.92041015625,0
Diffusion-TS,ETTh,256,0,100003,predictive_score,123,0.11735152844448749,True,4096,a24f236875ae64e90ac2659e91858d641ab1afc1e0a10df901307ea5e750b5bb,5f72ca081d46c121e5d9485d8580208a800d3c3d7dd7d79a6c8c13847080a281,/path/to/Diffusion-TS/Utils/predictive_metric.py,239.78069043159485,1
Diffusion-TS,ETTh,256,0,100004,predictive_score,0,0.115836296287398,True,4096,a24f236875ae64e90ac2659e91858d641ab1afc1e0a10df901307ea5e750b5bb,f93f9b271e61ecb48cb247ecdbb743d9e5984cbf20c152f9c22140159dcef709,/path/to/Diffusion-TS/Utils/predictive_metric.py,246.25960040092468,2
Diffusion-TS,ETTh,256,0,100004,predictive_score,42,0.1239561851639337,True,4096,a24f236875ae64e90ac2659e91858d641ab1afc1e0a10df901307ea5e750b5bb,f93f9b271e61ecb48cb247ecdbb743d9e5984cbf20c152f9c22140159dcef709,/path/to/Diffusion-TS/Utils/predictive_metric.py,246.67452454566956,1
Diffusion-TS,ETTh,256,0,100004,predictive_score,123,0.11620855233104521,True,4096,a24f236875ae64e90ac2659e91858d641ab1afc1e0a10df901307ea5e750b5bb,f93f9b271e61ecb48cb247ecdbb743d9e5984cbf20c152f9c22140159dcef709,/path/to/Diffusion-TS/Utils/predictive_metric.py,242.91497349739075,0
Diffusion-TS,ETTh,256,42,100000,predictive_score,0,0.10948277377701743,True,4096,a24f236875ae64e90ac2659e91858d641ab1afc1e0a10df901307ea5e750b5bb,1eb084835c1397a9db577571b7589e948657ab08f796d66796f25742f7a59a6e,/path/to/Diffusion-TS/Utils/predictive_metric.py,240.9014232158661,0
Diffusion-TS,ETTh,256,42,100000,predictive_score,42,0.12101314905066829,True,4096,a24f236875ae64e90ac2659e91858d641ab1afc1e0a10df901307ea5e750b5bb,1eb084835c1397a9db577571b7589e948657ab08f796d66796f25742f7a59a6e,/path/to/Diffusion-TS/Utils/predictive_metric.py,246.75841784477234,2
Diffusion-TS,ETTh,256,42,100000,predictive_score,123,0.11439797363254911,True,4096,a24f236875ae64e90ac2659e91858d641ab1afc1e0a10df901307ea5e750b5bb,1eb084835c1397a9db577571b7589e948657ab08f796d66796f25742f7a59a6e,/path/to/Diffusion-TS/Utils/predictive_metric.py,243.7428765296936,1
Diffusion-TS,ETTh,256,42,100001,predictive_score,0,0.10846869962506389,True,4096,a24f236875ae64e90ac2659e91858d641ab1afc1e0a10df901307ea5e750b5bb,92c1ad14bfde71a37509ed7bcdcf8ffbc9fe2dbe226e5294266a07c3842687a0,/path/to/Diffusion-TS/Utils/predictive_metric.py,246.250830411911,1
Diffusion-TS,ETTh,256,42,100001,predictive_score,42,0.11955424665120518,True,4096,a24f236875ae64e90ac2659e91858d641ab1afc1e0a10df901307ea5e750b5bb,92c1ad14bfde71a37509ed7bcdcf8ffbc9fe2dbe226e5294266a07c3842687a0,/path/to/Diffusion-TS/Utils/predictive_metric.py,250.14911699295044,0
Diffusion-TS,ETTh,256,42,100001,predictive_score,123,0.1199270042588978,True,4096,a24f236875ae64e90ac2659e91858d641ab1afc1e0a10df901307ea5e750b5bb,92c1ad14bfde71a37509ed7bcdcf8ffbc9fe2dbe226e5294266a07c3842687a0,/path/to/Diffusion-TS/Utils/predictive_metric.py,245.96451568603516,2
Diffusion-TS,ETTh,256,42,100002,predictive_score,0,0.10851746531170647,True,4096,a24f236875ae64e90ac2659e91858d641ab1afc1e0a10df901307ea5e750b5bb,a885f945bd0ef745ace1cb77bd1118f5d683215dd9bc9dc3f02318d02e8788cb,/path/to/Diffusion-TS/Utils/predictive_metric.py,246.26641154289246,1
Diffusion-TS,ETTh,256,42,100002,predictive_score,42,0.12288123128519146,True,4096,a24f236875ae64e90ac2659e91858d641ab1afc1e0a10df901307ea5e750b5bb,a885f945bd0ef745ace1cb77bd1118f5d683215dd9bc9dc3f02318d02e8788cb,/path/to/Diffusion-TS/Utils/predictive_metric.py,246.25485801696777,2
Diffusion-TS,ETTh,256,42,100002,predictive_score,123,0.11706445815343614,True,4096,a24f236875ae64e90ac2659e91858d641ab1afc1e0a10df901307ea5e750b5bb,a885f945bd0ef745ace1cb77bd1118f5d683215dd9bc9dc3f02318d02e8788cb,/path/to/Diffusion-TS/Utils/predictive_metric.py,246.21960735321045,0
Diffusion-TS,ETTh,256,42,100003,predictive_score,0,0.10847874349929043,True,4096,a24f236875ae64e90ac2659e91858d641ab1afc1e0a10df901307ea5e750b5bb,af5cec60423d77ae9bb013aa9d466cb5f08c2400614a198c46561203b17184e0,/path/to/Diffusion-TS/Utils/predictive_metric.py,243.67447566986084,0
Diffusion-TS,ETTh,256,42,100003,predictive_score,42,0.12034117031862479,True,4096,a24f236875ae64e90ac2659e91858d641ab1afc1e0a10df901307ea5e750b5bb,af5cec60423d77ae9bb013aa9d466cb5f08c2400614a198c46561203b17184e0,/path/to/Diffusion-TS/Utils/predictive_metric.py,244.87560772895813,2
Diffusion-TS,ETTh,256,42,100003,predictive_score,123,0.11564777897820022,True,4096,a24f236875ae64e90ac2659e91858d641ab1afc1e0a10df901307ea5e750b5bb,af5cec60423d77ae9bb013aa9d466cb5f08c2400614a198c46561203b17184e0,/path/to/Diffusion-TS/Utils/predictive_metric.py,249.6232509613037,1
Diffusion-TS,ETTh,256,42,100004,predictive_score,0,0.10823446139011139,True,4096,a24f236875ae64e90ac2659e91858d641ab1afc1e0a10df901307ea5e750b5bb,61fe4d42858ce2c5e8ec1d8d8cee205045e85a65887770a31b78c7094b1db423,/path/to/Diffusion-TS/Utils/predictive_metric.py,246.58458304405212,2
Diffusion-TS,ETTh,256,42,100004,predictive_score,42,0.12136285555743598,True,4096,a24f236875ae64e90ac2659e91858d641ab1afc1e0a10df901307ea5e750b5bb,61fe4d42858ce2c5e8ec1d8d8cee205045e85a65887770a31b78c7094b1db423,/path/to/Diffusion-TS/Utils/predictive_metric.py,242.46877121925354,0
Diffusion-TS,ETTh,256,42,100004,predictive_score,123,0.1351891302324475,True,4096,a24f236875ae64e90ac2659e91858d641ab1afc1e0a10df901307ea5e750b5bb,61fe4d42858ce2c5e8ec1d8d8cee205045e85a65887770a31b78c7094b1db423,/path/to/Diffusion-TS/Utils/predictive_metric.py,243.2980179786682,1
Diffusion-TS,ETTh,256,123,100000,predictive_score,0,0.11697609286511579,True,4096,a24f236875ae64e90ac2659e91858d641ab1afc1e0a10df901307ea5e750b5bb,03b8b54dc1d901a5557568f6da81d462ac49a8d2219c973401eb4459bf083f5d,/path/to/Diffusion-TS/Utils/predictive_metric.py,241.00688576698303,2
Diffusion-TS,ETTh,256,123,100000,predictive_score,42,0.12464272126862852,True,4096,a24f236875ae64e90ac2659e91858d641ab1afc1e0a10df901307ea5e750b5bb,03b8b54dc1d901a5557568f6da81d462ac49a8d2219c973401eb4459bf083f5d,/path/to/Diffusion-TS/Utils/predictive_metric.py,244.47080731391907,1
Diffusion-TS,ETTh,256,123,100000,predictive_score,123,0.10738374692118668,True,4096,a24f236875ae64e90ac2659e91858d641ab1afc1e0a10df901307ea5e750b5bb,03b8b54dc1d901a5557568f6da81d462ac49a8d2219c973401eb4459bf083f5d,/path/to/Diffusion-TS/Utils/predictive_metric.py,245.0441164970398,0
Diffusion-TS,ETTh,256,123,100001,predictive_score,0,0.11705891976180283,True,4096,a24f236875ae64e90ac2659e91858d641ab1afc1e0a10df901307ea5e750b5bb,e352da5ec0b3338bebdf162247f333fac3856c676e5bf2130fa0239d7cb2ad6b,/path/to/Diffusion-TS/Utils/predictive_metric.py,245.32311248779297,2
Diffusion-TS,ETTh,256,123,100001,predictive_score,42,0.12466414913023982,True,4096,a24f236875ae64e90ac2659e91858d641ab1afc1e0a10df901307ea5e750b5bb,e352da5ec0b3338bebdf162247f333fac3856c676e5bf2130fa0239d7cb2ad6b,/path/to/Diffusion-TS/Utils/predictive_metric.py,243.6210582256317,1
Diffusion-TS,ETTh,256,123,100001,predictive_score,123,0.10806630037041032,True,4096,a24f236875ae64e90ac2659e91858d641ab1afc1e0a10df901307ea5e750b5bb,e352da5ec0b3338bebdf162247f333fac3856c676e5bf2130fa0239d7cb2ad6b,/path/to/Diffusion-TS/Utils/predictive_metric.py,246.49002718925476,0
Diffusion-TS,ETTh,256,123,100002,predictive_score,0,0.11902681625679179,True,4096,a24f236875ae64e90ac2659e91858d641ab1afc1e0a10df901307ea5e750b5bb,0daedec9d3d595c2d177edeac1102afe1be5857fe9efbb2c0b572fc1a20ec34c,/path/to/Diffusion-TS/Utils/predictive_metric.py,245.05864143371582,0
Diffusion-TS,ETTh,256,123,100002,predictive_score,42,0.12556020197280304,True,4096,a24f236875ae64e90ac2659e91858d641ab1afc1e0a10df901307ea5e750b5bb,0daedec9d3d595c2d177edeac1102afe1be5857fe9efbb2c0b572fc1a20ec34c,/path/to/Diffusion-TS/Utils/predictive_metric.py,244.73251485824585,1
Diffusion-TS,ETTh,256,123,100002,predictive_score,123,0.1077947579137799,True,4096,a24f236875ae64e90ac2659e91858d641ab1afc1e0a10df901307ea5e750b5bb,0daedec9d3d595c2d177edeac1102afe1be5857fe9efbb2c0b572fc1a20ec34c,/path/to/Diffusion-TS/Utils/predictive_metric.py,245.91003465652466,2
Diffusion-TS,ETTh,256,123,100003,predictive_score,0,0.11968930011289558,True,4096,a24f236875ae64e90ac2659e91858d641ab1afc1e0a10df901307ea5e750b5bb,a1f1025c91057034fed61959a9b037c2206f150d081efaf60435049265665d33,/path/to/Diffusion-TS/Utils/predictive_metric.py,245.97468781471252,0
Diffusion-TS,ETTh,256,123,100003,predictive_score,42,0.12466897580452496,True,4096,a24f236875ae64e90ac2659e91858d641ab1afc1e0a10df901307ea5e750b5bb,a1f1025c91057034fed61959a9b037c2206f150d081efaf60435049265665d33,/path/to/Diffusion-TS/Utils/predictive_metric.py,247.70819807052612,2
Diffusion-TS,ETTh,256,123,100003,predictive_score,123,0.11061791593738235,True,4096,a24f236875ae64e90ac2659e91858d641ab1afc1e0a10df901307ea5e750b5bb,a1f1025c91057034fed61959a9b037c2206f150d081efaf60435049265665d33,/path/to/Diffusion-TS/Utils/predictive_metric.py,242.95239543914795,1
Diffusion-TS,ETTh,256,123,100004,predictive_score,0,0.11976661980406789,True,4096,a24f236875ae64e90ac2659e91858d641ab1afc1e0a10df901307ea5e750b5bb,84d163dcdfdd5751e18a05371e562a76f47c21b2814d1defdc2c4da0f8fd516d,/path/to/Diffusion-TS/Utils/predictive_metric.py,244.2048316001892,1
Diffusion-TS,ETTh,256,123,100004,predictive_score,42,0.1259260340975743,True,4096,a24f236875ae64e90ac2659e91858d641ab1afc1e0a10df901307ea5e750b5bb,84d163dcdfdd5751e18a05371e562a76f47c21b2814d1defdc2c4da0f8fd516d,/path/to/Diffusion-TS/Utils/predictive_metric.py,246.03343176841736,2
Diffusion-TS,ETTh,256,123,100004,predictive_score,123,0.11120960719290451,True,4096,a24f236875ae64e90ac2659e91858d641ab1afc1e0a10df901307ea5e750b5bb,84d163dcdfdd5751e18a05371e562a76f47c21b2814d1defdc2c4da0f8fd516d,/path/to/Diffusion-TS/Utils/predictive_metric.py,246.5595257282257,0
PETS-U,ETTh,256,0,100000,predictive_score,0,0.11210096558443183,True,4096,a24f236875ae64e90ac2659e91858d641ab1afc1e0a10df901307ea5e750b5bb,61e9b06d75337aacb33cbea8dce4a5143b4f91ac1769cab57b76beb5d036e64a,/path/to/Diffusion-TS/Utils/predictive_metric.py,240.7428183555603,1
PETS-U,ETTh,256,0,100000,predictive_score,42,0.1245479262788649,True,4096,a24f236875ae64e90ac2659e91858d641ab1afc1e0a10df901307ea5e750b5bb,61e9b06d75337aacb33cbea8dce4a5143b4f91ac1769cab57b76beb5d036e64a,/path/to/Diffusion-TS/Utils/predictive_metric.py,245.48069858551025,0
PETS-U,ETTh,256,0,100000,predictive_score,123,0.11587926845413676,True,4096,a24f236875ae64e90ac2659e91858d641ab1afc1e0a10df901307ea5e750b5bb,61e9b06d75337aacb33cbea8dce4a5143b4f91ac1769cab57b76beb5d036e64a,/path/to/Diffusion-TS/Utils/predictive_metric.py,240.88087487220764,2
PETS-U,ETTh,256,0,100001,predictive_score,0,0.11436875609342678,True,4096,a24f236875ae64e90ac2659e91858d641ab1afc1e0a10df901307ea5e750b5bb,c1a8073f3ce1640da49d2e34020d3b7c202d56d6d5e6f0bf206bc61471ce6416,/path/to/Diffusion-TS/Utils/predictive_metric.py,241.80708384513855,1
PETS-U,ETTh,256,0,100001,predictive_score,42,0.1229080607963624,True,4096,a24f236875ae64e90ac2659e91858d641ab1afc1e0a10df901307ea5e750b5bb,c1a8073f3ce1640da49d2e34020d3b7c202d56d6d5e6f0bf206bc61471ce6416,/path/to/Diffusion-TS/Utils/predictive_metric.py,241.90669417381287,2
PETS-U,ETTh,256,0,100001,predictive_score,123,0.11422589858966603,True,4096,a24f236875ae64e90ac2659e91858d641ab1afc1e0a10df901307ea5e750b5bb,c1a8073f3ce1640da49d2e34020d3b7c202d56d6d5e6f0bf206bc61471ce6416,/path/to/Diffusion-TS/Utils/predictive_metric.py,245.98982119560242,0
PETS-U,ETTh,256,0,100002,predictive_score,0,0.11280686227337355,True,4096,a24f236875ae64e90ac2659e91858d641ab1afc1e0a10df901307ea5e750b5bb,1a9070dead1c94938dac48a117a0f6c5836e6425d69f652a316dc04e8f14a877,/path/to/Diffusion-TS/Utils/predictive_metric.py,247.8524169921875,1
PETS-U,ETTh,256,0,100002,predictive_score,42,0.12379393714263642,True,4096,a24f236875ae64e90ac2659e91858d641ab1afc1e0a10df901307ea5e750b5bb,1a9070dead1c94938dac48a117a0f6c5836e6425d69f652a316dc04e8f14a877,/path/to/Diffusion-TS/Utils/predictive_metric.py,245.4827311038971,2
PETS-U,ETTh,256,0,100002,predictive_score,123,0.11840521082649502,True,4096,a24f236875ae64e90ac2659e91858d641ab1afc1e0a10df901307ea5e750b5bb,1a9070dead1c94938dac48a117a0f6c5836e6425d69f652a316dc04e8f14a877,/path/to/Diffusion-TS/Utils/predictive_metric.py,246.82517385482788,0
PETS-U,ETTh,256,0,100003,predictive_score,0,0.11218482544882136,True,4096,a24f236875ae64e90ac2659e91858d641ab1afc1e0a10df901307ea5e750b5bb,c1e3f8867fa27f86d0627163958c37ce71a1109d9554149abd41e3ac18f96c9d,/path/to/Diffusion-TS/Utils/predictive_metric.py,240.73654580116272,1
PETS-U,ETTh,256,0,100003,predictive_score,42,0.1229402382700755,True,4096,a24f236875ae64e90ac2659e91858d641ab1afc1e0a10df901307ea5e750b5bb,c1e3f8867fa27f86d0627163958c37ce71a1109d9554149abd41e3ac18f96c9d,/path/to/Diffusion-TS/Utils/predictive_metric.py,244.05919671058655,2
PETS-U,ETTh,256,0,100003,predictive_score,123,0.11476522108841891,True,4096,a24f236875ae64e90ac2659e91858d641ab1afc1e0a10df901307ea5e750b5bb,c1e3f8867fa27f86d0627163958c37ce71a1109d9554149abd41e3ac18f96c9d,/path/to/Diffusion-TS/Utils/predictive_metric.py,244.243426322937,0
PETS-U,ETTh,256,0,100004,predictive_score,0,0.11092611527919871,True,4096,a24f236875ae64e90ac2659e91858d641ab1afc1e0a10df901307ea5e750b5bb,a5089773c92781e2d9dd6eee08f18b1bd99e0f9ed323d3124070a4642ef32d64,/path/to/Diffusion-TS/Utils/predictive_metric.py,246.05293607711792,2
PETS-U,ETTh,256,0,100004,predictive_score,42,0.12278884185707284,True,4096,a24f236875ae64e90ac2659e91858d641ab1afc1e0a10df901307ea5e750b5bb,a5089773c92781e2d9dd6eee08f18b1bd99e0f9ed323d3124070a4642ef32d64,/path/to/Diffusion-TS/Utils/predictive_metric.py,242.66867089271545,1
PETS-U,ETTh,256,0,100004,predictive_score,123,0.11566450920281568,True,4096,a24f236875ae64e90ac2659e91858d641ab1afc1e0a10df901307ea5e750b5bb,a5089773c92781e2d9dd6eee08f18b1bd99e0f9ed323d3124070a4642ef32d64,/path/to/Diffusion-TS/Utils/predictive_metric.py,244.81512236595154,0
PETS-U,ETTh,256,42,100000,predictive_score,0,0.1076017548107302,True,4096,a24f236875ae64e90ac2659e91858d641ab1afc1e0a10df901307ea5e750b5bb,45ebaa29c0b2aa8a54894379ef2ffa5a4edc7cd415694688c1b0b1434373a604,/path/to/Diffusion-TS/Utils/predictive_metric.py,243.771258354187,1
PETS-U,ETTh,256,42,100000,predictive_score,42,0.11999122720180821,True,4096,a24f236875ae64e90ac2659e91858d641ab1afc1e0a10df901307ea5e750b5bb,45ebaa29c0b2aa8a54894379ef2ffa5a4edc7cd415694688c1b0b1434373a604,/path/to/Diffusion-TS/Utils/predictive_metric.py,247.38546109199524,2
PETS-U,ETTh,256,42,100000,predictive_score,123,0.1100026243798311,True,4096,a24f236875ae64e90ac2659e91858d641ab1afc1e0a10df901307ea5e750b5bb,45ebaa29c0b2aa8a54894379ef2ffa5a4edc7cd415694688c1b0b1434373a604,/path/to/Diffusion-TS/Utils/predictive_metric.py,245.85062289237976,0
PETS-U,ETTh,256,42,100001,predictive_score,0,0.10922994927614127,True,4096,a24f236875ae64e90ac2659e91858d641ab1afc1e0a10df901307ea5e750b5bb,43f09be7b372bea7fcff91a2d9d18aa84fb372ff5f5c4f9fa7cef8c05346b577,/path/to/Diffusion-TS/Utils/predictive_metric.py,243.16577005386353,1
PETS-U,ETTh,256,42,100001,predictive_score,42,0.12152269020134554,True,4096,a24f236875ae64e90ac2659e91858d641ab1afc1e0a10df901307ea5e750b5bb,43f09be7b372bea7fcff91a2d9d18aa84fb372ff5f5c4f9fa7cef8c05346b577,/path/to/Diffusion-TS/Utils/predictive_metric.py,248.61708307266235,0
PETS-U,ETTh,256,42,100001,predictive_score,123,0.11292742534669742,True,4096,a24f236875ae64e90ac2659e91858d641ab1afc1e0a10df901307ea5e750b5bb,43f09be7b372bea7fcff91a2d9d18aa84fb372ff5f5c4f9fa7cef8c05346b577,/path/to/Diffusion-TS/Utils/predictive_metric.py,243.8231382369995,2
PETS-U,ETTh,256,42,100002,predictive_score,0,0.10847037868097686,True,4096,a24f236875ae64e90ac2659e91858d641ab1afc1e0a10df901307ea5e750b5bb,9f063845221ac71ce73936d7960dd2f63f3fa941aae607dcf0677844972e0cda,/path/to/Diffusion-TS/Utils/predictive_metric.py,242.66084742546082,1
PETS-U,ETTh,256,42,100002,predictive_score,42,0.1223379498956092,True,4096,a24f236875ae64e90ac2659e91858d641ab1afc1e0a10df901307ea5e750b5bb,9f063845221ac71ce73936d7960dd2f63f3fa941aae607dcf0677844972e0cda,/path/to/Diffusion-TS/Utils/predictive_metric.py,239.76329708099365,2
PETS-U,ETTh,256,42,100002,predictive_score,123,0.11055149924823127,True,4096,a24f236875ae64e90ac2659e91858d641ab1afc1e0a10df901307ea5e750b5bb,9f063845221ac71ce73936d7960dd2f63f3fa941aae607dcf0677844972e0cda,/path/to/Diffusion-TS/Utils/predictive_metric.py,249.7403416633606,0
PETS-U,ETTh,256,42,100003,predictive_score,0,0.10761296609871351,True,4096,a24f236875ae64e90ac2659e91858d641ab1afc1e0a10df901307ea5e750b5bb,0c6ccc3b4dde105be3af1c1eaa3633efce2de6569391090bd0326def08d55c26,/path/to/Diffusion-TS/Utils/predictive_metric.py,249.0931830406189,2
PETS-U,ETTh,256,42,100003,predictive_score,42,0.11971188916322717,True,4096,a24f236875ae64e90ac2659e91858d641ab1afc1e0a10df901307ea5e750b5bb,0c6ccc3b4dde105be3af1c1eaa3633efce2de6569391090bd0326def08d55c26,/path/to/Diffusion-TS/Utils/predictive_metric.py,242.16970825195312,1
PETS-U,ETTh,256,42,100003,predictive_score,123,0.11237952125384254,True,4096,a24f236875ae64e90ac2659e91858d641ab1afc1e0a10df901307ea5e750b5bb,0c6ccc3b4dde105be3af1c1eaa3633efce2de6569391090bd0326def08d55c26,/path/to/Diffusion-TS/Utils/predictive_metric.py,242.61090779304504,0
PETS-U,ETTh,256,42,100004,predictive_score,0,0.1082345249719765,True,4096,a24f236875ae64e90ac2659e91858d641ab1afc1e0a10df901307ea5e750b5bb,471af5005fb43efe517e6ad116a56eca694d5a29acf532d0914a81c656ab375e,/path/to/Diffusion-TS/Utils/predictive_metric.py,244.57018065452576,1
PETS-U,ETTh,256,42,100004,predictive_score,42,0.11895346151368358,True,4096,a24f236875ae64e90ac2659e91858d641ab1afc1e0a10df901307ea5e750b5bb,471af5005fb43efe517e6ad116a56eca694d5a29acf532d0914a81c656ab375e,/path/to/Diffusion-TS/Utils/predictive_metric.py,242.1163170337677,2
PETS-U,ETTh,256,42,100004,predictive_score,123,0.11100164531944756,True,4096,a24f236875ae64e90ac2659e91858d641ab1afc1e0a10df901307ea5e750b5bb,471af5005fb43efe517e6ad116a56eca694d5a29acf532d0914a81c656ab375e,/path/to/Diffusion-TS/Utils/predictive_metric.py,246.1208052635193,0
PETS-U,ETTh,256,123,100000,predictive_score,0,0.10938179335244058,True,4096,a24f236875ae64e90ac2659e91858d641ab1afc1e0a10df901307ea5e750b5bb,612a1bbd6c648b474d41a06e66a4d8eaa107c5685977e3ce2398df0ecda97b63,/path/to/Diffusion-TS/Utils/predictive_metric.py,245.4957399368286,1
PETS-U,ETTh,256,123,100000,predictive_score,42,0.12345336605949342,True,4096,a24f236875ae64e90ac2659e91858d641ab1afc1e0a10df901307ea5e750b5bb,612a1bbd6c648b474d41a06e66a4d8eaa107c5685977e3ce2398df0ecda97b63,/path/to/Diffusion-TS/Utils/predictive_metric.py,246.7888698577881,2
PETS-U,ETTh,256,123,100000,predictive_score,123,0.11364052111184719,True,4096,a24f236875ae64e90ac2659e91858d641ab1afc1e0a10df901307ea5e750b5bb,612a1bbd6c648b474d41a06e66a4d8eaa107c5685977e3ce2398df0ecda97b63,/path/to/Diffusion-TS/Utils/predictive_metric.py,241.80172324180603,0
PETS-U,ETTh,256,123,100001,predictive_score,0,0.10799534925990883,True,4096,a24f236875ae64e90ac2659e91858d641ab1afc1e0a10df901307ea5e750b5bb,2fdf542b47f17d39af419df3d9040ffaaf1cc343b6012bd111fc993e06653874,/path/to/Diffusion-TS/Utils/predictive_metric.py,241.9376983642578,0
PETS-U,ETTh,256,123,100001,predictive_score,42,0.12283663615744445,True,4096,a24f236875ae64e90ac2659e91858d641ab1afc1e0a10df901307ea5e750b5bb,2fdf542b47f17d39af419df3d9040ffaaf1cc343b6012bd111fc993e06653874,/path/to/Diffusion-TS/Utils/predictive_metric.py,242.96491026878357,1
PETS-U,ETTh,256,123,100001,predictive_score,123,0.13403588298069735,True,4096,a24f236875ae64e90ac2659e91858d641ab1afc1e0a10df901307ea5e750b5bb,2fdf542b47f17d39af419df3d9040ffaaf1cc343b6012bd111fc993e06653874,/path/to/Diffusion-TS/Utils/predictive_metric.py,246.21887731552124,2
PETS-U,ETTh,256,123,100002,predictive_score,0,0.1092519252015336,True,4096,a24f236875ae64e90ac2659e91858d641ab1afc1e0a10df901307ea5e750b5bb,449fb48733fa2fc154801423cdbeac4d3b28abb2badf43ea678a4649784cd093,/path/to/Diffusion-TS/Utils/predictive_metric.py,240.46138334274292,0
PETS-U,ETTh,256,123,100002,predictive_score,42,0.12232738420334499,True,4096,a24f236875ae64e90ac2659e91858d641ab1afc1e0a10df901307ea5e750b5bb,449fb48733fa2fc154801423cdbeac4d3b28abb2badf43ea678a4649784cd093,/path/to/Diffusion-TS/Utils/predictive_metric.py,241.3579490184784,1
PETS-U,ETTh,256,123,100002,predictive_score,123,0.11567098656587405,True,4096,a24f236875ae64e90ac2659e91858d641ab1afc1e0a10df901307ea5e750b5bb,449fb48733fa2fc154801423cdbeac4d3b28abb2badf43ea678a4649784cd093,/path/to/Diffusion-TS/Utils/predictive_metric.py,240.71018934249878,2
PETS-U,ETTh,256,123,100003,predictive_score,0,0.10911331167608296,True,4096,a24f236875ae64e90ac2659e91858d641ab1afc1e0a10df901307ea5e750b5bb,fcdf1e2ba7967cd6bdb0292b33a0bfa70459557dc3b2ebd598919e2795adc58e,/path/to/Diffusion-TS/Utils/predictive_metric.py,244.52437233924866,2
PETS-U,ETTh,256,123,100003,predictive_score,42,0.12319118859886657,True,4096,a24f236875ae64e90ac2659e91858d641ab1afc1e0a10df901307ea5e750b5bb,fcdf1e2ba7967cd6bdb0292b33a0bfa70459557dc3b2ebd598919e2795adc58e,/path/to/Diffusion-TS/Utils/predictive_metric.py,246.19684028625488,0
PETS-U,ETTh,256,123,100003,predictive_score,123,0.11076787509000496,True,4096,a24f236875ae64e90ac2659e91858d641ab1afc1e0a10df901307ea5e750b5bb,fcdf1e2ba7967cd6bdb0292b33a0bfa70459557dc3b2ebd598919e2795adc58e,/path/to/Diffusion-TS/Utils/predictive_metric.py,238.2896387577057,1
PETS-U,ETTh,256,123,100004,predictive_score,0,0.10819607899065886,True,4096,a24f236875ae64e90ac2659e91858d641ab1afc1e0a10df901307ea5e750b5bb,c35a89c64f8cb6fe013b6d2ed775c733b397c13e068b8746319ccef2a7c7f11c,/path/to/Diffusion-TS/Utils/predictive_metric.py,248.21652102470398,2
PETS-U,ETTh,256,123,100004,predictive_score,42,0.12274282148655402,True,4096,a24f236875ae64e90ac2659e91858d641ab1afc1e0a10df901307ea5e750b5bb,c35a89c64f8cb6fe013b6d2ed775c733b397c13e068b8746319ccef2a7c7f11c,/path/to/Diffusion-TS/Utils/predictive_metric.py,244.78135061264038,1
PETS-U,ETTh,256,123,100004,predictive_score,123,0.11491889856142734,True,4096,a24f236875ae64e90ac2659e91858d641ab1afc1e0a10df901307ea5e750b5bb,c35a89c64f8cb6fe013b6d2ed775c733b397c13e068b8746319ccef2a7c7f11c,/path/to/Diffusion-TS/Utils/predictive_metric.py,246.79005455970764,0
Diffusion-TS,Energy,64,0,100000,predictive_score,0,0.2553448525322892,True,4096,4de04ef73b0e56b19af594a31b813a4697ed7c514b305259bb0ad4595412bc35,e894fdca7597a52277dbfab5eb39f2394aa54da2e62e0a3b8a012f991d92c4ea,/path/to/Diffusion-TS/Utils/predictive_metric.py,87.5657308101654,2
Diffusion-TS,Energy,64,0,100000,predictive_score,42,0.25625677234347677,True,4096,4de04ef73b0e56b19af594a31b813a4697ed7c514b305259bb0ad4595412bc35,e894fdca7597a52277dbfab5eb39f2394aa54da2e62e0a3b8a012f991d92c4ea,/path/to/Diffusion-TS/Utils/predictive_metric.py,88.23446130752563,0
Diffusion-TS,Energy,64,0,100000,predictive_score,123,0.2571887046069605,True,4096,4de04ef73b0e56b19af594a31b813a4697ed7c514b305259bb0ad4595412bc35,e894fdca7597a52277dbfab5eb39f2394aa54da2e62e0a3b8a012f991d92c4ea,/path/to/Diffusion-TS/Utils/predictive_metric.py,88.39303684234619,1
Diffusion-TS,Energy,64,0,100001,predictive_score,0,0.25699121691286564,True,4096,4de04ef73b0e56b19af594a31b813a4697ed7c514b305259bb0ad4595412bc35,65c0fd8ab10fb4849cb8d87a2b48f4834a50ab0072986ffc158f1576ef703003,/path/to/Diffusion-TS/Utils/predictive_metric.py,89.0646321773529,1
Diffusion-TS,Energy,64,0,100001,predictive_score,42,0.2583763295551762,True,4096,4de04ef73b0e56b19af594a31b813a4697ed7c514b305259bb0ad4595412bc35,65c0fd8ab10fb4849cb8d87a2b48f4834a50ab0072986ffc158f1576ef703003,/path/to/Diffusion-TS/Utils/predictive_metric.py,88.24951195716858,0
Diffusion-TS,Energy,64,0,100001,predictive_score,123,0.2559699467383325,True,4096,4de04ef73b0e56b19af594a31b813a4697ed7c514b305259bb0ad4595412bc35,65c0fd8ab10fb4849cb8d87a2b48f4834a50ab0072986ffc158f1576ef703003,/path/to/Diffusion-TS/Utils/predictive_metric.py,87.50193810462952,2
Diffusion-TS,Energy,64,0,100002,predictive_score,0,0.2573300675212522,True,4096,4de04ef73b0e56b19af594a31b813a4697ed7c514b305259bb0ad4595412bc35,639670711b50478ac77c495df203ac3a80b48612b51e226c43d6bb1fa5e80fef,/path/to/Diffusion-TS/Utils/predictive_metric.py,87.79848003387451,0
Diffusion-TS,Energy,64,0,100002,predictive_score,42,0.25747104844776914,True,4096,4de04ef73b0e56b19af594a31b813a4697ed7c514b305259bb0ad4595412bc35,639670711b50478ac77c495df203ac3a80b48612b51e226c43d6bb1fa5e80fef,/path/to/Diffusion-TS/Utils/predictive_metric.py,87.06223511695862,2
Diffusion-TS,Energy,64,0,100002,predictive_score,123,0.25728819090727484,True,4096,4de04ef73b0e56b19af594a31b813a4697ed7c514b305259bb0ad4595412bc35,639670711b50478ac77c495df203ac3a80b48612b51e226c43d6bb1fa5e80fef,/path/to/Diffusion-TS/Utils/predictive_metric.py,87.43098449707031,1
Diffusion-TS,Energy,64,0,100003,predictive_score,0,0.255766931688413,True,4096,4de04ef73b0e56b19af594a31b813a4697ed7c514b305259bb0ad4595412bc35,927fb8ec58f6312c6454420e2d46a19900ab6b7883f887d4bd98c34635dcf26b,/path/to/Diffusion-TS/Utils/predictive_metric.py,86.94004940986633,0
Diffusion-TS,Energy,64,0,100003,predictive_score,42,0.2574532352555252,True,4096,4de04ef73b0e56b19af594a31b813a4697ed7c514b305259bb0ad4595412bc35,927fb8ec58f6312c6454420e2d46a19900ab6b7883f887d4bd98c34635dcf26b,/path/to/Diffusion-TS/Utils/predictive_metric.py,90.69497513771057,2
Diffusion-TS,Energy,64,0,100003,predictive_score,123,0.25629491773361224,True,4096,4de04ef73b0e56b19af594a31b813a4697ed7c514b305259bb0ad4595412bc35,927fb8ec58f6312c6454420e2d46a19900ab6b7883f887d4bd98c34635dcf26b,/path/to/Diffusion-TS/Utils/predictive_metric.py,87.86613273620605,1
Diffusion-TS,Energy,64,0,100004,predictive_score,0,0.2557816046755761,True,4096,4de04ef73b0e56b19af594a31b813a4697ed7c514b305259bb0ad4595412bc35,a1056254d228cba8d34f615b135cd51ad98531b018f210a24061cfd54be9e246,/path/to/Diffusion-TS/Utils/predictive_metric.py,89.83772444725037,1
Diffusion-TS,Energy,64,0,100004,predictive_score,42,0.2597779490388348,True,4096,4de04ef73b0e56b19af594a31b813a4697ed7c514b305259bb0ad4595412bc35,a1056254d228cba8d34f615b135cd51ad98531b018f210a24061cfd54be9e246,/path/to/Diffusion-TS/Utils/predictive_metric.py,87.65785121917725,2
Diffusion-TS,Energy,64,0,100004,predictive_score,123,0.2557667156215757,True,4096,4de04ef73b0e56b19af594a31b813a4697ed7c514b305259bb0ad4595412bc35,a1056254d228cba8d34f615b135cd51ad98531b018f210a24061cfd54be9e246,/path/to/Diffusion-TS/Utils/predictive_metric.py,88.09790372848511,0
Diffusion-TS,Energy,64,42,100000,predictive_score,0,0.25357628301208024,True,4096,4de04ef73b0e56b19af594a31b813a4697ed7c514b305259bb0ad4595412bc35,7ff244d602c0f6afdec471d87887f5bc501aae3b99065081f8e82a1280bd2bbb,/path/to/Diffusion-TS/Utils/predictive_metric.py,90.03585076332092,2
Diffusion-TS,Energy,64,42,100000,predictive_score,42,0.25719406009375234,True,4096,4de04ef73b0e56b19af594a31b813a4697ed7c514b305259bb0ad4595412bc35,7ff244d602c0f6afdec471d87887f5bc501aae3b99065081f8e82a1280bd2bbb,/path/to/Diffusion-TS/Utils/predictive_metric.py,87.95441627502441,0
Diffusion-TS,Energy,64,42,100000,predictive_score,123,0.2872073559301498,True,4096,4de04ef73b0e56b19af594a31b813a4697ed7c514b305259bb0ad4595412bc35,7ff244d602c0f6afdec471d87887f5bc501aae3b99065081f8e82a1280bd2bbb,/path/to/Diffusion-TS/Utils/predictive_metric.py,90.5407075881958,1
Diffusion-TS,Energy,64,42,100001,predictive_score,0,0.2534103537982446,True,4096,4de04ef73b0e56b19af594a31b813a4697ed7c514b305259bb0ad4595412bc35,e7605d732d74206276da1542cf93ddcf12e4301100ee39a8a527c32094e47ac1,/path/to/Diffusion-TS/Utils/predictive_metric.py,87.79954385757446,0
Diffusion-TS,Energy,64,42,100001,predictive_score,42,0.25648611279029865,True,4096,4de04ef73b0e56b19af594a31b813a4697ed7c514b305259bb0ad4595412bc35,e7605d732d74206276da1542cf93ddcf12e4301100ee39a8a527c32094e47ac1,/path/to/Diffusion-TS/Utils/predictive_metric.py,90.64384603500366,1
Diffusion-TS,Energy,64,42,100001,predictive_score,123,0.30969261207064847,True,4096,4de04ef73b0e56b19af594a31b813a4697ed7c514b305259bb0ad4595412bc35,e7605d732d74206276da1542cf93ddcf12e4301100ee39a8a527c32094e47ac1,/path/to/Diffusion-TS/Utils/predictive_metric.py,86.57171320915222,2
Diffusion-TS,Energy,64,42,100002,predictive_score,0,0.2534388880339975,True,4096,4de04ef73b0e56b19af594a31b813a4697ed7c514b305259bb0ad4595412bc35,5cf3b20e13956bcdd7bbe11d007dcc8ac81d6206931009796fc366b9ee9382a6,/path/to/Diffusion-TS/Utils/predictive_metric.py,89.27976870536804,0
Diffusion-TS,Energy,64,42,100002,predictive_score,42,0.2614742251789721,True,4096,4de04ef73b0e56b19af594a31b813a4697ed7c514b305259bb0ad4595412bc35,5cf3b20e13956bcdd7bbe11d007dcc8ac81d6206931009796fc366b9ee9382a6,/path/to/Diffusion-TS/Utils/predictive_metric.py,87.95155787467957,2
Diffusion-TS,Energy,64,42,100002,predictive_score,123,0.3103228561049036,True,4096,4de04ef73b0e56b19af594a31b813a4697ed7c514b305259bb0ad4595412bc35,5cf3b20e13956bcdd7bbe11d007dcc8ac81d6206931009796fc366b9ee9382a6,/path/to/Diffusion-TS/Utils/predictive_metric.py,87.15090346336365,1
Diffusion-TS,Energy,64,42,100003,predictive_score,0,0.2531198436736304,True,4096,4de04ef73b0e56b19af594a31b813a4697ed7c514b305259bb0ad4595412bc35,30ecb3be2b8ba46d9e62e40425e3cc481fbdb0ccc64e768f19eed4cafe943fe4,/path/to/Diffusion-TS/Utils/predictive_metric.py,88.75825834274292,2
Diffusion-TS,Energy,64,42,100003,predictive_score,42,0.2553919553574815,True,4096,4de04ef73b0e56b19af594a31b813a4697ed7c514b305259bb0ad4595412bc35,30ecb3be2b8ba46d9e62e40425e3cc481fbdb0ccc64e768f19eed4cafe943fe4,/path/to/Diffusion-TS/Utils/predictive_metric.py,90.02780294418335,0
Diffusion-TS,Energy,64,42,100003,predictive_score,123,0.30825165242276853,True,4096,4de04ef73b0e56b19af594a31b813a4697ed7c514b305259bb0ad4595412bc35,30ecb3be2b8ba46d9e62e40425e3cc481fbdb0ccc64e768f19eed4cafe943fe4,/path/to/Diffusion-TS/Utils/predictive_metric.py,89.87478184700012,1
Diffusion-TS,Energy,64,42,100004,predictive_score,0,0.2537012737193436,True,4096,4de04ef73b0e56b19af594a31b813a4697ed7c514b305259bb0ad4595412bc35,c5e378319b90864454e078be03d98d86859e4733e14d6c4adfa234960d0cb5de,/path/to/Diffusion-TS/Utils/predictive_metric.py,89.8208532333374,2
Diffusion-TS,Energy,64,42,100004,predictive_score,42,0.27128111338606686,True,4096,4de04ef73b0e56b19af594a31b813a4697ed7c514b305259bb0ad4595412bc35,c5e378319b90864454e078be03d98d86859e4733e14d6c4adfa234960d0cb5de,/path/to/Diffusion-TS/Utils/predictive_metric.py,88.35617995262146,0
Diffusion-TS,Energy,64,42,100004,predictive_score,123,0.30904430975715513,True,4096,4de04ef73b0e56b19af594a31b813a4697ed7c514b305259bb0ad4595412bc35,c5e378319b90864454e078be03d98d86859e4733e14d6c4adfa234960d0cb5de,/path/to/Diffusion-TS/Utils/predictive_metric.py,89.64691829681396,1
Diffusion-TS,Energy,64,123,100000,predictive_score,0,0.2543193942583457,True,4096,4de04ef73b0e56b19af594a31b813a4697ed7c514b305259bb0ad4595412bc35,3de19e5b9ed79d4c49d1ccaf70434cfb01b15136cbcc517483298a7c947ec3ef,/path/to/Diffusion-TS/Utils/predictive_metric.py,87.51675653457642,0
Diffusion-TS,Energy,64,123,100000,predictive_score,42,0.2683185602327285,True,4096,4de04ef73b0e56b19af594a31b813a4697ed7c514b305259bb0ad4595412bc35,3de19e5b9ed79d4c49d1ccaf70434cfb01b15136cbcc517483298a7c947ec3ef,/path/to/Diffusion-TS/Utils/predictive_metric.py,87.71802496910095,2
Diffusion-TS,Energy,64,123,100000,predictive_score,123,0.26511990510698524,True,4096,4de04ef73b0e56b19af594a31b813a4697ed7c514b305259bb0ad4595412bc35,3de19e5b9ed79d4c49d1ccaf70434cfb01b15136cbcc517483298a7c947ec3ef,/path/to/Diffusion-TS/Utils/predictive_metric.py,87.60140490531921,1
Diffusion-TS,Energy,64,123,100001,predictive_score,0,0.2537153677258175,True,4096,4de04ef73b0e56b19af594a31b813a4697ed7c514b305259bb0ad4595412bc35,f4efebf2275be445e89fe56ac020dc0f2cb2a0500ebf83a90da8ab9c8509a04d,/path/to/Diffusion-TS/Utils/predictive_metric.py,90.08627390861511,0
Diffusion-TS,Energy,64,123,100001,predictive_score,42,0.25668095475339214,True,4096,4de04ef73b0e56b19af594a31b813a4697ed7c514b305259bb0ad4595412bc35,f4efebf2275be445e89fe56ac020dc0f2cb2a0500ebf83a90da8ab9c8509a04d,/path/to/Diffusion-TS/Utils/predictive_metric.py,87.87214589118958,2
Diffusion-TS,Energy,64,123,100001,predictive_score,123,0.2600383706667344,True,4096,4de04ef73b0e56b19af594a31b813a4697ed7c514b305259bb0ad4595412bc35,f4efebf2275be445e89fe56ac020dc0f2cb2a0500ebf83a90da8ab9c8509a04d,/path/to/Diffusion-TS/Utils/predictive_metric.py,87.27250456809998,1
Diffusion-TS,Energy,64,123,100002,predictive_score,0,0.25348040410972317,True,4096,4de04ef73b0e56b19af594a31b813a4697ed7c514b305259bb0ad4595412bc35,173c0c6a7b6d729e8216b9c8c39c043dfa6b01f8c0872e93aa50e3f312b669be,/path/to/Diffusion-TS/Utils/predictive_metric.py,90.14425873756409,1
Diffusion-TS,Energy,64,123,100002,predictive_score,42,0.2566425676268409,True,4096,4de04ef73b0e56b19af594a31b813a4697ed7c514b305259bb0ad4595412bc35,173c0c6a7b6d729e8216b9c8c39c043dfa6b01f8c0872e93aa50e3f312b669be,/path/to/Diffusion-TS/Utils/predictive_metric.py,88.64598774909973,0
Diffusion-TS,Energy,64,123,100002,predictive_score,123,0.25614210433195694,True,4096,4de04ef73b0e56b19af594a31b813a4697ed7c514b305259bb0ad4595412bc35,173c0c6a7b6d729e8216b9c8c39c043dfa6b01f8c0872e93aa50e3f312b669be,/path/to/Diffusion-TS/Utils/predictive_metric.py,87.62865614891052,2
Diffusion-TS,Energy,64,123,100003,predictive_score,0,0.2538012422846805,True,4096,4de04ef73b0e56b19af594a31b813a4697ed7c514b305259bb0ad4595412bc35,41e7dfdecbfccda1d576d441cc9239729e84adfecdd881f311381b817be10044,/path/to/Diffusion-TS/Utils/predictive_metric.py,90.34236192703247,0
Diffusion-TS,Energy,64,123,100003,predictive_score,42,0.25973734804210835,True,4096,4de04ef73b0e56b19af594a31b813a4697ed7c514b305259bb0ad4595412bc35,41e7dfdecbfccda1d576d441cc9239729e84adfecdd881f311381b817be10044,/path/to/Diffusion-TS/Utils/predictive_metric.py,90.4335515499115,2
Diffusion-TS,Energy,64,123,100003,predictive_score,123,0.26106182286457624,True,4096,4de04ef73b0e56b19af594a31b813a4697ed7c514b305259bb0ad4595412bc35,41e7dfdecbfccda1d576d441cc9239729e84adfecdd881f311381b817be10044,/path/to/Diffusion-TS/Utils/predictive_metric.py,87.82106423377991,1
Diffusion-TS,Energy,64,123,100004,predictive_score,0,0.25268427513947245,True,4096,4de04ef73b0e56b19af594a31b813a4697ed7c514b305259bb0ad4595412bc35,0f3b18e283b6491230ebd6223a4ca1d30ac1bc032860c81659c0726c977ddea1,/path/to/Diffusion-TS/Utils/predictive_metric.py,87.59284281730652,1
Diffusion-TS,Energy,64,123,100004,predictive_score,42,0.2561151582522143,True,4096,4de04ef73b0e56b19af594a31b813a4697ed7c514b305259bb0ad4595412bc35,0f3b18e283b6491230ebd6223a4ca1d30ac1bc032860c81659c0726c977ddea1,/path/to/Diffusion-TS/Utils/predictive_metric.py,87.23261213302612,0
Diffusion-TS,Energy,64,123,100004,predictive_score,123,0.25607010269595776,True,4096,4de04ef73b0e56b19af594a31b813a4697ed7c514b305259bb0ad4595412bc35,0f3b18e283b6491230ebd6223a4ca1d30ac1bc032860c81659c0726c977ddea1,/path/to/Diffusion-TS/Utils/predictive_metric.py,86.88202953338623,2
PETS-U,Energy,64,0,100000,predictive_score,0,0.2544793134002248,True,4096,4de04ef73b0e56b19af594a31b813a4697ed7c514b305259bb0ad4595412bc35,5b9c139869091113bd6098672401efc060e66684fd48d138fe9354cc6cb5215b,/path/to/Diffusion-TS/Utils/predictive_metric.py,87.50405430793762,1
PETS-U,Energy,64,0,100000,predictive_score,42,0.2521550607998506,True,4096,4de04ef73b0e56b19af594a31b813a4697ed7c514b305259bb0ad4595412bc35,5b9c139869091113bd6098672401efc060e66684fd48d138fe9354cc6cb5215b,/path/to/Diffusion-TS/Utils/predictive_metric.py,90.14889883995056,2
PETS-U,Energy,64,0,100000,predictive_score,123,0.28922463595154113,True,4096,4de04ef73b0e56b19af594a31b813a4697ed7c514b305259bb0ad4595412bc35,5b9c139869091113bd6098672401efc060e66684fd48d138fe9354cc6cb5215b,/path/to/Diffusion-TS/Utils/predictive_metric.py,90.8694441318512,0
PETS-U,Energy,64,0,100001,predictive_score,0,0.2542498446855461,True,4096,4de04ef73b0e56b19af594a31b813a4697ed7c514b305259bb0ad4595412bc35,9ffb4946f857579c06548b88fbf41e8d8fccfec643c69d902f6492864d90b6ec,/path/to/Diffusion-TS/Utils/predictive_metric.py,90.06159710884094,1
PETS-U,Energy,64,0,100001,predictive_score,42,0.2521026292597526,True,4096,4de04ef73b0e56b19af594a31b813a4697ed7c514b305259bb0ad4595412bc35,9ffb4946f857579c06548b88fbf41e8d8fccfec643c69d902f6492864d90b6ec,/path/to/Diffusion-TS/Utils/predictive_metric.py,90.10191202163696,2
PETS-U,Energy,64,0,100001,predictive_score,123,0.27718646544235526,True,4096,4de04ef73b0e56b19af594a31b813a4697ed7c514b305259bb0ad4595412bc35,9ffb4946f857579c06548b88fbf41e8d8fccfec643c69d902f6492864d90b6ec,/path/to/Diffusion-TS/Utils/predictive_metric.py,88.50045847892761,0
PETS-U,Energy,64,0,100002,predictive_score,0,0.25322716827940894,True,4096,4de04ef73b0e56b19af594a31b813a4697ed7c514b305259bb0ad4595412bc35,20dd38ae02db3a3cb74f01ed2610c14a10ee40c5e399731979614a957eea3c93,/path/to/Diffusion-TS/Utils/predictive_metric.py,87.30688333511353,0
PETS-U,Energy,64,0,100002,predictive_score,42,0.25225007231347263,True,4096,4de04ef73b0e56b19af594a31b813a4697ed7c514b305259bb0ad4595412bc35,20dd38ae02db3a3cb74f01ed2610c14a10ee40c5e399731979614a957eea3c93,/path/to/Diffusion-TS/Utils/predictive_metric.py,87.83494687080383,2
PETS-U,Energy,64,0,100002,predictive_score,123,0.2778861622646218,True,4096,4de04ef73b0e56b19af594a31b813a4697ed7c514b305259bb0ad4595412bc35,20dd38ae02db3a3cb74f01ed2610c14a10ee40c5e399731979614a957eea3c93,/path/to/Diffusion-TS/Utils/predictive_metric.py,89.940110206604,1
PETS-U,Energy,64,0,100003,predictive_score,0,0.25647222798579605,True,4096,4de04ef73b0e56b19af594a31b813a4697ed7c514b305259bb0ad4595412bc35,3b4ffe973cb21ff45ffc47206acea5a37dd8e047fccb71674b7a3b47a98d4cb6,/path/to/Diffusion-TS/Utils/predictive_metric.py,89.56743860244751,2
PETS-U,Energy,64,0,100003,predictive_score,42,0.25226673599900096,True,4096,4de04ef73b0e56b19af594a31b813a4697ed7c514b305259bb0ad4595412bc35,3b4ffe973cb21ff45ffc47206acea5a37dd8e047fccb71674b7a3b47a98d4cb6,/path/to/Diffusion-TS/Utils/predictive_metric.py,87.63347005844116,0
PETS-U,Energy,64,0,100003,predictive_score,123,0.2865650628191361,True,4096,4de04ef73b0e56b19af594a31b813a4697ed7c514b305259bb0ad4595412bc35,3b4ffe973cb21ff45ffc47206acea5a37dd8e047fccb71674b7a3b47a98d4cb6,/path/to/Diffusion-TS/Utils/predictive_metric.py,87.0352931022644,1
PETS-U,Energy,64,0,100004,predictive_score,0,0.25519047307170695,True,4096,4de04ef73b0e56b19af594a31b813a4697ed7c514b305259bb0ad4595412bc35,5c359165b3b167d6bb54576e8d1e8d1d9f6022a650231ea1bd40c95567cba511,/path/to/Diffusion-TS/Utils/predictive_metric.py,87.76559615135193,1
PETS-U,Energy,64,0,100004,predictive_score,42,0.25382258276295033,True,4096,4de04ef73b0e56b19af594a31b813a4697ed7c514b305259bb0ad4595412bc35,5c359165b3b167d6bb54576e8d1e8d1d9f6022a650231ea1bd40c95567cba511,/path/to/Diffusion-TS/Utils/predictive_metric.py,88.08437967300415,0
PETS-U,Energy,64,0,100004,predictive_score,123,0.2720658765465487,True,4096,4de04ef73b0e56b19af594a31b813a4697ed7c514b305259bb0ad4595412bc35,5c359165b3b167d6bb54576e8d1e8d1d9f6022a650231ea1bd40c95567cba511,/path/to/Diffusion-TS/Utils/predictive_metric.py,89.8435001373291,2
PETS-U,Energy,64,42,100000,predictive_score,0,0.2542287420510547,True,4096,4de04ef73b0e56b19af594a31b813a4697ed7c514b305259bb0ad4595412bc35,056f244d84881383816acf2f91c802c0f014df8e503228aa6f5af9d145f276d4,/path/to/Diffusion-TS/Utils/predictive_metric.py,86.38589358329773,1
PETS-U,Energy,64,42,100000,predictive_score,42,0.26508968585403636,True,4096,4de04ef73b0e56b19af594a31b813a4697ed7c514b305259bb0ad4595412bc35,056f244d84881383816acf2f91c802c0f014df8e503228aa6f5af9d145f276d4,/path/to/Diffusion-TS/Utils/predictive_metric.py,90.6170403957367,2
PETS-U,Energy,64,42,100000,predictive_score,123,0.25465955002437113,True,4096,4de04ef73b0e56b19af594a31b813a4697ed7c514b305259bb0ad4595412bc35,056f244d84881383816acf2f91c802c0f014df8e503228aa6f5af9d145f276d4,/path/to/Diffusion-TS/Utils/predictive_metric.py,87.88757514953613,0
PETS-U,Energy,64,42,100001,predictive_score,0,0.25499628762554494,True,4096,4de04ef73b0e56b19af594a31b813a4697ed7c514b305259bb0ad4595412bc35,39b7260655d8eb7a2df063d22f213bb886c1310e02c23739bb5a3f2c14a25d7c,/path/to/Diffusion-TS/Utils/predictive_metric.py,88.04398941993713,1
PETS-U,Energy,64,42,100001,predictive_score,42,0.25682453173794784,True,4096,4de04ef73b0e56b19af594a31b813a4697ed7c514b305259bb0ad4595412bc35,39b7260655d8eb7a2df063d22f213bb886c1310e02c23739bb5a3f2c14a25d7c,/path/to/Diffusion-TS/Utils/predictive_metric.py,90.25329113006592,0
PETS-U,Energy,64,42,100001,predictive_score,123,0.253673591039842,True,4096,4de04ef73b0e56b19af594a31b813a4697ed7c514b305259bb0ad4595412bc35,39b7260655d8eb7a2df063d22f213bb886c1310e02c23739bb5a3f2c14a25d7c,/path/to/Diffusion-TS/Utils/predictive_metric.py,90.85492038726807,2
PETS-U,Energy,64,42,100002,predictive_score,0,0.25620917325795745,True,4096,4de04ef73b0e56b19af594a31b813a4697ed7c514b305259bb0ad4595412bc35,53efa6fb2d17e7c6be4a814786c8e921cdd94483c29549117cc7e106bcb13288,/path/to/Diffusion-TS/Utils/predictive_metric.py,87.52692317962646,0
PETS-U,Energy,64,42,100002,predictive_score,42,0.2738895050060819,True,4096,4de04ef73b0e56b19af594a31b813a4697ed7c514b305259bb0ad4595412bc35,53efa6fb2d17e7c6be4a814786c8e921cdd94483c29549117cc7e106bcb13288,/path/to/Diffusion-TS/Utils/predictive_metric.py,88.99319434165955,1
PETS-U,Energy,64,42,100002,predictive_score,123,0.25734630447186646,True,4096,4de04ef73b0e56b19af594a31b813a4697ed7c514b305259bb0ad4595412bc35,53efa6fb2d17e7c6be4a814786c8e921cdd94483c29549117cc7e106bcb13288,/path/to/Diffusion-TS/Utils/predictive_metric.py,88.80214834213257,2
PETS-U,Energy,64,42,100003,predictive_score,0,0.2599473977534217,True,4096,4de04ef73b0e56b19af594a31b813a4697ed7c514b305259bb0ad4595412bc35,1a05077b858d4bdc8024b9eea10ae1ad854a9f9537dba9988f4bc0e9a6182afb,/path/to/Diffusion-TS/Utils/predictive_metric.py,89.99478030204773,2
PETS-U,Energy,64,42,100003,predictive_score,42,0.26059812021048856,True,4096,4de04ef73b0e56b19af594a31b813a4697ed7c514b305259bb0ad4595412bc35,1a05077b858d4bdc8024b9eea10ae1ad854a9f9537dba9988f4bc0e9a6182afb,/path/to/Diffusion-TS/Utils/predictive_metric.py,90.7160632610321,0
PETS-U,Energy,64,42,100003,predictive_score,123,0.25358459872950334,True,4096,4de04ef73b0e56b19af594a31b813a4697ed7c514b305259bb0ad4595412bc35,1a05077b858d4bdc8024b9eea10ae1ad854a9f9537dba9988f4bc0e9a6182afb,/path/to/Diffusion-TS/Utils/predictive_metric.py,87.65536308288574,1
PETS-U,Energy,64,42,100004,predictive_score,0,0.2552836863178527,True,4096,4de04ef73b0e56b19af594a31b813a4697ed7c514b305259bb0ad4595412bc35,676fde7d85a2a3ec3e47eeb7cfd0e64f65c093aa4771cf5bb9e06201dde6878f,/path/to/Diffusion-TS/Utils/predictive_metric.py,89.51697397232056,2
PETS-U,Energy,64,42,100004,predictive_score,42,0.2577888236264698,True,4096,4de04ef73b0e56b19af594a31b813a4697ed7c514b305259bb0ad4595412bc35,676fde7d85a2a3ec3e47eeb7cfd0e64f65c093aa4771cf5bb9e06201dde6878f,/path/to/Diffusion-TS/Utils/predictive_metric.py,87.79869222640991,0
PETS-U,Energy,64,42,100004,predictive_score,123,0.25583616673611687,True,4096,4de04ef73b0e56b19af594a31b813a4697ed7c514b305259bb0ad4595412bc35,676fde7d85a2a3ec3e47eeb7cfd0e64f65c093aa4771cf5bb9e06201dde6878f,/path/to/Diffusion-TS/Utils/predictive_metric.py,89.86817741394043,1
PETS-U,Energy,64,123,100000,predictive_score,0,0.2536265566050133,True,4096,4de04ef73b0e56b19af594a31b813a4697ed7c514b305259bb0ad4595412bc35,3db31a6a4bd8b3a6640dd6b7ef3fe422f8eb479c5e4def1f3fde3cae6dfab7df,/path/to/Diffusion-TS/Utils/predictive_metric.py,89.57452130317688,1
PETS-U,Energy,64,123,100000,predictive_score,42,0.2643378081920673,True,4096,4de04ef73b0e56b19af594a31b813a4697ed7c514b305259bb0ad4595412bc35,3db31a6a4bd8b3a6640dd6b7ef3fe422f8eb479c5e4def1f3fde3cae6dfab7df,/path/to/Diffusion-TS/Utils/predictive_metric.py,87.43638682365417,2
PETS-U,Energy,64,123,100000,predictive_score,123,0.25511241708227317,True,4096,4de04ef73b0e56b19af594a31b813a4697ed7c514b305259bb0ad4595412bc35,3db31a6a4bd8b3a6640dd6b7ef3fe422f8eb479c5e4def1f3fde3cae6dfab7df,/path/to/Diffusion-TS/Utils/predictive_metric.py,89.96497368812561,0
PETS-U,Energy,64,123,100001,predictive_score,0,0.25452769943876774,True,4096,4de04ef73b0e56b19af594a31b813a4697ed7c514b305259bb0ad4595412bc35,e35aba46b18b9606c0c959dcd144ca9346b4938133f5075a023fc7201a4a6dae,/path/to/Diffusion-TS/Utils/predictive_metric.py,90.03600311279297,2
PETS-U,Energy,64,123,100001,predictive_score,42,0.2773656623903662,True,4096,4de04ef73b0e56b19af594a31b813a4697ed7c514b305259bb0ad4595412bc35,e35aba46b18b9606c0c959dcd144ca9346b4938133f5075a023fc7201a4a6dae,/path/to/Diffusion-TS/Utils/predictive_metric.py,88.42973685264587,1
PETS-U,Energy,64,123,100001,predictive_score,123,0.2681676493375562,True,4096,4de04ef73b0e56b19af594a31b813a4697ed7c514b305259bb0ad4595412bc35,e35aba46b18b9606c0c959dcd144ca9346b4938133f5075a023fc7201a4a6dae,/path/to/Diffusion-TS/Utils/predictive_metric.py,88.18493127822876,0
PETS-U,Energy,64,123,100002,predictive_score,0,0.2556285466089321,True,4096,4de04ef73b0e56b19af594a31b813a4697ed7c514b305259bb0ad4595412bc35,45396f26917eb6e7f20138fa03e27dc6351541242c1c93542a099720f5a778bd,/path/to/Diffusion-TS/Utils/predictive_metric.py,86.88695168495178,2
PETS-U,Energy,64,123,100002,predictive_score,42,0.3161200347931299,True,4096,4de04ef73b0e56b19af594a31b813a4697ed7c514b305259bb0ad4595412bc35,45396f26917eb6e7f20138fa03e27dc6351541242c1c93542a099720f5a778bd,/path/to/Diffusion-TS/Utils/predictive_metric.py,88.52425289154053,1
PETS-U,Energy,64,123,100002,predictive_score,123,0.2605047386314254,True,4096,4de04ef73b0e56b19af594a31b813a4697ed7c514b305259bb0ad4595412bc35,45396f26917eb6e7f20138fa03e27dc6351541242c1c93542a099720f5a778bd,/path/to/Diffusion-TS/Utils/predictive_metric.py,87.57844233512878,0
PETS-U,Energy,64,123,100003,predictive_score,0,0.25700841721481993,True,4096,4de04ef73b0e56b19af594a31b813a4697ed7c514b305259bb0ad4595412bc35,d99b24a8c8ce39759a92b8dfb6975236a258395016f1716dd06d7b2307dea724,/path/to/Diffusion-TS/Utils/predictive_metric.py,89.74925446510315,1
PETS-U,Energy,64,123,100003,predictive_score,42,0.30999732267446234,True,4096,4de04ef73b0e56b19af594a31b813a4697ed7c514b305259bb0ad4595412bc35,d99b24a8c8ce39759a92b8dfb6975236a258395016f1716dd06d7b2307dea724,/path/to/Diffusion-TS/Utils/predictive_metric.py,87.61001348495483,2
PETS-U,Energy,64,123,100003,predictive_score,123,0.3016906095217564,True,4096,4de04ef73b0e56b19af594a31b813a4697ed7c514b305259bb0ad4595412bc35,d99b24a8c8ce39759a92b8dfb6975236a258395016f1716dd06d7b2307dea724,/path/to/Diffusion-TS/Utils/predictive_metric.py,87.81957960128784,0
PETS-U,Energy,64,123,100004,predictive_score,0,0.2604925405175891,True,4096,4de04ef73b0e56b19af594a31b813a4697ed7c514b305259bb0ad4595412bc35,021a9daace458b823ec8b6f3b108bf3bf09d306f912341d69606228a94f60070,/path/to/Diffusion-TS/Utils/predictive_metric.py,87.47945833206177,0
PETS-U,Energy,64,123,100004,predictive_score,42,0.32881991335671046,True,4096,4de04ef73b0e56b19af594a31b813a4697ed7c514b305259bb0ad4595412bc35,021a9daace458b823ec8b6f3b108bf3bf09d306f912341d69606228a94f60070,/path/to/Diffusion-TS/Utils/predictive_metric.py,89.98584222793579,2
PETS-U,Energy,64,123,100004,predictive_score,123,0.3715776150165766,True,4096,4de04ef73b0e56b19af594a31b813a4697ed7c514b305259bb0ad4595412bc35,021a9daace458b823ec8b6f3b108bf3bf09d306f912341d69606228a94f60070,/path/to/Diffusion-TS/Utils/predictive_metric.py,89.18957686424255,1
Diffusion-TS,Energy,128,0,100000,predictive_score,0,0.25246893829171313,True,4096,0082877761fe99d6f9502c5bbd4a86e23459340386e532f91d26799d68158192,420a671cc8221bff26966317fb7c14375f3881103cfac1e0cb8f97d1241ae0c1,/path/to/Diffusion-TS/Utils/predictive_metric.py,161.8631021976471,2
Diffusion-TS,Energy,128,0,100000,predictive_score,42,0.2540577976942586,True,4096,0082877761fe99d6f9502c5bbd4a86e23459340386e532f91d26799d68158192,420a671cc8221bff26966317fb7c14375f3881103cfac1e0cb8f97d1241ae0c1,/path/to/Diffusion-TS/Utils/predictive_metric.py,165.29419040679932,0
Diffusion-TS,Energy,128,0,100000,predictive_score,123,0.25235356815028354,True,4096,0082877761fe99d6f9502c5bbd4a86e23459340386e532f91d26799d68158192,420a671cc8221bff26966317fb7c14375f3881103cfac1e0cb8f97d1241ae0c1,/path/to/Diffusion-TS/Utils/predictive_metric.py,161.646301984787,1
Diffusion-TS,Energy,128,0,100001,predictive_score,0,0.2529502717516152,True,4096,0082877761fe99d6f9502c5bbd4a86e23459340386e532f91d26799d68158192,8b8ef11a7ba05dae499482e58db53c71d57979f3e2c68510233b152d810be0cc,/path/to/Diffusion-TS/Utils/predictive_metric.py,161.78268718719482,2
Diffusion-TS,Energy,128,0,100001,predictive_score,42,0.2532460152760905,True,4096,0082877761fe99d6f9502c5bbd4a86e23459340386e532f91d26799d68158192,8b8ef11a7ba05dae499482e58db53c71d57979f3e2c68510233b152d810be0cc,/path/to/Diffusion-TS/Utils/predictive_metric.py,161.2011547088623,1
Diffusion-TS,Energy,128,0,100001,predictive_score,123,0.252888528015319,True,4096,0082877761fe99d6f9502c5bbd4a86e23459340386e532f91d26799d68158192,8b8ef11a7ba05dae499482e58db53c71d57979f3e2c68510233b152d810be0cc,/path/to/Diffusion-TS/Utils/predictive_metric.py,163.866854429245,0
Diffusion-TS,Energy,128,0,100002,predictive_score,0,0.25259997851389926,True,4096,0082877761fe99d6f9502c5bbd4a86e23459340386e532f91d26799d68158192,71d86f00bec4b2eca8ca521d449dc2df57056c4881a798a65eb39565a4d574bb,/path/to/Diffusion-TS/Utils/predictive_metric.py,162.43876719474792,1
Diffusion-TS,Energy,128,0,100002,predictive_score,42,0.2536176340036036,True,4096,0082877761fe99d6f9502c5bbd4a86e23459340386e532f91d26799d68158192,71d86f00bec4b2eca8ca521d449dc2df57056c4881a798a65eb39565a4d574bb,/path/to/Diffusion-TS/Utils/predictive_metric.py,163.62798881530762,0
Diffusion-TS,Energy,128,0,100002,predictive_score,123,0.2533809774322435,True,4096,0082877761fe99d6f9502c5bbd4a86e23459340386e532f91d26799d68158192,71d86f00bec4b2eca8ca521d449dc2df57056c4881a798a65eb39565a4d574bb,/path/to/Diffusion-TS/Utils/predictive_metric.py,162.29916214942932,2
Diffusion-TS,Energy,128,0,100003,predictive_score,0,0.2525908114876074,True,4096,0082877761fe99d6f9502c5bbd4a86e23459340386e532f91d26799d68158192,31240832f06f70e7a81df6afeb669e32e6097ef255566ddcbe67b3ee0187039b,/path/to/Diffusion-TS/Utils/predictive_metric.py,164.22162556648254,1
Diffusion-TS,Energy,128,0,100003,predictive_score,42,0.25387985534689506,True,4096,0082877761fe99d6f9502c5bbd4a86e23459340386e532f91d26799d68158192,31240832f06f70e7a81df6afeb669e32e6097ef255566ddcbe67b3ee0187039b,/path/to/Diffusion-TS/Utils/predictive_metric.py,163.18202090263367,0
Diffusion-TS,Energy,128,0,100003,predictive_score,123,0.2523747553314024,True,4096,0082877761fe99d6f9502c5bbd4a86e23459340386e532f91d26799d68158192,31240832f06f70e7a81df6afeb669e32e6097ef255566ddcbe67b3ee0187039b,/path/to/Diffusion-TS/Utils/predictive_metric.py,161.80752229690552,2
Diffusion-TS,Energy,128,0,100004,predictive_score,0,0.25269461562129436,True,4096,0082877761fe99d6f9502c5bbd4a86e23459340386e532f91d26799d68158192,82fe2f970e2a21e5c3b19d4a43b8dd614352614a4c459a3fa4927aa6827d14b7,/path/to/Diffusion-TS/Utils/predictive_metric.py,166.03932189941406,2
Diffusion-TS,Energy,128,0,100004,predictive_score,42,0.25417466101498576,True,4096,0082877761fe99d6f9502c5bbd4a86e23459340386e532f91d26799d68158192,82fe2f970e2a21e5c3b19d4a43b8dd614352614a4c459a3fa4927aa6827d14b7,/path/to/Diffusion-TS/Utils/predictive_metric.py,165.286212682724,1
Diffusion-TS,Energy,128,0,100004,predictive_score,123,0.2524449051779811,True,4096,0082877761fe99d6f9502c5bbd4a86e23459340386e532f91d26799d68158192,82fe2f970e2a21e5c3b19d4a43b8dd614352614a4c459a3fa4927aa6827d14b7,/path/to/Diffusion-TS/Utils/predictive_metric.py,162.77145862579346,0
Diffusion-TS,Energy,128,42,100000,predictive_score,0,0.42644589563133195,True,4096,0082877761fe99d6f9502c5bbd4a86e23459340386e532f91d26799d68158192,900b1b0759d5a3fd871ad0df64ac7de0af78244dede70e6696c6ae3199610b8a,/path/to/Diffusion-TS/Utils/predictive_metric.py,161.70135164260864,2
Diffusion-TS,Energy,128,42,100000,predictive_score,42,0.42941221239743754,True,4096,0082877761fe99d6f9502c5bbd4a86e23459340386e532f91d26799d68158192,900b1b0759d5a3fd871ad0df64ac7de0af78244dede70e6696c6ae3199610b8a,/path/to/Diffusion-TS/Utils/predictive_metric.py,163.9035406112671,1
Diffusion-TS,Energy,128,42,100000,predictive_score,123,0.4257953322303365,True,4096,0082877761fe99d6f9502c5bbd4a86e23459340386e532f91d26799d68158192,900b1b0759d5a3fd871ad0df64ac7de0af78244dede70e6696c6ae3199610b8a,/path/to/Diffusion-TS/Utils/predictive_metric.py,166.75285267829895,0
Diffusion-TS,Energy,128,42,100001,predictive_score,0,0.4275731319721672,True,4096,0082877761fe99d6f9502c5bbd4a86e23459340386e532f91d26799d68158192,f072ce0ed2acaa98fe36bea134638fe7cd596796c7316b587faf5970ac9d9dba,/path/to/Diffusion-TS/Utils/predictive_metric.py,162.41374254226685,2
Diffusion-TS,Energy,128,42,100001,predictive_score,42,0.4304309988801833,True,4096,0082877761fe99d6f9502c5bbd4a86e23459340386e532f91d26799d68158192,f072ce0ed2acaa98fe36bea134638fe7cd596796c7316b587faf5970ac9d9dba,/path/to/Diffusion-TS/Utils/predictive_metric.py,164.6463794708252,1
Diffusion-TS,Energy,128,42,100001,predictive_score,123,0.42293901542871026,True,4096,0082877761fe99d6f9502c5bbd4a86e23459340386e532f91d26799d68158192,f072ce0ed2acaa98fe36bea134638fe7cd596796c7316b587faf5970ac9d9dba,/path/to/Diffusion-TS/Utils/predictive_metric.py,165.98720002174377,0
Diffusion-TS,Energy,128,42,100002,predictive_score,0,0.4255842068887432,True,4096,0082877761fe99d6f9502c5bbd4a86e23459340386e532f91d26799d68158192,9f7567cda4c2b3d2f11f9e5121c25db533698f3891e15cfde2e957dc01be107f,/path/to/Diffusion-TS/Utils/predictive_metric.py,161.76664113998413,2
Diffusion-TS,Energy,128,42,100002,predictive_score,42,0.43412374267791165,True,4096,0082877761fe99d6f9502c5bbd4a86e23459340386e532f91d26799d68158192,9f7567cda4c2b3d2f11f9e5121c25db533698f3891e15cfde2e957dc01be107f,/path/to/Diffusion-TS/Utils/predictive_metric.py,165.40716195106506,1
Diffusion-TS,Energy,128,42,100002,predictive_score,123,0.4285732451680815,True,4096,0082877761fe99d6f9502c5bbd4a86e23459340386e532f91d26799d68158192,9f7567cda4c2b3d2f11f9e5121c25db533698f3891e15cfde2e957dc01be107f,/path/to/Diffusion-TS/Utils/predictive_metric.py,162.7004382610321,0
Diffusion-TS,Energy,128,42,100003,predictive_score,0,0.4234217388438992,True,4096,0082877761fe99d6f9502c5bbd4a86e23459340386e532f91d26799d68158192,fb003b62d8e53827b2e5218ddbff82b367d04e6c4b105accba61c07bb8f532c4,/path/to/Diffusion-TS/Utils/predictive_metric.py,165.14926743507385,0
Diffusion-TS,Energy,128,42,100003,predictive_score,42,0.4314868003857555,True,4096,0082877761fe99d6f9502c5bbd4a86e23459340386e532f91d26799d68158192,fb003b62d8e53827b2e5218ddbff82b367d04e6c4b105accba61c07bb8f532c4,/path/to/Diffusion-TS/Utils/predictive_metric.py,162.16577315330505,2
Diffusion-TS,Energy,128,42,100003,predictive_score,123,0.43167645617359085,True,4096,0082877761fe99d6f9502c5bbd4a86e23459340386e532f91d26799d68158192,fb003b62d8e53827b2e5218ddbff82b367d04e6c4b105accba61c07bb8f532c4,/path/to/Diffusion-TS/Utils/predictive_metric.py,160.55405139923096,1
Diffusion-TS,Energy,128,42,100004,predictive_score,0,0.4229230057899258,True,4096,0082877761fe99d6f9502c5bbd4a86e23459340386e532f91d26799d68158192,9c0ca51b3528df5a85de903fe361c88431e1b412762756408d80fb5e6491cbb6,/path/to/Diffusion-TS/Utils/predictive_metric.py,161.68330645561218,0
Diffusion-TS,Energy,128,42,100004,predictive_score,42,0.42585295147728175,True,4096,0082877761fe99d6f9502c5bbd4a86e23459340386e532f91d26799d68158192,9c0ca51b3528df5a85de903fe361c88431e1b412762756408d80fb5e6491cbb6,/path/to/Diffusion-TS/Utils/predictive_metric.py,163.761869430542,1
Diffusion-TS,Energy,128,42,100004,predictive_score,123,0.429949211247731,True,4096,0082877761fe99d6f9502c5bbd4a86e23459340386e532f91d26799d68158192,9c0ca51b3528df5a85de903fe361c88431e1b412762756408d80fb5e6491cbb6,/path/to/Diffusion-TS/Utils/predictive_metric.py,165.1736295223236,2
Diffusion-TS,Energy,128,123,100000,predictive_score,0,0.25295316968185944,True,4096,0082877761fe99d6f9502c5bbd4a86e23459340386e532f91d26799d68158192,044267d24e44b319d77937ecd994c8a1577bf180651c87efb6efb4719b8fb3da,/path/to/Diffusion-TS/Utils/predictive_metric.py,161.150288105011,1
Diffusion-TS,Energy,128,123,100000,predictive_score,42,0.2541886757098837,True,4096,0082877761fe99d6f9502c5bbd4a86e23459340386e532f91d26799d68158192,044267d24e44b319d77937ecd994c8a1577bf180651c87efb6efb4719b8fb3da,/path/to/Diffusion-TS/Utils/predictive_metric.py,167.51494359970093,0
Diffusion-TS,Energy,128,123,100000,predictive_score,123,0.2568864181484969,True,4096,0082877761fe99d6f9502c5bbd4a86e23459340386e532f91d26799d68158192,044267d24e44b319d77937ecd994c8a1577bf180651c87efb6efb4719b8fb3da,/path/to/Diffusion-TS/Utils/predictive_metric.py,166.41632628440857,2
Diffusion-TS,Energy,128,123,100001,predictive_score,0,0.252679792134586,True,4096,0082877761fe99d6f9502c5bbd4a86e23459340386e532f91d26799d68158192,4ec496fb29eef1ab06d8f518885fd9b1632103ffbe8589c80cc6c592a0f6ba0c,/path/to/Diffusion-TS/Utils/predictive_metric.py,161.0290126800537,1
Diffusion-TS,Energy,128,123,100001,predictive_score,42,0.2545772097510053,True,4096,0082877761fe99d6f9502c5bbd4a86e23459340386e532f91d26799d68158192,4ec496fb29eef1ab06d8f518885fd9b1632103ffbe8589c80cc6c592a0f6ba0c,/path/to/Diffusion-TS/Utils/predictive_metric.py,163.11523008346558,2
Diffusion-TS,Energy,128,123,100001,predictive_score,123,0.2603557451220695,True,4096,0082877761fe99d6f9502c5bbd4a86e23459340386e532f91d26799d68158192,4ec496fb29eef1ab06d8f518885fd9b1632103ffbe8589c80cc6c592a0f6ba0c,/path/to/Diffusion-TS/Utils/predictive_metric.py,166.33509278297424,0
Diffusion-TS,Energy,128,123,100002,predictive_score,0,0.2534432608335919,True,4096,0082877761fe99d6f9502c5bbd4a86e23459340386e532f91d26799d68158192,9bda9caf4c79d683ec6f2585f674b7b9460a793609437294ac40ba470cd3138b,/path/to/Diffusion-TS/Utils/predictive_metric.py,162.33928775787354,1
Diffusion-TS,Energy,128,123,100002,predictive_score,42,0.2535568576968217,True,4096,0082877761fe99d6f9502c5bbd4a86e23459340386e532f91d26799d68158192,9bda9caf4c79d683ec6f2585f674b7b9460a793609437294ac40ba470cd3138b,/path/to/Diffusion-TS/Utils/predictive_metric.py,166.7195200920105,2
Diffusion-TS,Energy,128,123,100002,predictive_score,123,0.2729256231650652,True,4096,0082877761fe99d6f9502c5bbd4a86e23459340386e532f91d26799d68158192,9bda9caf4c79d683ec6f2585f674b7b9460a793609437294ac40ba470cd3138b,/path/to/Diffusion-TS/Utils/predictive_metric.py,162.75524067878723,0
Diffusion-TS,Energy,128,123,100003,predictive_score,0,0.2532109773455886,True,4096,0082877761fe99d6f9502c5bbd4a86e23459340386e532f91d26799d68158192,c6a86f4a9ffca73bd1aeac4a13f427ee46f1114a010a792bc26a37b1e65cfaaa,/path/to/Diffusion-TS/Utils/predictive_metric.py,163.16005945205688,0
Diffusion-TS,Energy,128,123,100003,predictive_score,42,0.25283595951623283,True,4096,0082877761fe99d6f9502c5bbd4a86e23459340386e532f91d26799d68158192,c6a86f4a9ffca73bd1aeac4a13f427ee46f1114a010a792bc26a37b1e65cfaaa,/path/to/Diffusion-TS/Utils/predictive_metric.py,162.99269104003906,2
Diffusion-TS,Energy,128,123,100003,predictive_score,123,0.25436446792446077,True,4096,0082877761fe99d6f9502c5bbd4a86e23459340386e532f91d26799d68158192,c6a86f4a9ffca73bd1aeac4a13f427ee46f1114a010a792bc26a37b1e65cfaaa,/path/to/Diffusion-TS/Utils/predictive_metric.py,163.3973352909088,1
Diffusion-TS,Energy,128,123,100004,predictive_score,0,0.25297276517449063,True,4096,0082877761fe99d6f9502c5bbd4a86e23459340386e532f91d26799d68158192,7db6096fe1cdb9de994fd3c2f3dd93fbf1c42a81c456e5ebf5c7a3d546417aa0,/path/to/Diffusion-TS/Utils/predictive_metric.py,162.71133399009705,1
Diffusion-TS,Energy,128,123,100004,predictive_score,42,0.2527538821923372,True,4096,0082877761fe99d6f9502c5bbd4a86e23459340386e532f91d26799d68158192,7db6096fe1cdb9de994fd3c2f3dd93fbf1c42a81c456e5ebf5c7a3d546417aa0,/path/to/Diffusion-TS/Utils/predictive_metric.py,162.8206262588501,2
Diffusion-TS,Energy,128,123,100004,predictive_score,123,0.25317804133010213,True,4096,0082877761fe99d6f9502c5bbd4a86e23459340386e532f91d26799d68158192,7db6096fe1cdb9de994fd3c2f3dd93fbf1c42a81c456e5ebf5c7a3d546417aa0,/path/to/Diffusion-TS/Utils/predictive_metric.py,166.66030359268188,0
PETS-U,Energy,128,0,100000,predictive_score,0,0.2651377816218883,True,4096,0082877761fe99d6f9502c5bbd4a86e23459340386e532f91d26799d68158192,b5a89ffd2b3829d29f6058255027553df1df8955aca42a98761edd4023cdfda1,/path/to/Diffusion-TS/Utils/predictive_metric.py,164.51454734802246,1
PETS-U,Energy,128,0,100000,predictive_score,42,0.25465245934174163,True,4096,0082877761fe99d6f9502c5bbd4a86e23459340386e532f91d26799d68158192,b5a89ffd2b3829d29f6058255027553df1df8955aca42a98761edd4023cdfda1,/path/to/Diffusion-TS/Utils/predictive_metric.py,161.829843044281,0
PETS-U,Energy,128,0,100000,predictive_score,123,0.45250223461334826,True,4096,0082877761fe99d6f9502c5bbd4a86e23459340386e532f91d26799d68158192,b5a89ffd2b3829d29f6058255027553df1df8955aca42a98761edd4023cdfda1,/path/to/Diffusion-TS/Utils/predictive_metric.py,164.19355392456055,2
PETS-U,Energy,128,0,100001,predictive_score,0,0.2721134729326877,True,4096,0082877761fe99d6f9502c5bbd4a86e23459340386e532f91d26799d68158192,66f62205452e3e031fe9f49c834c61fe00116f823935d820dc8ad752f109a688,/path/to/Diffusion-TS/Utils/predictive_metric.py,166.15707683563232,1
PETS-U,Energy,128,0,100001,predictive_score,42,0.26215969823897467,True,4096,0082877761fe99d6f9502c5bbd4a86e23459340386e532f91d26799d68158192,66f62205452e3e031fe9f49c834c61fe00116f823935d820dc8ad752f109a688,/path/to/Diffusion-TS/Utils/predictive_metric.py,166.50707459449768,0
PETS-U,Energy,128,0,100001,predictive_score,123,0.45896275052655255,True,4096,0082877761fe99d6f9502c5bbd4a86e23459340386e532f91d26799d68158192,66f62205452e3e031fe9f49c834c61fe00116f823935d820dc8ad752f109a688,/path/to/Diffusion-TS/Utils/predictive_metric.py,162.4783947467804,2
PETS-U,Energy,128,0,100002,predictive_score,0,0.2816260854669963,True,4096,0082877761fe99d6f9502c5bbd4a86e23459340386e532f91d26799d68158192,fde905efcf527dd0f18da61dce9c8e7bd73519d074114dfaf0687244ab2503d7,/path/to/Diffusion-TS/Utils/predictive_metric.py,161.7040889263153,1
PETS-U,Energy,128,0,100002,predictive_score,42,0.26036357252814923,True,4096,0082877761fe99d6f9502c5bbd4a86e23459340386e532f91d26799d68158192,fde905efcf527dd0f18da61dce9c8e7bd73519d074114dfaf0687244ab2503d7,/path/to/Diffusion-TS/Utils/predictive_metric.py,162.63425040245056,2
PETS-U,Energy,128,0,100002,predictive_score,123,0.4402620563778328,True,4096,0082877761fe99d6f9502c5bbd4a86e23459340386e532f91d26799d68158192,fde905efcf527dd0f18da61dce9c8e7bd73519d074114dfaf0687244ab2503d7,/path/to/Diffusion-TS/Utils/predictive_metric.py,162.58867573738098,0
PETS-U,Energy,128,0,100003,predictive_score,0,0.2758595834748121,True,4096,0082877761fe99d6f9502c5bbd4a86e23459340386e532f91d26799d68158192,3811dac65971661b2db6bbd5155ceed52278351597ee778f436a99908643f8ba,/path/to/Diffusion-TS/Utils/predictive_metric.py,161.92651772499084,1
PETS-U,Energy,128,0,100003,predictive_score,42,0.2598573242612474,True,4096,0082877761fe99d6f9502c5bbd4a86e23459340386e532f91d26799d68158192,3811dac65971661b2db6bbd5155ceed52278351597ee778f436a99908643f8ba,/path/to/Diffusion-TS/Utils/predictive_metric.py,164.2560384273529,2
PETS-U,Energy,128,0,100003,predictive_score,123,0.4454551454837201,True,4096,0082877761fe99d6f9502c5bbd4a86e23459340386e532f91d26799d68158192,3811dac65971661b2db6bbd5155ceed52278351597ee778f436a99908643f8ba,/path/to/Diffusion-TS/Utils/predictive_metric.py,161.55311107635498,0
PETS-U,Energy,128,0,100004,predictive_score,0,0.27020056078981725,True,4096,0082877761fe99d6f9502c5bbd4a86e23459340386e532f91d26799d68158192,e271f6b575a360600f946ed44296651355592dc08db8ec56af67f5804a960ee5,/path/to/Diffusion-TS/Utils/predictive_metric.py,162.7127857208252,0
PETS-U,Energy,128,0,100004,predictive_score,42,0.2674027324319468,True,4096,0082877761fe99d6f9502c5bbd4a86e23459340386e532f91d26799d68158192,e271f6b575a360600f946ed44296651355592dc08db8ec56af67f5804a960ee5,/path/to/Diffusion-TS/Utils/predictive_metric.py,162.65944623947144,1
PETS-U,Energy,128,0,100004,predictive_score,123,0.4419398429017747,True,4096,0082877761fe99d6f9502c5bbd4a86e23459340386e532f91d26799d68158192,e271f6b575a360600f946ed44296651355592dc08db8ec56af67f5804a960ee5,/path/to/Diffusion-TS/Utils/predictive_metric.py,162.63460302352905,2
PETS-U,Energy,128,42,100000,predictive_score,0,0.25243967143978807,True,4096,0082877761fe99d6f9502c5bbd4a86e23459340386e532f91d26799d68158192,de0c38f641024c892e97236670dc4418cdd50cb7482f67fb637285cc5e07e6d2,/path/to/Diffusion-TS/Utils/predictive_metric.py,161.30004024505615,2
PETS-U,Energy,128,42,100000,predictive_score,42,0.25407260966676404,True,4096,0082877761fe99d6f9502c5bbd4a86e23459340386e532f91d26799d68158192,de0c38f641024c892e97236670dc4418cdd50cb7482f67fb637285cc5e07e6d2,/path/to/Diffusion-TS/Utils/predictive_metric.py,161.09529852867126,0
PETS-U,Energy,128,42,100000,predictive_score,123,0.40442739186255494,True,4096,0082877761fe99d6f9502c5bbd4a86e23459340386e532f91d26799d68158192,de0c38f641024c892e97236670dc4418cdd50cb7482f67fb637285cc5e07e6d2,/path/to/Diffusion-TS/Utils/predictive_metric.py,162.26891374588013,1
PETS-U,Energy,128,42,100001,predictive_score,0,0.2531879587149888,True,4096,0082877761fe99d6f9502c5bbd4a86e23459340386e532f91d26799d68158192,35e5190b9132c49821b2cc505c6f68e67443f082b071cf43eae9cfcd8728e5ca,/path/to/Diffusion-TS/Utils/predictive_metric.py,162.81372165679932,2
PETS-U,Energy,128,42,100001,predictive_score,42,0.2524966914606921,True,4096,0082877761fe99d6f9502c5bbd4a86e23459340386e532f91d26799d68158192,35e5190b9132c49821b2cc505c6f68e67443f082b071cf43eae9cfcd8728e5ca,/path/to/Diffusion-TS/Utils/predictive_metric.py,163.99011993408203,0
PETS-U,Energy,128,42,100001,predictive_score,123,0.2546852394225425,True,4096,0082877761fe99d6f9502c5bbd4a86e23459340386e532f91d26799d68158192,35e5190b9132c49821b2cc505c6f68e67443f082b071cf43eae9cfcd8728e5ca,/path/to/Diffusion-TS/Utils/predictive_metric.py,165.3962984085083,1
PETS-U,Energy,128,42,100002,predictive_score,0,0.2526781706365,True,4096,0082877761fe99d6f9502c5bbd4a86e23459340386e532f91d26799d68158192,0800867c1f7f42c5078ce87d46753aaba2c622fd858d19cadce382da9ad04807,/path/to/Diffusion-TS/Utils/predictive_metric.py,162.67823433876038,0
PETS-U,Energy,128,42,100002,predictive_score,42,0.25263914718379965,True,4096,0082877761fe99d6f9502c5bbd4a86e23459340386e532f91d26799d68158192,0800867c1f7f42c5078ce87d46753aaba2c622fd858d19cadce382da9ad04807,/path/to/Diffusion-TS/Utils/predictive_metric.py,162.17371773719788,1
PETS-U,Energy,128,42,100002,predictive_score,123,0.4011597584030824,True,4096,0082877761fe99d6f9502c5bbd4a86e23459340386e532f91d26799d68158192,0800867c1f7f42c5078ce87d46753aaba2c622fd858d19cadce382da9ad04807,/path/to/Diffusion-TS/Utils/predictive_metric.py,162.45927166938782,2
PETS-U,Energy,128,42,100003,predictive_score,0,0.2544992891380389,True,4096,0082877761fe99d6f9502c5bbd4a86e23459340386e532f91d26799d68158192,ceb7f6e24c6c3c6d989bf0ad5e23e741e7fceb5ded9d5227fb09934bb269c58d,/path/to/Diffusion-TS/Utils/predictive_metric.py,162.45791864395142,2
PETS-U,Energy,128,42,100003,predictive_score,42,0.25207138904443127,True,4096,0082877761fe99d6f9502c5bbd4a86e23459340386e532f91d26799d68158192,ceb7f6e24c6c3c6d989bf0ad5e23e741e7fceb5ded9d5227fb09934bb269c58d,/path/to/Diffusion-TS/Utils/predictive_metric.py,165.38369226455688,1
PETS-U,Energy,128,42,100003,predictive_score,123,0.32913915799508686,True,4096,0082877761fe99d6f9502c5bbd4a86e23459340386e532f91d26799d68158192,ceb7f6e24c6c3c6d989bf0ad5e23e741e7fceb5ded9d5227fb09934bb269c58d,/path/to/Diffusion-TS/Utils/predictive_metric.py,162.5131003856659,0
PETS-U,Energy,128,42,100004,predictive_score,0,0.2547089067265915,True,4096,0082877761fe99d6f9502c5bbd4a86e23459340386e532f91d26799d68158192,6f9a120dfa7117e916d5298faeb1760718362cc31c9d06ef9e61bd717eb2891c,/path/to/Diffusion-TS/Utils/predictive_metric.py,165.5774643421173,2
PETS-U,Energy,128,42,100004,predictive_score,42,0.25319444459091756,True,4096,0082877761fe99d6f9502c5bbd4a86e23459340386e532f91d26799d68158192,6f9a120dfa7117e916d5298faeb1760718362cc31c9d06ef9e61bd717eb2891c,/path/to/Diffusion-TS/Utils/predictive_metric.py,164.48569512367249,0
PETS-U,Energy,128,42,100004,predictive_score,123,0.25614295123159536,True,4096,0082877761fe99d6f9502c5bbd4a86e23459340386e532f91d26799d68158192,6f9a120dfa7117e916d5298faeb1760718362cc31c9d06ef9e61bd717eb2891c,/path/to/Diffusion-TS/Utils/predictive_metric.py,166.4005868434906,1
PETS-U,Energy,128,123,100000,predictive_score,0,0.25242430612343014,True,4096,0082877761fe99d6f9502c5bbd4a86e23459340386e532f91d26799d68158192,14130a12e3f1d76749ba4aa31c0065357f96e6dd1aefb54117c11aaedbc6678b,/path/to/Diffusion-TS/Utils/predictive_metric.py,161.22102189064026,2
PETS-U,Energy,128,123,100000,predictive_score,42,0.2806926776065666,True,4096,0082877761fe99d6f9502c5bbd4a86e23459340386e532f91d26799d68158192,14130a12e3f1d76749ba4aa31c0065357f96e6dd1aefb54117c11aaedbc6678b,/path/to/Diffusion-TS/Utils/predictive_metric.py,163.12574076652527,1
PETS-U,Energy,128,123,100000,predictive_score,123,0.31456029732362367,True,4096,0082877761fe99d6f9502c5bbd4a86e23459340386e532f91d26799d68158192,14130a12e3f1d76749ba4aa31c0065357f96e6dd1aefb54117c11aaedbc6678b,/path/to/Diffusion-TS/Utils/predictive_metric.py,160.83730578422546,0
PETS-U,Energy,128,123,100001,predictive_score,0,0.25224382945452817,True,4096,0082877761fe99d6f9502c5bbd4a86e23459340386e532f91d26799d68158192,fcc266386a67fd61f4528883fa1aa582f390d577465292c550b6eaf24897eefd,/path/to/Diffusion-TS/Utils/predictive_metric.py,164.87221956253052,0
PETS-U,Energy,128,123,100001,predictive_score,42,0.2643872422122513,True,4096,0082877761fe99d6f9502c5bbd4a86e23459340386e532f91d26799d68158192,fcc266386a67fd61f4528883fa1aa582f390d577465292c550b6eaf24897eefd,/path/to/Diffusion-TS/Utils/predictive_metric.py,160.80442428588867,1
PETS-U,Energy,128,123,100001,predictive_score,123,0.4331580955768004,True,4096,0082877761fe99d6f9502c5bbd4a86e23459340386e532f91d26799d68158192,fcc266386a67fd61f4528883fa1aa582f390d577465292c550b6eaf24897eefd,/path/to/Diffusion-TS/Utils/predictive_metric.py,162.41919684410095,2
PETS-U,Energy,128,123,100002,predictive_score,0,0.25196988461902947,True,4096,0082877761fe99d6f9502c5bbd4a86e23459340386e532f91d26799d68158192,dade79624058ffa3c3a1fc88d8400b124d1a42db69a7096d3c39924d5efe3c84,/path/to/Diffusion-TS/Utils/predictive_metric.py,161.56820821762085,0
PETS-U,Energy,128,123,100002,predictive_score,42,0.2597448273882037,True,4096,0082877761fe99d6f9502c5bbd4a86e23459340386e532f91d26799d68158192,dade79624058ffa3c3a1fc88d8400b124d1a42db69a7096d3c39924d5efe3c84,/path/to/Diffusion-TS/Utils/predictive_metric.py,161.11138534545898,2
PETS-U,Energy,128,123,100002,predictive_score,123,0.32379388980189105,True,4096,0082877761fe99d6f9502c5bbd4a86e23459340386e532f91d26799d68158192,dade79624058ffa3c3a1fc88d8400b124d1a42db69a7096d3c39924d5efe3c84,/path/to/Diffusion-TS/Utils/predictive_metric.py,167.15070152282715,1
PETS-U,Energy,128,123,100003,predictive_score,0,0.25281186822030577,True,4096,0082877761fe99d6f9502c5bbd4a86e23459340386e532f91d26799d68158192,082bb1eb0d713e2a35e3d5c819e091f5448db878efcf194430b71b466be6efb6,/path/to/Diffusion-TS/Utils/predictive_metric.py,162.18462252616882,2
PETS-U,Energy,128,123,100003,predictive_score,42,0.26690573702944675,True,4096,0082877761fe99d6f9502c5bbd4a86e23459340386e532f91d26799d68158192,082bb1eb0d713e2a35e3d5c819e091f5448db878efcf194430b71b466be6efb6,/path/to/Diffusion-TS/Utils/predictive_metric.py,164.7966616153717,0
PETS-U,Energy,128,123,100003,predictive_score,123,0.3196749653943698,True,4096,0082877761fe99d6f9502c5bbd4a86e23459340386e532f91d26799d68158192,082bb1eb0d713e2a35e3d5c819e091f5448db878efcf194430b71b466be6efb6,/path/to/Diffusion-TS/Utils/predictive_metric.py,160.88125896453857,1
PETS-U,Energy,128,123,100004,predictive_score,0,0.2521535552914429,True,4096,0082877761fe99d6f9502c5bbd4a86e23459340386e532f91d26799d68158192,5df62705c1c8b25204dad83c088e5544440212c2e42c13877be119496e19098e,/path/to/Diffusion-TS/Utils/predictive_metric.py,164.8279550075531,0
PETS-U,Energy,128,123,100004,predictive_score,42,0.2673128895366972,True,4096,0082877761fe99d6f9502c5bbd4a86e23459340386e532f91d26799d68158192,5df62705c1c8b25204dad83c088e5544440212c2e42c13877be119496e19098e,/path/to/Diffusion-TS/Utils/predictive_metric.py,162.86040544509888,2
PETS-U,Energy,128,123,100004,predictive_score,123,0.330642131913919,True,4096,0082877761fe99d6f9502c5bbd4a86e23459340386e532f91d26799d68158192,5df62705c1c8b25204dad83c088e5544440212c2e42c13877be119496e19098e,/path/to/Diffusion-TS/Utils/predictive_metric.py,162.32102704048157,1
Diffusion-TS,Energy,256,0,100000,predictive_score,0,0.3957177304546349,True,4096,85497375d523f70b566ec01c5da04796afe02d4640334dc033d8d61f3fccd859,4324b0ebbcfa7a75b1ac92e5d1dd2efc4d0e52462d8f0500a02c5b151290e627,/path/to/Diffusion-TS/Utils/predictive_metric.py,303.4336919784546,2
Diffusion-TS,Energy,256,0,100000,predictive_score,42,0.39937838863261277,True,4096,85497375d523f70b566ec01c5da04796afe02d4640334dc033d8d61f3fccd859,4324b0ebbcfa7a75b1ac92e5d1dd2efc4d0e52462d8f0500a02c5b151290e627,/path/to/Diffusion-TS/Utils/predictive_metric.py,301.9256250858307,1
Diffusion-TS,Energy,256,0,100000,predictive_score,123,0.3983135072776349,True,4096,85497375d523f70b566ec01c5da04796afe02d4640334dc033d8d61f3fccd859,4324b0ebbcfa7a75b1ac92e5d1dd2efc4d0e52462d8f0500a02c5b151290e627,/path/to/Diffusion-TS/Utils/predictive_metric.py,304.534805059433,0
Diffusion-TS,Energy,256,0,100001,predictive_score,0,0.3966844908063649,True,4096,85497375d523f70b566ec01c5da04796afe02d4640334dc033d8d61f3fccd859,1244e75109996c20886e009e1e0e250945e09f062de82f8f0043aed3a0fe8fb9,/path/to/Diffusion-TS/Utils/predictive_metric.py,302.51244020462036,1
Diffusion-TS,Energy,256,0,100001,predictive_score,42,0.39148059665603796,True,4096,85497375d523f70b566ec01c5da04796afe02d4640334dc033d8d61f3fccd859,1244e75109996c20886e009e1e0e250945e09f062de82f8f0043aed3a0fe8fb9,/path/to/Diffusion-TS/Utils/predictive_metric.py,305.4382338523865,0
Diffusion-TS,Energy,256,0,100001,predictive_score,123,0.4036957381758839,True,4096,85497375d523f70b566ec01c5da04796afe02d4640334dc033d8d61f3fccd859,1244e75109996c20886e009e1e0e250945e09f062de82f8f0043aed3a0fe8fb9,/path/to/Diffusion-TS/Utils/predictive_metric.py,304.3173358440399,2
Diffusion-TS,Energy,256,0,100002,predictive_score,0,0.3963689789088676,True,4096,85497375d523f70b566ec01c5da04796afe02d4640334dc033d8d61f3fccd859,bc034830620b9472fba3c2fb6d45245a0d47cba64a4ff1af0dec22ace37a334e,/path/to/Diffusion-TS/Utils/predictive_metric.py,304.54833483695984,1
Diffusion-TS,Energy,256,0,100002,predictive_score,42,0.37673911725141807,True,4096,85497375d523f70b566ec01c5da04796afe02d4640334dc033d8d61f3fccd859,bc034830620b9472fba3c2fb6d45245a0d47cba64a4ff1af0dec22ace37a334e,/path/to/Diffusion-TS/Utils/predictive_metric.py,304.0593571662903,0
Diffusion-TS,Energy,256,0,100002,predictive_score,123,0.40470848314726027,True,4096,85497375d523f70b566ec01c5da04796afe02d4640334dc033d8d61f3fccd859,bc034830620b9472fba3c2fb6d45245a0d47cba64a4ff1af0dec22ace37a334e,/path/to/Diffusion-TS/Utils/predictive_metric.py,302.8339567184448,2
Diffusion-TS,Energy,256,0,100003,predictive_score,0,0.39570498991088243,True,4096,85497375d523f70b566ec01c5da04796afe02d4640334dc033d8d61f3fccd859,d4b17754bb8c847aab25c1998ab42eb98c2078c237d6e56804319f4f81700803,/path/to/Diffusion-TS/Utils/predictive_metric.py,303.6306402683258,1
Diffusion-TS,Energy,256,0,100003,predictive_score,42,0.4027687168781995,True,4096,85497375d523f70b566ec01c5da04796afe02d4640334dc033d8d61f3fccd859,d4b17754bb8c847aab25c1998ab42eb98c2078c237d6e56804319f4f81700803,/path/to/Diffusion-TS/Utils/predictive_metric.py,302.8850791454315,0
Diffusion-TS,Energy,256,0,100003,predictive_score,123,0.4054466515153763,True,4096,85497375d523f70b566ec01c5da04796afe02d4640334dc033d8d61f3fccd859,d4b17754bb8c847aab25c1998ab42eb98c2078c237d6e56804319f4f81700803,/path/to/Diffusion-TS/Utils/predictive_metric.py,301.05147194862366,2
Diffusion-TS,Energy,256,0,100004,predictive_score,0,0.39616780808137264,True,4096,85497375d523f70b566ec01c5da04796afe02d4640334dc033d8d61f3fccd859,fa44d0e575948cad899a2c28480bc77dee171b2ee48bd5cd9693ef4fa0af94af,/path/to/Diffusion-TS/Utils/predictive_metric.py,302.7233738899231,1
Diffusion-TS,Energy,256,0,100004,predictive_score,42,0.3934755492518889,True,4096,85497375d523f70b566ec01c5da04796afe02d4640334dc033d8d61f3fccd859,fa44d0e575948cad899a2c28480bc77dee171b2ee48bd5cd9693ef4fa0af94af,/path/to/Diffusion-TS/Utils/predictive_metric.py,304.46965622901917,0
Diffusion-TS,Energy,256,0,100004,predictive_score,123,0.406196774696582,True,4096,85497375d523f70b566ec01c5da04796afe02d4640334dc033d8d61f3fccd859,fa44d0e575948cad899a2c28480bc77dee171b2ee48bd5cd9693ef4fa0af94af,/path/to/Diffusion-TS/Utils/predictive_metric.py,305.3853702545166,2
Diffusion-TS,Energy,256,42,100000,predictive_score,0,0.39983416470931843,True,4096,85497375d523f70b566ec01c5da04796afe02d4640334dc033d8d61f3fccd859,7d3b7d779f3043253da56dc781b53c7059c49933ff3e7d5ad0e06d82824a6a46,/path/to/Diffusion-TS/Utils/predictive_metric.py,305.5980839729309,0
Diffusion-TS,Energy,256,42,100000,predictive_score,42,0.39904233875859063,True,4096,85497375d523f70b566ec01c5da04796afe02d4640334dc033d8d61f3fccd859,7d3b7d779f3043253da56dc781b53c7059c49933ff3e7d5ad0e06d82824a6a46,/path/to/Diffusion-TS/Utils/predictive_metric.py,307.2272524833679,1
Diffusion-TS,Energy,256,42,100000,predictive_score,123,0.39896795729146106,True,4096,85497375d523f70b566ec01c5da04796afe02d4640334dc033d8d61f3fccd859,7d3b7d779f3043253da56dc781b53c7059c49933ff3e7d5ad0e06d82824a6a46,/path/to/Diffusion-TS/Utils/predictive_metric.py,306.33773851394653,2
Diffusion-TS,Energy,256,42,100001,predictive_score,0,0.394115175207844,True,4096,85497375d523f70b566ec01c5da04796afe02d4640334dc033d8d61f3fccd859,d5559b5ab3ca4ec92da0be7eff31a477ab0c1f8fdcd5d9035eeddc0016a3300e,/path/to/Diffusion-TS/Utils/predictive_metric.py,303.55516624450684,0
Diffusion-TS,Energy,256,42,100001,predictive_score,42,0.3932719990989426,True,4096,85497375d523f70b566ec01c5da04796afe02d4640334dc033d8d61f3fccd859,d5559b5ab3ca4ec92da0be7eff31a477ab0c1f8fdcd5d9035eeddc0016a3300e,/path/to/Diffusion-TS/Utils/predictive_metric.py,302.9101791381836,1
Diffusion-TS,Energy,256,42,100001,predictive_score,123,0.39199562896828866,True,4096,85497375d523f70b566ec01c5da04796afe02d4640334dc033d8d61f3fccd859,d5559b5ab3ca4ec92da0be7eff31a477ab0c1f8fdcd5d9035eeddc0016a3300e,/path/to/Diffusion-TS/Utils/predictive_metric.py,304.565687417984,2
Diffusion-TS,Energy,256,42,100002,predictive_score,0,0.3997348499033251,True,4096,85497375d523f70b566ec01c5da04796afe02d4640334dc033d8d61f3fccd859,8ff69c54c46ac0e5a12e4faf44d889e1e117365c88c346c8730224a5bb3f1368,/path/to/Diffusion-TS/Utils/predictive_metric.py,305.8112449645996,1
Diffusion-TS,Energy,256,42,100002,predictive_score,42,0.3958283850806765,True,4096,85497375d523f70b566ec01c5da04796afe02d4640334dc033d8d61f3fccd859,8ff69c54c46ac0e5a12e4faf44d889e1e117365c88c346c8730224a5bb3f1368,/path/to/Diffusion-TS/Utils/predictive_metric.py,305.39285922050476,0
Diffusion-TS,Energy,256,42,100002,predictive_score,123,0.3956356288617826,True,4096,85497375d523f70b566ec01c5da04796afe02d4640334dc033d8d61f3fccd859,8ff69c54c46ac0e5a12e4faf44d889e1e117365c88c346c8730224a5bb3f1368,/path/to/Diffusion-TS/Utils/predictive_metric.py,304.6407768726349,2
Diffusion-TS,Energy,256,42,100003,predictive_score,0,0.3917326597729698,True,4096,85497375d523f70b566ec01c5da04796afe02d4640334dc033d8d61f3fccd859,fff9f293872ec8f421d9bc28179a147d49fc96f941c202492eaaebdc7f6d2a9e,/path/to/Diffusion-TS/Utils/predictive_metric.py,304.90266942977905,1
Diffusion-TS,Energy,256,42,100003,predictive_score,42,0.394988508473034,True,4096,85497375d523f70b566ec01c5da04796afe02d4640334dc033d8d61f3fccd859,fff9f293872ec8f421d9bc28179a147d49fc96f941c202492eaaebdc7f6d2a9e,/path/to/Diffusion-TS/Utils/predictive_metric.py,305.8084452152252,0
Diffusion-TS,Energy,256,42,100003,predictive_score,123,0.39635072880628286,True,4096,85497375d523f70b566ec01c5da04796afe02d4640334dc033d8d61f3fccd859,fff9f293872ec8f421d9bc28179a147d49fc96f941c202492eaaebdc7f6d2a9e,/path/to/Diffusion-TS/Utils/predictive_metric.py,305.05601978302,2
Diffusion-TS,Energy,256,42,100004,predictive_score,0,0.393781410275551,True,4096,85497375d523f70b566ec01c5da04796afe02d4640334dc033d8d61f3fccd859,a12c903027b821cc5b312f3e8ed2dd4baef24db50bfbde5742bdd8238d05be6d,/path/to/Diffusion-TS/Utils/predictive_metric.py,305.29155564308167,1
Diffusion-TS,Energy,256,42,100004,predictive_score,42,0.39751937991240993,True,4096,85497375d523f70b566ec01c5da04796afe02d4640334dc033d8d61f3fccd859,a12c903027b821cc5b312f3e8ed2dd4baef24db50bfbde5742bdd8238d05be6d,/path/to/Diffusion-TS/Utils/predictive_metric.py,305.0908453464508,0
Diffusion-TS,Energy,256,42,100004,predictive_score,123,0.39755734628852224,True,4096,85497375d523f70b566ec01c5da04796afe02d4640334dc033d8d61f3fccd859,a12c903027b821cc5b312f3e8ed2dd4baef24db50bfbde5742bdd8238d05be6d,/path/to/Diffusion-TS/Utils/predictive_metric.py,305.1394639015198,2
Diffusion-TS,Energy,256,123,100000,predictive_score,0,0.36928836094011785,True,4096,85497375d523f70b566ec01c5da04796afe02d4640334dc033d8d61f3fccd859,b4b2f13ee711ae28ad3544fee70997b3649f2f2e79d1a130fb17d304e88f7277,/path/to/Diffusion-TS/Utils/predictive_metric.py,304.8252387046814,1
Diffusion-TS,Energy,256,123,100000,predictive_score,42,0.357088709512027,True,4096,85497375d523f70b566ec01c5da04796afe02d4640334dc033d8d61f3fccd859,b4b2f13ee711ae28ad3544fee70997b3649f2f2e79d1a130fb17d304e88f7277,/path/to/Diffusion-TS/Utils/predictive_metric.py,306.2138261795044,0
Diffusion-TS,Energy,256,123,100000,predictive_score,123,0.3703088281690725,True,4096,85497375d523f70b566ec01c5da04796afe02d4640334dc033d8d61f3fccd859,b4b2f13ee711ae28ad3544fee70997b3649f2f2e79d1a130fb17d304e88f7277,/path/to/Diffusion-TS/Utils/predictive_metric.py,308.6971011161804,2
Diffusion-TS,Energy,256,123,100001,predictive_score,0,0.36535035428823903,True,4096,85497375d523f70b566ec01c5da04796afe02d4640334dc033d8d61f3fccd859,c5d0d58a5abe36bcf24aa90794dc3476694730f1951d0521d79e587dd785e292,/path/to/Diffusion-TS/Utils/predictive_metric.py,304.02426528930664,1
Diffusion-TS,Energy,256,123,100001,predictive_score,42,0.3590966944466345,True,4096,85497375d523f70b566ec01c5da04796afe02d4640334dc033d8d61f3fccd859,c5d0d58a5abe36bcf24aa90794dc3476694730f1951d0521d79e587dd785e292,/path/to/Diffusion-TS/Utils/predictive_metric.py,304.28454208374023,0
Diffusion-TS,Energy,256,123,100001,predictive_score,123,0.3702722540765535,True,4096,85497375d523f70b566ec01c5da04796afe02d4640334dc033d8d61f3fccd859,c5d0d58a5abe36bcf24aa90794dc3476694730f1951d0521d79e587dd785e292,/path/to/Diffusion-TS/Utils/predictive_metric.py,306.65355491638184,2
Diffusion-TS,Energy,256,123,100002,predictive_score,0,0.36422001403116155,True,4096,85497375d523f70b566ec01c5da04796afe02d4640334dc033d8d61f3fccd859,d55e0bbd732d6f9a623c4c8d6116fc559cd5945b9cd43bd9f23f12f776b0a132,/path/to/Diffusion-TS/Utils/predictive_metric.py,307.701607465744,1
Diffusion-TS,Energy,256,123,100002,predictive_score,42,0.35749384698283393,True,4096,85497375d523f70b566ec01c5da04796afe02d4640334dc033d8d61f3fccd859,d55e0bbd732d6f9a623c4c8d6116fc559cd5945b9cd43bd9f23f12f776b0a132,/path/to/Diffusion-TS/Utils/predictive_metric.py,303.8006808757782,0
Diffusion-TS,Energy,256,123,100002,predictive_score,123,0.3717691850179108,True,4096,85497375d523f70b566ec01c5da04796afe02d4640334dc033d8d61f3fccd859,d55e0bbd732d6f9a623c4c8d6116fc559cd5945b9cd43bd9f23f12f776b0a132,/path/to/Diffusion-TS/Utils/predictive_metric.py,306.27960443496704,2
Diffusion-TS,Energy,256,123,100003,predictive_score,0,0.36691560108738486,True,4096,85497375d523f70b566ec01c5da04796afe02d4640334dc033d8d61f3fccd859,6a0290626282f24e87c89be3c6a33138d7700cef499c82704faf19ac82092a06,/path/to/Diffusion-TS/Utils/predictive_metric.py,304.69130206108093,0
Diffusion-TS,Energy,256,123,100003,predictive_score,42,0.3645797546923859,True,4096,85497375d523f70b566ec01c5da04796afe02d4640334dc033d8d61f3fccd859,6a0290626282f24e87c89be3c6a33138d7700cef499c82704faf19ac82092a06,/path/to/Diffusion-TS/Utils/predictive_metric.py,306.1445007324219,2
Diffusion-TS,Energy,256,123,100003,predictive_score,123,0.3668620185999316,True,4096,85497375d523f70b566ec01c5da04796afe02d4640334dc033d8d61f3fccd859,6a0290626282f24e87c89be3c6a33138d7700cef499c82704faf19ac82092a06,/path/to/Diffusion-TS/Utils/predictive_metric.py,303.6342439651489,1
Diffusion-TS,Energy,256,123,100004,predictive_score,0,0.36646658219979145,True,4096,85497375d523f70b566ec01c5da04796afe02d4640334dc033d8d61f3fccd859,725d2df73965ea51e3996965d36d932bfbd251366d9d59aafce85ec067fb3c72,/path/to/Diffusion-TS/Utils/predictive_metric.py,301.504234790802,0
Diffusion-TS,Energy,256,123,100004,predictive_score,42,0.35774674247659277,True,4096,85497375d523f70b566ec01c5da04796afe02d4640334dc033d8d61f3fccd859,725d2df73965ea51e3996965d36d932bfbd251366d9d59aafce85ec067fb3c72,/path/to/Diffusion-TS/Utils/predictive_metric.py,304.4702293872833,2
Diffusion-TS,Energy,256,123,100004,predictive_score,123,0.36948770946037257,True,4096,85497375d523f70b566ec01c5da04796afe02d4640334dc033d8d61f3fccd859,725d2df73965ea51e3996965d36d932bfbd251366d9d59aafce85ec067fb3c72,/path/to/Diffusion-TS/Utils/predictive_metric.py,303.6496922969818,1
PETS-U,Energy,256,0,100000,predictive_score,0,0.419193051297043,True,4096,85497375d523f70b566ec01c5da04796afe02d4640334dc033d8d61f3fccd859,a3e7acd00bd426edfbec326fb770e04499f8fd9770c23d9a0e2f80ff0d7bdb25,/path/to/Diffusion-TS/Utils/predictive_metric.py,302.6811628341675,2
PETS-U,Energy,256,0,100000,predictive_score,42,0.3900035167025635,True,4096,85497375d523f70b566ec01c5da04796afe02d4640334dc033d8d61f3fccd859,a3e7acd00bd426edfbec326fb770e04499f8fd9770c23d9a0e2f80ff0d7bdb25,/path/to/Diffusion-TS/Utils/predictive_metric.py,304.2698633670807,1
PETS-U,Energy,256,0,100000,predictive_score,123,0.44862826030293945,True,4096,85497375d523f70b566ec01c5da04796afe02d4640334dc033d8d61f3fccd859,a3e7acd00bd426edfbec326fb770e04499f8fd9770c23d9a0e2f80ff0d7bdb25,/path/to/Diffusion-TS/Utils/predictive_metric.py,305.585786819458,0
PETS-U,Energy,256,0,100001,predictive_score,0,0.4242410811712034,True,4096,85497375d523f70b566ec01c5da04796afe02d4640334dc033d8d61f3fccd859,ef00a3a1e7f8bd1211d88eaf3ab342456cb24ba92129c45b818896da5a43e28c,/path/to/Diffusion-TS/Utils/predictive_metric.py,302.71957421302795,1
PETS-U,Energy,256,0,100001,predictive_score,42,0.39221309878485044,True,4096,85497375d523f70b566ec01c5da04796afe02d4640334dc033d8d61f3fccd859,ef00a3a1e7f8bd1211d88eaf3ab342456cb24ba92129c45b818896da5a43e28c,/path/to/Diffusion-TS/Utils/predictive_metric.py,304.44609475135803,0
PETS-U,Energy,256,0,100001,predictive_score,123,0.4127156876202207,True,4096,85497375d523f70b566ec01c5da04796afe02d4640334dc033d8d61f3fccd859,ef00a3a1e7f8bd1211d88eaf3ab342456cb24ba92129c45b818896da5a43e28c,/path/to/Diffusion-TS/Utils/predictive_metric.py,307.59411239624023,2
PETS-U,Energy,256,0,100002,predictive_score,0,0.42725972776679555,True,4096,85497375d523f70b566ec01c5da04796afe02d4640334dc033d8d61f3fccd859,60f28a2768cec24408866a714dcbee904114c85e4109152666afafd6ac59a350,/path/to/Diffusion-TS/Utils/predictive_metric.py,302.55863428115845,0
PETS-U,Energy,256,0,100002,predictive_score,42,0.39268120268388884,True,4096,85497375d523f70b566ec01c5da04796afe02d4640334dc033d8d61f3fccd859,60f28a2768cec24408866a714dcbee904114c85e4109152666afafd6ac59a350,/path/to/Diffusion-TS/Utils/predictive_metric.py,302.92563915252686,1
PETS-U,Energy,256,0,100002,predictive_score,123,0.4571672210659017,True,4096,85497375d523f70b566ec01c5da04796afe02d4640334dc033d8d61f3fccd859,60f28a2768cec24408866a714dcbee904114c85e4109152666afafd6ac59a350,/path/to/Diffusion-TS/Utils/predictive_metric.py,303.5732972621918,2
PETS-U,Energy,256,0,100003,predictive_score,0,0.4033977653889451,True,4096,85497375d523f70b566ec01c5da04796afe02d4640334dc033d8d61f3fccd859,1f8a304cbf2335f27d349c8e7b20fbb417f8df04bf27f85ea8f16ca0103c7a3d,/path/to/Diffusion-TS/Utils/predictive_metric.py,303.0478148460388,1
PETS-U,Energy,256,0,100003,predictive_score,42,0.40295144437550334,True,4096,85497375d523f70b566ec01c5da04796afe02d4640334dc033d8d61f3fccd859,1f8a304cbf2335f27d349c8e7b20fbb417f8df04bf27f85ea8f16ca0103c7a3d,/path/to/Diffusion-TS/Utils/predictive_metric.py,307.7853446006775,0
PETS-U,Energy,256,0,100003,predictive_score,123,0.43064392997621326,True,4096,85497375d523f70b566ec01c5da04796afe02d4640334dc033d8d61f3fccd859,1f8a304cbf2335f27d349c8e7b20fbb417f8df04bf27f85ea8f16ca0103c7a3d,/path/to/Diffusion-TS/Utils/predictive_metric.py,305.8080551624298,2
PETS-U,Energy,256,0,100004,predictive_score,0,0.31227635550749255,True,4096,85497375d523f70b566ec01c5da04796afe02d4640334dc033d8d61f3fccd859,b0fa2ceb04b48df617b73fe97eed9ee3f9a4a210fcd4e8afd786791a2f2f41c2,/path/to/Diffusion-TS/Utils/predictive_metric.py,307.22729301452637,0
PETS-U,Energy,256,0,100004,predictive_score,42,0.35981456603622064,True,4096,85497375d523f70b566ec01c5da04796afe02d4640334dc033d8d61f3fccd859,b0fa2ceb04b48df617b73fe97eed9ee3f9a4a210fcd4e8afd786791a2f2f41c2,/path/to/Diffusion-TS/Utils/predictive_metric.py,304.23373651504517,2
PETS-U,Energy,256,0,100004,predictive_score,123,0.4181459342435119,True,4096,85497375d523f70b566ec01c5da04796afe02d4640334dc033d8d61f3fccd859,b0fa2ceb04b48df617b73fe97eed9ee3f9a4a210fcd4e8afd786791a2f2f41c2,/path/to/Diffusion-TS/Utils/predictive_metric.py,309.937118768692,1
PETS-U,Energy,256,42,100000,predictive_score,0,0.3913388631262933,True,4096,85497375d523f70b566ec01c5da04796afe02d4640334dc033d8d61f3fccd859,d92ba08b7e977e87403f9932a42c1426c12b19e7d557b94de2fa45c7d3bc9b07,/path/to/Diffusion-TS/Utils/predictive_metric.py,304.3324999809265,0
PETS-U,Energy,256,42,100000,predictive_score,42,0.2650457339004788,True,4096,85497375d523f70b566ec01c5da04796afe02d4640334dc033d8d61f3fccd859,d92ba08b7e977e87403f9932a42c1426c12b19e7d557b94de2fa45c7d3bc9b07,/path/to/Diffusion-TS/Utils/predictive_metric.py,307.058842420578,2
PETS-U,Energy,256,42,100000,predictive_score,123,0.40638101290824125,True,4096,85497375d523f70b566ec01c5da04796afe02d4640334dc033d8d61f3fccd859,d92ba08b7e977e87403f9932a42c1426c12b19e7d557b94de2fa45c7d3bc9b07,/path/to/Diffusion-TS/Utils/predictive_metric.py,303.2263309955597,1
PETS-U,Energy,256,42,100001,predictive_score,0,0.3886116306675831,True,4096,85497375d523f70b566ec01c5da04796afe02d4640334dc033d8d61f3fccd859,86e4a378e626ca8a5c120e95b7677502a8a32d7da443268c1c1015e54f8ec19b,/path/to/Diffusion-TS/Utils/predictive_metric.py,306.357702255249,0
PETS-U,Energy,256,42,100001,predictive_score,42,0.26596683289972134,True,4096,85497375d523f70b566ec01c5da04796afe02d4640334dc033d8d61f3fccd859,86e4a378e626ca8a5c120e95b7677502a8a32d7da443268c1c1015e54f8ec19b,/path/to/Diffusion-TS/Utils/predictive_metric.py,307.1799020767212,2
PETS-U,Energy,256,42,100001,predictive_score,123,0.40507724814960966,True,4096,85497375d523f70b566ec01c5da04796afe02d4640334dc033d8d61f3fccd859,86e4a378e626ca8a5c120e95b7677502a8a32d7da443268c1c1015e54f8ec19b,/path/to/Diffusion-TS/Utils/predictive_metric.py,304.61152243614197,1
PETS-U,Energy,256,42,100002,predictive_score,0,0.3842602510121651,True,4096,85497375d523f70b566ec01c5da04796afe02d4640334dc033d8d61f3fccd859,f0e521bf199fdf99218d73e9f41f3169c9a778be5221831b7de93997b913d8c4,/path/to/Diffusion-TS/Utils/predictive_metric.py,307.5954749584198,0
PETS-U,Energy,256,42,100002,predictive_score,42,0.27620724911321304,True,4096,85497375d523f70b566ec01c5da04796afe02d4640334dc033d8d61f3fccd859,f0e521bf199fdf99218d73e9f41f3169c9a778be5221831b7de93997b913d8c4,/path/to/Diffusion-TS/Utils/predictive_metric.py,305.5531208515167,2
PETS-U,Energy,256,42,100002,predictive_score,123,0.25666614449073677,True,4096,85497375d523f70b566ec01c5da04796afe02d4640334dc033d8d61f3fccd859,f0e521bf199fdf99218d73e9f41f3169c9a778be5221831b7de93997b913d8c4,/path/to/Diffusion-TS/Utils/predictive_metric.py,306.1096682548523,1
PETS-U,Energy,256,42,100003,predictive_score,0,0.3854097076837206,True,4096,85497375d523f70b566ec01c5da04796afe02d4640334dc033d8d61f3fccd859,9ff321fda7cae5bed983e99e887dc96d4ecc42bc749fda2cc223f5d182e80df6,/path/to/Diffusion-TS/Utils/predictive_metric.py,303.6487934589386,0
PETS-U,Energy,256,42,100003,predictive_score,42,0.2666140963556245,True,4096,85497375d523f70b566ec01c5da04796afe02d4640334dc033d8d61f3fccd859,9ff321fda7cae5bed983e99e887dc96d4ecc42bc749fda2cc223f5d182e80df6,/path/to/Diffusion-TS/Utils/predictive_metric.py,306.613911151886,2
PETS-U,Energy,256,42,100003,predictive_score,123,0.25549778236381826,True,4096,85497375d523f70b566ec01c5da04796afe02d4640334dc033d8d61f3fccd859,9ff321fda7cae5bed983e99e887dc96d4ecc42bc749fda2cc223f5d182e80df6,/path/to/Diffusion-TS/Utils/predictive_metric.py,306.3903980255127,1
PETS-U,Energy,256,42,100004,predictive_score,0,0.3896304416557541,True,4096,85497375d523f70b566ec01c5da04796afe02d4640334dc033d8d61f3fccd859,87dfed4b72bb35eb3ab4df43627d971142b6894e385c8fbaa1300999b6bb7da2,/path/to/Diffusion-TS/Utils/predictive_metric.py,302.6851296424866,2
PETS-U,Energy,256,42,100004,predictive_score,42,0.2708033059097943,True,4096,85497375d523f70b566ec01c5da04796afe02d4640334dc033d8d61f3fccd859,87dfed4b72bb35eb3ab4df43627d971142b6894e385c8fbaa1300999b6bb7da2,/path/to/Diffusion-TS/Utils/predictive_metric.py,307.5689425468445,0
PETS-U,Energy,256,42,100004,predictive_score,123,0.403170440105896,True,4096,85497375d523f70b566ec01c5da04796afe02d4640334dc033d8d61f3fccd859,87dfed4b72bb35eb3ab4df43627d971142b6894e385c8fbaa1300999b6bb7da2,/path/to/Diffusion-TS/Utils/predictive_metric.py,305.8853373527527,1
PETS-U,Energy,256,123,100000,predictive_score,0,0.36778306862106547,True,4096,85497375d523f70b566ec01c5da04796afe02d4640334dc033d8d61f3fccd859,f3ff220e476cb4c0893ebe5fe7c4716db5327834d374512533acbce5657c42d1,/path/to/Diffusion-TS/Utils/predictive_metric.py,301.1062548160553,1
PETS-U,Energy,256,123,100000,predictive_score,42,0.40575637148867827,True,4096,85497375d523f70b566ec01c5da04796afe02d4640334dc033d8d61f3fccd859,f3ff220e476cb4c0893ebe5fe7c4716db5327834d374512533acbce5657c42d1,/path/to/Diffusion-TS/Utils/predictive_metric.py,304.359090089798,0
PETS-U,Energy,256,123,100000,predictive_score,123,0.25413834262872115,True,4096,85497375d523f70b566ec01c5da04796afe02d4640334dc033d8d61f3fccd859,f3ff220e476cb4c0893ebe5fe7c4716db5327834d374512533acbce5657c42d1,/path/to/Diffusion-TS/Utils/predictive_metric.py,304.22556710243225,2
PETS-U,Energy,256,123,100001,predictive_score,0,0.36301249387906864,True,4096,85497375d523f70b566ec01c5da04796afe02d4640334dc033d8d61f3fccd859,fa17092f64da581ffdf8bb8ac792601a31ddcfe6771b13c31edcf57e3651dd59,/path/to/Diffusion-TS/Utils/predictive_metric.py,304.1330759525299,2
PETS-U,Energy,256,123,100001,predictive_score,42,0.36065785555547336,True,4096,85497375d523f70b566ec01c5da04796afe02d4640334dc033d8d61f3fccd859,fa17092f64da581ffdf8bb8ac792601a31ddcfe6771b13c31edcf57e3651dd59,/path/to/Diffusion-TS/Utils/predictive_metric.py,305.72466373443604,0
PETS-U,Energy,256,123,100001,predictive_score,123,0.43434125726344064,True,4096,85497375d523f70b566ec01c5da04796afe02d4640334dc033d8d61f3fccd859,fa17092f64da581ffdf8bb8ac792601a31ddcfe6771b13c31edcf57e3651dd59,/path/to/Diffusion-TS/Utils/predictive_metric.py,305.9614288806915,1
PETS-U,Energy,256,123,100002,predictive_score,0,0.33083488819829654,True,4096,85497375d523f70b566ec01c5da04796afe02d4640334dc033d8d61f3fccd859,32e32431b198e2b02a4306e889d82ee94f179af438b950b65735e06c0810eb21,/path/to/Diffusion-TS/Utils/predictive_metric.py,303.3116888999939,1
PETS-U,Energy,256,123,100002,predictive_score,42,0.3924932579466258,True,4096,85497375d523f70b566ec01c5da04796afe02d4640334dc033d8d61f3fccd859,32e32431b198e2b02a4306e889d82ee94f179af438b950b65735e06c0810eb21,/path/to/Diffusion-TS/Utils/predictive_metric.py,303.4089322090149,2
PETS-U,Energy,256,123,100002,predictive_score,123,0.2719575781702588,True,4096,85497375d523f70b566ec01c5da04796afe02d4640334dc033d8d61f3fccd859,32e32431b198e2b02a4306e889d82ee94f179af438b950b65735e06c0810eb21,/path/to/Diffusion-TS/Utils/predictive_metric.py,306.0385572910309,0
PETS-U,Energy,256,123,100003,predictive_score,0,0.3119239391708106,True,4096,85497375d523f70b566ec01c5da04796afe02d4640334dc033d8d61f3fccd859,72cf6f845f16f0dba0d921533442bd7715fb86b872a4b4509ad91ebb701bc338,/path/to/Diffusion-TS/Utils/predictive_metric.py,301.4441466331482,0
PETS-U,Energy,256,123,100003,predictive_score,42,0.3815899403562071,True,4096,85497375d523f70b566ec01c5da04796afe02d4640334dc033d8d61f3fccd859,72cf6f845f16f0dba0d921533442bd7715fb86b872a4b4509ad91ebb701bc338,/path/to/Diffusion-TS/Utils/predictive_metric.py,302.4310300350189,1
PETS-U,Energy,256,123,100003,predictive_score,123,0.3783665465161903,True,4096,85497375d523f70b566ec01c5da04796afe02d4640334dc033d8d61f3fccd859,72cf6f845f16f0dba0d921533442bd7715fb86b872a4b4509ad91ebb701bc338,/path/to/Diffusion-TS/Utils/predictive_metric.py,302.6226930618286,2
PETS-U,Energy,256,123,100004,predictive_score,0,0.30592712502766517,True,4096,85497375d523f70b566ec01c5da04796afe02d4640334dc033d8d61f3fccd859,c5a9a6f87063d59a21fa7d9a671345b1ba59f9e0c326ac75178f80b1f5f5e132,/path/to/Diffusion-TS/Utils/predictive_metric.py,301.24055433273315,1
PETS-U,Energy,256,123,100004,predictive_score,42,0.29321684408569126,True,4096,85497375d523f70b566ec01c5da04796afe02d4640334dc033d8d61f3fccd859,c5a9a6f87063d59a21fa7d9a671345b1ba59f9e0c326ac75178f80b1f5f5e132,/path/to/Diffusion-TS/Utils/predictive_metric.py,308.3630335330963,0
PETS-U,Energy,256,123,100004,predictive_score,123,0.3707791222841479,True,4096,85497375d523f70b566ec01c5da04796afe02d4640334dc033d8d61f3fccd859,c5a9a6f87063d59a21fa7d9a671345b1ba59f9e0c326ac75178f80b1f5f5e132,/path/to/Diffusion-TS/Utils/predictive_metric.py,303.1327860355377,2
