representation,representation_key,model_seed,draw,metric,evaluator_seed,value,source
Period-Aligned 2D,period_aligned_2d,0,100000,context_fid,0.0,0.7981567784642593,/path/to/PETS-FFT-Ablation/results/true_unconditional_pets_vs_diffts/confirm/PETS_U/PETS_U_FULL/seed_0/draw_100000/metric_context_fid_0.json
Period-Aligned 2D,period_aligned_2d,0,100000,context_fid,42.0,0.9509754821255882,/path/to/PETS-FFT-Ablation/results/true_unconditional_pets_vs_diffts/confirm/PETS_U/PETS_U_FULL/seed_0/draw_100000/metric_context_fid_42.json
Period-Aligned 2D,period_aligned_2d,0,100000,context_fid,123.0,0.8001334162352705,/path/to/PETS-FFT-Ablation/results/true_unconditional_pets_vs_diffts/confirm/PETS_U/PETS_U_FULL/seed_0/draw_100000/metric_context_fid_123.json
Period-Aligned 2D,period_aligned_2d,0,100000,correlational_score,,0.07344970107078552,/path/to/PETS-FFT-Ablation/results/true_unconditional_pets_vs_diffts/confirm/PETS_U/PETS_U_FULL/seed_0/draw_100000/metric_correlation_score_det.json
Period-Aligned 2D,period_aligned_2d,0,100000,discriminative_score,0.0,0.14329268292682928,/path/to/PETS-FFT-Ablation/results/true_unconditional_pets_vs_diffts/confirm/PETS_U/PETS_U_FULL/seed_0/draw_100000/metric_discriminative_score_0.json
Period-Aligned 2D,period_aligned_2d,0,100000,discriminative_score,42.0,0.1530487804878049,/path/to/PETS-FFT-Ablation/results/true_unconditional_pets_vs_diffts/confirm/PETS_U/PETS_U_FULL/seed_0/draw_100000/metric_discriminative_score_42.json
Period-Aligned 2D,period_aligned_2d,0,100000,discriminative_score,123.0,0.12073170731707317,/path/to/PETS-FFT-Ablation/results/true_unconditional_pets_vs_diffts/confirm/PETS_U/PETS_U_FULL/seed_0/draw_100000/metric_discriminative_score_123.json
Period-Aligned 2D,period_aligned_2d,0,100000,predictive_score,0.0,0.11311502916851168,/path/to/PETS-FFT-Ablation/results/true_unconditional_pets_vs_diffts/confirm/PETS_U/PETS_U_FULL/seed_0/draw_100000/metric_predictive_score_0.json
Period-Aligned 2D,period_aligned_2d,0,100000,predictive_score,42.0,0.12094011942599536,/path/to/PETS-FFT-Ablation/results/true_unconditional_pets_vs_diffts/confirm/PETS_U/PETS_U_FULL/seed_0/draw_100000/metric_predictive_score_42.json
Period-Aligned 2D,period_aligned_2d,0,100000,predictive_score,123.0,0.11468799946442232,/path/to/PETS-FFT-Ablation/results/true_unconditional_pets_vs_diffts/confirm/PETS_U/PETS_U_FULL/seed_0/draw_100000/metric_predictive_score_123.json
Period-Aligned 2D,period_aligned_2d,0,100001,context_fid,0.0,0.7907796175903437,/path/to/PETS-FFT-Ablation/results/true_unconditional_pets_vs_diffts/confirm/PETS_U/PETS_U_FULL/seed_0/draw_100001/metric_context_fid_0.json
Period-Aligned 2D,period_aligned_2d,0,100001,context_fid,42.0,0.9384432728087475,/path/to/PETS-FFT-Ablation/results/true_unconditional_pets_vs_diffts/confirm/PETS_U/PETS_U_FULL/seed_0/draw_100001/metric_context_fid_42.json
Period-Aligned 2D,period_aligned_2d,0,100001,context_fid,123.0,0.7869992989387954,/path/to/PETS-FFT-Ablation/results/true_unconditional_pets_vs_diffts/confirm/PETS_U/PETS_U_FULL/seed_0/draw_100001/metric_context_fid_123.json
Period-Aligned 2D,period_aligned_2d,0,100001,correlational_score,,0.07307009398937225,/path/to/PETS-FFT-Ablation/results/true_unconditional_pets_vs_diffts/confirm/PETS_U/PETS_U_FULL/seed_0/draw_100001/metric_correlation_score_det.json
Period-Aligned 2D,period_aligned_2d,0,100001,discriminative_score,0.0,0.14695121951219514,/path/to/PETS-FFT-Ablation/results/true_unconditional_pets_vs_diffts/confirm/PETS_U/PETS_U_FULL/seed_0/draw_100001/metric_discriminative_score_0.json
Period-Aligned 2D,period_aligned_2d,0,100001,discriminative_score,42.0,0.14878048780487807,/path/to/PETS-FFT-Ablation/results/true_unconditional_pets_vs_diffts/confirm/PETS_U/PETS_U_FULL/seed_0/draw_100001/metric_discriminative_score_42.json
Period-Aligned 2D,period_aligned_2d,0,100001,discriminative_score,123.0,0.12865853658536586,/path/to/PETS-FFT-Ablation/results/true_unconditional_pets_vs_diffts/confirm/PETS_U/PETS_U_FULL/seed_0/draw_100001/metric_discriminative_score_123.json
Period-Aligned 2D,period_aligned_2d,0,100001,predictive_score,0.0,0.11049496885198096,/path/to/PETS-FFT-Ablation/results/true_unconditional_pets_vs_diffts/confirm/PETS_U/PETS_U_FULL/seed_0/draw_100001/metric_predictive_score_0.json
Period-Aligned 2D,period_aligned_2d,0,100001,predictive_score,42.0,0.1214351839430492,/path/to/PETS-FFT-Ablation/results/true_unconditional_pets_vs_diffts/confirm/PETS_U/PETS_U_FULL/seed_0/draw_100001/metric_predictive_score_42.json
Period-Aligned 2D,period_aligned_2d,0,100001,predictive_score,123.0,0.11057806935787085,/path/to/PETS-FFT-Ablation/results/true_unconditional_pets_vs_diffts/confirm/PETS_U/PETS_U_FULL/seed_0/draw_100001/metric_predictive_score_123.json
Period-Aligned 2D,period_aligned_2d,0,100002,context_fid,0.0,0.7824303792527787,/path/to/PETS-FFT-Ablation/results/true_unconditional_pets_vs_diffts/confirm/PETS_U/PETS_U_FULL/seed_0/draw_100002/metric_context_fid_0.json
Period-Aligned 2D,period_aligned_2d,0,100002,context_fid,42.0,0.9316119451943408,/path/to/PETS-FFT-Ablation/results/true_unconditional_pets_vs_diffts/confirm/PETS_U/PETS_U_FULL/seed_0/draw_100002/metric_context_fid_42.json
Period-Aligned 2D,period_aligned_2d,0,100002,context_fid,123.0,0.7893138250458771,/path/to/PETS-FFT-Ablation/results/true_unconditional_pets_vs_diffts/confirm/PETS_U/PETS_U_FULL/seed_0/draw_100002/metric_context_fid_123.json
Period-Aligned 2D,period_aligned_2d,0,100002,correlational_score,,0.06427936255931854,/path/to/PETS-FFT-Ablation/results/true_unconditional_pets_vs_diffts/confirm/PETS_U/PETS_U_FULL/seed_0/draw_100002/metric_correlation_score_det.json
Period-Aligned 2D,period_aligned_2d,0,100002,discriminative_score,0.0,0.1426829268292683,/path/to/PETS-FFT-Ablation/results/true_unconditional_pets_vs_diffts/confirm/PETS_U/PETS_U_FULL/seed_0/draw_100002/metric_discriminative_score_0.json
Period-Aligned 2D,period_aligned_2d,0,100002,discriminative_score,42.0,0.1481707317073171,/path/to/PETS-FFT-Ablation/results/true_unconditional_pets_vs_diffts/confirm/PETS_U/PETS_U_FULL/seed_0/draw_100002/metric_discriminative_score_42.json
Period-Aligned 2D,period_aligned_2d,0,100002,discriminative_score,123.0,0.13475609756097562,/path/to/PETS-FFT-Ablation/results/true_unconditional_pets_vs_diffts/confirm/PETS_U/PETS_U_FULL/seed_0/draw_100002/metric_discriminative_score_123.json
Period-Aligned 2D,period_aligned_2d,0,100002,predictive_score,0.0,0.11184076255176478,/path/to/PETS-FFT-Ablation/results/true_unconditional_pets_vs_diffts/confirm/PETS_U/PETS_U_FULL/seed_0/draw_100002/metric_predictive_score_0.json
Period-Aligned 2D,period_aligned_2d,0,100002,predictive_score,42.0,0.12144531547528459,/path/to/PETS-FFT-Ablation/results/true_unconditional_pets_vs_diffts/confirm/PETS_U/PETS_U_FULL/seed_0/draw_100002/metric_predictive_score_42.json
Period-Aligned 2D,period_aligned_2d,0,100002,predictive_score,123.0,0.11370116911984951,/path/to/PETS-FFT-Ablation/results/true_unconditional_pets_vs_diffts/confirm/PETS_U/PETS_U_FULL/seed_0/draw_100002/metric_predictive_score_123.json
Period-Aligned 2D,period_aligned_2d,0,100003,context_fid,0.0,0.8166263408245426,/path/to/PETS-FFT-Ablation/results/true_unconditional_pets_vs_diffts/confirm/PETS_U/PETS_U_FULL/seed_0/draw_100003/metric_context_fid_0.json
Period-Aligned 2D,period_aligned_2d,0,100003,context_fid,42.0,0.9666488308838433,/path/to/PETS-FFT-Ablation/results/true_unconditional_pets_vs_diffts/confirm/PETS_U/PETS_U_FULL/seed_0/draw_100003/metric_context_fid_42.json
Period-Aligned 2D,period_aligned_2d,0,100003,context_fid,123.0,0.8108499098934067,/path/to/PETS-FFT-Ablation/results/true_unconditional_pets_vs_diffts/confirm/PETS_U/PETS_U_FULL/seed_0/draw_100003/metric_context_fid_123.json
Period-Aligned 2D,period_aligned_2d,0,100003,correlational_score,,0.0705629363656044,/path/to/PETS-FFT-Ablation/results/true_unconditional_pets_vs_diffts/confirm/PETS_U/PETS_U_FULL/seed_0/draw_100003/metric_correlation_score_det.json
Period-Aligned 2D,period_aligned_2d,0,100003,discriminative_score,0.0,0.1737804878048781,/path/to/PETS-FFT-Ablation/results/true_unconditional_pets_vs_diffts/confirm/PETS_U/PETS_U_FULL/seed_0/draw_100003/metric_discriminative_score_0.json
Period-Aligned 2D,period_aligned_2d,0,100003,discriminative_score,42.0,0.16036585365853662,/path/to/PETS-FFT-Ablation/results/true_unconditional_pets_vs_diffts/confirm/PETS_U/PETS_U_FULL/seed_0/draw_100003/metric_discriminative_score_42.json
Period-Aligned 2D,period_aligned_2d,0,100003,discriminative_score,123.0,0.13353658536585367,/path/to/PETS-FFT-Ablation/results/true_unconditional_pets_vs_diffts/confirm/PETS_U/PETS_U_FULL/seed_0/draw_100003/metric_discriminative_score_123.json
Period-Aligned 2D,period_aligned_2d,0,100003,predictive_score,0.0,0.10994074474956506,/path/to/PETS-FFT-Ablation/results/true_unconditional_pets_vs_diffts/confirm/PETS_U/PETS_U_FULL/seed_0/draw_100003/metric_predictive_score_0.json
Period-Aligned 2D,period_aligned_2d,0,100003,predictive_score,42.0,0.12056567825766251,/path/to/PETS-FFT-Ablation/results/true_unconditional_pets_vs_diffts/confirm/PETS_U/PETS_U_FULL/seed_0/draw_100003/metric_predictive_score_42.json
Period-Aligned 2D,period_aligned_2d,0,100003,predictive_score,123.0,0.110599210786404,/path/to/PETS-FFT-Ablation/results/true_unconditional_pets_vs_diffts/confirm/PETS_U/PETS_U_FULL/seed_0/draw_100003/metric_predictive_score_123.json
Period-Aligned 2D,period_aligned_2d,0,100004,context_fid,0.0,0.8049870892682373,/path/to/PETS-FFT-Ablation/results/true_unconditional_pets_vs_diffts/confirm/PETS_U/PETS_U_FULL/seed_0/draw_100004/metric_context_fid_0.json
Period-Aligned 2D,period_aligned_2d,0,100004,context_fid,42.0,0.9506292018049938,/path/to/PETS-FFT-Ablation/results/true_unconditional_pets_vs_diffts/confirm/PETS_U/PETS_U_FULL/seed_0/draw_100004/metric_context_fid_42.json
Period-Aligned 2D,period_aligned_2d,0,100004,context_fid,123.0,0.7982720193228947,/path/to/PETS-FFT-Ablation/results/true_unconditional_pets_vs_diffts/confirm/PETS_U/PETS_U_FULL/seed_0/draw_100004/metric_context_fid_123.json
Period-Aligned 2D,period_aligned_2d,0,100004,correlational_score,,0.06500544399023056,/path/to/PETS-FFT-Ablation/results/true_unconditional_pets_vs_diffts/confirm/PETS_U/PETS_U_FULL/seed_0/draw_100004/metric_correlation_score_det.json
Period-Aligned 2D,period_aligned_2d,0,100004,discriminative_score,0.0,0.1329268292682927,/path/to/PETS-FFT-Ablation/results/true_unconditional_pets_vs_diffts/confirm/PETS_U/PETS_U_FULL/seed_0/draw_100004/metric_discriminative_score_0.json
Period-Aligned 2D,period_aligned_2d,0,100004,discriminative_score,42.0,0.12439024390243902,/path/to/PETS-FFT-Ablation/results/true_unconditional_pets_vs_diffts/confirm/PETS_U/PETS_U_FULL/seed_0/draw_100004/metric_discriminative_score_42.json
Period-Aligned 2D,period_aligned_2d,0,100004,discriminative_score,123.0,0.12865853658536586,/path/to/PETS-FFT-Ablation/results/true_unconditional_pets_vs_diffts/confirm/PETS_U/PETS_U_FULL/seed_0/draw_100004/metric_discriminative_score_123.json
Period-Aligned 2D,period_aligned_2d,0,100004,predictive_score,0.0,0.11162246755156957,/path/to/PETS-FFT-Ablation/results/true_unconditional_pets_vs_diffts/confirm/PETS_U/PETS_U_FULL/seed_0/draw_100004/metric_predictive_score_0.json
Period-Aligned 2D,period_aligned_2d,0,100004,predictive_score,42.0,0.12157062643564132,/path/to/PETS-FFT-Ablation/results/true_unconditional_pets_vs_diffts/confirm/PETS_U/PETS_U_FULL/seed_0/draw_100004/metric_predictive_score_42.json
Period-Aligned 2D,period_aligned_2d,0,100004,predictive_score,123.0,0.11026296967474991,/path/to/PETS-FFT-Ablation/results/true_unconditional_pets_vs_diffts/confirm/PETS_U/PETS_U_FULL/seed_0/draw_100004/metric_predictive_score_123.json
Period-Aligned 2D,period_aligned_2d,42,100000,context_fid,0.0,0.8781545367118873,/path/to/PETS-FFT-Ablation/results/true_unconditional_pets_vs_diffts/confirm/PETS_U/PETS_U_FULL/seed_42/draw_100000/metric_context_fid_0.json
Period-Aligned 2D,period_aligned_2d,42,100000,context_fid,42.0,1.0311015375926333,/path/to/PETS-FFT-Ablation/results/true_unconditional_pets_vs_diffts/confirm/PETS_U/PETS_U_FULL/seed_42/draw_100000/metric_context_fid_42.json
Period-Aligned 2D,period_aligned_2d,42,100000,context_fid,123.0,0.8636553528302551,/path/to/PETS-FFT-Ablation/results/true_unconditional_pets_vs_diffts/confirm/PETS_U/PETS_U_FULL/seed_42/draw_100000/metric_context_fid_123.json
Period-Aligned 2D,period_aligned_2d,42,100000,correlational_score,,0.08497141301631927,/path/to/PETS-FFT-Ablation/results/true_unconditional_pets_vs_diffts/confirm/PETS_U/PETS_U_FULL/seed_42/draw_100000/metric_correlation_score_det.json
Period-Aligned 2D,period_aligned_2d,42,100000,discriminative_score,0.0,0.14390243902439026,/path/to/PETS-FFT-Ablation/results/true_unconditional_pets_vs_diffts/confirm/PETS_U/PETS_U_FULL/seed_42/draw_100000/metric_discriminative_score_0.json
Period-Aligned 2D,period_aligned_2d,42,100000,discriminative_score,42.0,0.14878048780487807,/path/to/PETS-FFT-Ablation/results/true_unconditional_pets_vs_diffts/confirm/PETS_U/PETS_U_FULL/seed_42/draw_100000/metric_discriminative_score_42.json
Period-Aligned 2D,period_aligned_2d,42,100000,discriminative_score,123.0,0.10304878048780486,/path/to/PETS-FFT-Ablation/results/true_unconditional_pets_vs_diffts/confirm/PETS_U/PETS_U_FULL/seed_42/draw_100000/metric_discriminative_score_123.json
Period-Aligned 2D,period_aligned_2d,42,100000,predictive_score,0.0,0.11268127756648028,/path/to/PETS-FFT-Ablation/results/true_unconditional_pets_vs_diffts/confirm/PETS_U/PETS_U_FULL/seed_42/draw_100000/metric_predictive_score_0.json
Period-Aligned 2D,period_aligned_2d,42,100000,predictive_score,42.0,0.12070911748878643,/path/to/PETS-FFT-Ablation/results/true_unconditional_pets_vs_diffts/confirm/PETS_U/PETS_U_FULL/seed_42/draw_100000/metric_predictive_score_42.json
Period-Aligned 2D,period_aligned_2d,42,100000,predictive_score,123.0,0.11798424786275064,/path/to/PETS-FFT-Ablation/results/true_unconditional_pets_vs_diffts/confirm/PETS_U/PETS_U_FULL/seed_42/draw_100000/metric_predictive_score_123.json
Period-Aligned 2D,period_aligned_2d,42,100001,context_fid,0.0,0.8887146203116383,/path/to/PETS-FFT-Ablation/results/true_unconditional_pets_vs_diffts/confirm/PETS_U/PETS_U_FULL/seed_42/draw_100001/metric_context_fid_0.json
Period-Aligned 2D,period_aligned_2d,42,100001,context_fid,42.0,1.0406403314503552,/path/to/PETS-FFT-Ablation/results/true_unconditional_pets_vs_diffts/confirm/PETS_U/PETS_U_FULL/seed_42/draw_100001/metric_context_fid_42.json
Period-Aligned 2D,period_aligned_2d,42,100001,context_fid,123.0,0.8707281473659145,/path/to/PETS-FFT-Ablation/results/true_unconditional_pets_vs_diffts/confirm/PETS_U/PETS_U_FULL/seed_42/draw_100001/metric_context_fid_123.json
Period-Aligned 2D,period_aligned_2d,42,100001,correlational_score,,0.08915133029222488,/path/to/PETS-FFT-Ablation/results/true_unconditional_pets_vs_diffts/confirm/PETS_U/PETS_U_FULL/seed_42/draw_100001/metric_correlation_score_det.json
Period-Aligned 2D,period_aligned_2d,42,100001,discriminative_score,0.0,0.14085365853658538,/path/to/PETS-FFT-Ablation/results/true_unconditional_pets_vs_diffts/confirm/PETS_U/PETS_U_FULL/seed_42/draw_100001/metric_discriminative_score_0.json
Period-Aligned 2D,period_aligned_2d,42,100001,discriminative_score,42.0,0.14329268292682928,/path/to/PETS-FFT-Ablation/results/true_unconditional_pets_vs_diffts/confirm/PETS_U/PETS_U_FULL/seed_42/draw_100001/metric_discriminative_score_42.json
Period-Aligned 2D,period_aligned_2d,42,100001,discriminative_score,123.0,0.1274390243902439,/path/to/PETS-FFT-Ablation/results/true_unconditional_pets_vs_diffts/confirm/PETS_U/PETS_U_FULL/seed_42/draw_100001/metric_discriminative_score_123.json
Period-Aligned 2D,period_aligned_2d,42,100001,predictive_score,0.0,0.11081301246485964,/path/to/PETS-FFT-Ablation/results/true_unconditional_pets_vs_diffts/confirm/PETS_U/PETS_U_FULL/seed_42/draw_100001/metric_predictive_score_0.json
Period-Aligned 2D,period_aligned_2d,42,100001,predictive_score,42.0,0.1215875761154166,/path/to/PETS-FFT-Ablation/results/true_unconditional_pets_vs_diffts/confirm/PETS_U/PETS_U_FULL/seed_42/draw_100001/metric_predictive_score_42.json
Period-Aligned 2D,period_aligned_2d,42,100001,predictive_score,123.0,0.11319234748816598,/path/to/PETS-FFT-Ablation/results/true_unconditional_pets_vs_diffts/confirm/PETS_U/PETS_U_FULL/seed_42/draw_100001/metric_predictive_score_123.json
Period-Aligned 2D,period_aligned_2d,42,100002,context_fid,0.0,0.8517932920700577,/path/to/PETS-FFT-Ablation/results/true_unconditional_pets_vs_diffts/confirm/PETS_U/PETS_U_FULL/seed_42/draw_100002/metric_context_fid_0.json
Period-Aligned 2D,period_aligned_2d,42,100002,context_fid,42.0,1.0025410956378786,/path/to/PETS-FFT-Ablation/results/true_unconditional_pets_vs_diffts/confirm/PETS_U/PETS_U_FULL/seed_42/draw_100002/metric_context_fid_42.json
Period-Aligned 2D,period_aligned_2d,42,100002,context_fid,123.0,0.8394754512530442,/path/to/PETS-FFT-Ablation/results/true_unconditional_pets_vs_diffts/confirm/PETS_U/PETS_U_FULL/seed_42/draw_100002/metric_context_fid_123.json
Period-Aligned 2D,period_aligned_2d,42,100002,correlational_score,,0.0772329568862915,/path/to/PETS-FFT-Ablation/results/true_unconditional_pets_vs_diffts/confirm/PETS_U/PETS_U_FULL/seed_42/draw_100002/metric_correlation_score_det.json
Period-Aligned 2D,period_aligned_2d,42,100002,discriminative_score,0.0,0.16402439024390247,/path/to/PETS-FFT-Ablation/results/true_unconditional_pets_vs_diffts/confirm/PETS_U/PETS_U_FULL/seed_42/draw_100002/metric_discriminative_score_0.json
Period-Aligned 2D,period_aligned_2d,42,100002,discriminative_score,42.0,0.14451219512195124,/path/to/PETS-FFT-Ablation/results/true_unconditional_pets_vs_diffts/confirm/PETS_U/PETS_U_FULL/seed_42/draw_100002/metric_discriminative_score_42.json
Period-Aligned 2D,period_aligned_2d,42,100002,discriminative_score,123.0,0.13414634146341464,/path/to/PETS-FFT-Ablation/results/true_unconditional_pets_vs_diffts/confirm/PETS_U/PETS_U_FULL/seed_42/draw_100002/metric_discriminative_score_123.json
Period-Aligned 2D,period_aligned_2d,42,100002,predictive_score,0.0,0.11202425144210792,/path/to/PETS-FFT-Ablation/results/true_unconditional_pets_vs_diffts/confirm/PETS_U/PETS_U_FULL/seed_42/draw_100002/metric_predictive_score_0.json
Period-Aligned 2D,period_aligned_2d,42,100002,predictive_score,42.0,0.12145156254700851,/path/to/PETS-FFT-Ablation/results/true_unconditional_pets_vs_diffts/confirm/PETS_U/PETS_U_FULL/seed_42/draw_100002/metric_predictive_score_42.json
Period-Aligned 2D,period_aligned_2d,42,100002,predictive_score,123.0,0.11915329030989597,/path/to/PETS-FFT-Ablation/results/true_unconditional_pets_vs_diffts/confirm/PETS_U/PETS_U_FULL/seed_42/draw_100002/metric_predictive_score_123.json
Period-Aligned 2D,period_aligned_2d,42,100003,context_fid,0.0,0.8738901220092069,/path/to/PETS-FFT-Ablation/results/true_unconditional_pets_vs_diffts/confirm/PETS_U/PETS_U_FULL/seed_42/draw_100003/metric_context_fid_0.json
Period-Aligned 2D,period_aligned_2d,42,100003,context_fid,42.0,1.024660242750285,/path/to/PETS-FFT-Ablation/results/true_unconditional_pets_vs_diffts/confirm/PETS_U/PETS_U_FULL/seed_42/draw_100003/metric_context_fid_42.json
Period-Aligned 2D,period_aligned_2d,42,100003,context_fid,123.0,0.8574736001541108,/path/to/PETS-FFT-Ablation/results/true_unconditional_pets_vs_diffts/confirm/PETS_U/PETS_U_FULL/seed_42/draw_100003/metric_context_fid_123.json
Period-Aligned 2D,period_aligned_2d,42,100003,correlational_score,,0.08274417370557785,/path/to/PETS-FFT-Ablation/results/true_unconditional_pets_vs_diffts/confirm/PETS_U/PETS_U_FULL/seed_42/draw_100003/metric_correlation_score_det.json
Period-Aligned 2D,period_aligned_2d,42,100003,discriminative_score,0.0,0.16280487804878052,/path/to/PETS-FFT-Ablation/results/true_unconditional_pets_vs_diffts/confirm/PETS_U/PETS_U_FULL/seed_42/draw_100003/metric_discriminative_score_0.json
Period-Aligned 2D,period_aligned_2d,42,100003,discriminative_score,42.0,0.15182926829268295,/path/to/PETS-FFT-Ablation/results/true_unconditional_pets_vs_diffts/confirm/PETS_U/PETS_U_FULL/seed_42/draw_100003/metric_discriminative_score_42.json
Period-Aligned 2D,period_aligned_2d,42,100003,discriminative_score,123.0,0.14451219512195124,/path/to/PETS-FFT-Ablation/results/true_unconditional_pets_vs_diffts/confirm/PETS_U/PETS_U_FULL/seed_42/draw_100003/metric_discriminative_score_123.json
Period-Aligned 2D,period_aligned_2d,42,100003,predictive_score,0.0,0.10974535529749119,/path/to/PETS-FFT-Ablation/results/true_unconditional_pets_vs_diffts/confirm/PETS_U/PETS_U_FULL/seed_42/draw_100003/metric_predictive_score_0.json
Period-Aligned 2D,period_aligned_2d,42,100003,predictive_score,42.0,0.1202923361579451,/path/to/PETS-FFT-Ablation/results/true_unconditional_pets_vs_diffts/confirm/PETS_U/PETS_U_FULL/seed_42/draw_100003/metric_predictive_score_42.json
Period-Aligned 2D,period_aligned_2d,42,100003,predictive_score,123.0,0.11239992003174848,/path/to/PETS-FFT-Ablation/results/true_unconditional_pets_vs_diffts/confirm/PETS_U/PETS_U_FULL/seed_42/draw_100003/metric_predictive_score_123.json
Period-Aligned 2D,period_aligned_2d,42,100004,context_fid,0.0,0.8776346425707526,/path/to/PETS-FFT-Ablation/results/true_unconditional_pets_vs_diffts/confirm/PETS_U/PETS_U_FULL/seed_42/draw_100004/metric_context_fid_0.json
Period-Aligned 2D,period_aligned_2d,42,100004,context_fid,42.0,1.0218733932414255,/path/to/PETS-FFT-Ablation/results/true_unconditional_pets_vs_diffts/confirm/PETS_U/PETS_U_FULL/seed_42/draw_100004/metric_context_fid_42.json
Period-Aligned 2D,period_aligned_2d,42,100004,context_fid,123.0,0.8541633298875712,/path/to/PETS-FFT-Ablation/results/true_unconditional_pets_vs_diffts/confirm/PETS_U/PETS_U_FULL/seed_42/draw_100004/metric_context_fid_123.json
Period-Aligned 2D,period_aligned_2d,42,100004,correlational_score,,0.08232295513153076,/path/to/PETS-FFT-Ablation/results/true_unconditional_pets_vs_diffts/confirm/PETS_U/PETS_U_FULL/seed_42/draw_100004/metric_correlation_score_det.json
Period-Aligned 2D,period_aligned_2d,42,100004,discriminative_score,0.0,0.13597560975609757,/path/to/PETS-FFT-Ablation/results/true_unconditional_pets_vs_diffts/confirm/PETS_U/PETS_U_FULL/seed_42/draw_100004/metric_discriminative_score_0.json
Period-Aligned 2D,period_aligned_2d,42,100004,discriminative_score,42.0,0.1329268292682927,/path/to/PETS-FFT-Ablation/results/true_unconditional_pets_vs_diffts/confirm/PETS_U/PETS_U_FULL/seed_42/draw_100004/metric_discriminative_score_42.json
Period-Aligned 2D,period_aligned_2d,42,100004,discriminative_score,123.0,0.125,/path/to/PETS-FFT-Ablation/results/true_unconditional_pets_vs_diffts/confirm/PETS_U/PETS_U_FULL/seed_42/draw_100004/metric_discriminative_score_123.json
Period-Aligned 2D,period_aligned_2d,42,100004,predictive_score,0.0,0.10965916679651855,/path/to/PETS-FFT-Ablation/results/true_unconditional_pets_vs_diffts/confirm/PETS_U/PETS_U_FULL/seed_42/draw_100004/metric_predictive_score_0.json
Period-Aligned 2D,period_aligned_2d,42,100004,predictive_score,42.0,0.12067910061523435,/path/to/PETS-FFT-Ablation/results/true_unconditional_pets_vs_diffts/confirm/PETS_U/PETS_U_FULL/seed_42/draw_100004/metric_predictive_score_42.json
Period-Aligned 2D,period_aligned_2d,42,100004,predictive_score,123.0,0.11042622602099073,/path/to/PETS-FFT-Ablation/results/true_unconditional_pets_vs_diffts/confirm/PETS_U/PETS_U_FULL/seed_42/draw_100004/metric_predictive_score_123.json
Period-Aligned 2D,period_aligned_2d,123,100000,context_fid,0.0,0.8984438474411185,/path/to/PETS-FFT-Ablation/results/true_unconditional_pets_vs_diffts/confirm/PETS_U/PETS_U_FULL/seed_123/draw_100000/metric_context_fid_0.json
Period-Aligned 2D,period_aligned_2d,123,100000,context_fid,42.0,1.0580534963933381,/path/to/PETS-FFT-Ablation/results/true_unconditional_pets_vs_diffts/confirm/PETS_U/PETS_U_FULL/seed_123/draw_100000/metric_context_fid_42.json
Period-Aligned 2D,period_aligned_2d,123,100000,context_fid,123.0,0.8738548235830866,/path/to/PETS-FFT-Ablation/results/true_unconditional_pets_vs_diffts/confirm/PETS_U/PETS_U_FULL/seed_123/draw_100000/metric_context_fid_123.json
Period-Aligned 2D,period_aligned_2d,123,100000,correlational_score,,0.08096780627965927,/path/to/PETS-FFT-Ablation/results/true_unconditional_pets_vs_diffts/confirm/PETS_U/PETS_U_FULL/seed_123/draw_100000/metric_correlation_score_det.json
Period-Aligned 2D,period_aligned_2d,123,100000,discriminative_score,0.0,0.17500000000000004,/path/to/PETS-FFT-Ablation/results/true_unconditional_pets_vs_diffts/confirm/PETS_U/PETS_U_FULL/seed_123/draw_100000/metric_discriminative_score_0.json
Period-Aligned 2D,period_aligned_2d,123,100000,discriminative_score,42.0,0.17804878048780493,/path/to/PETS-FFT-Ablation/results/true_unconditional_pets_vs_diffts/confirm/PETS_U/PETS_U_FULL/seed_123/draw_100000/metric_discriminative_score_42.json
Period-Aligned 2D,period_aligned_2d,123,100000,discriminative_score,123.0,0.14207317073170733,/path/to/PETS-FFT-Ablation/results/true_unconditional_pets_vs_diffts/confirm/PETS_U/PETS_U_FULL/seed_123/draw_100000/metric_discriminative_score_123.json
Period-Aligned 2D,period_aligned_2d,123,100000,predictive_score,0.0,0.11153477071957241,/path/to/PETS-FFT-Ablation/results/true_unconditional_pets_vs_diffts/confirm/PETS_U/PETS_U_FULL/seed_123/draw_100000/metric_predictive_score_0.json
Period-Aligned 2D,period_aligned_2d,123,100000,predictive_score,42.0,0.12231770522384977,/path/to/PETS-FFT-Ablation/results/true_unconditional_pets_vs_diffts/confirm/PETS_U/PETS_U_FULL/seed_123/draw_100000/metric_predictive_score_42.json
Period-Aligned 2D,period_aligned_2d,123,100000,predictive_score,123.0,0.11589425813644993,/path/to/PETS-FFT-Ablation/results/true_unconditional_pets_vs_diffts/confirm/PETS_U/PETS_U_FULL/seed_123/draw_100000/metric_predictive_score_123.json
Period-Aligned 2D,period_aligned_2d,123,100001,context_fid,0.0,0.8794093371143431,/path/to/PETS-FFT-Ablation/results/true_unconditional_pets_vs_diffts/confirm/PETS_U/PETS_U_FULL/seed_123/draw_100001/metric_context_fid_0.json
Period-Aligned 2D,period_aligned_2d,123,100001,context_fid,42.0,1.0275462847781434,/path/to/PETS-FFT-Ablation/results/true_unconditional_pets_vs_diffts/confirm/PETS_U/PETS_U_FULL/seed_123/draw_100001/metric_context_fid_42.json
Period-Aligned 2D,period_aligned_2d,123,100001,context_fid,123.0,0.8573009904458156,/path/to/PETS-FFT-Ablation/results/true_unconditional_pets_vs_diffts/confirm/PETS_U/PETS_U_FULL/seed_123/draw_100001/metric_context_fid_123.json
Period-Aligned 2D,period_aligned_2d,123,100001,correlational_score,,0.08538179099559784,/path/to/PETS-FFT-Ablation/results/true_unconditional_pets_vs_diffts/confirm/PETS_U/PETS_U_FULL/seed_123/draw_100001/metric_correlation_score_det.json
Period-Aligned 2D,period_aligned_2d,123,100001,discriminative_score,0.0,0.16768292682926833,/path/to/PETS-FFT-Ablation/results/true_unconditional_pets_vs_diffts/confirm/PETS_U/PETS_U_FULL/seed_123/draw_100001/metric_discriminative_score_0.json
Period-Aligned 2D,period_aligned_2d,123,100001,discriminative_score,42.0,0.16646341463414638,/path/to/PETS-FFT-Ablation/results/true_unconditional_pets_vs_diffts/confirm/PETS_U/PETS_U_FULL/seed_123/draw_100001/metric_discriminative_score_42.json
Period-Aligned 2D,period_aligned_2d,123,100001,discriminative_score,123.0,0.1530487804878049,/path/to/PETS-FFT-Ablation/results/true_unconditional_pets_vs_diffts/confirm/PETS_U/PETS_U_FULL/seed_123/draw_100001/metric_discriminative_score_123.json
Period-Aligned 2D,period_aligned_2d,123,100001,predictive_score,0.0,0.10965743393717275,/path/to/PETS-FFT-Ablation/results/true_unconditional_pets_vs_diffts/confirm/PETS_U/PETS_U_FULL/seed_123/draw_100001/metric_predictive_score_0.json
Period-Aligned 2D,period_aligned_2d,123,100001,predictive_score,42.0,0.12195610737899187,/path/to/PETS-FFT-Ablation/results/true_unconditional_pets_vs_diffts/confirm/PETS_U/PETS_U_FULL/seed_123/draw_100001/metric_predictive_score_42.json
Period-Aligned 2D,period_aligned_2d,123,100001,predictive_score,123.0,0.11004951633822202,/path/to/PETS-FFT-Ablation/results/true_unconditional_pets_vs_diffts/confirm/PETS_U/PETS_U_FULL/seed_123/draw_100001/metric_predictive_score_123.json
Period-Aligned 2D,period_aligned_2d,123,100002,context_fid,0.0,0.8714089173146515,/path/to/PETS-FFT-Ablation/results/true_unconditional_pets_vs_diffts/confirm/PETS_U/PETS_U_FULL/seed_123/draw_100002/metric_context_fid_0.json
Period-Aligned 2D,period_aligned_2d,123,100002,context_fid,42.0,1.0199159609132056,/path/to/PETS-FFT-Ablation/results/true_unconditional_pets_vs_diffts/confirm/PETS_U/PETS_U_FULL/seed_123/draw_100002/metric_context_fid_42.json
Period-Aligned 2D,period_aligned_2d,123,100002,context_fid,123.0,0.8500812732283991,/path/to/PETS-FFT-Ablation/results/true_unconditional_pets_vs_diffts/confirm/PETS_U/PETS_U_FULL/seed_123/draw_100002/metric_context_fid_123.json
Period-Aligned 2D,period_aligned_2d,123,100002,correlational_score,,0.0739242434501648,/path/to/PETS-FFT-Ablation/results/true_unconditional_pets_vs_diffts/confirm/PETS_U/PETS_U_FULL/seed_123/draw_100002/metric_correlation_score_det.json
Period-Aligned 2D,period_aligned_2d,123,100002,discriminative_score,0.0,0.1713414634146342,/path/to/PETS-FFT-Ablation/results/true_unconditional_pets_vs_diffts/confirm/PETS_U/PETS_U_FULL/seed_123/draw_100002/metric_discriminative_score_0.json
Period-Aligned 2D,period_aligned_2d,123,100002,discriminative_score,42.0,0.1682926829268293,/path/to/PETS-FFT-Ablation/results/true_unconditional_pets_vs_diffts/confirm/PETS_U/PETS_U_FULL/seed_123/draw_100002/metric_discriminative_score_42.json
Period-Aligned 2D,period_aligned_2d,123,100002,discriminative_score,123.0,0.15609756097560978,/path/to/PETS-FFT-Ablation/results/true_unconditional_pets_vs_diffts/confirm/PETS_U/PETS_U_FULL/seed_123/draw_100002/metric_discriminative_score_123.json
Period-Aligned 2D,period_aligned_2d,123,100002,predictive_score,0.0,0.11093662898019829,/path/to/PETS-FFT-Ablation/results/true_unconditional_pets_vs_diffts/confirm/PETS_U/PETS_U_FULL/seed_123/draw_100002/metric_predictive_score_0.json
Period-Aligned 2D,period_aligned_2d,123,100002,predictive_score,42.0,0.1231584624442803,/path/to/PETS-FFT-Ablation/results/true_unconditional_pets_vs_diffts/confirm/PETS_U/PETS_U_FULL/seed_123/draw_100002/metric_predictive_score_42.json
Period-Aligned 2D,period_aligned_2d,123,100002,predictive_score,123.0,0.11850559479307776,/path/to/PETS-FFT-Ablation/results/true_unconditional_pets_vs_diffts/confirm/PETS_U/PETS_U_FULL/seed_123/draw_100002/metric_predictive_score_123.json
Period-Aligned 2D,period_aligned_2d,123,100003,context_fid,0.0,0.9172539190808273,/path/to/PETS-FFT-Ablation/results/true_unconditional_pets_vs_diffts/confirm/PETS_U/PETS_U_FULL/seed_123/draw_100003/metric_context_fid_0.json
Period-Aligned 2D,period_aligned_2d,123,100003,context_fid,42.0,1.0732991917574703,/path/to/PETS-FFT-Ablation/results/true_unconditional_pets_vs_diffts/confirm/PETS_U/PETS_U_FULL/seed_123/draw_100003/metric_context_fid_42.json
Period-Aligned 2D,period_aligned_2d,123,100003,context_fid,123.0,0.8903201766058204,/path/to/PETS-FFT-Ablation/results/true_unconditional_pets_vs_diffts/confirm/PETS_U/PETS_U_FULL/seed_123/draw_100003/metric_context_fid_123.json
Period-Aligned 2D,period_aligned_2d,123,100003,correlational_score,,0.07988603413105011,/path/to/PETS-FFT-Ablation/results/true_unconditional_pets_vs_diffts/confirm/PETS_U/PETS_U_FULL/seed_123/draw_100003/metric_correlation_score_det.json
Period-Aligned 2D,period_aligned_2d,123,100003,discriminative_score,0.0,0.18048780487804883,/path/to/PETS-FFT-Ablation/results/true_unconditional_pets_vs_diffts/confirm/PETS_U/PETS_U_FULL/seed_123/draw_100003/metric_discriminative_score_0.json
Period-Aligned 2D,period_aligned_2d,123,100003,discriminative_score,42.0,0.17804878048780493,/path/to/PETS-FFT-Ablation/results/true_unconditional_pets_vs_diffts/confirm/PETS_U/PETS_U_FULL/seed_123/draw_100003/metric_discriminative_score_42.json
Period-Aligned 2D,period_aligned_2d,123,100003,discriminative_score,123.0,0.17195121951219516,/path/to/PETS-FFT-Ablation/results/true_unconditional_pets_vs_diffts/confirm/PETS_U/PETS_U_FULL/seed_123/draw_100003/metric_discriminative_score_123.json
Period-Aligned 2D,period_aligned_2d,123,100003,predictive_score,0.0,0.10905618485776358,/path/to/PETS-FFT-Ablation/results/true_unconditional_pets_vs_diffts/confirm/PETS_U/PETS_U_FULL/seed_123/draw_100003/metric_predictive_score_0.json
Period-Aligned 2D,period_aligned_2d,123,100003,predictive_score,42.0,0.12187477342376951,/path/to/PETS-FFT-Ablation/results/true_unconditional_pets_vs_diffts/confirm/PETS_U/PETS_U_FULL/seed_123/draw_100003/metric_predictive_score_42.json
Period-Aligned 2D,period_aligned_2d,123,100003,predictive_score,123.0,0.1153964142345103,/path/to/PETS-FFT-Ablation/results/true_unconditional_pets_vs_diffts/confirm/PETS_U/PETS_U_FULL/seed_123/draw_100003/metric_predictive_score_123.json
Period-Aligned 2D,period_aligned_2d,123,100004,context_fid,0.0,0.8975967509772411,/path/to/PETS-FFT-Ablation/results/true_unconditional_pets_vs_diffts/confirm/PETS_U/PETS_U_FULL/seed_123/draw_100004/metric_context_fid_0.json
Period-Aligned 2D,period_aligned_2d,123,100004,context_fid,42.0,1.045524137047757,/path/to/PETS-FFT-Ablation/results/true_unconditional_pets_vs_diffts/confirm/PETS_U/PETS_U_FULL/seed_123/draw_100004/metric_context_fid_42.json
Period-Aligned 2D,period_aligned_2d,123,100004,context_fid,123.0,0.8676615394501438,/path/to/PETS-FFT-Ablation/results/true_unconditional_pets_vs_diffts/confirm/PETS_U/PETS_U_FULL/seed_123/draw_100004/metric_context_fid_123.json
Period-Aligned 2D,period_aligned_2d,123,100004,correlational_score,,0.08023259788751602,/path/to/PETS-FFT-Ablation/results/true_unconditional_pets_vs_diffts/confirm/PETS_U/PETS_U_FULL/seed_123/draw_100004/metric_correlation_score_det.json
Period-Aligned 2D,period_aligned_2d,123,100004,discriminative_score,0.0,0.1634146341463415,/path/to/PETS-FFT-Ablation/results/true_unconditional_pets_vs_diffts/confirm/PETS_U/PETS_U_FULL/seed_123/draw_100004/metric_discriminative_score_0.json
Period-Aligned 2D,period_aligned_2d,123,100004,discriminative_score,42.0,0.1426829268292683,/path/to/PETS-FFT-Ablation/results/true_unconditional_pets_vs_diffts/confirm/PETS_U/PETS_U_FULL/seed_123/draw_100004/metric_discriminative_score_42.json
Period-Aligned 2D,period_aligned_2d,123,100004,discriminative_score,123.0,0.16036585365853662,/path/to/PETS-FFT-Ablation/results/true_unconditional_pets_vs_diffts/confirm/PETS_U/PETS_U_FULL/seed_123/draw_100004/metric_discriminative_score_123.json
Period-Aligned 2D,period_aligned_2d,123,100004,predictive_score,0.0,0.10995846238756712,/path/to/PETS-FFT-Ablation/results/true_unconditional_pets_vs_diffts/confirm/PETS_U/PETS_U_FULL/seed_123/draw_100004/metric_predictive_score_0.json
Period-Aligned 2D,period_aligned_2d,123,100004,predictive_score,42.0,0.12244194546656217,/path/to/PETS-FFT-Ablation/results/true_unconditional_pets_vs_diffts/confirm/PETS_U/PETS_U_FULL/seed_123/draw_100004/metric_predictive_score_42.json
Period-Aligned 2D,period_aligned_2d,123,100004,predictive_score,123.0,0.10839743462838669,/path/to/PETS-FFT-Ablation/results/true_unconditional_pets_vs_diffts/confirm/PETS_U/PETS_U_FULL/seed_123/draw_100004/metric_predictive_score_123.json
STFT / Spectrogram,stft_spectrogram,0,100000,context_fid,0.0,0.9017104728164599,/path/to/PETS-FFT-Ablation/results/reviewer2_representation_etth128/generation/stft_spectrogram/seed_0/draw_100000/metric_context_fid_0.json
STFT / Spectrogram,stft_spectrogram,0,100000,context_fid,42.0,1.0714381716737034,/path/to/PETS-FFT-Ablation/results/reviewer2_representation_etth128/generation/stft_spectrogram/seed_0/draw_100000/metric_context_fid_42.json
STFT / Spectrogram,stft_spectrogram,0,100000,context_fid,123.0,0.9229212468039254,/path/to/PETS-FFT-Ablation/results/reviewer2_representation_etth128/generation/stft_spectrogram/seed_0/draw_100000/metric_context_fid_123.json
STFT / Spectrogram,stft_spectrogram,0,100000,correlational_score,,0.1019243448972702,/path/to/PETS-FFT-Ablation/results/reviewer2_representation_etth128/generation/stft_spectrogram/seed_0/draw_100000/metric_correlational_score_det.json
STFT / Spectrogram,stft_spectrogram,0,100000,discriminative_score,0.0,0.18231707317073176,/path/to/PETS-FFT-Ablation/results/reviewer2_representation_etth128/generation/stft_spectrogram/seed_0/draw_100000/metric_discriminative_score_0.json
STFT / Spectrogram,stft_spectrogram,0,100000,discriminative_score,42.0,0.1585365853658537,/path/to/PETS-FFT-Ablation/results/reviewer2_representation_etth128/generation/stft_spectrogram/seed_0/draw_100000/metric_discriminative_score_42.json
STFT / Spectrogram,stft_spectrogram,0,100000,discriminative_score,123.0,0.16890243902439028,/path/to/PETS-FFT-Ablation/results/reviewer2_representation_etth128/generation/stft_spectrogram/seed_0/draw_100000/metric_discriminative_score_123.json
STFT / Spectrogram,stft_spectrogram,0,100000,predictive_score,0.0,0.10966450255864402,/path/to/PETS-FFT-Ablation/results/reviewer2_representation_etth128/generation/stft_spectrogram/seed_0/draw_100000/metric_predictive_score_0.json
STFT / Spectrogram,stft_spectrogram,0,100000,predictive_score,42.0,0.12170607985353854,/path/to/PETS-FFT-Ablation/results/reviewer2_representation_etth128/generation/stft_spectrogram/seed_0/draw_100000/metric_predictive_score_42.json
STFT / Spectrogram,stft_spectrogram,0,100000,predictive_score,123.0,0.11843470714211435,/path/to/PETS-FFT-Ablation/results/reviewer2_representation_etth128/generation/stft_spectrogram/seed_0/draw_100000/metric_predictive_score_123.json
STFT / Spectrogram,stft_spectrogram,0,100001,context_fid,0.0,0.9144703871394225,/path/to/PETS-FFT-Ablation/results/reviewer2_representation_etth128/generation/stft_spectrogram/seed_0/draw_100001/metric_context_fid_0.json
STFT / Spectrogram,stft_spectrogram,0,100001,context_fid,42.0,1.0848089598089854,/path/to/PETS-FFT-Ablation/results/reviewer2_representation_etth128/generation/stft_spectrogram/seed_0/draw_100001/metric_context_fid_42.json
STFT / Spectrogram,stft_spectrogram,0,100001,context_fid,123.0,0.9379036580053878,/path/to/PETS-FFT-Ablation/results/reviewer2_representation_etth128/generation/stft_spectrogram/seed_0/draw_100001/metric_context_fid_123.json
STFT / Spectrogram,stft_spectrogram,0,100001,correlational_score,,0.11206525564193726,/path/to/PETS-FFT-Ablation/results/reviewer2_representation_etth128/generation/stft_spectrogram/seed_0/draw_100001/metric_correlational_score_det.json
STFT / Spectrogram,stft_spectrogram,0,100001,discriminative_score,0.0,0.16524390243902443,/path/to/PETS-FFT-Ablation/results/reviewer2_representation_etth128/generation/stft_spectrogram/seed_0/draw_100001/metric_discriminative_score_0.json
STFT / Spectrogram,stft_spectrogram,0,100001,discriminative_score,42.0,0.16768292682926833,/path/to/PETS-FFT-Ablation/results/reviewer2_representation_etth128/generation/stft_spectrogram/seed_0/draw_100001/metric_discriminative_score_42.json
STFT / Spectrogram,stft_spectrogram,0,100001,discriminative_score,123.0,0.17682926829268297,/path/to/PETS-FFT-Ablation/results/reviewer2_representation_etth128/generation/stft_spectrogram/seed_0/draw_100001/metric_discriminative_score_123.json
STFT / Spectrogram,stft_spectrogram,0,100001,predictive_score,0.0,0.10902169568362297,/path/to/PETS-FFT-Ablation/results/reviewer2_representation_etth128/generation/stft_spectrogram/seed_0/draw_100001/metric_predictive_score_0.json
STFT / Spectrogram,stft_spectrogram,0,100001,predictive_score,42.0,0.1209602810213255,/path/to/PETS-FFT-Ablation/results/reviewer2_representation_etth128/generation/stft_spectrogram/seed_0/draw_100001/metric_predictive_score_42.json
STFT / Spectrogram,stft_spectrogram,0,100001,predictive_score,123.0,0.1125753617779992,/path/to/PETS-FFT-Ablation/results/reviewer2_representation_etth128/generation/stft_spectrogram/seed_0/draw_100001/metric_predictive_score_123.json
STFT / Spectrogram,stft_spectrogram,0,100002,context_fid,0.0,0.8508315730689464,/path/to/PETS-FFT-Ablation/results/reviewer2_representation_etth128/generation/stft_spectrogram/seed_0/draw_100002/metric_context_fid_0.json
STFT / Spectrogram,stft_spectrogram,0,100002,context_fid,42.0,1.0055582094393911,/path/to/PETS-FFT-Ablation/results/reviewer2_representation_etth128/generation/stft_spectrogram/seed_0/draw_100002/metric_context_fid_42.json
STFT / Spectrogram,stft_spectrogram,0,100002,context_fid,123.0,0.8705317372120158,/path/to/PETS-FFT-Ablation/results/reviewer2_representation_etth128/generation/stft_spectrogram/seed_0/draw_100002/metric_context_fid_123.json
STFT / Spectrogram,stft_spectrogram,0,100002,correlational_score,,0.10888499021530151,/path/to/PETS-FFT-Ablation/results/reviewer2_representation_etth128/generation/stft_spectrogram/seed_0/draw_100002/metric_correlational_score_det.json
STFT / Spectrogram,stft_spectrogram,0,100002,discriminative_score,0.0,0.16646341463414638,/path/to/PETS-FFT-Ablation/results/reviewer2_representation_etth128/generation/stft_spectrogram/seed_0/draw_100002/metric_discriminative_score_0.json
STFT / Spectrogram,stft_spectrogram,0,100002,discriminative_score,42.0,0.16158536585365857,/path/to/PETS-FFT-Ablation/results/reviewer2_representation_etth128/generation/stft_spectrogram/seed_0/draw_100002/metric_discriminative_score_42.json
STFT / Spectrogram,stft_spectrogram,0,100002,discriminative_score,123.0,0.18048780487804883,/path/to/PETS-FFT-Ablation/results/reviewer2_representation_etth128/generation/stft_spectrogram/seed_0/draw_100002/metric_discriminative_score_123.json
STFT / Spectrogram,stft_spectrogram,0,100002,predictive_score,0.0,0.11057710719114766,/path/to/PETS-FFT-Ablation/results/reviewer2_representation_etth128/generation/stft_spectrogram/seed_0/draw_100002/metric_predictive_score_0.json
STFT / Spectrogram,stft_spectrogram,0,100002,predictive_score,42.0,0.1219740310511952,/path/to/PETS-FFT-Ablation/results/reviewer2_representation_etth128/generation/stft_spectrogram/seed_0/draw_100002/metric_predictive_score_42.json
STFT / Spectrogram,stft_spectrogram,0,100002,predictive_score,123.0,0.11143688895799642,/path/to/PETS-FFT-Ablation/results/reviewer2_representation_etth128/generation/stft_spectrogram/seed_0/draw_100002/metric_predictive_score_123.json
STFT / Spectrogram,stft_spectrogram,0,100003,context_fid,0.0,0.8552984013642189,/path/to/PETS-FFT-Ablation/results/reviewer2_representation_etth128/generation/stft_spectrogram/seed_0/draw_100003/metric_context_fid_0.json
STFT / Spectrogram,stft_spectrogram,0,100003,context_fid,42.0,1.005310752450085,/path/to/PETS-FFT-Ablation/results/reviewer2_representation_etth128/generation/stft_spectrogram/seed_0/draw_100003/metric_context_fid_42.json
STFT / Spectrogram,stft_spectrogram,0,100003,context_fid,123.0,0.8884629961403306,/path/to/PETS-FFT-Ablation/results/reviewer2_representation_etth128/generation/stft_spectrogram/seed_0/draw_100003/metric_context_fid_123.json
STFT / Spectrogram,stft_spectrogram,0,100003,correlational_score,,0.11268220841884613,/path/to/PETS-FFT-Ablation/results/reviewer2_representation_etth128/generation/stft_spectrogram/seed_0/draw_100003/metric_correlational_score_det.json
STFT / Spectrogram,stft_spectrogram,0,100003,discriminative_score,0.0,0.17743902439024395,/path/to/PETS-FFT-Ablation/results/reviewer2_representation_etth128/generation/stft_spectrogram/seed_0/draw_100003/metric_discriminative_score_0.json
STFT / Spectrogram,stft_spectrogram,0,100003,discriminative_score,42.0,0.15609756097560978,/path/to/PETS-FFT-Ablation/results/reviewer2_representation_etth128/generation/stft_spectrogram/seed_0/draw_100003/metric_discriminative_score_42.json
STFT / Spectrogram,stft_spectrogram,0,100003,discriminative_score,123.0,0.1865853658536586,/path/to/PETS-FFT-Ablation/results/reviewer2_representation_etth128/generation/stft_spectrogram/seed_0/draw_100003/metric_discriminative_score_123.json
STFT / Spectrogram,stft_spectrogram,0,100003,predictive_score,0.0,0.10861757703014518,/path/to/PETS-FFT-Ablation/results/reviewer2_representation_etth128/generation/stft_spectrogram/seed_0/draw_100003/metric_predictive_score_0.json
STFT / Spectrogram,stft_spectrogram,0,100003,predictive_score,42.0,0.12221306632091,/path/to/PETS-FFT-Ablation/results/reviewer2_representation_etth128/generation/stft_spectrogram/seed_0/draw_100003/metric_predictive_score_42.json
STFT / Spectrogram,stft_spectrogram,0,100003,predictive_score,123.0,0.11373986281705584,/path/to/PETS-FFT-Ablation/results/reviewer2_representation_etth128/generation/stft_spectrogram/seed_0/draw_100003/metric_predictive_score_123.json
STFT / Spectrogram,stft_spectrogram,0,100004,context_fid,0.0,0.9070933906339298,/path/to/PETS-FFT-Ablation/results/reviewer2_representation_etth128/generation/stft_spectrogram/seed_0/draw_100004/metric_context_fid_0.json
STFT / Spectrogram,stft_spectrogram,0,100004,context_fid,42.0,1.0796665219798747,/path/to/PETS-FFT-Ablation/results/reviewer2_representation_etth128/generation/stft_spectrogram/seed_0/draw_100004/metric_context_fid_42.json
STFT / Spectrogram,stft_spectrogram,0,100004,context_fid,123.0,0.9242624945653262,/path/to/PETS-FFT-Ablation/results/reviewer2_representation_etth128/generation/stft_spectrogram/seed_0/draw_100004/metric_context_fid_123.json
STFT / Spectrogram,stft_spectrogram,0,100004,correlational_score,,0.09866056591272354,/path/to/PETS-FFT-Ablation/results/reviewer2_representation_etth128/generation/stft_spectrogram/seed_0/draw_100004/metric_correlational_score_det.json
STFT / Spectrogram,stft_spectrogram,0,100004,discriminative_score,0.0,0.19329268292682922,/path/to/PETS-FFT-Ablation/results/reviewer2_representation_etth128/generation/stft_spectrogram/seed_0/draw_100004/metric_discriminative_score_0.json
STFT / Spectrogram,stft_spectrogram,0,100004,discriminative_score,42.0,0.16280487804878052,/path/to/PETS-FFT-Ablation/results/reviewer2_representation_etth128/generation/stft_spectrogram/seed_0/draw_100004/metric_discriminative_score_42.json
STFT / Spectrogram,stft_spectrogram,0,100004,discriminative_score,123.0,0.1841463414634147,/path/to/PETS-FFT-Ablation/results/reviewer2_representation_etth128/generation/stft_spectrogram/seed_0/draw_100004/metric_discriminative_score_123.json
STFT / Spectrogram,stft_spectrogram,0,100004,predictive_score,0.0,0.10989642215145068,/path/to/PETS-FFT-Ablation/results/reviewer2_representation_etth128/generation/stft_spectrogram/seed_0/draw_100004/metric_predictive_score_0.json
STFT / Spectrogram,stft_spectrogram,0,100004,predictive_score,42.0,0.12207936551112653,/path/to/PETS-FFT-Ablation/results/reviewer2_representation_etth128/generation/stft_spectrogram/seed_0/draw_100004/metric_predictive_score_42.json
STFT / Spectrogram,stft_spectrogram,0,100004,predictive_score,123.0,0.1130671883688592,/path/to/PETS-FFT-Ablation/results/reviewer2_representation_etth128/generation/stft_spectrogram/seed_0/draw_100004/metric_predictive_score_123.json
STFT / Spectrogram,stft_spectrogram,42,100000,context_fid,0.0,1.0736455892596046,/path/to/PETS-FFT-Ablation/results/reviewer2_representation_etth128/generation/stft_spectrogram/seed_42/draw_100000/metric_context_fid_0.json
STFT / Spectrogram,stft_spectrogram,42,100000,context_fid,42.0,1.2711794017926863,/path/to/PETS-FFT-Ablation/results/reviewer2_representation_etth128/generation/stft_spectrogram/seed_42/draw_100000/metric_context_fid_42.json
STFT / Spectrogram,stft_spectrogram,42,100000,context_fid,123.0,1.0592758700765545,/path/to/PETS-FFT-Ablation/results/reviewer2_representation_etth128/generation/stft_spectrogram/seed_42/draw_100000/metric_context_fid_123.json
STFT / Spectrogram,stft_spectrogram,42,100000,correlational_score,,0.08808720856904984,/path/to/PETS-FFT-Ablation/results/reviewer2_representation_etth128/generation/stft_spectrogram/seed_42/draw_100000/metric_correlational_score_det.json
STFT / Spectrogram,stft_spectrogram,42,100000,discriminative_score,0.0,0.16768292682926833,/path/to/PETS-FFT-Ablation/results/reviewer2_representation_etth128/generation/stft_spectrogram/seed_42/draw_100000/metric_discriminative_score_0.json
STFT / Spectrogram,stft_spectrogram,42,100000,discriminative_score,42.0,0.17987804878048785,/path/to/PETS-FFT-Ablation/results/reviewer2_representation_etth128/generation/stft_spectrogram/seed_42/draw_100000/metric_discriminative_score_42.json
STFT / Spectrogram,stft_spectrogram,42,100000,discriminative_score,123.0,0.14695121951219514,/path/to/PETS-FFT-Ablation/results/reviewer2_representation_etth128/generation/stft_spectrogram/seed_42/draw_100000/metric_discriminative_score_123.json
STFT / Spectrogram,stft_spectrogram,42,100000,predictive_score,0.0,0.11415450299546137,/path/to/PETS-FFT-Ablation/results/reviewer2_representation_etth128/generation/stft_spectrogram/seed_42/draw_100000/metric_predictive_score_0.json
STFT / Spectrogram,stft_spectrogram,42,100000,predictive_score,42.0,0.12230989892896105,/path/to/PETS-FFT-Ablation/results/reviewer2_representation_etth128/generation/stft_spectrogram/seed_42/draw_100000/metric_predictive_score_42.json
STFT / Spectrogram,stft_spectrogram,42,100000,predictive_score,123.0,0.11907457162988067,/path/to/PETS-FFT-Ablation/results/reviewer2_representation_etth128/generation/stft_spectrogram/seed_42/draw_100000/metric_predictive_score_123.json
STFT / Spectrogram,stft_spectrogram,42,100001,context_fid,0.0,1.078623265593746,/path/to/PETS-FFT-Ablation/results/reviewer2_representation_etth128/generation/stft_spectrogram/seed_42/draw_100001/metric_context_fid_0.json
STFT / Spectrogram,stft_spectrogram,42,100001,context_fid,42.0,1.280990616194422,/path/to/PETS-FFT-Ablation/results/reviewer2_representation_etth128/generation/stft_spectrogram/seed_42/draw_100001/metric_context_fid_42.json
STFT / Spectrogram,stft_spectrogram,42,100001,context_fid,123.0,1.072494226142913,/path/to/PETS-FFT-Ablation/results/reviewer2_representation_etth128/generation/stft_spectrogram/seed_42/draw_100001/metric_context_fid_123.json
STFT / Spectrogram,stft_spectrogram,42,100001,correlational_score,,0.09747699648141861,/path/to/PETS-FFT-Ablation/results/reviewer2_representation_etth128/generation/stft_spectrogram/seed_42/draw_100001/metric_correlational_score_det.json
STFT / Spectrogram,stft_spectrogram,42,100001,discriminative_score,0.0,0.1579268292682927,/path/to/PETS-FFT-Ablation/results/reviewer2_representation_etth128/generation/stft_spectrogram/seed_42/draw_100001/metric_discriminative_score_0.json
STFT / Spectrogram,stft_spectrogram,42,100001,discriminative_score,42.0,0.1737804878048781,/path/to/PETS-FFT-Ablation/results/reviewer2_representation_etth128/generation/stft_spectrogram/seed_42/draw_100001/metric_discriminative_score_42.json
STFT / Spectrogram,stft_spectrogram,42,100001,discriminative_score,123.0,0.16219512195121955,/path/to/PETS-FFT-Ablation/results/reviewer2_representation_etth128/generation/stft_spectrogram/seed_42/draw_100001/metric_discriminative_score_123.json
STFT / Spectrogram,stft_spectrogram,42,100001,predictive_score,0.0,0.11001559844908115,/path/to/PETS-FFT-Ablation/results/reviewer2_representation_etth128/generation/stft_spectrogram/seed_42/draw_100001/metric_predictive_score_0.json
STFT / Spectrogram,stft_spectrogram,42,100001,predictive_score,42.0,0.12286721361442687,/path/to/PETS-FFT-Ablation/results/reviewer2_representation_etth128/generation/stft_spectrogram/seed_42/draw_100001/metric_predictive_score_42.json
STFT / Spectrogram,stft_spectrogram,42,100001,predictive_score,123.0,0.11180606867264942,/path/to/PETS-FFT-Ablation/results/reviewer2_representation_etth128/generation/stft_spectrogram/seed_42/draw_100001/metric_predictive_score_123.json
STFT / Spectrogram,stft_spectrogram,42,100002,context_fid,0.0,1.0252694377093516,/path/to/PETS-FFT-Ablation/results/reviewer2_representation_etth128/generation/stft_spectrogram/seed_42/draw_100002/metric_context_fid_0.json
STFT / Spectrogram,stft_spectrogram,42,100002,context_fid,42.0,1.2112952570850415,/path/to/PETS-FFT-Ablation/results/reviewer2_representation_etth128/generation/stft_spectrogram/seed_42/draw_100002/metric_context_fid_42.json
STFT / Spectrogram,stft_spectrogram,42,100002,context_fid,123.0,1.0224191558828948,/path/to/PETS-FFT-Ablation/results/reviewer2_representation_etth128/generation/stft_spectrogram/seed_42/draw_100002/metric_context_fid_123.json
STFT / Spectrogram,stft_spectrogram,42,100002,correlational_score,,0.09480055421590805,/path/to/PETS-FFT-Ablation/results/reviewer2_representation_etth128/generation/stft_spectrogram/seed_42/draw_100002/metric_correlational_score_det.json
STFT / Spectrogram,stft_spectrogram,42,100002,discriminative_score,0.0,0.1457317073170732,/path/to/PETS-FFT-Ablation/results/reviewer2_representation_etth128/generation/stft_spectrogram/seed_42/draw_100002/metric_discriminative_score_0.json
STFT / Spectrogram,stft_spectrogram,42,100002,discriminative_score,42.0,0.16890243902439028,/path/to/PETS-FFT-Ablation/results/reviewer2_representation_etth128/generation/stft_spectrogram/seed_42/draw_100002/metric_discriminative_score_42.json
STFT / Spectrogram,stft_spectrogram,42,100002,discriminative_score,123.0,0.15731707317073174,/path/to/PETS-FFT-Ablation/results/reviewer2_representation_etth128/generation/stft_spectrogram/seed_42/draw_100002/metric_discriminative_score_123.json
STFT / Spectrogram,stft_spectrogram,42,100002,predictive_score,0.0,0.11294283126198934,/path/to/PETS-FFT-Ablation/results/reviewer2_representation_etth128/generation/stft_spectrogram/seed_42/draw_100002/metric_predictive_score_0.json
STFT / Spectrogram,stft_spectrogram,42,100002,predictive_score,42.0,0.12182580813987443,/path/to/PETS-FFT-Ablation/results/reviewer2_representation_etth128/generation/stft_spectrogram/seed_42/draw_100002/metric_predictive_score_42.json
STFT / Spectrogram,stft_spectrogram,42,100002,predictive_score,123.0,0.11481531846629878,/path/to/PETS-FFT-Ablation/results/reviewer2_representation_etth128/generation/stft_spectrogram/seed_42/draw_100002/metric_predictive_score_123.json
STFT / Spectrogram,stft_spectrogram,42,100003,context_fid,0.0,0.9818867850797794,/path/to/PETS-FFT-Ablation/results/reviewer2_representation_etth128/generation/stft_spectrogram/seed_42/draw_100003/metric_context_fid_0.json
STFT / Spectrogram,stft_spectrogram,42,100003,context_fid,42.0,1.1588335875363915,/path/to/PETS-FFT-Ablation/results/reviewer2_representation_etth128/generation/stft_spectrogram/seed_42/draw_100003/metric_context_fid_42.json
STFT / Spectrogram,stft_spectrogram,42,100003,context_fid,123.0,0.9888717540683238,/path/to/PETS-FFT-Ablation/results/reviewer2_representation_etth128/generation/stft_spectrogram/seed_42/draw_100003/metric_context_fid_123.json
STFT / Spectrogram,stft_spectrogram,42,100003,correlational_score,,0.09872190654277802,/path/to/PETS-FFT-Ablation/results/reviewer2_representation_etth128/generation/stft_spectrogram/seed_42/draw_100003/metric_correlational_score_det.json
STFT / Spectrogram,stft_spectrogram,42,100003,discriminative_score,0.0,0.17012195121951224,/path/to/PETS-FFT-Ablation/results/reviewer2_representation_etth128/generation/stft_spectrogram/seed_42/draw_100003/metric_discriminative_score_0.json
STFT / Spectrogram,stft_spectrogram,42,100003,discriminative_score,42.0,0.1737804878048781,/path/to/PETS-FFT-Ablation/results/reviewer2_representation_etth128/generation/stft_spectrogram/seed_42/draw_100003/metric_discriminative_score_42.json
STFT / Spectrogram,stft_spectrogram,42,100003,discriminative_score,123.0,0.17804878048780493,/path/to/PETS-FFT-Ablation/results/reviewer2_representation_etth128/generation/stft_spectrogram/seed_42/draw_100003/metric_discriminative_score_123.json
STFT / Spectrogram,stft_spectrogram,42,100003,predictive_score,0.0,0.11080565993643177,/path/to/PETS-FFT-Ablation/results/reviewer2_representation_etth128/generation/stft_spectrogram/seed_42/draw_100003/metric_predictive_score_0.json
STFT / Spectrogram,stft_spectrogram,42,100003,predictive_score,42.0,0.12141719441387977,/path/to/PETS-FFT-Ablation/results/reviewer2_representation_etth128/generation/stft_spectrogram/seed_42/draw_100003/metric_predictive_score_42.json
STFT / Spectrogram,stft_spectrogram,42,100003,predictive_score,123.0,0.1114077369743427,/path/to/PETS-FFT-Ablation/results/reviewer2_representation_etth128/generation/stft_spectrogram/seed_42/draw_100003/metric_predictive_score_123.json
STFT / Spectrogram,stft_spectrogram,42,100004,context_fid,0.0,1.0943861990651942,/path/to/PETS-FFT-Ablation/results/reviewer2_representation_etth128/generation/stft_spectrogram/seed_42/draw_100004/metric_context_fid_0.json
STFT / Spectrogram,stft_spectrogram,42,100004,context_fid,42.0,1.298314772116894,/path/to/PETS-FFT-Ablation/results/reviewer2_representation_etth128/generation/stft_spectrogram/seed_42/draw_100004/metric_context_fid_42.json
STFT / Spectrogram,stft_spectrogram,42,100004,context_fid,123.0,1.0692150300181789,/path/to/PETS-FFT-Ablation/results/reviewer2_representation_etth128/generation/stft_spectrogram/seed_42/draw_100004/metric_context_fid_123.json
STFT / Spectrogram,stft_spectrogram,42,100004,correlational_score,,0.0842507928609848,/path/to/PETS-FFT-Ablation/results/reviewer2_representation_etth128/generation/stft_spectrogram/seed_42/draw_100004/metric_correlational_score_det.json
STFT / Spectrogram,stft_spectrogram,42,100004,discriminative_score,0.0,0.1737804878048781,/path/to/PETS-FFT-Ablation/results/reviewer2_representation_etth128/generation/stft_spectrogram/seed_42/draw_100004/metric_discriminative_score_0.json
STFT / Spectrogram,stft_spectrogram,42,100004,discriminative_score,42.0,0.13719512195121952,/path/to/PETS-FFT-Ablation/results/reviewer2_representation_etth128/generation/stft_spectrogram/seed_42/draw_100004/metric_discriminative_score_42.json
STFT / Spectrogram,stft_spectrogram,42,100004,discriminative_score,123.0,0.1426829268292683,/path/to/PETS-FFT-Ablation/results/reviewer2_representation_etth128/generation/stft_spectrogram/seed_42/draw_100004/metric_discriminative_score_123.json
STFT / Spectrogram,stft_spectrogram,42,100004,predictive_score,0.0,0.1135354251150602,/path/to/PETS-FFT-Ablation/results/reviewer2_representation_etth128/generation/stft_spectrogram/seed_42/draw_100004/metric_predictive_score_0.json
STFT / Spectrogram,stft_spectrogram,42,100004,predictive_score,42.0,0.12134139917543507,/path/to/PETS-FFT-Ablation/results/reviewer2_representation_etth128/generation/stft_spectrogram/seed_42/draw_100004/metric_predictive_score_42.json
STFT / Spectrogram,stft_spectrogram,42,100004,predictive_score,123.0,0.11144838553582304,/path/to/PETS-FFT-Ablation/results/reviewer2_representation_etth128/generation/stft_spectrogram/seed_42/draw_100004/metric_predictive_score_123.json
STFT / Spectrogram,stft_spectrogram,123,100000,context_fid,0.0,1.0485650047878747,/path/to/PETS-FFT-Ablation/results/reviewer2_representation_etth128/generation/stft_spectrogram/seed_123/draw_100000/metric_context_fid_0.json
STFT / Spectrogram,stft_spectrogram,123,100000,context_fid,42.0,1.2082652358839474,/path/to/PETS-FFT-Ablation/results/reviewer2_representation_etth128/generation/stft_spectrogram/seed_123/draw_100000/metric_context_fid_42.json
STFT / Spectrogram,stft_spectrogram,123,100000,context_fid,123.0,1.038589434304454,/path/to/PETS-FFT-Ablation/results/reviewer2_representation_etth128/generation/stft_spectrogram/seed_123/draw_100000/metric_context_fid_123.json
STFT / Spectrogram,stft_spectrogram,123,100000,correlational_score,,0.11171142756938934,/path/to/PETS-FFT-Ablation/results/reviewer2_representation_etth128/generation/stft_spectrogram/seed_123/draw_100000/metric_correlational_score_det.json
STFT / Spectrogram,stft_spectrogram,123,100000,discriminative_score,0.0,0.1884146341463414,/path/to/PETS-FFT-Ablation/results/reviewer2_representation_etth128/generation/stft_spectrogram/seed_123/draw_100000/metric_discriminative_score_0.json
STFT / Spectrogram,stft_spectrogram,123,100000,discriminative_score,42.0,0.1835365853658537,/path/to/PETS-FFT-Ablation/results/reviewer2_representation_etth128/generation/stft_spectrogram/seed_123/draw_100000/metric_discriminative_score_42.json
STFT / Spectrogram,stft_spectrogram,123,100000,discriminative_score,123.0,0.1810975609756098,/path/to/PETS-FFT-Ablation/results/reviewer2_representation_etth128/generation/stft_spectrogram/seed_123/draw_100000/metric_discriminative_score_123.json
STFT / Spectrogram,stft_spectrogram,123,100000,predictive_score,0.0,0.11274179932297557,/path/to/PETS-FFT-Ablation/results/reviewer2_representation_etth128/generation/stft_spectrogram/seed_123/draw_100000/metric_predictive_score_0.json
STFT / Spectrogram,stft_spectrogram,123,100000,predictive_score,42.0,0.12194481832784732,/path/to/PETS-FFT-Ablation/results/reviewer2_representation_etth128/generation/stft_spectrogram/seed_123/draw_100000/metric_predictive_score_42.json
STFT / Spectrogram,stft_spectrogram,123,100000,predictive_score,123.0,0.12181489700196835,/path/to/PETS-FFT-Ablation/results/reviewer2_representation_etth128/generation/stft_spectrogram/seed_123/draw_100000/metric_predictive_score_123.json
STFT / Spectrogram,stft_spectrogram,123,100001,context_fid,0.0,1.1001581533868465,/path/to/PETS-FFT-Ablation/results/reviewer2_representation_etth128/generation/stft_spectrogram/seed_123/draw_100001/metric_context_fid_0.json
STFT / Spectrogram,stft_spectrogram,123,100001,context_fid,42.0,1.2730140659148343,/path/to/PETS-FFT-Ablation/results/reviewer2_representation_etth128/generation/stft_spectrogram/seed_123/draw_100001/metric_context_fid_42.json
STFT / Spectrogram,stft_spectrogram,123,100001,context_fid,123.0,1.098921912937527,/path/to/PETS-FFT-Ablation/results/reviewer2_representation_etth128/generation/stft_spectrogram/seed_123/draw_100001/metric_context_fid_123.json
STFT / Spectrogram,stft_spectrogram,123,100001,correlational_score,,0.12039729207754135,/path/to/PETS-FFT-Ablation/results/reviewer2_representation_etth128/generation/stft_spectrogram/seed_123/draw_100001/metric_correlational_score_det.json
STFT / Spectrogram,stft_spectrogram,123,100001,discriminative_score,0.0,0.18719512195121957,/path/to/PETS-FFT-Ablation/results/reviewer2_representation_etth128/generation/stft_spectrogram/seed_123/draw_100001/metric_discriminative_score_0.json
STFT / Spectrogram,stft_spectrogram,123,100001,discriminative_score,42.0,0.19695121951219507,/path/to/PETS-FFT-Ablation/results/reviewer2_representation_etth128/generation/stft_spectrogram/seed_123/draw_100001/metric_discriminative_score_42.json
STFT / Spectrogram,stft_spectrogram,123,100001,discriminative_score,123.0,0.17682926829268297,/path/to/PETS-FFT-Ablation/results/reviewer2_representation_etth128/generation/stft_spectrogram/seed_123/draw_100001/metric_discriminative_score_123.json
STFT / Spectrogram,stft_spectrogram,123,100001,predictive_score,0.0,0.111645380079608,/path/to/PETS-FFT-Ablation/results/reviewer2_representation_etth128/generation/stft_spectrogram/seed_123/draw_100001/metric_predictive_score_0.json
STFT / Spectrogram,stft_spectrogram,123,100001,predictive_score,42.0,0.12305433479150452,/path/to/PETS-FFT-Ablation/results/reviewer2_representation_etth128/generation/stft_spectrogram/seed_123/draw_100001/metric_predictive_score_42.json
STFT / Spectrogram,stft_spectrogram,123,100001,predictive_score,123.0,0.11390572916752717,/path/to/PETS-FFT-Ablation/results/reviewer2_representation_etth128/generation/stft_spectrogram/seed_123/draw_100001/metric_predictive_score_123.json
STFT / Spectrogram,stft_spectrogram,123,100002,context_fid,0.0,1.0479297268558494,/path/to/PETS-FFT-Ablation/results/reviewer2_representation_etth128/generation/stft_spectrogram/seed_123/draw_100002/metric_context_fid_0.json
STFT / Spectrogram,stft_spectrogram,123,100002,context_fid,42.0,1.2099280552601572,/path/to/PETS-FFT-Ablation/results/reviewer2_representation_etth128/generation/stft_spectrogram/seed_123/draw_100002/metric_context_fid_42.json
STFT / Spectrogram,stft_spectrogram,123,100002,context_fid,123.0,1.0481931687988437,/path/to/PETS-FFT-Ablation/results/reviewer2_representation_etth128/generation/stft_spectrogram/seed_123/draw_100002/metric_context_fid_123.json
STFT / Spectrogram,stft_spectrogram,123,100002,correlational_score,,0.11706210672855377,/path/to/PETS-FFT-Ablation/results/reviewer2_representation_etth128/generation/stft_spectrogram/seed_123/draw_100002/metric_correlational_score_det.json
STFT / Spectrogram,stft_spectrogram,123,100002,discriminative_score,0.0,0.17987804878048785,/path/to/PETS-FFT-Ablation/results/reviewer2_representation_etth128/generation/stft_spectrogram/seed_123/draw_100002/metric_discriminative_score_0.json
STFT / Spectrogram,stft_spectrogram,123,100002,discriminative_score,42.0,0.18963414634146336,/path/to/PETS-FFT-Ablation/results/reviewer2_representation_etth128/generation/stft_spectrogram/seed_123/draw_100002/metric_discriminative_score_42.json
STFT / Spectrogram,stft_spectrogram,123,100002,discriminative_score,123.0,0.18963414634146336,/path/to/PETS-FFT-Ablation/results/reviewer2_representation_etth128/generation/stft_spectrogram/seed_123/draw_100002/metric_discriminative_score_123.json
STFT / Spectrogram,stft_spectrogram,123,100002,predictive_score,0.0,0.11123469827271038,/path/to/PETS-FFT-Ablation/results/reviewer2_representation_etth128/generation/stft_spectrogram/seed_123/draw_100002/metric_predictive_score_0.json
STFT / Spectrogram,stft_spectrogram,123,100002,predictive_score,42.0,0.12536990444277762,/path/to/PETS-FFT-Ablation/results/reviewer2_representation_etth128/generation/stft_spectrogram/seed_123/draw_100002/metric_predictive_score_42.json
STFT / Spectrogram,stft_spectrogram,123,100002,predictive_score,123.0,0.11632926877564387,/path/to/PETS-FFT-Ablation/results/reviewer2_representation_etth128/generation/stft_spectrogram/seed_123/draw_100002/metric_predictive_score_123.json
STFT / Spectrogram,stft_spectrogram,123,100003,context_fid,0.0,1.0338190380661485,/path/to/PETS-FFT-Ablation/results/reviewer2_representation_etth128/generation/stft_spectrogram/seed_123/draw_100003/metric_context_fid_0.json
STFT / Spectrogram,stft_spectrogram,123,100003,context_fid,42.0,1.1897200895348403,/path/to/PETS-FFT-Ablation/results/reviewer2_representation_etth128/generation/stft_spectrogram/seed_123/draw_100003/metric_context_fid_42.json
STFT / Spectrogram,stft_spectrogram,123,100003,context_fid,123.0,1.044704162525664,/path/to/PETS-FFT-Ablation/results/reviewer2_representation_etth128/generation/stft_spectrogram/seed_123/draw_100003/metric_context_fid_123.json
STFT / Spectrogram,stft_spectrogram,123,100003,correlational_score,,0.12230221927165985,/path/to/PETS-FFT-Ablation/results/reviewer2_representation_etth128/generation/stft_spectrogram/seed_123/draw_100003/metric_correlational_score_det.json
STFT / Spectrogram,stft_spectrogram,123,100003,discriminative_score,0.0,0.18048780487804883,/path/to/PETS-FFT-Ablation/results/reviewer2_representation_etth128/generation/stft_spectrogram/seed_123/draw_100003/metric_discriminative_score_0.json
STFT / Spectrogram,stft_spectrogram,123,100003,discriminative_score,42.0,0.1914634146341463,/path/to/PETS-FFT-Ablation/results/reviewer2_representation_etth128/generation/stft_spectrogram/seed_123/draw_100003/metric_discriminative_score_42.json
STFT / Spectrogram,stft_spectrogram,123,100003,discriminative_score,123.0,0.19512195121951215,/path/to/PETS-FFT-Ablation/results/reviewer2_representation_etth128/generation/stft_spectrogram/seed_123/draw_100003/metric_discriminative_score_123.json
STFT / Spectrogram,stft_spectrogram,123,100003,predictive_score,0.0,0.1114387596267079,/path/to/PETS-FFT-Ablation/results/reviewer2_representation_etth128/generation/stft_spectrogram/seed_123/draw_100003/metric_predictive_score_0.json
STFT / Spectrogram,stft_spectrogram,123,100003,predictive_score,42.0,0.12352601957991283,/path/to/PETS-FFT-Ablation/results/reviewer2_representation_etth128/generation/stft_spectrogram/seed_123/draw_100003/metric_predictive_score_42.json
STFT / Spectrogram,stft_spectrogram,123,100003,predictive_score,123.0,0.11481515156401656,/path/to/PETS-FFT-Ablation/results/reviewer2_representation_etth128/generation/stft_spectrogram/seed_123/draw_100003/metric_predictive_score_123.json
STFT / Spectrogram,stft_spectrogram,123,100004,context_fid,0.0,1.0834701184210074,/path/to/PETS-FFT-Ablation/results/reviewer2_representation_etth128/generation/stft_spectrogram/seed_123/draw_100004/metric_context_fid_0.json
STFT / Spectrogram,stft_spectrogram,123,100004,context_fid,42.0,1.2561422779027966,/path/to/PETS-FFT-Ablation/results/reviewer2_representation_etth128/generation/stft_spectrogram/seed_123/draw_100004/metric_context_fid_42.json
STFT / Spectrogram,stft_spectrogram,123,100004,context_fid,123.0,1.0741752365720292,/path/to/PETS-FFT-Ablation/results/reviewer2_representation_etth128/generation/stft_spectrogram/seed_123/draw_100004/metric_context_fid_123.json
STFT / Spectrogram,stft_spectrogram,123,100004,correlational_score,,0.10935036838054657,/path/to/PETS-FFT-Ablation/results/reviewer2_representation_etth128/generation/stft_spectrogram/seed_123/draw_100004/metric_correlational_score_det.json
STFT / Spectrogram,stft_spectrogram,123,100004,discriminative_score,0.0,0.20060975609756093,/path/to/PETS-FFT-Ablation/results/reviewer2_representation_etth128/generation/stft_spectrogram/seed_123/draw_100004/metric_discriminative_score_0.json
STFT / Spectrogram,stft_spectrogram,123,100004,discriminative_score,42.0,0.1841463414634147,/path/to/PETS-FFT-Ablation/results/reviewer2_representation_etth128/generation/stft_spectrogram/seed_123/draw_100004/metric_discriminative_score_42.json
STFT / Spectrogram,stft_spectrogram,123,100004,discriminative_score,123.0,0.1914634146341463,/path/to/PETS-FFT-Ablation/results/reviewer2_representation_etth128/generation/stft_spectrogram/seed_123/draw_100004/metric_discriminative_score_123.json
STFT / Spectrogram,stft_spectrogram,123,100004,predictive_score,0.0,0.11136822863500129,/path/to/PETS-FFT-Ablation/results/reviewer2_representation_etth128/generation/stft_spectrogram/seed_123/draw_100004/metric_predictive_score_0.json
STFT / Spectrogram,stft_spectrogram,123,100004,predictive_score,42.0,0.12231077584965533,/path/to/PETS-FFT-Ablation/results/reviewer2_representation_etth128/generation/stft_spectrogram/seed_123/draw_100004/metric_predictive_score_42.json
STFT / Spectrogram,stft_spectrogram,123,100004,predictive_score,123.0,0.11760001020957134,/path/to/PETS-FFT-Ablation/results/reviewer2_representation_etth128/generation/stft_spectrogram/seed_123/draw_100004/metric_predictive_score_123.json
Frequency-as-Channel,frequency_as_channel,0,100000,context_fid,0.0,0.6478874530380481,/path/to/PETS-FFT-Ablation/results/reviewer2_representation_etth128/generation/frequency_as_channel/seed_0/draw_100000/metric_context_fid_0.json
Frequency-as-Channel,frequency_as_channel,0,100000,context_fid,42.0,0.7243553769356255,/path/to/PETS-FFT-Ablation/results/reviewer2_representation_etth128/generation/frequency_as_channel/seed_0/draw_100000/metric_context_fid_42.json
Frequency-as-Channel,frequency_as_channel,0,100000,context_fid,123.0,0.6317696870782991,/path/to/PETS-FFT-Ablation/results/reviewer2_representation_etth128/generation/frequency_as_channel/seed_0/draw_100000/metric_context_fid_123.json
Frequency-as-Channel,frequency_as_channel,0,100000,correlational_score,,0.12586329877376556,/path/to/PETS-FFT-Ablation/results/reviewer2_representation_etth128/generation/frequency_as_channel/seed_0/draw_100000/metric_correlational_score_det.json
Frequency-as-Channel,frequency_as_channel,0,100000,discriminative_score,0.0,0.16219512195121955,/path/to/PETS-FFT-Ablation/results/reviewer2_representation_etth128/generation/frequency_as_channel/seed_0/draw_100000/metric_discriminative_score_0.json
Frequency-as-Channel,frequency_as_channel,0,100000,discriminative_score,42.0,0.18048780487804883,/path/to/PETS-FFT-Ablation/results/reviewer2_representation_etth128/generation/frequency_as_channel/seed_0/draw_100000/metric_discriminative_score_42.json
Frequency-as-Channel,frequency_as_channel,0,100000,discriminative_score,123.0,0.14939024390243905,/path/to/PETS-FFT-Ablation/results/reviewer2_representation_etth128/generation/frequency_as_channel/seed_0/draw_100000/metric_discriminative_score_123.json
Frequency-as-Channel,frequency_as_channel,0,100000,predictive_score,0.0,0.11283433405242249,/path/to/PETS-FFT-Ablation/results/reviewer2_representation_etth128/generation/frequency_as_channel/seed_0/draw_100000/metric_predictive_score_0.json
Frequency-as-Channel,frequency_as_channel,0,100000,predictive_score,42.0,0.12161308078066213,/path/to/PETS-FFT-Ablation/results/reviewer2_representation_etth128/generation/frequency_as_channel/seed_0/draw_100000/metric_predictive_score_42.json
Frequency-as-Channel,frequency_as_channel,0,100000,predictive_score,123.0,0.11749544527356193,/path/to/PETS-FFT-Ablation/results/reviewer2_representation_etth128/generation/frequency_as_channel/seed_0/draw_100000/metric_predictive_score_123.json
Frequency-as-Channel,frequency_as_channel,0,100001,context_fid,0.0,0.7166240600973584,/path/to/PETS-FFT-Ablation/results/reviewer2_representation_etth128/generation/frequency_as_channel/seed_0/draw_100001/metric_context_fid_0.json
Frequency-as-Channel,frequency_as_channel,0,100001,context_fid,42.0,0.8050569257722904,/path/to/PETS-FFT-Ablation/results/reviewer2_representation_etth128/generation/frequency_as_channel/seed_0/draw_100001/metric_context_fid_42.json
Frequency-as-Channel,frequency_as_channel,0,100001,context_fid,123.0,0.7099792119113113,/path/to/PETS-FFT-Ablation/results/reviewer2_representation_etth128/generation/frequency_as_channel/seed_0/draw_100001/metric_context_fid_123.json
Frequency-as-Channel,frequency_as_channel,0,100001,correlational_score,,0.13616910576820374,/path/to/PETS-FFT-Ablation/results/reviewer2_representation_etth128/generation/frequency_as_channel/seed_0/draw_100001/metric_correlational_score_det.json
Frequency-as-Channel,frequency_as_channel,0,100001,discriminative_score,0.0,0.18048780487804883,/path/to/PETS-FFT-Ablation/results/reviewer2_representation_etth128/generation/frequency_as_channel/seed_0/draw_100001/metric_discriminative_score_0.json
Frequency-as-Channel,frequency_as_channel,0,100001,discriminative_score,42.0,0.18170731707317078,/path/to/PETS-FFT-Ablation/results/reviewer2_representation_etth128/generation/frequency_as_channel/seed_0/draw_100001/metric_discriminative_score_42.json
Frequency-as-Channel,frequency_as_channel,0,100001,discriminative_score,123.0,0.16951219512195126,/path/to/PETS-FFT-Ablation/results/reviewer2_representation_etth128/generation/frequency_as_channel/seed_0/draw_100001/metric_discriminative_score_123.json
Frequency-as-Channel,frequency_as_channel,0,100001,predictive_score,0.0,0.11078975527516377,/path/to/PETS-FFT-Ablation/results/reviewer2_representation_etth128/generation/frequency_as_channel/seed_0/draw_100001/metric_predictive_score_0.json
Frequency-as-Channel,frequency_as_channel,0,100001,predictive_score,42.0,0.12385380468231233,/path/to/PETS-FFT-Ablation/results/reviewer2_representation_etth128/generation/frequency_as_channel/seed_0/draw_100001/metric_predictive_score_42.json
Frequency-as-Channel,frequency_as_channel,0,100001,predictive_score,123.0,0.11693190270352716,/path/to/PETS-FFT-Ablation/results/reviewer2_representation_etth128/generation/frequency_as_channel/seed_0/draw_100001/metric_predictive_score_123.json
Frequency-as-Channel,frequency_as_channel,0,100002,context_fid,0.0,0.6707557367983731,/path/to/PETS-FFT-Ablation/results/reviewer2_representation_etth128/generation/frequency_as_channel/seed_0/draw_100002/metric_context_fid_0.json
Frequency-as-Channel,frequency_as_channel,0,100002,context_fid,42.0,0.7438784324308056,/path/to/PETS-FFT-Ablation/results/reviewer2_representation_etth128/generation/frequency_as_channel/seed_0/draw_100002/metric_context_fid_42.json
Frequency-as-Channel,frequency_as_channel,0,100002,context_fid,123.0,0.6577590373030869,/path/to/PETS-FFT-Ablation/results/reviewer2_representation_etth128/generation/frequency_as_channel/seed_0/draw_100002/metric_context_fid_123.json
Frequency-as-Channel,frequency_as_channel,0,100002,correlational_score,,0.13537068665027618,/path/to/PETS-FFT-Ablation/results/reviewer2_representation_etth128/generation/frequency_as_channel/seed_0/draw_100002/metric_correlational_score_det.json
Frequency-as-Channel,frequency_as_channel,0,100002,discriminative_score,0.0,0.16463414634146345,/path/to/PETS-FFT-Ablation/results/reviewer2_representation_etth128/generation/frequency_as_channel/seed_0/draw_100002/metric_discriminative_score_0.json
Frequency-as-Channel,frequency_as_channel,0,100002,discriminative_score,42.0,0.17804878048780493,/path/to/PETS-FFT-Ablation/results/reviewer2_representation_etth128/generation/frequency_as_channel/seed_0/draw_100002/metric_discriminative_score_42.json
Frequency-as-Channel,frequency_as_channel,0,100002,discriminative_score,123.0,0.17560975609756102,/path/to/PETS-FFT-Ablation/results/reviewer2_representation_etth128/generation/frequency_as_channel/seed_0/draw_100002/metric_discriminative_score_123.json
Frequency-as-Channel,frequency_as_channel,0,100002,predictive_score,0.0,0.11207988088153797,/path/to/PETS-FFT-Ablation/results/reviewer2_representation_etth128/generation/frequency_as_channel/seed_0/draw_100002/metric_predictive_score_0.json
Frequency-as-Channel,frequency_as_channel,0,100002,predictive_score,42.0,0.12468068988710002,/path/to/PETS-FFT-Ablation/results/reviewer2_representation_etth128/generation/frequency_as_channel/seed_0/draw_100002/metric_predictive_score_42.json
Frequency-as-Channel,frequency_as_channel,0,100002,predictive_score,123.0,0.11443578663511289,/path/to/PETS-FFT-Ablation/results/reviewer2_representation_etth128/generation/frequency_as_channel/seed_0/draw_100002/metric_predictive_score_123.json
Frequency-as-Channel,frequency_as_channel,0,100003,context_fid,0.0,0.7034312690147886,/path/to/PETS-FFT-Ablation/results/reviewer2_representation_etth128/generation/frequency_as_channel/seed_0/draw_100003/metric_context_fid_0.json
Frequency-as-Channel,frequency_as_channel,0,100003,context_fid,42.0,0.7799222894968192,/path/to/PETS-FFT-Ablation/results/reviewer2_representation_etth128/generation/frequency_as_channel/seed_0/draw_100003/metric_context_fid_42.json
Frequency-as-Channel,frequency_as_channel,0,100003,context_fid,123.0,0.7005756196472261,/path/to/PETS-FFT-Ablation/results/reviewer2_representation_etth128/generation/frequency_as_channel/seed_0/draw_100003/metric_context_fid_123.json
Frequency-as-Channel,frequency_as_channel,0,100003,correlational_score,,0.13609804213047028,/path/to/PETS-FFT-Ablation/results/reviewer2_representation_etth128/generation/frequency_as_channel/seed_0/draw_100003/metric_correlational_score_det.json
Frequency-as-Channel,frequency_as_channel,0,100003,discriminative_score,0.0,0.18170731707317078,/path/to/PETS-FFT-Ablation/results/reviewer2_representation_etth128/generation/frequency_as_channel/seed_0/draw_100003/metric_discriminative_score_0.json
Frequency-as-Channel,frequency_as_channel,0,100003,discriminative_score,42.0,0.1865853658536586,/path/to/PETS-FFT-Ablation/results/reviewer2_representation_etth128/generation/frequency_as_channel/seed_0/draw_100003/metric_discriminative_score_42.json
Frequency-as-Channel,frequency_as_channel,0,100003,discriminative_score,123.0,0.19451219512195117,/path/to/PETS-FFT-Ablation/results/reviewer2_representation_etth128/generation/frequency_as_channel/seed_0/draw_100003/metric_discriminative_score_123.json
Frequency-as-Channel,frequency_as_channel,0,100003,predictive_score,0.0,0.11189549922028164,/path/to/PETS-FFT-Ablation/results/reviewer2_representation_etth128/generation/frequency_as_channel/seed_0/draw_100003/metric_predictive_score_0.json
Frequency-as-Channel,frequency_as_channel,0,100003,predictive_score,42.0,0.1216695245734627,/path/to/PETS-FFT-Ablation/results/reviewer2_representation_etth128/generation/frequency_as_channel/seed_0/draw_100003/metric_predictive_score_42.json
Frequency-as-Channel,frequency_as_channel,0,100003,predictive_score,123.0,0.11735373254396109,/path/to/PETS-FFT-Ablation/results/reviewer2_representation_etth128/generation/frequency_as_channel/seed_0/draw_100003/metric_predictive_score_123.json
Frequency-as-Channel,frequency_as_channel,0,100004,context_fid,0.0,0.6551983644880104,/path/to/PETS-FFT-Ablation/results/reviewer2_representation_etth128/generation/frequency_as_channel/seed_0/draw_100004/metric_context_fid_0.json
Frequency-as-Channel,frequency_as_channel,0,100004,context_fid,42.0,0.7400250555636868,/path/to/PETS-FFT-Ablation/results/reviewer2_representation_etth128/generation/frequency_as_channel/seed_0/draw_100004/metric_context_fid_42.json
Frequency-as-Channel,frequency_as_channel,0,100004,context_fid,123.0,0.6416507773930588,/path/to/PETS-FFT-Ablation/results/reviewer2_representation_etth128/generation/frequency_as_channel/seed_0/draw_100004/metric_context_fid_123.json
Frequency-as-Channel,frequency_as_channel,0,100004,correlational_score,,0.12245877087116241,/path/to/PETS-FFT-Ablation/results/reviewer2_representation_etth128/generation/frequency_as_channel/seed_0/draw_100004/metric_correlational_score_det.json
Frequency-as-Channel,frequency_as_channel,0,100004,discriminative_score,0.0,0.18902439024390238,/path/to/PETS-FFT-Ablation/results/reviewer2_representation_etth128/generation/frequency_as_channel/seed_0/draw_100004/metric_discriminative_score_0.json
Frequency-as-Channel,frequency_as_channel,0,100004,discriminative_score,42.0,0.20487804878048776,/path/to/PETS-FFT-Ablation/results/reviewer2_representation_etth128/generation/frequency_as_channel/seed_0/draw_100004/metric_discriminative_score_42.json
Frequency-as-Channel,frequency_as_channel,0,100004,discriminative_score,123.0,0.16219512195121955,/path/to/PETS-FFT-Ablation/results/reviewer2_representation_etth128/generation/frequency_as_channel/seed_0/draw_100004/metric_discriminative_score_123.json
Frequency-as-Channel,frequency_as_channel,0,100004,predictive_score,0.0,0.11082839469645478,/path/to/PETS-FFT-Ablation/results/reviewer2_representation_etth128/generation/frequency_as_channel/seed_0/draw_100004/metric_predictive_score_0.json
Frequency-as-Channel,frequency_as_channel,0,100004,predictive_score,42.0,0.12149697789982383,/path/to/PETS-FFT-Ablation/results/reviewer2_representation_etth128/generation/frequency_as_channel/seed_0/draw_100004/metric_predictive_score_42.json
Frequency-as-Channel,frequency_as_channel,0,100004,predictive_score,123.0,0.11780107137428786,/path/to/PETS-FFT-Ablation/results/reviewer2_representation_etth128/generation/frequency_as_channel/seed_0/draw_100004/metric_predictive_score_123.json
Frequency-as-Channel,frequency_as_channel,42,100000,context_fid,0.0,0.8624208182630955,/path/to/PETS-FFT-Ablation/results/reviewer2_representation_etth128/generation/frequency_as_channel/seed_42/draw_100000/metric_context_fid_0.json
Frequency-as-Channel,frequency_as_channel,42,100000,context_fid,42.0,0.9971821502501814,/path/to/PETS-FFT-Ablation/results/reviewer2_representation_etth128/generation/frequency_as_channel/seed_42/draw_100000/metric_context_fid_42.json
Frequency-as-Channel,frequency_as_channel,42,100000,context_fid,123.0,0.8475015145236318,/path/to/PETS-FFT-Ablation/results/reviewer2_representation_etth128/generation/frequency_as_channel/seed_42/draw_100000/metric_context_fid_123.json
Frequency-as-Channel,frequency_as_channel,42,100000,correlational_score,,0.1238950714468956,/path/to/PETS-FFT-Ablation/results/reviewer2_representation_etth128/generation/frequency_as_channel/seed_42/draw_100000/metric_correlational_score_det.json
Frequency-as-Channel,frequency_as_channel,42,100000,discriminative_score,0.0,0.15365853658536588,/path/to/PETS-FFT-Ablation/results/reviewer2_representation_etth128/generation/frequency_as_channel/seed_42/draw_100000/metric_discriminative_score_0.json
Frequency-as-Channel,frequency_as_channel,42,100000,discriminative_score,42.0,0.17987804878048785,/path/to/PETS-FFT-Ablation/results/reviewer2_representation_etth128/generation/frequency_as_channel/seed_42/draw_100000/metric_discriminative_score_42.json
Frequency-as-Channel,frequency_as_channel,42,100000,discriminative_score,123.0,0.12134146341463414,/path/to/PETS-FFT-Ablation/results/reviewer2_representation_etth128/generation/frequency_as_channel/seed_42/draw_100000/metric_discriminative_score_123.json
Frequency-as-Channel,frequency_as_channel,42,100000,predictive_score,0.0,0.11200065572620588,/path/to/PETS-FFT-Ablation/results/reviewer2_representation_etth128/generation/frequency_as_channel/seed_42/draw_100000/metric_predictive_score_0.json
Frequency-as-Channel,frequency_as_channel,42,100000,predictive_score,42.0,0.12157282151338222,/path/to/PETS-FFT-Ablation/results/reviewer2_representation_etth128/generation/frequency_as_channel/seed_42/draw_100000/metric_predictive_score_42.json
Frequency-as-Channel,frequency_as_channel,42,100000,predictive_score,123.0,0.11771065221682875,/path/to/PETS-FFT-Ablation/results/reviewer2_representation_etth128/generation/frequency_as_channel/seed_42/draw_100000/metric_predictive_score_123.json
Frequency-as-Channel,frequency_as_channel,42,100001,context_fid,0.0,0.8595392931030771,/path/to/PETS-FFT-Ablation/results/reviewer2_representation_etth128/generation/frequency_as_channel/seed_42/draw_100001/metric_context_fid_0.json
Frequency-as-Channel,frequency_as_channel,42,100001,context_fid,42.0,0.9913937678455245,/path/to/PETS-FFT-Ablation/results/reviewer2_representation_etth128/generation/frequency_as_channel/seed_42/draw_100001/metric_context_fid_42.json
Frequency-as-Channel,frequency_as_channel,42,100001,context_fid,123.0,0.8448922635632593,/path/to/PETS-FFT-Ablation/results/reviewer2_representation_etth128/generation/frequency_as_channel/seed_42/draw_100001/metric_context_fid_123.json
Frequency-as-Channel,frequency_as_channel,42,100001,correlational_score,,0.13077203929424286,/path/to/PETS-FFT-Ablation/results/reviewer2_representation_etth128/generation/frequency_as_channel/seed_42/draw_100001/metric_correlational_score_det.json
Frequency-as-Channel,frequency_as_channel,42,100001,discriminative_score,0.0,0.14756097560975612,/path/to/PETS-FFT-Ablation/results/reviewer2_representation_etth128/generation/frequency_as_channel/seed_42/draw_100001/metric_discriminative_score_0.json
Frequency-as-Channel,frequency_as_channel,42,100001,discriminative_score,42.0,0.17682926829268297,/path/to/PETS-FFT-Ablation/results/reviewer2_representation_etth128/generation/frequency_as_channel/seed_42/draw_100001/metric_discriminative_score_42.json
Frequency-as-Channel,frequency_as_channel,42,100001,discriminative_score,123.0,0.09085365853658534,/path/to/PETS-FFT-Ablation/results/reviewer2_representation_etth128/generation/frequency_as_channel/seed_42/draw_100001/metric_discriminative_score_123.json
Frequency-as-Channel,frequency_as_channel,42,100001,predictive_score,0.0,0.10936898610998469,/path/to/PETS-FFT-Ablation/results/reviewer2_representation_etth128/generation/frequency_as_channel/seed_42/draw_100001/metric_predictive_score_0.json
Frequency-as-Channel,frequency_as_channel,42,100001,predictive_score,42.0,0.12459091423852442,/path/to/PETS-FFT-Ablation/results/reviewer2_representation_etth128/generation/frequency_as_channel/seed_42/draw_100001/metric_predictive_score_42.json
Frequency-as-Channel,frequency_as_channel,42,100001,predictive_score,123.0,0.11856620872868007,/path/to/PETS-FFT-Ablation/results/reviewer2_representation_etth128/generation/frequency_as_channel/seed_42/draw_100001/metric_predictive_score_123.json
Frequency-as-Channel,frequency_as_channel,42,100002,context_fid,0.0,0.8277025229982431,/path/to/PETS-FFT-Ablation/results/reviewer2_representation_etth128/generation/frequency_as_channel/seed_42/draw_100002/metric_context_fid_0.json
Frequency-as-Channel,frequency_as_channel,42,100002,context_fid,42.0,0.9561273175627707,/path/to/PETS-FFT-Ablation/results/reviewer2_representation_etth128/generation/frequency_as_channel/seed_42/draw_100002/metric_context_fid_42.json
Frequency-as-Channel,frequency_as_channel,42,100002,context_fid,123.0,0.8168402219723531,/path/to/PETS-FFT-Ablation/results/reviewer2_representation_etth128/generation/frequency_as_channel/seed_42/draw_100002/metric_context_fid_123.json
Frequency-as-Channel,frequency_as_channel,42,100002,correlational_score,,0.12835350632667542,/path/to/PETS-FFT-Ablation/results/reviewer2_representation_etth128/generation/frequency_as_channel/seed_42/draw_100002/metric_correlational_score_det.json
Frequency-as-Channel,frequency_as_channel,42,100002,discriminative_score,0.0,0.14634146341463417,/path/to/PETS-FFT-Ablation/results/reviewer2_representation_etth128/generation/frequency_as_channel/seed_42/draw_100002/metric_discriminative_score_0.json
Frequency-as-Channel,frequency_as_channel,42,100002,discriminative_score,42.0,0.17804878048780493,/path/to/PETS-FFT-Ablation/results/reviewer2_representation_etth128/generation/frequency_as_channel/seed_42/draw_100002/metric_discriminative_score_42.json
Frequency-as-Channel,frequency_as_channel,42,100002,discriminative_score,123.0,0.12560975609756098,/path/to/PETS-FFT-Ablation/results/reviewer2_representation_etth128/generation/frequency_as_channel/seed_42/draw_100002/metric_discriminative_score_123.json
Frequency-as-Channel,frequency_as_channel,42,100002,predictive_score,0.0,0.11098599190972891,/path/to/PETS-FFT-Ablation/results/reviewer2_representation_etth128/generation/frequency_as_channel/seed_42/draw_100002/metric_predictive_score_0.json
Frequency-as-Channel,frequency_as_channel,42,100002,predictive_score,42.0,0.12266499777797435,/path/to/PETS-FFT-Ablation/results/reviewer2_representation_etth128/generation/frequency_as_channel/seed_42/draw_100002/metric_predictive_score_42.json
Frequency-as-Channel,frequency_as_channel,42,100002,predictive_score,123.0,0.11822483531841499,/path/to/PETS-FFT-Ablation/results/reviewer2_representation_etth128/generation/frequency_as_channel/seed_42/draw_100002/metric_predictive_score_123.json
Frequency-as-Channel,frequency_as_channel,42,100003,context_fid,0.0,0.8361106134321036,/path/to/PETS-FFT-Ablation/results/reviewer2_representation_etth128/generation/frequency_as_channel/seed_42/draw_100003/metric_context_fid_0.json
Frequency-as-Channel,frequency_as_channel,42,100003,context_fid,42.0,0.9615703909679494,/path/to/PETS-FFT-Ablation/results/reviewer2_representation_etth128/generation/frequency_as_channel/seed_42/draw_100003/metric_context_fid_42.json
Frequency-as-Channel,frequency_as_channel,42,100003,context_fid,123.0,0.8333335775477029,/path/to/PETS-FFT-Ablation/results/reviewer2_representation_etth128/generation/frequency_as_channel/seed_42/draw_100003/metric_context_fid_123.json
Frequency-as-Channel,frequency_as_channel,42,100003,correlational_score,,0.1314733922481537,/path/to/PETS-FFT-Ablation/results/reviewer2_representation_etth128/generation/frequency_as_channel/seed_42/draw_100003/metric_correlational_score_det.json
Frequency-as-Channel,frequency_as_channel,42,100003,discriminative_score,0.0,0.16158536585365857,/path/to/PETS-FFT-Ablation/results/reviewer2_representation_etth128/generation/frequency_as_channel/seed_42/draw_100003/metric_discriminative_score_0.json
Frequency-as-Channel,frequency_as_channel,42,100003,discriminative_score,42.0,0.18048780487804883,/path/to/PETS-FFT-Ablation/results/reviewer2_representation_etth128/generation/frequency_as_channel/seed_42/draw_100003/metric_discriminative_score_42.json
Frequency-as-Channel,frequency_as_channel,42,100003,discriminative_score,123.0,0.12317073170731707,/path/to/PETS-FFT-Ablation/results/reviewer2_representation_etth128/generation/frequency_as_channel/seed_42/draw_100003/metric_discriminative_score_123.json
Frequency-as-Channel,frequency_as_channel,42,100003,predictive_score,0.0,0.10960910690118908,/path/to/PETS-FFT-Ablation/results/reviewer2_representation_etth128/generation/frequency_as_channel/seed_42/draw_100003/metric_predictive_score_0.json
Frequency-as-Channel,frequency_as_channel,42,100003,predictive_score,42.0,0.1224983226452423,/path/to/PETS-FFT-Ablation/results/reviewer2_representation_etth128/generation/frequency_as_channel/seed_42/draw_100003/metric_predictive_score_42.json
Frequency-as-Channel,frequency_as_channel,42,100003,predictive_score,123.0,0.11805625678425713,/path/to/PETS-FFT-Ablation/results/reviewer2_representation_etth128/generation/frequency_as_channel/seed_42/draw_100003/metric_predictive_score_123.json
Frequency-as-Channel,frequency_as_channel,42,100004,context_fid,0.0,0.8449843515661875,/path/to/PETS-FFT-Ablation/results/reviewer2_representation_etth128/generation/frequency_as_channel/seed_42/draw_100004/metric_context_fid_0.json
Frequency-as-Channel,frequency_as_channel,42,100004,context_fid,42.0,0.9786742435481348,/path/to/PETS-FFT-Ablation/results/reviewer2_representation_etth128/generation/frequency_as_channel/seed_42/draw_100004/metric_context_fid_42.json
Frequency-as-Channel,frequency_as_channel,42,100004,context_fid,123.0,0.8258004302539376,/path/to/PETS-FFT-Ablation/results/reviewer2_representation_etth128/generation/frequency_as_channel/seed_42/draw_100004/metric_context_fid_123.json
Frequency-as-Channel,frequency_as_channel,42,100004,correlational_score,,0.11418385803699493,/path/to/PETS-FFT-Ablation/results/reviewer2_representation_etth128/generation/frequency_as_channel/seed_42/draw_100004/metric_correlational_score_det.json
Frequency-as-Channel,frequency_as_channel,42,100004,discriminative_score,0.0,0.1585365853658537,/path/to/PETS-FFT-Ablation/results/reviewer2_representation_etth128/generation/frequency_as_channel/seed_42/draw_100004/metric_discriminative_score_0.json
Frequency-as-Channel,frequency_as_channel,42,100004,discriminative_score,42.0,0.12378048780487805,/path/to/PETS-FFT-Ablation/results/reviewer2_representation_etth128/generation/frequency_as_channel/seed_42/draw_100004/metric_discriminative_score_42.json
Frequency-as-Channel,frequency_as_channel,42,100004,discriminative_score,123.0,0.12804878048780488,/path/to/PETS-FFT-Ablation/results/reviewer2_representation_etth128/generation/frequency_as_channel/seed_42/draw_100004/metric_discriminative_score_123.json
Frequency-as-Channel,frequency_as_channel,42,100004,predictive_score,0.0,0.11040073731646771,/path/to/PETS-FFT-Ablation/results/reviewer2_representation_etth128/generation/frequency_as_channel/seed_42/draw_100004/metric_predictive_score_0.json
Frequency-as-Channel,frequency_as_channel,42,100004,predictive_score,42.0,0.121434528878126,/path/to/PETS-FFT-Ablation/results/reviewer2_representation_etth128/generation/frequency_as_channel/seed_42/draw_100004/metric_predictive_score_42.json
Frequency-as-Channel,frequency_as_channel,42,100004,predictive_score,123.0,0.1167876233644165,/path/to/PETS-FFT-Ablation/results/reviewer2_representation_etth128/generation/frequency_as_channel/seed_42/draw_100004/metric_predictive_score_123.json
Frequency-as-Channel,frequency_as_channel,123,100000,context_fid,0.0,0.8908243029867937,/path/to/PETS-FFT-Ablation/results/reviewer2_representation_etth128/generation/frequency_as_channel/seed_123/draw_100000/metric_context_fid_0.json
Frequency-as-Channel,frequency_as_channel,123,100000,context_fid,42.0,1.0163956183854777,/path/to/PETS-FFT-Ablation/results/reviewer2_representation_etth128/generation/frequency_as_channel/seed_123/draw_100000/metric_context_fid_42.json
Frequency-as-Channel,frequency_as_channel,123,100000,context_fid,123.0,0.9015741351872788,/path/to/PETS-FFT-Ablation/results/reviewer2_representation_etth128/generation/frequency_as_channel/seed_123/draw_100000/metric_context_fid_123.json
Frequency-as-Channel,frequency_as_channel,123,100000,correlational_score,,0.1188138872385025,/path/to/PETS-FFT-Ablation/results/reviewer2_representation_etth128/generation/frequency_as_channel/seed_123/draw_100000/metric_correlational_score_det.json
Frequency-as-Channel,frequency_as_channel,123,100000,discriminative_score,0.0,0.17195121951219516,/path/to/PETS-FFT-Ablation/results/reviewer2_representation_etth128/generation/frequency_as_channel/seed_123/draw_100000/metric_discriminative_score_0.json
Frequency-as-Channel,frequency_as_channel,123,100000,discriminative_score,42.0,0.18597560975609762,/path/to/PETS-FFT-Ablation/results/reviewer2_representation_etth128/generation/frequency_as_channel/seed_123/draw_100000/metric_discriminative_score_42.json
Frequency-as-Channel,frequency_as_channel,123,100000,discriminative_score,123.0,0.1121951219512195,/path/to/PETS-FFT-Ablation/results/reviewer2_representation_etth128/generation/frequency_as_channel/seed_123/draw_100000/metric_discriminative_score_123.json
Frequency-as-Channel,frequency_as_channel,123,100000,predictive_score,0.0,0.11380129653753102,/path/to/PETS-FFT-Ablation/results/reviewer2_representation_etth128/generation/frequency_as_channel/seed_123/draw_100000/metric_predictive_score_0.json
Frequency-as-Channel,frequency_as_channel,123,100000,predictive_score,42.0,0.12349739939327264,/path/to/PETS-FFT-Ablation/results/reviewer2_representation_etth128/generation/frequency_as_channel/seed_123/draw_100000/metric_predictive_score_42.json
Frequency-as-Channel,frequency_as_channel,123,100000,predictive_score,123.0,0.12151594542774546,/path/to/PETS-FFT-Ablation/results/reviewer2_representation_etth128/generation/frequency_as_channel/seed_123/draw_100000/metric_predictive_score_123.json
Frequency-as-Channel,frequency_as_channel,123,100001,context_fid,0.0,0.9298183717069084,/path/to/PETS-FFT-Ablation/results/reviewer2_representation_etth128/generation/frequency_as_channel/seed_123/draw_100001/metric_context_fid_0.json
Frequency-as-Channel,frequency_as_channel,123,100001,context_fid,42.0,1.0604581866449925,/path/to/PETS-FFT-Ablation/results/reviewer2_representation_etth128/generation/frequency_as_channel/seed_123/draw_100001/metric_context_fid_42.json
Frequency-as-Channel,frequency_as_channel,123,100001,context_fid,123.0,0.9439747135046721,/path/to/PETS-FFT-Ablation/results/reviewer2_representation_etth128/generation/frequency_as_channel/seed_123/draw_100001/metric_context_fid_123.json
Frequency-as-Channel,frequency_as_channel,123,100001,correlational_score,,0.1264013648033142,/path/to/PETS-FFT-Ablation/results/reviewer2_representation_etth128/generation/frequency_as_channel/seed_123/draw_100001/metric_correlational_score_det.json
Frequency-as-Channel,frequency_as_channel,123,100001,discriminative_score,0.0,0.176219512195122,/path/to/PETS-FFT-Ablation/results/reviewer2_representation_etth128/generation/frequency_as_channel/seed_123/draw_100001/metric_discriminative_score_0.json
Frequency-as-Channel,frequency_as_channel,123,100001,discriminative_score,42.0,0.1810975609756098,/path/to/PETS-FFT-Ablation/results/reviewer2_representation_etth128/generation/frequency_as_channel/seed_123/draw_100001/metric_discriminative_score_42.json
Frequency-as-Channel,frequency_as_channel,123,100001,discriminative_score,123.0,0.16524390243902443,/path/to/PETS-FFT-Ablation/results/reviewer2_representation_etth128/generation/frequency_as_channel/seed_123/draw_100001/metric_discriminative_score_123.json
Frequency-as-Channel,frequency_as_channel,123,100001,predictive_score,0.0,0.11558059001663423,/path/to/PETS-FFT-Ablation/results/reviewer2_representation_etth128/generation/frequency_as_channel/seed_123/draw_100001/metric_predictive_score_0.json
Frequency-as-Channel,frequency_as_channel,123,100001,predictive_score,42.0,0.12529495337366825,/path/to/PETS-FFT-Ablation/results/reviewer2_representation_etth128/generation/frequency_as_channel/seed_123/draw_100001/metric_predictive_score_42.json
Frequency-as-Channel,frequency_as_channel,123,100001,predictive_score,123.0,0.11979041163522197,/path/to/PETS-FFT-Ablation/results/reviewer2_representation_etth128/generation/frequency_as_channel/seed_123/draw_100001/metric_predictive_score_123.json
Frequency-as-Channel,frequency_as_channel,123,100002,context_fid,0.0,0.8796333282253648,/path/to/PETS-FFT-Ablation/results/reviewer2_representation_etth128/generation/frequency_as_channel/seed_123/draw_100002/metric_context_fid_0.json
Frequency-as-Channel,frequency_as_channel,123,100002,context_fid,42.0,1.0050040128670095,/path/to/PETS-FFT-Ablation/results/reviewer2_representation_etth128/generation/frequency_as_channel/seed_123/draw_100002/metric_context_fid_42.json
Frequency-as-Channel,frequency_as_channel,123,100002,context_fid,123.0,0.896422761751422,/path/to/PETS-FFT-Ablation/results/reviewer2_representation_etth128/generation/frequency_as_channel/seed_123/draw_100002/metric_context_fid_123.json
Frequency-as-Channel,frequency_as_channel,123,100002,correlational_score,,0.12290197610855103,/path/to/PETS-FFT-Ablation/results/reviewer2_representation_etth128/generation/frequency_as_channel/seed_123/draw_100002/metric_correlational_score_det.json
Frequency-as-Channel,frequency_as_channel,123,100002,discriminative_score,0.0,0.17012195121951224,/path/to/PETS-FFT-Ablation/results/reviewer2_representation_etth128/generation/frequency_as_channel/seed_123/draw_100002/metric_discriminative_score_0.json
Frequency-as-Channel,frequency_as_channel,123,100002,discriminative_score,42.0,0.18170731707317078,/path/to/PETS-FFT-Ablation/results/reviewer2_representation_etth128/generation/frequency_as_channel/seed_123/draw_100002/metric_discriminative_score_42.json
Frequency-as-Channel,frequency_as_channel,123,100002,discriminative_score,123.0,0.17439024390243907,/path/to/PETS-FFT-Ablation/results/reviewer2_representation_etth128/generation/frequency_as_channel/seed_123/draw_100002/metric_discriminative_score_123.json
Frequency-as-Channel,frequency_as_channel,123,100002,predictive_score,0.0,0.11544883564147312,/path/to/PETS-FFT-Ablation/results/reviewer2_representation_etth128/generation/frequency_as_channel/seed_123/draw_100002/metric_predictive_score_0.json
Frequency-as-Channel,frequency_as_channel,123,100002,predictive_score,42.0,0.12396161817150642,/path/to/PETS-FFT-Ablation/results/reviewer2_representation_etth128/generation/frequency_as_channel/seed_123/draw_100002/metric_predictive_score_42.json
Frequency-as-Channel,frequency_as_channel,123,100002,predictive_score,123.0,0.11914767466942067,/path/to/PETS-FFT-Ablation/results/reviewer2_representation_etth128/generation/frequency_as_channel/seed_123/draw_100002/metric_predictive_score_123.json
Frequency-as-Channel,frequency_as_channel,123,100003,context_fid,0.0,0.9335653492215628,/path/to/PETS-FFT-Ablation/results/reviewer2_representation_etth128/generation/frequency_as_channel/seed_123/draw_100003/metric_context_fid_0.json
Frequency-as-Channel,frequency_as_channel,123,100003,context_fid,42.0,1.0632059710984063,/path/to/PETS-FFT-Ablation/results/reviewer2_representation_etth128/generation/frequency_as_channel/seed_123/draw_100003/metric_context_fid_42.json
Frequency-as-Channel,frequency_as_channel,123,100003,context_fid,123.0,0.9622387390495926,/path/to/PETS-FFT-Ablation/results/reviewer2_representation_etth128/generation/frequency_as_channel/seed_123/draw_100003/metric_context_fid_123.json
Frequency-as-Channel,frequency_as_channel,123,100003,correlational_score,,0.129184290766716,/path/to/PETS-FFT-Ablation/results/reviewer2_representation_etth128/generation/frequency_as_channel/seed_123/draw_100003/metric_correlational_score_det.json
Frequency-as-Channel,frequency_as_channel,123,100003,discriminative_score,0.0,0.1939024390243902,/path/to/PETS-FFT-Ablation/results/reviewer2_representation_etth128/generation/frequency_as_channel/seed_123/draw_100003/metric_discriminative_score_0.json
Frequency-as-Channel,frequency_as_channel,123,100003,discriminative_score,42.0,0.18902439024390238,/path/to/PETS-FFT-Ablation/results/reviewer2_representation_etth128/generation/frequency_as_channel/seed_123/draw_100003/metric_discriminative_score_42.json
Frequency-as-Channel,frequency_as_channel,123,100003,discriminative_score,123.0,0.19817073170731703,/path/to/PETS-FFT-Ablation/results/reviewer2_representation_etth128/generation/frequency_as_channel/seed_123/draw_100003/metric_discriminative_score_123.json
Frequency-as-Channel,frequency_as_channel,123,100003,predictive_score,0.0,0.11256772516981073,/path/to/PETS-FFT-Ablation/results/reviewer2_representation_etth128/generation/frequency_as_channel/seed_123/draw_100003/metric_predictive_score_0.json
Frequency-as-Channel,frequency_as_channel,123,100003,predictive_score,42.0,0.12323814070396111,/path/to/PETS-FFT-Ablation/results/reviewer2_representation_etth128/generation/frequency_as_channel/seed_123/draw_100003/metric_predictive_score_42.json
Frequency-as-Channel,frequency_as_channel,123,100003,predictive_score,123.0,0.11924291160357825,/path/to/PETS-FFT-Ablation/results/reviewer2_representation_etth128/generation/frequency_as_channel/seed_123/draw_100003/metric_predictive_score_123.json
Frequency-as-Channel,frequency_as_channel,123,100004,context_fid,0.0,0.9045614266824659,/path/to/PETS-FFT-Ablation/results/reviewer2_representation_etth128/generation/frequency_as_channel/seed_123/draw_100004/metric_context_fid_0.json
Frequency-as-Channel,frequency_as_channel,123,100004,context_fid,42.0,1.0386773304547594,/path/to/PETS-FFT-Ablation/results/reviewer2_representation_etth128/generation/frequency_as_channel/seed_123/draw_100004/metric_context_fid_42.json
Frequency-as-Channel,frequency_as_channel,123,100004,context_fid,123.0,0.9158067003032961,/path/to/PETS-FFT-Ablation/results/reviewer2_representation_etth128/generation/frequency_as_channel/seed_123/draw_100004/metric_context_fid_123.json
Frequency-as-Channel,frequency_as_channel,123,100004,correlational_score,,0.11197469383478165,/path/to/PETS-FFT-Ablation/results/reviewer2_representation_etth128/generation/frequency_as_channel/seed_123/draw_100004/metric_correlational_score_det.json
Frequency-as-Channel,frequency_as_channel,123,100004,discriminative_score,0.0,0.19268292682926824,/path/to/PETS-FFT-Ablation/results/reviewer2_representation_etth128/generation/frequency_as_channel/seed_123/draw_100004/metric_discriminative_score_0.json
Frequency-as-Channel,frequency_as_channel,123,100004,discriminative_score,42.0,0.198780487804878,/path/to/PETS-FFT-Ablation/results/reviewer2_representation_etth128/generation/frequency_as_channel/seed_123/draw_100004/metric_discriminative_score_42.json
Frequency-as-Channel,frequency_as_channel,123,100004,discriminative_score,123.0,0.11951219512195121,/path/to/PETS-FFT-Ablation/results/reviewer2_representation_etth128/generation/frequency_as_channel/seed_123/draw_100004/metric_discriminative_score_123.json
Frequency-as-Channel,frequency_as_channel,123,100004,predictive_score,0.0,0.11383302878130053,/path/to/PETS-FFT-Ablation/results/reviewer2_representation_etth128/generation/frequency_as_channel/seed_123/draw_100004/metric_predictive_score_0.json
Frequency-as-Channel,frequency_as_channel,123,100004,predictive_score,42.0,0.1233471534014825,/path/to/PETS-FFT-Ablation/results/reviewer2_representation_etth128/generation/frequency_as_channel/seed_123/draw_100004/metric_predictive_score_42.json
Frequency-as-Channel,frequency_as_channel,123,100004,predictive_score,123.0,0.11808508391732175,/path/to/PETS-FFT-Ablation/results/reviewer2_representation_etth128/generation/frequency_as_channel/seed_123/draw_100004/metric_predictive_score_123.json
