dataset,split,window_index,origin_row,history_start,history_end,target_start,target_end,maximum_period_bank_row,causal
ETTh,DEV_VAL,0,13936,13872,13935,13936,13999,13935,True
ETTh,DEV_VAL,1,13937,13873,13936,13937,14000,13936,True
ETTh,DEV_VAL,2,13938,13874,13937,13938,14001,13937,True
ETTh,DEV_VAL,3,13939,13875,13938,13939,14002,13938,True
ETTh,DEV_VAL,4,13940,13876,13939,13940,14003,13939,True
ETTh,DEV_VAL,5,13941,13877,13940,13941,14004,13940,True
ETTh,DEV_VAL,6,13942,13878,13941,13942,14005,13941,True
ETTh,DEV_VAL,7,13943,13879,13942,13943,14006,13942,True
ETTh,DEV_VAL,8,13944,13880,13943,13944,14007,13943,True
ETTh,DEV_VAL,9,13945,13881,13944,13945,14008,13944,True
ETTh,DEV_VAL,10,13946,13882,13945,13946,14009,13945,True
ETTh,DEV_VAL,11,13947,13883,13946,13947,14010,13946,True
ETTh,DEV_VAL,12,13948,13884,13947,13948,14011,13947,True
ETTh,DEV_VAL,13,13949,13885,13948,13949,14012,13948,True
ETTh,DEV_VAL,14,13950,13886,13949,13950,14013,13949,True
ETTh,DEV_VAL,15,13951,13887,13950,13951,14014,13950,True
ETTh,DEV_VAL,16,13952,13888,13951,13952,14015,13951,True
ETTh,DEV_VAL,17,13953,13889,13952,13953,14016,13952,True
ETTh,DEV_VAL,18,13954,13890,13953,13954,14017,13953,True
ETTh,DEV_VAL,19,13955,13891,13954,13955,14018,13954,True
ETTh,DEV_VAL,20,13956,13892,13955,13956,14019,13955,True
ETTh,DEV_VAL,21,13957,13893,13956,13957,14020,13956,True
ETTh,DEV_VAL,22,13958,13894,13957,13958,14021,13957,True
ETTh,DEV_VAL,23,13959,13895,13958,13959,14022,13958,True
ETTh,DEV_VAL,24,13960,13896,13959,13960,14023,13959,True
ETTh,DEV_VAL,25,13961,13897,13960,13961,14024,13960,True
ETTh,DEV_VAL,26,13962,13898,13961,13962,14025,13961,True
ETTh,DEV_VAL,27,13963,13899,13962,13963,14026,13962,True
ETTh,DEV_VAL,28,13964,13900,13963,13964,14027,13963,True
ETTh,DEV_VAL,29,13965,13901,13964,13965,14028,13964,True
ETTh,DEV_VAL,30,13966,13902,13965,13966,14029,13965,True
ETTh,DEV_VAL,31,13967,13903,13966,13967,14030,13966,True
ETTh,DEV_VAL,32,13968,13904,13967,13968,14031,13967,True
ETTh,DEV_VAL,33,13969,13905,13968,13969,14032,13968,True
ETTh,DEV_VAL,34,13970,13906,13969,13970,14033,13969,True
ETTh,DEV_VAL,35,13971,13907,13970,13971,14034,13970,True
ETTh,DEV_VAL,36,13972,13908,13971,13972,14035,13971,True
ETTh,DEV_VAL,37,13973,13909,13972,13973,14036,13972,True
ETTh,DEV_VAL,38,13974,13910,13973,13974,14037,13973,True
ETTh,DEV_VAL,39,13975,13911,13974,13975,14038,13974,True
ETTh,DEV_VAL,40,13976,13912,13975,13976,14039,13975,True
ETTh,DEV_VAL,41,13977,13913,13976,13977,14040,13976,True
ETTh,DEV_VAL,42,13978,13914,13977,13978,14041,13977,True
ETTh,DEV_VAL,43,13979,13915,13978,13979,14042,13978,True
ETTh,DEV_VAL,44,13980,13916,13979,13980,14043,13979,True
ETTh,DEV_VAL,45,13981,13917,13980,13981,14044,13980,True
ETTh,DEV_VAL,46,13982,13918,13981,13982,14045,13981,True
ETTh,DEV_VAL,47,13983,13919,13982,13983,14046,13982,True
ETTh,DEV_VAL,48,13984,13920,13983,13984,14047,13983,True
ETTh,DEV_VAL,49,13985,13921,13984,13985,14048,13984,True
ETTh,DEV_VAL,50,13986,13922,13985,13986,14049,13985,True
ETTh,DEV_VAL,51,13987,13923,13986,13987,14050,13986,True
ETTh,DEV_VAL,52,13988,13924,13987,13988,14051,13987,True
ETTh,DEV_VAL,53,13989,13925,13988,13989,14052,13988,True
ETTh,DEV_VAL,54,13990,13926,13989,13990,14053,13989,True
ETTh,DEV_VAL,55,13991,13927,13990,13991,14054,13990,True
ETTh,DEV_VAL,56,13992,13928,13991,13992,14055,13991,True
ETTh,DEV_VAL,57,13993,13929,13992,13993,14056,13992,True
ETTh,DEV_VAL,58,13994,13930,13993,13994,14057,13993,True
ETTh,DEV_VAL,59,13995,13931,13994,13995,14058,13994,True
ETTh,DEV_VAL,60,13996,13932,13995,13996,14059,13995,True
ETTh,DEV_VAL,61,13997,13933,13996,13997,14060,13996,True
ETTh,DEV_VAL,62,13998,13934,13997,13998,14061,13997,True
ETTh,DEV_VAL,63,13999,13935,13998,13999,14062,13998,True
ETTh,DEV_VAL,64,14000,13936,13999,14000,14063,13999,True
ETTh,DEV_VAL,65,14001,13937,14000,14001,14064,14000,True
ETTh,DEV_VAL,66,14002,13938,14001,14002,14065,14001,True
ETTh,DEV_VAL,67,14003,13939,14002,14003,14066,14002,True
ETTh,DEV_VAL,68,14004,13940,14003,14004,14067,14003,True
ETTh,DEV_VAL,69,14005,13941,14004,14005,14068,14004,True
ETTh,DEV_VAL,70,14006,13942,14005,14006,14069,14005,True
ETTh,DEV_VAL,71,14007,13943,14006,14007,14070,14006,True
ETTh,DEV_VAL,72,14008,13944,14007,14008,14071,14007,True
ETTh,DEV_VAL,73,14009,13945,14008,14009,14072,14008,True
ETTh,DEV_VAL,74,14010,13946,14009,14010,14073,14009,True
ETTh,DEV_VAL,75,14011,13947,14010,14011,14074,14010,True
ETTh,DEV_VAL,76,14012,13948,14011,14012,14075,14011,True
ETTh,DEV_VAL,77,14013,13949,14012,14013,14076,14012,True
ETTh,DEV_VAL,78,14014,13950,14013,14014,14077,14013,True
ETTh,DEV_VAL,79,14015,13951,14014,14015,14078,14014,True
ETTh,DEV_VAL,80,14016,13952,14015,14016,14079,14015,True
ETTh,DEV_VAL,81,14017,13953,14016,14017,14080,14016,True
ETTh,DEV_VAL,82,14018,13954,14017,14018,14081,14017,True
ETTh,DEV_VAL,83,14019,13955,14018,14019,14082,14018,True
ETTh,DEV_VAL,84,14020,13956,14019,14020,14083,14019,True
ETTh,DEV_VAL,85,14021,13957,14020,14021,14084,14020,True
ETTh,DEV_VAL,86,14022,13958,14021,14022,14085,14021,True
ETTh,DEV_VAL,87,14023,13959,14022,14023,14086,14022,True
ETTh,DEV_VAL,88,14024,13960,14023,14024,14087,14023,True
ETTh,DEV_VAL,89,14025,13961,14024,14025,14088,14024,True
ETTh,DEV_VAL,90,14026,13962,14025,14026,14089,14025,True
ETTh,DEV_VAL,91,14027,13963,14026,14027,14090,14026,True
ETTh,DEV_VAL,92,14028,13964,14027,14028,14091,14027,True
ETTh,DEV_VAL,93,14029,13965,14028,14029,14092,14028,True
ETTh,DEV_VAL,94,14030,13966,14029,14030,14093,14029,True
ETTh,DEV_VAL,95,14031,13967,14030,14031,14094,14030,True
ETTh,DEV_VAL,96,14032,13968,14031,14032,14095,14031,True
ETTh,DEV_VAL,97,14033,13969,14032,14033,14096,14032,True
ETTh,DEV_VAL,98,14034,13970,14033,14034,14097,14033,True
ETTh,DEV_VAL,99,14035,13971,14034,14035,14098,14034,True
ETTh,DEV_VAL,100,14036,13972,14035,14036,14099,14035,True
ETTh,DEV_VAL,101,14037,13973,14036,14037,14100,14036,True
ETTh,DEV_VAL,102,14038,13974,14037,14038,14101,14037,True
ETTh,DEV_VAL,103,14039,13975,14038,14039,14102,14038,True
ETTh,DEV_VAL,104,14040,13976,14039,14040,14103,14039,True
ETTh,DEV_VAL,105,14041,13977,14040,14041,14104,14040,True
ETTh,DEV_VAL,106,14042,13978,14041,14042,14105,14041,True
ETTh,DEV_VAL,107,14043,13979,14042,14043,14106,14042,True
ETTh,DEV_VAL,108,14044,13980,14043,14044,14107,14043,True
ETTh,DEV_VAL,109,14045,13981,14044,14045,14108,14044,True
ETTh,DEV_VAL,110,14046,13982,14045,14046,14109,14045,True
ETTh,DEV_VAL,111,14047,13983,14046,14047,14110,14046,True
ETTh,DEV_VAL,112,14048,13984,14047,14048,14111,14047,True
ETTh,DEV_VAL,113,14049,13985,14048,14049,14112,14048,True
ETTh,DEV_VAL,114,14050,13986,14049,14050,14113,14049,True
ETTh,DEV_VAL,115,14051,13987,14050,14051,14114,14050,True
ETTh,DEV_VAL,116,14052,13988,14051,14052,14115,14051,True
ETTh,DEV_VAL,117,14053,13989,14052,14053,14116,14052,True
ETTh,DEV_VAL,118,14054,13990,14053,14054,14117,14053,True
ETTh,DEV_VAL,119,14055,13991,14054,14055,14118,14054,True
ETTh,DEV_VAL,120,14056,13992,14055,14056,14119,14055,True
ETTh,DEV_VAL,121,14057,13993,14056,14057,14120,14056,True
ETTh,DEV_VAL,122,14058,13994,14057,14058,14121,14057,True
ETTh,DEV_VAL,123,14059,13995,14058,14059,14122,14058,True
ETTh,DEV_VAL,124,14060,13996,14059,14060,14123,14059,True
ETTh,DEV_VAL,125,14061,13997,14060,14061,14124,14060,True
ETTh,DEV_VAL,126,14062,13998,14061,14062,14125,14061,True
ETTh,DEV_VAL,127,14063,13999,14062,14063,14126,14062,True
ETTh,DEV_VAL,128,14064,14000,14063,14064,14127,14063,True
ETTh,DEV_VAL,129,14065,14001,14064,14065,14128,14064,True
ETTh,DEV_VAL,130,14066,14002,14065,14066,14129,14065,True
ETTh,DEV_VAL,131,14067,14003,14066,14067,14130,14066,True
ETTh,DEV_VAL,132,14068,14004,14067,14068,14131,14067,True
ETTh,DEV_VAL,133,14069,14005,14068,14069,14132,14068,True
ETTh,DEV_VAL,134,14070,14006,14069,14070,14133,14069,True
ETTh,DEV_VAL,135,14071,14007,14070,14071,14134,14070,True
ETTh,DEV_VAL,136,14072,14008,14071,14072,14135,14071,True
ETTh,DEV_VAL,137,14073,14009,14072,14073,14136,14072,True
ETTh,DEV_VAL,138,14074,14010,14073,14074,14137,14073,True
ETTh,DEV_VAL,139,14075,14011,14074,14075,14138,14074,True
ETTh,DEV_VAL,140,14076,14012,14075,14076,14139,14075,True
ETTh,DEV_VAL,141,14077,14013,14076,14077,14140,14076,True
ETTh,DEV_VAL,142,14078,14014,14077,14078,14141,14077,True
ETTh,DEV_VAL,143,14079,14015,14078,14079,14142,14078,True
ETTh,DEV_VAL,144,14080,14016,14079,14080,14143,14079,True
ETTh,DEV_VAL,145,14081,14017,14080,14081,14144,14080,True
ETTh,DEV_VAL,146,14082,14018,14081,14082,14145,14081,True
ETTh,DEV_VAL,147,14083,14019,14082,14083,14146,14082,True
ETTh,DEV_VAL,148,14084,14020,14083,14084,14147,14083,True
ETTh,DEV_VAL,149,14085,14021,14084,14085,14148,14084,True
ETTh,DEV_VAL,150,14086,14022,14085,14086,14149,14085,True
ETTh,DEV_VAL,151,14087,14023,14086,14087,14150,14086,True
ETTh,DEV_VAL,152,14088,14024,14087,14088,14151,14087,True
ETTh,DEV_VAL,153,14089,14025,14088,14089,14152,14088,True
ETTh,DEV_VAL,154,14090,14026,14089,14090,14153,14089,True
ETTh,DEV_VAL,155,14091,14027,14090,14091,14154,14090,True
ETTh,DEV_VAL,156,14092,14028,14091,14092,14155,14091,True
ETTh,DEV_VAL,157,14093,14029,14092,14093,14156,14092,True
ETTh,DEV_VAL,158,14094,14030,14093,14094,14157,14093,True
ETTh,DEV_VAL,159,14095,14031,14094,14095,14158,14094,True
ETTh,DEV_VAL,160,14096,14032,14095,14096,14159,14095,True
ETTh,DEV_VAL,161,14097,14033,14096,14097,14160,14096,True
ETTh,DEV_VAL,162,14098,14034,14097,14098,14161,14097,True
ETTh,DEV_VAL,163,14099,14035,14098,14099,14162,14098,True
ETTh,DEV_VAL,164,14100,14036,14099,14100,14163,14099,True
ETTh,DEV_VAL,165,14101,14037,14100,14101,14164,14100,True
ETTh,DEV_VAL,166,14102,14038,14101,14102,14165,14101,True
ETTh,DEV_VAL,167,14103,14039,14102,14103,14166,14102,True
ETTh,DEV_VAL,168,14104,14040,14103,14104,14167,14103,True
ETTh,DEV_VAL,169,14105,14041,14104,14105,14168,14104,True
ETTh,DEV_VAL,170,14106,14042,14105,14106,14169,14105,True
ETTh,DEV_VAL,171,14107,14043,14106,14107,14170,14106,True
ETTh,DEV_VAL,172,14108,14044,14107,14108,14171,14107,True
ETTh,DEV_VAL,173,14109,14045,14108,14109,14172,14108,True
ETTh,DEV_VAL,174,14110,14046,14109,14110,14173,14109,True
ETTh,DEV_VAL,175,14111,14047,14110,14111,14174,14110,True
ETTh,DEV_VAL,176,14112,14048,14111,14112,14175,14111,True
ETTh,DEV_VAL,177,14113,14049,14112,14113,14176,14112,True
ETTh,DEV_VAL,178,14114,14050,14113,14114,14177,14113,True
ETTh,DEV_VAL,179,14115,14051,14114,14115,14178,14114,True
ETTh,DEV_VAL,180,14116,14052,14115,14116,14179,14115,True
ETTh,DEV_VAL,181,14117,14053,14116,14117,14180,14116,True
ETTh,DEV_VAL,182,14118,14054,14117,14118,14181,14117,True
ETTh,DEV_VAL,183,14119,14055,14118,14119,14182,14118,True
ETTh,DEV_VAL,184,14120,14056,14119,14120,14183,14119,True
ETTh,DEV_VAL,185,14121,14057,14120,14121,14184,14120,True
ETTh,DEV_VAL,186,14122,14058,14121,14122,14185,14121,True
ETTh,DEV_VAL,187,14123,14059,14122,14123,14186,14122,True
ETTh,DEV_VAL,188,14124,14060,14123,14124,14187,14123,True
ETTh,DEV_VAL,189,14125,14061,14124,14125,14188,14124,True
ETTh,DEV_VAL,190,14126,14062,14125,14126,14189,14125,True
ETTh,DEV_VAL,191,14127,14063,14126,14127,14190,14126,True
ETTh,DEV_VAL,192,14128,14064,14127,14128,14191,14127,True
ETTh,DEV_VAL,193,14129,14065,14128,14129,14192,14128,True
ETTh,DEV_VAL,194,14130,14066,14129,14130,14193,14129,True
ETTh,DEV_VAL,195,14131,14067,14130,14131,14194,14130,True
ETTh,DEV_VAL,196,14132,14068,14131,14132,14195,14131,True
ETTh,DEV_VAL,197,14133,14069,14132,14133,14196,14132,True
ETTh,DEV_VAL,198,14134,14070,14133,14134,14197,14133,True
ETTh,DEV_VAL,199,14135,14071,14134,14135,14198,14134,True
ETTh,DEV_VAL,200,14136,14072,14135,14136,14199,14135,True
ETTh,DEV_VAL,201,14137,14073,14136,14137,14200,14136,True
ETTh,DEV_VAL,202,14138,14074,14137,14138,14201,14137,True
ETTh,DEV_VAL,203,14139,14075,14138,14139,14202,14138,True
ETTh,DEV_VAL,204,14140,14076,14139,14140,14203,14139,True
ETTh,DEV_VAL,205,14141,14077,14140,14141,14204,14140,True
ETTh,DEV_VAL,206,14142,14078,14141,14142,14205,14141,True
ETTh,DEV_VAL,207,14143,14079,14142,14143,14206,14142,True
ETTh,DEV_VAL,208,14144,14080,14143,14144,14207,14143,True
ETTh,DEV_VAL,209,14145,14081,14144,14145,14208,14144,True
ETTh,DEV_VAL,210,14146,14082,14145,14146,14209,14145,True
ETTh,DEV_VAL,211,14147,14083,14146,14147,14210,14146,True
ETTh,DEV_VAL,212,14148,14084,14147,14148,14211,14147,True
ETTh,DEV_VAL,213,14149,14085,14148,14149,14212,14148,True
ETTh,DEV_VAL,214,14150,14086,14149,14150,14213,14149,True
ETTh,DEV_VAL,215,14151,14087,14150,14151,14214,14150,True
ETTh,DEV_VAL,216,14152,14088,14151,14152,14215,14151,True
ETTh,DEV_VAL,217,14153,14089,14152,14153,14216,14152,True
ETTh,DEV_VAL,218,14154,14090,14153,14154,14217,14153,True
ETTh,DEV_VAL,219,14155,14091,14154,14155,14218,14154,True
ETTh,DEV_VAL,220,14156,14092,14155,14156,14219,14155,True
ETTh,DEV_VAL,221,14157,14093,14156,14157,14220,14156,True
ETTh,DEV_VAL,222,14158,14094,14157,14158,14221,14157,True
ETTh,DEV_VAL,223,14159,14095,14158,14159,14222,14158,True
ETTh,DEV_VAL,224,14160,14096,14159,14160,14223,14159,True
ETTh,DEV_VAL,225,14161,14097,14160,14161,14224,14160,True
ETTh,DEV_VAL,226,14162,14098,14161,14162,14225,14161,True
ETTh,DEV_VAL,227,14163,14099,14162,14163,14226,14162,True
ETTh,DEV_VAL,228,14164,14100,14163,14164,14227,14163,True
ETTh,DEV_VAL,229,14165,14101,14164,14165,14228,14164,True
ETTh,DEV_VAL,230,14166,14102,14165,14166,14229,14165,True
ETTh,DEV_VAL,231,14167,14103,14166,14167,14230,14166,True
ETTh,DEV_VAL,232,14168,14104,14167,14168,14231,14167,True
ETTh,DEV_VAL,233,14169,14105,14168,14169,14232,14168,True
ETTh,DEV_VAL,234,14170,14106,14169,14170,14233,14169,True
ETTh,DEV_VAL,235,14171,14107,14170,14171,14234,14170,True
ETTh,DEV_VAL,236,14172,14108,14171,14172,14235,14171,True
ETTh,DEV_VAL,237,14173,14109,14172,14173,14236,14172,True
ETTh,DEV_VAL,238,14174,14110,14173,14174,14237,14173,True
ETTh,DEV_VAL,239,14175,14111,14174,14175,14238,14174,True
ETTh,DEV_VAL,240,14176,14112,14175,14176,14239,14175,True
ETTh,DEV_VAL,241,14177,14113,14176,14177,14240,14176,True
ETTh,DEV_VAL,242,14178,14114,14177,14178,14241,14177,True
ETTh,DEV_VAL,243,14179,14115,14178,14179,14242,14178,True
ETTh,DEV_VAL,244,14180,14116,14179,14180,14243,14179,True
ETTh,DEV_VAL,245,14181,14117,14180,14181,14244,14180,True
ETTh,DEV_VAL,246,14182,14118,14181,14182,14245,14181,True
ETTh,DEV_VAL,247,14183,14119,14182,14183,14246,14182,True
ETTh,DEV_VAL,248,14184,14120,14183,14184,14247,14183,True
ETTh,DEV_VAL,249,14185,14121,14184,14185,14248,14184,True
ETTh,DEV_VAL,250,14186,14122,14185,14186,14249,14185,True
ETTh,DEV_VAL,251,14187,14123,14186,14187,14250,14186,True
ETTh,DEV_VAL,252,14188,14124,14187,14188,14251,14187,True
ETTh,DEV_VAL,253,14189,14125,14188,14189,14252,14188,True
ETTh,DEV_VAL,254,14190,14126,14189,14190,14253,14189,True
ETTh,DEV_VAL,255,14191,14127,14190,14191,14254,14190,True
ETTh,DEV_VAL,256,14192,14128,14191,14192,14255,14191,True
ETTh,DEV_VAL,257,14193,14129,14192,14193,14256,14192,True
ETTh,DEV_VAL,258,14194,14130,14193,14194,14257,14193,True
ETTh,DEV_VAL,259,14195,14131,14194,14195,14258,14194,True
ETTh,DEV_VAL,260,14196,14132,14195,14196,14259,14195,True
ETTh,DEV_VAL,261,14197,14133,14196,14197,14260,14196,True
ETTh,DEV_VAL,262,14198,14134,14197,14198,14261,14197,True
ETTh,DEV_VAL,263,14199,14135,14198,14199,14262,14198,True
ETTh,DEV_VAL,264,14200,14136,14199,14200,14263,14199,True
ETTh,DEV_VAL,265,14201,14137,14200,14201,14264,14200,True
ETTh,DEV_VAL,266,14202,14138,14201,14202,14265,14201,True
ETTh,DEV_VAL,267,14203,14139,14202,14203,14266,14202,True
ETTh,DEV_VAL,268,14204,14140,14203,14204,14267,14203,True
ETTh,DEV_VAL,269,14205,14141,14204,14205,14268,14204,True
ETTh,DEV_VAL,270,14206,14142,14205,14206,14269,14205,True
ETTh,DEV_VAL,271,14207,14143,14206,14207,14270,14206,True
ETTh,DEV_VAL,272,14208,14144,14207,14208,14271,14207,True
ETTh,DEV_VAL,273,14209,14145,14208,14209,14272,14208,True
ETTh,DEV_VAL,274,14210,14146,14209,14210,14273,14209,True
ETTh,DEV_VAL,275,14211,14147,14210,14211,14274,14210,True
ETTh,DEV_VAL,276,14212,14148,14211,14212,14275,14211,True
ETTh,DEV_VAL,277,14213,14149,14212,14213,14276,14212,True
ETTh,DEV_VAL,278,14214,14150,14213,14214,14277,14213,True
ETTh,DEV_VAL,279,14215,14151,14214,14215,14278,14214,True
ETTh,DEV_VAL,280,14216,14152,14215,14216,14279,14215,True
ETTh,DEV_VAL,281,14217,14153,14216,14217,14280,14216,True
ETTh,DEV_VAL,282,14218,14154,14217,14218,14281,14217,True
ETTh,DEV_VAL,283,14219,14155,14218,14219,14282,14218,True
ETTh,DEV_VAL,284,14220,14156,14219,14220,14283,14219,True
ETTh,DEV_VAL,285,14221,14157,14220,14221,14284,14220,True
ETTh,DEV_VAL,286,14222,14158,14221,14222,14285,14221,True
ETTh,DEV_VAL,287,14223,14159,14222,14223,14286,14222,True
ETTh,DEV_VAL,288,14224,14160,14223,14224,14287,14223,True
ETTh,DEV_VAL,289,14225,14161,14224,14225,14288,14224,True
ETTh,DEV_VAL,290,14226,14162,14225,14226,14289,14225,True
ETTh,DEV_VAL,291,14227,14163,14226,14227,14290,14226,True
ETTh,DEV_VAL,292,14228,14164,14227,14228,14291,14227,True
ETTh,DEV_VAL,293,14229,14165,14228,14229,14292,14228,True
ETTh,DEV_VAL,294,14230,14166,14229,14230,14293,14229,True
ETTh,DEV_VAL,295,14231,14167,14230,14231,14294,14230,True
ETTh,DEV_VAL,296,14232,14168,14231,14232,14295,14231,True
ETTh,DEV_VAL,297,14233,14169,14232,14233,14296,14232,True
ETTh,DEV_VAL,298,14234,14170,14233,14234,14297,14233,True
ETTh,DEV_VAL,299,14235,14171,14234,14235,14298,14234,True
ETTh,DEV_VAL,300,14236,14172,14235,14236,14299,14235,True
ETTh,DEV_VAL,301,14237,14173,14236,14237,14300,14236,True
ETTh,DEV_VAL,302,14238,14174,14237,14238,14301,14237,True
ETTh,DEV_VAL,303,14239,14175,14238,14239,14302,14238,True
ETTh,DEV_VAL,304,14240,14176,14239,14240,14303,14239,True
ETTh,DEV_VAL,305,14241,14177,14240,14241,14304,14240,True
ETTh,DEV_VAL,306,14242,14178,14241,14242,14305,14241,True
ETTh,DEV_VAL,307,14243,14179,14242,14243,14306,14242,True
ETTh,DEV_VAL,308,14244,14180,14243,14244,14307,14243,True
ETTh,DEV_VAL,309,14245,14181,14244,14245,14308,14244,True
ETTh,DEV_VAL,310,14246,14182,14245,14246,14309,14245,True
ETTh,DEV_VAL,311,14247,14183,14246,14247,14310,14246,True
ETTh,DEV_VAL,312,14248,14184,14247,14248,14311,14247,True
ETTh,DEV_VAL,313,14249,14185,14248,14249,14312,14248,True
ETTh,DEV_VAL,314,14250,14186,14249,14250,14313,14249,True
ETTh,DEV_VAL,315,14251,14187,14250,14251,14314,14250,True
ETTh,DEV_VAL,316,14252,14188,14251,14252,14315,14251,True
ETTh,DEV_VAL,317,14253,14189,14252,14253,14316,14252,True
ETTh,DEV_VAL,318,14254,14190,14253,14254,14317,14253,True
ETTh,DEV_VAL,319,14255,14191,14254,14255,14318,14254,True
ETTh,DEV_VAL,320,14256,14192,14255,14256,14319,14255,True
ETTh,DEV_VAL,321,14257,14193,14256,14257,14320,14256,True
ETTh,DEV_VAL,322,14258,14194,14257,14258,14321,14257,True
ETTh,DEV_VAL,323,14259,14195,14258,14259,14322,14258,True
ETTh,DEV_VAL,324,14260,14196,14259,14260,14323,14259,True
ETTh,DEV_VAL,325,14261,14197,14260,14261,14324,14260,True
ETTh,DEV_VAL,326,14262,14198,14261,14262,14325,14261,True
ETTh,DEV_VAL,327,14263,14199,14262,14263,14326,14262,True
ETTh,DEV_VAL,328,14264,14200,14263,14264,14327,14263,True
ETTh,DEV_VAL,329,14265,14201,14264,14265,14328,14264,True
ETTh,DEV_VAL,330,14266,14202,14265,14266,14329,14265,True
ETTh,DEV_VAL,331,14267,14203,14266,14267,14330,14266,True
ETTh,DEV_VAL,332,14268,14204,14267,14268,14331,14267,True
ETTh,DEV_VAL,333,14269,14205,14268,14269,14332,14268,True
ETTh,DEV_VAL,334,14270,14206,14269,14270,14333,14269,True
ETTh,DEV_VAL,335,14271,14207,14270,14271,14334,14270,True
ETTh,DEV_VAL,336,14272,14208,14271,14272,14335,14271,True
ETTh,DEV_VAL,337,14273,14209,14272,14273,14336,14272,True
ETTh,DEV_VAL,338,14274,14210,14273,14274,14337,14273,True
ETTh,DEV_VAL,339,14275,14211,14274,14275,14338,14274,True
ETTh,DEV_VAL,340,14276,14212,14275,14276,14339,14275,True
ETTh,DEV_VAL,341,14277,14213,14276,14277,14340,14276,True
ETTh,DEV_VAL,342,14278,14214,14277,14278,14341,14277,True
ETTh,DEV_VAL,343,14279,14215,14278,14279,14342,14278,True
ETTh,DEV_VAL,344,14280,14216,14279,14280,14343,14279,True
ETTh,DEV_VAL,345,14281,14217,14280,14281,14344,14280,True
ETTh,DEV_VAL,346,14282,14218,14281,14282,14345,14281,True
ETTh,DEV_VAL,347,14283,14219,14282,14283,14346,14282,True
ETTh,DEV_VAL,348,14284,14220,14283,14284,14347,14283,True
ETTh,DEV_VAL,349,14285,14221,14284,14285,14348,14284,True
ETTh,DEV_VAL,350,14286,14222,14285,14286,14349,14285,True
ETTh,DEV_VAL,351,14287,14223,14286,14287,14350,14286,True
ETTh,DEV_VAL,352,14288,14224,14287,14288,14351,14287,True
ETTh,DEV_VAL,353,14289,14225,14288,14289,14352,14288,True
ETTh,DEV_VAL,354,14290,14226,14289,14290,14353,14289,True
ETTh,DEV_VAL,355,14291,14227,14290,14291,14354,14290,True
ETTh,DEV_VAL,356,14292,14228,14291,14292,14355,14291,True
ETTh,DEV_VAL,357,14293,14229,14292,14293,14356,14292,True
ETTh,DEV_VAL,358,14294,14230,14293,14294,14357,14293,True
ETTh,DEV_VAL,359,14295,14231,14294,14295,14358,14294,True
ETTh,DEV_VAL,360,14296,14232,14295,14296,14359,14295,True
ETTh,DEV_VAL,361,14297,14233,14296,14297,14360,14296,True
ETTh,DEV_VAL,362,14298,14234,14297,14298,14361,14297,True
ETTh,DEV_VAL,363,14299,14235,14298,14299,14362,14298,True
ETTh,DEV_VAL,364,14300,14236,14299,14300,14363,14299,True
ETTh,DEV_VAL,365,14301,14237,14300,14301,14364,14300,True
ETTh,DEV_VAL,366,14302,14238,14301,14302,14365,14301,True
ETTh,DEV_VAL,367,14303,14239,14302,14303,14366,14302,True
ETTh,DEV_VAL,368,14304,14240,14303,14304,14367,14303,True
ETTh,DEV_VAL,369,14305,14241,14304,14305,14368,14304,True
ETTh,DEV_VAL,370,14306,14242,14305,14306,14369,14305,True
ETTh,DEV_VAL,371,14307,14243,14306,14307,14370,14306,True
ETTh,DEV_VAL,372,14308,14244,14307,14308,14371,14307,True
ETTh,DEV_VAL,373,14309,14245,14308,14309,14372,14308,True
ETTh,DEV_VAL,374,14310,14246,14309,14310,14373,14309,True
ETTh,DEV_VAL,375,14311,14247,14310,14311,14374,14310,True
ETTh,DEV_VAL,376,14312,14248,14311,14312,14375,14311,True
ETTh,DEV_VAL,377,14313,14249,14312,14313,14376,14312,True
ETTh,DEV_VAL,378,14314,14250,14313,14314,14377,14313,True
ETTh,DEV_VAL,379,14315,14251,14314,14315,14378,14314,True
ETTh,DEV_VAL,380,14316,14252,14315,14316,14379,14315,True
ETTh,DEV_VAL,381,14317,14253,14316,14317,14380,14316,True
ETTh,DEV_VAL,382,14318,14254,14317,14318,14381,14317,True
ETTh,DEV_VAL,383,14319,14255,14318,14319,14382,14318,True
ETTh,DEV_VAL,384,14320,14256,14319,14320,14383,14319,True
ETTh,DEV_VAL,385,14321,14257,14320,14321,14384,14320,True
ETTh,DEV_VAL,386,14322,14258,14321,14322,14385,14321,True
ETTh,DEV_VAL,387,14323,14259,14322,14323,14386,14322,True
ETTh,DEV_VAL,388,14324,14260,14323,14324,14387,14323,True
ETTh,DEV_VAL,389,14325,14261,14324,14325,14388,14324,True
ETTh,DEV_VAL,390,14326,14262,14325,14326,14389,14325,True
ETTh,DEV_VAL,391,14327,14263,14326,14327,14390,14326,True
ETTh,DEV_VAL,392,14328,14264,14327,14328,14391,14327,True
ETTh,DEV_VAL,393,14329,14265,14328,14329,14392,14328,True
ETTh,DEV_VAL,394,14330,14266,14329,14330,14393,14329,True
ETTh,DEV_VAL,395,14331,14267,14330,14331,14394,14330,True
ETTh,DEV_VAL,396,14332,14268,14331,14332,14395,14331,True
ETTh,DEV_VAL,397,14333,14269,14332,14333,14396,14332,True
ETTh,DEV_VAL,398,14334,14270,14333,14334,14397,14333,True
ETTh,DEV_VAL,399,14335,14271,14334,14335,14398,14334,True
ETTh,DEV_VAL,400,14336,14272,14335,14336,14399,14335,True
ETTh,DEV_VAL,401,14337,14273,14336,14337,14400,14336,True
ETTh,DEV_VAL,402,14338,14274,14337,14338,14401,14337,True
ETTh,DEV_VAL,403,14339,14275,14338,14339,14402,14338,True
ETTh,DEV_VAL,404,14340,14276,14339,14340,14403,14339,True
ETTh,DEV_VAL,405,14341,14277,14340,14341,14404,14340,True
ETTh,DEV_VAL,406,14342,14278,14341,14342,14405,14341,True
ETTh,DEV_VAL,407,14343,14279,14342,14343,14406,14342,True
ETTh,DEV_VAL,408,14344,14280,14343,14344,14407,14343,True
ETTh,DEV_VAL,409,14345,14281,14344,14345,14408,14344,True
ETTh,DEV_VAL,410,14346,14282,14345,14346,14409,14345,True
ETTh,DEV_VAL,411,14347,14283,14346,14347,14410,14346,True
ETTh,DEV_VAL,412,14348,14284,14347,14348,14411,14347,True
ETTh,DEV_VAL,413,14349,14285,14348,14349,14412,14348,True
ETTh,DEV_VAL,414,14350,14286,14349,14350,14413,14349,True
ETTh,DEV_VAL,415,14351,14287,14350,14351,14414,14350,True
ETTh,DEV_VAL,416,14352,14288,14351,14352,14415,14351,True
ETTh,DEV_VAL,417,14353,14289,14352,14353,14416,14352,True
ETTh,DEV_VAL,418,14354,14290,14353,14354,14417,14353,True
ETTh,DEV_VAL,419,14355,14291,14354,14355,14418,14354,True
ETTh,DEV_VAL,420,14356,14292,14355,14356,14419,14355,True
ETTh,DEV_VAL,421,14357,14293,14356,14357,14420,14356,True
ETTh,DEV_VAL,422,14358,14294,14357,14358,14421,14357,True
ETTh,DEV_VAL,423,14359,14295,14358,14359,14422,14358,True
ETTh,DEV_VAL,424,14360,14296,14359,14360,14423,14359,True
ETTh,DEV_VAL,425,14361,14297,14360,14361,14424,14360,True
ETTh,DEV_VAL,426,14362,14298,14361,14362,14425,14361,True
ETTh,DEV_VAL,427,14363,14299,14362,14363,14426,14362,True
ETTh,DEV_VAL,428,14364,14300,14363,14364,14427,14363,True
ETTh,DEV_VAL,429,14365,14301,14364,14365,14428,14364,True
ETTh,DEV_VAL,430,14366,14302,14365,14366,14429,14365,True
ETTh,DEV_VAL,431,14367,14303,14366,14367,14430,14366,True
ETTh,DEV_VAL,432,14368,14304,14367,14368,14431,14367,True
ETTh,DEV_VAL,433,14369,14305,14368,14369,14432,14368,True
ETTh,DEV_VAL,434,14370,14306,14369,14370,14433,14369,True
ETTh,DEV_VAL,435,14371,14307,14370,14371,14434,14370,True
ETTh,DEV_VAL,436,14372,14308,14371,14372,14435,14371,True
ETTh,DEV_VAL,437,14373,14309,14372,14373,14436,14372,True
ETTh,DEV_VAL,438,14374,14310,14373,14374,14437,14373,True
ETTh,DEV_VAL,439,14375,14311,14374,14375,14438,14374,True
ETTh,DEV_VAL,440,14376,14312,14375,14376,14439,14375,True
ETTh,DEV_VAL,441,14377,14313,14376,14377,14440,14376,True
ETTh,DEV_VAL,442,14378,14314,14377,14378,14441,14377,True
ETTh,DEV_VAL,443,14379,14315,14378,14379,14442,14378,True
ETTh,DEV_VAL,444,14380,14316,14379,14380,14443,14379,True
ETTh,DEV_VAL,445,14381,14317,14380,14381,14444,14380,True
ETTh,DEV_VAL,446,14382,14318,14381,14382,14445,14381,True
ETTh,DEV_VAL,447,14383,14319,14382,14383,14446,14382,True
ETTh,DEV_VAL,448,14384,14320,14383,14384,14447,14383,True
ETTh,DEV_VAL,449,14385,14321,14384,14385,14448,14384,True
ETTh,DEV_VAL,450,14386,14322,14385,14386,14449,14385,True
ETTh,DEV_VAL,451,14387,14323,14386,14387,14450,14386,True
ETTh,DEV_VAL,452,14388,14324,14387,14388,14451,14387,True
ETTh,DEV_VAL,453,14389,14325,14388,14389,14452,14388,True
ETTh,DEV_VAL,454,14390,14326,14389,14390,14453,14389,True
ETTh,DEV_VAL,455,14391,14327,14390,14391,14454,14390,True
ETTh,DEV_VAL,456,14392,14328,14391,14392,14455,14391,True
ETTh,DEV_VAL,457,14393,14329,14392,14393,14456,14392,True
ETTh,DEV_VAL,458,14394,14330,14393,14394,14457,14393,True
ETTh,DEV_VAL,459,14395,14331,14394,14395,14458,14394,True
ETTh,DEV_VAL,460,14396,14332,14395,14396,14459,14395,True
ETTh,DEV_VAL,461,14397,14333,14396,14397,14460,14396,True
ETTh,DEV_VAL,462,14398,14334,14397,14398,14461,14397,True
ETTh,DEV_VAL,463,14399,14335,14398,14399,14462,14398,True
ETTh,DEV_VAL,464,14400,14336,14399,14400,14463,14399,True
ETTh,DEV_VAL,465,14401,14337,14400,14401,14464,14400,True
ETTh,DEV_VAL,466,14402,14338,14401,14402,14465,14401,True
ETTh,DEV_VAL,467,14403,14339,14402,14403,14466,14402,True
ETTh,DEV_VAL,468,14404,14340,14403,14404,14467,14403,True
ETTh,DEV_VAL,469,14405,14341,14404,14405,14468,14404,True
ETTh,DEV_VAL,470,14406,14342,14405,14406,14469,14405,True
ETTh,DEV_VAL,471,14407,14343,14406,14407,14470,14406,True
ETTh,DEV_VAL,472,14408,14344,14407,14408,14471,14407,True
ETTh,DEV_VAL,473,14409,14345,14408,14409,14472,14408,True
ETTh,DEV_VAL,474,14410,14346,14409,14410,14473,14409,True
ETTh,DEV_VAL,475,14411,14347,14410,14411,14474,14410,True
ETTh,DEV_VAL,476,14412,14348,14411,14412,14475,14411,True
ETTh,DEV_VAL,477,14413,14349,14412,14413,14476,14412,True
ETTh,DEV_VAL,478,14414,14350,14413,14414,14477,14413,True
ETTh,DEV_VAL,479,14415,14351,14414,14415,14478,14414,True
ETTh,DEV_VAL,480,14416,14352,14415,14416,14479,14415,True
ETTh,DEV_VAL,481,14417,14353,14416,14417,14480,14416,True
ETTh,DEV_VAL,482,14418,14354,14417,14418,14481,14417,True
ETTh,DEV_VAL,483,14419,14355,14418,14419,14482,14418,True
ETTh,DEV_VAL,484,14420,14356,14419,14420,14483,14419,True
ETTh,DEV_VAL,485,14421,14357,14420,14421,14484,14420,True
ETTh,DEV_VAL,486,14422,14358,14421,14422,14485,14421,True
ETTh,DEV_VAL,487,14423,14359,14422,14423,14486,14422,True
ETTh,DEV_VAL,488,14424,14360,14423,14424,14487,14423,True
ETTh,DEV_VAL,489,14425,14361,14424,14425,14488,14424,True
ETTh,DEV_VAL,490,14426,14362,14425,14426,14489,14425,True
ETTh,DEV_VAL,491,14427,14363,14426,14427,14490,14426,True
ETTh,DEV_VAL,492,14428,14364,14427,14428,14491,14427,True
ETTh,DEV_VAL,493,14429,14365,14428,14429,14492,14428,True
ETTh,DEV_VAL,494,14430,14366,14429,14430,14493,14429,True
ETTh,DEV_VAL,495,14431,14367,14430,14431,14494,14430,True
ETTh,DEV_VAL,496,14432,14368,14431,14432,14495,14431,True
ETTh,DEV_VAL,497,14433,14369,14432,14433,14496,14432,True
ETTh,DEV_VAL,498,14434,14370,14433,14434,14497,14433,True
ETTh,DEV_VAL,499,14435,14371,14434,14435,14498,14434,True
ETTh,DEV_VAL,500,14436,14372,14435,14436,14499,14435,True
ETTh,DEV_VAL,501,14437,14373,14436,14437,14500,14436,True
ETTh,DEV_VAL,502,14438,14374,14437,14438,14501,14437,True
ETTh,DEV_VAL,503,14439,14375,14438,14439,14502,14438,True
ETTh,DEV_VAL,504,14440,14376,14439,14440,14503,14439,True
ETTh,DEV_VAL,505,14441,14377,14440,14441,14504,14440,True
ETTh,DEV_VAL,506,14442,14378,14441,14442,14505,14441,True
ETTh,DEV_VAL,507,14443,14379,14442,14443,14506,14442,True
ETTh,DEV_VAL,508,14444,14380,14443,14444,14507,14443,True
ETTh,DEV_VAL,509,14445,14381,14444,14445,14508,14444,True
ETTh,DEV_VAL,510,14446,14382,14445,14446,14509,14445,True
ETTh,DEV_VAL,511,14447,14383,14446,14447,14510,14446,True
ETTh,DEV_VAL,512,14448,14384,14447,14448,14511,14447,True
ETTh,DEV_VAL,513,14449,14385,14448,14449,14512,14448,True
ETTh,DEV_VAL,514,14450,14386,14449,14450,14513,14449,True
ETTh,DEV_VAL,515,14451,14387,14450,14451,14514,14450,True
ETTh,DEV_VAL,516,14452,14388,14451,14452,14515,14451,True
ETTh,DEV_VAL,517,14453,14389,14452,14453,14516,14452,True
ETTh,DEV_VAL,518,14454,14390,14453,14454,14517,14453,True
ETTh,DEV_VAL,519,14455,14391,14454,14455,14518,14454,True
ETTh,DEV_VAL,520,14456,14392,14455,14456,14519,14455,True
ETTh,DEV_VAL,521,14457,14393,14456,14457,14520,14456,True
ETTh,DEV_VAL,522,14458,14394,14457,14458,14521,14457,True
ETTh,DEV_VAL,523,14459,14395,14458,14459,14522,14458,True
ETTh,DEV_VAL,524,14460,14396,14459,14460,14523,14459,True
ETTh,DEV_VAL,525,14461,14397,14460,14461,14524,14460,True
ETTh,DEV_VAL,526,14462,14398,14461,14462,14525,14461,True
ETTh,DEV_VAL,527,14463,14399,14462,14463,14526,14462,True
ETTh,DEV_VAL,528,14464,14400,14463,14464,14527,14463,True
ETTh,DEV_VAL,529,14465,14401,14464,14465,14528,14464,True
ETTh,DEV_VAL,530,14466,14402,14465,14466,14529,14465,True
ETTh,DEV_VAL,531,14467,14403,14466,14467,14530,14466,True
ETTh,DEV_VAL,532,14468,14404,14467,14468,14531,14467,True
ETTh,DEV_VAL,533,14469,14405,14468,14469,14532,14468,True
ETTh,DEV_VAL,534,14470,14406,14469,14470,14533,14469,True
ETTh,DEV_VAL,535,14471,14407,14470,14471,14534,14470,True
ETTh,DEV_VAL,536,14472,14408,14471,14472,14535,14471,True
ETTh,DEV_VAL,537,14473,14409,14472,14473,14536,14472,True
ETTh,DEV_VAL,538,14474,14410,14473,14474,14537,14473,True
ETTh,DEV_VAL,539,14475,14411,14474,14475,14538,14474,True
ETTh,DEV_VAL,540,14476,14412,14475,14476,14539,14475,True
ETTh,DEV_VAL,541,14477,14413,14476,14477,14540,14476,True
ETTh,DEV_VAL,542,14478,14414,14477,14478,14541,14477,True
ETTh,DEV_VAL,543,14479,14415,14478,14479,14542,14478,True
ETTh,DEV_VAL,544,14480,14416,14479,14480,14543,14479,True
ETTh,DEV_VAL,545,14481,14417,14480,14481,14544,14480,True
ETTh,DEV_VAL,546,14482,14418,14481,14482,14545,14481,True
ETTh,DEV_VAL,547,14483,14419,14482,14483,14546,14482,True
ETTh,DEV_VAL,548,14484,14420,14483,14484,14547,14483,True
ETTh,DEV_VAL,549,14485,14421,14484,14485,14548,14484,True
ETTh,DEV_VAL,550,14486,14422,14485,14486,14549,14485,True
ETTh,DEV_VAL,551,14487,14423,14486,14487,14550,14486,True
ETTh,DEV_VAL,552,14488,14424,14487,14488,14551,14487,True
ETTh,DEV_VAL,553,14489,14425,14488,14489,14552,14488,True
ETTh,DEV_VAL,554,14490,14426,14489,14490,14553,14489,True
ETTh,DEV_VAL,555,14491,14427,14490,14491,14554,14490,True
ETTh,DEV_VAL,556,14492,14428,14491,14492,14555,14491,True
ETTh,DEV_VAL,557,14493,14429,14492,14493,14556,14492,True
ETTh,DEV_VAL,558,14494,14430,14493,14494,14557,14493,True
ETTh,DEV_VAL,559,14495,14431,14494,14495,14558,14494,True
ETTh,DEV_VAL,560,14496,14432,14495,14496,14559,14495,True
ETTh,DEV_VAL,561,14497,14433,14496,14497,14560,14496,True
ETTh,DEV_VAL,562,14498,14434,14497,14498,14561,14497,True
ETTh,DEV_VAL,563,14499,14435,14498,14499,14562,14498,True
ETTh,DEV_VAL,564,14500,14436,14499,14500,14563,14499,True
ETTh,DEV_VAL,565,14501,14437,14500,14501,14564,14500,True
ETTh,DEV_VAL,566,14502,14438,14501,14502,14565,14501,True
ETTh,DEV_VAL,567,14503,14439,14502,14503,14566,14502,True
ETTh,DEV_VAL,568,14504,14440,14503,14504,14567,14503,True
ETTh,DEV_VAL,569,14505,14441,14504,14505,14568,14504,True
ETTh,DEV_VAL,570,14506,14442,14505,14506,14569,14505,True
ETTh,DEV_VAL,571,14507,14443,14506,14507,14570,14506,True
ETTh,DEV_VAL,572,14508,14444,14507,14508,14571,14507,True
ETTh,DEV_VAL,573,14509,14445,14508,14509,14572,14508,True
ETTh,DEV_VAL,574,14510,14446,14509,14510,14573,14509,True
ETTh,DEV_VAL,575,14511,14447,14510,14511,14574,14510,True
ETTh,DEV_VAL,576,14512,14448,14511,14512,14575,14511,True
ETTh,DEV_VAL,577,14513,14449,14512,14513,14576,14512,True
ETTh,DEV_VAL,578,14514,14450,14513,14514,14577,14513,True
ETTh,DEV_VAL,579,14515,14451,14514,14515,14578,14514,True
ETTh,DEV_VAL,580,14516,14452,14515,14516,14579,14515,True
ETTh,DEV_VAL,581,14517,14453,14516,14517,14580,14516,True
ETTh,DEV_VAL,582,14518,14454,14517,14518,14581,14517,True
ETTh,DEV_VAL,583,14519,14455,14518,14519,14582,14518,True
ETTh,DEV_VAL,584,14520,14456,14519,14520,14583,14519,True
ETTh,DEV_VAL,585,14521,14457,14520,14521,14584,14520,True
ETTh,DEV_VAL,586,14522,14458,14521,14522,14585,14521,True
ETTh,DEV_VAL,587,14523,14459,14522,14523,14586,14522,True
ETTh,DEV_VAL,588,14524,14460,14523,14524,14587,14523,True
ETTh,DEV_VAL,589,14525,14461,14524,14525,14588,14524,True
ETTh,DEV_VAL,590,14526,14462,14525,14526,14589,14525,True
ETTh,DEV_VAL,591,14527,14463,14526,14527,14590,14526,True
ETTh,DEV_VAL,592,14528,14464,14527,14528,14591,14527,True
ETTh,DEV_VAL,593,14529,14465,14528,14529,14592,14528,True
ETTh,DEV_VAL,594,14530,14466,14529,14530,14593,14529,True
ETTh,DEV_VAL,595,14531,14467,14530,14531,14594,14530,True
ETTh,DEV_VAL,596,14532,14468,14531,14532,14595,14531,True
ETTh,DEV_VAL,597,14533,14469,14532,14533,14596,14532,True
ETTh,DEV_VAL,598,14534,14470,14533,14534,14597,14533,True
ETTh,DEV_VAL,599,14535,14471,14534,14535,14598,14534,True
ETTh,DEV_VAL,600,14536,14472,14535,14536,14599,14535,True
ETTh,DEV_VAL,601,14537,14473,14536,14537,14600,14536,True
ETTh,DEV_VAL,602,14538,14474,14537,14538,14601,14537,True
ETTh,DEV_VAL,603,14539,14475,14538,14539,14602,14538,True
ETTh,DEV_VAL,604,14540,14476,14539,14540,14603,14539,True
ETTh,DEV_VAL,605,14541,14477,14540,14541,14604,14540,True
ETTh,DEV_VAL,606,14542,14478,14541,14542,14605,14541,True
ETTh,DEV_VAL,607,14543,14479,14542,14543,14606,14542,True
ETTh,DEV_VAL,608,14544,14480,14543,14544,14607,14543,True
ETTh,DEV_VAL,609,14545,14481,14544,14545,14608,14544,True
ETTh,DEV_VAL,610,14546,14482,14545,14546,14609,14545,True
ETTh,DEV_VAL,611,14547,14483,14546,14547,14610,14546,True
ETTh,DEV_VAL,612,14548,14484,14547,14548,14611,14547,True
ETTh,DEV_VAL,613,14549,14485,14548,14549,14612,14548,True
ETTh,DEV_VAL,614,14550,14486,14549,14550,14613,14549,True
ETTh,DEV_VAL,615,14551,14487,14550,14551,14614,14550,True
ETTh,DEV_VAL,616,14552,14488,14551,14552,14615,14551,True
ETTh,DEV_VAL,617,14553,14489,14552,14553,14616,14552,True
ETTh,DEV_VAL,618,14554,14490,14553,14554,14617,14553,True
ETTh,DEV_VAL,619,14555,14491,14554,14555,14618,14554,True
ETTh,DEV_VAL,620,14556,14492,14555,14556,14619,14555,True
ETTh,DEV_VAL,621,14557,14493,14556,14557,14620,14556,True
ETTh,DEV_VAL,622,14558,14494,14557,14558,14621,14557,True
ETTh,DEV_VAL,623,14559,14495,14558,14559,14622,14558,True
ETTh,DEV_VAL,624,14560,14496,14559,14560,14623,14559,True
ETTh,DEV_VAL,625,14561,14497,14560,14561,14624,14560,True
ETTh,DEV_VAL,626,14562,14498,14561,14562,14625,14561,True
ETTh,DEV_VAL,627,14563,14499,14562,14563,14626,14562,True
ETTh,DEV_VAL,628,14564,14500,14563,14564,14627,14563,True
ETTh,DEV_VAL,629,14565,14501,14564,14565,14628,14564,True
ETTh,DEV_VAL,630,14566,14502,14565,14566,14629,14565,True
ETTh,DEV_VAL,631,14567,14503,14566,14567,14630,14566,True
ETTh,DEV_VAL,632,14568,14504,14567,14568,14631,14567,True
ETTh,DEV_VAL,633,14569,14505,14568,14569,14632,14568,True
ETTh,DEV_VAL,634,14570,14506,14569,14570,14633,14569,True
ETTh,DEV_VAL,635,14571,14507,14570,14571,14634,14570,True
ETTh,DEV_VAL,636,14572,14508,14571,14572,14635,14571,True
ETTh,DEV_VAL,637,14573,14509,14572,14573,14636,14572,True
ETTh,DEV_VAL,638,14574,14510,14573,14574,14637,14573,True
ETTh,DEV_VAL,639,14575,14511,14574,14575,14638,14574,True
ETTh,DEV_VAL,640,14576,14512,14575,14576,14639,14575,True
ETTh,DEV_VAL,641,14577,14513,14576,14577,14640,14576,True
ETTh,DEV_VAL,642,14578,14514,14577,14578,14641,14577,True
ETTh,DEV_VAL,643,14579,14515,14578,14579,14642,14578,True
ETTh,DEV_VAL,644,14580,14516,14579,14580,14643,14579,True
ETTh,DEV_VAL,645,14581,14517,14580,14581,14644,14580,True
ETTh,DEV_VAL,646,14582,14518,14581,14582,14645,14581,True
ETTh,DEV_VAL,647,14583,14519,14582,14583,14646,14582,True
ETTh,DEV_VAL,648,14584,14520,14583,14584,14647,14583,True
ETTh,DEV_VAL,649,14585,14521,14584,14585,14648,14584,True
ETTh,DEV_VAL,650,14586,14522,14585,14586,14649,14585,True
ETTh,DEV_VAL,651,14587,14523,14586,14587,14650,14586,True
ETTh,DEV_VAL,652,14588,14524,14587,14588,14651,14587,True
ETTh,DEV_VAL,653,14589,14525,14588,14589,14652,14588,True
ETTh,DEV_VAL,654,14590,14526,14589,14590,14653,14589,True
ETTh,DEV_VAL,655,14591,14527,14590,14591,14654,14590,True
ETTh,DEV_VAL,656,14592,14528,14591,14592,14655,14591,True
ETTh,DEV_VAL,657,14593,14529,14592,14593,14656,14592,True
ETTh,DEV_VAL,658,14594,14530,14593,14594,14657,14593,True
ETTh,DEV_VAL,659,14595,14531,14594,14595,14658,14594,True
ETTh,DEV_VAL,660,14596,14532,14595,14596,14659,14595,True
ETTh,DEV_VAL,661,14597,14533,14596,14597,14660,14596,True
ETTh,DEV_VAL,662,14598,14534,14597,14598,14661,14597,True
ETTh,DEV_VAL,663,14599,14535,14598,14599,14662,14598,True
ETTh,DEV_VAL,664,14600,14536,14599,14600,14663,14599,True
ETTh,DEV_VAL,665,14601,14537,14600,14601,14664,14600,True
ETTh,DEV_VAL,666,14602,14538,14601,14602,14665,14601,True
ETTh,DEV_VAL,667,14603,14539,14602,14603,14666,14602,True
ETTh,DEV_VAL,668,14604,14540,14603,14604,14667,14603,True
ETTh,DEV_VAL,669,14605,14541,14604,14605,14668,14604,True
ETTh,DEV_VAL,670,14606,14542,14605,14606,14669,14605,True
ETTh,DEV_VAL,671,14607,14543,14606,14607,14670,14606,True
ETTh,DEV_VAL,672,14608,14544,14607,14608,14671,14607,True
ETTh,DEV_VAL,673,14609,14545,14608,14609,14672,14608,True
ETTh,DEV_VAL,674,14610,14546,14609,14610,14673,14609,True
ETTh,DEV_VAL,675,14611,14547,14610,14611,14674,14610,True
ETTh,DEV_VAL,676,14612,14548,14611,14612,14675,14611,True
ETTh,DEV_VAL,677,14613,14549,14612,14613,14676,14612,True
ETTh,DEV_VAL,678,14614,14550,14613,14614,14677,14613,True
ETTh,DEV_VAL,679,14615,14551,14614,14615,14678,14614,True
ETTh,DEV_VAL,680,14616,14552,14615,14616,14679,14615,True
ETTh,DEV_VAL,681,14617,14553,14616,14617,14680,14616,True
ETTh,DEV_VAL,682,14618,14554,14617,14618,14681,14617,True
ETTh,DEV_VAL,683,14619,14555,14618,14619,14682,14618,True
ETTh,DEV_VAL,684,14620,14556,14619,14620,14683,14619,True
ETTh,DEV_VAL,685,14621,14557,14620,14621,14684,14620,True
ETTh,DEV_VAL,686,14622,14558,14621,14622,14685,14621,True
ETTh,DEV_VAL,687,14623,14559,14622,14623,14686,14622,True
ETTh,DEV_VAL,688,14624,14560,14623,14624,14687,14623,True
ETTh,DEV_VAL,689,14625,14561,14624,14625,14688,14624,True
ETTh,DEV_VAL,690,14626,14562,14625,14626,14689,14625,True
ETTh,DEV_VAL,691,14627,14563,14626,14627,14690,14626,True
ETTh,DEV_VAL,692,14628,14564,14627,14628,14691,14627,True
ETTh,DEV_VAL,693,14629,14565,14628,14629,14692,14628,True
ETTh,DEV_VAL,694,14630,14566,14629,14630,14693,14629,True
ETTh,DEV_VAL,695,14631,14567,14630,14631,14694,14630,True
ETTh,DEV_VAL,696,14632,14568,14631,14632,14695,14631,True
ETTh,DEV_VAL,697,14633,14569,14632,14633,14696,14632,True
ETTh,DEV_VAL,698,14634,14570,14633,14634,14697,14633,True
ETTh,DEV_VAL,699,14635,14571,14634,14635,14698,14634,True
ETTh,DEV_VAL,700,14636,14572,14635,14636,14699,14635,True
ETTh,DEV_VAL,701,14637,14573,14636,14637,14700,14636,True
ETTh,DEV_VAL,702,14638,14574,14637,14638,14701,14637,True
ETTh,DEV_VAL,703,14639,14575,14638,14639,14702,14638,True
ETTh,DEV_VAL,704,14640,14576,14639,14640,14703,14639,True
ETTh,DEV_VAL,705,14641,14577,14640,14641,14704,14640,True
ETTh,DEV_VAL,706,14642,14578,14641,14642,14705,14641,True
ETTh,DEV_VAL,707,14643,14579,14642,14643,14706,14642,True
ETTh,DEV_VAL,708,14644,14580,14643,14644,14707,14643,True
ETTh,DEV_VAL,709,14645,14581,14644,14645,14708,14644,True
ETTh,DEV_VAL,710,14646,14582,14645,14646,14709,14645,True
ETTh,DEV_VAL,711,14647,14583,14646,14647,14710,14646,True
ETTh,DEV_VAL,712,14648,14584,14647,14648,14711,14647,True
ETTh,DEV_VAL,713,14649,14585,14648,14649,14712,14648,True
ETTh,DEV_VAL,714,14650,14586,14649,14650,14713,14649,True
ETTh,DEV_VAL,715,14651,14587,14650,14651,14714,14650,True
ETTh,DEV_VAL,716,14652,14588,14651,14652,14715,14651,True
ETTh,DEV_VAL,717,14653,14589,14652,14653,14716,14652,True
ETTh,DEV_VAL,718,14654,14590,14653,14654,14717,14653,True
ETTh,DEV_VAL,719,14655,14591,14654,14655,14718,14654,True
ETTh,DEV_VAL,720,14656,14592,14655,14656,14719,14655,True
ETTh,DEV_VAL,721,14657,14593,14656,14657,14720,14656,True
ETTh,DEV_VAL,722,14658,14594,14657,14658,14721,14657,True
ETTh,DEV_VAL,723,14659,14595,14658,14659,14722,14658,True
ETTh,DEV_VAL,724,14660,14596,14659,14660,14723,14659,True
ETTh,DEV_VAL,725,14661,14597,14660,14661,14724,14660,True
ETTh,DEV_VAL,726,14662,14598,14661,14662,14725,14661,True
ETTh,DEV_VAL,727,14663,14599,14662,14663,14726,14662,True
ETTh,DEV_VAL,728,14664,14600,14663,14664,14727,14663,True
ETTh,DEV_VAL,729,14665,14601,14664,14665,14728,14664,True
ETTh,DEV_VAL,730,14666,14602,14665,14666,14729,14665,True
ETTh,DEV_VAL,731,14667,14603,14666,14667,14730,14666,True
ETTh,DEV_VAL,732,14668,14604,14667,14668,14731,14667,True
ETTh,DEV_VAL,733,14669,14605,14668,14669,14732,14668,True
ETTh,DEV_VAL,734,14670,14606,14669,14670,14733,14669,True
ETTh,DEV_VAL,735,14671,14607,14670,14671,14734,14670,True
ETTh,DEV_VAL,736,14672,14608,14671,14672,14735,14671,True
ETTh,DEV_VAL,737,14673,14609,14672,14673,14736,14672,True
ETTh,DEV_VAL,738,14674,14610,14673,14674,14737,14673,True
ETTh,DEV_VAL,739,14675,14611,14674,14675,14738,14674,True
ETTh,DEV_VAL,740,14676,14612,14675,14676,14739,14675,True
ETTh,DEV_VAL,741,14677,14613,14676,14677,14740,14676,True
ETTh,DEV_VAL,742,14678,14614,14677,14678,14741,14677,True
ETTh,DEV_VAL,743,14679,14615,14678,14679,14742,14678,True
ETTh,DEV_VAL,744,14680,14616,14679,14680,14743,14679,True
ETTh,DEV_VAL,745,14681,14617,14680,14681,14744,14680,True
ETTh,DEV_VAL,746,14682,14618,14681,14682,14745,14681,True
ETTh,DEV_VAL,747,14683,14619,14682,14683,14746,14682,True
ETTh,DEV_VAL,748,14684,14620,14683,14684,14747,14683,True
ETTh,DEV_VAL,749,14685,14621,14684,14685,14748,14684,True
ETTh,DEV_VAL,750,14686,14622,14685,14686,14749,14685,True
ETTh,DEV_VAL,751,14687,14623,14686,14687,14750,14686,True
ETTh,DEV_VAL,752,14688,14624,14687,14688,14751,14687,True
ETTh,DEV_VAL,753,14689,14625,14688,14689,14752,14688,True
ETTh,DEV_VAL,754,14690,14626,14689,14690,14753,14689,True
ETTh,DEV_VAL,755,14691,14627,14690,14691,14754,14690,True
ETTh,DEV_VAL,756,14692,14628,14691,14692,14755,14691,True
ETTh,DEV_VAL,757,14693,14629,14692,14693,14756,14692,True
ETTh,DEV_VAL,758,14694,14630,14693,14694,14757,14693,True
ETTh,DEV_VAL,759,14695,14631,14694,14695,14758,14694,True
ETTh,DEV_VAL,760,14696,14632,14695,14696,14759,14695,True
ETTh,DEV_VAL,761,14697,14633,14696,14697,14760,14696,True
ETTh,DEV_VAL,762,14698,14634,14697,14698,14761,14697,True
ETTh,DEV_VAL,763,14699,14635,14698,14699,14762,14698,True
ETTh,DEV_VAL,764,14700,14636,14699,14700,14763,14699,True
ETTh,DEV_VAL,765,14701,14637,14700,14701,14764,14700,True
ETTh,DEV_VAL,766,14702,14638,14701,14702,14765,14701,True
ETTh,DEV_VAL,767,14703,14639,14702,14703,14766,14702,True
ETTh,DEV_VAL,768,14704,14640,14703,14704,14767,14703,True
ETTh,DEV_VAL,769,14705,14641,14704,14705,14768,14704,True
ETTh,DEV_VAL,770,14706,14642,14705,14706,14769,14705,True
ETTh,DEV_VAL,771,14707,14643,14706,14707,14770,14706,True
ETTh,DEV_VAL,772,14708,14644,14707,14708,14771,14707,True
ETTh,DEV_VAL,773,14709,14645,14708,14709,14772,14708,True
ETTh,DEV_VAL,774,14710,14646,14709,14710,14773,14709,True
ETTh,DEV_VAL,775,14711,14647,14710,14711,14774,14710,True
ETTh,DEV_VAL,776,14712,14648,14711,14712,14775,14711,True
ETTh,DEV_VAL,777,14713,14649,14712,14713,14776,14712,True
ETTh,DEV_VAL,778,14714,14650,14713,14714,14777,14713,True
ETTh,DEV_VAL,779,14715,14651,14714,14715,14778,14714,True
ETTh,DEV_VAL,780,14716,14652,14715,14716,14779,14715,True
ETTh,DEV_VAL,781,14717,14653,14716,14717,14780,14716,True
ETTh,DEV_VAL,782,14718,14654,14717,14718,14781,14717,True
ETTh,DEV_VAL,783,14719,14655,14718,14719,14782,14718,True
ETTh,DEV_VAL,784,14720,14656,14719,14720,14783,14719,True
ETTh,DEV_VAL,785,14721,14657,14720,14721,14784,14720,True
ETTh,DEV_VAL,786,14722,14658,14721,14722,14785,14721,True
ETTh,DEV_VAL,787,14723,14659,14722,14723,14786,14722,True
ETTh,DEV_VAL,788,14724,14660,14723,14724,14787,14723,True
ETTh,DEV_VAL,789,14725,14661,14724,14725,14788,14724,True
ETTh,DEV_VAL,790,14726,14662,14725,14726,14789,14725,True
ETTh,DEV_VAL,791,14727,14663,14726,14727,14790,14726,True
ETTh,DEV_VAL,792,14728,14664,14727,14728,14791,14727,True
ETTh,DEV_VAL,793,14729,14665,14728,14729,14792,14728,True
ETTh,DEV_VAL,794,14730,14666,14729,14730,14793,14729,True
ETTh,DEV_VAL,795,14731,14667,14730,14731,14794,14730,True
ETTh,DEV_VAL,796,14732,14668,14731,14732,14795,14731,True
ETTh,DEV_VAL,797,14733,14669,14732,14733,14796,14732,True
ETTh,DEV_VAL,798,14734,14670,14733,14734,14797,14733,True
ETTh,DEV_VAL,799,14735,14671,14734,14735,14798,14734,True
ETTh,DEV_VAL,800,14736,14672,14735,14736,14799,14735,True
ETTh,DEV_VAL,801,14737,14673,14736,14737,14800,14736,True
ETTh,DEV_VAL,802,14738,14674,14737,14738,14801,14737,True
ETTh,DEV_VAL,803,14739,14675,14738,14739,14802,14738,True
ETTh,DEV_VAL,804,14740,14676,14739,14740,14803,14739,True
ETTh,DEV_VAL,805,14741,14677,14740,14741,14804,14740,True
ETTh,DEV_VAL,806,14742,14678,14741,14742,14805,14741,True
ETTh,DEV_VAL,807,14743,14679,14742,14743,14806,14742,True
ETTh,DEV_VAL,808,14744,14680,14743,14744,14807,14743,True
ETTh,DEV_VAL,809,14745,14681,14744,14745,14808,14744,True
ETTh,DEV_VAL,810,14746,14682,14745,14746,14809,14745,True
ETTh,DEV_VAL,811,14747,14683,14746,14747,14810,14746,True
ETTh,DEV_VAL,812,14748,14684,14747,14748,14811,14747,True
ETTh,DEV_VAL,813,14749,14685,14748,14749,14812,14748,True
ETTh,DEV_VAL,814,14750,14686,14749,14750,14813,14749,True
ETTh,DEV_VAL,815,14751,14687,14750,14751,14814,14750,True
ETTh,DEV_VAL,816,14752,14688,14751,14752,14815,14751,True
ETTh,DEV_VAL,817,14753,14689,14752,14753,14816,14752,True
ETTh,DEV_VAL,818,14754,14690,14753,14754,14817,14753,True
ETTh,DEV_VAL,819,14755,14691,14754,14755,14818,14754,True
ETTh,DEV_VAL,820,14756,14692,14755,14756,14819,14755,True
ETTh,DEV_VAL,821,14757,14693,14756,14757,14820,14756,True
ETTh,DEV_VAL,822,14758,14694,14757,14758,14821,14757,True
ETTh,DEV_VAL,823,14759,14695,14758,14759,14822,14758,True
ETTh,DEV_VAL,824,14760,14696,14759,14760,14823,14759,True
ETTh,DEV_VAL,825,14761,14697,14760,14761,14824,14760,True
ETTh,DEV_VAL,826,14762,14698,14761,14762,14825,14761,True
ETTh,DEV_VAL,827,14763,14699,14762,14763,14826,14762,True
ETTh,DEV_VAL,828,14764,14700,14763,14764,14827,14763,True
ETTh,DEV_VAL,829,14765,14701,14764,14765,14828,14764,True
ETTh,DEV_VAL,830,14766,14702,14765,14766,14829,14765,True
ETTh,DEV_VAL,831,14767,14703,14766,14767,14830,14766,True
ETTh,DEV_VAL,832,14768,14704,14767,14768,14831,14767,True
ETTh,DEV_VAL,833,14769,14705,14768,14769,14832,14768,True
ETTh,DEV_VAL,834,14770,14706,14769,14770,14833,14769,True
ETTh,DEV_VAL,835,14771,14707,14770,14771,14834,14770,True
ETTh,DEV_VAL,836,14772,14708,14771,14772,14835,14771,True
ETTh,DEV_VAL,837,14773,14709,14772,14773,14836,14772,True
ETTh,DEV_VAL,838,14774,14710,14773,14774,14837,14773,True
ETTh,DEV_VAL,839,14775,14711,14774,14775,14838,14774,True
ETTh,DEV_VAL,840,14776,14712,14775,14776,14839,14775,True
ETTh,DEV_VAL,841,14777,14713,14776,14777,14840,14776,True
ETTh,DEV_VAL,842,14778,14714,14777,14778,14841,14777,True
ETTh,DEV_VAL,843,14779,14715,14778,14779,14842,14778,True
ETTh,DEV_VAL,844,14780,14716,14779,14780,14843,14779,True
ETTh,DEV_VAL,845,14781,14717,14780,14781,14844,14780,True
ETTh,DEV_VAL,846,14782,14718,14781,14782,14845,14781,True
ETTh,DEV_VAL,847,14783,14719,14782,14783,14846,14782,True
ETTh,DEV_VAL,848,14784,14720,14783,14784,14847,14783,True
ETTh,DEV_VAL,849,14785,14721,14784,14785,14848,14784,True
ETTh,DEV_VAL,850,14786,14722,14785,14786,14849,14785,True
ETTh,DEV_VAL,851,14787,14723,14786,14787,14850,14786,True
ETTh,DEV_VAL,852,14788,14724,14787,14788,14851,14787,True
ETTh,DEV_VAL,853,14789,14725,14788,14789,14852,14788,True
ETTh,DEV_VAL,854,14790,14726,14789,14790,14853,14789,True
ETTh,DEV_VAL,855,14791,14727,14790,14791,14854,14790,True
ETTh,DEV_VAL,856,14792,14728,14791,14792,14855,14791,True
ETTh,DEV_VAL,857,14793,14729,14792,14793,14856,14792,True
ETTh,DEV_VAL,858,14794,14730,14793,14794,14857,14793,True
ETTh,DEV_VAL,859,14795,14731,14794,14795,14858,14794,True
ETTh,DEV_VAL,860,14796,14732,14795,14796,14859,14795,True
ETTh,DEV_VAL,861,14797,14733,14796,14797,14860,14796,True
ETTh,DEV_VAL,862,14798,14734,14797,14798,14861,14797,True
ETTh,DEV_VAL,863,14799,14735,14798,14799,14862,14798,True
ETTh,DEV_VAL,864,14800,14736,14799,14800,14863,14799,True
ETTh,DEV_VAL,865,14801,14737,14800,14801,14864,14800,True
ETTh,DEV_VAL,866,14802,14738,14801,14802,14865,14801,True
ETTh,DEV_VAL,867,14803,14739,14802,14803,14866,14802,True
ETTh,DEV_VAL,868,14804,14740,14803,14804,14867,14803,True
ETTh,DEV_VAL,869,14805,14741,14804,14805,14868,14804,True
ETTh,DEV_VAL,870,14806,14742,14805,14806,14869,14805,True
ETTh,DEV_VAL,871,14807,14743,14806,14807,14870,14806,True
ETTh,DEV_VAL,872,14808,14744,14807,14808,14871,14807,True
ETTh,DEV_VAL,873,14809,14745,14808,14809,14872,14808,True
ETTh,DEV_VAL,874,14810,14746,14809,14810,14873,14809,True
ETTh,DEV_VAL,875,14811,14747,14810,14811,14874,14810,True
ETTh,DEV_VAL,876,14812,14748,14811,14812,14875,14811,True
ETTh,DEV_VAL,877,14813,14749,14812,14813,14876,14812,True
ETTh,DEV_VAL,878,14814,14750,14813,14814,14877,14813,True
ETTh,DEV_VAL,879,14815,14751,14814,14815,14878,14814,True
ETTh,DEV_VAL,880,14816,14752,14815,14816,14879,14815,True
ETTh,DEV_VAL,881,14817,14753,14816,14817,14880,14816,True
ETTh,DEV_VAL,882,14818,14754,14817,14818,14881,14817,True
ETTh,DEV_VAL,883,14819,14755,14818,14819,14882,14818,True
ETTh,DEV_VAL,884,14820,14756,14819,14820,14883,14819,True
ETTh,DEV_VAL,885,14821,14757,14820,14821,14884,14820,True
ETTh,DEV_VAL,886,14822,14758,14821,14822,14885,14821,True
ETTh,DEV_VAL,887,14823,14759,14822,14823,14886,14822,True
ETTh,DEV_VAL,888,14824,14760,14823,14824,14887,14823,True
ETTh,DEV_VAL,889,14825,14761,14824,14825,14888,14824,True
ETTh,DEV_VAL,890,14826,14762,14825,14826,14889,14825,True
ETTh,DEV_VAL,891,14827,14763,14826,14827,14890,14826,True
ETTh,DEV_VAL,892,14828,14764,14827,14828,14891,14827,True
ETTh,DEV_VAL,893,14829,14765,14828,14829,14892,14828,True
ETTh,DEV_VAL,894,14830,14766,14829,14830,14893,14829,True
ETTh,DEV_VAL,895,14831,14767,14830,14831,14894,14830,True
ETTh,DEV_VAL,896,14832,14768,14831,14832,14895,14831,True
ETTh,DEV_VAL,897,14833,14769,14832,14833,14896,14832,True
ETTh,DEV_VAL,898,14834,14770,14833,14834,14897,14833,True
ETTh,DEV_VAL,899,14835,14771,14834,14835,14898,14834,True
ETTh,DEV_VAL,900,14836,14772,14835,14836,14899,14835,True
ETTh,DEV_VAL,901,14837,14773,14836,14837,14900,14836,True
ETTh,DEV_VAL,902,14838,14774,14837,14838,14901,14837,True
ETTh,DEV_VAL,903,14839,14775,14838,14839,14902,14838,True
ETTh,DEV_VAL,904,14840,14776,14839,14840,14903,14839,True
ETTh,DEV_VAL,905,14841,14777,14840,14841,14904,14840,True
ETTh,DEV_VAL,906,14842,14778,14841,14842,14905,14841,True
ETTh,DEV_VAL,907,14843,14779,14842,14843,14906,14842,True
ETTh,DEV_VAL,908,14844,14780,14843,14844,14907,14843,True
ETTh,DEV_VAL,909,14845,14781,14844,14845,14908,14844,True
ETTh,DEV_VAL,910,14846,14782,14845,14846,14909,14845,True
ETTh,DEV_VAL,911,14847,14783,14846,14847,14910,14846,True
ETTh,DEV_VAL,912,14848,14784,14847,14848,14911,14847,True
ETTh,DEV_VAL,913,14849,14785,14848,14849,14912,14848,True
ETTh,DEV_VAL,914,14850,14786,14849,14850,14913,14849,True
ETTh,DEV_VAL,915,14851,14787,14850,14851,14914,14850,True
ETTh,DEV_VAL,916,14852,14788,14851,14852,14915,14851,True
ETTh,DEV_VAL,917,14853,14789,14852,14853,14916,14852,True
ETTh,DEV_VAL,918,14854,14790,14853,14854,14917,14853,True
ETTh,DEV_VAL,919,14855,14791,14854,14855,14918,14854,True
ETTh,DEV_VAL,920,14856,14792,14855,14856,14919,14855,True
ETTh,DEV_VAL,921,14857,14793,14856,14857,14920,14856,True
ETTh,DEV_VAL,922,14858,14794,14857,14858,14921,14857,True
ETTh,DEV_VAL,923,14859,14795,14858,14859,14922,14858,True
ETTh,DEV_VAL,924,14860,14796,14859,14860,14923,14859,True
ETTh,DEV_VAL,925,14861,14797,14860,14861,14924,14860,True
ETTh,DEV_VAL,926,14862,14798,14861,14862,14925,14861,True
ETTh,DEV_VAL,927,14863,14799,14862,14863,14926,14862,True
ETTh,DEV_VAL,928,14864,14800,14863,14864,14927,14863,True
ETTh,DEV_VAL,929,14865,14801,14864,14865,14928,14864,True
ETTh,DEV_VAL,930,14866,14802,14865,14866,14929,14865,True
ETTh,DEV_VAL,931,14867,14803,14866,14867,14930,14866,True
ETTh,DEV_VAL,932,14868,14804,14867,14868,14931,14867,True
ETTh,DEV_VAL,933,14869,14805,14868,14869,14932,14868,True
ETTh,DEV_VAL,934,14870,14806,14869,14870,14933,14869,True
ETTh,DEV_VAL,935,14871,14807,14870,14871,14934,14870,True
ETTh,DEV_VAL,936,14872,14808,14871,14872,14935,14871,True
ETTh,DEV_VAL,937,14873,14809,14872,14873,14936,14872,True
ETTh,DEV_VAL,938,14874,14810,14873,14874,14937,14873,True
ETTh,DEV_VAL,939,14875,14811,14874,14875,14938,14874,True
ETTh,DEV_VAL,940,14876,14812,14875,14876,14939,14875,True
ETTh,DEV_VAL,941,14877,14813,14876,14877,14940,14876,True
ETTh,DEV_VAL,942,14878,14814,14877,14878,14941,14877,True
ETTh,DEV_VAL,943,14879,14815,14878,14879,14942,14878,True
ETTh,DEV_VAL,944,14880,14816,14879,14880,14943,14879,True
ETTh,DEV_VAL,945,14881,14817,14880,14881,14944,14880,True
ETTh,DEV_VAL,946,14882,14818,14881,14882,14945,14881,True
ETTh,DEV_VAL,947,14883,14819,14882,14883,14946,14882,True
ETTh,DEV_VAL,948,14884,14820,14883,14884,14947,14883,True
ETTh,DEV_VAL,949,14885,14821,14884,14885,14948,14884,True
ETTh,DEV_VAL,950,14886,14822,14885,14886,14949,14885,True
ETTh,DEV_VAL,951,14887,14823,14886,14887,14950,14886,True
ETTh,DEV_VAL,952,14888,14824,14887,14888,14951,14887,True
ETTh,DEV_VAL,953,14889,14825,14888,14889,14952,14888,True
ETTh,DEV_VAL,954,14890,14826,14889,14890,14953,14889,True
ETTh,DEV_VAL,955,14891,14827,14890,14891,14954,14890,True
ETTh,DEV_VAL,956,14892,14828,14891,14892,14955,14891,True
ETTh,DEV_VAL,957,14893,14829,14892,14893,14956,14892,True
ETTh,DEV_VAL,958,14894,14830,14893,14894,14957,14893,True
ETTh,DEV_VAL,959,14895,14831,14894,14895,14958,14894,True
ETTh,DEV_VAL,960,14896,14832,14895,14896,14959,14895,True
ETTh,DEV_VAL,961,14897,14833,14896,14897,14960,14896,True
ETTh,DEV_VAL,962,14898,14834,14897,14898,14961,14897,True
ETTh,DEV_VAL,963,14899,14835,14898,14899,14962,14898,True
ETTh,DEV_VAL,964,14900,14836,14899,14900,14963,14899,True
ETTh,DEV_VAL,965,14901,14837,14900,14901,14964,14900,True
ETTh,DEV_VAL,966,14902,14838,14901,14902,14965,14901,True
ETTh,DEV_VAL,967,14903,14839,14902,14903,14966,14902,True
ETTh,DEV_VAL,968,14904,14840,14903,14904,14967,14903,True
ETTh,DEV_VAL,969,14905,14841,14904,14905,14968,14904,True
ETTh,DEV_VAL,970,14906,14842,14905,14906,14969,14905,True
ETTh,DEV_VAL,971,14907,14843,14906,14907,14970,14906,True
ETTh,DEV_VAL,972,14908,14844,14907,14908,14971,14907,True
ETTh,DEV_VAL,973,14909,14845,14908,14909,14972,14908,True
ETTh,DEV_VAL,974,14910,14846,14909,14910,14973,14909,True
ETTh,DEV_VAL,975,14911,14847,14910,14911,14974,14910,True
ETTh,DEV_VAL,976,14912,14848,14911,14912,14975,14911,True
ETTh,DEV_VAL,977,14913,14849,14912,14913,14976,14912,True
ETTh,DEV_VAL,978,14914,14850,14913,14914,14977,14913,True
ETTh,DEV_VAL,979,14915,14851,14914,14915,14978,14914,True
ETTh,DEV_VAL,980,14916,14852,14915,14916,14979,14915,True
ETTh,DEV_VAL,981,14917,14853,14916,14917,14980,14916,True
ETTh,DEV_VAL,982,14918,14854,14917,14918,14981,14917,True
ETTh,DEV_VAL,983,14919,14855,14918,14919,14982,14918,True
ETTh,DEV_VAL,984,14920,14856,14919,14920,14983,14919,True
ETTh,DEV_VAL,985,14921,14857,14920,14921,14984,14920,True
ETTh,DEV_VAL,986,14922,14858,14921,14922,14985,14921,True
ETTh,DEV_VAL,987,14923,14859,14922,14923,14986,14922,True
ETTh,DEV_VAL,988,14924,14860,14923,14924,14987,14923,True
ETTh,DEV_VAL,989,14925,14861,14924,14925,14988,14924,True
ETTh,DEV_VAL,990,14926,14862,14925,14926,14989,14925,True
ETTh,DEV_VAL,991,14927,14863,14926,14927,14990,14926,True
ETTh,DEV_VAL,992,14928,14864,14927,14928,14991,14927,True
ETTh,DEV_VAL,993,14929,14865,14928,14929,14992,14928,True
ETTh,DEV_VAL,994,14930,14866,14929,14930,14993,14929,True
ETTh,DEV_VAL,995,14931,14867,14930,14931,14994,14930,True
ETTh,DEV_VAL,996,14932,14868,14931,14932,14995,14931,True
ETTh,DEV_VAL,997,14933,14869,14932,14933,14996,14932,True
ETTh,DEV_VAL,998,14934,14870,14933,14934,14997,14933,True
ETTh,DEV_VAL,999,14935,14871,14934,14935,14998,14934,True
ETTh,DEV_VAL,1000,14936,14872,14935,14936,14999,14935,True
ETTh,DEV_VAL,1001,14937,14873,14936,14937,15000,14936,True
ETTh,DEV_VAL,1002,14938,14874,14937,14938,15001,14937,True
ETTh,DEV_VAL,1003,14939,14875,14938,14939,15002,14938,True
ETTh,DEV_VAL,1004,14940,14876,14939,14940,15003,14939,True
ETTh,DEV_VAL,1005,14941,14877,14940,14941,15004,14940,True
ETTh,DEV_VAL,1006,14942,14878,14941,14942,15005,14941,True
ETTh,DEV_VAL,1007,14943,14879,14942,14943,15006,14942,True
ETTh,DEV_VAL,1008,14944,14880,14943,14944,15007,14943,True
ETTh,DEV_VAL,1009,14945,14881,14944,14945,15008,14944,True
ETTh,DEV_VAL,1010,14946,14882,14945,14946,15009,14945,True
ETTh,DEV_VAL,1011,14947,14883,14946,14947,15010,14946,True
ETTh,DEV_VAL,1012,14948,14884,14947,14948,15011,14947,True
ETTh,DEV_VAL,1013,14949,14885,14948,14949,15012,14948,True
ETTh,DEV_VAL,1014,14950,14886,14949,14950,15013,14949,True
ETTh,DEV_VAL,1015,14951,14887,14950,14951,15014,14950,True
ETTh,DEV_VAL,1016,14952,14888,14951,14952,15015,14951,True
ETTh,DEV_VAL,1017,14953,14889,14952,14953,15016,14952,True
ETTh,DEV_VAL,1018,14954,14890,14953,14954,15017,14953,True
ETTh,DEV_VAL,1019,14955,14891,14954,14955,15018,14954,True
ETTh,DEV_VAL,1020,14956,14892,14955,14956,15019,14955,True
ETTh,DEV_VAL,1021,14957,14893,14956,14957,15020,14956,True
ETTh,DEV_VAL,1022,14958,14894,14957,14958,15021,14957,True
ETTh,DEV_VAL,1023,14959,14895,14958,14959,15022,14958,True
ETTh,DEV_VAL,1024,14960,14896,14959,14960,15023,14959,True
ETTh,DEV_VAL,1025,14961,14897,14960,14961,15024,14960,True
ETTh,DEV_VAL,1026,14962,14898,14961,14962,15025,14961,True
ETTh,DEV_VAL,1027,14963,14899,14962,14963,15026,14962,True
ETTh,DEV_VAL,1028,14964,14900,14963,14964,15027,14963,True
ETTh,DEV_VAL,1029,14965,14901,14964,14965,15028,14964,True
ETTh,DEV_VAL,1030,14966,14902,14965,14966,15029,14965,True
ETTh,DEV_VAL,1031,14967,14903,14966,14967,15030,14966,True
ETTh,DEV_VAL,1032,14968,14904,14967,14968,15031,14967,True
ETTh,DEV_VAL,1033,14969,14905,14968,14969,15032,14968,True
ETTh,DEV_VAL,1034,14970,14906,14969,14970,15033,14969,True
ETTh,DEV_VAL,1035,14971,14907,14970,14971,15034,14970,True
ETTh,DEV_VAL,1036,14972,14908,14971,14972,15035,14971,True
ETTh,DEV_VAL,1037,14973,14909,14972,14973,15036,14972,True
ETTh,DEV_VAL,1038,14974,14910,14973,14974,15037,14973,True
ETTh,DEV_VAL,1039,14975,14911,14974,14975,15038,14974,True
ETTh,DEV_VAL,1040,14976,14912,14975,14976,15039,14975,True
ETTh,DEV_VAL,1041,14977,14913,14976,14977,15040,14976,True
ETTh,DEV_VAL,1042,14978,14914,14977,14978,15041,14977,True
ETTh,DEV_VAL,1043,14979,14915,14978,14979,15042,14978,True
ETTh,DEV_VAL,1044,14980,14916,14979,14980,15043,14979,True
ETTh,DEV_VAL,1045,14981,14917,14980,14981,15044,14980,True
ETTh,DEV_VAL,1046,14982,14918,14981,14982,15045,14981,True
ETTh,DEV_VAL,1047,14983,14919,14982,14983,15046,14982,True
ETTh,DEV_VAL,1048,14984,14920,14983,14984,15047,14983,True
ETTh,DEV_VAL,1049,14985,14921,14984,14985,15048,14984,True
ETTh,DEV_VAL,1050,14986,14922,14985,14986,15049,14985,True
ETTh,DEV_VAL,1051,14987,14923,14986,14987,15050,14986,True
ETTh,DEV_VAL,1052,14988,14924,14987,14988,15051,14987,True
ETTh,DEV_VAL,1053,14989,14925,14988,14989,15052,14988,True
ETTh,DEV_VAL,1054,14990,14926,14989,14990,15053,14989,True
ETTh,DEV_VAL,1055,14991,14927,14990,14991,15054,14990,True
ETTh,DEV_VAL,1056,14992,14928,14991,14992,15055,14991,True
ETTh,DEV_VAL,1057,14993,14929,14992,14993,15056,14992,True
ETTh,DEV_VAL,1058,14994,14930,14993,14994,15057,14993,True
ETTh,DEV_VAL,1059,14995,14931,14994,14995,15058,14994,True
ETTh,DEV_VAL,1060,14996,14932,14995,14996,15059,14995,True
ETTh,DEV_VAL,1061,14997,14933,14996,14997,15060,14996,True
ETTh,DEV_VAL,1062,14998,14934,14997,14998,15061,14997,True
ETTh,DEV_VAL,1063,14999,14935,14998,14999,15062,14998,True
ETTh,DEV_VAL,1064,15000,14936,14999,15000,15063,14999,True
ETTh,DEV_VAL,1065,15001,14937,15000,15001,15064,15000,True
ETTh,DEV_VAL,1066,15002,14938,15001,15002,15065,15001,True
ETTh,DEV_VAL,1067,15003,14939,15002,15003,15066,15002,True
ETTh,DEV_VAL,1068,15004,14940,15003,15004,15067,15003,True
ETTh,DEV_VAL,1069,15005,14941,15004,15005,15068,15004,True
ETTh,DEV_VAL,1070,15006,14942,15005,15006,15069,15005,True
ETTh,DEV_VAL,1071,15007,14943,15006,15007,15070,15006,True
ETTh,DEV_VAL,1072,15008,14944,15007,15008,15071,15007,True
ETTh,DEV_VAL,1073,15009,14945,15008,15009,15072,15008,True
ETTh,DEV_VAL,1074,15010,14946,15009,15010,15073,15009,True
ETTh,DEV_VAL,1075,15011,14947,15010,15011,15074,15010,True
ETTh,DEV_VAL,1076,15012,14948,15011,15012,15075,15011,True
ETTh,DEV_VAL,1077,15013,14949,15012,15013,15076,15012,True
ETTh,DEV_VAL,1078,15014,14950,15013,15014,15077,15013,True
ETTh,DEV_VAL,1079,15015,14951,15014,15015,15078,15014,True
ETTh,DEV_VAL,1080,15016,14952,15015,15016,15079,15015,True
ETTh,DEV_VAL,1081,15017,14953,15016,15017,15080,15016,True
ETTh,DEV_VAL,1082,15018,14954,15017,15018,15081,15017,True
ETTh,DEV_VAL,1083,15019,14955,15018,15019,15082,15018,True
ETTh,DEV_VAL,1084,15020,14956,15019,15020,15083,15019,True
ETTh,DEV_VAL,1085,15021,14957,15020,15021,15084,15020,True
ETTh,DEV_VAL,1086,15022,14958,15021,15022,15085,15021,True
ETTh,DEV_VAL,1087,15023,14959,15022,15023,15086,15022,True
ETTh,DEV_VAL,1088,15024,14960,15023,15024,15087,15023,True
ETTh,DEV_VAL,1089,15025,14961,15024,15025,15088,15024,True
ETTh,DEV_VAL,1090,15026,14962,15025,15026,15089,15025,True
ETTh,DEV_VAL,1091,15027,14963,15026,15027,15090,15026,True
ETTh,DEV_VAL,1092,15028,14964,15027,15028,15091,15027,True
ETTh,DEV_VAL,1093,15029,14965,15028,15029,15092,15028,True
ETTh,DEV_VAL,1094,15030,14966,15029,15030,15093,15029,True
ETTh,DEV_VAL,1095,15031,14967,15030,15031,15094,15030,True
ETTh,DEV_VAL,1096,15032,14968,15031,15032,15095,15031,True
ETTh,DEV_VAL,1097,15033,14969,15032,15033,15096,15032,True
ETTh,DEV_VAL,1098,15034,14970,15033,15034,15097,15033,True
ETTh,DEV_VAL,1099,15035,14971,15034,15035,15098,15034,True
ETTh,DEV_VAL,1100,15036,14972,15035,15036,15099,15035,True
ETTh,DEV_VAL,1101,15037,14973,15036,15037,15100,15036,True
ETTh,DEV_VAL,1102,15038,14974,15037,15038,15101,15037,True
ETTh,DEV_VAL,1103,15039,14975,15038,15039,15102,15038,True
ETTh,DEV_VAL,1104,15040,14976,15039,15040,15103,15039,True
ETTh,DEV_VAL,1105,15041,14977,15040,15041,15104,15040,True
ETTh,DEV_VAL,1106,15042,14978,15041,15042,15105,15041,True
ETTh,DEV_VAL,1107,15043,14979,15042,15043,15106,15042,True
ETTh,DEV_VAL,1108,15044,14980,15043,15044,15107,15043,True
ETTh,DEV_VAL,1109,15045,14981,15044,15045,15108,15044,True
ETTh,DEV_VAL,1110,15046,14982,15045,15046,15109,15045,True
ETTh,DEV_VAL,1111,15047,14983,15046,15047,15110,15046,True
ETTh,DEV_VAL,1112,15048,14984,15047,15048,15111,15047,True
ETTh,DEV_VAL,1113,15049,14985,15048,15049,15112,15048,True
ETTh,DEV_VAL,1114,15050,14986,15049,15050,15113,15049,True
ETTh,DEV_VAL,1115,15051,14987,15050,15051,15114,15050,True
ETTh,DEV_VAL,1116,15052,14988,15051,15052,15115,15051,True
ETTh,DEV_VAL,1117,15053,14989,15052,15053,15116,15052,True
ETTh,DEV_VAL,1118,15054,14990,15053,15054,15117,15053,True
ETTh,DEV_VAL,1119,15055,14991,15054,15055,15118,15054,True
ETTh,DEV_VAL,1120,15056,14992,15055,15056,15119,15055,True
ETTh,DEV_VAL,1121,15057,14993,15056,15057,15120,15056,True
ETTh,DEV_VAL,1122,15058,14994,15057,15058,15121,15057,True
ETTh,DEV_VAL,1123,15059,14995,15058,15059,15122,15058,True
ETTh,DEV_VAL,1124,15060,14996,15059,15060,15123,15059,True
ETTh,DEV_VAL,1125,15061,14997,15060,15061,15124,15060,True
ETTh,DEV_VAL,1126,15062,14998,15061,15062,15125,15061,True
ETTh,DEV_VAL,1127,15063,14999,15062,15063,15126,15062,True
ETTh,DEV_VAL,1128,15064,15000,15063,15064,15127,15063,True
ETTh,DEV_VAL,1129,15065,15001,15064,15065,15128,15064,True
ETTh,DEV_VAL,1130,15066,15002,15065,15066,15129,15065,True
ETTh,DEV_VAL,1131,15067,15003,15066,15067,15130,15066,True
ETTh,DEV_VAL,1132,15068,15004,15067,15068,15131,15067,True
ETTh,DEV_VAL,1133,15069,15005,15068,15069,15132,15068,True
ETTh,DEV_VAL,1134,15070,15006,15069,15070,15133,15069,True
ETTh,DEV_VAL,1135,15071,15007,15070,15071,15134,15070,True
ETTh,DEV_VAL,1136,15072,15008,15071,15072,15135,15071,True
ETTh,DEV_VAL,1137,15073,15009,15072,15073,15136,15072,True
ETTh,DEV_VAL,1138,15074,15010,15073,15074,15137,15073,True
ETTh,DEV_VAL,1139,15075,15011,15074,15075,15138,15074,True
ETTh,DEV_VAL,1140,15076,15012,15075,15076,15139,15075,True
ETTh,DEV_VAL,1141,15077,15013,15076,15077,15140,15076,True
ETTh,DEV_VAL,1142,15078,15014,15077,15078,15141,15077,True
ETTh,DEV_VAL,1143,15079,15015,15078,15079,15142,15078,True
ETTh,DEV_VAL,1144,15080,15016,15079,15080,15143,15079,True
ETTh,DEV_VAL,1145,15081,15017,15080,15081,15144,15080,True
ETTh,DEV_VAL,1146,15082,15018,15081,15082,15145,15081,True
ETTh,DEV_VAL,1147,15083,15019,15082,15083,15146,15082,True
ETTh,DEV_VAL,1148,15084,15020,15083,15084,15147,15083,True
ETTh,DEV_VAL,1149,15085,15021,15084,15085,15148,15084,True
ETTh,DEV_VAL,1150,15086,15022,15085,15086,15149,15085,True
ETTh,DEV_VAL,1151,15087,15023,15086,15087,15150,15086,True
ETTh,DEV_VAL,1152,15088,15024,15087,15088,15151,15087,True
ETTh,DEV_VAL,1153,15089,15025,15088,15089,15152,15088,True
ETTh,DEV_VAL,1154,15090,15026,15089,15090,15153,15089,True
ETTh,DEV_VAL,1155,15091,15027,15090,15091,15154,15090,True
ETTh,DEV_VAL,1156,15092,15028,15091,15092,15155,15091,True
ETTh,DEV_VAL,1157,15093,15029,15092,15093,15156,15092,True
ETTh,DEV_VAL,1158,15094,15030,15093,15094,15157,15093,True
ETTh,DEV_VAL,1159,15095,15031,15094,15095,15158,15094,True
ETTh,DEV_VAL,1160,15096,15032,15095,15096,15159,15095,True
ETTh,DEV_VAL,1161,15097,15033,15096,15097,15160,15096,True
ETTh,DEV_VAL,1162,15098,15034,15097,15098,15161,15097,True
ETTh,DEV_VAL,1163,15099,15035,15098,15099,15162,15098,True
ETTh,DEV_VAL,1164,15100,15036,15099,15100,15163,15099,True
ETTh,DEV_VAL,1165,15101,15037,15100,15101,15164,15100,True
ETTh,DEV_VAL,1166,15102,15038,15101,15102,15165,15101,True
ETTh,DEV_VAL,1167,15103,15039,15102,15103,15166,15102,True
ETTh,DEV_VAL,1168,15104,15040,15103,15104,15167,15103,True
ETTh,DEV_VAL,1169,15105,15041,15104,15105,15168,15104,True
ETTh,DEV_VAL,1170,15106,15042,15105,15106,15169,15105,True
ETTh,DEV_VAL,1171,15107,15043,15106,15107,15170,15106,True
ETTh,DEV_VAL,1172,15108,15044,15107,15108,15171,15107,True
ETTh,DEV_VAL,1173,15109,15045,15108,15109,15172,15108,True
ETTh,DEV_VAL,1174,15110,15046,15109,15110,15173,15109,True
ETTh,DEV_VAL,1175,15111,15047,15110,15111,15174,15110,True
ETTh,DEV_VAL,1176,15112,15048,15111,15112,15175,15111,True
ETTh,DEV_VAL,1177,15113,15049,15112,15113,15176,15112,True
ETTh,DEV_VAL,1178,15114,15050,15113,15114,15177,15113,True
ETTh,DEV_VAL,1179,15115,15051,15114,15115,15178,15114,True
ETTh,DEV_VAL,1180,15116,15052,15115,15116,15179,15115,True
ETTh,DEV_VAL,1181,15117,15053,15116,15117,15180,15116,True
ETTh,DEV_VAL,1182,15118,15054,15117,15118,15181,15117,True
ETTh,DEV_VAL,1183,15119,15055,15118,15119,15182,15118,True
ETTh,DEV_VAL,1184,15120,15056,15119,15120,15183,15119,True
ETTh,DEV_VAL,1185,15121,15057,15120,15121,15184,15120,True
ETTh,DEV_VAL,1186,15122,15058,15121,15122,15185,15121,True
ETTh,DEV_VAL,1187,15123,15059,15122,15123,15186,15122,True
ETTh,DEV_VAL,1188,15124,15060,15123,15124,15187,15123,True
ETTh,DEV_VAL,1189,15125,15061,15124,15125,15188,15124,True
ETTh,DEV_VAL,1190,15126,15062,15125,15126,15189,15125,True
ETTh,DEV_VAL,1191,15127,15063,15126,15127,15190,15126,True
ETTh,DEV_VAL,1192,15128,15064,15127,15128,15191,15127,True
ETTh,DEV_VAL,1193,15129,15065,15128,15129,15192,15128,True
ETTh,DEV_VAL,1194,15130,15066,15129,15130,15193,15129,True
ETTh,DEV_VAL,1195,15131,15067,15130,15131,15194,15130,True
ETTh,DEV_VAL,1196,15132,15068,15131,15132,15195,15131,True
ETTh,DEV_VAL,1197,15133,15069,15132,15133,15196,15132,True
ETTh,DEV_VAL,1198,15134,15070,15133,15134,15197,15133,True
ETTh,DEV_VAL,1199,15135,15071,15134,15135,15198,15134,True
ETTh,DEV_VAL,1200,15136,15072,15135,15136,15199,15135,True
ETTh,DEV_VAL,1201,15137,15073,15136,15137,15200,15136,True
ETTh,DEV_VAL,1202,15138,15074,15137,15138,15201,15137,True
ETTh,DEV_VAL,1203,15139,15075,15138,15139,15202,15138,True
ETTh,DEV_VAL,1204,15140,15076,15139,15140,15203,15139,True
ETTh,DEV_VAL,1205,15141,15077,15140,15141,15204,15140,True
ETTh,DEV_VAL,1206,15142,15078,15141,15142,15205,15141,True
ETTh,DEV_VAL,1207,15143,15079,15142,15143,15206,15142,True
ETTh,DEV_VAL,1208,15144,15080,15143,15144,15207,15143,True
ETTh,DEV_VAL,1209,15145,15081,15144,15145,15208,15144,True
ETTh,DEV_VAL,1210,15146,15082,15145,15146,15209,15145,True
ETTh,DEV_VAL,1211,15147,15083,15146,15147,15210,15146,True
ETTh,DEV_VAL,1212,15148,15084,15147,15148,15211,15147,True
ETTh,DEV_VAL,1213,15149,15085,15148,15149,15212,15148,True
ETTh,DEV_VAL,1214,15150,15086,15149,15150,15213,15149,True
ETTh,DEV_VAL,1215,15151,15087,15150,15151,15214,15150,True
ETTh,DEV_VAL,1216,15152,15088,15151,15152,15215,15151,True
ETTh,DEV_VAL,1217,15153,15089,15152,15153,15216,15152,True
ETTh,DEV_VAL,1218,15154,15090,15153,15154,15217,15153,True
ETTh,DEV_VAL,1219,15155,15091,15154,15155,15218,15154,True
ETTh,DEV_VAL,1220,15156,15092,15155,15156,15219,15155,True
ETTh,DEV_VAL,1221,15157,15093,15156,15157,15220,15156,True
ETTh,DEV_VAL,1222,15158,15094,15157,15158,15221,15157,True
ETTh,DEV_VAL,1223,15159,15095,15158,15159,15222,15158,True
ETTh,DEV_VAL,1224,15160,15096,15159,15160,15223,15159,True
ETTh,DEV_VAL,1225,15161,15097,15160,15161,15224,15160,True
ETTh,DEV_VAL,1226,15162,15098,15161,15162,15225,15161,True
ETTh,DEV_VAL,1227,15163,15099,15162,15163,15226,15162,True
ETTh,DEV_VAL,1228,15164,15100,15163,15164,15227,15163,True
ETTh,DEV_VAL,1229,15165,15101,15164,15165,15228,15164,True
ETTh,DEV_VAL,1230,15166,15102,15165,15166,15229,15165,True
ETTh,DEV_VAL,1231,15167,15103,15166,15167,15230,15166,True
ETTh,DEV_VAL,1232,15168,15104,15167,15168,15231,15167,True
ETTh,DEV_VAL,1233,15169,15105,15168,15169,15232,15168,True
ETTh,DEV_VAL,1234,15170,15106,15169,15170,15233,15169,True
ETTh,DEV_VAL,1235,15171,15107,15170,15171,15234,15170,True
ETTh,DEV_VAL,1236,15172,15108,15171,15172,15235,15171,True
ETTh,DEV_VAL,1237,15173,15109,15172,15173,15236,15172,True
ETTh,DEV_VAL,1238,15174,15110,15173,15174,15237,15173,True
ETTh,DEV_VAL,1239,15175,15111,15174,15175,15238,15174,True
ETTh,DEV_VAL,1240,15176,15112,15175,15176,15239,15175,True
ETTh,DEV_VAL,1241,15177,15113,15176,15177,15240,15176,True
ETTh,DEV_VAL,1242,15178,15114,15177,15178,15241,15177,True
ETTh,DEV_VAL,1243,15179,15115,15178,15179,15242,15178,True
ETTh,DEV_VAL,1244,15180,15116,15179,15180,15243,15179,True
ETTh,DEV_VAL,1245,15181,15117,15180,15181,15244,15180,True
ETTh,DEV_VAL,1246,15182,15118,15181,15182,15245,15181,True
ETTh,DEV_VAL,1247,15183,15119,15182,15183,15246,15182,True
ETTh,DEV_VAL,1248,15184,15120,15183,15184,15247,15183,True
ETTh,DEV_VAL,1249,15185,15121,15184,15185,15248,15184,True
ETTh,DEV_VAL,1250,15186,15122,15185,15186,15249,15185,True
ETTh,DEV_VAL,1251,15187,15123,15186,15187,15250,15186,True
ETTh,DEV_VAL,1252,15188,15124,15187,15188,15251,15187,True
ETTh,DEV_VAL,1253,15189,15125,15188,15189,15252,15188,True
ETTh,DEV_VAL,1254,15190,15126,15189,15190,15253,15189,True
ETTh,DEV_VAL,1255,15191,15127,15190,15191,15254,15190,True
ETTh,DEV_VAL,1256,15192,15128,15191,15192,15255,15191,True
ETTh,DEV_VAL,1257,15193,15129,15192,15193,15256,15192,True
ETTh,DEV_VAL,1258,15194,15130,15193,15194,15257,15193,True
ETTh,DEV_VAL,1259,15195,15131,15194,15195,15258,15194,True
ETTh,DEV_VAL,1260,15196,15132,15195,15196,15259,15195,True
ETTh,DEV_VAL,1261,15197,15133,15196,15197,15260,15196,True
ETTh,DEV_VAL,1262,15198,15134,15197,15198,15261,15197,True
ETTh,DEV_VAL,1263,15199,15135,15198,15199,15262,15198,True
ETTh,DEV_VAL,1264,15200,15136,15199,15200,15263,15199,True
ETTh,DEV_VAL,1265,15201,15137,15200,15201,15264,15200,True
ETTh,DEV_VAL,1266,15202,15138,15201,15202,15265,15201,True
ETTh,DEV_VAL,1267,15203,15139,15202,15203,15266,15202,True
ETTh,DEV_VAL,1268,15204,15140,15203,15204,15267,15203,True
ETTh,DEV_VAL,1269,15205,15141,15204,15205,15268,15204,True
ETTh,DEV_VAL,1270,15206,15142,15205,15206,15269,15205,True
ETTh,DEV_VAL,1271,15207,15143,15206,15207,15270,15206,True
ETTh,DEV_VAL,1272,15208,15144,15207,15208,15271,15207,True
ETTh,DEV_VAL,1273,15209,15145,15208,15209,15272,15208,True
ETTh,DEV_VAL,1274,15210,15146,15209,15210,15273,15209,True
ETTh,DEV_VAL,1275,15211,15147,15210,15211,15274,15210,True
ETTh,DEV_VAL,1276,15212,15148,15211,15212,15275,15211,True
ETTh,DEV_VAL,1277,15213,15149,15212,15213,15276,15212,True
ETTh,DEV_VAL,1278,15214,15150,15213,15214,15277,15213,True
ETTh,DEV_VAL,1279,15215,15151,15214,15215,15278,15214,True
ETTh,DEV_VAL,1280,15216,15152,15215,15216,15279,15215,True
ETTh,DEV_VAL,1281,15217,15153,15216,15217,15280,15216,True
ETTh,DEV_VAL,1282,15218,15154,15217,15218,15281,15217,True
ETTh,DEV_VAL,1283,15219,15155,15218,15219,15282,15218,True
ETTh,DEV_VAL,1284,15220,15156,15219,15220,15283,15219,True
ETTh,DEV_VAL,1285,15221,15157,15220,15221,15284,15220,True
ETTh,DEV_VAL,1286,15222,15158,15221,15222,15285,15221,True
ETTh,DEV_VAL,1287,15223,15159,15222,15223,15286,15222,True
ETTh,DEV_VAL,1288,15224,15160,15223,15224,15287,15223,True
ETTh,DEV_VAL,1289,15225,15161,15224,15225,15288,15224,True
ETTh,DEV_VAL,1290,15226,15162,15225,15226,15289,15225,True
ETTh,DEV_VAL,1291,15227,15163,15226,15227,15290,15226,True
ETTh,DEV_VAL,1292,15228,15164,15227,15228,15291,15227,True
ETTh,DEV_VAL,1293,15229,15165,15228,15229,15292,15228,True
ETTh,DEV_VAL,1294,15230,15166,15229,15230,15293,15229,True
ETTh,DEV_VAL,1295,15231,15167,15230,15231,15294,15230,True
ETTh,DEV_VAL,1296,15232,15168,15231,15232,15295,15231,True
ETTh,DEV_VAL,1297,15233,15169,15232,15233,15296,15232,True
ETTh,DEV_VAL,1298,15234,15170,15233,15234,15297,15233,True
ETTh,DEV_VAL,1299,15235,15171,15234,15235,15298,15234,True
ETTh,DEV_VAL,1300,15236,15172,15235,15236,15299,15235,True
ETTh,DEV_VAL,1301,15237,15173,15236,15237,15300,15236,True
ETTh,DEV_VAL,1302,15238,15174,15237,15238,15301,15237,True
ETTh,DEV_VAL,1303,15239,15175,15238,15239,15302,15238,True
ETTh,DEV_VAL,1304,15240,15176,15239,15240,15303,15239,True
ETTh,DEV_VAL,1305,15241,15177,15240,15241,15304,15240,True
ETTh,DEV_VAL,1306,15242,15178,15241,15242,15305,15241,True
ETTh,DEV_VAL,1307,15243,15179,15242,15243,15306,15242,True
ETTh,DEV_VAL,1308,15244,15180,15243,15244,15307,15243,True
ETTh,DEV_VAL,1309,15245,15181,15244,15245,15308,15244,True
ETTh,DEV_VAL,1310,15246,15182,15245,15246,15309,15245,True
ETTh,DEV_VAL,1311,15247,15183,15246,15247,15310,15246,True
ETTh,DEV_VAL,1312,15248,15184,15247,15248,15311,15247,True
ETTh,DEV_VAL,1313,15249,15185,15248,15249,15312,15248,True
ETTh,DEV_VAL,1314,15250,15186,15249,15250,15313,15249,True
ETTh,DEV_VAL,1315,15251,15187,15250,15251,15314,15250,True
ETTh,DEV_VAL,1316,15252,15188,15251,15252,15315,15251,True
ETTh,DEV_VAL,1317,15253,15189,15252,15253,15316,15252,True
ETTh,DEV_VAL,1318,15254,15190,15253,15254,15317,15253,True
ETTh,DEV_VAL,1319,15255,15191,15254,15255,15318,15254,True
ETTh,DEV_VAL,1320,15256,15192,15255,15256,15319,15255,True
ETTh,DEV_VAL,1321,15257,15193,15256,15257,15320,15256,True
ETTh,DEV_VAL,1322,15258,15194,15257,15258,15321,15257,True
ETTh,DEV_VAL,1323,15259,15195,15258,15259,15322,15258,True
ETTh,DEV_VAL,1324,15260,15196,15259,15260,15323,15259,True
ETTh,DEV_VAL,1325,15261,15197,15260,15261,15324,15260,True
ETTh,DEV_VAL,1326,15262,15198,15261,15262,15325,15261,True
ETTh,DEV_VAL,1327,15263,15199,15262,15263,15326,15262,True
ETTh,DEV_VAL,1328,15264,15200,15263,15264,15327,15263,True
ETTh,DEV_VAL,1329,15265,15201,15264,15265,15328,15264,True
ETTh,DEV_VAL,1330,15266,15202,15265,15266,15329,15265,True
ETTh,DEV_VAL,1331,15267,15203,15266,15267,15330,15266,True
ETTh,DEV_VAL,1332,15268,15204,15267,15268,15331,15267,True
ETTh,DEV_VAL,1333,15269,15205,15268,15269,15332,15268,True
ETTh,DEV_VAL,1334,15270,15206,15269,15270,15333,15269,True
ETTh,DEV_VAL,1335,15271,15207,15270,15271,15334,15270,True
ETTh,DEV_VAL,1336,15272,15208,15271,15272,15335,15271,True
ETTh,DEV_VAL,1337,15273,15209,15272,15273,15336,15272,True
ETTh,DEV_VAL,1338,15274,15210,15273,15274,15337,15273,True
ETTh,DEV_VAL,1339,15275,15211,15274,15275,15338,15274,True
ETTh,DEV_VAL,1340,15276,15212,15275,15276,15339,15275,True
ETTh,DEV_VAL,1341,15277,15213,15276,15277,15340,15276,True
ETTh,DEV_VAL,1342,15278,15214,15277,15278,15341,15277,True
ETTh,DEV_VAL,1343,15279,15215,15278,15279,15342,15278,True
ETTh,DEV_VAL,1344,15280,15216,15279,15280,15343,15279,True
ETTh,DEV_VAL,1345,15281,15217,15280,15281,15344,15280,True
ETTh,DEV_VAL,1346,15282,15218,15281,15282,15345,15281,True
ETTh,DEV_VAL,1347,15283,15219,15282,15283,15346,15282,True
ETTh,DEV_VAL,1348,15284,15220,15283,15284,15347,15283,True
ETTh,DEV_VAL,1349,15285,15221,15284,15285,15348,15284,True
ETTh,DEV_VAL,1350,15286,15222,15285,15286,15349,15285,True
ETTh,DEV_VAL,1351,15287,15223,15286,15287,15350,15286,True
ETTh,DEV_VAL,1352,15288,15224,15287,15288,15351,15287,True
ETTh,DEV_VAL,1353,15289,15225,15288,15289,15352,15288,True
ETTh,DEV_VAL,1354,15290,15226,15289,15290,15353,15289,True
ETTh,DEV_VAL,1355,15291,15227,15290,15291,15354,15290,True
ETTh,DEV_VAL,1356,15292,15228,15291,15292,15355,15291,True
ETTh,DEV_VAL,1357,15293,15229,15292,15293,15356,15292,True
ETTh,DEV_VAL,1358,15294,15230,15293,15294,15357,15293,True
ETTh,DEV_VAL,1359,15295,15231,15294,15295,15358,15294,True
ETTh,DEV_VAL,1360,15296,15232,15295,15296,15359,15295,True
ETTh,DEV_VAL,1361,15297,15233,15296,15297,15360,15296,True
ETTh,DEV_VAL,1362,15298,15234,15297,15298,15361,15297,True
ETTh,DEV_VAL,1363,15299,15235,15298,15299,15362,15298,True
ETTh,DEV_VAL,1364,15300,15236,15299,15300,15363,15299,True
ETTh,DEV_VAL,1365,15301,15237,15300,15301,15364,15300,True
ETTh,DEV_VAL,1366,15302,15238,15301,15302,15365,15301,True
ETTh,DEV_VAL,1367,15303,15239,15302,15303,15366,15302,True
ETTh,DEV_VAL,1368,15304,15240,15303,15304,15367,15303,True
ETTh,DEV_VAL,1369,15305,15241,15304,15305,15368,15304,True
ETTh,DEV_VAL,1370,15306,15242,15305,15306,15369,15305,True
ETTh,DEV_VAL,1371,15307,15243,15306,15307,15370,15306,True
ETTh,DEV_VAL,1372,15308,15244,15307,15308,15371,15307,True
ETTh,DEV_VAL,1373,15309,15245,15308,15309,15372,15308,True
ETTh,DEV_VAL,1374,15310,15246,15309,15310,15373,15309,True
ETTh,DEV_VAL,1375,15311,15247,15310,15311,15374,15310,True
ETTh,DEV_VAL,1376,15312,15248,15311,15312,15375,15311,True
ETTh,DEV_VAL,1377,15313,15249,15312,15313,15376,15312,True
ETTh,DEV_VAL,1378,15314,15250,15313,15314,15377,15313,True
ETTh,DEV_VAL,1379,15315,15251,15314,15315,15378,15314,True
ETTh,DEV_VAL,1380,15316,15252,15315,15316,15379,15315,True
ETTh,DEV_VAL,1381,15317,15253,15316,15317,15380,15316,True
ETTh,DEV_VAL,1382,15318,15254,15317,15318,15381,15317,True
ETTh,DEV_VAL,1383,15319,15255,15318,15319,15382,15318,True
ETTh,DEV_VAL,1384,15320,15256,15319,15320,15383,15319,True
ETTh,DEV_VAL,1385,15321,15257,15320,15321,15384,15320,True
ETTh,DEV_VAL,1386,15322,15258,15321,15322,15385,15321,True
ETTh,DEV_VAL,1387,15323,15259,15322,15323,15386,15322,True
ETTh,DEV_VAL,1388,15324,15260,15323,15324,15387,15323,True
ETTh,DEV_VAL,1389,15325,15261,15324,15325,15388,15324,True
ETTh,DEV_VAL,1390,15326,15262,15325,15326,15389,15325,True
ETTh,DEV_VAL,1391,15327,15263,15326,15327,15390,15326,True
ETTh,DEV_VAL,1392,15328,15264,15327,15328,15391,15327,True
ETTh,DEV_VAL,1393,15329,15265,15328,15329,15392,15328,True
ETTh,DEV_VAL,1394,15330,15266,15329,15330,15393,15329,True
ETTh,DEV_VAL,1395,15331,15267,15330,15331,15394,15330,True
ETTh,DEV_VAL,1396,15332,15268,15331,15332,15395,15331,True
ETTh,DEV_VAL,1397,15333,15269,15332,15333,15396,15332,True
ETTh,DEV_VAL,1398,15334,15270,15333,15334,15397,15333,True
ETTh,DEV_VAL,1399,15335,15271,15334,15335,15398,15334,True
ETTh,DEV_VAL,1400,15336,15272,15335,15336,15399,15335,True
ETTh,DEV_VAL,1401,15337,15273,15336,15337,15400,15336,True
ETTh,DEV_VAL,1402,15338,15274,15337,15338,15401,15337,True
ETTh,DEV_VAL,1403,15339,15275,15338,15339,15402,15338,True
ETTh,DEV_VAL,1404,15340,15276,15339,15340,15403,15339,True
ETTh,DEV_VAL,1405,15341,15277,15340,15341,15404,15340,True
ETTh,DEV_VAL,1406,15342,15278,15341,15342,15405,15341,True
ETTh,DEV_VAL,1407,15343,15279,15342,15343,15406,15342,True
ETTh,DEV_VAL,1408,15344,15280,15343,15344,15407,15343,True
ETTh,DEV_VAL,1409,15345,15281,15344,15345,15408,15344,True
ETTh,DEV_VAL,1410,15346,15282,15345,15346,15409,15345,True
ETTh,DEV_VAL,1411,15347,15283,15346,15347,15410,15346,True
ETTh,DEV_VAL,1412,15348,15284,15347,15348,15411,15347,True
ETTh,DEV_VAL,1413,15349,15285,15348,15349,15412,15348,True
ETTh,DEV_VAL,1414,15350,15286,15349,15350,15413,15349,True
ETTh,DEV_VAL,1415,15351,15287,15350,15351,15414,15350,True
ETTh,DEV_VAL,1416,15352,15288,15351,15352,15415,15351,True
ETTh,DEV_VAL,1417,15353,15289,15352,15353,15416,15352,True
ETTh,DEV_VAL,1418,15354,15290,15353,15354,15417,15353,True
ETTh,DEV_VAL,1419,15355,15291,15354,15355,15418,15354,True
ETTh,DEV_VAL,1420,15356,15292,15355,15356,15419,15355,True
ETTh,DEV_VAL,1421,15357,15293,15356,15357,15420,15356,True
ETTh,DEV_VAL,1422,15358,15294,15357,15358,15421,15357,True
ETTh,DEV_VAL,1423,15359,15295,15358,15359,15422,15358,True
ETTh,DEV_VAL,1424,15360,15296,15359,15360,15423,15359,True
ETTh,DEV_VAL,1425,15361,15297,15360,15361,15424,15360,True
ETTh,DEV_VAL,1426,15362,15298,15361,15362,15425,15361,True
ETTh,DEV_VAL,1427,15363,15299,15362,15363,15426,15362,True
ETTh,DEV_VAL,1428,15364,15300,15363,15364,15427,15363,True
ETTh,DEV_VAL,1429,15365,15301,15364,15365,15428,15364,True
ETTh,DEV_VAL,1430,15366,15302,15365,15366,15429,15365,True
ETTh,DEV_VAL,1431,15367,15303,15366,15367,15430,15366,True
ETTh,DEV_VAL,1432,15368,15304,15367,15368,15431,15367,True
ETTh,DEV_VAL,1433,15369,15305,15368,15369,15432,15368,True
ETTh,DEV_VAL,1434,15370,15306,15369,15370,15433,15369,True
ETTh,DEV_VAL,1435,15371,15307,15370,15371,15434,15370,True
ETTh,DEV_VAL,1436,15372,15308,15371,15372,15435,15371,True
ETTh,DEV_VAL,1437,15373,15309,15372,15373,15436,15372,True
ETTh,DEV_VAL,1438,15374,15310,15373,15374,15437,15373,True
ETTh,DEV_VAL,1439,15375,15311,15374,15375,15438,15374,True
ETTh,DEV_VAL,1440,15376,15312,15375,15376,15439,15375,True
ETTh,DEV_VAL,1441,15377,15313,15376,15377,15440,15376,True
ETTh,DEV_VAL,1442,15378,15314,15377,15378,15441,15377,True
ETTh,DEV_VAL,1443,15379,15315,15378,15379,15442,15378,True
ETTh,DEV_VAL,1444,15380,15316,15379,15380,15443,15379,True
ETTh,DEV_VAL,1445,15381,15317,15380,15381,15444,15380,True
ETTh,DEV_VAL,1446,15382,15318,15381,15382,15445,15381,True
ETTh,DEV_VAL,1447,15383,15319,15382,15383,15446,15382,True
ETTh,DEV_VAL,1448,15384,15320,15383,15384,15447,15383,True
ETTh,DEV_VAL,1449,15385,15321,15384,15385,15448,15384,True
ETTh,DEV_VAL,1450,15386,15322,15385,15386,15449,15385,True
ETTh,DEV_VAL,1451,15387,15323,15386,15387,15450,15386,True
ETTh,DEV_VAL,1452,15388,15324,15387,15388,15451,15387,True
ETTh,DEV_VAL,1453,15389,15325,15388,15389,15452,15388,True
ETTh,DEV_VAL,1454,15390,15326,15389,15390,15453,15389,True
ETTh,DEV_VAL,1455,15391,15327,15390,15391,15454,15390,True
ETTh,DEV_VAL,1456,15392,15328,15391,15392,15455,15391,True
ETTh,DEV_VAL,1457,15393,15329,15392,15393,15456,15392,True
ETTh,DEV_VAL,1458,15394,15330,15393,15394,15457,15393,True
ETTh,DEV_VAL,1459,15395,15331,15394,15395,15458,15394,True
ETTh,DEV_VAL,1460,15396,15332,15395,15396,15459,15395,True
ETTh,DEV_VAL,1461,15397,15333,15396,15397,15460,15396,True
ETTh,DEV_VAL,1462,15398,15334,15397,15398,15461,15397,True
ETTh,DEV_VAL,1463,15399,15335,15398,15399,15462,15398,True
ETTh,DEV_VAL,1464,15400,15336,15399,15400,15463,15399,True
ETTh,DEV_VAL,1465,15401,15337,15400,15401,15464,15400,True
ETTh,DEV_VAL,1466,15402,15338,15401,15402,15465,15401,True
ETTh,DEV_VAL,1467,15403,15339,15402,15403,15466,15402,True
ETTh,DEV_VAL,1468,15404,15340,15403,15404,15467,15403,True
ETTh,DEV_VAL,1469,15405,15341,15404,15405,15468,15404,True
ETTh,DEV_VAL,1470,15406,15342,15405,15406,15469,15405,True
ETTh,DEV_VAL,1471,15407,15343,15406,15407,15470,15406,True
ETTh,DEV_VAL,1472,15408,15344,15407,15408,15471,15407,True
ETTh,DEV_VAL,1473,15409,15345,15408,15409,15472,15408,True
ETTh,DEV_VAL,1474,15410,15346,15409,15410,15473,15409,True
ETTh,DEV_VAL,1475,15411,15347,15410,15411,15474,15410,True
ETTh,DEV_VAL,1476,15412,15348,15411,15412,15475,15411,True
ETTh,DEV_VAL,1477,15413,15349,15412,15413,15476,15412,True
ETTh,DEV_VAL,1478,15414,15350,15413,15414,15477,15413,True
ETTh,DEV_VAL,1479,15415,15351,15414,15415,15478,15414,True
ETTh,DEV_VAL,1480,15416,15352,15415,15416,15479,15415,True
ETTh,DEV_VAL,1481,15417,15353,15416,15417,15480,15416,True
ETTh,DEV_VAL,1482,15418,15354,15417,15418,15481,15417,True
ETTh,DEV_VAL,1483,15419,15355,15418,15419,15482,15418,True
ETTh,DEV_VAL,1484,15420,15356,15419,15420,15483,15419,True
ETTh,DEV_VAL,1485,15421,15357,15420,15421,15484,15420,True
ETTh,DEV_VAL,1486,15422,15358,15421,15422,15485,15421,True
ETTh,DEV_VAL,1487,15423,15359,15422,15423,15486,15422,True
ETTh,DEV_VAL,1488,15424,15360,15423,15424,15487,15423,True
ETTh,DEV_VAL,1489,15425,15361,15424,15425,15488,15424,True
ETTh,DEV_VAL,1490,15426,15362,15425,15426,15489,15425,True
ETTh,DEV_VAL,1491,15427,15363,15426,15427,15490,15426,True
ETTh,DEV_VAL,1492,15428,15364,15427,15428,15491,15427,True
ETTh,DEV_VAL,1493,15429,15365,15428,15429,15492,15428,True
ETTh,DEV_VAL,1494,15430,15366,15429,15430,15493,15429,True
ETTh,DEV_VAL,1495,15431,15367,15430,15431,15494,15430,True
ETTh,DEV_VAL,1496,15432,15368,15431,15432,15495,15431,True
ETTh,DEV_VAL,1497,15433,15369,15432,15433,15496,15432,True
ETTh,DEV_VAL,1498,15434,15370,15433,15434,15497,15433,True
ETTh,DEV_VAL,1499,15435,15371,15434,15435,15498,15434,True
ETTh,DEV_VAL,1500,15436,15372,15435,15436,15499,15435,True
ETTh,DEV_VAL,1501,15437,15373,15436,15437,15500,15436,True
ETTh,DEV_VAL,1502,15438,15374,15437,15438,15501,15437,True
ETTh,DEV_VAL,1503,15439,15375,15438,15439,15502,15438,True
ETTh,DEV_VAL,1504,15440,15376,15439,15440,15503,15439,True
ETTh,DEV_VAL,1505,15441,15377,15440,15441,15504,15440,True
ETTh,DEV_VAL,1506,15442,15378,15441,15442,15505,15441,True
ETTh,DEV_VAL,1507,15443,15379,15442,15443,15506,15442,True
ETTh,DEV_VAL,1508,15444,15380,15443,15444,15507,15443,True
ETTh,DEV_VAL,1509,15445,15381,15444,15445,15508,15444,True
ETTh,DEV_VAL,1510,15446,15382,15445,15446,15509,15445,True
ETTh,DEV_VAL,1511,15447,15383,15446,15447,15510,15446,True
ETTh,DEV_VAL,1512,15448,15384,15447,15448,15511,15447,True
ETTh,DEV_VAL,1513,15449,15385,15448,15449,15512,15448,True
ETTh,DEV_VAL,1514,15450,15386,15449,15450,15513,15449,True
ETTh,DEV_VAL,1515,15451,15387,15450,15451,15514,15450,True
ETTh,DEV_VAL,1516,15452,15388,15451,15452,15515,15451,True
ETTh,DEV_VAL,1517,15453,15389,15452,15453,15516,15452,True
ETTh,DEV_VAL,1518,15454,15390,15453,15454,15517,15453,True
ETTh,DEV_VAL,1519,15455,15391,15454,15455,15518,15454,True
ETTh,DEV_VAL,1520,15456,15392,15455,15456,15519,15455,True
ETTh,DEV_VAL,1521,15457,15393,15456,15457,15520,15456,True
ETTh,DEV_VAL,1522,15458,15394,15457,15458,15521,15457,True
ETTh,DEV_VAL,1523,15459,15395,15458,15459,15522,15458,True
ETTh,DEV_VAL,1524,15460,15396,15459,15460,15523,15459,True
ETTh,DEV_VAL,1525,15461,15397,15460,15461,15524,15460,True
ETTh,DEV_VAL,1526,15462,15398,15461,15462,15525,15461,True
ETTh,DEV_VAL,1527,15463,15399,15462,15463,15526,15462,True
ETTh,DEV_VAL,1528,15464,15400,15463,15464,15527,15463,True
ETTh,DEV_VAL,1529,15465,15401,15464,15465,15528,15464,True
ETTh,DEV_VAL,1530,15466,15402,15465,15466,15529,15465,True
ETTh,DEV_VAL,1531,15467,15403,15466,15467,15530,15466,True
ETTh,DEV_VAL,1532,15468,15404,15467,15468,15531,15467,True
ETTh,DEV_VAL,1533,15469,15405,15468,15469,15532,15468,True
ETTh,DEV_VAL,1534,15470,15406,15469,15470,15533,15469,True
ETTh,DEV_VAL,1535,15471,15407,15470,15471,15534,15470,True
ETTh,DEV_VAL,1536,15472,15408,15471,15472,15535,15471,True
ETTh,DEV_VAL,1537,15473,15409,15472,15473,15536,15472,True
ETTh,DEV_VAL,1538,15474,15410,15473,15474,15537,15473,True
ETTh,DEV_VAL,1539,15475,15411,15474,15475,15538,15474,True
ETTh,DEV_VAL,1540,15476,15412,15475,15476,15539,15475,True
ETTh,DEV_VAL,1541,15477,15413,15476,15477,15540,15476,True
ETTh,DEV_VAL,1542,15478,15414,15477,15478,15541,15477,True
ETTh,DEV_VAL,1543,15479,15415,15478,15479,15542,15478,True
ETTh,DEV_VAL,1544,15480,15416,15479,15480,15543,15479,True
ETTh,DEV_VAL,1545,15481,15417,15480,15481,15544,15480,True
ETTh,DEV_VAL,1546,15482,15418,15481,15482,15545,15481,True
ETTh,DEV_VAL,1547,15483,15419,15482,15483,15546,15482,True
ETTh,DEV_VAL,1548,15484,15420,15483,15484,15547,15483,True
ETTh,DEV_VAL,1549,15485,15421,15484,15485,15548,15484,True
ETTh,DEV_VAL,1550,15486,15422,15485,15486,15549,15485,True
ETTh,DEV_VAL,1551,15487,15423,15486,15487,15550,15486,True
ETTh,DEV_VAL,1552,15488,15424,15487,15488,15551,15487,True
ETTh,DEV_VAL,1553,15489,15425,15488,15489,15552,15488,True
ETTh,DEV_VAL,1554,15490,15426,15489,15490,15553,15489,True
ETTh,DEV_VAL,1555,15491,15427,15490,15491,15554,15490,True
ETTh,DEV_VAL,1556,15492,15428,15491,15492,15555,15491,True
ETTh,DEV_VAL,1557,15493,15429,15492,15493,15556,15492,True
ETTh,DEV_VAL,1558,15494,15430,15493,15494,15557,15493,True
ETTh,DEV_VAL,1559,15495,15431,15494,15495,15558,15494,True
ETTh,DEV_VAL,1560,15496,15432,15495,15496,15559,15495,True
ETTh,DEV_VAL,1561,15497,15433,15496,15497,15560,15496,True
ETTh,DEV_VAL,1562,15498,15434,15497,15498,15561,15497,True
ETTh,DEV_VAL,1563,15499,15435,15498,15499,15562,15498,True
ETTh,DEV_VAL,1564,15500,15436,15499,15500,15563,15499,True
ETTh,DEV_VAL,1565,15501,15437,15500,15501,15564,15500,True
ETTh,DEV_VAL,1566,15502,15438,15501,15502,15565,15501,True
ETTh,DEV_VAL,1567,15503,15439,15502,15503,15566,15502,True
ETTh,DEV_VAL,1568,15504,15440,15503,15504,15567,15503,True
ETTh,DEV_VAL,1569,15505,15441,15504,15505,15568,15504,True
ETTh,DEV_VAL,1570,15506,15442,15505,15506,15569,15505,True
ETTh,DEV_VAL,1571,15507,15443,15506,15507,15570,15506,True
ETTh,DEV_VAL,1572,15508,15444,15507,15508,15571,15507,True
ETTh,DEV_VAL,1573,15509,15445,15508,15509,15572,15508,True
ETTh,DEV_VAL,1574,15510,15446,15509,15510,15573,15509,True
ETTh,DEV_VAL,1575,15511,15447,15510,15511,15574,15510,True
ETTh,DEV_VAL,1576,15512,15448,15511,15512,15575,15511,True
ETTh,DEV_VAL,1577,15513,15449,15512,15513,15576,15512,True
ETTh,DEV_VAL,1578,15514,15450,15513,15514,15577,15513,True
ETTh,DEV_VAL,1579,15515,15451,15514,15515,15578,15514,True
ETTh,DEV_VAL,1580,15516,15452,15515,15516,15579,15515,True
ETTh,DEV_VAL,1581,15517,15453,15516,15517,15580,15516,True
ETTh,DEV_VAL,1582,15518,15454,15517,15518,15581,15517,True
ETTh,DEV_VAL,1583,15519,15455,15518,15519,15582,15518,True
ETTh,DEV_VAL,1584,15520,15456,15519,15520,15583,15519,True
ETTh,DEV_VAL,1585,15521,15457,15520,15521,15584,15520,True
ETTh,DEV_VAL,1586,15522,15458,15521,15522,15585,15521,True
ETTh,DEV_VAL,1587,15523,15459,15522,15523,15586,15522,True
ETTh,DEV_VAL,1588,15524,15460,15523,15524,15587,15523,True
ETTh,DEV_VAL,1589,15525,15461,15524,15525,15588,15524,True
ETTh,DEV_VAL,1590,15526,15462,15525,15526,15589,15525,True
ETTh,DEV_VAL,1591,15527,15463,15526,15527,15590,15526,True
ETTh,DEV_VAL,1592,15528,15464,15527,15528,15591,15527,True
ETTh,DEV_VAL,1593,15529,15465,15528,15529,15592,15528,True
ETTh,DEV_VAL,1594,15530,15466,15529,15530,15593,15529,True
ETTh,DEV_VAL,1595,15531,15467,15530,15531,15594,15530,True
ETTh,DEV_VAL,1596,15532,15468,15531,15532,15595,15531,True
ETTh,DEV_VAL,1597,15533,15469,15532,15533,15596,15532,True
ETTh,DEV_VAL,1598,15534,15470,15533,15534,15597,15533,True
ETTh,DEV_VAL,1599,15535,15471,15534,15535,15598,15534,True
ETTh,DEV_VAL,1600,15536,15472,15535,15536,15599,15535,True
ETTh,DEV_VAL,1601,15537,15473,15536,15537,15600,15536,True
ETTh,DEV_VAL,1602,15538,15474,15537,15538,15601,15537,True
ETTh,DEV_VAL,1603,15539,15475,15538,15539,15602,15538,True
ETTh,DEV_VAL,1604,15540,15476,15539,15540,15603,15539,True
ETTh,DEV_VAL,1605,15541,15477,15540,15541,15604,15540,True
ETTh,DEV_VAL,1606,15542,15478,15541,15542,15605,15541,True
ETTh,DEV_VAL,1607,15543,15479,15542,15543,15606,15542,True
ETTh,DEV_VAL,1608,15544,15480,15543,15544,15607,15543,True
ETTh,DEV_VAL,1609,15545,15481,15544,15545,15608,15544,True
ETTh,DEV_VAL,1610,15546,15482,15545,15546,15609,15545,True
ETTh,DEV_VAL,1611,15547,15483,15546,15547,15610,15546,True
ETTh,DEV_VAL,1612,15548,15484,15547,15548,15611,15547,True
ETTh,DEV_VAL,1613,15549,15485,15548,15549,15612,15548,True
ETTh,DEV_VAL,1614,15550,15486,15549,15550,15613,15549,True
ETTh,DEV_VAL,1615,15551,15487,15550,15551,15614,15550,True
ETTh,DEV_VAL,1616,15552,15488,15551,15552,15615,15551,True
ETTh,DEV_VAL,1617,15553,15489,15552,15553,15616,15552,True
ETTh,DEV_VAL,1618,15554,15490,15553,15554,15617,15553,True
ETTh,DEV_VAL,1619,15555,15491,15554,15555,15618,15554,True
ETTh,DEV_VAL,1620,15556,15492,15555,15556,15619,15555,True
ETTh,DEV_VAL,1621,15557,15493,15556,15557,15620,15556,True
ETTh,DEV_VAL,1622,15558,15494,15557,15558,15621,15557,True
ETTh,DEV_VAL,1623,15559,15495,15558,15559,15622,15558,True
ETTh,DEV_VAL,1624,15560,15496,15559,15560,15623,15559,True
ETTh,DEV_VAL,1625,15561,15497,15560,15561,15624,15560,True
ETTh,DEV_VAL,1626,15562,15498,15561,15562,15625,15561,True
ETTh,DEV_VAL,1627,15563,15499,15562,15563,15626,15562,True
ETTh,DEV_VAL,1628,15564,15500,15563,15564,15627,15563,True
ETTh,DEV_VAL,1629,15565,15501,15564,15565,15628,15564,True
ETTh,DEV_VAL,1630,15566,15502,15565,15566,15629,15565,True
ETTh,DEV_VAL,1631,15567,15503,15566,15567,15630,15566,True
ETTh,DEV_VAL,1632,15568,15504,15567,15568,15631,15567,True
ETTh,DEV_VAL,1633,15569,15505,15568,15569,15632,15568,True
ETTh,DEV_VAL,1634,15570,15506,15569,15570,15633,15569,True
ETTh,DEV_VAL,1635,15571,15507,15570,15571,15634,15570,True
ETTh,DEV_VAL,1636,15572,15508,15571,15572,15635,15571,True
ETTh,DEV_VAL,1637,15573,15509,15572,15573,15636,15572,True
ETTh,DEV_VAL,1638,15574,15510,15573,15574,15637,15573,True
ETTh,DEV_VAL,1639,15575,15511,15574,15575,15638,15574,True
ETTh,DEV_VAL,1640,15576,15512,15575,15576,15639,15575,True
ETTh,DEV_VAL,1641,15577,15513,15576,15577,15640,15576,True
ETTh,DEV_VAL,1642,15578,15514,15577,15578,15641,15577,True
ETTh,DEV_VAL,1643,15579,15515,15578,15579,15642,15578,True
ETTh,DEV_VAL,1644,15580,15516,15579,15580,15643,15579,True
ETTh,DEV_VAL,1645,15581,15517,15580,15581,15644,15580,True
ETTh,DEV_VAL,1646,15582,15518,15581,15582,15645,15581,True
ETTh,DEV_VAL,1647,15583,15519,15582,15583,15646,15582,True
ETTh,DEV_VAL,1648,15584,15520,15583,15584,15647,15583,True
ETTh,DEV_VAL,1649,15585,15521,15584,15585,15648,15584,True
ETTh,DEV_VAL,1650,15586,15522,15585,15586,15649,15585,True
ETTh,DEV_VAL,1651,15587,15523,15586,15587,15650,15586,True
ETTh,DEV_VAL,1652,15588,15524,15587,15588,15651,15587,True
ETTh,DEV_VAL,1653,15589,15525,15588,15589,15652,15588,True
ETTh,DEV_VAL,1654,15590,15526,15589,15590,15653,15589,True
ETTh,DEV_VAL,1655,15591,15527,15590,15591,15654,15590,True
ETTh,DEV_VAL,1656,15592,15528,15591,15592,15655,15591,True
ETTh,DEV_VAL,1657,15593,15529,15592,15593,15656,15592,True
ETTh,DEV_VAL,1658,15594,15530,15593,15594,15657,15593,True
ETTh,DEV_VAL,1659,15595,15531,15594,15595,15658,15594,True
ETTh,DEV_VAL,1660,15596,15532,15595,15596,15659,15595,True
ETTh,DEV_VAL,1661,15597,15533,15596,15597,15660,15596,True
ETTh,DEV_VAL,1662,15598,15534,15597,15598,15661,15597,True
ETTh,DEV_VAL,1663,15599,15535,15598,15599,15662,15598,True
ETTh,DEV_VAL,1664,15600,15536,15599,15600,15663,15599,True
ETTh,DEV_VAL,1665,15601,15537,15600,15601,15664,15600,True
ETTh,DEV_VAL,1666,15602,15538,15601,15602,15665,15601,True
ETTh,DEV_VAL,1667,15603,15539,15602,15603,15666,15602,True
ETTh,DEV_VAL,1668,15604,15540,15603,15604,15667,15603,True
ETTh,DEV_VAL,1669,15605,15541,15604,15605,15668,15604,True
ETTh,DEV_VAL,1670,15606,15542,15605,15606,15669,15605,True
ETTh,DEV_VAL,1671,15607,15543,15606,15607,15670,15606,True
ETTh,DEV_VAL,1672,15608,15544,15607,15608,15671,15607,True
ETTh,DEV_VAL,1673,15609,15545,15608,15609,15672,15608,True
ETTh,DEV_VAL,1674,15610,15546,15609,15610,15673,15609,True
ETTh,DEV_VAL,1675,15611,15547,15610,15611,15674,15610,True
ETTh,DEV_VAL,1676,15612,15548,15611,15612,15675,15611,True
ETTh,DEV_VAL,1677,15613,15549,15612,15613,15676,15612,True
ETTh,DEV_VAL,1678,15614,15550,15613,15614,15677,15613,True
ETTh,FINAL_TEST,0,15678,15614,15677,15678,15741,15677,True
ETTh,FINAL_TEST,1,15679,15615,15678,15679,15742,15678,True
ETTh,FINAL_TEST,2,15680,15616,15679,15680,15743,15679,True
ETTh,FINAL_TEST,3,15681,15617,15680,15681,15744,15680,True
ETTh,FINAL_TEST,4,15682,15618,15681,15682,15745,15681,True
ETTh,FINAL_TEST,5,15683,15619,15682,15683,15746,15682,True
ETTh,FINAL_TEST,6,15684,15620,15683,15684,15747,15683,True
ETTh,FINAL_TEST,7,15685,15621,15684,15685,15748,15684,True
ETTh,FINAL_TEST,8,15686,15622,15685,15686,15749,15685,True
ETTh,FINAL_TEST,9,15687,15623,15686,15687,15750,15686,True
ETTh,FINAL_TEST,10,15688,15624,15687,15688,15751,15687,True
ETTh,FINAL_TEST,11,15689,15625,15688,15689,15752,15688,True
ETTh,FINAL_TEST,12,15690,15626,15689,15690,15753,15689,True
ETTh,FINAL_TEST,13,15691,15627,15690,15691,15754,15690,True
ETTh,FINAL_TEST,14,15692,15628,15691,15692,15755,15691,True
ETTh,FINAL_TEST,15,15693,15629,15692,15693,15756,15692,True
ETTh,FINAL_TEST,16,15694,15630,15693,15694,15757,15693,True
ETTh,FINAL_TEST,17,15695,15631,15694,15695,15758,15694,True
ETTh,FINAL_TEST,18,15696,15632,15695,15696,15759,15695,True
ETTh,FINAL_TEST,19,15697,15633,15696,15697,15760,15696,True
ETTh,FINAL_TEST,20,15698,15634,15697,15698,15761,15697,True
ETTh,FINAL_TEST,21,15699,15635,15698,15699,15762,15698,True
ETTh,FINAL_TEST,22,15700,15636,15699,15700,15763,15699,True
ETTh,FINAL_TEST,23,15701,15637,15700,15701,15764,15700,True
ETTh,FINAL_TEST,24,15702,15638,15701,15702,15765,15701,True
ETTh,FINAL_TEST,25,15703,15639,15702,15703,15766,15702,True
ETTh,FINAL_TEST,26,15704,15640,15703,15704,15767,15703,True
ETTh,FINAL_TEST,27,15705,15641,15704,15705,15768,15704,True
ETTh,FINAL_TEST,28,15706,15642,15705,15706,15769,15705,True
ETTh,FINAL_TEST,29,15707,15643,15706,15707,15770,15706,True
ETTh,FINAL_TEST,30,15708,15644,15707,15708,15771,15707,True
ETTh,FINAL_TEST,31,15709,15645,15708,15709,15772,15708,True
ETTh,FINAL_TEST,32,15710,15646,15709,15710,15773,15709,True
ETTh,FINAL_TEST,33,15711,15647,15710,15711,15774,15710,True
ETTh,FINAL_TEST,34,15712,15648,15711,15712,15775,15711,True
ETTh,FINAL_TEST,35,15713,15649,15712,15713,15776,15712,True
ETTh,FINAL_TEST,36,15714,15650,15713,15714,15777,15713,True
ETTh,FINAL_TEST,37,15715,15651,15714,15715,15778,15714,True
ETTh,FINAL_TEST,38,15716,15652,15715,15716,15779,15715,True
ETTh,FINAL_TEST,39,15717,15653,15716,15717,15780,15716,True
ETTh,FINAL_TEST,40,15718,15654,15717,15718,15781,15717,True
ETTh,FINAL_TEST,41,15719,15655,15718,15719,15782,15718,True
ETTh,FINAL_TEST,42,15720,15656,15719,15720,15783,15719,True
ETTh,FINAL_TEST,43,15721,15657,15720,15721,15784,15720,True
ETTh,FINAL_TEST,44,15722,15658,15721,15722,15785,15721,True
ETTh,FINAL_TEST,45,15723,15659,15722,15723,15786,15722,True
ETTh,FINAL_TEST,46,15724,15660,15723,15724,15787,15723,True
ETTh,FINAL_TEST,47,15725,15661,15724,15725,15788,15724,True
ETTh,FINAL_TEST,48,15726,15662,15725,15726,15789,15725,True
ETTh,FINAL_TEST,49,15727,15663,15726,15727,15790,15726,True
ETTh,FINAL_TEST,50,15728,15664,15727,15728,15791,15727,True
ETTh,FINAL_TEST,51,15729,15665,15728,15729,15792,15728,True
ETTh,FINAL_TEST,52,15730,15666,15729,15730,15793,15729,True
ETTh,FINAL_TEST,53,15731,15667,15730,15731,15794,15730,True
ETTh,FINAL_TEST,54,15732,15668,15731,15732,15795,15731,True
ETTh,FINAL_TEST,55,15733,15669,15732,15733,15796,15732,True
ETTh,FINAL_TEST,56,15734,15670,15733,15734,15797,15733,True
ETTh,FINAL_TEST,57,15735,15671,15734,15735,15798,15734,True
ETTh,FINAL_TEST,58,15736,15672,15735,15736,15799,15735,True
ETTh,FINAL_TEST,59,15737,15673,15736,15737,15800,15736,True
ETTh,FINAL_TEST,60,15738,15674,15737,15738,15801,15737,True
ETTh,FINAL_TEST,61,15739,15675,15738,15739,15802,15738,True
ETTh,FINAL_TEST,62,15740,15676,15739,15740,15803,15739,True
ETTh,FINAL_TEST,63,15741,15677,15740,15741,15804,15740,True
ETTh,FINAL_TEST,64,15742,15678,15741,15742,15805,15741,True
ETTh,FINAL_TEST,65,15743,15679,15742,15743,15806,15742,True
ETTh,FINAL_TEST,66,15744,15680,15743,15744,15807,15743,True
ETTh,FINAL_TEST,67,15745,15681,15744,15745,15808,15744,True
ETTh,FINAL_TEST,68,15746,15682,15745,15746,15809,15745,True
ETTh,FINAL_TEST,69,15747,15683,15746,15747,15810,15746,True
ETTh,FINAL_TEST,70,15748,15684,15747,15748,15811,15747,True
ETTh,FINAL_TEST,71,15749,15685,15748,15749,15812,15748,True
ETTh,FINAL_TEST,72,15750,15686,15749,15750,15813,15749,True
ETTh,FINAL_TEST,73,15751,15687,15750,15751,15814,15750,True
ETTh,FINAL_TEST,74,15752,15688,15751,15752,15815,15751,True
ETTh,FINAL_TEST,75,15753,15689,15752,15753,15816,15752,True
ETTh,FINAL_TEST,76,15754,15690,15753,15754,15817,15753,True
ETTh,FINAL_TEST,77,15755,15691,15754,15755,15818,15754,True
ETTh,FINAL_TEST,78,15756,15692,15755,15756,15819,15755,True
ETTh,FINAL_TEST,79,15757,15693,15756,15757,15820,15756,True
ETTh,FINAL_TEST,80,15758,15694,15757,15758,15821,15757,True
ETTh,FINAL_TEST,81,15759,15695,15758,15759,15822,15758,True
ETTh,FINAL_TEST,82,15760,15696,15759,15760,15823,15759,True
ETTh,FINAL_TEST,83,15761,15697,15760,15761,15824,15760,True
ETTh,FINAL_TEST,84,15762,15698,15761,15762,15825,15761,True
ETTh,FINAL_TEST,85,15763,15699,15762,15763,15826,15762,True
ETTh,FINAL_TEST,86,15764,15700,15763,15764,15827,15763,True
ETTh,FINAL_TEST,87,15765,15701,15764,15765,15828,15764,True
ETTh,FINAL_TEST,88,15766,15702,15765,15766,15829,15765,True
ETTh,FINAL_TEST,89,15767,15703,15766,15767,15830,15766,True
ETTh,FINAL_TEST,90,15768,15704,15767,15768,15831,15767,True
ETTh,FINAL_TEST,91,15769,15705,15768,15769,15832,15768,True
ETTh,FINAL_TEST,92,15770,15706,15769,15770,15833,15769,True
ETTh,FINAL_TEST,93,15771,15707,15770,15771,15834,15770,True
ETTh,FINAL_TEST,94,15772,15708,15771,15772,15835,15771,True
ETTh,FINAL_TEST,95,15773,15709,15772,15773,15836,15772,True
ETTh,FINAL_TEST,96,15774,15710,15773,15774,15837,15773,True
ETTh,FINAL_TEST,97,15775,15711,15774,15775,15838,15774,True
ETTh,FINAL_TEST,98,15776,15712,15775,15776,15839,15775,True
ETTh,FINAL_TEST,99,15777,15713,15776,15777,15840,15776,True
ETTh,FINAL_TEST,100,15778,15714,15777,15778,15841,15777,True
ETTh,FINAL_TEST,101,15779,15715,15778,15779,15842,15778,True
ETTh,FINAL_TEST,102,15780,15716,15779,15780,15843,15779,True
ETTh,FINAL_TEST,103,15781,15717,15780,15781,15844,15780,True
ETTh,FINAL_TEST,104,15782,15718,15781,15782,15845,15781,True
ETTh,FINAL_TEST,105,15783,15719,15782,15783,15846,15782,True
ETTh,FINAL_TEST,106,15784,15720,15783,15784,15847,15783,True
ETTh,FINAL_TEST,107,15785,15721,15784,15785,15848,15784,True
ETTh,FINAL_TEST,108,15786,15722,15785,15786,15849,15785,True
ETTh,FINAL_TEST,109,15787,15723,15786,15787,15850,15786,True
ETTh,FINAL_TEST,110,15788,15724,15787,15788,15851,15787,True
ETTh,FINAL_TEST,111,15789,15725,15788,15789,15852,15788,True
ETTh,FINAL_TEST,112,15790,15726,15789,15790,15853,15789,True
ETTh,FINAL_TEST,113,15791,15727,15790,15791,15854,15790,True
ETTh,FINAL_TEST,114,15792,15728,15791,15792,15855,15791,True
ETTh,FINAL_TEST,115,15793,15729,15792,15793,15856,15792,True
ETTh,FINAL_TEST,116,15794,15730,15793,15794,15857,15793,True
ETTh,FINAL_TEST,117,15795,15731,15794,15795,15858,15794,True
ETTh,FINAL_TEST,118,15796,15732,15795,15796,15859,15795,True
ETTh,FINAL_TEST,119,15797,15733,15796,15797,15860,15796,True
ETTh,FINAL_TEST,120,15798,15734,15797,15798,15861,15797,True
ETTh,FINAL_TEST,121,15799,15735,15798,15799,15862,15798,True
ETTh,FINAL_TEST,122,15800,15736,15799,15800,15863,15799,True
ETTh,FINAL_TEST,123,15801,15737,15800,15801,15864,15800,True
ETTh,FINAL_TEST,124,15802,15738,15801,15802,15865,15801,True
ETTh,FINAL_TEST,125,15803,15739,15802,15803,15866,15802,True
ETTh,FINAL_TEST,126,15804,15740,15803,15804,15867,15803,True
ETTh,FINAL_TEST,127,15805,15741,15804,15805,15868,15804,True
ETTh,FINAL_TEST,128,15806,15742,15805,15806,15869,15805,True
ETTh,FINAL_TEST,129,15807,15743,15806,15807,15870,15806,True
ETTh,FINAL_TEST,130,15808,15744,15807,15808,15871,15807,True
ETTh,FINAL_TEST,131,15809,15745,15808,15809,15872,15808,True
ETTh,FINAL_TEST,132,15810,15746,15809,15810,15873,15809,True
ETTh,FINAL_TEST,133,15811,15747,15810,15811,15874,15810,True
ETTh,FINAL_TEST,134,15812,15748,15811,15812,15875,15811,True
ETTh,FINAL_TEST,135,15813,15749,15812,15813,15876,15812,True
ETTh,FINAL_TEST,136,15814,15750,15813,15814,15877,15813,True
ETTh,FINAL_TEST,137,15815,15751,15814,15815,15878,15814,True
ETTh,FINAL_TEST,138,15816,15752,15815,15816,15879,15815,True
ETTh,FINAL_TEST,139,15817,15753,15816,15817,15880,15816,True
ETTh,FINAL_TEST,140,15818,15754,15817,15818,15881,15817,True
ETTh,FINAL_TEST,141,15819,15755,15818,15819,15882,15818,True
ETTh,FINAL_TEST,142,15820,15756,15819,15820,15883,15819,True
ETTh,FINAL_TEST,143,15821,15757,15820,15821,15884,15820,True
ETTh,FINAL_TEST,144,15822,15758,15821,15822,15885,15821,True
ETTh,FINAL_TEST,145,15823,15759,15822,15823,15886,15822,True
ETTh,FINAL_TEST,146,15824,15760,15823,15824,15887,15823,True
ETTh,FINAL_TEST,147,15825,15761,15824,15825,15888,15824,True
ETTh,FINAL_TEST,148,15826,15762,15825,15826,15889,15825,True
ETTh,FINAL_TEST,149,15827,15763,15826,15827,15890,15826,True
ETTh,FINAL_TEST,150,15828,15764,15827,15828,15891,15827,True
ETTh,FINAL_TEST,151,15829,15765,15828,15829,15892,15828,True
ETTh,FINAL_TEST,152,15830,15766,15829,15830,15893,15829,True
ETTh,FINAL_TEST,153,15831,15767,15830,15831,15894,15830,True
ETTh,FINAL_TEST,154,15832,15768,15831,15832,15895,15831,True
ETTh,FINAL_TEST,155,15833,15769,15832,15833,15896,15832,True
ETTh,FINAL_TEST,156,15834,15770,15833,15834,15897,15833,True
ETTh,FINAL_TEST,157,15835,15771,15834,15835,15898,15834,True
ETTh,FINAL_TEST,158,15836,15772,15835,15836,15899,15835,True
ETTh,FINAL_TEST,159,15837,15773,15836,15837,15900,15836,True
ETTh,FINAL_TEST,160,15838,15774,15837,15838,15901,15837,True
ETTh,FINAL_TEST,161,15839,15775,15838,15839,15902,15838,True
ETTh,FINAL_TEST,162,15840,15776,15839,15840,15903,15839,True
ETTh,FINAL_TEST,163,15841,15777,15840,15841,15904,15840,True
ETTh,FINAL_TEST,164,15842,15778,15841,15842,15905,15841,True
ETTh,FINAL_TEST,165,15843,15779,15842,15843,15906,15842,True
ETTh,FINAL_TEST,166,15844,15780,15843,15844,15907,15843,True
ETTh,FINAL_TEST,167,15845,15781,15844,15845,15908,15844,True
ETTh,FINAL_TEST,168,15846,15782,15845,15846,15909,15845,True
ETTh,FINAL_TEST,169,15847,15783,15846,15847,15910,15846,True
ETTh,FINAL_TEST,170,15848,15784,15847,15848,15911,15847,True
ETTh,FINAL_TEST,171,15849,15785,15848,15849,15912,15848,True
ETTh,FINAL_TEST,172,15850,15786,15849,15850,15913,15849,True
ETTh,FINAL_TEST,173,15851,15787,15850,15851,15914,15850,True
ETTh,FINAL_TEST,174,15852,15788,15851,15852,15915,15851,True
ETTh,FINAL_TEST,175,15853,15789,15852,15853,15916,15852,True
ETTh,FINAL_TEST,176,15854,15790,15853,15854,15917,15853,True
ETTh,FINAL_TEST,177,15855,15791,15854,15855,15918,15854,True
ETTh,FINAL_TEST,178,15856,15792,15855,15856,15919,15855,True
ETTh,FINAL_TEST,179,15857,15793,15856,15857,15920,15856,True
ETTh,FINAL_TEST,180,15858,15794,15857,15858,15921,15857,True
ETTh,FINAL_TEST,181,15859,15795,15858,15859,15922,15858,True
ETTh,FINAL_TEST,182,15860,15796,15859,15860,15923,15859,True
ETTh,FINAL_TEST,183,15861,15797,15860,15861,15924,15860,True
ETTh,FINAL_TEST,184,15862,15798,15861,15862,15925,15861,True
ETTh,FINAL_TEST,185,15863,15799,15862,15863,15926,15862,True
ETTh,FINAL_TEST,186,15864,15800,15863,15864,15927,15863,True
ETTh,FINAL_TEST,187,15865,15801,15864,15865,15928,15864,True
ETTh,FINAL_TEST,188,15866,15802,15865,15866,15929,15865,True
ETTh,FINAL_TEST,189,15867,15803,15866,15867,15930,15866,True
ETTh,FINAL_TEST,190,15868,15804,15867,15868,15931,15867,True
ETTh,FINAL_TEST,191,15869,15805,15868,15869,15932,15868,True
ETTh,FINAL_TEST,192,15870,15806,15869,15870,15933,15869,True
ETTh,FINAL_TEST,193,15871,15807,15870,15871,15934,15870,True
ETTh,FINAL_TEST,194,15872,15808,15871,15872,15935,15871,True
ETTh,FINAL_TEST,195,15873,15809,15872,15873,15936,15872,True
ETTh,FINAL_TEST,196,15874,15810,15873,15874,15937,15873,True
ETTh,FINAL_TEST,197,15875,15811,15874,15875,15938,15874,True
ETTh,FINAL_TEST,198,15876,15812,15875,15876,15939,15875,True
ETTh,FINAL_TEST,199,15877,15813,15876,15877,15940,15876,True
ETTh,FINAL_TEST,200,15878,15814,15877,15878,15941,15877,True
ETTh,FINAL_TEST,201,15879,15815,15878,15879,15942,15878,True
ETTh,FINAL_TEST,202,15880,15816,15879,15880,15943,15879,True
ETTh,FINAL_TEST,203,15881,15817,15880,15881,15944,15880,True
ETTh,FINAL_TEST,204,15882,15818,15881,15882,15945,15881,True
ETTh,FINAL_TEST,205,15883,15819,15882,15883,15946,15882,True
ETTh,FINAL_TEST,206,15884,15820,15883,15884,15947,15883,True
ETTh,FINAL_TEST,207,15885,15821,15884,15885,15948,15884,True
ETTh,FINAL_TEST,208,15886,15822,15885,15886,15949,15885,True
ETTh,FINAL_TEST,209,15887,15823,15886,15887,15950,15886,True
ETTh,FINAL_TEST,210,15888,15824,15887,15888,15951,15887,True
ETTh,FINAL_TEST,211,15889,15825,15888,15889,15952,15888,True
ETTh,FINAL_TEST,212,15890,15826,15889,15890,15953,15889,True
ETTh,FINAL_TEST,213,15891,15827,15890,15891,15954,15890,True
ETTh,FINAL_TEST,214,15892,15828,15891,15892,15955,15891,True
ETTh,FINAL_TEST,215,15893,15829,15892,15893,15956,15892,True
ETTh,FINAL_TEST,216,15894,15830,15893,15894,15957,15893,True
ETTh,FINAL_TEST,217,15895,15831,15894,15895,15958,15894,True
ETTh,FINAL_TEST,218,15896,15832,15895,15896,15959,15895,True
ETTh,FINAL_TEST,219,15897,15833,15896,15897,15960,15896,True
ETTh,FINAL_TEST,220,15898,15834,15897,15898,15961,15897,True
ETTh,FINAL_TEST,221,15899,15835,15898,15899,15962,15898,True
ETTh,FINAL_TEST,222,15900,15836,15899,15900,15963,15899,True
ETTh,FINAL_TEST,223,15901,15837,15900,15901,15964,15900,True
ETTh,FINAL_TEST,224,15902,15838,15901,15902,15965,15901,True
ETTh,FINAL_TEST,225,15903,15839,15902,15903,15966,15902,True
ETTh,FINAL_TEST,226,15904,15840,15903,15904,15967,15903,True
ETTh,FINAL_TEST,227,15905,15841,15904,15905,15968,15904,True
ETTh,FINAL_TEST,228,15906,15842,15905,15906,15969,15905,True
ETTh,FINAL_TEST,229,15907,15843,15906,15907,15970,15906,True
ETTh,FINAL_TEST,230,15908,15844,15907,15908,15971,15907,True
ETTh,FINAL_TEST,231,15909,15845,15908,15909,15972,15908,True
ETTh,FINAL_TEST,232,15910,15846,15909,15910,15973,15909,True
ETTh,FINAL_TEST,233,15911,15847,15910,15911,15974,15910,True
ETTh,FINAL_TEST,234,15912,15848,15911,15912,15975,15911,True
ETTh,FINAL_TEST,235,15913,15849,15912,15913,15976,15912,True
ETTh,FINAL_TEST,236,15914,15850,15913,15914,15977,15913,True
ETTh,FINAL_TEST,237,15915,15851,15914,15915,15978,15914,True
ETTh,FINAL_TEST,238,15916,15852,15915,15916,15979,15915,True
ETTh,FINAL_TEST,239,15917,15853,15916,15917,15980,15916,True
ETTh,FINAL_TEST,240,15918,15854,15917,15918,15981,15917,True
ETTh,FINAL_TEST,241,15919,15855,15918,15919,15982,15918,True
ETTh,FINAL_TEST,242,15920,15856,15919,15920,15983,15919,True
ETTh,FINAL_TEST,243,15921,15857,15920,15921,15984,15920,True
ETTh,FINAL_TEST,244,15922,15858,15921,15922,15985,15921,True
ETTh,FINAL_TEST,245,15923,15859,15922,15923,15986,15922,True
ETTh,FINAL_TEST,246,15924,15860,15923,15924,15987,15923,True
ETTh,FINAL_TEST,247,15925,15861,15924,15925,15988,15924,True
ETTh,FINAL_TEST,248,15926,15862,15925,15926,15989,15925,True
ETTh,FINAL_TEST,249,15927,15863,15926,15927,15990,15926,True
ETTh,FINAL_TEST,250,15928,15864,15927,15928,15991,15927,True
ETTh,FINAL_TEST,251,15929,15865,15928,15929,15992,15928,True
ETTh,FINAL_TEST,252,15930,15866,15929,15930,15993,15929,True
ETTh,FINAL_TEST,253,15931,15867,15930,15931,15994,15930,True
ETTh,FINAL_TEST,254,15932,15868,15931,15932,15995,15931,True
ETTh,FINAL_TEST,255,15933,15869,15932,15933,15996,15932,True
ETTh,FINAL_TEST,256,15934,15870,15933,15934,15997,15933,True
ETTh,FINAL_TEST,257,15935,15871,15934,15935,15998,15934,True
ETTh,FINAL_TEST,258,15936,15872,15935,15936,15999,15935,True
ETTh,FINAL_TEST,259,15937,15873,15936,15937,16000,15936,True
ETTh,FINAL_TEST,260,15938,15874,15937,15938,16001,15937,True
ETTh,FINAL_TEST,261,15939,15875,15938,15939,16002,15938,True
ETTh,FINAL_TEST,262,15940,15876,15939,15940,16003,15939,True
ETTh,FINAL_TEST,263,15941,15877,15940,15941,16004,15940,True
ETTh,FINAL_TEST,264,15942,15878,15941,15942,16005,15941,True
ETTh,FINAL_TEST,265,15943,15879,15942,15943,16006,15942,True
ETTh,FINAL_TEST,266,15944,15880,15943,15944,16007,15943,True
ETTh,FINAL_TEST,267,15945,15881,15944,15945,16008,15944,True
ETTh,FINAL_TEST,268,15946,15882,15945,15946,16009,15945,True
ETTh,FINAL_TEST,269,15947,15883,15946,15947,16010,15946,True
ETTh,FINAL_TEST,270,15948,15884,15947,15948,16011,15947,True
ETTh,FINAL_TEST,271,15949,15885,15948,15949,16012,15948,True
ETTh,FINAL_TEST,272,15950,15886,15949,15950,16013,15949,True
ETTh,FINAL_TEST,273,15951,15887,15950,15951,16014,15950,True
ETTh,FINAL_TEST,274,15952,15888,15951,15952,16015,15951,True
ETTh,FINAL_TEST,275,15953,15889,15952,15953,16016,15952,True
ETTh,FINAL_TEST,276,15954,15890,15953,15954,16017,15953,True
ETTh,FINAL_TEST,277,15955,15891,15954,15955,16018,15954,True
ETTh,FINAL_TEST,278,15956,15892,15955,15956,16019,15955,True
ETTh,FINAL_TEST,279,15957,15893,15956,15957,16020,15956,True
ETTh,FINAL_TEST,280,15958,15894,15957,15958,16021,15957,True
ETTh,FINAL_TEST,281,15959,15895,15958,15959,16022,15958,True
ETTh,FINAL_TEST,282,15960,15896,15959,15960,16023,15959,True
ETTh,FINAL_TEST,283,15961,15897,15960,15961,16024,15960,True
ETTh,FINAL_TEST,284,15962,15898,15961,15962,16025,15961,True
ETTh,FINAL_TEST,285,15963,15899,15962,15963,16026,15962,True
ETTh,FINAL_TEST,286,15964,15900,15963,15964,16027,15963,True
ETTh,FINAL_TEST,287,15965,15901,15964,15965,16028,15964,True
ETTh,FINAL_TEST,288,15966,15902,15965,15966,16029,15965,True
ETTh,FINAL_TEST,289,15967,15903,15966,15967,16030,15966,True
ETTh,FINAL_TEST,290,15968,15904,15967,15968,16031,15967,True
ETTh,FINAL_TEST,291,15969,15905,15968,15969,16032,15968,True
ETTh,FINAL_TEST,292,15970,15906,15969,15970,16033,15969,True
ETTh,FINAL_TEST,293,15971,15907,15970,15971,16034,15970,True
ETTh,FINAL_TEST,294,15972,15908,15971,15972,16035,15971,True
ETTh,FINAL_TEST,295,15973,15909,15972,15973,16036,15972,True
ETTh,FINAL_TEST,296,15974,15910,15973,15974,16037,15973,True
ETTh,FINAL_TEST,297,15975,15911,15974,15975,16038,15974,True
ETTh,FINAL_TEST,298,15976,15912,15975,15976,16039,15975,True
ETTh,FINAL_TEST,299,15977,15913,15976,15977,16040,15976,True
ETTh,FINAL_TEST,300,15978,15914,15977,15978,16041,15977,True
ETTh,FINAL_TEST,301,15979,15915,15978,15979,16042,15978,True
ETTh,FINAL_TEST,302,15980,15916,15979,15980,16043,15979,True
ETTh,FINAL_TEST,303,15981,15917,15980,15981,16044,15980,True
ETTh,FINAL_TEST,304,15982,15918,15981,15982,16045,15981,True
ETTh,FINAL_TEST,305,15983,15919,15982,15983,16046,15982,True
ETTh,FINAL_TEST,306,15984,15920,15983,15984,16047,15983,True
ETTh,FINAL_TEST,307,15985,15921,15984,15985,16048,15984,True
ETTh,FINAL_TEST,308,15986,15922,15985,15986,16049,15985,True
ETTh,FINAL_TEST,309,15987,15923,15986,15987,16050,15986,True
ETTh,FINAL_TEST,310,15988,15924,15987,15988,16051,15987,True
ETTh,FINAL_TEST,311,15989,15925,15988,15989,16052,15988,True
ETTh,FINAL_TEST,312,15990,15926,15989,15990,16053,15989,True
ETTh,FINAL_TEST,313,15991,15927,15990,15991,16054,15990,True
ETTh,FINAL_TEST,314,15992,15928,15991,15992,16055,15991,True
ETTh,FINAL_TEST,315,15993,15929,15992,15993,16056,15992,True
ETTh,FINAL_TEST,316,15994,15930,15993,15994,16057,15993,True
ETTh,FINAL_TEST,317,15995,15931,15994,15995,16058,15994,True
ETTh,FINAL_TEST,318,15996,15932,15995,15996,16059,15995,True
ETTh,FINAL_TEST,319,15997,15933,15996,15997,16060,15996,True
ETTh,FINAL_TEST,320,15998,15934,15997,15998,16061,15997,True
ETTh,FINAL_TEST,321,15999,15935,15998,15999,16062,15998,True
ETTh,FINAL_TEST,322,16000,15936,15999,16000,16063,15999,True
ETTh,FINAL_TEST,323,16001,15937,16000,16001,16064,16000,True
ETTh,FINAL_TEST,324,16002,15938,16001,16002,16065,16001,True
ETTh,FINAL_TEST,325,16003,15939,16002,16003,16066,16002,True
ETTh,FINAL_TEST,326,16004,15940,16003,16004,16067,16003,True
ETTh,FINAL_TEST,327,16005,15941,16004,16005,16068,16004,True
ETTh,FINAL_TEST,328,16006,15942,16005,16006,16069,16005,True
ETTh,FINAL_TEST,329,16007,15943,16006,16007,16070,16006,True
ETTh,FINAL_TEST,330,16008,15944,16007,16008,16071,16007,True
ETTh,FINAL_TEST,331,16009,15945,16008,16009,16072,16008,True
ETTh,FINAL_TEST,332,16010,15946,16009,16010,16073,16009,True
ETTh,FINAL_TEST,333,16011,15947,16010,16011,16074,16010,True
ETTh,FINAL_TEST,334,16012,15948,16011,16012,16075,16011,True
ETTh,FINAL_TEST,335,16013,15949,16012,16013,16076,16012,True
ETTh,FINAL_TEST,336,16014,15950,16013,16014,16077,16013,True
ETTh,FINAL_TEST,337,16015,15951,16014,16015,16078,16014,True
ETTh,FINAL_TEST,338,16016,15952,16015,16016,16079,16015,True
ETTh,FINAL_TEST,339,16017,15953,16016,16017,16080,16016,True
ETTh,FINAL_TEST,340,16018,15954,16017,16018,16081,16017,True
ETTh,FINAL_TEST,341,16019,15955,16018,16019,16082,16018,True
ETTh,FINAL_TEST,342,16020,15956,16019,16020,16083,16019,True
ETTh,FINAL_TEST,343,16021,15957,16020,16021,16084,16020,True
ETTh,FINAL_TEST,344,16022,15958,16021,16022,16085,16021,True
ETTh,FINAL_TEST,345,16023,15959,16022,16023,16086,16022,True
ETTh,FINAL_TEST,346,16024,15960,16023,16024,16087,16023,True
ETTh,FINAL_TEST,347,16025,15961,16024,16025,16088,16024,True
ETTh,FINAL_TEST,348,16026,15962,16025,16026,16089,16025,True
ETTh,FINAL_TEST,349,16027,15963,16026,16027,16090,16026,True
ETTh,FINAL_TEST,350,16028,15964,16027,16028,16091,16027,True
ETTh,FINAL_TEST,351,16029,15965,16028,16029,16092,16028,True
ETTh,FINAL_TEST,352,16030,15966,16029,16030,16093,16029,True
ETTh,FINAL_TEST,353,16031,15967,16030,16031,16094,16030,True
ETTh,FINAL_TEST,354,16032,15968,16031,16032,16095,16031,True
ETTh,FINAL_TEST,355,16033,15969,16032,16033,16096,16032,True
ETTh,FINAL_TEST,356,16034,15970,16033,16034,16097,16033,True
ETTh,FINAL_TEST,357,16035,15971,16034,16035,16098,16034,True
ETTh,FINAL_TEST,358,16036,15972,16035,16036,16099,16035,True
ETTh,FINAL_TEST,359,16037,15973,16036,16037,16100,16036,True
ETTh,FINAL_TEST,360,16038,15974,16037,16038,16101,16037,True
ETTh,FINAL_TEST,361,16039,15975,16038,16039,16102,16038,True
ETTh,FINAL_TEST,362,16040,15976,16039,16040,16103,16039,True
ETTh,FINAL_TEST,363,16041,15977,16040,16041,16104,16040,True
ETTh,FINAL_TEST,364,16042,15978,16041,16042,16105,16041,True
ETTh,FINAL_TEST,365,16043,15979,16042,16043,16106,16042,True
ETTh,FINAL_TEST,366,16044,15980,16043,16044,16107,16043,True
ETTh,FINAL_TEST,367,16045,15981,16044,16045,16108,16044,True
ETTh,FINAL_TEST,368,16046,15982,16045,16046,16109,16045,True
ETTh,FINAL_TEST,369,16047,15983,16046,16047,16110,16046,True
ETTh,FINAL_TEST,370,16048,15984,16047,16048,16111,16047,True
ETTh,FINAL_TEST,371,16049,15985,16048,16049,16112,16048,True
ETTh,FINAL_TEST,372,16050,15986,16049,16050,16113,16049,True
ETTh,FINAL_TEST,373,16051,15987,16050,16051,16114,16050,True
ETTh,FINAL_TEST,374,16052,15988,16051,16052,16115,16051,True
ETTh,FINAL_TEST,375,16053,15989,16052,16053,16116,16052,True
ETTh,FINAL_TEST,376,16054,15990,16053,16054,16117,16053,True
ETTh,FINAL_TEST,377,16055,15991,16054,16055,16118,16054,True
ETTh,FINAL_TEST,378,16056,15992,16055,16056,16119,16055,True
ETTh,FINAL_TEST,379,16057,15993,16056,16057,16120,16056,True
ETTh,FINAL_TEST,380,16058,15994,16057,16058,16121,16057,True
ETTh,FINAL_TEST,381,16059,15995,16058,16059,16122,16058,True
ETTh,FINAL_TEST,382,16060,15996,16059,16060,16123,16059,True
ETTh,FINAL_TEST,383,16061,15997,16060,16061,16124,16060,True
ETTh,FINAL_TEST,384,16062,15998,16061,16062,16125,16061,True
ETTh,FINAL_TEST,385,16063,15999,16062,16063,16126,16062,True
ETTh,FINAL_TEST,386,16064,16000,16063,16064,16127,16063,True
ETTh,FINAL_TEST,387,16065,16001,16064,16065,16128,16064,True
ETTh,FINAL_TEST,388,16066,16002,16065,16066,16129,16065,True
ETTh,FINAL_TEST,389,16067,16003,16066,16067,16130,16066,True
ETTh,FINAL_TEST,390,16068,16004,16067,16068,16131,16067,True
ETTh,FINAL_TEST,391,16069,16005,16068,16069,16132,16068,True
ETTh,FINAL_TEST,392,16070,16006,16069,16070,16133,16069,True
ETTh,FINAL_TEST,393,16071,16007,16070,16071,16134,16070,True
ETTh,FINAL_TEST,394,16072,16008,16071,16072,16135,16071,True
ETTh,FINAL_TEST,395,16073,16009,16072,16073,16136,16072,True
ETTh,FINAL_TEST,396,16074,16010,16073,16074,16137,16073,True
ETTh,FINAL_TEST,397,16075,16011,16074,16075,16138,16074,True
ETTh,FINAL_TEST,398,16076,16012,16075,16076,16139,16075,True
ETTh,FINAL_TEST,399,16077,16013,16076,16077,16140,16076,True
ETTh,FINAL_TEST,400,16078,16014,16077,16078,16141,16077,True
ETTh,FINAL_TEST,401,16079,16015,16078,16079,16142,16078,True
ETTh,FINAL_TEST,402,16080,16016,16079,16080,16143,16079,True
ETTh,FINAL_TEST,403,16081,16017,16080,16081,16144,16080,True
ETTh,FINAL_TEST,404,16082,16018,16081,16082,16145,16081,True
ETTh,FINAL_TEST,405,16083,16019,16082,16083,16146,16082,True
ETTh,FINAL_TEST,406,16084,16020,16083,16084,16147,16083,True
ETTh,FINAL_TEST,407,16085,16021,16084,16085,16148,16084,True
ETTh,FINAL_TEST,408,16086,16022,16085,16086,16149,16085,True
ETTh,FINAL_TEST,409,16087,16023,16086,16087,16150,16086,True
ETTh,FINAL_TEST,410,16088,16024,16087,16088,16151,16087,True
ETTh,FINAL_TEST,411,16089,16025,16088,16089,16152,16088,True
ETTh,FINAL_TEST,412,16090,16026,16089,16090,16153,16089,True
ETTh,FINAL_TEST,413,16091,16027,16090,16091,16154,16090,True
ETTh,FINAL_TEST,414,16092,16028,16091,16092,16155,16091,True
ETTh,FINAL_TEST,415,16093,16029,16092,16093,16156,16092,True
ETTh,FINAL_TEST,416,16094,16030,16093,16094,16157,16093,True
ETTh,FINAL_TEST,417,16095,16031,16094,16095,16158,16094,True
ETTh,FINAL_TEST,418,16096,16032,16095,16096,16159,16095,True
ETTh,FINAL_TEST,419,16097,16033,16096,16097,16160,16096,True
ETTh,FINAL_TEST,420,16098,16034,16097,16098,16161,16097,True
ETTh,FINAL_TEST,421,16099,16035,16098,16099,16162,16098,True
ETTh,FINAL_TEST,422,16100,16036,16099,16100,16163,16099,True
ETTh,FINAL_TEST,423,16101,16037,16100,16101,16164,16100,True
ETTh,FINAL_TEST,424,16102,16038,16101,16102,16165,16101,True
ETTh,FINAL_TEST,425,16103,16039,16102,16103,16166,16102,True
ETTh,FINAL_TEST,426,16104,16040,16103,16104,16167,16103,True
ETTh,FINAL_TEST,427,16105,16041,16104,16105,16168,16104,True
ETTh,FINAL_TEST,428,16106,16042,16105,16106,16169,16105,True
ETTh,FINAL_TEST,429,16107,16043,16106,16107,16170,16106,True
ETTh,FINAL_TEST,430,16108,16044,16107,16108,16171,16107,True
ETTh,FINAL_TEST,431,16109,16045,16108,16109,16172,16108,True
ETTh,FINAL_TEST,432,16110,16046,16109,16110,16173,16109,True
ETTh,FINAL_TEST,433,16111,16047,16110,16111,16174,16110,True
ETTh,FINAL_TEST,434,16112,16048,16111,16112,16175,16111,True
ETTh,FINAL_TEST,435,16113,16049,16112,16113,16176,16112,True
ETTh,FINAL_TEST,436,16114,16050,16113,16114,16177,16113,True
ETTh,FINAL_TEST,437,16115,16051,16114,16115,16178,16114,True
ETTh,FINAL_TEST,438,16116,16052,16115,16116,16179,16115,True
ETTh,FINAL_TEST,439,16117,16053,16116,16117,16180,16116,True
ETTh,FINAL_TEST,440,16118,16054,16117,16118,16181,16117,True
ETTh,FINAL_TEST,441,16119,16055,16118,16119,16182,16118,True
ETTh,FINAL_TEST,442,16120,16056,16119,16120,16183,16119,True
ETTh,FINAL_TEST,443,16121,16057,16120,16121,16184,16120,True
ETTh,FINAL_TEST,444,16122,16058,16121,16122,16185,16121,True
ETTh,FINAL_TEST,445,16123,16059,16122,16123,16186,16122,True
ETTh,FINAL_TEST,446,16124,16060,16123,16124,16187,16123,True
ETTh,FINAL_TEST,447,16125,16061,16124,16125,16188,16124,True
ETTh,FINAL_TEST,448,16126,16062,16125,16126,16189,16125,True
ETTh,FINAL_TEST,449,16127,16063,16126,16127,16190,16126,True
ETTh,FINAL_TEST,450,16128,16064,16127,16128,16191,16127,True
ETTh,FINAL_TEST,451,16129,16065,16128,16129,16192,16128,True
ETTh,FINAL_TEST,452,16130,16066,16129,16130,16193,16129,True
ETTh,FINAL_TEST,453,16131,16067,16130,16131,16194,16130,True
ETTh,FINAL_TEST,454,16132,16068,16131,16132,16195,16131,True
ETTh,FINAL_TEST,455,16133,16069,16132,16133,16196,16132,True
ETTh,FINAL_TEST,456,16134,16070,16133,16134,16197,16133,True
ETTh,FINAL_TEST,457,16135,16071,16134,16135,16198,16134,True
ETTh,FINAL_TEST,458,16136,16072,16135,16136,16199,16135,True
ETTh,FINAL_TEST,459,16137,16073,16136,16137,16200,16136,True
ETTh,FINAL_TEST,460,16138,16074,16137,16138,16201,16137,True
ETTh,FINAL_TEST,461,16139,16075,16138,16139,16202,16138,True
ETTh,FINAL_TEST,462,16140,16076,16139,16140,16203,16139,True
ETTh,FINAL_TEST,463,16141,16077,16140,16141,16204,16140,True
ETTh,FINAL_TEST,464,16142,16078,16141,16142,16205,16141,True
ETTh,FINAL_TEST,465,16143,16079,16142,16143,16206,16142,True
ETTh,FINAL_TEST,466,16144,16080,16143,16144,16207,16143,True
ETTh,FINAL_TEST,467,16145,16081,16144,16145,16208,16144,True
ETTh,FINAL_TEST,468,16146,16082,16145,16146,16209,16145,True
ETTh,FINAL_TEST,469,16147,16083,16146,16147,16210,16146,True
ETTh,FINAL_TEST,470,16148,16084,16147,16148,16211,16147,True
ETTh,FINAL_TEST,471,16149,16085,16148,16149,16212,16148,True
ETTh,FINAL_TEST,472,16150,16086,16149,16150,16213,16149,True
ETTh,FINAL_TEST,473,16151,16087,16150,16151,16214,16150,True
ETTh,FINAL_TEST,474,16152,16088,16151,16152,16215,16151,True
ETTh,FINAL_TEST,475,16153,16089,16152,16153,16216,16152,True
ETTh,FINAL_TEST,476,16154,16090,16153,16154,16217,16153,True
ETTh,FINAL_TEST,477,16155,16091,16154,16155,16218,16154,True
ETTh,FINAL_TEST,478,16156,16092,16155,16156,16219,16155,True
ETTh,FINAL_TEST,479,16157,16093,16156,16157,16220,16156,True
ETTh,FINAL_TEST,480,16158,16094,16157,16158,16221,16157,True
ETTh,FINAL_TEST,481,16159,16095,16158,16159,16222,16158,True
ETTh,FINAL_TEST,482,16160,16096,16159,16160,16223,16159,True
ETTh,FINAL_TEST,483,16161,16097,16160,16161,16224,16160,True
ETTh,FINAL_TEST,484,16162,16098,16161,16162,16225,16161,True
ETTh,FINAL_TEST,485,16163,16099,16162,16163,16226,16162,True
ETTh,FINAL_TEST,486,16164,16100,16163,16164,16227,16163,True
ETTh,FINAL_TEST,487,16165,16101,16164,16165,16228,16164,True
ETTh,FINAL_TEST,488,16166,16102,16165,16166,16229,16165,True
ETTh,FINAL_TEST,489,16167,16103,16166,16167,16230,16166,True
ETTh,FINAL_TEST,490,16168,16104,16167,16168,16231,16167,True
ETTh,FINAL_TEST,491,16169,16105,16168,16169,16232,16168,True
ETTh,FINAL_TEST,492,16170,16106,16169,16170,16233,16169,True
ETTh,FINAL_TEST,493,16171,16107,16170,16171,16234,16170,True
ETTh,FINAL_TEST,494,16172,16108,16171,16172,16235,16171,True
ETTh,FINAL_TEST,495,16173,16109,16172,16173,16236,16172,True
ETTh,FINAL_TEST,496,16174,16110,16173,16174,16237,16173,True
ETTh,FINAL_TEST,497,16175,16111,16174,16175,16238,16174,True
ETTh,FINAL_TEST,498,16176,16112,16175,16176,16239,16175,True
ETTh,FINAL_TEST,499,16177,16113,16176,16177,16240,16176,True
ETTh,FINAL_TEST,500,16178,16114,16177,16178,16241,16177,True
ETTh,FINAL_TEST,501,16179,16115,16178,16179,16242,16178,True
ETTh,FINAL_TEST,502,16180,16116,16179,16180,16243,16179,True
ETTh,FINAL_TEST,503,16181,16117,16180,16181,16244,16180,True
ETTh,FINAL_TEST,504,16182,16118,16181,16182,16245,16181,True
ETTh,FINAL_TEST,505,16183,16119,16182,16183,16246,16182,True
ETTh,FINAL_TEST,506,16184,16120,16183,16184,16247,16183,True
ETTh,FINAL_TEST,507,16185,16121,16184,16185,16248,16184,True
ETTh,FINAL_TEST,508,16186,16122,16185,16186,16249,16185,True
ETTh,FINAL_TEST,509,16187,16123,16186,16187,16250,16186,True
ETTh,FINAL_TEST,510,16188,16124,16187,16188,16251,16187,True
ETTh,FINAL_TEST,511,16189,16125,16188,16189,16252,16188,True
ETTh,FINAL_TEST,512,16190,16126,16189,16190,16253,16189,True
ETTh,FINAL_TEST,513,16191,16127,16190,16191,16254,16190,True
ETTh,FINAL_TEST,514,16192,16128,16191,16192,16255,16191,True
ETTh,FINAL_TEST,515,16193,16129,16192,16193,16256,16192,True
ETTh,FINAL_TEST,516,16194,16130,16193,16194,16257,16193,True
ETTh,FINAL_TEST,517,16195,16131,16194,16195,16258,16194,True
ETTh,FINAL_TEST,518,16196,16132,16195,16196,16259,16195,True
ETTh,FINAL_TEST,519,16197,16133,16196,16197,16260,16196,True
ETTh,FINAL_TEST,520,16198,16134,16197,16198,16261,16197,True
ETTh,FINAL_TEST,521,16199,16135,16198,16199,16262,16198,True
ETTh,FINAL_TEST,522,16200,16136,16199,16200,16263,16199,True
ETTh,FINAL_TEST,523,16201,16137,16200,16201,16264,16200,True
ETTh,FINAL_TEST,524,16202,16138,16201,16202,16265,16201,True
ETTh,FINAL_TEST,525,16203,16139,16202,16203,16266,16202,True
ETTh,FINAL_TEST,526,16204,16140,16203,16204,16267,16203,True
ETTh,FINAL_TEST,527,16205,16141,16204,16205,16268,16204,True
ETTh,FINAL_TEST,528,16206,16142,16205,16206,16269,16205,True
ETTh,FINAL_TEST,529,16207,16143,16206,16207,16270,16206,True
ETTh,FINAL_TEST,530,16208,16144,16207,16208,16271,16207,True
ETTh,FINAL_TEST,531,16209,16145,16208,16209,16272,16208,True
ETTh,FINAL_TEST,532,16210,16146,16209,16210,16273,16209,True
ETTh,FINAL_TEST,533,16211,16147,16210,16211,16274,16210,True
ETTh,FINAL_TEST,534,16212,16148,16211,16212,16275,16211,True
ETTh,FINAL_TEST,535,16213,16149,16212,16213,16276,16212,True
ETTh,FINAL_TEST,536,16214,16150,16213,16214,16277,16213,True
ETTh,FINAL_TEST,537,16215,16151,16214,16215,16278,16214,True
ETTh,FINAL_TEST,538,16216,16152,16215,16216,16279,16215,True
ETTh,FINAL_TEST,539,16217,16153,16216,16217,16280,16216,True
ETTh,FINAL_TEST,540,16218,16154,16217,16218,16281,16217,True
ETTh,FINAL_TEST,541,16219,16155,16218,16219,16282,16218,True
ETTh,FINAL_TEST,542,16220,16156,16219,16220,16283,16219,True
ETTh,FINAL_TEST,543,16221,16157,16220,16221,16284,16220,True
ETTh,FINAL_TEST,544,16222,16158,16221,16222,16285,16221,True
ETTh,FINAL_TEST,545,16223,16159,16222,16223,16286,16222,True
ETTh,FINAL_TEST,546,16224,16160,16223,16224,16287,16223,True
ETTh,FINAL_TEST,547,16225,16161,16224,16225,16288,16224,True
ETTh,FINAL_TEST,548,16226,16162,16225,16226,16289,16225,True
ETTh,FINAL_TEST,549,16227,16163,16226,16227,16290,16226,True
ETTh,FINAL_TEST,550,16228,16164,16227,16228,16291,16227,True
ETTh,FINAL_TEST,551,16229,16165,16228,16229,16292,16228,True
ETTh,FINAL_TEST,552,16230,16166,16229,16230,16293,16229,True
ETTh,FINAL_TEST,553,16231,16167,16230,16231,16294,16230,True
ETTh,FINAL_TEST,554,16232,16168,16231,16232,16295,16231,True
ETTh,FINAL_TEST,555,16233,16169,16232,16233,16296,16232,True
ETTh,FINAL_TEST,556,16234,16170,16233,16234,16297,16233,True
ETTh,FINAL_TEST,557,16235,16171,16234,16235,16298,16234,True
ETTh,FINAL_TEST,558,16236,16172,16235,16236,16299,16235,True
ETTh,FINAL_TEST,559,16237,16173,16236,16237,16300,16236,True
ETTh,FINAL_TEST,560,16238,16174,16237,16238,16301,16237,True
ETTh,FINAL_TEST,561,16239,16175,16238,16239,16302,16238,True
ETTh,FINAL_TEST,562,16240,16176,16239,16240,16303,16239,True
ETTh,FINAL_TEST,563,16241,16177,16240,16241,16304,16240,True
ETTh,FINAL_TEST,564,16242,16178,16241,16242,16305,16241,True
ETTh,FINAL_TEST,565,16243,16179,16242,16243,16306,16242,True
ETTh,FINAL_TEST,566,16244,16180,16243,16244,16307,16243,True
ETTh,FINAL_TEST,567,16245,16181,16244,16245,16308,16244,True
ETTh,FINAL_TEST,568,16246,16182,16245,16246,16309,16245,True
ETTh,FINAL_TEST,569,16247,16183,16246,16247,16310,16246,True
ETTh,FINAL_TEST,570,16248,16184,16247,16248,16311,16247,True
ETTh,FINAL_TEST,571,16249,16185,16248,16249,16312,16248,True
ETTh,FINAL_TEST,572,16250,16186,16249,16250,16313,16249,True
ETTh,FINAL_TEST,573,16251,16187,16250,16251,16314,16250,True
ETTh,FINAL_TEST,574,16252,16188,16251,16252,16315,16251,True
ETTh,FINAL_TEST,575,16253,16189,16252,16253,16316,16252,True
ETTh,FINAL_TEST,576,16254,16190,16253,16254,16317,16253,True
ETTh,FINAL_TEST,577,16255,16191,16254,16255,16318,16254,True
ETTh,FINAL_TEST,578,16256,16192,16255,16256,16319,16255,True
ETTh,FINAL_TEST,579,16257,16193,16256,16257,16320,16256,True
ETTh,FINAL_TEST,580,16258,16194,16257,16258,16321,16257,True
ETTh,FINAL_TEST,581,16259,16195,16258,16259,16322,16258,True
ETTh,FINAL_TEST,582,16260,16196,16259,16260,16323,16259,True
ETTh,FINAL_TEST,583,16261,16197,16260,16261,16324,16260,True
ETTh,FINAL_TEST,584,16262,16198,16261,16262,16325,16261,True
ETTh,FINAL_TEST,585,16263,16199,16262,16263,16326,16262,True
ETTh,FINAL_TEST,586,16264,16200,16263,16264,16327,16263,True
ETTh,FINAL_TEST,587,16265,16201,16264,16265,16328,16264,True
ETTh,FINAL_TEST,588,16266,16202,16265,16266,16329,16265,True
ETTh,FINAL_TEST,589,16267,16203,16266,16267,16330,16266,True
ETTh,FINAL_TEST,590,16268,16204,16267,16268,16331,16267,True
ETTh,FINAL_TEST,591,16269,16205,16268,16269,16332,16268,True
ETTh,FINAL_TEST,592,16270,16206,16269,16270,16333,16269,True
ETTh,FINAL_TEST,593,16271,16207,16270,16271,16334,16270,True
ETTh,FINAL_TEST,594,16272,16208,16271,16272,16335,16271,True
ETTh,FINAL_TEST,595,16273,16209,16272,16273,16336,16272,True
ETTh,FINAL_TEST,596,16274,16210,16273,16274,16337,16273,True
ETTh,FINAL_TEST,597,16275,16211,16274,16275,16338,16274,True
ETTh,FINAL_TEST,598,16276,16212,16275,16276,16339,16275,True
ETTh,FINAL_TEST,599,16277,16213,16276,16277,16340,16276,True
ETTh,FINAL_TEST,600,16278,16214,16277,16278,16341,16277,True
ETTh,FINAL_TEST,601,16279,16215,16278,16279,16342,16278,True
ETTh,FINAL_TEST,602,16280,16216,16279,16280,16343,16279,True
ETTh,FINAL_TEST,603,16281,16217,16280,16281,16344,16280,True
ETTh,FINAL_TEST,604,16282,16218,16281,16282,16345,16281,True
ETTh,FINAL_TEST,605,16283,16219,16282,16283,16346,16282,True
ETTh,FINAL_TEST,606,16284,16220,16283,16284,16347,16283,True
ETTh,FINAL_TEST,607,16285,16221,16284,16285,16348,16284,True
ETTh,FINAL_TEST,608,16286,16222,16285,16286,16349,16285,True
ETTh,FINAL_TEST,609,16287,16223,16286,16287,16350,16286,True
ETTh,FINAL_TEST,610,16288,16224,16287,16288,16351,16287,True
ETTh,FINAL_TEST,611,16289,16225,16288,16289,16352,16288,True
ETTh,FINAL_TEST,612,16290,16226,16289,16290,16353,16289,True
ETTh,FINAL_TEST,613,16291,16227,16290,16291,16354,16290,True
ETTh,FINAL_TEST,614,16292,16228,16291,16292,16355,16291,True
ETTh,FINAL_TEST,615,16293,16229,16292,16293,16356,16292,True
ETTh,FINAL_TEST,616,16294,16230,16293,16294,16357,16293,True
ETTh,FINAL_TEST,617,16295,16231,16294,16295,16358,16294,True
ETTh,FINAL_TEST,618,16296,16232,16295,16296,16359,16295,True
ETTh,FINAL_TEST,619,16297,16233,16296,16297,16360,16296,True
ETTh,FINAL_TEST,620,16298,16234,16297,16298,16361,16297,True
ETTh,FINAL_TEST,621,16299,16235,16298,16299,16362,16298,True
ETTh,FINAL_TEST,622,16300,16236,16299,16300,16363,16299,True
ETTh,FINAL_TEST,623,16301,16237,16300,16301,16364,16300,True
ETTh,FINAL_TEST,624,16302,16238,16301,16302,16365,16301,True
ETTh,FINAL_TEST,625,16303,16239,16302,16303,16366,16302,True
ETTh,FINAL_TEST,626,16304,16240,16303,16304,16367,16303,True
ETTh,FINAL_TEST,627,16305,16241,16304,16305,16368,16304,True
ETTh,FINAL_TEST,628,16306,16242,16305,16306,16369,16305,True
ETTh,FINAL_TEST,629,16307,16243,16306,16307,16370,16306,True
ETTh,FINAL_TEST,630,16308,16244,16307,16308,16371,16307,True
ETTh,FINAL_TEST,631,16309,16245,16308,16309,16372,16308,True
ETTh,FINAL_TEST,632,16310,16246,16309,16310,16373,16309,True
ETTh,FINAL_TEST,633,16311,16247,16310,16311,16374,16310,True
ETTh,FINAL_TEST,634,16312,16248,16311,16312,16375,16311,True
ETTh,FINAL_TEST,635,16313,16249,16312,16313,16376,16312,True
ETTh,FINAL_TEST,636,16314,16250,16313,16314,16377,16313,True
ETTh,FINAL_TEST,637,16315,16251,16314,16315,16378,16314,True
ETTh,FINAL_TEST,638,16316,16252,16315,16316,16379,16315,True
ETTh,FINAL_TEST,639,16317,16253,16316,16317,16380,16316,True
ETTh,FINAL_TEST,640,16318,16254,16317,16318,16381,16317,True
ETTh,FINAL_TEST,641,16319,16255,16318,16319,16382,16318,True
ETTh,FINAL_TEST,642,16320,16256,16319,16320,16383,16319,True
ETTh,FINAL_TEST,643,16321,16257,16320,16321,16384,16320,True
ETTh,FINAL_TEST,644,16322,16258,16321,16322,16385,16321,True
ETTh,FINAL_TEST,645,16323,16259,16322,16323,16386,16322,True
ETTh,FINAL_TEST,646,16324,16260,16323,16324,16387,16323,True
ETTh,FINAL_TEST,647,16325,16261,16324,16325,16388,16324,True
ETTh,FINAL_TEST,648,16326,16262,16325,16326,16389,16325,True
ETTh,FINAL_TEST,649,16327,16263,16326,16327,16390,16326,True
ETTh,FINAL_TEST,650,16328,16264,16327,16328,16391,16327,True
ETTh,FINAL_TEST,651,16329,16265,16328,16329,16392,16328,True
ETTh,FINAL_TEST,652,16330,16266,16329,16330,16393,16329,True
ETTh,FINAL_TEST,653,16331,16267,16330,16331,16394,16330,True
ETTh,FINAL_TEST,654,16332,16268,16331,16332,16395,16331,True
ETTh,FINAL_TEST,655,16333,16269,16332,16333,16396,16332,True
ETTh,FINAL_TEST,656,16334,16270,16333,16334,16397,16333,True
ETTh,FINAL_TEST,657,16335,16271,16334,16335,16398,16334,True
ETTh,FINAL_TEST,658,16336,16272,16335,16336,16399,16335,True
ETTh,FINAL_TEST,659,16337,16273,16336,16337,16400,16336,True
ETTh,FINAL_TEST,660,16338,16274,16337,16338,16401,16337,True
ETTh,FINAL_TEST,661,16339,16275,16338,16339,16402,16338,True
ETTh,FINAL_TEST,662,16340,16276,16339,16340,16403,16339,True
ETTh,FINAL_TEST,663,16341,16277,16340,16341,16404,16340,True
ETTh,FINAL_TEST,664,16342,16278,16341,16342,16405,16341,True
ETTh,FINAL_TEST,665,16343,16279,16342,16343,16406,16342,True
ETTh,FINAL_TEST,666,16344,16280,16343,16344,16407,16343,True
ETTh,FINAL_TEST,667,16345,16281,16344,16345,16408,16344,True
ETTh,FINAL_TEST,668,16346,16282,16345,16346,16409,16345,True
ETTh,FINAL_TEST,669,16347,16283,16346,16347,16410,16346,True
ETTh,FINAL_TEST,670,16348,16284,16347,16348,16411,16347,True
ETTh,FINAL_TEST,671,16349,16285,16348,16349,16412,16348,True
ETTh,FINAL_TEST,672,16350,16286,16349,16350,16413,16349,True
ETTh,FINAL_TEST,673,16351,16287,16350,16351,16414,16350,True
ETTh,FINAL_TEST,674,16352,16288,16351,16352,16415,16351,True
ETTh,FINAL_TEST,675,16353,16289,16352,16353,16416,16352,True
ETTh,FINAL_TEST,676,16354,16290,16353,16354,16417,16353,True
ETTh,FINAL_TEST,677,16355,16291,16354,16355,16418,16354,True
ETTh,FINAL_TEST,678,16356,16292,16355,16356,16419,16355,True
ETTh,FINAL_TEST,679,16357,16293,16356,16357,16420,16356,True
ETTh,FINAL_TEST,680,16358,16294,16357,16358,16421,16357,True
ETTh,FINAL_TEST,681,16359,16295,16358,16359,16422,16358,True
ETTh,FINAL_TEST,682,16360,16296,16359,16360,16423,16359,True
ETTh,FINAL_TEST,683,16361,16297,16360,16361,16424,16360,True
ETTh,FINAL_TEST,684,16362,16298,16361,16362,16425,16361,True
ETTh,FINAL_TEST,685,16363,16299,16362,16363,16426,16362,True
ETTh,FINAL_TEST,686,16364,16300,16363,16364,16427,16363,True
ETTh,FINAL_TEST,687,16365,16301,16364,16365,16428,16364,True
ETTh,FINAL_TEST,688,16366,16302,16365,16366,16429,16365,True
ETTh,FINAL_TEST,689,16367,16303,16366,16367,16430,16366,True
ETTh,FINAL_TEST,690,16368,16304,16367,16368,16431,16367,True
ETTh,FINAL_TEST,691,16369,16305,16368,16369,16432,16368,True
ETTh,FINAL_TEST,692,16370,16306,16369,16370,16433,16369,True
ETTh,FINAL_TEST,693,16371,16307,16370,16371,16434,16370,True
ETTh,FINAL_TEST,694,16372,16308,16371,16372,16435,16371,True
ETTh,FINAL_TEST,695,16373,16309,16372,16373,16436,16372,True
ETTh,FINAL_TEST,696,16374,16310,16373,16374,16437,16373,True
ETTh,FINAL_TEST,697,16375,16311,16374,16375,16438,16374,True
ETTh,FINAL_TEST,698,16376,16312,16375,16376,16439,16375,True
ETTh,FINAL_TEST,699,16377,16313,16376,16377,16440,16376,True
ETTh,FINAL_TEST,700,16378,16314,16377,16378,16441,16377,True
ETTh,FINAL_TEST,701,16379,16315,16378,16379,16442,16378,True
ETTh,FINAL_TEST,702,16380,16316,16379,16380,16443,16379,True
ETTh,FINAL_TEST,703,16381,16317,16380,16381,16444,16380,True
ETTh,FINAL_TEST,704,16382,16318,16381,16382,16445,16381,True
ETTh,FINAL_TEST,705,16383,16319,16382,16383,16446,16382,True
ETTh,FINAL_TEST,706,16384,16320,16383,16384,16447,16383,True
ETTh,FINAL_TEST,707,16385,16321,16384,16385,16448,16384,True
ETTh,FINAL_TEST,708,16386,16322,16385,16386,16449,16385,True
ETTh,FINAL_TEST,709,16387,16323,16386,16387,16450,16386,True
ETTh,FINAL_TEST,710,16388,16324,16387,16388,16451,16387,True
ETTh,FINAL_TEST,711,16389,16325,16388,16389,16452,16388,True
ETTh,FINAL_TEST,712,16390,16326,16389,16390,16453,16389,True
ETTh,FINAL_TEST,713,16391,16327,16390,16391,16454,16390,True
ETTh,FINAL_TEST,714,16392,16328,16391,16392,16455,16391,True
ETTh,FINAL_TEST,715,16393,16329,16392,16393,16456,16392,True
ETTh,FINAL_TEST,716,16394,16330,16393,16394,16457,16393,True
ETTh,FINAL_TEST,717,16395,16331,16394,16395,16458,16394,True
ETTh,FINAL_TEST,718,16396,16332,16395,16396,16459,16395,True
ETTh,FINAL_TEST,719,16397,16333,16396,16397,16460,16396,True
ETTh,FINAL_TEST,720,16398,16334,16397,16398,16461,16397,True
ETTh,FINAL_TEST,721,16399,16335,16398,16399,16462,16398,True
ETTh,FINAL_TEST,722,16400,16336,16399,16400,16463,16399,True
ETTh,FINAL_TEST,723,16401,16337,16400,16401,16464,16400,True
ETTh,FINAL_TEST,724,16402,16338,16401,16402,16465,16401,True
ETTh,FINAL_TEST,725,16403,16339,16402,16403,16466,16402,True
ETTh,FINAL_TEST,726,16404,16340,16403,16404,16467,16403,True
ETTh,FINAL_TEST,727,16405,16341,16404,16405,16468,16404,True
ETTh,FINAL_TEST,728,16406,16342,16405,16406,16469,16405,True
ETTh,FINAL_TEST,729,16407,16343,16406,16407,16470,16406,True
ETTh,FINAL_TEST,730,16408,16344,16407,16408,16471,16407,True
ETTh,FINAL_TEST,731,16409,16345,16408,16409,16472,16408,True
ETTh,FINAL_TEST,732,16410,16346,16409,16410,16473,16409,True
ETTh,FINAL_TEST,733,16411,16347,16410,16411,16474,16410,True
ETTh,FINAL_TEST,734,16412,16348,16411,16412,16475,16411,True
ETTh,FINAL_TEST,735,16413,16349,16412,16413,16476,16412,True
ETTh,FINAL_TEST,736,16414,16350,16413,16414,16477,16413,True
ETTh,FINAL_TEST,737,16415,16351,16414,16415,16478,16414,True
ETTh,FINAL_TEST,738,16416,16352,16415,16416,16479,16415,True
ETTh,FINAL_TEST,739,16417,16353,16416,16417,16480,16416,True
ETTh,FINAL_TEST,740,16418,16354,16417,16418,16481,16417,True
ETTh,FINAL_TEST,741,16419,16355,16418,16419,16482,16418,True
ETTh,FINAL_TEST,742,16420,16356,16419,16420,16483,16419,True
ETTh,FINAL_TEST,743,16421,16357,16420,16421,16484,16420,True
ETTh,FINAL_TEST,744,16422,16358,16421,16422,16485,16421,True
ETTh,FINAL_TEST,745,16423,16359,16422,16423,16486,16422,True
ETTh,FINAL_TEST,746,16424,16360,16423,16424,16487,16423,True
ETTh,FINAL_TEST,747,16425,16361,16424,16425,16488,16424,True
ETTh,FINAL_TEST,748,16426,16362,16425,16426,16489,16425,True
ETTh,FINAL_TEST,749,16427,16363,16426,16427,16490,16426,True
ETTh,FINAL_TEST,750,16428,16364,16427,16428,16491,16427,True
ETTh,FINAL_TEST,751,16429,16365,16428,16429,16492,16428,True
ETTh,FINAL_TEST,752,16430,16366,16429,16430,16493,16429,True
ETTh,FINAL_TEST,753,16431,16367,16430,16431,16494,16430,True
ETTh,FINAL_TEST,754,16432,16368,16431,16432,16495,16431,True
ETTh,FINAL_TEST,755,16433,16369,16432,16433,16496,16432,True
ETTh,FINAL_TEST,756,16434,16370,16433,16434,16497,16433,True
ETTh,FINAL_TEST,757,16435,16371,16434,16435,16498,16434,True
ETTh,FINAL_TEST,758,16436,16372,16435,16436,16499,16435,True
ETTh,FINAL_TEST,759,16437,16373,16436,16437,16500,16436,True
ETTh,FINAL_TEST,760,16438,16374,16437,16438,16501,16437,True
ETTh,FINAL_TEST,761,16439,16375,16438,16439,16502,16438,True
ETTh,FINAL_TEST,762,16440,16376,16439,16440,16503,16439,True
ETTh,FINAL_TEST,763,16441,16377,16440,16441,16504,16440,True
ETTh,FINAL_TEST,764,16442,16378,16441,16442,16505,16441,True
ETTh,FINAL_TEST,765,16443,16379,16442,16443,16506,16442,True
ETTh,FINAL_TEST,766,16444,16380,16443,16444,16507,16443,True
ETTh,FINAL_TEST,767,16445,16381,16444,16445,16508,16444,True
ETTh,FINAL_TEST,768,16446,16382,16445,16446,16509,16445,True
ETTh,FINAL_TEST,769,16447,16383,16446,16447,16510,16446,True
ETTh,FINAL_TEST,770,16448,16384,16447,16448,16511,16447,True
ETTh,FINAL_TEST,771,16449,16385,16448,16449,16512,16448,True
ETTh,FINAL_TEST,772,16450,16386,16449,16450,16513,16449,True
ETTh,FINAL_TEST,773,16451,16387,16450,16451,16514,16450,True
ETTh,FINAL_TEST,774,16452,16388,16451,16452,16515,16451,True
ETTh,FINAL_TEST,775,16453,16389,16452,16453,16516,16452,True
ETTh,FINAL_TEST,776,16454,16390,16453,16454,16517,16453,True
ETTh,FINAL_TEST,777,16455,16391,16454,16455,16518,16454,True
ETTh,FINAL_TEST,778,16456,16392,16455,16456,16519,16455,True
ETTh,FINAL_TEST,779,16457,16393,16456,16457,16520,16456,True
ETTh,FINAL_TEST,780,16458,16394,16457,16458,16521,16457,True
ETTh,FINAL_TEST,781,16459,16395,16458,16459,16522,16458,True
ETTh,FINAL_TEST,782,16460,16396,16459,16460,16523,16459,True
ETTh,FINAL_TEST,783,16461,16397,16460,16461,16524,16460,True
ETTh,FINAL_TEST,784,16462,16398,16461,16462,16525,16461,True
ETTh,FINAL_TEST,785,16463,16399,16462,16463,16526,16462,True
ETTh,FINAL_TEST,786,16464,16400,16463,16464,16527,16463,True
ETTh,FINAL_TEST,787,16465,16401,16464,16465,16528,16464,True
ETTh,FINAL_TEST,788,16466,16402,16465,16466,16529,16465,True
ETTh,FINAL_TEST,789,16467,16403,16466,16467,16530,16466,True
ETTh,FINAL_TEST,790,16468,16404,16467,16468,16531,16467,True
ETTh,FINAL_TEST,791,16469,16405,16468,16469,16532,16468,True
ETTh,FINAL_TEST,792,16470,16406,16469,16470,16533,16469,True
ETTh,FINAL_TEST,793,16471,16407,16470,16471,16534,16470,True
ETTh,FINAL_TEST,794,16472,16408,16471,16472,16535,16471,True
ETTh,FINAL_TEST,795,16473,16409,16472,16473,16536,16472,True
ETTh,FINAL_TEST,796,16474,16410,16473,16474,16537,16473,True
ETTh,FINAL_TEST,797,16475,16411,16474,16475,16538,16474,True
ETTh,FINAL_TEST,798,16476,16412,16475,16476,16539,16475,True
ETTh,FINAL_TEST,799,16477,16413,16476,16477,16540,16476,True
ETTh,FINAL_TEST,800,16478,16414,16477,16478,16541,16477,True
ETTh,FINAL_TEST,801,16479,16415,16478,16479,16542,16478,True
ETTh,FINAL_TEST,802,16480,16416,16479,16480,16543,16479,True
ETTh,FINAL_TEST,803,16481,16417,16480,16481,16544,16480,True
ETTh,FINAL_TEST,804,16482,16418,16481,16482,16545,16481,True
ETTh,FINAL_TEST,805,16483,16419,16482,16483,16546,16482,True
ETTh,FINAL_TEST,806,16484,16420,16483,16484,16547,16483,True
ETTh,FINAL_TEST,807,16485,16421,16484,16485,16548,16484,True
ETTh,FINAL_TEST,808,16486,16422,16485,16486,16549,16485,True
ETTh,FINAL_TEST,809,16487,16423,16486,16487,16550,16486,True
ETTh,FINAL_TEST,810,16488,16424,16487,16488,16551,16487,True
ETTh,FINAL_TEST,811,16489,16425,16488,16489,16552,16488,True
ETTh,FINAL_TEST,812,16490,16426,16489,16490,16553,16489,True
ETTh,FINAL_TEST,813,16491,16427,16490,16491,16554,16490,True
ETTh,FINAL_TEST,814,16492,16428,16491,16492,16555,16491,True
ETTh,FINAL_TEST,815,16493,16429,16492,16493,16556,16492,True
ETTh,FINAL_TEST,816,16494,16430,16493,16494,16557,16493,True
ETTh,FINAL_TEST,817,16495,16431,16494,16495,16558,16494,True
ETTh,FINAL_TEST,818,16496,16432,16495,16496,16559,16495,True
ETTh,FINAL_TEST,819,16497,16433,16496,16497,16560,16496,True
ETTh,FINAL_TEST,820,16498,16434,16497,16498,16561,16497,True
ETTh,FINAL_TEST,821,16499,16435,16498,16499,16562,16498,True
ETTh,FINAL_TEST,822,16500,16436,16499,16500,16563,16499,True
ETTh,FINAL_TEST,823,16501,16437,16500,16501,16564,16500,True
ETTh,FINAL_TEST,824,16502,16438,16501,16502,16565,16501,True
ETTh,FINAL_TEST,825,16503,16439,16502,16503,16566,16502,True
ETTh,FINAL_TEST,826,16504,16440,16503,16504,16567,16503,True
ETTh,FINAL_TEST,827,16505,16441,16504,16505,16568,16504,True
ETTh,FINAL_TEST,828,16506,16442,16505,16506,16569,16505,True
ETTh,FINAL_TEST,829,16507,16443,16506,16507,16570,16506,True
ETTh,FINAL_TEST,830,16508,16444,16507,16508,16571,16507,True
ETTh,FINAL_TEST,831,16509,16445,16508,16509,16572,16508,True
ETTh,FINAL_TEST,832,16510,16446,16509,16510,16573,16509,True
ETTh,FINAL_TEST,833,16511,16447,16510,16511,16574,16510,True
ETTh,FINAL_TEST,834,16512,16448,16511,16512,16575,16511,True
ETTh,FINAL_TEST,835,16513,16449,16512,16513,16576,16512,True
ETTh,FINAL_TEST,836,16514,16450,16513,16514,16577,16513,True
ETTh,FINAL_TEST,837,16515,16451,16514,16515,16578,16514,True
ETTh,FINAL_TEST,838,16516,16452,16515,16516,16579,16515,True
ETTh,FINAL_TEST,839,16517,16453,16516,16517,16580,16516,True
ETTh,FINAL_TEST,840,16518,16454,16517,16518,16581,16517,True
ETTh,FINAL_TEST,841,16519,16455,16518,16519,16582,16518,True
ETTh,FINAL_TEST,842,16520,16456,16519,16520,16583,16519,True
ETTh,FINAL_TEST,843,16521,16457,16520,16521,16584,16520,True
ETTh,FINAL_TEST,844,16522,16458,16521,16522,16585,16521,True
ETTh,FINAL_TEST,845,16523,16459,16522,16523,16586,16522,True
ETTh,FINAL_TEST,846,16524,16460,16523,16524,16587,16523,True
ETTh,FINAL_TEST,847,16525,16461,16524,16525,16588,16524,True
ETTh,FINAL_TEST,848,16526,16462,16525,16526,16589,16525,True
ETTh,FINAL_TEST,849,16527,16463,16526,16527,16590,16526,True
ETTh,FINAL_TEST,850,16528,16464,16527,16528,16591,16527,True
ETTh,FINAL_TEST,851,16529,16465,16528,16529,16592,16528,True
ETTh,FINAL_TEST,852,16530,16466,16529,16530,16593,16529,True
ETTh,FINAL_TEST,853,16531,16467,16530,16531,16594,16530,True
ETTh,FINAL_TEST,854,16532,16468,16531,16532,16595,16531,True
ETTh,FINAL_TEST,855,16533,16469,16532,16533,16596,16532,True
ETTh,FINAL_TEST,856,16534,16470,16533,16534,16597,16533,True
ETTh,FINAL_TEST,857,16535,16471,16534,16535,16598,16534,True
ETTh,FINAL_TEST,858,16536,16472,16535,16536,16599,16535,True
ETTh,FINAL_TEST,859,16537,16473,16536,16537,16600,16536,True
ETTh,FINAL_TEST,860,16538,16474,16537,16538,16601,16537,True
ETTh,FINAL_TEST,861,16539,16475,16538,16539,16602,16538,True
ETTh,FINAL_TEST,862,16540,16476,16539,16540,16603,16539,True
ETTh,FINAL_TEST,863,16541,16477,16540,16541,16604,16540,True
ETTh,FINAL_TEST,864,16542,16478,16541,16542,16605,16541,True
ETTh,FINAL_TEST,865,16543,16479,16542,16543,16606,16542,True
ETTh,FINAL_TEST,866,16544,16480,16543,16544,16607,16543,True
ETTh,FINAL_TEST,867,16545,16481,16544,16545,16608,16544,True
ETTh,FINAL_TEST,868,16546,16482,16545,16546,16609,16545,True
ETTh,FINAL_TEST,869,16547,16483,16546,16547,16610,16546,True
ETTh,FINAL_TEST,870,16548,16484,16547,16548,16611,16547,True
ETTh,FINAL_TEST,871,16549,16485,16548,16549,16612,16548,True
ETTh,FINAL_TEST,872,16550,16486,16549,16550,16613,16549,True
ETTh,FINAL_TEST,873,16551,16487,16550,16551,16614,16550,True
ETTh,FINAL_TEST,874,16552,16488,16551,16552,16615,16551,True
ETTh,FINAL_TEST,875,16553,16489,16552,16553,16616,16552,True
ETTh,FINAL_TEST,876,16554,16490,16553,16554,16617,16553,True
ETTh,FINAL_TEST,877,16555,16491,16554,16555,16618,16554,True
ETTh,FINAL_TEST,878,16556,16492,16555,16556,16619,16555,True
ETTh,FINAL_TEST,879,16557,16493,16556,16557,16620,16556,True
ETTh,FINAL_TEST,880,16558,16494,16557,16558,16621,16557,True
ETTh,FINAL_TEST,881,16559,16495,16558,16559,16622,16558,True
ETTh,FINAL_TEST,882,16560,16496,16559,16560,16623,16559,True
ETTh,FINAL_TEST,883,16561,16497,16560,16561,16624,16560,True
ETTh,FINAL_TEST,884,16562,16498,16561,16562,16625,16561,True
ETTh,FINAL_TEST,885,16563,16499,16562,16563,16626,16562,True
ETTh,FINAL_TEST,886,16564,16500,16563,16564,16627,16563,True
ETTh,FINAL_TEST,887,16565,16501,16564,16565,16628,16564,True
ETTh,FINAL_TEST,888,16566,16502,16565,16566,16629,16565,True
ETTh,FINAL_TEST,889,16567,16503,16566,16567,16630,16566,True
ETTh,FINAL_TEST,890,16568,16504,16567,16568,16631,16567,True
ETTh,FINAL_TEST,891,16569,16505,16568,16569,16632,16568,True
ETTh,FINAL_TEST,892,16570,16506,16569,16570,16633,16569,True
ETTh,FINAL_TEST,893,16571,16507,16570,16571,16634,16570,True
ETTh,FINAL_TEST,894,16572,16508,16571,16572,16635,16571,True
ETTh,FINAL_TEST,895,16573,16509,16572,16573,16636,16572,True
ETTh,FINAL_TEST,896,16574,16510,16573,16574,16637,16573,True
ETTh,FINAL_TEST,897,16575,16511,16574,16575,16638,16574,True
ETTh,FINAL_TEST,898,16576,16512,16575,16576,16639,16575,True
ETTh,FINAL_TEST,899,16577,16513,16576,16577,16640,16576,True
ETTh,FINAL_TEST,900,16578,16514,16577,16578,16641,16577,True
ETTh,FINAL_TEST,901,16579,16515,16578,16579,16642,16578,True
ETTh,FINAL_TEST,902,16580,16516,16579,16580,16643,16579,True
ETTh,FINAL_TEST,903,16581,16517,16580,16581,16644,16580,True
ETTh,FINAL_TEST,904,16582,16518,16581,16582,16645,16581,True
ETTh,FINAL_TEST,905,16583,16519,16582,16583,16646,16582,True
ETTh,FINAL_TEST,906,16584,16520,16583,16584,16647,16583,True
ETTh,FINAL_TEST,907,16585,16521,16584,16585,16648,16584,True
ETTh,FINAL_TEST,908,16586,16522,16585,16586,16649,16585,True
ETTh,FINAL_TEST,909,16587,16523,16586,16587,16650,16586,True
ETTh,FINAL_TEST,910,16588,16524,16587,16588,16651,16587,True
ETTh,FINAL_TEST,911,16589,16525,16588,16589,16652,16588,True
ETTh,FINAL_TEST,912,16590,16526,16589,16590,16653,16589,True
ETTh,FINAL_TEST,913,16591,16527,16590,16591,16654,16590,True
ETTh,FINAL_TEST,914,16592,16528,16591,16592,16655,16591,True
ETTh,FINAL_TEST,915,16593,16529,16592,16593,16656,16592,True
ETTh,FINAL_TEST,916,16594,16530,16593,16594,16657,16593,True
ETTh,FINAL_TEST,917,16595,16531,16594,16595,16658,16594,True
ETTh,FINAL_TEST,918,16596,16532,16595,16596,16659,16595,True
ETTh,FINAL_TEST,919,16597,16533,16596,16597,16660,16596,True
ETTh,FINAL_TEST,920,16598,16534,16597,16598,16661,16597,True
ETTh,FINAL_TEST,921,16599,16535,16598,16599,16662,16598,True
ETTh,FINAL_TEST,922,16600,16536,16599,16600,16663,16599,True
ETTh,FINAL_TEST,923,16601,16537,16600,16601,16664,16600,True
ETTh,FINAL_TEST,924,16602,16538,16601,16602,16665,16601,True
ETTh,FINAL_TEST,925,16603,16539,16602,16603,16666,16602,True
ETTh,FINAL_TEST,926,16604,16540,16603,16604,16667,16603,True
ETTh,FINAL_TEST,927,16605,16541,16604,16605,16668,16604,True
ETTh,FINAL_TEST,928,16606,16542,16605,16606,16669,16605,True
ETTh,FINAL_TEST,929,16607,16543,16606,16607,16670,16606,True
ETTh,FINAL_TEST,930,16608,16544,16607,16608,16671,16607,True
ETTh,FINAL_TEST,931,16609,16545,16608,16609,16672,16608,True
ETTh,FINAL_TEST,932,16610,16546,16609,16610,16673,16609,True
ETTh,FINAL_TEST,933,16611,16547,16610,16611,16674,16610,True
ETTh,FINAL_TEST,934,16612,16548,16611,16612,16675,16611,True
ETTh,FINAL_TEST,935,16613,16549,16612,16613,16676,16612,True
ETTh,FINAL_TEST,936,16614,16550,16613,16614,16677,16613,True
ETTh,FINAL_TEST,937,16615,16551,16614,16615,16678,16614,True
ETTh,FINAL_TEST,938,16616,16552,16615,16616,16679,16615,True
ETTh,FINAL_TEST,939,16617,16553,16616,16617,16680,16616,True
ETTh,FINAL_TEST,940,16618,16554,16617,16618,16681,16617,True
ETTh,FINAL_TEST,941,16619,16555,16618,16619,16682,16618,True
ETTh,FINAL_TEST,942,16620,16556,16619,16620,16683,16619,True
ETTh,FINAL_TEST,943,16621,16557,16620,16621,16684,16620,True
ETTh,FINAL_TEST,944,16622,16558,16621,16622,16685,16621,True
ETTh,FINAL_TEST,945,16623,16559,16622,16623,16686,16622,True
ETTh,FINAL_TEST,946,16624,16560,16623,16624,16687,16623,True
ETTh,FINAL_TEST,947,16625,16561,16624,16625,16688,16624,True
ETTh,FINAL_TEST,948,16626,16562,16625,16626,16689,16625,True
ETTh,FINAL_TEST,949,16627,16563,16626,16627,16690,16626,True
ETTh,FINAL_TEST,950,16628,16564,16627,16628,16691,16627,True
ETTh,FINAL_TEST,951,16629,16565,16628,16629,16692,16628,True
ETTh,FINAL_TEST,952,16630,16566,16629,16630,16693,16629,True
ETTh,FINAL_TEST,953,16631,16567,16630,16631,16694,16630,True
ETTh,FINAL_TEST,954,16632,16568,16631,16632,16695,16631,True
ETTh,FINAL_TEST,955,16633,16569,16632,16633,16696,16632,True
ETTh,FINAL_TEST,956,16634,16570,16633,16634,16697,16633,True
ETTh,FINAL_TEST,957,16635,16571,16634,16635,16698,16634,True
ETTh,FINAL_TEST,958,16636,16572,16635,16636,16699,16635,True
ETTh,FINAL_TEST,959,16637,16573,16636,16637,16700,16636,True
ETTh,FINAL_TEST,960,16638,16574,16637,16638,16701,16637,True
ETTh,FINAL_TEST,961,16639,16575,16638,16639,16702,16638,True
ETTh,FINAL_TEST,962,16640,16576,16639,16640,16703,16639,True
ETTh,FINAL_TEST,963,16641,16577,16640,16641,16704,16640,True
ETTh,FINAL_TEST,964,16642,16578,16641,16642,16705,16641,True
ETTh,FINAL_TEST,965,16643,16579,16642,16643,16706,16642,True
ETTh,FINAL_TEST,966,16644,16580,16643,16644,16707,16643,True
ETTh,FINAL_TEST,967,16645,16581,16644,16645,16708,16644,True
ETTh,FINAL_TEST,968,16646,16582,16645,16646,16709,16645,True
ETTh,FINAL_TEST,969,16647,16583,16646,16647,16710,16646,True
ETTh,FINAL_TEST,970,16648,16584,16647,16648,16711,16647,True
ETTh,FINAL_TEST,971,16649,16585,16648,16649,16712,16648,True
ETTh,FINAL_TEST,972,16650,16586,16649,16650,16713,16649,True
ETTh,FINAL_TEST,973,16651,16587,16650,16651,16714,16650,True
ETTh,FINAL_TEST,974,16652,16588,16651,16652,16715,16651,True
ETTh,FINAL_TEST,975,16653,16589,16652,16653,16716,16652,True
ETTh,FINAL_TEST,976,16654,16590,16653,16654,16717,16653,True
ETTh,FINAL_TEST,977,16655,16591,16654,16655,16718,16654,True
ETTh,FINAL_TEST,978,16656,16592,16655,16656,16719,16655,True
ETTh,FINAL_TEST,979,16657,16593,16656,16657,16720,16656,True
ETTh,FINAL_TEST,980,16658,16594,16657,16658,16721,16657,True
ETTh,FINAL_TEST,981,16659,16595,16658,16659,16722,16658,True
ETTh,FINAL_TEST,982,16660,16596,16659,16660,16723,16659,True
ETTh,FINAL_TEST,983,16661,16597,16660,16661,16724,16660,True
ETTh,FINAL_TEST,984,16662,16598,16661,16662,16725,16661,True
ETTh,FINAL_TEST,985,16663,16599,16662,16663,16726,16662,True
ETTh,FINAL_TEST,986,16664,16600,16663,16664,16727,16663,True
ETTh,FINAL_TEST,987,16665,16601,16664,16665,16728,16664,True
ETTh,FINAL_TEST,988,16666,16602,16665,16666,16729,16665,True
ETTh,FINAL_TEST,989,16667,16603,16666,16667,16730,16666,True
ETTh,FINAL_TEST,990,16668,16604,16667,16668,16731,16667,True
ETTh,FINAL_TEST,991,16669,16605,16668,16669,16732,16668,True
ETTh,FINAL_TEST,992,16670,16606,16669,16670,16733,16669,True
ETTh,FINAL_TEST,993,16671,16607,16670,16671,16734,16670,True
ETTh,FINAL_TEST,994,16672,16608,16671,16672,16735,16671,True
ETTh,FINAL_TEST,995,16673,16609,16672,16673,16736,16672,True
ETTh,FINAL_TEST,996,16674,16610,16673,16674,16737,16673,True
ETTh,FINAL_TEST,997,16675,16611,16674,16675,16738,16674,True
ETTh,FINAL_TEST,998,16676,16612,16675,16676,16739,16675,True
ETTh,FINAL_TEST,999,16677,16613,16676,16677,16740,16676,True
ETTh,FINAL_TEST,1000,16678,16614,16677,16678,16741,16677,True
ETTh,FINAL_TEST,1001,16679,16615,16678,16679,16742,16678,True
ETTh,FINAL_TEST,1002,16680,16616,16679,16680,16743,16679,True
ETTh,FINAL_TEST,1003,16681,16617,16680,16681,16744,16680,True
ETTh,FINAL_TEST,1004,16682,16618,16681,16682,16745,16681,True
ETTh,FINAL_TEST,1005,16683,16619,16682,16683,16746,16682,True
ETTh,FINAL_TEST,1006,16684,16620,16683,16684,16747,16683,True
ETTh,FINAL_TEST,1007,16685,16621,16684,16685,16748,16684,True
ETTh,FINAL_TEST,1008,16686,16622,16685,16686,16749,16685,True
ETTh,FINAL_TEST,1009,16687,16623,16686,16687,16750,16686,True
ETTh,FINAL_TEST,1010,16688,16624,16687,16688,16751,16687,True
ETTh,FINAL_TEST,1011,16689,16625,16688,16689,16752,16688,True
ETTh,FINAL_TEST,1012,16690,16626,16689,16690,16753,16689,True
ETTh,FINAL_TEST,1013,16691,16627,16690,16691,16754,16690,True
ETTh,FINAL_TEST,1014,16692,16628,16691,16692,16755,16691,True
ETTh,FINAL_TEST,1015,16693,16629,16692,16693,16756,16692,True
ETTh,FINAL_TEST,1016,16694,16630,16693,16694,16757,16693,True
ETTh,FINAL_TEST,1017,16695,16631,16694,16695,16758,16694,True
ETTh,FINAL_TEST,1018,16696,16632,16695,16696,16759,16695,True
ETTh,FINAL_TEST,1019,16697,16633,16696,16697,16760,16696,True
ETTh,FINAL_TEST,1020,16698,16634,16697,16698,16761,16697,True
ETTh,FINAL_TEST,1021,16699,16635,16698,16699,16762,16698,True
ETTh,FINAL_TEST,1022,16700,16636,16699,16700,16763,16699,True
ETTh,FINAL_TEST,1023,16701,16637,16700,16701,16764,16700,True
ETTh,FINAL_TEST,1024,16702,16638,16701,16702,16765,16701,True
ETTh,FINAL_TEST,1025,16703,16639,16702,16703,16766,16702,True
ETTh,FINAL_TEST,1026,16704,16640,16703,16704,16767,16703,True
ETTh,FINAL_TEST,1027,16705,16641,16704,16705,16768,16704,True
ETTh,FINAL_TEST,1028,16706,16642,16705,16706,16769,16705,True
ETTh,FINAL_TEST,1029,16707,16643,16706,16707,16770,16706,True
ETTh,FINAL_TEST,1030,16708,16644,16707,16708,16771,16707,True
ETTh,FINAL_TEST,1031,16709,16645,16708,16709,16772,16708,True
ETTh,FINAL_TEST,1032,16710,16646,16709,16710,16773,16709,True
ETTh,FINAL_TEST,1033,16711,16647,16710,16711,16774,16710,True
ETTh,FINAL_TEST,1034,16712,16648,16711,16712,16775,16711,True
ETTh,FINAL_TEST,1035,16713,16649,16712,16713,16776,16712,True
ETTh,FINAL_TEST,1036,16714,16650,16713,16714,16777,16713,True
ETTh,FINAL_TEST,1037,16715,16651,16714,16715,16778,16714,True
ETTh,FINAL_TEST,1038,16716,16652,16715,16716,16779,16715,True
ETTh,FINAL_TEST,1039,16717,16653,16716,16717,16780,16716,True
ETTh,FINAL_TEST,1040,16718,16654,16717,16718,16781,16717,True
ETTh,FINAL_TEST,1041,16719,16655,16718,16719,16782,16718,True
ETTh,FINAL_TEST,1042,16720,16656,16719,16720,16783,16719,True
ETTh,FINAL_TEST,1043,16721,16657,16720,16721,16784,16720,True
ETTh,FINAL_TEST,1044,16722,16658,16721,16722,16785,16721,True
ETTh,FINAL_TEST,1045,16723,16659,16722,16723,16786,16722,True
ETTh,FINAL_TEST,1046,16724,16660,16723,16724,16787,16723,True
ETTh,FINAL_TEST,1047,16725,16661,16724,16725,16788,16724,True
ETTh,FINAL_TEST,1048,16726,16662,16725,16726,16789,16725,True
ETTh,FINAL_TEST,1049,16727,16663,16726,16727,16790,16726,True
ETTh,FINAL_TEST,1050,16728,16664,16727,16728,16791,16727,True
ETTh,FINAL_TEST,1051,16729,16665,16728,16729,16792,16728,True
ETTh,FINAL_TEST,1052,16730,16666,16729,16730,16793,16729,True
ETTh,FINAL_TEST,1053,16731,16667,16730,16731,16794,16730,True
ETTh,FINAL_TEST,1054,16732,16668,16731,16732,16795,16731,True
ETTh,FINAL_TEST,1055,16733,16669,16732,16733,16796,16732,True
ETTh,FINAL_TEST,1056,16734,16670,16733,16734,16797,16733,True
ETTh,FINAL_TEST,1057,16735,16671,16734,16735,16798,16734,True
ETTh,FINAL_TEST,1058,16736,16672,16735,16736,16799,16735,True
ETTh,FINAL_TEST,1059,16737,16673,16736,16737,16800,16736,True
ETTh,FINAL_TEST,1060,16738,16674,16737,16738,16801,16737,True
ETTh,FINAL_TEST,1061,16739,16675,16738,16739,16802,16738,True
ETTh,FINAL_TEST,1062,16740,16676,16739,16740,16803,16739,True
ETTh,FINAL_TEST,1063,16741,16677,16740,16741,16804,16740,True
ETTh,FINAL_TEST,1064,16742,16678,16741,16742,16805,16741,True
ETTh,FINAL_TEST,1065,16743,16679,16742,16743,16806,16742,True
ETTh,FINAL_TEST,1066,16744,16680,16743,16744,16807,16743,True
ETTh,FINAL_TEST,1067,16745,16681,16744,16745,16808,16744,True
ETTh,FINAL_TEST,1068,16746,16682,16745,16746,16809,16745,True
ETTh,FINAL_TEST,1069,16747,16683,16746,16747,16810,16746,True
ETTh,FINAL_TEST,1070,16748,16684,16747,16748,16811,16747,True
ETTh,FINAL_TEST,1071,16749,16685,16748,16749,16812,16748,True
ETTh,FINAL_TEST,1072,16750,16686,16749,16750,16813,16749,True
ETTh,FINAL_TEST,1073,16751,16687,16750,16751,16814,16750,True
ETTh,FINAL_TEST,1074,16752,16688,16751,16752,16815,16751,True
ETTh,FINAL_TEST,1075,16753,16689,16752,16753,16816,16752,True
ETTh,FINAL_TEST,1076,16754,16690,16753,16754,16817,16753,True
ETTh,FINAL_TEST,1077,16755,16691,16754,16755,16818,16754,True
ETTh,FINAL_TEST,1078,16756,16692,16755,16756,16819,16755,True
ETTh,FINAL_TEST,1079,16757,16693,16756,16757,16820,16756,True
ETTh,FINAL_TEST,1080,16758,16694,16757,16758,16821,16757,True
ETTh,FINAL_TEST,1081,16759,16695,16758,16759,16822,16758,True
ETTh,FINAL_TEST,1082,16760,16696,16759,16760,16823,16759,True
ETTh,FINAL_TEST,1083,16761,16697,16760,16761,16824,16760,True
ETTh,FINAL_TEST,1084,16762,16698,16761,16762,16825,16761,True
ETTh,FINAL_TEST,1085,16763,16699,16762,16763,16826,16762,True
ETTh,FINAL_TEST,1086,16764,16700,16763,16764,16827,16763,True
ETTh,FINAL_TEST,1087,16765,16701,16764,16765,16828,16764,True
ETTh,FINAL_TEST,1088,16766,16702,16765,16766,16829,16765,True
ETTh,FINAL_TEST,1089,16767,16703,16766,16767,16830,16766,True
ETTh,FINAL_TEST,1090,16768,16704,16767,16768,16831,16767,True
ETTh,FINAL_TEST,1091,16769,16705,16768,16769,16832,16768,True
ETTh,FINAL_TEST,1092,16770,16706,16769,16770,16833,16769,True
ETTh,FINAL_TEST,1093,16771,16707,16770,16771,16834,16770,True
ETTh,FINAL_TEST,1094,16772,16708,16771,16772,16835,16771,True
ETTh,FINAL_TEST,1095,16773,16709,16772,16773,16836,16772,True
ETTh,FINAL_TEST,1096,16774,16710,16773,16774,16837,16773,True
ETTh,FINAL_TEST,1097,16775,16711,16774,16775,16838,16774,True
ETTh,FINAL_TEST,1098,16776,16712,16775,16776,16839,16775,True
ETTh,FINAL_TEST,1099,16777,16713,16776,16777,16840,16776,True
ETTh,FINAL_TEST,1100,16778,16714,16777,16778,16841,16777,True
ETTh,FINAL_TEST,1101,16779,16715,16778,16779,16842,16778,True
ETTh,FINAL_TEST,1102,16780,16716,16779,16780,16843,16779,True
ETTh,FINAL_TEST,1103,16781,16717,16780,16781,16844,16780,True
ETTh,FINAL_TEST,1104,16782,16718,16781,16782,16845,16781,True
ETTh,FINAL_TEST,1105,16783,16719,16782,16783,16846,16782,True
ETTh,FINAL_TEST,1106,16784,16720,16783,16784,16847,16783,True
ETTh,FINAL_TEST,1107,16785,16721,16784,16785,16848,16784,True
ETTh,FINAL_TEST,1108,16786,16722,16785,16786,16849,16785,True
ETTh,FINAL_TEST,1109,16787,16723,16786,16787,16850,16786,True
ETTh,FINAL_TEST,1110,16788,16724,16787,16788,16851,16787,True
ETTh,FINAL_TEST,1111,16789,16725,16788,16789,16852,16788,True
ETTh,FINAL_TEST,1112,16790,16726,16789,16790,16853,16789,True
ETTh,FINAL_TEST,1113,16791,16727,16790,16791,16854,16790,True
ETTh,FINAL_TEST,1114,16792,16728,16791,16792,16855,16791,True
ETTh,FINAL_TEST,1115,16793,16729,16792,16793,16856,16792,True
ETTh,FINAL_TEST,1116,16794,16730,16793,16794,16857,16793,True
ETTh,FINAL_TEST,1117,16795,16731,16794,16795,16858,16794,True
ETTh,FINAL_TEST,1118,16796,16732,16795,16796,16859,16795,True
ETTh,FINAL_TEST,1119,16797,16733,16796,16797,16860,16796,True
ETTh,FINAL_TEST,1120,16798,16734,16797,16798,16861,16797,True
ETTh,FINAL_TEST,1121,16799,16735,16798,16799,16862,16798,True
ETTh,FINAL_TEST,1122,16800,16736,16799,16800,16863,16799,True
ETTh,FINAL_TEST,1123,16801,16737,16800,16801,16864,16800,True
ETTh,FINAL_TEST,1124,16802,16738,16801,16802,16865,16801,True
ETTh,FINAL_TEST,1125,16803,16739,16802,16803,16866,16802,True
ETTh,FINAL_TEST,1126,16804,16740,16803,16804,16867,16803,True
ETTh,FINAL_TEST,1127,16805,16741,16804,16805,16868,16804,True
ETTh,FINAL_TEST,1128,16806,16742,16805,16806,16869,16805,True
ETTh,FINAL_TEST,1129,16807,16743,16806,16807,16870,16806,True
ETTh,FINAL_TEST,1130,16808,16744,16807,16808,16871,16807,True
ETTh,FINAL_TEST,1131,16809,16745,16808,16809,16872,16808,True
ETTh,FINAL_TEST,1132,16810,16746,16809,16810,16873,16809,True
ETTh,FINAL_TEST,1133,16811,16747,16810,16811,16874,16810,True
ETTh,FINAL_TEST,1134,16812,16748,16811,16812,16875,16811,True
ETTh,FINAL_TEST,1135,16813,16749,16812,16813,16876,16812,True
ETTh,FINAL_TEST,1136,16814,16750,16813,16814,16877,16813,True
ETTh,FINAL_TEST,1137,16815,16751,16814,16815,16878,16814,True
ETTh,FINAL_TEST,1138,16816,16752,16815,16816,16879,16815,True
ETTh,FINAL_TEST,1139,16817,16753,16816,16817,16880,16816,True
ETTh,FINAL_TEST,1140,16818,16754,16817,16818,16881,16817,True
ETTh,FINAL_TEST,1141,16819,16755,16818,16819,16882,16818,True
ETTh,FINAL_TEST,1142,16820,16756,16819,16820,16883,16819,True
ETTh,FINAL_TEST,1143,16821,16757,16820,16821,16884,16820,True
ETTh,FINAL_TEST,1144,16822,16758,16821,16822,16885,16821,True
ETTh,FINAL_TEST,1145,16823,16759,16822,16823,16886,16822,True
ETTh,FINAL_TEST,1146,16824,16760,16823,16824,16887,16823,True
ETTh,FINAL_TEST,1147,16825,16761,16824,16825,16888,16824,True
ETTh,FINAL_TEST,1148,16826,16762,16825,16826,16889,16825,True
ETTh,FINAL_TEST,1149,16827,16763,16826,16827,16890,16826,True
ETTh,FINAL_TEST,1150,16828,16764,16827,16828,16891,16827,True
ETTh,FINAL_TEST,1151,16829,16765,16828,16829,16892,16828,True
ETTh,FINAL_TEST,1152,16830,16766,16829,16830,16893,16829,True
ETTh,FINAL_TEST,1153,16831,16767,16830,16831,16894,16830,True
ETTh,FINAL_TEST,1154,16832,16768,16831,16832,16895,16831,True
ETTh,FINAL_TEST,1155,16833,16769,16832,16833,16896,16832,True
ETTh,FINAL_TEST,1156,16834,16770,16833,16834,16897,16833,True
ETTh,FINAL_TEST,1157,16835,16771,16834,16835,16898,16834,True
ETTh,FINAL_TEST,1158,16836,16772,16835,16836,16899,16835,True
ETTh,FINAL_TEST,1159,16837,16773,16836,16837,16900,16836,True
ETTh,FINAL_TEST,1160,16838,16774,16837,16838,16901,16837,True
ETTh,FINAL_TEST,1161,16839,16775,16838,16839,16902,16838,True
ETTh,FINAL_TEST,1162,16840,16776,16839,16840,16903,16839,True
ETTh,FINAL_TEST,1163,16841,16777,16840,16841,16904,16840,True
ETTh,FINAL_TEST,1164,16842,16778,16841,16842,16905,16841,True
ETTh,FINAL_TEST,1165,16843,16779,16842,16843,16906,16842,True
ETTh,FINAL_TEST,1166,16844,16780,16843,16844,16907,16843,True
ETTh,FINAL_TEST,1167,16845,16781,16844,16845,16908,16844,True
ETTh,FINAL_TEST,1168,16846,16782,16845,16846,16909,16845,True
ETTh,FINAL_TEST,1169,16847,16783,16846,16847,16910,16846,True
ETTh,FINAL_TEST,1170,16848,16784,16847,16848,16911,16847,True
ETTh,FINAL_TEST,1171,16849,16785,16848,16849,16912,16848,True
ETTh,FINAL_TEST,1172,16850,16786,16849,16850,16913,16849,True
ETTh,FINAL_TEST,1173,16851,16787,16850,16851,16914,16850,True
ETTh,FINAL_TEST,1174,16852,16788,16851,16852,16915,16851,True
ETTh,FINAL_TEST,1175,16853,16789,16852,16853,16916,16852,True
ETTh,FINAL_TEST,1176,16854,16790,16853,16854,16917,16853,True
ETTh,FINAL_TEST,1177,16855,16791,16854,16855,16918,16854,True
ETTh,FINAL_TEST,1178,16856,16792,16855,16856,16919,16855,True
ETTh,FINAL_TEST,1179,16857,16793,16856,16857,16920,16856,True
ETTh,FINAL_TEST,1180,16858,16794,16857,16858,16921,16857,True
ETTh,FINAL_TEST,1181,16859,16795,16858,16859,16922,16858,True
ETTh,FINAL_TEST,1182,16860,16796,16859,16860,16923,16859,True
ETTh,FINAL_TEST,1183,16861,16797,16860,16861,16924,16860,True
ETTh,FINAL_TEST,1184,16862,16798,16861,16862,16925,16861,True
ETTh,FINAL_TEST,1185,16863,16799,16862,16863,16926,16862,True
ETTh,FINAL_TEST,1186,16864,16800,16863,16864,16927,16863,True
ETTh,FINAL_TEST,1187,16865,16801,16864,16865,16928,16864,True
ETTh,FINAL_TEST,1188,16866,16802,16865,16866,16929,16865,True
ETTh,FINAL_TEST,1189,16867,16803,16866,16867,16930,16866,True
ETTh,FINAL_TEST,1190,16868,16804,16867,16868,16931,16867,True
ETTh,FINAL_TEST,1191,16869,16805,16868,16869,16932,16868,True
ETTh,FINAL_TEST,1192,16870,16806,16869,16870,16933,16869,True
ETTh,FINAL_TEST,1193,16871,16807,16870,16871,16934,16870,True
ETTh,FINAL_TEST,1194,16872,16808,16871,16872,16935,16871,True
ETTh,FINAL_TEST,1195,16873,16809,16872,16873,16936,16872,True
ETTh,FINAL_TEST,1196,16874,16810,16873,16874,16937,16873,True
ETTh,FINAL_TEST,1197,16875,16811,16874,16875,16938,16874,True
ETTh,FINAL_TEST,1198,16876,16812,16875,16876,16939,16875,True
ETTh,FINAL_TEST,1199,16877,16813,16876,16877,16940,16876,True
ETTh,FINAL_TEST,1200,16878,16814,16877,16878,16941,16877,True
ETTh,FINAL_TEST,1201,16879,16815,16878,16879,16942,16878,True
ETTh,FINAL_TEST,1202,16880,16816,16879,16880,16943,16879,True
ETTh,FINAL_TEST,1203,16881,16817,16880,16881,16944,16880,True
ETTh,FINAL_TEST,1204,16882,16818,16881,16882,16945,16881,True
ETTh,FINAL_TEST,1205,16883,16819,16882,16883,16946,16882,True
ETTh,FINAL_TEST,1206,16884,16820,16883,16884,16947,16883,True
ETTh,FINAL_TEST,1207,16885,16821,16884,16885,16948,16884,True
ETTh,FINAL_TEST,1208,16886,16822,16885,16886,16949,16885,True
ETTh,FINAL_TEST,1209,16887,16823,16886,16887,16950,16886,True
ETTh,FINAL_TEST,1210,16888,16824,16887,16888,16951,16887,True
ETTh,FINAL_TEST,1211,16889,16825,16888,16889,16952,16888,True
ETTh,FINAL_TEST,1212,16890,16826,16889,16890,16953,16889,True
ETTh,FINAL_TEST,1213,16891,16827,16890,16891,16954,16890,True
ETTh,FINAL_TEST,1214,16892,16828,16891,16892,16955,16891,True
ETTh,FINAL_TEST,1215,16893,16829,16892,16893,16956,16892,True
ETTh,FINAL_TEST,1216,16894,16830,16893,16894,16957,16893,True
ETTh,FINAL_TEST,1217,16895,16831,16894,16895,16958,16894,True
ETTh,FINAL_TEST,1218,16896,16832,16895,16896,16959,16895,True
ETTh,FINAL_TEST,1219,16897,16833,16896,16897,16960,16896,True
ETTh,FINAL_TEST,1220,16898,16834,16897,16898,16961,16897,True
ETTh,FINAL_TEST,1221,16899,16835,16898,16899,16962,16898,True
ETTh,FINAL_TEST,1222,16900,16836,16899,16900,16963,16899,True
ETTh,FINAL_TEST,1223,16901,16837,16900,16901,16964,16900,True
ETTh,FINAL_TEST,1224,16902,16838,16901,16902,16965,16901,True
ETTh,FINAL_TEST,1225,16903,16839,16902,16903,16966,16902,True
ETTh,FINAL_TEST,1226,16904,16840,16903,16904,16967,16903,True
ETTh,FINAL_TEST,1227,16905,16841,16904,16905,16968,16904,True
ETTh,FINAL_TEST,1228,16906,16842,16905,16906,16969,16905,True
ETTh,FINAL_TEST,1229,16907,16843,16906,16907,16970,16906,True
ETTh,FINAL_TEST,1230,16908,16844,16907,16908,16971,16907,True
ETTh,FINAL_TEST,1231,16909,16845,16908,16909,16972,16908,True
ETTh,FINAL_TEST,1232,16910,16846,16909,16910,16973,16909,True
ETTh,FINAL_TEST,1233,16911,16847,16910,16911,16974,16910,True
ETTh,FINAL_TEST,1234,16912,16848,16911,16912,16975,16911,True
ETTh,FINAL_TEST,1235,16913,16849,16912,16913,16976,16912,True
ETTh,FINAL_TEST,1236,16914,16850,16913,16914,16977,16913,True
ETTh,FINAL_TEST,1237,16915,16851,16914,16915,16978,16914,True
ETTh,FINAL_TEST,1238,16916,16852,16915,16916,16979,16915,True
ETTh,FINAL_TEST,1239,16917,16853,16916,16917,16980,16916,True
ETTh,FINAL_TEST,1240,16918,16854,16917,16918,16981,16917,True
ETTh,FINAL_TEST,1241,16919,16855,16918,16919,16982,16918,True
ETTh,FINAL_TEST,1242,16920,16856,16919,16920,16983,16919,True
ETTh,FINAL_TEST,1243,16921,16857,16920,16921,16984,16920,True
ETTh,FINAL_TEST,1244,16922,16858,16921,16922,16985,16921,True
ETTh,FINAL_TEST,1245,16923,16859,16922,16923,16986,16922,True
ETTh,FINAL_TEST,1246,16924,16860,16923,16924,16987,16923,True
ETTh,FINAL_TEST,1247,16925,16861,16924,16925,16988,16924,True
ETTh,FINAL_TEST,1248,16926,16862,16925,16926,16989,16925,True
ETTh,FINAL_TEST,1249,16927,16863,16926,16927,16990,16926,True
ETTh,FINAL_TEST,1250,16928,16864,16927,16928,16991,16927,True
ETTh,FINAL_TEST,1251,16929,16865,16928,16929,16992,16928,True
ETTh,FINAL_TEST,1252,16930,16866,16929,16930,16993,16929,True
ETTh,FINAL_TEST,1253,16931,16867,16930,16931,16994,16930,True
ETTh,FINAL_TEST,1254,16932,16868,16931,16932,16995,16931,True
ETTh,FINAL_TEST,1255,16933,16869,16932,16933,16996,16932,True
ETTh,FINAL_TEST,1256,16934,16870,16933,16934,16997,16933,True
ETTh,FINAL_TEST,1257,16935,16871,16934,16935,16998,16934,True
ETTh,FINAL_TEST,1258,16936,16872,16935,16936,16999,16935,True
ETTh,FINAL_TEST,1259,16937,16873,16936,16937,17000,16936,True
ETTh,FINAL_TEST,1260,16938,16874,16937,16938,17001,16937,True
ETTh,FINAL_TEST,1261,16939,16875,16938,16939,17002,16938,True
ETTh,FINAL_TEST,1262,16940,16876,16939,16940,17003,16939,True
ETTh,FINAL_TEST,1263,16941,16877,16940,16941,17004,16940,True
ETTh,FINAL_TEST,1264,16942,16878,16941,16942,17005,16941,True
ETTh,FINAL_TEST,1265,16943,16879,16942,16943,17006,16942,True
ETTh,FINAL_TEST,1266,16944,16880,16943,16944,17007,16943,True
ETTh,FINAL_TEST,1267,16945,16881,16944,16945,17008,16944,True
ETTh,FINAL_TEST,1268,16946,16882,16945,16946,17009,16945,True
ETTh,FINAL_TEST,1269,16947,16883,16946,16947,17010,16946,True
ETTh,FINAL_TEST,1270,16948,16884,16947,16948,17011,16947,True
ETTh,FINAL_TEST,1271,16949,16885,16948,16949,17012,16948,True
ETTh,FINAL_TEST,1272,16950,16886,16949,16950,17013,16949,True
ETTh,FINAL_TEST,1273,16951,16887,16950,16951,17014,16950,True
ETTh,FINAL_TEST,1274,16952,16888,16951,16952,17015,16951,True
ETTh,FINAL_TEST,1275,16953,16889,16952,16953,17016,16952,True
ETTh,FINAL_TEST,1276,16954,16890,16953,16954,17017,16953,True
ETTh,FINAL_TEST,1277,16955,16891,16954,16955,17018,16954,True
ETTh,FINAL_TEST,1278,16956,16892,16955,16956,17019,16955,True
ETTh,FINAL_TEST,1279,16957,16893,16956,16957,17020,16956,True
ETTh,FINAL_TEST,1280,16958,16894,16957,16958,17021,16957,True
ETTh,FINAL_TEST,1281,16959,16895,16958,16959,17022,16958,True
ETTh,FINAL_TEST,1282,16960,16896,16959,16960,17023,16959,True
ETTh,FINAL_TEST,1283,16961,16897,16960,16961,17024,16960,True
ETTh,FINAL_TEST,1284,16962,16898,16961,16962,17025,16961,True
ETTh,FINAL_TEST,1285,16963,16899,16962,16963,17026,16962,True
ETTh,FINAL_TEST,1286,16964,16900,16963,16964,17027,16963,True
ETTh,FINAL_TEST,1287,16965,16901,16964,16965,17028,16964,True
ETTh,FINAL_TEST,1288,16966,16902,16965,16966,17029,16965,True
ETTh,FINAL_TEST,1289,16967,16903,16966,16967,17030,16966,True
ETTh,FINAL_TEST,1290,16968,16904,16967,16968,17031,16967,True
ETTh,FINAL_TEST,1291,16969,16905,16968,16969,17032,16968,True
ETTh,FINAL_TEST,1292,16970,16906,16969,16970,17033,16969,True
ETTh,FINAL_TEST,1293,16971,16907,16970,16971,17034,16970,True
ETTh,FINAL_TEST,1294,16972,16908,16971,16972,17035,16971,True
ETTh,FINAL_TEST,1295,16973,16909,16972,16973,17036,16972,True
ETTh,FINAL_TEST,1296,16974,16910,16973,16974,17037,16973,True
ETTh,FINAL_TEST,1297,16975,16911,16974,16975,17038,16974,True
ETTh,FINAL_TEST,1298,16976,16912,16975,16976,17039,16975,True
ETTh,FINAL_TEST,1299,16977,16913,16976,16977,17040,16976,True
ETTh,FINAL_TEST,1300,16978,16914,16977,16978,17041,16977,True
ETTh,FINAL_TEST,1301,16979,16915,16978,16979,17042,16978,True
ETTh,FINAL_TEST,1302,16980,16916,16979,16980,17043,16979,True
ETTh,FINAL_TEST,1303,16981,16917,16980,16981,17044,16980,True
ETTh,FINAL_TEST,1304,16982,16918,16981,16982,17045,16981,True
ETTh,FINAL_TEST,1305,16983,16919,16982,16983,17046,16982,True
ETTh,FINAL_TEST,1306,16984,16920,16983,16984,17047,16983,True
ETTh,FINAL_TEST,1307,16985,16921,16984,16985,17048,16984,True
ETTh,FINAL_TEST,1308,16986,16922,16985,16986,17049,16985,True
ETTh,FINAL_TEST,1309,16987,16923,16986,16987,17050,16986,True
ETTh,FINAL_TEST,1310,16988,16924,16987,16988,17051,16987,True
ETTh,FINAL_TEST,1311,16989,16925,16988,16989,17052,16988,True
ETTh,FINAL_TEST,1312,16990,16926,16989,16990,17053,16989,True
ETTh,FINAL_TEST,1313,16991,16927,16990,16991,17054,16990,True
ETTh,FINAL_TEST,1314,16992,16928,16991,16992,17055,16991,True
ETTh,FINAL_TEST,1315,16993,16929,16992,16993,17056,16992,True
ETTh,FINAL_TEST,1316,16994,16930,16993,16994,17057,16993,True
ETTh,FINAL_TEST,1317,16995,16931,16994,16995,17058,16994,True
ETTh,FINAL_TEST,1318,16996,16932,16995,16996,17059,16995,True
ETTh,FINAL_TEST,1319,16997,16933,16996,16997,17060,16996,True
ETTh,FINAL_TEST,1320,16998,16934,16997,16998,17061,16997,True
ETTh,FINAL_TEST,1321,16999,16935,16998,16999,17062,16998,True
ETTh,FINAL_TEST,1322,17000,16936,16999,17000,17063,16999,True
ETTh,FINAL_TEST,1323,17001,16937,17000,17001,17064,17000,True
ETTh,FINAL_TEST,1324,17002,16938,17001,17002,17065,17001,True
ETTh,FINAL_TEST,1325,17003,16939,17002,17003,17066,17002,True
ETTh,FINAL_TEST,1326,17004,16940,17003,17004,17067,17003,True
ETTh,FINAL_TEST,1327,17005,16941,17004,17005,17068,17004,True
ETTh,FINAL_TEST,1328,17006,16942,17005,17006,17069,17005,True
ETTh,FINAL_TEST,1329,17007,16943,17006,17007,17070,17006,True
ETTh,FINAL_TEST,1330,17008,16944,17007,17008,17071,17007,True
ETTh,FINAL_TEST,1331,17009,16945,17008,17009,17072,17008,True
ETTh,FINAL_TEST,1332,17010,16946,17009,17010,17073,17009,True
ETTh,FINAL_TEST,1333,17011,16947,17010,17011,17074,17010,True
ETTh,FINAL_TEST,1334,17012,16948,17011,17012,17075,17011,True
ETTh,FINAL_TEST,1335,17013,16949,17012,17013,17076,17012,True
ETTh,FINAL_TEST,1336,17014,16950,17013,17014,17077,17013,True
ETTh,FINAL_TEST,1337,17015,16951,17014,17015,17078,17014,True
ETTh,FINAL_TEST,1338,17016,16952,17015,17016,17079,17015,True
ETTh,FINAL_TEST,1339,17017,16953,17016,17017,17080,17016,True
ETTh,FINAL_TEST,1340,17018,16954,17017,17018,17081,17017,True
ETTh,FINAL_TEST,1341,17019,16955,17018,17019,17082,17018,True
ETTh,FINAL_TEST,1342,17020,16956,17019,17020,17083,17019,True
ETTh,FINAL_TEST,1343,17021,16957,17020,17021,17084,17020,True
ETTh,FINAL_TEST,1344,17022,16958,17021,17022,17085,17021,True
ETTh,FINAL_TEST,1345,17023,16959,17022,17023,17086,17022,True
ETTh,FINAL_TEST,1346,17024,16960,17023,17024,17087,17023,True
ETTh,FINAL_TEST,1347,17025,16961,17024,17025,17088,17024,True
ETTh,FINAL_TEST,1348,17026,16962,17025,17026,17089,17025,True
ETTh,FINAL_TEST,1349,17027,16963,17026,17027,17090,17026,True
ETTh,FINAL_TEST,1350,17028,16964,17027,17028,17091,17027,True
ETTh,FINAL_TEST,1351,17029,16965,17028,17029,17092,17028,True
ETTh,FINAL_TEST,1352,17030,16966,17029,17030,17093,17029,True
ETTh,FINAL_TEST,1353,17031,16967,17030,17031,17094,17030,True
ETTh,FINAL_TEST,1354,17032,16968,17031,17032,17095,17031,True
ETTh,FINAL_TEST,1355,17033,16969,17032,17033,17096,17032,True
ETTh,FINAL_TEST,1356,17034,16970,17033,17034,17097,17033,True
ETTh,FINAL_TEST,1357,17035,16971,17034,17035,17098,17034,True
ETTh,FINAL_TEST,1358,17036,16972,17035,17036,17099,17035,True
ETTh,FINAL_TEST,1359,17037,16973,17036,17037,17100,17036,True
ETTh,FINAL_TEST,1360,17038,16974,17037,17038,17101,17037,True
ETTh,FINAL_TEST,1361,17039,16975,17038,17039,17102,17038,True
ETTh,FINAL_TEST,1362,17040,16976,17039,17040,17103,17039,True
ETTh,FINAL_TEST,1363,17041,16977,17040,17041,17104,17040,True
ETTh,FINAL_TEST,1364,17042,16978,17041,17042,17105,17041,True
ETTh,FINAL_TEST,1365,17043,16979,17042,17043,17106,17042,True
ETTh,FINAL_TEST,1366,17044,16980,17043,17044,17107,17043,True
ETTh,FINAL_TEST,1367,17045,16981,17044,17045,17108,17044,True
ETTh,FINAL_TEST,1368,17046,16982,17045,17046,17109,17045,True
ETTh,FINAL_TEST,1369,17047,16983,17046,17047,17110,17046,True
ETTh,FINAL_TEST,1370,17048,16984,17047,17048,17111,17047,True
ETTh,FINAL_TEST,1371,17049,16985,17048,17049,17112,17048,True
ETTh,FINAL_TEST,1372,17050,16986,17049,17050,17113,17049,True
ETTh,FINAL_TEST,1373,17051,16987,17050,17051,17114,17050,True
ETTh,FINAL_TEST,1374,17052,16988,17051,17052,17115,17051,True
ETTh,FINAL_TEST,1375,17053,16989,17052,17053,17116,17052,True
ETTh,FINAL_TEST,1376,17054,16990,17053,17054,17117,17053,True
ETTh,FINAL_TEST,1377,17055,16991,17054,17055,17118,17054,True
ETTh,FINAL_TEST,1378,17056,16992,17055,17056,17119,17055,True
ETTh,FINAL_TEST,1379,17057,16993,17056,17057,17120,17056,True
ETTh,FINAL_TEST,1380,17058,16994,17057,17058,17121,17057,True
ETTh,FINAL_TEST,1381,17059,16995,17058,17059,17122,17058,True
ETTh,FINAL_TEST,1382,17060,16996,17059,17060,17123,17059,True
ETTh,FINAL_TEST,1383,17061,16997,17060,17061,17124,17060,True
ETTh,FINAL_TEST,1384,17062,16998,17061,17062,17125,17061,True
ETTh,FINAL_TEST,1385,17063,16999,17062,17063,17126,17062,True
ETTh,FINAL_TEST,1386,17064,17000,17063,17064,17127,17063,True
ETTh,FINAL_TEST,1387,17065,17001,17064,17065,17128,17064,True
ETTh,FINAL_TEST,1388,17066,17002,17065,17066,17129,17065,True
ETTh,FINAL_TEST,1389,17067,17003,17066,17067,17130,17066,True
ETTh,FINAL_TEST,1390,17068,17004,17067,17068,17131,17067,True
ETTh,FINAL_TEST,1391,17069,17005,17068,17069,17132,17068,True
ETTh,FINAL_TEST,1392,17070,17006,17069,17070,17133,17069,True
ETTh,FINAL_TEST,1393,17071,17007,17070,17071,17134,17070,True
ETTh,FINAL_TEST,1394,17072,17008,17071,17072,17135,17071,True
ETTh,FINAL_TEST,1395,17073,17009,17072,17073,17136,17072,True
ETTh,FINAL_TEST,1396,17074,17010,17073,17074,17137,17073,True
ETTh,FINAL_TEST,1397,17075,17011,17074,17075,17138,17074,True
ETTh,FINAL_TEST,1398,17076,17012,17075,17076,17139,17075,True
ETTh,FINAL_TEST,1399,17077,17013,17076,17077,17140,17076,True
ETTh,FINAL_TEST,1400,17078,17014,17077,17078,17141,17077,True
ETTh,FINAL_TEST,1401,17079,17015,17078,17079,17142,17078,True
ETTh,FINAL_TEST,1402,17080,17016,17079,17080,17143,17079,True
ETTh,FINAL_TEST,1403,17081,17017,17080,17081,17144,17080,True
ETTh,FINAL_TEST,1404,17082,17018,17081,17082,17145,17081,True
ETTh,FINAL_TEST,1405,17083,17019,17082,17083,17146,17082,True
ETTh,FINAL_TEST,1406,17084,17020,17083,17084,17147,17083,True
ETTh,FINAL_TEST,1407,17085,17021,17084,17085,17148,17084,True
ETTh,FINAL_TEST,1408,17086,17022,17085,17086,17149,17085,True
ETTh,FINAL_TEST,1409,17087,17023,17086,17087,17150,17086,True
ETTh,FINAL_TEST,1410,17088,17024,17087,17088,17151,17087,True
ETTh,FINAL_TEST,1411,17089,17025,17088,17089,17152,17088,True
ETTh,FINAL_TEST,1412,17090,17026,17089,17090,17153,17089,True
ETTh,FINAL_TEST,1413,17091,17027,17090,17091,17154,17090,True
ETTh,FINAL_TEST,1414,17092,17028,17091,17092,17155,17091,True
ETTh,FINAL_TEST,1415,17093,17029,17092,17093,17156,17092,True
ETTh,FINAL_TEST,1416,17094,17030,17093,17094,17157,17093,True
ETTh,FINAL_TEST,1417,17095,17031,17094,17095,17158,17094,True
ETTh,FINAL_TEST,1418,17096,17032,17095,17096,17159,17095,True
ETTh,FINAL_TEST,1419,17097,17033,17096,17097,17160,17096,True
ETTh,FINAL_TEST,1420,17098,17034,17097,17098,17161,17097,True
ETTh,FINAL_TEST,1421,17099,17035,17098,17099,17162,17098,True
ETTh,FINAL_TEST,1422,17100,17036,17099,17100,17163,17099,True
ETTh,FINAL_TEST,1423,17101,17037,17100,17101,17164,17100,True
ETTh,FINAL_TEST,1424,17102,17038,17101,17102,17165,17101,True
ETTh,FINAL_TEST,1425,17103,17039,17102,17103,17166,17102,True
ETTh,FINAL_TEST,1426,17104,17040,17103,17104,17167,17103,True
ETTh,FINAL_TEST,1427,17105,17041,17104,17105,17168,17104,True
ETTh,FINAL_TEST,1428,17106,17042,17105,17106,17169,17105,True
ETTh,FINAL_TEST,1429,17107,17043,17106,17107,17170,17106,True
ETTh,FINAL_TEST,1430,17108,17044,17107,17108,17171,17107,True
ETTh,FINAL_TEST,1431,17109,17045,17108,17109,17172,17108,True
ETTh,FINAL_TEST,1432,17110,17046,17109,17110,17173,17109,True
ETTh,FINAL_TEST,1433,17111,17047,17110,17111,17174,17110,True
ETTh,FINAL_TEST,1434,17112,17048,17111,17112,17175,17111,True
ETTh,FINAL_TEST,1435,17113,17049,17112,17113,17176,17112,True
ETTh,FINAL_TEST,1436,17114,17050,17113,17114,17177,17113,True
ETTh,FINAL_TEST,1437,17115,17051,17114,17115,17178,17114,True
ETTh,FINAL_TEST,1438,17116,17052,17115,17116,17179,17115,True
ETTh,FINAL_TEST,1439,17117,17053,17116,17117,17180,17116,True
ETTh,FINAL_TEST,1440,17118,17054,17117,17118,17181,17117,True
ETTh,FINAL_TEST,1441,17119,17055,17118,17119,17182,17118,True
ETTh,FINAL_TEST,1442,17120,17056,17119,17120,17183,17119,True
ETTh,FINAL_TEST,1443,17121,17057,17120,17121,17184,17120,True
ETTh,FINAL_TEST,1444,17122,17058,17121,17122,17185,17121,True
ETTh,FINAL_TEST,1445,17123,17059,17122,17123,17186,17122,True
ETTh,FINAL_TEST,1446,17124,17060,17123,17124,17187,17123,True
ETTh,FINAL_TEST,1447,17125,17061,17124,17125,17188,17124,True
ETTh,FINAL_TEST,1448,17126,17062,17125,17126,17189,17125,True
ETTh,FINAL_TEST,1449,17127,17063,17126,17127,17190,17126,True
ETTh,FINAL_TEST,1450,17128,17064,17127,17128,17191,17127,True
ETTh,FINAL_TEST,1451,17129,17065,17128,17129,17192,17128,True
ETTh,FINAL_TEST,1452,17130,17066,17129,17130,17193,17129,True
ETTh,FINAL_TEST,1453,17131,17067,17130,17131,17194,17130,True
ETTh,FINAL_TEST,1454,17132,17068,17131,17132,17195,17131,True
ETTh,FINAL_TEST,1455,17133,17069,17132,17133,17196,17132,True
ETTh,FINAL_TEST,1456,17134,17070,17133,17134,17197,17133,True
ETTh,FINAL_TEST,1457,17135,17071,17134,17135,17198,17134,True
ETTh,FINAL_TEST,1458,17136,17072,17135,17136,17199,17135,True
ETTh,FINAL_TEST,1459,17137,17073,17136,17137,17200,17136,True
ETTh,FINAL_TEST,1460,17138,17074,17137,17138,17201,17137,True
ETTh,FINAL_TEST,1461,17139,17075,17138,17139,17202,17138,True
ETTh,FINAL_TEST,1462,17140,17076,17139,17140,17203,17139,True
ETTh,FINAL_TEST,1463,17141,17077,17140,17141,17204,17140,True
ETTh,FINAL_TEST,1464,17142,17078,17141,17142,17205,17141,True
ETTh,FINAL_TEST,1465,17143,17079,17142,17143,17206,17142,True
ETTh,FINAL_TEST,1466,17144,17080,17143,17144,17207,17143,True
ETTh,FINAL_TEST,1467,17145,17081,17144,17145,17208,17144,True
ETTh,FINAL_TEST,1468,17146,17082,17145,17146,17209,17145,True
ETTh,FINAL_TEST,1469,17147,17083,17146,17147,17210,17146,True
ETTh,FINAL_TEST,1470,17148,17084,17147,17148,17211,17147,True
ETTh,FINAL_TEST,1471,17149,17085,17148,17149,17212,17148,True
ETTh,FINAL_TEST,1472,17150,17086,17149,17150,17213,17149,True
ETTh,FINAL_TEST,1473,17151,17087,17150,17151,17214,17150,True
ETTh,FINAL_TEST,1474,17152,17088,17151,17152,17215,17151,True
ETTh,FINAL_TEST,1475,17153,17089,17152,17153,17216,17152,True
ETTh,FINAL_TEST,1476,17154,17090,17153,17154,17217,17153,True
ETTh,FINAL_TEST,1477,17155,17091,17154,17155,17218,17154,True
ETTh,FINAL_TEST,1478,17156,17092,17155,17156,17219,17155,True
ETTh,FINAL_TEST,1479,17157,17093,17156,17157,17220,17156,True
ETTh,FINAL_TEST,1480,17158,17094,17157,17158,17221,17157,True
ETTh,FINAL_TEST,1481,17159,17095,17158,17159,17222,17158,True
ETTh,FINAL_TEST,1482,17160,17096,17159,17160,17223,17159,True
ETTh,FINAL_TEST,1483,17161,17097,17160,17161,17224,17160,True
ETTh,FINAL_TEST,1484,17162,17098,17161,17162,17225,17161,True
ETTh,FINAL_TEST,1485,17163,17099,17162,17163,17226,17162,True
ETTh,FINAL_TEST,1486,17164,17100,17163,17164,17227,17163,True
ETTh,FINAL_TEST,1487,17165,17101,17164,17165,17228,17164,True
ETTh,FINAL_TEST,1488,17166,17102,17165,17166,17229,17165,True
ETTh,FINAL_TEST,1489,17167,17103,17166,17167,17230,17166,True
ETTh,FINAL_TEST,1490,17168,17104,17167,17168,17231,17167,True
ETTh,FINAL_TEST,1491,17169,17105,17168,17169,17232,17168,True
ETTh,FINAL_TEST,1492,17170,17106,17169,17170,17233,17169,True
ETTh,FINAL_TEST,1493,17171,17107,17170,17171,17234,17170,True
ETTh,FINAL_TEST,1494,17172,17108,17171,17172,17235,17171,True
ETTh,FINAL_TEST,1495,17173,17109,17172,17173,17236,17172,True
ETTh,FINAL_TEST,1496,17174,17110,17173,17174,17237,17173,True
ETTh,FINAL_TEST,1497,17175,17111,17174,17175,17238,17174,True
ETTh,FINAL_TEST,1498,17176,17112,17175,17176,17239,17175,True
ETTh,FINAL_TEST,1499,17177,17113,17176,17177,17240,17176,True
ETTh,FINAL_TEST,1500,17178,17114,17177,17178,17241,17177,True
ETTh,FINAL_TEST,1501,17179,17115,17178,17179,17242,17178,True
ETTh,FINAL_TEST,1502,17180,17116,17179,17180,17243,17179,True
ETTh,FINAL_TEST,1503,17181,17117,17180,17181,17244,17180,True
ETTh,FINAL_TEST,1504,17182,17118,17181,17182,17245,17181,True
ETTh,FINAL_TEST,1505,17183,17119,17182,17183,17246,17182,True
ETTh,FINAL_TEST,1506,17184,17120,17183,17184,17247,17183,True
ETTh,FINAL_TEST,1507,17185,17121,17184,17185,17248,17184,True
ETTh,FINAL_TEST,1508,17186,17122,17185,17186,17249,17185,True
ETTh,FINAL_TEST,1509,17187,17123,17186,17187,17250,17186,True
ETTh,FINAL_TEST,1510,17188,17124,17187,17188,17251,17187,True
ETTh,FINAL_TEST,1511,17189,17125,17188,17189,17252,17188,True
ETTh,FINAL_TEST,1512,17190,17126,17189,17190,17253,17189,True
ETTh,FINAL_TEST,1513,17191,17127,17190,17191,17254,17190,True
ETTh,FINAL_TEST,1514,17192,17128,17191,17192,17255,17191,True
ETTh,FINAL_TEST,1515,17193,17129,17192,17193,17256,17192,True
ETTh,FINAL_TEST,1516,17194,17130,17193,17194,17257,17193,True
ETTh,FINAL_TEST,1517,17195,17131,17194,17195,17258,17194,True
ETTh,FINAL_TEST,1518,17196,17132,17195,17196,17259,17195,True
ETTh,FINAL_TEST,1519,17197,17133,17196,17197,17260,17196,True
ETTh,FINAL_TEST,1520,17198,17134,17197,17198,17261,17197,True
ETTh,FINAL_TEST,1521,17199,17135,17198,17199,17262,17198,True
ETTh,FINAL_TEST,1522,17200,17136,17199,17200,17263,17199,True
ETTh,FINAL_TEST,1523,17201,17137,17200,17201,17264,17200,True
ETTh,FINAL_TEST,1524,17202,17138,17201,17202,17265,17201,True
ETTh,FINAL_TEST,1525,17203,17139,17202,17203,17266,17202,True
ETTh,FINAL_TEST,1526,17204,17140,17203,17204,17267,17203,True
ETTh,FINAL_TEST,1527,17205,17141,17204,17205,17268,17204,True
ETTh,FINAL_TEST,1528,17206,17142,17205,17206,17269,17205,True
ETTh,FINAL_TEST,1529,17207,17143,17206,17207,17270,17206,True
ETTh,FINAL_TEST,1530,17208,17144,17207,17208,17271,17207,True
ETTh,FINAL_TEST,1531,17209,17145,17208,17209,17272,17208,True
ETTh,FINAL_TEST,1532,17210,17146,17209,17210,17273,17209,True
ETTh,FINAL_TEST,1533,17211,17147,17210,17211,17274,17210,True
ETTh,FINAL_TEST,1534,17212,17148,17211,17212,17275,17211,True
ETTh,FINAL_TEST,1535,17213,17149,17212,17213,17276,17212,True
ETTh,FINAL_TEST,1536,17214,17150,17213,17214,17277,17213,True
ETTh,FINAL_TEST,1537,17215,17151,17214,17215,17278,17214,True
ETTh,FINAL_TEST,1538,17216,17152,17215,17216,17279,17215,True
ETTh,FINAL_TEST,1539,17217,17153,17216,17217,17280,17216,True
ETTh,FINAL_TEST,1540,17218,17154,17217,17218,17281,17217,True
ETTh,FINAL_TEST,1541,17219,17155,17218,17219,17282,17218,True
ETTh,FINAL_TEST,1542,17220,17156,17219,17220,17283,17219,True
ETTh,FINAL_TEST,1543,17221,17157,17220,17221,17284,17220,True
ETTh,FINAL_TEST,1544,17222,17158,17221,17222,17285,17221,True
ETTh,FINAL_TEST,1545,17223,17159,17222,17223,17286,17222,True
ETTh,FINAL_TEST,1546,17224,17160,17223,17224,17287,17223,True
ETTh,FINAL_TEST,1547,17225,17161,17224,17225,17288,17224,True
ETTh,FINAL_TEST,1548,17226,17162,17225,17226,17289,17225,True
ETTh,FINAL_TEST,1549,17227,17163,17226,17227,17290,17226,True
ETTh,FINAL_TEST,1550,17228,17164,17227,17228,17291,17227,True
ETTh,FINAL_TEST,1551,17229,17165,17228,17229,17292,17228,True
ETTh,FINAL_TEST,1552,17230,17166,17229,17230,17293,17229,True
ETTh,FINAL_TEST,1553,17231,17167,17230,17231,17294,17230,True
ETTh,FINAL_TEST,1554,17232,17168,17231,17232,17295,17231,True
ETTh,FINAL_TEST,1555,17233,17169,17232,17233,17296,17232,True
ETTh,FINAL_TEST,1556,17234,17170,17233,17234,17297,17233,True
ETTh,FINAL_TEST,1557,17235,17171,17234,17235,17298,17234,True
ETTh,FINAL_TEST,1558,17236,17172,17235,17236,17299,17235,True
ETTh,FINAL_TEST,1559,17237,17173,17236,17237,17300,17236,True
ETTh,FINAL_TEST,1560,17238,17174,17237,17238,17301,17237,True
ETTh,FINAL_TEST,1561,17239,17175,17238,17239,17302,17238,True
ETTh,FINAL_TEST,1562,17240,17176,17239,17240,17303,17239,True
ETTh,FINAL_TEST,1563,17241,17177,17240,17241,17304,17240,True
ETTh,FINAL_TEST,1564,17242,17178,17241,17242,17305,17241,True
ETTh,FINAL_TEST,1565,17243,17179,17242,17243,17306,17242,True
ETTh,FINAL_TEST,1566,17244,17180,17243,17244,17307,17243,True
ETTh,FINAL_TEST,1567,17245,17181,17244,17245,17308,17244,True
ETTh,FINAL_TEST,1568,17246,17182,17245,17246,17309,17245,True
ETTh,FINAL_TEST,1569,17247,17183,17246,17247,17310,17246,True
ETTh,FINAL_TEST,1570,17248,17184,17247,17248,17311,17247,True
ETTh,FINAL_TEST,1571,17249,17185,17248,17249,17312,17248,True
ETTh,FINAL_TEST,1572,17250,17186,17249,17250,17313,17249,True
ETTh,FINAL_TEST,1573,17251,17187,17250,17251,17314,17250,True
ETTh,FINAL_TEST,1574,17252,17188,17251,17252,17315,17251,True
ETTh,FINAL_TEST,1575,17253,17189,17252,17253,17316,17252,True
ETTh,FINAL_TEST,1576,17254,17190,17253,17254,17317,17253,True
ETTh,FINAL_TEST,1577,17255,17191,17254,17255,17318,17254,True
ETTh,FINAL_TEST,1578,17256,17192,17255,17256,17319,17255,True
ETTh,FINAL_TEST,1579,17257,17193,17256,17257,17320,17256,True
ETTh,FINAL_TEST,1580,17258,17194,17257,17258,17321,17257,True
ETTh,FINAL_TEST,1581,17259,17195,17258,17259,17322,17258,True
ETTh,FINAL_TEST,1582,17260,17196,17259,17260,17323,17259,True
ETTh,FINAL_TEST,1583,17261,17197,17260,17261,17324,17260,True
ETTh,FINAL_TEST,1584,17262,17198,17261,17262,17325,17261,True
ETTh,FINAL_TEST,1585,17263,17199,17262,17263,17326,17262,True
ETTh,FINAL_TEST,1586,17264,17200,17263,17264,17327,17263,True
ETTh,FINAL_TEST,1587,17265,17201,17264,17265,17328,17264,True
ETTh,FINAL_TEST,1588,17266,17202,17265,17266,17329,17265,True
ETTh,FINAL_TEST,1589,17267,17203,17266,17267,17330,17266,True
ETTh,FINAL_TEST,1590,17268,17204,17267,17268,17331,17267,True
ETTh,FINAL_TEST,1591,17269,17205,17268,17269,17332,17268,True
ETTh,FINAL_TEST,1592,17270,17206,17269,17270,17333,17269,True
ETTh,FINAL_TEST,1593,17271,17207,17270,17271,17334,17270,True
ETTh,FINAL_TEST,1594,17272,17208,17271,17272,17335,17271,True
ETTh,FINAL_TEST,1595,17273,17209,17272,17273,17336,17272,True
ETTh,FINAL_TEST,1596,17274,17210,17273,17274,17337,17273,True
ETTh,FINAL_TEST,1597,17275,17211,17274,17275,17338,17274,True
ETTh,FINAL_TEST,1598,17276,17212,17275,17276,17339,17275,True
ETTh,FINAL_TEST,1599,17277,17213,17276,17277,17340,17276,True
ETTh,FINAL_TEST,1600,17278,17214,17277,17278,17341,17277,True
ETTh,FINAL_TEST,1601,17279,17215,17278,17279,17342,17278,True
ETTh,FINAL_TEST,1602,17280,17216,17279,17280,17343,17279,True
ETTh,FINAL_TEST,1603,17281,17217,17280,17281,17344,17280,True
ETTh,FINAL_TEST,1604,17282,17218,17281,17282,17345,17281,True
ETTh,FINAL_TEST,1605,17283,17219,17282,17283,17346,17282,True
ETTh,FINAL_TEST,1606,17284,17220,17283,17284,17347,17283,True
ETTh,FINAL_TEST,1607,17285,17221,17284,17285,17348,17284,True
ETTh,FINAL_TEST,1608,17286,17222,17285,17286,17349,17285,True
ETTh,FINAL_TEST,1609,17287,17223,17286,17287,17350,17286,True
ETTh,FINAL_TEST,1610,17288,17224,17287,17288,17351,17287,True
ETTh,FINAL_TEST,1611,17289,17225,17288,17289,17352,17288,True
ETTh,FINAL_TEST,1612,17290,17226,17289,17290,17353,17289,True
ETTh,FINAL_TEST,1613,17291,17227,17290,17291,17354,17290,True
ETTh,FINAL_TEST,1614,17292,17228,17291,17292,17355,17291,True
ETTh,FINAL_TEST,1615,17293,17229,17292,17293,17356,17292,True
ETTh,FINAL_TEST,1616,17294,17230,17293,17294,17357,17293,True
ETTh,FINAL_TEST,1617,17295,17231,17294,17295,17358,17294,True
ETTh,FINAL_TEST,1618,17296,17232,17295,17296,17359,17295,True
ETTh,FINAL_TEST,1619,17297,17233,17296,17297,17360,17296,True
ETTh,FINAL_TEST,1620,17298,17234,17297,17298,17361,17297,True
ETTh,FINAL_TEST,1621,17299,17235,17298,17299,17362,17298,True
ETTh,FINAL_TEST,1622,17300,17236,17299,17300,17363,17299,True
ETTh,FINAL_TEST,1623,17301,17237,17300,17301,17364,17300,True
ETTh,FINAL_TEST,1624,17302,17238,17301,17302,17365,17301,True
ETTh,FINAL_TEST,1625,17303,17239,17302,17303,17366,17302,True
ETTh,FINAL_TEST,1626,17304,17240,17303,17304,17367,17303,True
ETTh,FINAL_TEST,1627,17305,17241,17304,17305,17368,17304,True
ETTh,FINAL_TEST,1628,17306,17242,17305,17306,17369,17305,True
ETTh,FINAL_TEST,1629,17307,17243,17306,17307,17370,17306,True
ETTh,FINAL_TEST,1630,17308,17244,17307,17308,17371,17307,True
ETTh,FINAL_TEST,1631,17309,17245,17308,17309,17372,17308,True
ETTh,FINAL_TEST,1632,17310,17246,17309,17310,17373,17309,True
ETTh,FINAL_TEST,1633,17311,17247,17310,17311,17374,17310,True
ETTh,FINAL_TEST,1634,17312,17248,17311,17312,17375,17311,True
ETTh,FINAL_TEST,1635,17313,17249,17312,17313,17376,17312,True
ETTh,FINAL_TEST,1636,17314,17250,17313,17314,17377,17313,True
ETTh,FINAL_TEST,1637,17315,17251,17314,17315,17378,17314,True
ETTh,FINAL_TEST,1638,17316,17252,17315,17316,17379,17315,True
ETTh,FINAL_TEST,1639,17317,17253,17316,17317,17380,17316,True
ETTh,FINAL_TEST,1640,17318,17254,17317,17318,17381,17317,True
ETTh,FINAL_TEST,1641,17319,17255,17318,17319,17382,17318,True
ETTh,FINAL_TEST,1642,17320,17256,17319,17320,17383,17319,True
ETTh,FINAL_TEST,1643,17321,17257,17320,17321,17384,17320,True
ETTh,FINAL_TEST,1644,17322,17258,17321,17322,17385,17321,True
ETTh,FINAL_TEST,1645,17323,17259,17322,17323,17386,17322,True
ETTh,FINAL_TEST,1646,17324,17260,17323,17324,17387,17323,True
ETTh,FINAL_TEST,1647,17325,17261,17324,17325,17388,17324,True
ETTh,FINAL_TEST,1648,17326,17262,17325,17326,17389,17325,True
ETTh,FINAL_TEST,1649,17327,17263,17326,17327,17390,17326,True
ETTh,FINAL_TEST,1650,17328,17264,17327,17328,17391,17327,True
ETTh,FINAL_TEST,1651,17329,17265,17328,17329,17392,17328,True
ETTh,FINAL_TEST,1652,17330,17266,17329,17330,17393,17329,True
ETTh,FINAL_TEST,1653,17331,17267,17330,17331,17394,17330,True
ETTh,FINAL_TEST,1654,17332,17268,17331,17332,17395,17331,True
ETTh,FINAL_TEST,1655,17333,17269,17332,17333,17396,17332,True
ETTh,FINAL_TEST,1656,17334,17270,17333,17334,17397,17333,True
ETTh,FINAL_TEST,1657,17335,17271,17334,17335,17398,17334,True
ETTh,FINAL_TEST,1658,17336,17272,17335,17336,17399,17335,True
ETTh,FINAL_TEST,1659,17337,17273,17336,17337,17400,17336,True
ETTh,FINAL_TEST,1660,17338,17274,17337,17338,17401,17337,True
ETTh,FINAL_TEST,1661,17339,17275,17338,17339,17402,17338,True
ETTh,FINAL_TEST,1662,17340,17276,17339,17340,17403,17339,True
ETTh,FINAL_TEST,1663,17341,17277,17340,17341,17404,17340,True
ETTh,FINAL_TEST,1664,17342,17278,17341,17342,17405,17341,True
ETTh,FINAL_TEST,1665,17343,17279,17342,17343,17406,17342,True
ETTh,FINAL_TEST,1666,17344,17280,17343,17344,17407,17343,True
ETTh,FINAL_TEST,1667,17345,17281,17344,17345,17408,17344,True
ETTh,FINAL_TEST,1668,17346,17282,17345,17346,17409,17345,True
ETTh,FINAL_TEST,1669,17347,17283,17346,17347,17410,17346,True
ETTh,FINAL_TEST,1670,17348,17284,17347,17348,17411,17347,True
ETTh,FINAL_TEST,1671,17349,17285,17348,17349,17412,17348,True
ETTh,FINAL_TEST,1672,17350,17286,17349,17350,17413,17349,True
ETTh,FINAL_TEST,1673,17351,17287,17350,17351,17414,17350,True
ETTh,FINAL_TEST,1674,17352,17288,17351,17352,17415,17351,True
ETTh,FINAL_TEST,1675,17353,17289,17352,17353,17416,17352,True
ETTh,FINAL_TEST,1676,17354,17290,17353,17354,17417,17353,True
ETTh,FINAL_TEST,1677,17355,17291,17354,17355,17418,17354,True
ETTh,FINAL_TEST,1678,17356,17292,17355,17356,17419,17355,True
Energy,DEV_VAL,0,15788,15724,15787,15788,15851,15787,True
Energy,DEV_VAL,1,15789,15725,15788,15789,15852,15788,True
Energy,DEV_VAL,2,15790,15726,15789,15790,15853,15789,True
Energy,DEV_VAL,3,15791,15727,15790,15791,15854,15790,True
Energy,DEV_VAL,4,15792,15728,15791,15792,15855,15791,True
Energy,DEV_VAL,5,15793,15729,15792,15793,15856,15792,True
Energy,DEV_VAL,6,15794,15730,15793,15794,15857,15793,True
Energy,DEV_VAL,7,15795,15731,15794,15795,15858,15794,True
Energy,DEV_VAL,8,15796,15732,15795,15796,15859,15795,True
Energy,DEV_VAL,9,15797,15733,15796,15797,15860,15796,True
Energy,DEV_VAL,10,15798,15734,15797,15798,15861,15797,True
Energy,DEV_VAL,11,15799,15735,15798,15799,15862,15798,True
Energy,DEV_VAL,12,15800,15736,15799,15800,15863,15799,True
Energy,DEV_VAL,13,15801,15737,15800,15801,15864,15800,True
Energy,DEV_VAL,14,15802,15738,15801,15802,15865,15801,True
Energy,DEV_VAL,15,15803,15739,15802,15803,15866,15802,True
Energy,DEV_VAL,16,15804,15740,15803,15804,15867,15803,True
Energy,DEV_VAL,17,15805,15741,15804,15805,15868,15804,True
Energy,DEV_VAL,18,15806,15742,15805,15806,15869,15805,True
Energy,DEV_VAL,19,15807,15743,15806,15807,15870,15806,True
Energy,DEV_VAL,20,15808,15744,15807,15808,15871,15807,True
Energy,DEV_VAL,21,15809,15745,15808,15809,15872,15808,True
Energy,DEV_VAL,22,15810,15746,15809,15810,15873,15809,True
Energy,DEV_VAL,23,15811,15747,15810,15811,15874,15810,True
Energy,DEV_VAL,24,15812,15748,15811,15812,15875,15811,True
Energy,DEV_VAL,25,15813,15749,15812,15813,15876,15812,True
Energy,DEV_VAL,26,15814,15750,15813,15814,15877,15813,True
Energy,DEV_VAL,27,15815,15751,15814,15815,15878,15814,True
Energy,DEV_VAL,28,15816,15752,15815,15816,15879,15815,True
Energy,DEV_VAL,29,15817,15753,15816,15817,15880,15816,True
Energy,DEV_VAL,30,15818,15754,15817,15818,15881,15817,True
Energy,DEV_VAL,31,15819,15755,15818,15819,15882,15818,True
Energy,DEV_VAL,32,15820,15756,15819,15820,15883,15819,True
Energy,DEV_VAL,33,15821,15757,15820,15821,15884,15820,True
Energy,DEV_VAL,34,15822,15758,15821,15822,15885,15821,True
Energy,DEV_VAL,35,15823,15759,15822,15823,15886,15822,True
Energy,DEV_VAL,36,15824,15760,15823,15824,15887,15823,True
Energy,DEV_VAL,37,15825,15761,15824,15825,15888,15824,True
Energy,DEV_VAL,38,15826,15762,15825,15826,15889,15825,True
Energy,DEV_VAL,39,15827,15763,15826,15827,15890,15826,True
Energy,DEV_VAL,40,15828,15764,15827,15828,15891,15827,True
Energy,DEV_VAL,41,15829,15765,15828,15829,15892,15828,True
Energy,DEV_VAL,42,15830,15766,15829,15830,15893,15829,True
Energy,DEV_VAL,43,15831,15767,15830,15831,15894,15830,True
Energy,DEV_VAL,44,15832,15768,15831,15832,15895,15831,True
Energy,DEV_VAL,45,15833,15769,15832,15833,15896,15832,True
Energy,DEV_VAL,46,15834,15770,15833,15834,15897,15833,True
Energy,DEV_VAL,47,15835,15771,15834,15835,15898,15834,True
Energy,DEV_VAL,48,15836,15772,15835,15836,15899,15835,True
Energy,DEV_VAL,49,15837,15773,15836,15837,15900,15836,True
Energy,DEV_VAL,50,15838,15774,15837,15838,15901,15837,True
Energy,DEV_VAL,51,15839,15775,15838,15839,15902,15838,True
Energy,DEV_VAL,52,15840,15776,15839,15840,15903,15839,True
Energy,DEV_VAL,53,15841,15777,15840,15841,15904,15840,True
Energy,DEV_VAL,54,15842,15778,15841,15842,15905,15841,True
Energy,DEV_VAL,55,15843,15779,15842,15843,15906,15842,True
Energy,DEV_VAL,56,15844,15780,15843,15844,15907,15843,True
Energy,DEV_VAL,57,15845,15781,15844,15845,15908,15844,True
Energy,DEV_VAL,58,15846,15782,15845,15846,15909,15845,True
Energy,DEV_VAL,59,15847,15783,15846,15847,15910,15846,True
Energy,DEV_VAL,60,15848,15784,15847,15848,15911,15847,True
Energy,DEV_VAL,61,15849,15785,15848,15849,15912,15848,True
Energy,DEV_VAL,62,15850,15786,15849,15850,15913,15849,True
Energy,DEV_VAL,63,15851,15787,15850,15851,15914,15850,True
Energy,DEV_VAL,64,15852,15788,15851,15852,15915,15851,True
Energy,DEV_VAL,65,15853,15789,15852,15853,15916,15852,True
Energy,DEV_VAL,66,15854,15790,15853,15854,15917,15853,True
Energy,DEV_VAL,67,15855,15791,15854,15855,15918,15854,True
Energy,DEV_VAL,68,15856,15792,15855,15856,15919,15855,True
Energy,DEV_VAL,69,15857,15793,15856,15857,15920,15856,True
Energy,DEV_VAL,70,15858,15794,15857,15858,15921,15857,True
Energy,DEV_VAL,71,15859,15795,15858,15859,15922,15858,True
Energy,DEV_VAL,72,15860,15796,15859,15860,15923,15859,True
Energy,DEV_VAL,73,15861,15797,15860,15861,15924,15860,True
Energy,DEV_VAL,74,15862,15798,15861,15862,15925,15861,True
Energy,DEV_VAL,75,15863,15799,15862,15863,15926,15862,True
Energy,DEV_VAL,76,15864,15800,15863,15864,15927,15863,True
Energy,DEV_VAL,77,15865,15801,15864,15865,15928,15864,True
Energy,DEV_VAL,78,15866,15802,15865,15866,15929,15865,True
Energy,DEV_VAL,79,15867,15803,15866,15867,15930,15866,True
Energy,DEV_VAL,80,15868,15804,15867,15868,15931,15867,True
Energy,DEV_VAL,81,15869,15805,15868,15869,15932,15868,True
Energy,DEV_VAL,82,15870,15806,15869,15870,15933,15869,True
Energy,DEV_VAL,83,15871,15807,15870,15871,15934,15870,True
Energy,DEV_VAL,84,15872,15808,15871,15872,15935,15871,True
Energy,DEV_VAL,85,15873,15809,15872,15873,15936,15872,True
Energy,DEV_VAL,86,15874,15810,15873,15874,15937,15873,True
Energy,DEV_VAL,87,15875,15811,15874,15875,15938,15874,True
Energy,DEV_VAL,88,15876,15812,15875,15876,15939,15875,True
Energy,DEV_VAL,89,15877,15813,15876,15877,15940,15876,True
Energy,DEV_VAL,90,15878,15814,15877,15878,15941,15877,True
Energy,DEV_VAL,91,15879,15815,15878,15879,15942,15878,True
Energy,DEV_VAL,92,15880,15816,15879,15880,15943,15879,True
Energy,DEV_VAL,93,15881,15817,15880,15881,15944,15880,True
Energy,DEV_VAL,94,15882,15818,15881,15882,15945,15881,True
Energy,DEV_VAL,95,15883,15819,15882,15883,15946,15882,True
Energy,DEV_VAL,96,15884,15820,15883,15884,15947,15883,True
Energy,DEV_VAL,97,15885,15821,15884,15885,15948,15884,True
Energy,DEV_VAL,98,15886,15822,15885,15886,15949,15885,True
Energy,DEV_VAL,99,15887,15823,15886,15887,15950,15886,True
Energy,DEV_VAL,100,15888,15824,15887,15888,15951,15887,True
Energy,DEV_VAL,101,15889,15825,15888,15889,15952,15888,True
Energy,DEV_VAL,102,15890,15826,15889,15890,15953,15889,True
Energy,DEV_VAL,103,15891,15827,15890,15891,15954,15890,True
Energy,DEV_VAL,104,15892,15828,15891,15892,15955,15891,True
Energy,DEV_VAL,105,15893,15829,15892,15893,15956,15892,True
Energy,DEV_VAL,106,15894,15830,15893,15894,15957,15893,True
Energy,DEV_VAL,107,15895,15831,15894,15895,15958,15894,True
Energy,DEV_VAL,108,15896,15832,15895,15896,15959,15895,True
Energy,DEV_VAL,109,15897,15833,15896,15897,15960,15896,True
Energy,DEV_VAL,110,15898,15834,15897,15898,15961,15897,True
Energy,DEV_VAL,111,15899,15835,15898,15899,15962,15898,True
Energy,DEV_VAL,112,15900,15836,15899,15900,15963,15899,True
Energy,DEV_VAL,113,15901,15837,15900,15901,15964,15900,True
Energy,DEV_VAL,114,15902,15838,15901,15902,15965,15901,True
Energy,DEV_VAL,115,15903,15839,15902,15903,15966,15902,True
Energy,DEV_VAL,116,15904,15840,15903,15904,15967,15903,True
Energy,DEV_VAL,117,15905,15841,15904,15905,15968,15904,True
Energy,DEV_VAL,118,15906,15842,15905,15906,15969,15905,True
Energy,DEV_VAL,119,15907,15843,15906,15907,15970,15906,True
Energy,DEV_VAL,120,15908,15844,15907,15908,15971,15907,True
Energy,DEV_VAL,121,15909,15845,15908,15909,15972,15908,True
Energy,DEV_VAL,122,15910,15846,15909,15910,15973,15909,True
Energy,DEV_VAL,123,15911,15847,15910,15911,15974,15910,True
Energy,DEV_VAL,124,15912,15848,15911,15912,15975,15911,True
Energy,DEV_VAL,125,15913,15849,15912,15913,15976,15912,True
Energy,DEV_VAL,126,15914,15850,15913,15914,15977,15913,True
Energy,DEV_VAL,127,15915,15851,15914,15915,15978,15914,True
Energy,DEV_VAL,128,15916,15852,15915,15916,15979,15915,True
Energy,DEV_VAL,129,15917,15853,15916,15917,15980,15916,True
Energy,DEV_VAL,130,15918,15854,15917,15918,15981,15917,True
Energy,DEV_VAL,131,15919,15855,15918,15919,15982,15918,True
Energy,DEV_VAL,132,15920,15856,15919,15920,15983,15919,True
Energy,DEV_VAL,133,15921,15857,15920,15921,15984,15920,True
Energy,DEV_VAL,134,15922,15858,15921,15922,15985,15921,True
Energy,DEV_VAL,135,15923,15859,15922,15923,15986,15922,True
Energy,DEV_VAL,136,15924,15860,15923,15924,15987,15923,True
Energy,DEV_VAL,137,15925,15861,15924,15925,15988,15924,True
Energy,DEV_VAL,138,15926,15862,15925,15926,15989,15925,True
Energy,DEV_VAL,139,15927,15863,15926,15927,15990,15926,True
Energy,DEV_VAL,140,15928,15864,15927,15928,15991,15927,True
Energy,DEV_VAL,141,15929,15865,15928,15929,15992,15928,True
Energy,DEV_VAL,142,15930,15866,15929,15930,15993,15929,True
Energy,DEV_VAL,143,15931,15867,15930,15931,15994,15930,True
Energy,DEV_VAL,144,15932,15868,15931,15932,15995,15931,True
Energy,DEV_VAL,145,15933,15869,15932,15933,15996,15932,True
Energy,DEV_VAL,146,15934,15870,15933,15934,15997,15933,True
Energy,DEV_VAL,147,15935,15871,15934,15935,15998,15934,True
Energy,DEV_VAL,148,15936,15872,15935,15936,15999,15935,True
Energy,DEV_VAL,149,15937,15873,15936,15937,16000,15936,True
Energy,DEV_VAL,150,15938,15874,15937,15938,16001,15937,True
Energy,DEV_VAL,151,15939,15875,15938,15939,16002,15938,True
Energy,DEV_VAL,152,15940,15876,15939,15940,16003,15939,True
Energy,DEV_VAL,153,15941,15877,15940,15941,16004,15940,True
Energy,DEV_VAL,154,15942,15878,15941,15942,16005,15941,True
Energy,DEV_VAL,155,15943,15879,15942,15943,16006,15942,True
Energy,DEV_VAL,156,15944,15880,15943,15944,16007,15943,True
Energy,DEV_VAL,157,15945,15881,15944,15945,16008,15944,True
Energy,DEV_VAL,158,15946,15882,15945,15946,16009,15945,True
Energy,DEV_VAL,159,15947,15883,15946,15947,16010,15946,True
Energy,DEV_VAL,160,15948,15884,15947,15948,16011,15947,True
Energy,DEV_VAL,161,15949,15885,15948,15949,16012,15948,True
Energy,DEV_VAL,162,15950,15886,15949,15950,16013,15949,True
Energy,DEV_VAL,163,15951,15887,15950,15951,16014,15950,True
Energy,DEV_VAL,164,15952,15888,15951,15952,16015,15951,True
Energy,DEV_VAL,165,15953,15889,15952,15953,16016,15952,True
Energy,DEV_VAL,166,15954,15890,15953,15954,16017,15953,True
Energy,DEV_VAL,167,15955,15891,15954,15955,16018,15954,True
Energy,DEV_VAL,168,15956,15892,15955,15956,16019,15955,True
Energy,DEV_VAL,169,15957,15893,15956,15957,16020,15956,True
Energy,DEV_VAL,170,15958,15894,15957,15958,16021,15957,True
Energy,DEV_VAL,171,15959,15895,15958,15959,16022,15958,True
Energy,DEV_VAL,172,15960,15896,15959,15960,16023,15959,True
Energy,DEV_VAL,173,15961,15897,15960,15961,16024,15960,True
Energy,DEV_VAL,174,15962,15898,15961,15962,16025,15961,True
Energy,DEV_VAL,175,15963,15899,15962,15963,16026,15962,True
Energy,DEV_VAL,176,15964,15900,15963,15964,16027,15963,True
Energy,DEV_VAL,177,15965,15901,15964,15965,16028,15964,True
Energy,DEV_VAL,178,15966,15902,15965,15966,16029,15965,True
Energy,DEV_VAL,179,15967,15903,15966,15967,16030,15966,True
Energy,DEV_VAL,180,15968,15904,15967,15968,16031,15967,True
Energy,DEV_VAL,181,15969,15905,15968,15969,16032,15968,True
Energy,DEV_VAL,182,15970,15906,15969,15970,16033,15969,True
Energy,DEV_VAL,183,15971,15907,15970,15971,16034,15970,True
Energy,DEV_VAL,184,15972,15908,15971,15972,16035,15971,True
Energy,DEV_VAL,185,15973,15909,15972,15973,16036,15972,True
Energy,DEV_VAL,186,15974,15910,15973,15974,16037,15973,True
Energy,DEV_VAL,187,15975,15911,15974,15975,16038,15974,True
Energy,DEV_VAL,188,15976,15912,15975,15976,16039,15975,True
Energy,DEV_VAL,189,15977,15913,15976,15977,16040,15976,True
Energy,DEV_VAL,190,15978,15914,15977,15978,16041,15977,True
Energy,DEV_VAL,191,15979,15915,15978,15979,16042,15978,True
Energy,DEV_VAL,192,15980,15916,15979,15980,16043,15979,True
Energy,DEV_VAL,193,15981,15917,15980,15981,16044,15980,True
Energy,DEV_VAL,194,15982,15918,15981,15982,16045,15981,True
Energy,DEV_VAL,195,15983,15919,15982,15983,16046,15982,True
Energy,DEV_VAL,196,15984,15920,15983,15984,16047,15983,True
Energy,DEV_VAL,197,15985,15921,15984,15985,16048,15984,True
Energy,DEV_VAL,198,15986,15922,15985,15986,16049,15985,True
Energy,DEV_VAL,199,15987,15923,15986,15987,16050,15986,True
Energy,DEV_VAL,200,15988,15924,15987,15988,16051,15987,True
Energy,DEV_VAL,201,15989,15925,15988,15989,16052,15988,True
Energy,DEV_VAL,202,15990,15926,15989,15990,16053,15989,True
Energy,DEV_VAL,203,15991,15927,15990,15991,16054,15990,True
Energy,DEV_VAL,204,15992,15928,15991,15992,16055,15991,True
Energy,DEV_VAL,205,15993,15929,15992,15993,16056,15992,True
Energy,DEV_VAL,206,15994,15930,15993,15994,16057,15993,True
Energy,DEV_VAL,207,15995,15931,15994,15995,16058,15994,True
Energy,DEV_VAL,208,15996,15932,15995,15996,16059,15995,True
Energy,DEV_VAL,209,15997,15933,15996,15997,16060,15996,True
Energy,DEV_VAL,210,15998,15934,15997,15998,16061,15997,True
Energy,DEV_VAL,211,15999,15935,15998,15999,16062,15998,True
Energy,DEV_VAL,212,16000,15936,15999,16000,16063,15999,True
Energy,DEV_VAL,213,16001,15937,16000,16001,16064,16000,True
Energy,DEV_VAL,214,16002,15938,16001,16002,16065,16001,True
Energy,DEV_VAL,215,16003,15939,16002,16003,16066,16002,True
Energy,DEV_VAL,216,16004,15940,16003,16004,16067,16003,True
Energy,DEV_VAL,217,16005,15941,16004,16005,16068,16004,True
Energy,DEV_VAL,218,16006,15942,16005,16006,16069,16005,True
Energy,DEV_VAL,219,16007,15943,16006,16007,16070,16006,True
Energy,DEV_VAL,220,16008,15944,16007,16008,16071,16007,True
Energy,DEV_VAL,221,16009,15945,16008,16009,16072,16008,True
Energy,DEV_VAL,222,16010,15946,16009,16010,16073,16009,True
Energy,DEV_VAL,223,16011,15947,16010,16011,16074,16010,True
Energy,DEV_VAL,224,16012,15948,16011,16012,16075,16011,True
Energy,DEV_VAL,225,16013,15949,16012,16013,16076,16012,True
Energy,DEV_VAL,226,16014,15950,16013,16014,16077,16013,True
Energy,DEV_VAL,227,16015,15951,16014,16015,16078,16014,True
Energy,DEV_VAL,228,16016,15952,16015,16016,16079,16015,True
Energy,DEV_VAL,229,16017,15953,16016,16017,16080,16016,True
Energy,DEV_VAL,230,16018,15954,16017,16018,16081,16017,True
Energy,DEV_VAL,231,16019,15955,16018,16019,16082,16018,True
Energy,DEV_VAL,232,16020,15956,16019,16020,16083,16019,True
Energy,DEV_VAL,233,16021,15957,16020,16021,16084,16020,True
Energy,DEV_VAL,234,16022,15958,16021,16022,16085,16021,True
Energy,DEV_VAL,235,16023,15959,16022,16023,16086,16022,True
Energy,DEV_VAL,236,16024,15960,16023,16024,16087,16023,True
Energy,DEV_VAL,237,16025,15961,16024,16025,16088,16024,True
Energy,DEV_VAL,238,16026,15962,16025,16026,16089,16025,True
Energy,DEV_VAL,239,16027,15963,16026,16027,16090,16026,True
Energy,DEV_VAL,240,16028,15964,16027,16028,16091,16027,True
Energy,DEV_VAL,241,16029,15965,16028,16029,16092,16028,True
Energy,DEV_VAL,242,16030,15966,16029,16030,16093,16029,True
Energy,DEV_VAL,243,16031,15967,16030,16031,16094,16030,True
Energy,DEV_VAL,244,16032,15968,16031,16032,16095,16031,True
Energy,DEV_VAL,245,16033,15969,16032,16033,16096,16032,True
Energy,DEV_VAL,246,16034,15970,16033,16034,16097,16033,True
Energy,DEV_VAL,247,16035,15971,16034,16035,16098,16034,True
Energy,DEV_VAL,248,16036,15972,16035,16036,16099,16035,True
Energy,DEV_VAL,249,16037,15973,16036,16037,16100,16036,True
Energy,DEV_VAL,250,16038,15974,16037,16038,16101,16037,True
Energy,DEV_VAL,251,16039,15975,16038,16039,16102,16038,True
Energy,DEV_VAL,252,16040,15976,16039,16040,16103,16039,True
Energy,DEV_VAL,253,16041,15977,16040,16041,16104,16040,True
Energy,DEV_VAL,254,16042,15978,16041,16042,16105,16041,True
Energy,DEV_VAL,255,16043,15979,16042,16043,16106,16042,True
Energy,DEV_VAL,256,16044,15980,16043,16044,16107,16043,True
Energy,DEV_VAL,257,16045,15981,16044,16045,16108,16044,True
Energy,DEV_VAL,258,16046,15982,16045,16046,16109,16045,True
Energy,DEV_VAL,259,16047,15983,16046,16047,16110,16046,True
Energy,DEV_VAL,260,16048,15984,16047,16048,16111,16047,True
Energy,DEV_VAL,261,16049,15985,16048,16049,16112,16048,True
Energy,DEV_VAL,262,16050,15986,16049,16050,16113,16049,True
Energy,DEV_VAL,263,16051,15987,16050,16051,16114,16050,True
Energy,DEV_VAL,264,16052,15988,16051,16052,16115,16051,True
Energy,DEV_VAL,265,16053,15989,16052,16053,16116,16052,True
Energy,DEV_VAL,266,16054,15990,16053,16054,16117,16053,True
Energy,DEV_VAL,267,16055,15991,16054,16055,16118,16054,True
Energy,DEV_VAL,268,16056,15992,16055,16056,16119,16055,True
Energy,DEV_VAL,269,16057,15993,16056,16057,16120,16056,True
Energy,DEV_VAL,270,16058,15994,16057,16058,16121,16057,True
Energy,DEV_VAL,271,16059,15995,16058,16059,16122,16058,True
Energy,DEV_VAL,272,16060,15996,16059,16060,16123,16059,True
Energy,DEV_VAL,273,16061,15997,16060,16061,16124,16060,True
Energy,DEV_VAL,274,16062,15998,16061,16062,16125,16061,True
Energy,DEV_VAL,275,16063,15999,16062,16063,16126,16062,True
Energy,DEV_VAL,276,16064,16000,16063,16064,16127,16063,True
Energy,DEV_VAL,277,16065,16001,16064,16065,16128,16064,True
Energy,DEV_VAL,278,16066,16002,16065,16066,16129,16065,True
Energy,DEV_VAL,279,16067,16003,16066,16067,16130,16066,True
Energy,DEV_VAL,280,16068,16004,16067,16068,16131,16067,True
Energy,DEV_VAL,281,16069,16005,16068,16069,16132,16068,True
Energy,DEV_VAL,282,16070,16006,16069,16070,16133,16069,True
Energy,DEV_VAL,283,16071,16007,16070,16071,16134,16070,True
Energy,DEV_VAL,284,16072,16008,16071,16072,16135,16071,True
Energy,DEV_VAL,285,16073,16009,16072,16073,16136,16072,True
Energy,DEV_VAL,286,16074,16010,16073,16074,16137,16073,True
Energy,DEV_VAL,287,16075,16011,16074,16075,16138,16074,True
Energy,DEV_VAL,288,16076,16012,16075,16076,16139,16075,True
Energy,DEV_VAL,289,16077,16013,16076,16077,16140,16076,True
Energy,DEV_VAL,290,16078,16014,16077,16078,16141,16077,True
Energy,DEV_VAL,291,16079,16015,16078,16079,16142,16078,True
Energy,DEV_VAL,292,16080,16016,16079,16080,16143,16079,True
Energy,DEV_VAL,293,16081,16017,16080,16081,16144,16080,True
Energy,DEV_VAL,294,16082,16018,16081,16082,16145,16081,True
Energy,DEV_VAL,295,16083,16019,16082,16083,16146,16082,True
Energy,DEV_VAL,296,16084,16020,16083,16084,16147,16083,True
Energy,DEV_VAL,297,16085,16021,16084,16085,16148,16084,True
Energy,DEV_VAL,298,16086,16022,16085,16086,16149,16085,True
Energy,DEV_VAL,299,16087,16023,16086,16087,16150,16086,True
Energy,DEV_VAL,300,16088,16024,16087,16088,16151,16087,True
Energy,DEV_VAL,301,16089,16025,16088,16089,16152,16088,True
Energy,DEV_VAL,302,16090,16026,16089,16090,16153,16089,True
Energy,DEV_VAL,303,16091,16027,16090,16091,16154,16090,True
Energy,DEV_VAL,304,16092,16028,16091,16092,16155,16091,True
Energy,DEV_VAL,305,16093,16029,16092,16093,16156,16092,True
Energy,DEV_VAL,306,16094,16030,16093,16094,16157,16093,True
Energy,DEV_VAL,307,16095,16031,16094,16095,16158,16094,True
Energy,DEV_VAL,308,16096,16032,16095,16096,16159,16095,True
Energy,DEV_VAL,309,16097,16033,16096,16097,16160,16096,True
Energy,DEV_VAL,310,16098,16034,16097,16098,16161,16097,True
Energy,DEV_VAL,311,16099,16035,16098,16099,16162,16098,True
Energy,DEV_VAL,312,16100,16036,16099,16100,16163,16099,True
Energy,DEV_VAL,313,16101,16037,16100,16101,16164,16100,True
Energy,DEV_VAL,314,16102,16038,16101,16102,16165,16101,True
Energy,DEV_VAL,315,16103,16039,16102,16103,16166,16102,True
Energy,DEV_VAL,316,16104,16040,16103,16104,16167,16103,True
Energy,DEV_VAL,317,16105,16041,16104,16105,16168,16104,True
Energy,DEV_VAL,318,16106,16042,16105,16106,16169,16105,True
Energy,DEV_VAL,319,16107,16043,16106,16107,16170,16106,True
Energy,DEV_VAL,320,16108,16044,16107,16108,16171,16107,True
Energy,DEV_VAL,321,16109,16045,16108,16109,16172,16108,True
Energy,DEV_VAL,322,16110,16046,16109,16110,16173,16109,True
Energy,DEV_VAL,323,16111,16047,16110,16111,16174,16110,True
Energy,DEV_VAL,324,16112,16048,16111,16112,16175,16111,True
Energy,DEV_VAL,325,16113,16049,16112,16113,16176,16112,True
Energy,DEV_VAL,326,16114,16050,16113,16114,16177,16113,True
Energy,DEV_VAL,327,16115,16051,16114,16115,16178,16114,True
Energy,DEV_VAL,328,16116,16052,16115,16116,16179,16115,True
Energy,DEV_VAL,329,16117,16053,16116,16117,16180,16116,True
Energy,DEV_VAL,330,16118,16054,16117,16118,16181,16117,True
Energy,DEV_VAL,331,16119,16055,16118,16119,16182,16118,True
Energy,DEV_VAL,332,16120,16056,16119,16120,16183,16119,True
Energy,DEV_VAL,333,16121,16057,16120,16121,16184,16120,True
Energy,DEV_VAL,334,16122,16058,16121,16122,16185,16121,True
Energy,DEV_VAL,335,16123,16059,16122,16123,16186,16122,True
Energy,DEV_VAL,336,16124,16060,16123,16124,16187,16123,True
Energy,DEV_VAL,337,16125,16061,16124,16125,16188,16124,True
Energy,DEV_VAL,338,16126,16062,16125,16126,16189,16125,True
Energy,DEV_VAL,339,16127,16063,16126,16127,16190,16126,True
Energy,DEV_VAL,340,16128,16064,16127,16128,16191,16127,True
Energy,DEV_VAL,341,16129,16065,16128,16129,16192,16128,True
Energy,DEV_VAL,342,16130,16066,16129,16130,16193,16129,True
Energy,DEV_VAL,343,16131,16067,16130,16131,16194,16130,True
Energy,DEV_VAL,344,16132,16068,16131,16132,16195,16131,True
Energy,DEV_VAL,345,16133,16069,16132,16133,16196,16132,True
Energy,DEV_VAL,346,16134,16070,16133,16134,16197,16133,True
Energy,DEV_VAL,347,16135,16071,16134,16135,16198,16134,True
Energy,DEV_VAL,348,16136,16072,16135,16136,16199,16135,True
Energy,DEV_VAL,349,16137,16073,16136,16137,16200,16136,True
Energy,DEV_VAL,350,16138,16074,16137,16138,16201,16137,True
Energy,DEV_VAL,351,16139,16075,16138,16139,16202,16138,True
Energy,DEV_VAL,352,16140,16076,16139,16140,16203,16139,True
Energy,DEV_VAL,353,16141,16077,16140,16141,16204,16140,True
Energy,DEV_VAL,354,16142,16078,16141,16142,16205,16141,True
Energy,DEV_VAL,355,16143,16079,16142,16143,16206,16142,True
Energy,DEV_VAL,356,16144,16080,16143,16144,16207,16143,True
Energy,DEV_VAL,357,16145,16081,16144,16145,16208,16144,True
Energy,DEV_VAL,358,16146,16082,16145,16146,16209,16145,True
Energy,DEV_VAL,359,16147,16083,16146,16147,16210,16146,True
Energy,DEV_VAL,360,16148,16084,16147,16148,16211,16147,True
Energy,DEV_VAL,361,16149,16085,16148,16149,16212,16148,True
Energy,DEV_VAL,362,16150,16086,16149,16150,16213,16149,True
Energy,DEV_VAL,363,16151,16087,16150,16151,16214,16150,True
Energy,DEV_VAL,364,16152,16088,16151,16152,16215,16151,True
Energy,DEV_VAL,365,16153,16089,16152,16153,16216,16152,True
Energy,DEV_VAL,366,16154,16090,16153,16154,16217,16153,True
Energy,DEV_VAL,367,16155,16091,16154,16155,16218,16154,True
Energy,DEV_VAL,368,16156,16092,16155,16156,16219,16155,True
Energy,DEV_VAL,369,16157,16093,16156,16157,16220,16156,True
Energy,DEV_VAL,370,16158,16094,16157,16158,16221,16157,True
Energy,DEV_VAL,371,16159,16095,16158,16159,16222,16158,True
Energy,DEV_VAL,372,16160,16096,16159,16160,16223,16159,True
Energy,DEV_VAL,373,16161,16097,16160,16161,16224,16160,True
Energy,DEV_VAL,374,16162,16098,16161,16162,16225,16161,True
Energy,DEV_VAL,375,16163,16099,16162,16163,16226,16162,True
Energy,DEV_VAL,376,16164,16100,16163,16164,16227,16163,True
Energy,DEV_VAL,377,16165,16101,16164,16165,16228,16164,True
Energy,DEV_VAL,378,16166,16102,16165,16166,16229,16165,True
Energy,DEV_VAL,379,16167,16103,16166,16167,16230,16166,True
Energy,DEV_VAL,380,16168,16104,16167,16168,16231,16167,True
Energy,DEV_VAL,381,16169,16105,16168,16169,16232,16168,True
Energy,DEV_VAL,382,16170,16106,16169,16170,16233,16169,True
Energy,DEV_VAL,383,16171,16107,16170,16171,16234,16170,True
Energy,DEV_VAL,384,16172,16108,16171,16172,16235,16171,True
Energy,DEV_VAL,385,16173,16109,16172,16173,16236,16172,True
Energy,DEV_VAL,386,16174,16110,16173,16174,16237,16173,True
Energy,DEV_VAL,387,16175,16111,16174,16175,16238,16174,True
Energy,DEV_VAL,388,16176,16112,16175,16176,16239,16175,True
Energy,DEV_VAL,389,16177,16113,16176,16177,16240,16176,True
Energy,DEV_VAL,390,16178,16114,16177,16178,16241,16177,True
Energy,DEV_VAL,391,16179,16115,16178,16179,16242,16178,True
Energy,DEV_VAL,392,16180,16116,16179,16180,16243,16179,True
Energy,DEV_VAL,393,16181,16117,16180,16181,16244,16180,True
Energy,DEV_VAL,394,16182,16118,16181,16182,16245,16181,True
Energy,DEV_VAL,395,16183,16119,16182,16183,16246,16182,True
Energy,DEV_VAL,396,16184,16120,16183,16184,16247,16183,True
Energy,DEV_VAL,397,16185,16121,16184,16185,16248,16184,True
Energy,DEV_VAL,398,16186,16122,16185,16186,16249,16185,True
Energy,DEV_VAL,399,16187,16123,16186,16187,16250,16186,True
Energy,DEV_VAL,400,16188,16124,16187,16188,16251,16187,True
Energy,DEV_VAL,401,16189,16125,16188,16189,16252,16188,True
Energy,DEV_VAL,402,16190,16126,16189,16190,16253,16189,True
Energy,DEV_VAL,403,16191,16127,16190,16191,16254,16190,True
Energy,DEV_VAL,404,16192,16128,16191,16192,16255,16191,True
Energy,DEV_VAL,405,16193,16129,16192,16193,16256,16192,True
Energy,DEV_VAL,406,16194,16130,16193,16194,16257,16193,True
Energy,DEV_VAL,407,16195,16131,16194,16195,16258,16194,True
Energy,DEV_VAL,408,16196,16132,16195,16196,16259,16195,True
Energy,DEV_VAL,409,16197,16133,16196,16197,16260,16196,True
Energy,DEV_VAL,410,16198,16134,16197,16198,16261,16197,True
Energy,DEV_VAL,411,16199,16135,16198,16199,16262,16198,True
Energy,DEV_VAL,412,16200,16136,16199,16200,16263,16199,True
Energy,DEV_VAL,413,16201,16137,16200,16201,16264,16200,True
Energy,DEV_VAL,414,16202,16138,16201,16202,16265,16201,True
Energy,DEV_VAL,415,16203,16139,16202,16203,16266,16202,True
Energy,DEV_VAL,416,16204,16140,16203,16204,16267,16203,True
Energy,DEV_VAL,417,16205,16141,16204,16205,16268,16204,True
Energy,DEV_VAL,418,16206,16142,16205,16206,16269,16205,True
Energy,DEV_VAL,419,16207,16143,16206,16207,16270,16206,True
Energy,DEV_VAL,420,16208,16144,16207,16208,16271,16207,True
Energy,DEV_VAL,421,16209,16145,16208,16209,16272,16208,True
Energy,DEV_VAL,422,16210,16146,16209,16210,16273,16209,True
Energy,DEV_VAL,423,16211,16147,16210,16211,16274,16210,True
Energy,DEV_VAL,424,16212,16148,16211,16212,16275,16211,True
Energy,DEV_VAL,425,16213,16149,16212,16213,16276,16212,True
Energy,DEV_VAL,426,16214,16150,16213,16214,16277,16213,True
Energy,DEV_VAL,427,16215,16151,16214,16215,16278,16214,True
Energy,DEV_VAL,428,16216,16152,16215,16216,16279,16215,True
Energy,DEV_VAL,429,16217,16153,16216,16217,16280,16216,True
Energy,DEV_VAL,430,16218,16154,16217,16218,16281,16217,True
Energy,DEV_VAL,431,16219,16155,16218,16219,16282,16218,True
Energy,DEV_VAL,432,16220,16156,16219,16220,16283,16219,True
Energy,DEV_VAL,433,16221,16157,16220,16221,16284,16220,True
Energy,DEV_VAL,434,16222,16158,16221,16222,16285,16221,True
Energy,DEV_VAL,435,16223,16159,16222,16223,16286,16222,True
Energy,DEV_VAL,436,16224,16160,16223,16224,16287,16223,True
Energy,DEV_VAL,437,16225,16161,16224,16225,16288,16224,True
Energy,DEV_VAL,438,16226,16162,16225,16226,16289,16225,True
Energy,DEV_VAL,439,16227,16163,16226,16227,16290,16226,True
Energy,DEV_VAL,440,16228,16164,16227,16228,16291,16227,True
Energy,DEV_VAL,441,16229,16165,16228,16229,16292,16228,True
Energy,DEV_VAL,442,16230,16166,16229,16230,16293,16229,True
Energy,DEV_VAL,443,16231,16167,16230,16231,16294,16230,True
Energy,DEV_VAL,444,16232,16168,16231,16232,16295,16231,True
Energy,DEV_VAL,445,16233,16169,16232,16233,16296,16232,True
Energy,DEV_VAL,446,16234,16170,16233,16234,16297,16233,True
Energy,DEV_VAL,447,16235,16171,16234,16235,16298,16234,True
Energy,DEV_VAL,448,16236,16172,16235,16236,16299,16235,True
Energy,DEV_VAL,449,16237,16173,16236,16237,16300,16236,True
Energy,DEV_VAL,450,16238,16174,16237,16238,16301,16237,True
Energy,DEV_VAL,451,16239,16175,16238,16239,16302,16238,True
Energy,DEV_VAL,452,16240,16176,16239,16240,16303,16239,True
Energy,DEV_VAL,453,16241,16177,16240,16241,16304,16240,True
Energy,DEV_VAL,454,16242,16178,16241,16242,16305,16241,True
Energy,DEV_VAL,455,16243,16179,16242,16243,16306,16242,True
Energy,DEV_VAL,456,16244,16180,16243,16244,16307,16243,True
Energy,DEV_VAL,457,16245,16181,16244,16245,16308,16244,True
Energy,DEV_VAL,458,16246,16182,16245,16246,16309,16245,True
Energy,DEV_VAL,459,16247,16183,16246,16247,16310,16246,True
Energy,DEV_VAL,460,16248,16184,16247,16248,16311,16247,True
Energy,DEV_VAL,461,16249,16185,16248,16249,16312,16248,True
Energy,DEV_VAL,462,16250,16186,16249,16250,16313,16249,True
Energy,DEV_VAL,463,16251,16187,16250,16251,16314,16250,True
Energy,DEV_VAL,464,16252,16188,16251,16252,16315,16251,True
Energy,DEV_VAL,465,16253,16189,16252,16253,16316,16252,True
Energy,DEV_VAL,466,16254,16190,16253,16254,16317,16253,True
Energy,DEV_VAL,467,16255,16191,16254,16255,16318,16254,True
Energy,DEV_VAL,468,16256,16192,16255,16256,16319,16255,True
Energy,DEV_VAL,469,16257,16193,16256,16257,16320,16256,True
Energy,DEV_VAL,470,16258,16194,16257,16258,16321,16257,True
Energy,DEV_VAL,471,16259,16195,16258,16259,16322,16258,True
Energy,DEV_VAL,472,16260,16196,16259,16260,16323,16259,True
Energy,DEV_VAL,473,16261,16197,16260,16261,16324,16260,True
Energy,DEV_VAL,474,16262,16198,16261,16262,16325,16261,True
Energy,DEV_VAL,475,16263,16199,16262,16263,16326,16262,True
Energy,DEV_VAL,476,16264,16200,16263,16264,16327,16263,True
Energy,DEV_VAL,477,16265,16201,16264,16265,16328,16264,True
Energy,DEV_VAL,478,16266,16202,16265,16266,16329,16265,True
Energy,DEV_VAL,479,16267,16203,16266,16267,16330,16266,True
Energy,DEV_VAL,480,16268,16204,16267,16268,16331,16267,True
Energy,DEV_VAL,481,16269,16205,16268,16269,16332,16268,True
Energy,DEV_VAL,482,16270,16206,16269,16270,16333,16269,True
Energy,DEV_VAL,483,16271,16207,16270,16271,16334,16270,True
Energy,DEV_VAL,484,16272,16208,16271,16272,16335,16271,True
Energy,DEV_VAL,485,16273,16209,16272,16273,16336,16272,True
Energy,DEV_VAL,486,16274,16210,16273,16274,16337,16273,True
Energy,DEV_VAL,487,16275,16211,16274,16275,16338,16274,True
Energy,DEV_VAL,488,16276,16212,16275,16276,16339,16275,True
Energy,DEV_VAL,489,16277,16213,16276,16277,16340,16276,True
Energy,DEV_VAL,490,16278,16214,16277,16278,16341,16277,True
Energy,DEV_VAL,491,16279,16215,16278,16279,16342,16278,True
Energy,DEV_VAL,492,16280,16216,16279,16280,16343,16279,True
Energy,DEV_VAL,493,16281,16217,16280,16281,16344,16280,True
Energy,DEV_VAL,494,16282,16218,16281,16282,16345,16281,True
Energy,DEV_VAL,495,16283,16219,16282,16283,16346,16282,True
Energy,DEV_VAL,496,16284,16220,16283,16284,16347,16283,True
Energy,DEV_VAL,497,16285,16221,16284,16285,16348,16284,True
Energy,DEV_VAL,498,16286,16222,16285,16286,16349,16285,True
Energy,DEV_VAL,499,16287,16223,16286,16287,16350,16286,True
Energy,DEV_VAL,500,16288,16224,16287,16288,16351,16287,True
Energy,DEV_VAL,501,16289,16225,16288,16289,16352,16288,True
Energy,DEV_VAL,502,16290,16226,16289,16290,16353,16289,True
Energy,DEV_VAL,503,16291,16227,16290,16291,16354,16290,True
Energy,DEV_VAL,504,16292,16228,16291,16292,16355,16291,True
Energy,DEV_VAL,505,16293,16229,16292,16293,16356,16292,True
Energy,DEV_VAL,506,16294,16230,16293,16294,16357,16293,True
Energy,DEV_VAL,507,16295,16231,16294,16295,16358,16294,True
Energy,DEV_VAL,508,16296,16232,16295,16296,16359,16295,True
Energy,DEV_VAL,509,16297,16233,16296,16297,16360,16296,True
Energy,DEV_VAL,510,16298,16234,16297,16298,16361,16297,True
Energy,DEV_VAL,511,16299,16235,16298,16299,16362,16298,True
Energy,DEV_VAL,512,16300,16236,16299,16300,16363,16299,True
Energy,DEV_VAL,513,16301,16237,16300,16301,16364,16300,True
Energy,DEV_VAL,514,16302,16238,16301,16302,16365,16301,True
Energy,DEV_VAL,515,16303,16239,16302,16303,16366,16302,True
Energy,DEV_VAL,516,16304,16240,16303,16304,16367,16303,True
Energy,DEV_VAL,517,16305,16241,16304,16305,16368,16304,True
Energy,DEV_VAL,518,16306,16242,16305,16306,16369,16305,True
Energy,DEV_VAL,519,16307,16243,16306,16307,16370,16306,True
Energy,DEV_VAL,520,16308,16244,16307,16308,16371,16307,True
Energy,DEV_VAL,521,16309,16245,16308,16309,16372,16308,True
Energy,DEV_VAL,522,16310,16246,16309,16310,16373,16309,True
Energy,DEV_VAL,523,16311,16247,16310,16311,16374,16310,True
Energy,DEV_VAL,524,16312,16248,16311,16312,16375,16311,True
Energy,DEV_VAL,525,16313,16249,16312,16313,16376,16312,True
Energy,DEV_VAL,526,16314,16250,16313,16314,16377,16313,True
Energy,DEV_VAL,527,16315,16251,16314,16315,16378,16314,True
Energy,DEV_VAL,528,16316,16252,16315,16316,16379,16315,True
Energy,DEV_VAL,529,16317,16253,16316,16317,16380,16316,True
Energy,DEV_VAL,530,16318,16254,16317,16318,16381,16317,True
Energy,DEV_VAL,531,16319,16255,16318,16319,16382,16318,True
Energy,DEV_VAL,532,16320,16256,16319,16320,16383,16319,True
Energy,DEV_VAL,533,16321,16257,16320,16321,16384,16320,True
Energy,DEV_VAL,534,16322,16258,16321,16322,16385,16321,True
Energy,DEV_VAL,535,16323,16259,16322,16323,16386,16322,True
Energy,DEV_VAL,536,16324,16260,16323,16324,16387,16323,True
Energy,DEV_VAL,537,16325,16261,16324,16325,16388,16324,True
Energy,DEV_VAL,538,16326,16262,16325,16326,16389,16325,True
Energy,DEV_VAL,539,16327,16263,16326,16327,16390,16326,True
Energy,DEV_VAL,540,16328,16264,16327,16328,16391,16327,True
Energy,DEV_VAL,541,16329,16265,16328,16329,16392,16328,True
Energy,DEV_VAL,542,16330,16266,16329,16330,16393,16329,True
Energy,DEV_VAL,543,16331,16267,16330,16331,16394,16330,True
Energy,DEV_VAL,544,16332,16268,16331,16332,16395,16331,True
Energy,DEV_VAL,545,16333,16269,16332,16333,16396,16332,True
Energy,DEV_VAL,546,16334,16270,16333,16334,16397,16333,True
Energy,DEV_VAL,547,16335,16271,16334,16335,16398,16334,True
Energy,DEV_VAL,548,16336,16272,16335,16336,16399,16335,True
Energy,DEV_VAL,549,16337,16273,16336,16337,16400,16336,True
Energy,DEV_VAL,550,16338,16274,16337,16338,16401,16337,True
Energy,DEV_VAL,551,16339,16275,16338,16339,16402,16338,True
Energy,DEV_VAL,552,16340,16276,16339,16340,16403,16339,True
Energy,DEV_VAL,553,16341,16277,16340,16341,16404,16340,True
Energy,DEV_VAL,554,16342,16278,16341,16342,16405,16341,True
Energy,DEV_VAL,555,16343,16279,16342,16343,16406,16342,True
Energy,DEV_VAL,556,16344,16280,16343,16344,16407,16343,True
Energy,DEV_VAL,557,16345,16281,16344,16345,16408,16344,True
Energy,DEV_VAL,558,16346,16282,16345,16346,16409,16345,True
Energy,DEV_VAL,559,16347,16283,16346,16347,16410,16346,True
Energy,DEV_VAL,560,16348,16284,16347,16348,16411,16347,True
Energy,DEV_VAL,561,16349,16285,16348,16349,16412,16348,True
Energy,DEV_VAL,562,16350,16286,16349,16350,16413,16349,True
Energy,DEV_VAL,563,16351,16287,16350,16351,16414,16350,True
Energy,DEV_VAL,564,16352,16288,16351,16352,16415,16351,True
Energy,DEV_VAL,565,16353,16289,16352,16353,16416,16352,True
Energy,DEV_VAL,566,16354,16290,16353,16354,16417,16353,True
Energy,DEV_VAL,567,16355,16291,16354,16355,16418,16354,True
Energy,DEV_VAL,568,16356,16292,16355,16356,16419,16355,True
Energy,DEV_VAL,569,16357,16293,16356,16357,16420,16356,True
Energy,DEV_VAL,570,16358,16294,16357,16358,16421,16357,True
Energy,DEV_VAL,571,16359,16295,16358,16359,16422,16358,True
Energy,DEV_VAL,572,16360,16296,16359,16360,16423,16359,True
Energy,DEV_VAL,573,16361,16297,16360,16361,16424,16360,True
Energy,DEV_VAL,574,16362,16298,16361,16362,16425,16361,True
Energy,DEV_VAL,575,16363,16299,16362,16363,16426,16362,True
Energy,DEV_VAL,576,16364,16300,16363,16364,16427,16363,True
Energy,DEV_VAL,577,16365,16301,16364,16365,16428,16364,True
Energy,DEV_VAL,578,16366,16302,16365,16366,16429,16365,True
Energy,DEV_VAL,579,16367,16303,16366,16367,16430,16366,True
Energy,DEV_VAL,580,16368,16304,16367,16368,16431,16367,True
Energy,DEV_VAL,581,16369,16305,16368,16369,16432,16368,True
Energy,DEV_VAL,582,16370,16306,16369,16370,16433,16369,True
Energy,DEV_VAL,583,16371,16307,16370,16371,16434,16370,True
Energy,DEV_VAL,584,16372,16308,16371,16372,16435,16371,True
Energy,DEV_VAL,585,16373,16309,16372,16373,16436,16372,True
Energy,DEV_VAL,586,16374,16310,16373,16374,16437,16373,True
Energy,DEV_VAL,587,16375,16311,16374,16375,16438,16374,True
Energy,DEV_VAL,588,16376,16312,16375,16376,16439,16375,True
Energy,DEV_VAL,589,16377,16313,16376,16377,16440,16376,True
Energy,DEV_VAL,590,16378,16314,16377,16378,16441,16377,True
Energy,DEV_VAL,591,16379,16315,16378,16379,16442,16378,True
Energy,DEV_VAL,592,16380,16316,16379,16380,16443,16379,True
Energy,DEV_VAL,593,16381,16317,16380,16381,16444,16380,True
Energy,DEV_VAL,594,16382,16318,16381,16382,16445,16381,True
Energy,DEV_VAL,595,16383,16319,16382,16383,16446,16382,True
Energy,DEV_VAL,596,16384,16320,16383,16384,16447,16383,True
Energy,DEV_VAL,597,16385,16321,16384,16385,16448,16384,True
Energy,DEV_VAL,598,16386,16322,16385,16386,16449,16385,True
Energy,DEV_VAL,599,16387,16323,16386,16387,16450,16386,True
Energy,DEV_VAL,600,16388,16324,16387,16388,16451,16387,True
Energy,DEV_VAL,601,16389,16325,16388,16389,16452,16388,True
Energy,DEV_VAL,602,16390,16326,16389,16390,16453,16389,True
Energy,DEV_VAL,603,16391,16327,16390,16391,16454,16390,True
Energy,DEV_VAL,604,16392,16328,16391,16392,16455,16391,True
Energy,DEV_VAL,605,16393,16329,16392,16393,16456,16392,True
Energy,DEV_VAL,606,16394,16330,16393,16394,16457,16393,True
Energy,DEV_VAL,607,16395,16331,16394,16395,16458,16394,True
Energy,DEV_VAL,608,16396,16332,16395,16396,16459,16395,True
Energy,DEV_VAL,609,16397,16333,16396,16397,16460,16396,True
Energy,DEV_VAL,610,16398,16334,16397,16398,16461,16397,True
Energy,DEV_VAL,611,16399,16335,16398,16399,16462,16398,True
Energy,DEV_VAL,612,16400,16336,16399,16400,16463,16399,True
Energy,DEV_VAL,613,16401,16337,16400,16401,16464,16400,True
Energy,DEV_VAL,614,16402,16338,16401,16402,16465,16401,True
Energy,DEV_VAL,615,16403,16339,16402,16403,16466,16402,True
Energy,DEV_VAL,616,16404,16340,16403,16404,16467,16403,True
Energy,DEV_VAL,617,16405,16341,16404,16405,16468,16404,True
Energy,DEV_VAL,618,16406,16342,16405,16406,16469,16405,True
Energy,DEV_VAL,619,16407,16343,16406,16407,16470,16406,True
Energy,DEV_VAL,620,16408,16344,16407,16408,16471,16407,True
Energy,DEV_VAL,621,16409,16345,16408,16409,16472,16408,True
Energy,DEV_VAL,622,16410,16346,16409,16410,16473,16409,True
Energy,DEV_VAL,623,16411,16347,16410,16411,16474,16410,True
Energy,DEV_VAL,624,16412,16348,16411,16412,16475,16411,True
Energy,DEV_VAL,625,16413,16349,16412,16413,16476,16412,True
Energy,DEV_VAL,626,16414,16350,16413,16414,16477,16413,True
Energy,DEV_VAL,627,16415,16351,16414,16415,16478,16414,True
Energy,DEV_VAL,628,16416,16352,16415,16416,16479,16415,True
Energy,DEV_VAL,629,16417,16353,16416,16417,16480,16416,True
Energy,DEV_VAL,630,16418,16354,16417,16418,16481,16417,True
Energy,DEV_VAL,631,16419,16355,16418,16419,16482,16418,True
Energy,DEV_VAL,632,16420,16356,16419,16420,16483,16419,True
Energy,DEV_VAL,633,16421,16357,16420,16421,16484,16420,True
Energy,DEV_VAL,634,16422,16358,16421,16422,16485,16421,True
Energy,DEV_VAL,635,16423,16359,16422,16423,16486,16422,True
Energy,DEV_VAL,636,16424,16360,16423,16424,16487,16423,True
Energy,DEV_VAL,637,16425,16361,16424,16425,16488,16424,True
Energy,DEV_VAL,638,16426,16362,16425,16426,16489,16425,True
Energy,DEV_VAL,639,16427,16363,16426,16427,16490,16426,True
Energy,DEV_VAL,640,16428,16364,16427,16428,16491,16427,True
Energy,DEV_VAL,641,16429,16365,16428,16429,16492,16428,True
Energy,DEV_VAL,642,16430,16366,16429,16430,16493,16429,True
Energy,DEV_VAL,643,16431,16367,16430,16431,16494,16430,True
Energy,DEV_VAL,644,16432,16368,16431,16432,16495,16431,True
Energy,DEV_VAL,645,16433,16369,16432,16433,16496,16432,True
Energy,DEV_VAL,646,16434,16370,16433,16434,16497,16433,True
Energy,DEV_VAL,647,16435,16371,16434,16435,16498,16434,True
Energy,DEV_VAL,648,16436,16372,16435,16436,16499,16435,True
Energy,DEV_VAL,649,16437,16373,16436,16437,16500,16436,True
Energy,DEV_VAL,650,16438,16374,16437,16438,16501,16437,True
Energy,DEV_VAL,651,16439,16375,16438,16439,16502,16438,True
Energy,DEV_VAL,652,16440,16376,16439,16440,16503,16439,True
Energy,DEV_VAL,653,16441,16377,16440,16441,16504,16440,True
Energy,DEV_VAL,654,16442,16378,16441,16442,16505,16441,True
Energy,DEV_VAL,655,16443,16379,16442,16443,16506,16442,True
Energy,DEV_VAL,656,16444,16380,16443,16444,16507,16443,True
Energy,DEV_VAL,657,16445,16381,16444,16445,16508,16444,True
Energy,DEV_VAL,658,16446,16382,16445,16446,16509,16445,True
Energy,DEV_VAL,659,16447,16383,16446,16447,16510,16446,True
Energy,DEV_VAL,660,16448,16384,16447,16448,16511,16447,True
Energy,DEV_VAL,661,16449,16385,16448,16449,16512,16448,True
Energy,DEV_VAL,662,16450,16386,16449,16450,16513,16449,True
Energy,DEV_VAL,663,16451,16387,16450,16451,16514,16450,True
Energy,DEV_VAL,664,16452,16388,16451,16452,16515,16451,True
Energy,DEV_VAL,665,16453,16389,16452,16453,16516,16452,True
Energy,DEV_VAL,666,16454,16390,16453,16454,16517,16453,True
Energy,DEV_VAL,667,16455,16391,16454,16455,16518,16454,True
Energy,DEV_VAL,668,16456,16392,16455,16456,16519,16455,True
Energy,DEV_VAL,669,16457,16393,16456,16457,16520,16456,True
Energy,DEV_VAL,670,16458,16394,16457,16458,16521,16457,True
Energy,DEV_VAL,671,16459,16395,16458,16459,16522,16458,True
Energy,DEV_VAL,672,16460,16396,16459,16460,16523,16459,True
Energy,DEV_VAL,673,16461,16397,16460,16461,16524,16460,True
Energy,DEV_VAL,674,16462,16398,16461,16462,16525,16461,True
Energy,DEV_VAL,675,16463,16399,16462,16463,16526,16462,True
Energy,DEV_VAL,676,16464,16400,16463,16464,16527,16463,True
Energy,DEV_VAL,677,16465,16401,16464,16465,16528,16464,True
Energy,DEV_VAL,678,16466,16402,16465,16466,16529,16465,True
Energy,DEV_VAL,679,16467,16403,16466,16467,16530,16466,True
Energy,DEV_VAL,680,16468,16404,16467,16468,16531,16467,True
Energy,DEV_VAL,681,16469,16405,16468,16469,16532,16468,True
Energy,DEV_VAL,682,16470,16406,16469,16470,16533,16469,True
Energy,DEV_VAL,683,16471,16407,16470,16471,16534,16470,True
Energy,DEV_VAL,684,16472,16408,16471,16472,16535,16471,True
Energy,DEV_VAL,685,16473,16409,16472,16473,16536,16472,True
Energy,DEV_VAL,686,16474,16410,16473,16474,16537,16473,True
Energy,DEV_VAL,687,16475,16411,16474,16475,16538,16474,True
Energy,DEV_VAL,688,16476,16412,16475,16476,16539,16475,True
Energy,DEV_VAL,689,16477,16413,16476,16477,16540,16476,True
Energy,DEV_VAL,690,16478,16414,16477,16478,16541,16477,True
Energy,DEV_VAL,691,16479,16415,16478,16479,16542,16478,True
Energy,DEV_VAL,692,16480,16416,16479,16480,16543,16479,True
Energy,DEV_VAL,693,16481,16417,16480,16481,16544,16480,True
Energy,DEV_VAL,694,16482,16418,16481,16482,16545,16481,True
Energy,DEV_VAL,695,16483,16419,16482,16483,16546,16482,True
Energy,DEV_VAL,696,16484,16420,16483,16484,16547,16483,True
Energy,DEV_VAL,697,16485,16421,16484,16485,16548,16484,True
Energy,DEV_VAL,698,16486,16422,16485,16486,16549,16485,True
Energy,DEV_VAL,699,16487,16423,16486,16487,16550,16486,True
Energy,DEV_VAL,700,16488,16424,16487,16488,16551,16487,True
Energy,DEV_VAL,701,16489,16425,16488,16489,16552,16488,True
Energy,DEV_VAL,702,16490,16426,16489,16490,16553,16489,True
Energy,DEV_VAL,703,16491,16427,16490,16491,16554,16490,True
Energy,DEV_VAL,704,16492,16428,16491,16492,16555,16491,True
Energy,DEV_VAL,705,16493,16429,16492,16493,16556,16492,True
Energy,DEV_VAL,706,16494,16430,16493,16494,16557,16493,True
Energy,DEV_VAL,707,16495,16431,16494,16495,16558,16494,True
Energy,DEV_VAL,708,16496,16432,16495,16496,16559,16495,True
Energy,DEV_VAL,709,16497,16433,16496,16497,16560,16496,True
Energy,DEV_VAL,710,16498,16434,16497,16498,16561,16497,True
Energy,DEV_VAL,711,16499,16435,16498,16499,16562,16498,True
Energy,DEV_VAL,712,16500,16436,16499,16500,16563,16499,True
Energy,DEV_VAL,713,16501,16437,16500,16501,16564,16500,True
Energy,DEV_VAL,714,16502,16438,16501,16502,16565,16501,True
Energy,DEV_VAL,715,16503,16439,16502,16503,16566,16502,True
Energy,DEV_VAL,716,16504,16440,16503,16504,16567,16503,True
Energy,DEV_VAL,717,16505,16441,16504,16505,16568,16504,True
Energy,DEV_VAL,718,16506,16442,16505,16506,16569,16505,True
Energy,DEV_VAL,719,16507,16443,16506,16507,16570,16506,True
Energy,DEV_VAL,720,16508,16444,16507,16508,16571,16507,True
Energy,DEV_VAL,721,16509,16445,16508,16509,16572,16508,True
Energy,DEV_VAL,722,16510,16446,16509,16510,16573,16509,True
Energy,DEV_VAL,723,16511,16447,16510,16511,16574,16510,True
Energy,DEV_VAL,724,16512,16448,16511,16512,16575,16511,True
Energy,DEV_VAL,725,16513,16449,16512,16513,16576,16512,True
Energy,DEV_VAL,726,16514,16450,16513,16514,16577,16513,True
Energy,DEV_VAL,727,16515,16451,16514,16515,16578,16514,True
Energy,DEV_VAL,728,16516,16452,16515,16516,16579,16515,True
Energy,DEV_VAL,729,16517,16453,16516,16517,16580,16516,True
Energy,DEV_VAL,730,16518,16454,16517,16518,16581,16517,True
Energy,DEV_VAL,731,16519,16455,16518,16519,16582,16518,True
Energy,DEV_VAL,732,16520,16456,16519,16520,16583,16519,True
Energy,DEV_VAL,733,16521,16457,16520,16521,16584,16520,True
Energy,DEV_VAL,734,16522,16458,16521,16522,16585,16521,True
Energy,DEV_VAL,735,16523,16459,16522,16523,16586,16522,True
Energy,DEV_VAL,736,16524,16460,16523,16524,16587,16523,True
Energy,DEV_VAL,737,16525,16461,16524,16525,16588,16524,True
Energy,DEV_VAL,738,16526,16462,16525,16526,16589,16525,True
Energy,DEV_VAL,739,16527,16463,16526,16527,16590,16526,True
Energy,DEV_VAL,740,16528,16464,16527,16528,16591,16527,True
Energy,DEV_VAL,741,16529,16465,16528,16529,16592,16528,True
Energy,DEV_VAL,742,16530,16466,16529,16530,16593,16529,True
Energy,DEV_VAL,743,16531,16467,16530,16531,16594,16530,True
Energy,DEV_VAL,744,16532,16468,16531,16532,16595,16531,True
Energy,DEV_VAL,745,16533,16469,16532,16533,16596,16532,True
Energy,DEV_VAL,746,16534,16470,16533,16534,16597,16533,True
Energy,DEV_VAL,747,16535,16471,16534,16535,16598,16534,True
Energy,DEV_VAL,748,16536,16472,16535,16536,16599,16535,True
Energy,DEV_VAL,749,16537,16473,16536,16537,16600,16536,True
Energy,DEV_VAL,750,16538,16474,16537,16538,16601,16537,True
Energy,DEV_VAL,751,16539,16475,16538,16539,16602,16538,True
Energy,DEV_VAL,752,16540,16476,16539,16540,16603,16539,True
Energy,DEV_VAL,753,16541,16477,16540,16541,16604,16540,True
Energy,DEV_VAL,754,16542,16478,16541,16542,16605,16541,True
Energy,DEV_VAL,755,16543,16479,16542,16543,16606,16542,True
Energy,DEV_VAL,756,16544,16480,16543,16544,16607,16543,True
Energy,DEV_VAL,757,16545,16481,16544,16545,16608,16544,True
Energy,DEV_VAL,758,16546,16482,16545,16546,16609,16545,True
Energy,DEV_VAL,759,16547,16483,16546,16547,16610,16546,True
Energy,DEV_VAL,760,16548,16484,16547,16548,16611,16547,True
Energy,DEV_VAL,761,16549,16485,16548,16549,16612,16548,True
Energy,DEV_VAL,762,16550,16486,16549,16550,16613,16549,True
Energy,DEV_VAL,763,16551,16487,16550,16551,16614,16550,True
Energy,DEV_VAL,764,16552,16488,16551,16552,16615,16551,True
Energy,DEV_VAL,765,16553,16489,16552,16553,16616,16552,True
Energy,DEV_VAL,766,16554,16490,16553,16554,16617,16553,True
Energy,DEV_VAL,767,16555,16491,16554,16555,16618,16554,True
Energy,DEV_VAL,768,16556,16492,16555,16556,16619,16555,True
Energy,DEV_VAL,769,16557,16493,16556,16557,16620,16556,True
Energy,DEV_VAL,770,16558,16494,16557,16558,16621,16557,True
Energy,DEV_VAL,771,16559,16495,16558,16559,16622,16558,True
Energy,DEV_VAL,772,16560,16496,16559,16560,16623,16559,True
Energy,DEV_VAL,773,16561,16497,16560,16561,16624,16560,True
Energy,DEV_VAL,774,16562,16498,16561,16562,16625,16561,True
Energy,DEV_VAL,775,16563,16499,16562,16563,16626,16562,True
Energy,DEV_VAL,776,16564,16500,16563,16564,16627,16563,True
Energy,DEV_VAL,777,16565,16501,16564,16565,16628,16564,True
Energy,DEV_VAL,778,16566,16502,16565,16566,16629,16565,True
Energy,DEV_VAL,779,16567,16503,16566,16567,16630,16566,True
Energy,DEV_VAL,780,16568,16504,16567,16568,16631,16567,True
Energy,DEV_VAL,781,16569,16505,16568,16569,16632,16568,True
Energy,DEV_VAL,782,16570,16506,16569,16570,16633,16569,True
Energy,DEV_VAL,783,16571,16507,16570,16571,16634,16570,True
Energy,DEV_VAL,784,16572,16508,16571,16572,16635,16571,True
Energy,DEV_VAL,785,16573,16509,16572,16573,16636,16572,True
Energy,DEV_VAL,786,16574,16510,16573,16574,16637,16573,True
Energy,DEV_VAL,787,16575,16511,16574,16575,16638,16574,True
Energy,DEV_VAL,788,16576,16512,16575,16576,16639,16575,True
Energy,DEV_VAL,789,16577,16513,16576,16577,16640,16576,True
Energy,DEV_VAL,790,16578,16514,16577,16578,16641,16577,True
Energy,DEV_VAL,791,16579,16515,16578,16579,16642,16578,True
Energy,DEV_VAL,792,16580,16516,16579,16580,16643,16579,True
Energy,DEV_VAL,793,16581,16517,16580,16581,16644,16580,True
Energy,DEV_VAL,794,16582,16518,16581,16582,16645,16581,True
Energy,DEV_VAL,795,16583,16519,16582,16583,16646,16582,True
Energy,DEV_VAL,796,16584,16520,16583,16584,16647,16583,True
Energy,DEV_VAL,797,16585,16521,16584,16585,16648,16584,True
Energy,DEV_VAL,798,16586,16522,16585,16586,16649,16585,True
Energy,DEV_VAL,799,16587,16523,16586,16587,16650,16586,True
Energy,DEV_VAL,800,16588,16524,16587,16588,16651,16587,True
Energy,DEV_VAL,801,16589,16525,16588,16589,16652,16588,True
Energy,DEV_VAL,802,16590,16526,16589,16590,16653,16589,True
Energy,DEV_VAL,803,16591,16527,16590,16591,16654,16590,True
Energy,DEV_VAL,804,16592,16528,16591,16592,16655,16591,True
Energy,DEV_VAL,805,16593,16529,16592,16593,16656,16592,True
Energy,DEV_VAL,806,16594,16530,16593,16594,16657,16593,True
Energy,DEV_VAL,807,16595,16531,16594,16595,16658,16594,True
Energy,DEV_VAL,808,16596,16532,16595,16596,16659,16595,True
Energy,DEV_VAL,809,16597,16533,16596,16597,16660,16596,True
Energy,DEV_VAL,810,16598,16534,16597,16598,16661,16597,True
Energy,DEV_VAL,811,16599,16535,16598,16599,16662,16598,True
Energy,DEV_VAL,812,16600,16536,16599,16600,16663,16599,True
Energy,DEV_VAL,813,16601,16537,16600,16601,16664,16600,True
Energy,DEV_VAL,814,16602,16538,16601,16602,16665,16601,True
Energy,DEV_VAL,815,16603,16539,16602,16603,16666,16602,True
Energy,DEV_VAL,816,16604,16540,16603,16604,16667,16603,True
Energy,DEV_VAL,817,16605,16541,16604,16605,16668,16604,True
Energy,DEV_VAL,818,16606,16542,16605,16606,16669,16605,True
Energy,DEV_VAL,819,16607,16543,16606,16607,16670,16606,True
Energy,DEV_VAL,820,16608,16544,16607,16608,16671,16607,True
Energy,DEV_VAL,821,16609,16545,16608,16609,16672,16608,True
Energy,DEV_VAL,822,16610,16546,16609,16610,16673,16609,True
Energy,DEV_VAL,823,16611,16547,16610,16611,16674,16610,True
Energy,DEV_VAL,824,16612,16548,16611,16612,16675,16611,True
Energy,DEV_VAL,825,16613,16549,16612,16613,16676,16612,True
Energy,DEV_VAL,826,16614,16550,16613,16614,16677,16613,True
Energy,DEV_VAL,827,16615,16551,16614,16615,16678,16614,True
Energy,DEV_VAL,828,16616,16552,16615,16616,16679,16615,True
Energy,DEV_VAL,829,16617,16553,16616,16617,16680,16616,True
Energy,DEV_VAL,830,16618,16554,16617,16618,16681,16617,True
Energy,DEV_VAL,831,16619,16555,16618,16619,16682,16618,True
Energy,DEV_VAL,832,16620,16556,16619,16620,16683,16619,True
Energy,DEV_VAL,833,16621,16557,16620,16621,16684,16620,True
Energy,DEV_VAL,834,16622,16558,16621,16622,16685,16621,True
Energy,DEV_VAL,835,16623,16559,16622,16623,16686,16622,True
Energy,DEV_VAL,836,16624,16560,16623,16624,16687,16623,True
Energy,DEV_VAL,837,16625,16561,16624,16625,16688,16624,True
Energy,DEV_VAL,838,16626,16562,16625,16626,16689,16625,True
Energy,DEV_VAL,839,16627,16563,16626,16627,16690,16626,True
Energy,DEV_VAL,840,16628,16564,16627,16628,16691,16627,True
Energy,DEV_VAL,841,16629,16565,16628,16629,16692,16628,True
Energy,DEV_VAL,842,16630,16566,16629,16630,16693,16629,True
Energy,DEV_VAL,843,16631,16567,16630,16631,16694,16630,True
Energy,DEV_VAL,844,16632,16568,16631,16632,16695,16631,True
Energy,DEV_VAL,845,16633,16569,16632,16633,16696,16632,True
Energy,DEV_VAL,846,16634,16570,16633,16634,16697,16633,True
Energy,DEV_VAL,847,16635,16571,16634,16635,16698,16634,True
Energy,DEV_VAL,848,16636,16572,16635,16636,16699,16635,True
Energy,DEV_VAL,849,16637,16573,16636,16637,16700,16636,True
Energy,DEV_VAL,850,16638,16574,16637,16638,16701,16637,True
Energy,DEV_VAL,851,16639,16575,16638,16639,16702,16638,True
Energy,DEV_VAL,852,16640,16576,16639,16640,16703,16639,True
Energy,DEV_VAL,853,16641,16577,16640,16641,16704,16640,True
Energy,DEV_VAL,854,16642,16578,16641,16642,16705,16641,True
Energy,DEV_VAL,855,16643,16579,16642,16643,16706,16642,True
Energy,DEV_VAL,856,16644,16580,16643,16644,16707,16643,True
Energy,DEV_VAL,857,16645,16581,16644,16645,16708,16644,True
Energy,DEV_VAL,858,16646,16582,16645,16646,16709,16645,True
Energy,DEV_VAL,859,16647,16583,16646,16647,16710,16646,True
Energy,DEV_VAL,860,16648,16584,16647,16648,16711,16647,True
Energy,DEV_VAL,861,16649,16585,16648,16649,16712,16648,True
Energy,DEV_VAL,862,16650,16586,16649,16650,16713,16649,True
Energy,DEV_VAL,863,16651,16587,16650,16651,16714,16650,True
Energy,DEV_VAL,864,16652,16588,16651,16652,16715,16651,True
Energy,DEV_VAL,865,16653,16589,16652,16653,16716,16652,True
Energy,DEV_VAL,866,16654,16590,16653,16654,16717,16653,True
Energy,DEV_VAL,867,16655,16591,16654,16655,16718,16654,True
Energy,DEV_VAL,868,16656,16592,16655,16656,16719,16655,True
Energy,DEV_VAL,869,16657,16593,16656,16657,16720,16656,True
Energy,DEV_VAL,870,16658,16594,16657,16658,16721,16657,True
Energy,DEV_VAL,871,16659,16595,16658,16659,16722,16658,True
Energy,DEV_VAL,872,16660,16596,16659,16660,16723,16659,True
Energy,DEV_VAL,873,16661,16597,16660,16661,16724,16660,True
Energy,DEV_VAL,874,16662,16598,16661,16662,16725,16661,True
Energy,DEV_VAL,875,16663,16599,16662,16663,16726,16662,True
Energy,DEV_VAL,876,16664,16600,16663,16664,16727,16663,True
Energy,DEV_VAL,877,16665,16601,16664,16665,16728,16664,True
Energy,DEV_VAL,878,16666,16602,16665,16666,16729,16665,True
Energy,DEV_VAL,879,16667,16603,16666,16667,16730,16666,True
Energy,DEV_VAL,880,16668,16604,16667,16668,16731,16667,True
Energy,DEV_VAL,881,16669,16605,16668,16669,16732,16668,True
Energy,DEV_VAL,882,16670,16606,16669,16670,16733,16669,True
Energy,DEV_VAL,883,16671,16607,16670,16671,16734,16670,True
Energy,DEV_VAL,884,16672,16608,16671,16672,16735,16671,True
Energy,DEV_VAL,885,16673,16609,16672,16673,16736,16672,True
Energy,DEV_VAL,886,16674,16610,16673,16674,16737,16673,True
Energy,DEV_VAL,887,16675,16611,16674,16675,16738,16674,True
Energy,DEV_VAL,888,16676,16612,16675,16676,16739,16675,True
Energy,DEV_VAL,889,16677,16613,16676,16677,16740,16676,True
Energy,DEV_VAL,890,16678,16614,16677,16678,16741,16677,True
Energy,DEV_VAL,891,16679,16615,16678,16679,16742,16678,True
Energy,DEV_VAL,892,16680,16616,16679,16680,16743,16679,True
Energy,DEV_VAL,893,16681,16617,16680,16681,16744,16680,True
Energy,DEV_VAL,894,16682,16618,16681,16682,16745,16681,True
Energy,DEV_VAL,895,16683,16619,16682,16683,16746,16682,True
Energy,DEV_VAL,896,16684,16620,16683,16684,16747,16683,True
Energy,DEV_VAL,897,16685,16621,16684,16685,16748,16684,True
Energy,DEV_VAL,898,16686,16622,16685,16686,16749,16685,True
Energy,DEV_VAL,899,16687,16623,16686,16687,16750,16686,True
Energy,DEV_VAL,900,16688,16624,16687,16688,16751,16687,True
Energy,DEV_VAL,901,16689,16625,16688,16689,16752,16688,True
Energy,DEV_VAL,902,16690,16626,16689,16690,16753,16689,True
Energy,DEV_VAL,903,16691,16627,16690,16691,16754,16690,True
Energy,DEV_VAL,904,16692,16628,16691,16692,16755,16691,True
Energy,DEV_VAL,905,16693,16629,16692,16693,16756,16692,True
Energy,DEV_VAL,906,16694,16630,16693,16694,16757,16693,True
Energy,DEV_VAL,907,16695,16631,16694,16695,16758,16694,True
Energy,DEV_VAL,908,16696,16632,16695,16696,16759,16695,True
Energy,DEV_VAL,909,16697,16633,16696,16697,16760,16696,True
Energy,DEV_VAL,910,16698,16634,16697,16698,16761,16697,True
Energy,DEV_VAL,911,16699,16635,16698,16699,16762,16698,True
Energy,DEV_VAL,912,16700,16636,16699,16700,16763,16699,True
Energy,DEV_VAL,913,16701,16637,16700,16701,16764,16700,True
Energy,DEV_VAL,914,16702,16638,16701,16702,16765,16701,True
Energy,DEV_VAL,915,16703,16639,16702,16703,16766,16702,True
Energy,DEV_VAL,916,16704,16640,16703,16704,16767,16703,True
Energy,DEV_VAL,917,16705,16641,16704,16705,16768,16704,True
Energy,DEV_VAL,918,16706,16642,16705,16706,16769,16705,True
Energy,DEV_VAL,919,16707,16643,16706,16707,16770,16706,True
Energy,DEV_VAL,920,16708,16644,16707,16708,16771,16707,True
Energy,DEV_VAL,921,16709,16645,16708,16709,16772,16708,True
Energy,DEV_VAL,922,16710,16646,16709,16710,16773,16709,True
Energy,DEV_VAL,923,16711,16647,16710,16711,16774,16710,True
Energy,DEV_VAL,924,16712,16648,16711,16712,16775,16711,True
Energy,DEV_VAL,925,16713,16649,16712,16713,16776,16712,True
Energy,DEV_VAL,926,16714,16650,16713,16714,16777,16713,True
Energy,DEV_VAL,927,16715,16651,16714,16715,16778,16714,True
Energy,DEV_VAL,928,16716,16652,16715,16716,16779,16715,True
Energy,DEV_VAL,929,16717,16653,16716,16717,16780,16716,True
Energy,DEV_VAL,930,16718,16654,16717,16718,16781,16717,True
Energy,DEV_VAL,931,16719,16655,16718,16719,16782,16718,True
Energy,DEV_VAL,932,16720,16656,16719,16720,16783,16719,True
Energy,DEV_VAL,933,16721,16657,16720,16721,16784,16720,True
Energy,DEV_VAL,934,16722,16658,16721,16722,16785,16721,True
Energy,DEV_VAL,935,16723,16659,16722,16723,16786,16722,True
Energy,DEV_VAL,936,16724,16660,16723,16724,16787,16723,True
Energy,DEV_VAL,937,16725,16661,16724,16725,16788,16724,True
Energy,DEV_VAL,938,16726,16662,16725,16726,16789,16725,True
Energy,DEV_VAL,939,16727,16663,16726,16727,16790,16726,True
Energy,DEV_VAL,940,16728,16664,16727,16728,16791,16727,True
Energy,DEV_VAL,941,16729,16665,16728,16729,16792,16728,True
Energy,DEV_VAL,942,16730,16666,16729,16730,16793,16729,True
Energy,DEV_VAL,943,16731,16667,16730,16731,16794,16730,True
Energy,DEV_VAL,944,16732,16668,16731,16732,16795,16731,True
Energy,DEV_VAL,945,16733,16669,16732,16733,16796,16732,True
Energy,DEV_VAL,946,16734,16670,16733,16734,16797,16733,True
Energy,DEV_VAL,947,16735,16671,16734,16735,16798,16734,True
Energy,DEV_VAL,948,16736,16672,16735,16736,16799,16735,True
Energy,DEV_VAL,949,16737,16673,16736,16737,16800,16736,True
Energy,DEV_VAL,950,16738,16674,16737,16738,16801,16737,True
Energy,DEV_VAL,951,16739,16675,16738,16739,16802,16738,True
Energy,DEV_VAL,952,16740,16676,16739,16740,16803,16739,True
Energy,DEV_VAL,953,16741,16677,16740,16741,16804,16740,True
Energy,DEV_VAL,954,16742,16678,16741,16742,16805,16741,True
Energy,DEV_VAL,955,16743,16679,16742,16743,16806,16742,True
Energy,DEV_VAL,956,16744,16680,16743,16744,16807,16743,True
Energy,DEV_VAL,957,16745,16681,16744,16745,16808,16744,True
Energy,DEV_VAL,958,16746,16682,16745,16746,16809,16745,True
Energy,DEV_VAL,959,16747,16683,16746,16747,16810,16746,True
Energy,DEV_VAL,960,16748,16684,16747,16748,16811,16747,True
Energy,DEV_VAL,961,16749,16685,16748,16749,16812,16748,True
Energy,DEV_VAL,962,16750,16686,16749,16750,16813,16749,True
Energy,DEV_VAL,963,16751,16687,16750,16751,16814,16750,True
Energy,DEV_VAL,964,16752,16688,16751,16752,16815,16751,True
Energy,DEV_VAL,965,16753,16689,16752,16753,16816,16752,True
Energy,DEV_VAL,966,16754,16690,16753,16754,16817,16753,True
Energy,DEV_VAL,967,16755,16691,16754,16755,16818,16754,True
Energy,DEV_VAL,968,16756,16692,16755,16756,16819,16755,True
Energy,DEV_VAL,969,16757,16693,16756,16757,16820,16756,True
Energy,DEV_VAL,970,16758,16694,16757,16758,16821,16757,True
Energy,DEV_VAL,971,16759,16695,16758,16759,16822,16758,True
Energy,DEV_VAL,972,16760,16696,16759,16760,16823,16759,True
Energy,DEV_VAL,973,16761,16697,16760,16761,16824,16760,True
Energy,DEV_VAL,974,16762,16698,16761,16762,16825,16761,True
Energy,DEV_VAL,975,16763,16699,16762,16763,16826,16762,True
Energy,DEV_VAL,976,16764,16700,16763,16764,16827,16763,True
Energy,DEV_VAL,977,16765,16701,16764,16765,16828,16764,True
Energy,DEV_VAL,978,16766,16702,16765,16766,16829,16765,True
Energy,DEV_VAL,979,16767,16703,16766,16767,16830,16766,True
Energy,DEV_VAL,980,16768,16704,16767,16768,16831,16767,True
Energy,DEV_VAL,981,16769,16705,16768,16769,16832,16768,True
Energy,DEV_VAL,982,16770,16706,16769,16770,16833,16769,True
Energy,DEV_VAL,983,16771,16707,16770,16771,16834,16770,True
Energy,DEV_VAL,984,16772,16708,16771,16772,16835,16771,True
Energy,DEV_VAL,985,16773,16709,16772,16773,16836,16772,True
Energy,DEV_VAL,986,16774,16710,16773,16774,16837,16773,True
Energy,DEV_VAL,987,16775,16711,16774,16775,16838,16774,True
Energy,DEV_VAL,988,16776,16712,16775,16776,16839,16775,True
Energy,DEV_VAL,989,16777,16713,16776,16777,16840,16776,True
Energy,DEV_VAL,990,16778,16714,16777,16778,16841,16777,True
Energy,DEV_VAL,991,16779,16715,16778,16779,16842,16778,True
Energy,DEV_VAL,992,16780,16716,16779,16780,16843,16779,True
Energy,DEV_VAL,993,16781,16717,16780,16781,16844,16780,True
Energy,DEV_VAL,994,16782,16718,16781,16782,16845,16781,True
Energy,DEV_VAL,995,16783,16719,16782,16783,16846,16782,True
Energy,DEV_VAL,996,16784,16720,16783,16784,16847,16783,True
Energy,DEV_VAL,997,16785,16721,16784,16785,16848,16784,True
Energy,DEV_VAL,998,16786,16722,16785,16786,16849,16785,True
Energy,DEV_VAL,999,16787,16723,16786,16787,16850,16786,True
Energy,DEV_VAL,1000,16788,16724,16787,16788,16851,16787,True
Energy,DEV_VAL,1001,16789,16725,16788,16789,16852,16788,True
Energy,DEV_VAL,1002,16790,16726,16789,16790,16853,16789,True
Energy,DEV_VAL,1003,16791,16727,16790,16791,16854,16790,True
Energy,DEV_VAL,1004,16792,16728,16791,16792,16855,16791,True
Energy,DEV_VAL,1005,16793,16729,16792,16793,16856,16792,True
Energy,DEV_VAL,1006,16794,16730,16793,16794,16857,16793,True
Energy,DEV_VAL,1007,16795,16731,16794,16795,16858,16794,True
Energy,DEV_VAL,1008,16796,16732,16795,16796,16859,16795,True
Energy,DEV_VAL,1009,16797,16733,16796,16797,16860,16796,True
Energy,DEV_VAL,1010,16798,16734,16797,16798,16861,16797,True
Energy,DEV_VAL,1011,16799,16735,16798,16799,16862,16798,True
Energy,DEV_VAL,1012,16800,16736,16799,16800,16863,16799,True
Energy,DEV_VAL,1013,16801,16737,16800,16801,16864,16800,True
Energy,DEV_VAL,1014,16802,16738,16801,16802,16865,16801,True
Energy,DEV_VAL,1015,16803,16739,16802,16803,16866,16802,True
Energy,DEV_VAL,1016,16804,16740,16803,16804,16867,16803,True
Energy,DEV_VAL,1017,16805,16741,16804,16805,16868,16804,True
Energy,DEV_VAL,1018,16806,16742,16805,16806,16869,16805,True
Energy,DEV_VAL,1019,16807,16743,16806,16807,16870,16806,True
Energy,DEV_VAL,1020,16808,16744,16807,16808,16871,16807,True
Energy,DEV_VAL,1021,16809,16745,16808,16809,16872,16808,True
Energy,DEV_VAL,1022,16810,16746,16809,16810,16873,16809,True
Energy,DEV_VAL,1023,16811,16747,16810,16811,16874,16810,True
Energy,DEV_VAL,1024,16812,16748,16811,16812,16875,16811,True
Energy,DEV_VAL,1025,16813,16749,16812,16813,16876,16812,True
Energy,DEV_VAL,1026,16814,16750,16813,16814,16877,16813,True
Energy,DEV_VAL,1027,16815,16751,16814,16815,16878,16814,True
Energy,DEV_VAL,1028,16816,16752,16815,16816,16879,16815,True
Energy,DEV_VAL,1029,16817,16753,16816,16817,16880,16816,True
Energy,DEV_VAL,1030,16818,16754,16817,16818,16881,16817,True
Energy,DEV_VAL,1031,16819,16755,16818,16819,16882,16818,True
Energy,DEV_VAL,1032,16820,16756,16819,16820,16883,16819,True
Energy,DEV_VAL,1033,16821,16757,16820,16821,16884,16820,True
Energy,DEV_VAL,1034,16822,16758,16821,16822,16885,16821,True
Energy,DEV_VAL,1035,16823,16759,16822,16823,16886,16822,True
Energy,DEV_VAL,1036,16824,16760,16823,16824,16887,16823,True
Energy,DEV_VAL,1037,16825,16761,16824,16825,16888,16824,True
Energy,DEV_VAL,1038,16826,16762,16825,16826,16889,16825,True
Energy,DEV_VAL,1039,16827,16763,16826,16827,16890,16826,True
Energy,DEV_VAL,1040,16828,16764,16827,16828,16891,16827,True
Energy,DEV_VAL,1041,16829,16765,16828,16829,16892,16828,True
Energy,DEV_VAL,1042,16830,16766,16829,16830,16893,16829,True
Energy,DEV_VAL,1043,16831,16767,16830,16831,16894,16830,True
Energy,DEV_VAL,1044,16832,16768,16831,16832,16895,16831,True
Energy,DEV_VAL,1045,16833,16769,16832,16833,16896,16832,True
Energy,DEV_VAL,1046,16834,16770,16833,16834,16897,16833,True
Energy,DEV_VAL,1047,16835,16771,16834,16835,16898,16834,True
Energy,DEV_VAL,1048,16836,16772,16835,16836,16899,16835,True
Energy,DEV_VAL,1049,16837,16773,16836,16837,16900,16836,True
Energy,DEV_VAL,1050,16838,16774,16837,16838,16901,16837,True
Energy,DEV_VAL,1051,16839,16775,16838,16839,16902,16838,True
Energy,DEV_VAL,1052,16840,16776,16839,16840,16903,16839,True
Energy,DEV_VAL,1053,16841,16777,16840,16841,16904,16840,True
Energy,DEV_VAL,1054,16842,16778,16841,16842,16905,16841,True
Energy,DEV_VAL,1055,16843,16779,16842,16843,16906,16842,True
Energy,DEV_VAL,1056,16844,16780,16843,16844,16907,16843,True
Energy,DEV_VAL,1057,16845,16781,16844,16845,16908,16844,True
Energy,DEV_VAL,1058,16846,16782,16845,16846,16909,16845,True
Energy,DEV_VAL,1059,16847,16783,16846,16847,16910,16846,True
Energy,DEV_VAL,1060,16848,16784,16847,16848,16911,16847,True
Energy,DEV_VAL,1061,16849,16785,16848,16849,16912,16848,True
Energy,DEV_VAL,1062,16850,16786,16849,16850,16913,16849,True
Energy,DEV_VAL,1063,16851,16787,16850,16851,16914,16850,True
Energy,DEV_VAL,1064,16852,16788,16851,16852,16915,16851,True
Energy,DEV_VAL,1065,16853,16789,16852,16853,16916,16852,True
Energy,DEV_VAL,1066,16854,16790,16853,16854,16917,16853,True
Energy,DEV_VAL,1067,16855,16791,16854,16855,16918,16854,True
Energy,DEV_VAL,1068,16856,16792,16855,16856,16919,16855,True
Energy,DEV_VAL,1069,16857,16793,16856,16857,16920,16856,True
Energy,DEV_VAL,1070,16858,16794,16857,16858,16921,16857,True
Energy,DEV_VAL,1071,16859,16795,16858,16859,16922,16858,True
Energy,DEV_VAL,1072,16860,16796,16859,16860,16923,16859,True
Energy,DEV_VAL,1073,16861,16797,16860,16861,16924,16860,True
Energy,DEV_VAL,1074,16862,16798,16861,16862,16925,16861,True
Energy,DEV_VAL,1075,16863,16799,16862,16863,16926,16862,True
Energy,DEV_VAL,1076,16864,16800,16863,16864,16927,16863,True
Energy,DEV_VAL,1077,16865,16801,16864,16865,16928,16864,True
Energy,DEV_VAL,1078,16866,16802,16865,16866,16929,16865,True
Energy,DEV_VAL,1079,16867,16803,16866,16867,16930,16866,True
Energy,DEV_VAL,1080,16868,16804,16867,16868,16931,16867,True
Energy,DEV_VAL,1081,16869,16805,16868,16869,16932,16868,True
Energy,DEV_VAL,1082,16870,16806,16869,16870,16933,16869,True
Energy,DEV_VAL,1083,16871,16807,16870,16871,16934,16870,True
Energy,DEV_VAL,1084,16872,16808,16871,16872,16935,16871,True
Energy,DEV_VAL,1085,16873,16809,16872,16873,16936,16872,True
Energy,DEV_VAL,1086,16874,16810,16873,16874,16937,16873,True
Energy,DEV_VAL,1087,16875,16811,16874,16875,16938,16874,True
Energy,DEV_VAL,1088,16876,16812,16875,16876,16939,16875,True
Energy,DEV_VAL,1089,16877,16813,16876,16877,16940,16876,True
Energy,DEV_VAL,1090,16878,16814,16877,16878,16941,16877,True
Energy,DEV_VAL,1091,16879,16815,16878,16879,16942,16878,True
Energy,DEV_VAL,1092,16880,16816,16879,16880,16943,16879,True
Energy,DEV_VAL,1093,16881,16817,16880,16881,16944,16880,True
Energy,DEV_VAL,1094,16882,16818,16881,16882,16945,16881,True
Energy,DEV_VAL,1095,16883,16819,16882,16883,16946,16882,True
Energy,DEV_VAL,1096,16884,16820,16883,16884,16947,16883,True
Energy,DEV_VAL,1097,16885,16821,16884,16885,16948,16884,True
Energy,DEV_VAL,1098,16886,16822,16885,16886,16949,16885,True
Energy,DEV_VAL,1099,16887,16823,16886,16887,16950,16886,True
Energy,DEV_VAL,1100,16888,16824,16887,16888,16951,16887,True
Energy,DEV_VAL,1101,16889,16825,16888,16889,16952,16888,True
Energy,DEV_VAL,1102,16890,16826,16889,16890,16953,16889,True
Energy,DEV_VAL,1103,16891,16827,16890,16891,16954,16890,True
Energy,DEV_VAL,1104,16892,16828,16891,16892,16955,16891,True
Energy,DEV_VAL,1105,16893,16829,16892,16893,16956,16892,True
Energy,DEV_VAL,1106,16894,16830,16893,16894,16957,16893,True
Energy,DEV_VAL,1107,16895,16831,16894,16895,16958,16894,True
Energy,DEV_VAL,1108,16896,16832,16895,16896,16959,16895,True
Energy,DEV_VAL,1109,16897,16833,16896,16897,16960,16896,True
Energy,DEV_VAL,1110,16898,16834,16897,16898,16961,16897,True
Energy,DEV_VAL,1111,16899,16835,16898,16899,16962,16898,True
Energy,DEV_VAL,1112,16900,16836,16899,16900,16963,16899,True
Energy,DEV_VAL,1113,16901,16837,16900,16901,16964,16900,True
Energy,DEV_VAL,1114,16902,16838,16901,16902,16965,16901,True
Energy,DEV_VAL,1115,16903,16839,16902,16903,16966,16902,True
Energy,DEV_VAL,1116,16904,16840,16903,16904,16967,16903,True
Energy,DEV_VAL,1117,16905,16841,16904,16905,16968,16904,True
Energy,DEV_VAL,1118,16906,16842,16905,16906,16969,16905,True
Energy,DEV_VAL,1119,16907,16843,16906,16907,16970,16906,True
Energy,DEV_VAL,1120,16908,16844,16907,16908,16971,16907,True
Energy,DEV_VAL,1121,16909,16845,16908,16909,16972,16908,True
Energy,DEV_VAL,1122,16910,16846,16909,16910,16973,16909,True
Energy,DEV_VAL,1123,16911,16847,16910,16911,16974,16910,True
Energy,DEV_VAL,1124,16912,16848,16911,16912,16975,16911,True
Energy,DEV_VAL,1125,16913,16849,16912,16913,16976,16912,True
Energy,DEV_VAL,1126,16914,16850,16913,16914,16977,16913,True
Energy,DEV_VAL,1127,16915,16851,16914,16915,16978,16914,True
Energy,DEV_VAL,1128,16916,16852,16915,16916,16979,16915,True
Energy,DEV_VAL,1129,16917,16853,16916,16917,16980,16916,True
Energy,DEV_VAL,1130,16918,16854,16917,16918,16981,16917,True
Energy,DEV_VAL,1131,16919,16855,16918,16919,16982,16918,True
Energy,DEV_VAL,1132,16920,16856,16919,16920,16983,16919,True
Energy,DEV_VAL,1133,16921,16857,16920,16921,16984,16920,True
Energy,DEV_VAL,1134,16922,16858,16921,16922,16985,16921,True
Energy,DEV_VAL,1135,16923,16859,16922,16923,16986,16922,True
Energy,DEV_VAL,1136,16924,16860,16923,16924,16987,16923,True
Energy,DEV_VAL,1137,16925,16861,16924,16925,16988,16924,True
Energy,DEV_VAL,1138,16926,16862,16925,16926,16989,16925,True
Energy,DEV_VAL,1139,16927,16863,16926,16927,16990,16926,True
Energy,DEV_VAL,1140,16928,16864,16927,16928,16991,16927,True
Energy,DEV_VAL,1141,16929,16865,16928,16929,16992,16928,True
Energy,DEV_VAL,1142,16930,16866,16929,16930,16993,16929,True
Energy,DEV_VAL,1143,16931,16867,16930,16931,16994,16930,True
Energy,DEV_VAL,1144,16932,16868,16931,16932,16995,16931,True
Energy,DEV_VAL,1145,16933,16869,16932,16933,16996,16932,True
Energy,DEV_VAL,1146,16934,16870,16933,16934,16997,16933,True
Energy,DEV_VAL,1147,16935,16871,16934,16935,16998,16934,True
Energy,DEV_VAL,1148,16936,16872,16935,16936,16999,16935,True
Energy,DEV_VAL,1149,16937,16873,16936,16937,17000,16936,True
Energy,DEV_VAL,1150,16938,16874,16937,16938,17001,16937,True
Energy,DEV_VAL,1151,16939,16875,16938,16939,17002,16938,True
Energy,DEV_VAL,1152,16940,16876,16939,16940,17003,16939,True
Energy,DEV_VAL,1153,16941,16877,16940,16941,17004,16940,True
Energy,DEV_VAL,1154,16942,16878,16941,16942,17005,16941,True
Energy,DEV_VAL,1155,16943,16879,16942,16943,17006,16942,True
Energy,DEV_VAL,1156,16944,16880,16943,16944,17007,16943,True
Energy,DEV_VAL,1157,16945,16881,16944,16945,17008,16944,True
Energy,DEV_VAL,1158,16946,16882,16945,16946,17009,16945,True
Energy,DEV_VAL,1159,16947,16883,16946,16947,17010,16946,True
Energy,DEV_VAL,1160,16948,16884,16947,16948,17011,16947,True
Energy,DEV_VAL,1161,16949,16885,16948,16949,17012,16948,True
Energy,DEV_VAL,1162,16950,16886,16949,16950,17013,16949,True
Energy,DEV_VAL,1163,16951,16887,16950,16951,17014,16950,True
Energy,DEV_VAL,1164,16952,16888,16951,16952,17015,16951,True
Energy,DEV_VAL,1165,16953,16889,16952,16953,17016,16952,True
Energy,DEV_VAL,1166,16954,16890,16953,16954,17017,16953,True
Energy,DEV_VAL,1167,16955,16891,16954,16955,17018,16954,True
Energy,DEV_VAL,1168,16956,16892,16955,16956,17019,16955,True
Energy,DEV_VAL,1169,16957,16893,16956,16957,17020,16956,True
Energy,DEV_VAL,1170,16958,16894,16957,16958,17021,16957,True
Energy,DEV_VAL,1171,16959,16895,16958,16959,17022,16958,True
Energy,DEV_VAL,1172,16960,16896,16959,16960,17023,16959,True
Energy,DEV_VAL,1173,16961,16897,16960,16961,17024,16960,True
Energy,DEV_VAL,1174,16962,16898,16961,16962,17025,16961,True
Energy,DEV_VAL,1175,16963,16899,16962,16963,17026,16962,True
Energy,DEV_VAL,1176,16964,16900,16963,16964,17027,16963,True
Energy,DEV_VAL,1177,16965,16901,16964,16965,17028,16964,True
Energy,DEV_VAL,1178,16966,16902,16965,16966,17029,16965,True
Energy,DEV_VAL,1179,16967,16903,16966,16967,17030,16966,True
Energy,DEV_VAL,1180,16968,16904,16967,16968,17031,16967,True
Energy,DEV_VAL,1181,16969,16905,16968,16969,17032,16968,True
Energy,DEV_VAL,1182,16970,16906,16969,16970,17033,16969,True
Energy,DEV_VAL,1183,16971,16907,16970,16971,17034,16970,True
Energy,DEV_VAL,1184,16972,16908,16971,16972,17035,16971,True
Energy,DEV_VAL,1185,16973,16909,16972,16973,17036,16972,True
Energy,DEV_VAL,1186,16974,16910,16973,16974,17037,16973,True
Energy,DEV_VAL,1187,16975,16911,16974,16975,17038,16974,True
Energy,DEV_VAL,1188,16976,16912,16975,16976,17039,16975,True
Energy,DEV_VAL,1189,16977,16913,16976,16977,17040,16976,True
Energy,DEV_VAL,1190,16978,16914,16977,16978,17041,16977,True
Energy,DEV_VAL,1191,16979,16915,16978,16979,17042,16978,True
Energy,DEV_VAL,1192,16980,16916,16979,16980,17043,16979,True
Energy,DEV_VAL,1193,16981,16917,16980,16981,17044,16980,True
Energy,DEV_VAL,1194,16982,16918,16981,16982,17045,16981,True
Energy,DEV_VAL,1195,16983,16919,16982,16983,17046,16982,True
Energy,DEV_VAL,1196,16984,16920,16983,16984,17047,16983,True
Energy,DEV_VAL,1197,16985,16921,16984,16985,17048,16984,True
Energy,DEV_VAL,1198,16986,16922,16985,16986,17049,16985,True
Energy,DEV_VAL,1199,16987,16923,16986,16987,17050,16986,True
Energy,DEV_VAL,1200,16988,16924,16987,16988,17051,16987,True
Energy,DEV_VAL,1201,16989,16925,16988,16989,17052,16988,True
Energy,DEV_VAL,1202,16990,16926,16989,16990,17053,16989,True
Energy,DEV_VAL,1203,16991,16927,16990,16991,17054,16990,True
Energy,DEV_VAL,1204,16992,16928,16991,16992,17055,16991,True
Energy,DEV_VAL,1205,16993,16929,16992,16993,17056,16992,True
Energy,DEV_VAL,1206,16994,16930,16993,16994,17057,16993,True
Energy,DEV_VAL,1207,16995,16931,16994,16995,17058,16994,True
Energy,DEV_VAL,1208,16996,16932,16995,16996,17059,16995,True
Energy,DEV_VAL,1209,16997,16933,16996,16997,17060,16996,True
Energy,DEV_VAL,1210,16998,16934,16997,16998,17061,16997,True
Energy,DEV_VAL,1211,16999,16935,16998,16999,17062,16998,True
Energy,DEV_VAL,1212,17000,16936,16999,17000,17063,16999,True
Energy,DEV_VAL,1213,17001,16937,17000,17001,17064,17000,True
Energy,DEV_VAL,1214,17002,16938,17001,17002,17065,17001,True
Energy,DEV_VAL,1215,17003,16939,17002,17003,17066,17002,True
Energy,DEV_VAL,1216,17004,16940,17003,17004,17067,17003,True
Energy,DEV_VAL,1217,17005,16941,17004,17005,17068,17004,True
Energy,DEV_VAL,1218,17006,16942,17005,17006,17069,17005,True
Energy,DEV_VAL,1219,17007,16943,17006,17007,17070,17006,True
Energy,DEV_VAL,1220,17008,16944,17007,17008,17071,17007,True
Energy,DEV_VAL,1221,17009,16945,17008,17009,17072,17008,True
Energy,DEV_VAL,1222,17010,16946,17009,17010,17073,17009,True
Energy,DEV_VAL,1223,17011,16947,17010,17011,17074,17010,True
Energy,DEV_VAL,1224,17012,16948,17011,17012,17075,17011,True
Energy,DEV_VAL,1225,17013,16949,17012,17013,17076,17012,True
Energy,DEV_VAL,1226,17014,16950,17013,17014,17077,17013,True
Energy,DEV_VAL,1227,17015,16951,17014,17015,17078,17014,True
Energy,DEV_VAL,1228,17016,16952,17015,17016,17079,17015,True
Energy,DEV_VAL,1229,17017,16953,17016,17017,17080,17016,True
Energy,DEV_VAL,1230,17018,16954,17017,17018,17081,17017,True
Energy,DEV_VAL,1231,17019,16955,17018,17019,17082,17018,True
Energy,DEV_VAL,1232,17020,16956,17019,17020,17083,17019,True
Energy,DEV_VAL,1233,17021,16957,17020,17021,17084,17020,True
Energy,DEV_VAL,1234,17022,16958,17021,17022,17085,17021,True
Energy,DEV_VAL,1235,17023,16959,17022,17023,17086,17022,True
Energy,DEV_VAL,1236,17024,16960,17023,17024,17087,17023,True
Energy,DEV_VAL,1237,17025,16961,17024,17025,17088,17024,True
Energy,DEV_VAL,1238,17026,16962,17025,17026,17089,17025,True
Energy,DEV_VAL,1239,17027,16963,17026,17027,17090,17026,True
Energy,DEV_VAL,1240,17028,16964,17027,17028,17091,17027,True
Energy,DEV_VAL,1241,17029,16965,17028,17029,17092,17028,True
Energy,DEV_VAL,1242,17030,16966,17029,17030,17093,17029,True
Energy,DEV_VAL,1243,17031,16967,17030,17031,17094,17030,True
Energy,DEV_VAL,1244,17032,16968,17031,17032,17095,17031,True
Energy,DEV_VAL,1245,17033,16969,17032,17033,17096,17032,True
Energy,DEV_VAL,1246,17034,16970,17033,17034,17097,17033,True
Energy,DEV_VAL,1247,17035,16971,17034,17035,17098,17034,True
Energy,DEV_VAL,1248,17036,16972,17035,17036,17099,17035,True
Energy,DEV_VAL,1249,17037,16973,17036,17037,17100,17036,True
Energy,DEV_VAL,1250,17038,16974,17037,17038,17101,17037,True
Energy,DEV_VAL,1251,17039,16975,17038,17039,17102,17038,True
Energy,DEV_VAL,1252,17040,16976,17039,17040,17103,17039,True
Energy,DEV_VAL,1253,17041,16977,17040,17041,17104,17040,True
Energy,DEV_VAL,1254,17042,16978,17041,17042,17105,17041,True
Energy,DEV_VAL,1255,17043,16979,17042,17043,17106,17042,True
Energy,DEV_VAL,1256,17044,16980,17043,17044,17107,17043,True
Energy,DEV_VAL,1257,17045,16981,17044,17045,17108,17044,True
Energy,DEV_VAL,1258,17046,16982,17045,17046,17109,17045,True
Energy,DEV_VAL,1259,17047,16983,17046,17047,17110,17046,True
Energy,DEV_VAL,1260,17048,16984,17047,17048,17111,17047,True
Energy,DEV_VAL,1261,17049,16985,17048,17049,17112,17048,True
Energy,DEV_VAL,1262,17050,16986,17049,17050,17113,17049,True
Energy,DEV_VAL,1263,17051,16987,17050,17051,17114,17050,True
Energy,DEV_VAL,1264,17052,16988,17051,17052,17115,17051,True
Energy,DEV_VAL,1265,17053,16989,17052,17053,17116,17052,True
Energy,DEV_VAL,1266,17054,16990,17053,17054,17117,17053,True
Energy,DEV_VAL,1267,17055,16991,17054,17055,17118,17054,True
Energy,DEV_VAL,1268,17056,16992,17055,17056,17119,17055,True
Energy,DEV_VAL,1269,17057,16993,17056,17057,17120,17056,True
Energy,DEV_VAL,1270,17058,16994,17057,17058,17121,17057,True
Energy,DEV_VAL,1271,17059,16995,17058,17059,17122,17058,True
Energy,DEV_VAL,1272,17060,16996,17059,17060,17123,17059,True
Energy,DEV_VAL,1273,17061,16997,17060,17061,17124,17060,True
Energy,DEV_VAL,1274,17062,16998,17061,17062,17125,17061,True
Energy,DEV_VAL,1275,17063,16999,17062,17063,17126,17062,True
Energy,DEV_VAL,1276,17064,17000,17063,17064,17127,17063,True
Energy,DEV_VAL,1277,17065,17001,17064,17065,17128,17064,True
Energy,DEV_VAL,1278,17066,17002,17065,17066,17129,17065,True
Energy,DEV_VAL,1279,17067,17003,17066,17067,17130,17066,True
Energy,DEV_VAL,1280,17068,17004,17067,17068,17131,17067,True
Energy,DEV_VAL,1281,17069,17005,17068,17069,17132,17068,True
Energy,DEV_VAL,1282,17070,17006,17069,17070,17133,17069,True
Energy,DEV_VAL,1283,17071,17007,17070,17071,17134,17070,True
Energy,DEV_VAL,1284,17072,17008,17071,17072,17135,17071,True
Energy,DEV_VAL,1285,17073,17009,17072,17073,17136,17072,True
Energy,DEV_VAL,1286,17074,17010,17073,17074,17137,17073,True
Energy,DEV_VAL,1287,17075,17011,17074,17075,17138,17074,True
Energy,DEV_VAL,1288,17076,17012,17075,17076,17139,17075,True
Energy,DEV_VAL,1289,17077,17013,17076,17077,17140,17076,True
Energy,DEV_VAL,1290,17078,17014,17077,17078,17141,17077,True
Energy,DEV_VAL,1291,17079,17015,17078,17079,17142,17078,True
Energy,DEV_VAL,1292,17080,17016,17079,17080,17143,17079,True
Energy,DEV_VAL,1293,17081,17017,17080,17081,17144,17080,True
Energy,DEV_VAL,1294,17082,17018,17081,17082,17145,17081,True
Energy,DEV_VAL,1295,17083,17019,17082,17083,17146,17082,True
Energy,DEV_VAL,1296,17084,17020,17083,17084,17147,17083,True
Energy,DEV_VAL,1297,17085,17021,17084,17085,17148,17084,True
Energy,DEV_VAL,1298,17086,17022,17085,17086,17149,17085,True
Energy,DEV_VAL,1299,17087,17023,17086,17087,17150,17086,True
Energy,DEV_VAL,1300,17088,17024,17087,17088,17151,17087,True
Energy,DEV_VAL,1301,17089,17025,17088,17089,17152,17088,True
Energy,DEV_VAL,1302,17090,17026,17089,17090,17153,17089,True
Energy,DEV_VAL,1303,17091,17027,17090,17091,17154,17090,True
Energy,DEV_VAL,1304,17092,17028,17091,17092,17155,17091,True
Energy,DEV_VAL,1305,17093,17029,17092,17093,17156,17092,True
Energy,DEV_VAL,1306,17094,17030,17093,17094,17157,17093,True
Energy,DEV_VAL,1307,17095,17031,17094,17095,17158,17094,True
Energy,DEV_VAL,1308,17096,17032,17095,17096,17159,17095,True
Energy,DEV_VAL,1309,17097,17033,17096,17097,17160,17096,True
Energy,DEV_VAL,1310,17098,17034,17097,17098,17161,17097,True
Energy,DEV_VAL,1311,17099,17035,17098,17099,17162,17098,True
Energy,DEV_VAL,1312,17100,17036,17099,17100,17163,17099,True
Energy,DEV_VAL,1313,17101,17037,17100,17101,17164,17100,True
Energy,DEV_VAL,1314,17102,17038,17101,17102,17165,17101,True
Energy,DEV_VAL,1315,17103,17039,17102,17103,17166,17102,True
Energy,DEV_VAL,1316,17104,17040,17103,17104,17167,17103,True
Energy,DEV_VAL,1317,17105,17041,17104,17105,17168,17104,True
Energy,DEV_VAL,1318,17106,17042,17105,17106,17169,17105,True
Energy,DEV_VAL,1319,17107,17043,17106,17107,17170,17106,True
Energy,DEV_VAL,1320,17108,17044,17107,17108,17171,17107,True
Energy,DEV_VAL,1321,17109,17045,17108,17109,17172,17108,True
Energy,DEV_VAL,1322,17110,17046,17109,17110,17173,17109,True
Energy,DEV_VAL,1323,17111,17047,17110,17111,17174,17110,True
Energy,DEV_VAL,1324,17112,17048,17111,17112,17175,17111,True
Energy,DEV_VAL,1325,17113,17049,17112,17113,17176,17112,True
Energy,DEV_VAL,1326,17114,17050,17113,17114,17177,17113,True
Energy,DEV_VAL,1327,17115,17051,17114,17115,17178,17114,True
Energy,DEV_VAL,1328,17116,17052,17115,17116,17179,17115,True
Energy,DEV_VAL,1329,17117,17053,17116,17117,17180,17116,True
Energy,DEV_VAL,1330,17118,17054,17117,17118,17181,17117,True
Energy,DEV_VAL,1331,17119,17055,17118,17119,17182,17118,True
Energy,DEV_VAL,1332,17120,17056,17119,17120,17183,17119,True
Energy,DEV_VAL,1333,17121,17057,17120,17121,17184,17120,True
Energy,DEV_VAL,1334,17122,17058,17121,17122,17185,17121,True
Energy,DEV_VAL,1335,17123,17059,17122,17123,17186,17122,True
Energy,DEV_VAL,1336,17124,17060,17123,17124,17187,17123,True
Energy,DEV_VAL,1337,17125,17061,17124,17125,17188,17124,True
Energy,DEV_VAL,1338,17126,17062,17125,17126,17189,17125,True
Energy,DEV_VAL,1339,17127,17063,17126,17127,17190,17126,True
Energy,DEV_VAL,1340,17128,17064,17127,17128,17191,17127,True
Energy,DEV_VAL,1341,17129,17065,17128,17129,17192,17128,True
Energy,DEV_VAL,1342,17130,17066,17129,17130,17193,17129,True
Energy,DEV_VAL,1343,17131,17067,17130,17131,17194,17130,True
Energy,DEV_VAL,1344,17132,17068,17131,17132,17195,17131,True
Energy,DEV_VAL,1345,17133,17069,17132,17133,17196,17132,True
Energy,DEV_VAL,1346,17134,17070,17133,17134,17197,17133,True
Energy,DEV_VAL,1347,17135,17071,17134,17135,17198,17134,True
Energy,DEV_VAL,1348,17136,17072,17135,17136,17199,17135,True
Energy,DEV_VAL,1349,17137,17073,17136,17137,17200,17136,True
Energy,DEV_VAL,1350,17138,17074,17137,17138,17201,17137,True
Energy,DEV_VAL,1351,17139,17075,17138,17139,17202,17138,True
Energy,DEV_VAL,1352,17140,17076,17139,17140,17203,17139,True
Energy,DEV_VAL,1353,17141,17077,17140,17141,17204,17140,True
Energy,DEV_VAL,1354,17142,17078,17141,17142,17205,17141,True
Energy,DEV_VAL,1355,17143,17079,17142,17143,17206,17142,True
Energy,DEV_VAL,1356,17144,17080,17143,17144,17207,17143,True
Energy,DEV_VAL,1357,17145,17081,17144,17145,17208,17144,True
Energy,DEV_VAL,1358,17146,17082,17145,17146,17209,17145,True
Energy,DEV_VAL,1359,17147,17083,17146,17147,17210,17146,True
Energy,DEV_VAL,1360,17148,17084,17147,17148,17211,17147,True
Energy,DEV_VAL,1361,17149,17085,17148,17149,17212,17148,True
Energy,DEV_VAL,1362,17150,17086,17149,17150,17213,17149,True
Energy,DEV_VAL,1363,17151,17087,17150,17151,17214,17150,True
Energy,DEV_VAL,1364,17152,17088,17151,17152,17215,17151,True
Energy,DEV_VAL,1365,17153,17089,17152,17153,17216,17152,True
Energy,DEV_VAL,1366,17154,17090,17153,17154,17217,17153,True
Energy,DEV_VAL,1367,17155,17091,17154,17155,17218,17154,True
Energy,DEV_VAL,1368,17156,17092,17155,17156,17219,17155,True
Energy,DEV_VAL,1369,17157,17093,17156,17157,17220,17156,True
Energy,DEV_VAL,1370,17158,17094,17157,17158,17221,17157,True
Energy,DEV_VAL,1371,17159,17095,17158,17159,17222,17158,True
Energy,DEV_VAL,1372,17160,17096,17159,17160,17223,17159,True
Energy,DEV_VAL,1373,17161,17097,17160,17161,17224,17160,True
Energy,DEV_VAL,1374,17162,17098,17161,17162,17225,17161,True
Energy,DEV_VAL,1375,17163,17099,17162,17163,17226,17162,True
Energy,DEV_VAL,1376,17164,17100,17163,17164,17227,17163,True
Energy,DEV_VAL,1377,17165,17101,17164,17165,17228,17164,True
Energy,DEV_VAL,1378,17166,17102,17165,17166,17229,17165,True
Energy,DEV_VAL,1379,17167,17103,17166,17167,17230,17166,True
Energy,DEV_VAL,1380,17168,17104,17167,17168,17231,17167,True
Energy,DEV_VAL,1381,17169,17105,17168,17169,17232,17168,True
Energy,DEV_VAL,1382,17170,17106,17169,17170,17233,17169,True
Energy,DEV_VAL,1383,17171,17107,17170,17171,17234,17170,True
Energy,DEV_VAL,1384,17172,17108,17171,17172,17235,17171,True
Energy,DEV_VAL,1385,17173,17109,17172,17173,17236,17172,True
Energy,DEV_VAL,1386,17174,17110,17173,17174,17237,17173,True
Energy,DEV_VAL,1387,17175,17111,17174,17175,17238,17174,True
Energy,DEV_VAL,1388,17176,17112,17175,17176,17239,17175,True
Energy,DEV_VAL,1389,17177,17113,17176,17177,17240,17176,True
Energy,DEV_VAL,1390,17178,17114,17177,17178,17241,17177,True
Energy,DEV_VAL,1391,17179,17115,17178,17179,17242,17178,True
Energy,DEV_VAL,1392,17180,17116,17179,17180,17243,17179,True
Energy,DEV_VAL,1393,17181,17117,17180,17181,17244,17180,True
Energy,DEV_VAL,1394,17182,17118,17181,17182,17245,17181,True
Energy,DEV_VAL,1395,17183,17119,17182,17183,17246,17182,True
Energy,DEV_VAL,1396,17184,17120,17183,17184,17247,17183,True
Energy,DEV_VAL,1397,17185,17121,17184,17185,17248,17184,True
Energy,DEV_VAL,1398,17186,17122,17185,17186,17249,17185,True
Energy,DEV_VAL,1399,17187,17123,17186,17187,17250,17186,True
Energy,DEV_VAL,1400,17188,17124,17187,17188,17251,17187,True
Energy,DEV_VAL,1401,17189,17125,17188,17189,17252,17188,True
Energy,DEV_VAL,1402,17190,17126,17189,17190,17253,17189,True
Energy,DEV_VAL,1403,17191,17127,17190,17191,17254,17190,True
Energy,DEV_VAL,1404,17192,17128,17191,17192,17255,17191,True
Energy,DEV_VAL,1405,17193,17129,17192,17193,17256,17192,True
Energy,DEV_VAL,1406,17194,17130,17193,17194,17257,17193,True
Energy,DEV_VAL,1407,17195,17131,17194,17195,17258,17194,True
Energy,DEV_VAL,1408,17196,17132,17195,17196,17259,17195,True
Energy,DEV_VAL,1409,17197,17133,17196,17197,17260,17196,True
Energy,DEV_VAL,1410,17198,17134,17197,17198,17261,17197,True
Energy,DEV_VAL,1411,17199,17135,17198,17199,17262,17198,True
Energy,DEV_VAL,1412,17200,17136,17199,17200,17263,17199,True
Energy,DEV_VAL,1413,17201,17137,17200,17201,17264,17200,True
Energy,DEV_VAL,1414,17202,17138,17201,17202,17265,17201,True
Energy,DEV_VAL,1415,17203,17139,17202,17203,17266,17202,True
Energy,DEV_VAL,1416,17204,17140,17203,17204,17267,17203,True
Energy,DEV_VAL,1417,17205,17141,17204,17205,17268,17204,True
Energy,DEV_VAL,1418,17206,17142,17205,17206,17269,17205,True
Energy,DEV_VAL,1419,17207,17143,17206,17207,17270,17206,True
Energy,DEV_VAL,1420,17208,17144,17207,17208,17271,17207,True
Energy,DEV_VAL,1421,17209,17145,17208,17209,17272,17208,True
Energy,DEV_VAL,1422,17210,17146,17209,17210,17273,17209,True
Energy,DEV_VAL,1423,17211,17147,17210,17211,17274,17210,True
Energy,DEV_VAL,1424,17212,17148,17211,17212,17275,17211,True
Energy,DEV_VAL,1425,17213,17149,17212,17213,17276,17212,True
Energy,DEV_VAL,1426,17214,17150,17213,17214,17277,17213,True
Energy,DEV_VAL,1427,17215,17151,17214,17215,17278,17214,True
Energy,DEV_VAL,1428,17216,17152,17215,17216,17279,17215,True
Energy,DEV_VAL,1429,17217,17153,17216,17217,17280,17216,True
Energy,DEV_VAL,1430,17218,17154,17217,17218,17281,17217,True
Energy,DEV_VAL,1431,17219,17155,17218,17219,17282,17218,True
Energy,DEV_VAL,1432,17220,17156,17219,17220,17283,17219,True
Energy,DEV_VAL,1433,17221,17157,17220,17221,17284,17220,True
Energy,DEV_VAL,1434,17222,17158,17221,17222,17285,17221,True
Energy,DEV_VAL,1435,17223,17159,17222,17223,17286,17222,True
Energy,DEV_VAL,1436,17224,17160,17223,17224,17287,17223,True
Energy,DEV_VAL,1437,17225,17161,17224,17225,17288,17224,True
Energy,DEV_VAL,1438,17226,17162,17225,17226,17289,17225,True
Energy,DEV_VAL,1439,17227,17163,17226,17227,17290,17226,True
Energy,DEV_VAL,1440,17228,17164,17227,17228,17291,17227,True
Energy,DEV_VAL,1441,17229,17165,17228,17229,17292,17228,True
Energy,DEV_VAL,1442,17230,17166,17229,17230,17293,17229,True
Energy,DEV_VAL,1443,17231,17167,17230,17231,17294,17230,True
Energy,DEV_VAL,1444,17232,17168,17231,17232,17295,17231,True
Energy,DEV_VAL,1445,17233,17169,17232,17233,17296,17232,True
Energy,DEV_VAL,1446,17234,17170,17233,17234,17297,17233,True
Energy,DEV_VAL,1447,17235,17171,17234,17235,17298,17234,True
Energy,DEV_VAL,1448,17236,17172,17235,17236,17299,17235,True
Energy,DEV_VAL,1449,17237,17173,17236,17237,17300,17236,True
Energy,DEV_VAL,1450,17238,17174,17237,17238,17301,17237,True
Energy,DEV_VAL,1451,17239,17175,17238,17239,17302,17238,True
Energy,DEV_VAL,1452,17240,17176,17239,17240,17303,17239,True
Energy,DEV_VAL,1453,17241,17177,17240,17241,17304,17240,True
Energy,DEV_VAL,1454,17242,17178,17241,17242,17305,17241,True
Energy,DEV_VAL,1455,17243,17179,17242,17243,17306,17242,True
Energy,DEV_VAL,1456,17244,17180,17243,17244,17307,17243,True
Energy,DEV_VAL,1457,17245,17181,17244,17245,17308,17244,True
Energy,DEV_VAL,1458,17246,17182,17245,17246,17309,17245,True
Energy,DEV_VAL,1459,17247,17183,17246,17247,17310,17246,True
Energy,DEV_VAL,1460,17248,17184,17247,17248,17311,17247,True
Energy,DEV_VAL,1461,17249,17185,17248,17249,17312,17248,True
Energy,DEV_VAL,1462,17250,17186,17249,17250,17313,17249,True
Energy,DEV_VAL,1463,17251,17187,17250,17251,17314,17250,True
Energy,DEV_VAL,1464,17252,17188,17251,17252,17315,17251,True
Energy,DEV_VAL,1465,17253,17189,17252,17253,17316,17252,True
Energy,DEV_VAL,1466,17254,17190,17253,17254,17317,17253,True
Energy,DEV_VAL,1467,17255,17191,17254,17255,17318,17254,True
Energy,DEV_VAL,1468,17256,17192,17255,17256,17319,17255,True
Energy,DEV_VAL,1469,17257,17193,17256,17257,17320,17256,True
Energy,DEV_VAL,1470,17258,17194,17257,17258,17321,17257,True
Energy,DEV_VAL,1471,17259,17195,17258,17259,17322,17258,True
Energy,DEV_VAL,1472,17260,17196,17259,17260,17323,17259,True
Energy,DEV_VAL,1473,17261,17197,17260,17261,17324,17260,True
Energy,DEV_VAL,1474,17262,17198,17261,17262,17325,17261,True
Energy,DEV_VAL,1475,17263,17199,17262,17263,17326,17262,True
Energy,DEV_VAL,1476,17264,17200,17263,17264,17327,17263,True
Energy,DEV_VAL,1477,17265,17201,17264,17265,17328,17264,True
Energy,DEV_VAL,1478,17266,17202,17265,17266,17329,17265,True
Energy,DEV_VAL,1479,17267,17203,17266,17267,17330,17266,True
Energy,DEV_VAL,1480,17268,17204,17267,17268,17331,17267,True
Energy,DEV_VAL,1481,17269,17205,17268,17269,17332,17268,True
Energy,DEV_VAL,1482,17270,17206,17269,17270,17333,17269,True
Energy,DEV_VAL,1483,17271,17207,17270,17271,17334,17270,True
Energy,DEV_VAL,1484,17272,17208,17271,17272,17335,17271,True
Energy,DEV_VAL,1485,17273,17209,17272,17273,17336,17272,True
Energy,DEV_VAL,1486,17274,17210,17273,17274,17337,17273,True
Energy,DEV_VAL,1487,17275,17211,17274,17275,17338,17274,True
Energy,DEV_VAL,1488,17276,17212,17275,17276,17339,17275,True
Energy,DEV_VAL,1489,17277,17213,17276,17277,17340,17276,True
Energy,DEV_VAL,1490,17278,17214,17277,17278,17341,17277,True
Energy,DEV_VAL,1491,17279,17215,17278,17279,17342,17278,True
Energy,DEV_VAL,1492,17280,17216,17279,17280,17343,17279,True
Energy,DEV_VAL,1493,17281,17217,17280,17281,17344,17280,True
Energy,DEV_VAL,1494,17282,17218,17281,17282,17345,17281,True
Energy,DEV_VAL,1495,17283,17219,17282,17283,17346,17282,True
Energy,DEV_VAL,1496,17284,17220,17283,17284,17347,17283,True
Energy,DEV_VAL,1497,17285,17221,17284,17285,17348,17284,True
Energy,DEV_VAL,1498,17286,17222,17285,17286,17349,17285,True
Energy,DEV_VAL,1499,17287,17223,17286,17287,17350,17286,True
Energy,DEV_VAL,1500,17288,17224,17287,17288,17351,17287,True
Energy,DEV_VAL,1501,17289,17225,17288,17289,17352,17288,True
Energy,DEV_VAL,1502,17290,17226,17289,17290,17353,17289,True
Energy,DEV_VAL,1503,17291,17227,17290,17291,17354,17290,True
Energy,DEV_VAL,1504,17292,17228,17291,17292,17355,17291,True
Energy,DEV_VAL,1505,17293,17229,17292,17293,17356,17292,True
Energy,DEV_VAL,1506,17294,17230,17293,17294,17357,17293,True
Energy,DEV_VAL,1507,17295,17231,17294,17295,17358,17294,True
Energy,DEV_VAL,1508,17296,17232,17295,17296,17359,17295,True
Energy,DEV_VAL,1509,17297,17233,17296,17297,17360,17296,True
Energy,DEV_VAL,1510,17298,17234,17297,17298,17361,17297,True
Energy,DEV_VAL,1511,17299,17235,17298,17299,17362,17298,True
Energy,DEV_VAL,1512,17300,17236,17299,17300,17363,17299,True
Energy,DEV_VAL,1513,17301,17237,17300,17301,17364,17300,True
Energy,DEV_VAL,1514,17302,17238,17301,17302,17365,17301,True
Energy,DEV_VAL,1515,17303,17239,17302,17303,17366,17302,True
Energy,DEV_VAL,1516,17304,17240,17303,17304,17367,17303,True
Energy,DEV_VAL,1517,17305,17241,17304,17305,17368,17304,True
Energy,DEV_VAL,1518,17306,17242,17305,17306,17369,17305,True
Energy,DEV_VAL,1519,17307,17243,17306,17307,17370,17306,True
Energy,DEV_VAL,1520,17308,17244,17307,17308,17371,17307,True
Energy,DEV_VAL,1521,17309,17245,17308,17309,17372,17308,True
Energy,DEV_VAL,1522,17310,17246,17309,17310,17373,17309,True
Energy,DEV_VAL,1523,17311,17247,17310,17311,17374,17310,True
Energy,DEV_VAL,1524,17312,17248,17311,17312,17375,17311,True
Energy,DEV_VAL,1525,17313,17249,17312,17313,17376,17312,True
Energy,DEV_VAL,1526,17314,17250,17313,17314,17377,17313,True
Energy,DEV_VAL,1527,17315,17251,17314,17315,17378,17314,True
Energy,DEV_VAL,1528,17316,17252,17315,17316,17379,17315,True
Energy,DEV_VAL,1529,17317,17253,17316,17317,17380,17316,True
Energy,DEV_VAL,1530,17318,17254,17317,17318,17381,17317,True
Energy,DEV_VAL,1531,17319,17255,17318,17319,17382,17318,True
Energy,DEV_VAL,1532,17320,17256,17319,17320,17383,17319,True
Energy,DEV_VAL,1533,17321,17257,17320,17321,17384,17320,True
Energy,DEV_VAL,1534,17322,17258,17321,17322,17385,17321,True
Energy,DEV_VAL,1535,17323,17259,17322,17323,17386,17322,True
Energy,DEV_VAL,1536,17324,17260,17323,17324,17387,17323,True
Energy,DEV_VAL,1537,17325,17261,17324,17325,17388,17324,True
Energy,DEV_VAL,1538,17326,17262,17325,17326,17389,17325,True
Energy,DEV_VAL,1539,17327,17263,17326,17327,17390,17326,True
Energy,DEV_VAL,1540,17328,17264,17327,17328,17391,17327,True
Energy,DEV_VAL,1541,17329,17265,17328,17329,17392,17328,True
Energy,DEV_VAL,1542,17330,17266,17329,17330,17393,17329,True
Energy,DEV_VAL,1543,17331,17267,17330,17331,17394,17330,True
Energy,DEV_VAL,1544,17332,17268,17331,17332,17395,17331,True
Energy,DEV_VAL,1545,17333,17269,17332,17333,17396,17332,True
Energy,DEV_VAL,1546,17334,17270,17333,17334,17397,17333,True
Energy,DEV_VAL,1547,17335,17271,17334,17335,17398,17334,True
Energy,DEV_VAL,1548,17336,17272,17335,17336,17399,17335,True
Energy,DEV_VAL,1549,17337,17273,17336,17337,17400,17336,True
Energy,DEV_VAL,1550,17338,17274,17337,17338,17401,17337,True
Energy,DEV_VAL,1551,17339,17275,17338,17339,17402,17338,True
Energy,DEV_VAL,1552,17340,17276,17339,17340,17403,17339,True
Energy,DEV_VAL,1553,17341,17277,17340,17341,17404,17340,True
Energy,DEV_VAL,1554,17342,17278,17341,17342,17405,17341,True
Energy,DEV_VAL,1555,17343,17279,17342,17343,17406,17342,True
Energy,DEV_VAL,1556,17344,17280,17343,17344,17407,17343,True
Energy,DEV_VAL,1557,17345,17281,17344,17345,17408,17344,True
Energy,DEV_VAL,1558,17346,17282,17345,17346,17409,17345,True
Energy,DEV_VAL,1559,17347,17283,17346,17347,17410,17346,True
Energy,DEV_VAL,1560,17348,17284,17347,17348,17411,17347,True
Energy,DEV_VAL,1561,17349,17285,17348,17349,17412,17348,True
Energy,DEV_VAL,1562,17350,17286,17349,17350,17413,17349,True
Energy,DEV_VAL,1563,17351,17287,17350,17351,17414,17350,True
Energy,DEV_VAL,1564,17352,17288,17351,17352,17415,17351,True
Energy,DEV_VAL,1565,17353,17289,17352,17353,17416,17352,True
Energy,DEV_VAL,1566,17354,17290,17353,17354,17417,17353,True
Energy,DEV_VAL,1567,17355,17291,17354,17355,17418,17354,True
Energy,DEV_VAL,1568,17356,17292,17355,17356,17419,17355,True
Energy,DEV_VAL,1569,17357,17293,17356,17357,17420,17356,True
Energy,DEV_VAL,1570,17358,17294,17357,17358,17421,17357,True
Energy,DEV_VAL,1571,17359,17295,17358,17359,17422,17358,True
Energy,DEV_VAL,1572,17360,17296,17359,17360,17423,17359,True
Energy,DEV_VAL,1573,17361,17297,17360,17361,17424,17360,True
Energy,DEV_VAL,1574,17362,17298,17361,17362,17425,17361,True
Energy,DEV_VAL,1575,17363,17299,17362,17363,17426,17362,True
Energy,DEV_VAL,1576,17364,17300,17363,17364,17427,17363,True
Energy,DEV_VAL,1577,17365,17301,17364,17365,17428,17364,True
Energy,DEV_VAL,1578,17366,17302,17365,17366,17429,17365,True
Energy,DEV_VAL,1579,17367,17303,17366,17367,17430,17366,True
Energy,DEV_VAL,1580,17368,17304,17367,17368,17431,17367,True
Energy,DEV_VAL,1581,17369,17305,17368,17369,17432,17368,True
Energy,DEV_VAL,1582,17370,17306,17369,17370,17433,17369,True
Energy,DEV_VAL,1583,17371,17307,17370,17371,17434,17370,True
Energy,DEV_VAL,1584,17372,17308,17371,17372,17435,17371,True
Energy,DEV_VAL,1585,17373,17309,17372,17373,17436,17372,True
Energy,DEV_VAL,1586,17374,17310,17373,17374,17437,17373,True
Energy,DEV_VAL,1587,17375,17311,17374,17375,17438,17374,True
Energy,DEV_VAL,1588,17376,17312,17375,17376,17439,17375,True
Energy,DEV_VAL,1589,17377,17313,17376,17377,17440,17376,True
Energy,DEV_VAL,1590,17378,17314,17377,17378,17441,17377,True
Energy,DEV_VAL,1591,17379,17315,17378,17379,17442,17378,True
Energy,DEV_VAL,1592,17380,17316,17379,17380,17443,17379,True
Energy,DEV_VAL,1593,17381,17317,17380,17381,17444,17380,True
Energy,DEV_VAL,1594,17382,17318,17381,17382,17445,17381,True
Energy,DEV_VAL,1595,17383,17319,17382,17383,17446,17382,True
Energy,DEV_VAL,1596,17384,17320,17383,17384,17447,17383,True
Energy,DEV_VAL,1597,17385,17321,17384,17385,17448,17384,True
Energy,DEV_VAL,1598,17386,17322,17385,17386,17449,17385,True
Energy,DEV_VAL,1599,17387,17323,17386,17387,17450,17386,True
Energy,DEV_VAL,1600,17388,17324,17387,17388,17451,17387,True
Energy,DEV_VAL,1601,17389,17325,17388,17389,17452,17388,True
Energy,DEV_VAL,1602,17390,17326,17389,17390,17453,17389,True
Energy,DEV_VAL,1603,17391,17327,17390,17391,17454,17390,True
Energy,DEV_VAL,1604,17392,17328,17391,17392,17455,17391,True
Energy,DEV_VAL,1605,17393,17329,17392,17393,17456,17392,True
Energy,DEV_VAL,1606,17394,17330,17393,17394,17457,17393,True
Energy,DEV_VAL,1607,17395,17331,17394,17395,17458,17394,True
Energy,DEV_VAL,1608,17396,17332,17395,17396,17459,17395,True
Energy,DEV_VAL,1609,17397,17333,17396,17397,17460,17396,True
Energy,DEV_VAL,1610,17398,17334,17397,17398,17461,17397,True
Energy,DEV_VAL,1611,17399,17335,17398,17399,17462,17398,True
Energy,DEV_VAL,1612,17400,17336,17399,17400,17463,17399,True
Energy,DEV_VAL,1613,17401,17337,17400,17401,17464,17400,True
Energy,DEV_VAL,1614,17402,17338,17401,17402,17465,17401,True
Energy,DEV_VAL,1615,17403,17339,17402,17403,17466,17402,True
Energy,DEV_VAL,1616,17404,17340,17403,17404,17467,17403,True
Energy,DEV_VAL,1617,17405,17341,17404,17405,17468,17404,True
Energy,DEV_VAL,1618,17406,17342,17405,17406,17469,17405,True
Energy,DEV_VAL,1619,17407,17343,17406,17407,17470,17406,True
Energy,DEV_VAL,1620,17408,17344,17407,17408,17471,17407,True
Energy,DEV_VAL,1621,17409,17345,17408,17409,17472,17408,True
Energy,DEV_VAL,1622,17410,17346,17409,17410,17473,17409,True
Energy,DEV_VAL,1623,17411,17347,17410,17411,17474,17410,True
Energy,DEV_VAL,1624,17412,17348,17411,17412,17475,17411,True
Energy,DEV_VAL,1625,17413,17349,17412,17413,17476,17412,True
Energy,DEV_VAL,1626,17414,17350,17413,17414,17477,17413,True
Energy,DEV_VAL,1627,17415,17351,17414,17415,17478,17414,True
Energy,DEV_VAL,1628,17416,17352,17415,17416,17479,17415,True
Energy,DEV_VAL,1629,17417,17353,17416,17417,17480,17416,True
Energy,DEV_VAL,1630,17418,17354,17417,17418,17481,17417,True
Energy,DEV_VAL,1631,17419,17355,17418,17419,17482,17418,True
Energy,DEV_VAL,1632,17420,17356,17419,17420,17483,17419,True
Energy,DEV_VAL,1633,17421,17357,17420,17421,17484,17420,True
Energy,DEV_VAL,1634,17422,17358,17421,17422,17485,17421,True
Energy,DEV_VAL,1635,17423,17359,17422,17423,17486,17422,True
Energy,DEV_VAL,1636,17424,17360,17423,17424,17487,17423,True
Energy,DEV_VAL,1637,17425,17361,17424,17425,17488,17424,True
Energy,DEV_VAL,1638,17426,17362,17425,17426,17489,17425,True
Energy,DEV_VAL,1639,17427,17363,17426,17427,17490,17426,True
Energy,DEV_VAL,1640,17428,17364,17427,17428,17491,17427,True
Energy,DEV_VAL,1641,17429,17365,17428,17429,17492,17428,True
Energy,DEV_VAL,1642,17430,17366,17429,17430,17493,17429,True
Energy,DEV_VAL,1643,17431,17367,17430,17431,17494,17430,True
Energy,DEV_VAL,1644,17432,17368,17431,17432,17495,17431,True
Energy,DEV_VAL,1645,17433,17369,17432,17433,17496,17432,True
Energy,DEV_VAL,1646,17434,17370,17433,17434,17497,17433,True
Energy,DEV_VAL,1647,17435,17371,17434,17435,17498,17434,True
Energy,DEV_VAL,1648,17436,17372,17435,17436,17499,17435,True
Energy,DEV_VAL,1649,17437,17373,17436,17437,17500,17436,True
Energy,DEV_VAL,1650,17438,17374,17437,17438,17501,17437,True
Energy,DEV_VAL,1651,17439,17375,17438,17439,17502,17438,True
Energy,DEV_VAL,1652,17440,17376,17439,17440,17503,17439,True
Energy,DEV_VAL,1653,17441,17377,17440,17441,17504,17440,True
Energy,DEV_VAL,1654,17442,17378,17441,17442,17505,17441,True
Energy,DEV_VAL,1655,17443,17379,17442,17443,17506,17442,True
Energy,DEV_VAL,1656,17444,17380,17443,17444,17507,17443,True
Energy,DEV_VAL,1657,17445,17381,17444,17445,17508,17444,True
Energy,DEV_VAL,1658,17446,17382,17445,17446,17509,17445,True
Energy,DEV_VAL,1659,17447,17383,17446,17447,17510,17446,True
Energy,DEV_VAL,1660,17448,17384,17447,17448,17511,17447,True
Energy,DEV_VAL,1661,17449,17385,17448,17449,17512,17448,True
Energy,DEV_VAL,1662,17450,17386,17449,17450,17513,17449,True
Energy,DEV_VAL,1663,17451,17387,17450,17451,17514,17450,True
Energy,DEV_VAL,1664,17452,17388,17451,17452,17515,17451,True
Energy,DEV_VAL,1665,17453,17389,17452,17453,17516,17452,True
Energy,DEV_VAL,1666,17454,17390,17453,17454,17517,17453,True
Energy,DEV_VAL,1667,17455,17391,17454,17455,17518,17454,True
Energy,DEV_VAL,1668,17456,17392,17455,17456,17519,17455,True
Energy,DEV_VAL,1669,17457,17393,17456,17457,17520,17456,True
Energy,DEV_VAL,1670,17458,17394,17457,17458,17521,17457,True
Energy,DEV_VAL,1671,17459,17395,17458,17459,17522,17458,True
Energy,DEV_VAL,1672,17460,17396,17459,17460,17523,17459,True
Energy,DEV_VAL,1673,17461,17397,17460,17461,17524,17460,True
Energy,DEV_VAL,1674,17462,17398,17461,17462,17525,17461,True
Energy,DEV_VAL,1675,17463,17399,17462,17463,17526,17462,True
Energy,DEV_VAL,1676,17464,17400,17463,17464,17527,17463,True
Energy,DEV_VAL,1677,17465,17401,17464,17465,17528,17464,True
Energy,DEV_VAL,1678,17466,17402,17465,17466,17529,17465,True
Energy,DEV_VAL,1679,17467,17403,17466,17467,17530,17466,True
Energy,DEV_VAL,1680,17468,17404,17467,17468,17531,17467,True
Energy,DEV_VAL,1681,17469,17405,17468,17469,17532,17468,True
Energy,DEV_VAL,1682,17470,17406,17469,17470,17533,17469,True
Energy,DEV_VAL,1683,17471,17407,17470,17471,17534,17470,True
Energy,DEV_VAL,1684,17472,17408,17471,17472,17535,17471,True
Energy,DEV_VAL,1685,17473,17409,17472,17473,17536,17472,True
Energy,DEV_VAL,1686,17474,17410,17473,17474,17537,17473,True
Energy,DEV_VAL,1687,17475,17411,17474,17475,17538,17474,True
Energy,DEV_VAL,1688,17476,17412,17475,17476,17539,17475,True
Energy,DEV_VAL,1689,17477,17413,17476,17477,17540,17476,True
Energy,DEV_VAL,1690,17478,17414,17477,17478,17541,17477,True
Energy,DEV_VAL,1691,17479,17415,17478,17479,17542,17478,True
Energy,DEV_VAL,1692,17480,17416,17479,17480,17543,17479,True
Energy,DEV_VAL,1693,17481,17417,17480,17481,17544,17480,True
Energy,DEV_VAL,1694,17482,17418,17481,17482,17545,17481,True
Energy,DEV_VAL,1695,17483,17419,17482,17483,17546,17482,True
Energy,DEV_VAL,1696,17484,17420,17483,17484,17547,17483,True
Energy,DEV_VAL,1697,17485,17421,17484,17485,17548,17484,True
Energy,DEV_VAL,1698,17486,17422,17485,17486,17549,17485,True
Energy,DEV_VAL,1699,17487,17423,17486,17487,17550,17486,True
Energy,DEV_VAL,1700,17488,17424,17487,17488,17551,17487,True
Energy,DEV_VAL,1701,17489,17425,17488,17489,17552,17488,True
Energy,DEV_VAL,1702,17490,17426,17489,17490,17553,17489,True
Energy,DEV_VAL,1703,17491,17427,17490,17491,17554,17490,True
Energy,DEV_VAL,1704,17492,17428,17491,17492,17555,17491,True
Energy,DEV_VAL,1705,17493,17429,17492,17493,17556,17492,True
Energy,DEV_VAL,1706,17494,17430,17493,17494,17557,17493,True
Energy,DEV_VAL,1707,17495,17431,17494,17495,17558,17494,True
Energy,DEV_VAL,1708,17496,17432,17495,17496,17559,17495,True
Energy,DEV_VAL,1709,17497,17433,17496,17497,17560,17496,True
Energy,DEV_VAL,1710,17498,17434,17497,17498,17561,17497,True
Energy,DEV_VAL,1711,17499,17435,17498,17499,17562,17498,True
Energy,DEV_VAL,1712,17500,17436,17499,17500,17563,17499,True
Energy,DEV_VAL,1713,17501,17437,17500,17501,17564,17500,True
Energy,DEV_VAL,1714,17502,17438,17501,17502,17565,17501,True
Energy,DEV_VAL,1715,17503,17439,17502,17503,17566,17502,True
Energy,DEV_VAL,1716,17504,17440,17503,17504,17567,17503,True
Energy,DEV_VAL,1717,17505,17441,17504,17505,17568,17504,True
Energy,DEV_VAL,1718,17506,17442,17505,17506,17569,17505,True
Energy,DEV_VAL,1719,17507,17443,17506,17507,17570,17506,True
Energy,DEV_VAL,1720,17508,17444,17507,17508,17571,17507,True
Energy,DEV_VAL,1721,17509,17445,17508,17509,17572,17508,True
Energy,DEV_VAL,1722,17510,17446,17509,17510,17573,17509,True
Energy,DEV_VAL,1723,17511,17447,17510,17511,17574,17510,True
Energy,DEV_VAL,1724,17512,17448,17511,17512,17575,17511,True
Energy,DEV_VAL,1725,17513,17449,17512,17513,17576,17512,True
Energy,DEV_VAL,1726,17514,17450,17513,17514,17577,17513,True
Energy,DEV_VAL,1727,17515,17451,17514,17515,17578,17514,True
Energy,DEV_VAL,1728,17516,17452,17515,17516,17579,17515,True
Energy,DEV_VAL,1729,17517,17453,17516,17517,17580,17516,True
Energy,DEV_VAL,1730,17518,17454,17517,17518,17581,17517,True
Energy,DEV_VAL,1731,17519,17455,17518,17519,17582,17518,True
Energy,DEV_VAL,1732,17520,17456,17519,17520,17583,17519,True
Energy,DEV_VAL,1733,17521,17457,17520,17521,17584,17520,True
Energy,DEV_VAL,1734,17522,17458,17521,17522,17585,17521,True
Energy,DEV_VAL,1735,17523,17459,17522,17523,17586,17522,True
Energy,DEV_VAL,1736,17524,17460,17523,17524,17587,17523,True
Energy,DEV_VAL,1737,17525,17461,17524,17525,17588,17524,True
Energy,DEV_VAL,1738,17526,17462,17525,17526,17589,17525,True
Energy,DEV_VAL,1739,17527,17463,17526,17527,17590,17526,True
Energy,DEV_VAL,1740,17528,17464,17527,17528,17591,17527,True
Energy,DEV_VAL,1741,17529,17465,17528,17529,17592,17528,True
Energy,DEV_VAL,1742,17530,17466,17529,17530,17593,17529,True
Energy,DEV_VAL,1743,17531,17467,17530,17531,17594,17530,True
Energy,DEV_VAL,1744,17532,17468,17531,17532,17595,17531,True
Energy,DEV_VAL,1745,17533,17469,17532,17533,17596,17532,True
Energy,DEV_VAL,1746,17534,17470,17533,17534,17597,17533,True
Energy,DEV_VAL,1747,17535,17471,17534,17535,17598,17534,True
Energy,DEV_VAL,1748,17536,17472,17535,17536,17599,17535,True
Energy,DEV_VAL,1749,17537,17473,17536,17537,17600,17536,True
Energy,DEV_VAL,1750,17538,17474,17537,17538,17601,17537,True
Energy,DEV_VAL,1751,17539,17475,17538,17539,17602,17538,True
Energy,DEV_VAL,1752,17540,17476,17539,17540,17603,17539,True
Energy,DEV_VAL,1753,17541,17477,17540,17541,17604,17540,True
Energy,DEV_VAL,1754,17542,17478,17541,17542,17605,17541,True
Energy,DEV_VAL,1755,17543,17479,17542,17543,17606,17542,True
Energy,DEV_VAL,1756,17544,17480,17543,17544,17607,17543,True
Energy,DEV_VAL,1757,17545,17481,17544,17545,17608,17544,True
Energy,DEV_VAL,1758,17546,17482,17545,17546,17609,17545,True
Energy,DEV_VAL,1759,17547,17483,17546,17547,17610,17546,True
Energy,DEV_VAL,1760,17548,17484,17547,17548,17611,17547,True
Energy,DEV_VAL,1761,17549,17485,17548,17549,17612,17548,True
Energy,DEV_VAL,1762,17550,17486,17549,17550,17613,17549,True
Energy,DEV_VAL,1763,17551,17487,17550,17551,17614,17550,True
Energy,DEV_VAL,1764,17552,17488,17551,17552,17615,17551,True
Energy,DEV_VAL,1765,17553,17489,17552,17553,17616,17552,True
Energy,DEV_VAL,1766,17554,17490,17553,17554,17617,17553,True
Energy,DEV_VAL,1767,17555,17491,17554,17555,17618,17554,True
Energy,DEV_VAL,1768,17556,17492,17555,17556,17619,17555,True
Energy,DEV_VAL,1769,17557,17493,17556,17557,17620,17556,True
Energy,DEV_VAL,1770,17558,17494,17557,17558,17621,17557,True
Energy,DEV_VAL,1771,17559,17495,17558,17559,17622,17558,True
Energy,DEV_VAL,1772,17560,17496,17559,17560,17623,17559,True
Energy,DEV_VAL,1773,17561,17497,17560,17561,17624,17560,True
Energy,DEV_VAL,1774,17562,17498,17561,17562,17625,17561,True
Energy,DEV_VAL,1775,17563,17499,17562,17563,17626,17562,True
Energy,DEV_VAL,1776,17564,17500,17563,17564,17627,17563,True
Energy,DEV_VAL,1777,17565,17501,17564,17565,17628,17564,True
Energy,DEV_VAL,1778,17566,17502,17565,17566,17629,17565,True
Energy,DEV_VAL,1779,17567,17503,17566,17567,17630,17566,True
Energy,DEV_VAL,1780,17568,17504,17567,17568,17631,17567,True
Energy,DEV_VAL,1781,17569,17505,17568,17569,17632,17568,True
Energy,DEV_VAL,1782,17570,17506,17569,17570,17633,17569,True
Energy,DEV_VAL,1783,17571,17507,17570,17571,17634,17570,True
Energy,DEV_VAL,1784,17572,17508,17571,17572,17635,17571,True
Energy,DEV_VAL,1785,17573,17509,17572,17573,17636,17572,True
Energy,DEV_VAL,1786,17574,17510,17573,17574,17637,17573,True
Energy,DEV_VAL,1787,17575,17511,17574,17575,17638,17574,True
Energy,DEV_VAL,1788,17576,17512,17575,17576,17639,17575,True
Energy,DEV_VAL,1789,17577,17513,17576,17577,17640,17576,True
Energy,DEV_VAL,1790,17578,17514,17577,17578,17641,17577,True
Energy,DEV_VAL,1791,17579,17515,17578,17579,17642,17578,True
Energy,DEV_VAL,1792,17580,17516,17579,17580,17643,17579,True
Energy,DEV_VAL,1793,17581,17517,17580,17581,17644,17580,True
Energy,DEV_VAL,1794,17582,17518,17581,17582,17645,17581,True
Energy,DEV_VAL,1795,17583,17519,17582,17583,17646,17582,True
Energy,DEV_VAL,1796,17584,17520,17583,17584,17647,17583,True
Energy,DEV_VAL,1797,17585,17521,17584,17585,17648,17584,True
Energy,DEV_VAL,1798,17586,17522,17585,17586,17649,17585,True
Energy,DEV_VAL,1799,17587,17523,17586,17587,17650,17586,True
Energy,DEV_VAL,1800,17588,17524,17587,17588,17651,17587,True
Energy,DEV_VAL,1801,17589,17525,17588,17589,17652,17588,True
Energy,DEV_VAL,1802,17590,17526,17589,17590,17653,17589,True
Energy,DEV_VAL,1803,17591,17527,17590,17591,17654,17590,True
Energy,DEV_VAL,1804,17592,17528,17591,17592,17655,17591,True
Energy,DEV_VAL,1805,17593,17529,17592,17593,17656,17592,True
Energy,DEV_VAL,1806,17594,17530,17593,17594,17657,17593,True
Energy,DEV_VAL,1807,17595,17531,17594,17595,17658,17594,True
Energy,DEV_VAL,1808,17596,17532,17595,17596,17659,17595,True
Energy,DEV_VAL,1809,17597,17533,17596,17597,17660,17596,True
Energy,DEV_VAL,1810,17598,17534,17597,17598,17661,17597,True
Energy,DEV_VAL,1811,17599,17535,17598,17599,17662,17598,True
Energy,DEV_VAL,1812,17600,17536,17599,17600,17663,17599,True
Energy,DEV_VAL,1813,17601,17537,17600,17601,17664,17600,True
Energy,DEV_VAL,1814,17602,17538,17601,17602,17665,17601,True
Energy,DEV_VAL,1815,17603,17539,17602,17603,17666,17602,True
Energy,DEV_VAL,1816,17604,17540,17603,17604,17667,17603,True
Energy,DEV_VAL,1817,17605,17541,17604,17605,17668,17604,True
Energy,DEV_VAL,1818,17606,17542,17605,17606,17669,17605,True
Energy,DEV_VAL,1819,17607,17543,17606,17607,17670,17606,True
Energy,DEV_VAL,1820,17608,17544,17607,17608,17671,17607,True
Energy,DEV_VAL,1821,17609,17545,17608,17609,17672,17608,True
Energy,DEV_VAL,1822,17610,17546,17609,17610,17673,17609,True
Energy,DEV_VAL,1823,17611,17547,17610,17611,17674,17610,True
Energy,DEV_VAL,1824,17612,17548,17611,17612,17675,17611,True
Energy,DEV_VAL,1825,17613,17549,17612,17613,17676,17612,True
Energy,DEV_VAL,1826,17614,17550,17613,17614,17677,17613,True
Energy,DEV_VAL,1827,17615,17551,17614,17615,17678,17614,True
Energy,DEV_VAL,1828,17616,17552,17615,17616,17679,17615,True
Energy,DEV_VAL,1829,17617,17553,17616,17617,17680,17616,True
Energy,DEV_VAL,1830,17618,17554,17617,17618,17681,17617,True
Energy,DEV_VAL,1831,17619,17555,17618,17619,17682,17618,True
Energy,DEV_VAL,1832,17620,17556,17619,17620,17683,17619,True
Energy,DEV_VAL,1833,17621,17557,17620,17621,17684,17620,True
Energy,DEV_VAL,1834,17622,17558,17621,17622,17685,17621,True
Energy,DEV_VAL,1835,17623,17559,17622,17623,17686,17622,True
Energy,DEV_VAL,1836,17624,17560,17623,17624,17687,17623,True
Energy,DEV_VAL,1837,17625,17561,17624,17625,17688,17624,True
Energy,DEV_VAL,1838,17626,17562,17625,17626,17689,17625,True
Energy,DEV_VAL,1839,17627,17563,17626,17627,17690,17626,True
Energy,DEV_VAL,1840,17628,17564,17627,17628,17691,17627,True
Energy,DEV_VAL,1841,17629,17565,17628,17629,17692,17628,True
Energy,DEV_VAL,1842,17630,17566,17629,17630,17693,17629,True
Energy,DEV_VAL,1843,17631,17567,17630,17631,17694,17630,True
Energy,DEV_VAL,1844,17632,17568,17631,17632,17695,17631,True
Energy,DEV_VAL,1845,17633,17569,17632,17633,17696,17632,True
Energy,DEV_VAL,1846,17634,17570,17633,17634,17697,17633,True
Energy,DEV_VAL,1847,17635,17571,17634,17635,17698,17634,True
Energy,DEV_VAL,1848,17636,17572,17635,17636,17699,17635,True
Energy,DEV_VAL,1849,17637,17573,17636,17637,17700,17636,True
Energy,DEV_VAL,1850,17638,17574,17637,17638,17701,17637,True
Energy,DEV_VAL,1851,17639,17575,17638,17639,17702,17638,True
Energy,DEV_VAL,1852,17640,17576,17639,17640,17703,17639,True
Energy,DEV_VAL,1853,17641,17577,17640,17641,17704,17640,True
Energy,DEV_VAL,1854,17642,17578,17641,17642,17705,17641,True
Energy,DEV_VAL,1855,17643,17579,17642,17643,17706,17642,True
Energy,DEV_VAL,1856,17644,17580,17643,17644,17707,17643,True
Energy,DEV_VAL,1857,17645,17581,17644,17645,17708,17644,True
Energy,DEV_VAL,1858,17646,17582,17645,17646,17709,17645,True
Energy,DEV_VAL,1859,17647,17583,17646,17647,17710,17646,True
Energy,DEV_VAL,1860,17648,17584,17647,17648,17711,17647,True
Energy,DEV_VAL,1861,17649,17585,17648,17649,17712,17648,True
Energy,DEV_VAL,1862,17650,17586,17649,17650,17713,17649,True
Energy,DEV_VAL,1863,17651,17587,17650,17651,17714,17650,True
Energy,DEV_VAL,1864,17652,17588,17651,17652,17715,17651,True
Energy,DEV_VAL,1865,17653,17589,17652,17653,17716,17652,True
Energy,DEV_VAL,1866,17654,17590,17653,17654,17717,17653,True
Energy,DEV_VAL,1867,17655,17591,17654,17655,17718,17654,True
Energy,DEV_VAL,1868,17656,17592,17655,17656,17719,17655,True
Energy,DEV_VAL,1869,17657,17593,17656,17657,17720,17656,True
Energy,DEV_VAL,1870,17658,17594,17657,17658,17721,17657,True
Energy,DEV_VAL,1871,17659,17595,17658,17659,17722,17658,True
Energy,DEV_VAL,1872,17660,17596,17659,17660,17723,17659,True
Energy,DEV_VAL,1873,17661,17597,17660,17661,17724,17660,True
Energy,DEV_VAL,1874,17662,17598,17661,17662,17725,17661,True
Energy,DEV_VAL,1875,17663,17599,17662,17663,17726,17662,True
Energy,DEV_VAL,1876,17664,17600,17663,17664,17727,17663,True
Energy,DEV_VAL,1877,17665,17601,17664,17665,17728,17664,True
Energy,DEV_VAL,1878,17666,17602,17665,17666,17729,17665,True
Energy,DEV_VAL,1879,17667,17603,17666,17667,17730,17666,True
Energy,DEV_VAL,1880,17668,17604,17667,17668,17731,17667,True
Energy,DEV_VAL,1881,17669,17605,17668,17669,17732,17668,True
Energy,DEV_VAL,1882,17670,17606,17669,17670,17733,17669,True
Energy,DEV_VAL,1883,17671,17607,17670,17671,17734,17670,True
Energy,DEV_VAL,1884,17672,17608,17671,17672,17735,17671,True
Energy,DEV_VAL,1885,17673,17609,17672,17673,17736,17672,True
Energy,DEV_VAL,1886,17674,17610,17673,17674,17737,17673,True
Energy,DEV_VAL,1887,17675,17611,17674,17675,17738,17674,True
Energy,DEV_VAL,1888,17676,17612,17675,17676,17739,17675,True
Energy,DEV_VAL,1889,17677,17613,17676,17677,17740,17676,True
Energy,DEV_VAL,1890,17678,17614,17677,17678,17741,17677,True
Energy,DEV_VAL,1891,17679,17615,17678,17679,17742,17678,True
Energy,DEV_VAL,1892,17680,17616,17679,17680,17743,17679,True
Energy,DEV_VAL,1893,17681,17617,17680,17681,17744,17680,True
Energy,DEV_VAL,1894,17682,17618,17681,17682,17745,17681,True
Energy,DEV_VAL,1895,17683,17619,17682,17683,17746,17682,True
Energy,DEV_VAL,1896,17684,17620,17683,17684,17747,17683,True
Energy,DEV_VAL,1897,17685,17621,17684,17685,17748,17684,True
Energy,DEV_VAL,1898,17686,17622,17685,17686,17749,17685,True
Energy,DEV_VAL,1899,17687,17623,17686,17687,17750,17686,True
Energy,DEV_VAL,1900,17688,17624,17687,17688,17751,17687,True
Energy,DEV_VAL,1901,17689,17625,17688,17689,17752,17688,True
Energy,DEV_VAL,1902,17690,17626,17689,17690,17753,17689,True
Energy,DEV_VAL,1903,17691,17627,17690,17691,17754,17690,True
Energy,DEV_VAL,1904,17692,17628,17691,17692,17755,17691,True
Energy,DEV_VAL,1905,17693,17629,17692,17693,17756,17692,True
Energy,DEV_VAL,1906,17694,17630,17693,17694,17757,17693,True
Energy,DEV_VAL,1907,17695,17631,17694,17695,17758,17694,True
Energy,DEV_VAL,1908,17696,17632,17695,17696,17759,17695,True
Energy,DEV_VAL,1909,17697,17633,17696,17697,17760,17696,True
Energy,DEV_VAL,1910,17698,17634,17697,17698,17761,17697,True
Energy,FINAL_TEST,0,17762,17698,17761,17762,17825,17761,True
Energy,FINAL_TEST,1,17763,17699,17762,17763,17826,17762,True
Energy,FINAL_TEST,2,17764,17700,17763,17764,17827,17763,True
Energy,FINAL_TEST,3,17765,17701,17764,17765,17828,17764,True
Energy,FINAL_TEST,4,17766,17702,17765,17766,17829,17765,True
Energy,FINAL_TEST,5,17767,17703,17766,17767,17830,17766,True
Energy,FINAL_TEST,6,17768,17704,17767,17768,17831,17767,True
Energy,FINAL_TEST,7,17769,17705,17768,17769,17832,17768,True
Energy,FINAL_TEST,8,17770,17706,17769,17770,17833,17769,True
Energy,FINAL_TEST,9,17771,17707,17770,17771,17834,17770,True
Energy,FINAL_TEST,10,17772,17708,17771,17772,17835,17771,True
Energy,FINAL_TEST,11,17773,17709,17772,17773,17836,17772,True
Energy,FINAL_TEST,12,17774,17710,17773,17774,17837,17773,True
Energy,FINAL_TEST,13,17775,17711,17774,17775,17838,17774,True
Energy,FINAL_TEST,14,17776,17712,17775,17776,17839,17775,True
Energy,FINAL_TEST,15,17777,17713,17776,17777,17840,17776,True
Energy,FINAL_TEST,16,17778,17714,17777,17778,17841,17777,True
Energy,FINAL_TEST,17,17779,17715,17778,17779,17842,17778,True
Energy,FINAL_TEST,18,17780,17716,17779,17780,17843,17779,True
Energy,FINAL_TEST,19,17781,17717,17780,17781,17844,17780,True
Energy,FINAL_TEST,20,17782,17718,17781,17782,17845,17781,True
Energy,FINAL_TEST,21,17783,17719,17782,17783,17846,17782,True
Energy,FINAL_TEST,22,17784,17720,17783,17784,17847,17783,True
Energy,FINAL_TEST,23,17785,17721,17784,17785,17848,17784,True
Energy,FINAL_TEST,24,17786,17722,17785,17786,17849,17785,True
Energy,FINAL_TEST,25,17787,17723,17786,17787,17850,17786,True
Energy,FINAL_TEST,26,17788,17724,17787,17788,17851,17787,True
Energy,FINAL_TEST,27,17789,17725,17788,17789,17852,17788,True
Energy,FINAL_TEST,28,17790,17726,17789,17790,17853,17789,True
Energy,FINAL_TEST,29,17791,17727,17790,17791,17854,17790,True
Energy,FINAL_TEST,30,17792,17728,17791,17792,17855,17791,True
Energy,FINAL_TEST,31,17793,17729,17792,17793,17856,17792,True
Energy,FINAL_TEST,32,17794,17730,17793,17794,17857,17793,True
Energy,FINAL_TEST,33,17795,17731,17794,17795,17858,17794,True
Energy,FINAL_TEST,34,17796,17732,17795,17796,17859,17795,True
Energy,FINAL_TEST,35,17797,17733,17796,17797,17860,17796,True
Energy,FINAL_TEST,36,17798,17734,17797,17798,17861,17797,True
Energy,FINAL_TEST,37,17799,17735,17798,17799,17862,17798,True
Energy,FINAL_TEST,38,17800,17736,17799,17800,17863,17799,True
Energy,FINAL_TEST,39,17801,17737,17800,17801,17864,17800,True
Energy,FINAL_TEST,40,17802,17738,17801,17802,17865,17801,True
Energy,FINAL_TEST,41,17803,17739,17802,17803,17866,17802,True
Energy,FINAL_TEST,42,17804,17740,17803,17804,17867,17803,True
Energy,FINAL_TEST,43,17805,17741,17804,17805,17868,17804,True
Energy,FINAL_TEST,44,17806,17742,17805,17806,17869,17805,True
Energy,FINAL_TEST,45,17807,17743,17806,17807,17870,17806,True
Energy,FINAL_TEST,46,17808,17744,17807,17808,17871,17807,True
Energy,FINAL_TEST,47,17809,17745,17808,17809,17872,17808,True
Energy,FINAL_TEST,48,17810,17746,17809,17810,17873,17809,True
Energy,FINAL_TEST,49,17811,17747,17810,17811,17874,17810,True
Energy,FINAL_TEST,50,17812,17748,17811,17812,17875,17811,True
Energy,FINAL_TEST,51,17813,17749,17812,17813,17876,17812,True
Energy,FINAL_TEST,52,17814,17750,17813,17814,17877,17813,True
Energy,FINAL_TEST,53,17815,17751,17814,17815,17878,17814,True
Energy,FINAL_TEST,54,17816,17752,17815,17816,17879,17815,True
Energy,FINAL_TEST,55,17817,17753,17816,17817,17880,17816,True
Energy,FINAL_TEST,56,17818,17754,17817,17818,17881,17817,True
Energy,FINAL_TEST,57,17819,17755,17818,17819,17882,17818,True
Energy,FINAL_TEST,58,17820,17756,17819,17820,17883,17819,True
Energy,FINAL_TEST,59,17821,17757,17820,17821,17884,17820,True
Energy,FINAL_TEST,60,17822,17758,17821,17822,17885,17821,True
Energy,FINAL_TEST,61,17823,17759,17822,17823,17886,17822,True
Energy,FINAL_TEST,62,17824,17760,17823,17824,17887,17823,True
Energy,FINAL_TEST,63,17825,17761,17824,17825,17888,17824,True
Energy,FINAL_TEST,64,17826,17762,17825,17826,17889,17825,True
Energy,FINAL_TEST,65,17827,17763,17826,17827,17890,17826,True
Energy,FINAL_TEST,66,17828,17764,17827,17828,17891,17827,True
Energy,FINAL_TEST,67,17829,17765,17828,17829,17892,17828,True
Energy,FINAL_TEST,68,17830,17766,17829,17830,17893,17829,True
Energy,FINAL_TEST,69,17831,17767,17830,17831,17894,17830,True
Energy,FINAL_TEST,70,17832,17768,17831,17832,17895,17831,True
Energy,FINAL_TEST,71,17833,17769,17832,17833,17896,17832,True
Energy,FINAL_TEST,72,17834,17770,17833,17834,17897,17833,True
Energy,FINAL_TEST,73,17835,17771,17834,17835,17898,17834,True
Energy,FINAL_TEST,74,17836,17772,17835,17836,17899,17835,True
Energy,FINAL_TEST,75,17837,17773,17836,17837,17900,17836,True
Energy,FINAL_TEST,76,17838,17774,17837,17838,17901,17837,True
Energy,FINAL_TEST,77,17839,17775,17838,17839,17902,17838,True
Energy,FINAL_TEST,78,17840,17776,17839,17840,17903,17839,True
Energy,FINAL_TEST,79,17841,17777,17840,17841,17904,17840,True
Energy,FINAL_TEST,80,17842,17778,17841,17842,17905,17841,True
Energy,FINAL_TEST,81,17843,17779,17842,17843,17906,17842,True
Energy,FINAL_TEST,82,17844,17780,17843,17844,17907,17843,True
Energy,FINAL_TEST,83,17845,17781,17844,17845,17908,17844,True
Energy,FINAL_TEST,84,17846,17782,17845,17846,17909,17845,True
Energy,FINAL_TEST,85,17847,17783,17846,17847,17910,17846,True
Energy,FINAL_TEST,86,17848,17784,17847,17848,17911,17847,True
Energy,FINAL_TEST,87,17849,17785,17848,17849,17912,17848,True
Energy,FINAL_TEST,88,17850,17786,17849,17850,17913,17849,True
Energy,FINAL_TEST,89,17851,17787,17850,17851,17914,17850,True
Energy,FINAL_TEST,90,17852,17788,17851,17852,17915,17851,True
Energy,FINAL_TEST,91,17853,17789,17852,17853,17916,17852,True
Energy,FINAL_TEST,92,17854,17790,17853,17854,17917,17853,True
Energy,FINAL_TEST,93,17855,17791,17854,17855,17918,17854,True
Energy,FINAL_TEST,94,17856,17792,17855,17856,17919,17855,True
Energy,FINAL_TEST,95,17857,17793,17856,17857,17920,17856,True
Energy,FINAL_TEST,96,17858,17794,17857,17858,17921,17857,True
Energy,FINAL_TEST,97,17859,17795,17858,17859,17922,17858,True
Energy,FINAL_TEST,98,17860,17796,17859,17860,17923,17859,True
Energy,FINAL_TEST,99,17861,17797,17860,17861,17924,17860,True
Energy,FINAL_TEST,100,17862,17798,17861,17862,17925,17861,True
Energy,FINAL_TEST,101,17863,17799,17862,17863,17926,17862,True
Energy,FINAL_TEST,102,17864,17800,17863,17864,17927,17863,True
Energy,FINAL_TEST,103,17865,17801,17864,17865,17928,17864,True
Energy,FINAL_TEST,104,17866,17802,17865,17866,17929,17865,True
Energy,FINAL_TEST,105,17867,17803,17866,17867,17930,17866,True
Energy,FINAL_TEST,106,17868,17804,17867,17868,17931,17867,True
Energy,FINAL_TEST,107,17869,17805,17868,17869,17932,17868,True
Energy,FINAL_TEST,108,17870,17806,17869,17870,17933,17869,True
Energy,FINAL_TEST,109,17871,17807,17870,17871,17934,17870,True
Energy,FINAL_TEST,110,17872,17808,17871,17872,17935,17871,True
Energy,FINAL_TEST,111,17873,17809,17872,17873,17936,17872,True
Energy,FINAL_TEST,112,17874,17810,17873,17874,17937,17873,True
Energy,FINAL_TEST,113,17875,17811,17874,17875,17938,17874,True
Energy,FINAL_TEST,114,17876,17812,17875,17876,17939,17875,True
Energy,FINAL_TEST,115,17877,17813,17876,17877,17940,17876,True
Energy,FINAL_TEST,116,17878,17814,17877,17878,17941,17877,True
Energy,FINAL_TEST,117,17879,17815,17878,17879,17942,17878,True
Energy,FINAL_TEST,118,17880,17816,17879,17880,17943,17879,True
Energy,FINAL_TEST,119,17881,17817,17880,17881,17944,17880,True
Energy,FINAL_TEST,120,17882,17818,17881,17882,17945,17881,True
Energy,FINAL_TEST,121,17883,17819,17882,17883,17946,17882,True
Energy,FINAL_TEST,122,17884,17820,17883,17884,17947,17883,True
Energy,FINAL_TEST,123,17885,17821,17884,17885,17948,17884,True
Energy,FINAL_TEST,124,17886,17822,17885,17886,17949,17885,True
Energy,FINAL_TEST,125,17887,17823,17886,17887,17950,17886,True
Energy,FINAL_TEST,126,17888,17824,17887,17888,17951,17887,True
Energy,FINAL_TEST,127,17889,17825,17888,17889,17952,17888,True
Energy,FINAL_TEST,128,17890,17826,17889,17890,17953,17889,True
Energy,FINAL_TEST,129,17891,17827,17890,17891,17954,17890,True
Energy,FINAL_TEST,130,17892,17828,17891,17892,17955,17891,True
Energy,FINAL_TEST,131,17893,17829,17892,17893,17956,17892,True
Energy,FINAL_TEST,132,17894,17830,17893,17894,17957,17893,True
Energy,FINAL_TEST,133,17895,17831,17894,17895,17958,17894,True
Energy,FINAL_TEST,134,17896,17832,17895,17896,17959,17895,True
Energy,FINAL_TEST,135,17897,17833,17896,17897,17960,17896,True
Energy,FINAL_TEST,136,17898,17834,17897,17898,17961,17897,True
Energy,FINAL_TEST,137,17899,17835,17898,17899,17962,17898,True
Energy,FINAL_TEST,138,17900,17836,17899,17900,17963,17899,True
Energy,FINAL_TEST,139,17901,17837,17900,17901,17964,17900,True
Energy,FINAL_TEST,140,17902,17838,17901,17902,17965,17901,True
Energy,FINAL_TEST,141,17903,17839,17902,17903,17966,17902,True
Energy,FINAL_TEST,142,17904,17840,17903,17904,17967,17903,True
Energy,FINAL_TEST,143,17905,17841,17904,17905,17968,17904,True
Energy,FINAL_TEST,144,17906,17842,17905,17906,17969,17905,True
Energy,FINAL_TEST,145,17907,17843,17906,17907,17970,17906,True
Energy,FINAL_TEST,146,17908,17844,17907,17908,17971,17907,True
Energy,FINAL_TEST,147,17909,17845,17908,17909,17972,17908,True
Energy,FINAL_TEST,148,17910,17846,17909,17910,17973,17909,True
Energy,FINAL_TEST,149,17911,17847,17910,17911,17974,17910,True
Energy,FINAL_TEST,150,17912,17848,17911,17912,17975,17911,True
Energy,FINAL_TEST,151,17913,17849,17912,17913,17976,17912,True
Energy,FINAL_TEST,152,17914,17850,17913,17914,17977,17913,True
Energy,FINAL_TEST,153,17915,17851,17914,17915,17978,17914,True
Energy,FINAL_TEST,154,17916,17852,17915,17916,17979,17915,True
Energy,FINAL_TEST,155,17917,17853,17916,17917,17980,17916,True
Energy,FINAL_TEST,156,17918,17854,17917,17918,17981,17917,True
Energy,FINAL_TEST,157,17919,17855,17918,17919,17982,17918,True
Energy,FINAL_TEST,158,17920,17856,17919,17920,17983,17919,True
Energy,FINAL_TEST,159,17921,17857,17920,17921,17984,17920,True
Energy,FINAL_TEST,160,17922,17858,17921,17922,17985,17921,True
Energy,FINAL_TEST,161,17923,17859,17922,17923,17986,17922,True
Energy,FINAL_TEST,162,17924,17860,17923,17924,17987,17923,True
Energy,FINAL_TEST,163,17925,17861,17924,17925,17988,17924,True
Energy,FINAL_TEST,164,17926,17862,17925,17926,17989,17925,True
Energy,FINAL_TEST,165,17927,17863,17926,17927,17990,17926,True
Energy,FINAL_TEST,166,17928,17864,17927,17928,17991,17927,True
Energy,FINAL_TEST,167,17929,17865,17928,17929,17992,17928,True
Energy,FINAL_TEST,168,17930,17866,17929,17930,17993,17929,True
Energy,FINAL_TEST,169,17931,17867,17930,17931,17994,17930,True
Energy,FINAL_TEST,170,17932,17868,17931,17932,17995,17931,True
Energy,FINAL_TEST,171,17933,17869,17932,17933,17996,17932,True
Energy,FINAL_TEST,172,17934,17870,17933,17934,17997,17933,True
Energy,FINAL_TEST,173,17935,17871,17934,17935,17998,17934,True
Energy,FINAL_TEST,174,17936,17872,17935,17936,17999,17935,True
Energy,FINAL_TEST,175,17937,17873,17936,17937,18000,17936,True
Energy,FINAL_TEST,176,17938,17874,17937,17938,18001,17937,True
Energy,FINAL_TEST,177,17939,17875,17938,17939,18002,17938,True
Energy,FINAL_TEST,178,17940,17876,17939,17940,18003,17939,True
Energy,FINAL_TEST,179,17941,17877,17940,17941,18004,17940,True
Energy,FINAL_TEST,180,17942,17878,17941,17942,18005,17941,True
Energy,FINAL_TEST,181,17943,17879,17942,17943,18006,17942,True
Energy,FINAL_TEST,182,17944,17880,17943,17944,18007,17943,True
Energy,FINAL_TEST,183,17945,17881,17944,17945,18008,17944,True
Energy,FINAL_TEST,184,17946,17882,17945,17946,18009,17945,True
Energy,FINAL_TEST,185,17947,17883,17946,17947,18010,17946,True
Energy,FINAL_TEST,186,17948,17884,17947,17948,18011,17947,True
Energy,FINAL_TEST,187,17949,17885,17948,17949,18012,17948,True
Energy,FINAL_TEST,188,17950,17886,17949,17950,18013,17949,True
Energy,FINAL_TEST,189,17951,17887,17950,17951,18014,17950,True
Energy,FINAL_TEST,190,17952,17888,17951,17952,18015,17951,True
Energy,FINAL_TEST,191,17953,17889,17952,17953,18016,17952,True
Energy,FINAL_TEST,192,17954,17890,17953,17954,18017,17953,True
Energy,FINAL_TEST,193,17955,17891,17954,17955,18018,17954,True
Energy,FINAL_TEST,194,17956,17892,17955,17956,18019,17955,True
Energy,FINAL_TEST,195,17957,17893,17956,17957,18020,17956,True
Energy,FINAL_TEST,196,17958,17894,17957,17958,18021,17957,True
Energy,FINAL_TEST,197,17959,17895,17958,17959,18022,17958,True
Energy,FINAL_TEST,198,17960,17896,17959,17960,18023,17959,True
Energy,FINAL_TEST,199,17961,17897,17960,17961,18024,17960,True
Energy,FINAL_TEST,200,17962,17898,17961,17962,18025,17961,True
Energy,FINAL_TEST,201,17963,17899,17962,17963,18026,17962,True
Energy,FINAL_TEST,202,17964,17900,17963,17964,18027,17963,True
Energy,FINAL_TEST,203,17965,17901,17964,17965,18028,17964,True
Energy,FINAL_TEST,204,17966,17902,17965,17966,18029,17965,True
Energy,FINAL_TEST,205,17967,17903,17966,17967,18030,17966,True
Energy,FINAL_TEST,206,17968,17904,17967,17968,18031,17967,True
Energy,FINAL_TEST,207,17969,17905,17968,17969,18032,17968,True
Energy,FINAL_TEST,208,17970,17906,17969,17970,18033,17969,True
Energy,FINAL_TEST,209,17971,17907,17970,17971,18034,17970,True
Energy,FINAL_TEST,210,17972,17908,17971,17972,18035,17971,True
Energy,FINAL_TEST,211,17973,17909,17972,17973,18036,17972,True
Energy,FINAL_TEST,212,17974,17910,17973,17974,18037,17973,True
Energy,FINAL_TEST,213,17975,17911,17974,17975,18038,17974,True
Energy,FINAL_TEST,214,17976,17912,17975,17976,18039,17975,True
Energy,FINAL_TEST,215,17977,17913,17976,17977,18040,17976,True
Energy,FINAL_TEST,216,17978,17914,17977,17978,18041,17977,True
Energy,FINAL_TEST,217,17979,17915,17978,17979,18042,17978,True
Energy,FINAL_TEST,218,17980,17916,17979,17980,18043,17979,True
Energy,FINAL_TEST,219,17981,17917,17980,17981,18044,17980,True
Energy,FINAL_TEST,220,17982,17918,17981,17982,18045,17981,True
Energy,FINAL_TEST,221,17983,17919,17982,17983,18046,17982,True
Energy,FINAL_TEST,222,17984,17920,17983,17984,18047,17983,True
Energy,FINAL_TEST,223,17985,17921,17984,17985,18048,17984,True
Energy,FINAL_TEST,224,17986,17922,17985,17986,18049,17985,True
Energy,FINAL_TEST,225,17987,17923,17986,17987,18050,17986,True
Energy,FINAL_TEST,226,17988,17924,17987,17988,18051,17987,True
Energy,FINAL_TEST,227,17989,17925,17988,17989,18052,17988,True
Energy,FINAL_TEST,228,17990,17926,17989,17990,18053,17989,True
Energy,FINAL_TEST,229,17991,17927,17990,17991,18054,17990,True
Energy,FINAL_TEST,230,17992,17928,17991,17992,18055,17991,True
Energy,FINAL_TEST,231,17993,17929,17992,17993,18056,17992,True
Energy,FINAL_TEST,232,17994,17930,17993,17994,18057,17993,True
Energy,FINAL_TEST,233,17995,17931,17994,17995,18058,17994,True
Energy,FINAL_TEST,234,17996,17932,17995,17996,18059,17995,True
Energy,FINAL_TEST,235,17997,17933,17996,17997,18060,17996,True
Energy,FINAL_TEST,236,17998,17934,17997,17998,18061,17997,True
Energy,FINAL_TEST,237,17999,17935,17998,17999,18062,17998,True
Energy,FINAL_TEST,238,18000,17936,17999,18000,18063,17999,True
Energy,FINAL_TEST,239,18001,17937,18000,18001,18064,18000,True
Energy,FINAL_TEST,240,18002,17938,18001,18002,18065,18001,True
Energy,FINAL_TEST,241,18003,17939,18002,18003,18066,18002,True
Energy,FINAL_TEST,242,18004,17940,18003,18004,18067,18003,True
Energy,FINAL_TEST,243,18005,17941,18004,18005,18068,18004,True
Energy,FINAL_TEST,244,18006,17942,18005,18006,18069,18005,True
Energy,FINAL_TEST,245,18007,17943,18006,18007,18070,18006,True
Energy,FINAL_TEST,246,18008,17944,18007,18008,18071,18007,True
Energy,FINAL_TEST,247,18009,17945,18008,18009,18072,18008,True
Energy,FINAL_TEST,248,18010,17946,18009,18010,18073,18009,True
Energy,FINAL_TEST,249,18011,17947,18010,18011,18074,18010,True
Energy,FINAL_TEST,250,18012,17948,18011,18012,18075,18011,True
Energy,FINAL_TEST,251,18013,17949,18012,18013,18076,18012,True
Energy,FINAL_TEST,252,18014,17950,18013,18014,18077,18013,True
Energy,FINAL_TEST,253,18015,17951,18014,18015,18078,18014,True
Energy,FINAL_TEST,254,18016,17952,18015,18016,18079,18015,True
Energy,FINAL_TEST,255,18017,17953,18016,18017,18080,18016,True
Energy,FINAL_TEST,256,18018,17954,18017,18018,18081,18017,True
Energy,FINAL_TEST,257,18019,17955,18018,18019,18082,18018,True
Energy,FINAL_TEST,258,18020,17956,18019,18020,18083,18019,True
Energy,FINAL_TEST,259,18021,17957,18020,18021,18084,18020,True
Energy,FINAL_TEST,260,18022,17958,18021,18022,18085,18021,True
Energy,FINAL_TEST,261,18023,17959,18022,18023,18086,18022,True
Energy,FINAL_TEST,262,18024,17960,18023,18024,18087,18023,True
Energy,FINAL_TEST,263,18025,17961,18024,18025,18088,18024,True
Energy,FINAL_TEST,264,18026,17962,18025,18026,18089,18025,True
Energy,FINAL_TEST,265,18027,17963,18026,18027,18090,18026,True
Energy,FINAL_TEST,266,18028,17964,18027,18028,18091,18027,True
Energy,FINAL_TEST,267,18029,17965,18028,18029,18092,18028,True
Energy,FINAL_TEST,268,18030,17966,18029,18030,18093,18029,True
Energy,FINAL_TEST,269,18031,17967,18030,18031,18094,18030,True
Energy,FINAL_TEST,270,18032,17968,18031,18032,18095,18031,True
Energy,FINAL_TEST,271,18033,17969,18032,18033,18096,18032,True
Energy,FINAL_TEST,272,18034,17970,18033,18034,18097,18033,True
Energy,FINAL_TEST,273,18035,17971,18034,18035,18098,18034,True
Energy,FINAL_TEST,274,18036,17972,18035,18036,18099,18035,True
Energy,FINAL_TEST,275,18037,17973,18036,18037,18100,18036,True
Energy,FINAL_TEST,276,18038,17974,18037,18038,18101,18037,True
Energy,FINAL_TEST,277,18039,17975,18038,18039,18102,18038,True
Energy,FINAL_TEST,278,18040,17976,18039,18040,18103,18039,True
Energy,FINAL_TEST,279,18041,17977,18040,18041,18104,18040,True
Energy,FINAL_TEST,280,18042,17978,18041,18042,18105,18041,True
Energy,FINAL_TEST,281,18043,17979,18042,18043,18106,18042,True
Energy,FINAL_TEST,282,18044,17980,18043,18044,18107,18043,True
Energy,FINAL_TEST,283,18045,17981,18044,18045,18108,18044,True
Energy,FINAL_TEST,284,18046,17982,18045,18046,18109,18045,True
Energy,FINAL_TEST,285,18047,17983,18046,18047,18110,18046,True
Energy,FINAL_TEST,286,18048,17984,18047,18048,18111,18047,True
Energy,FINAL_TEST,287,18049,17985,18048,18049,18112,18048,True
Energy,FINAL_TEST,288,18050,17986,18049,18050,18113,18049,True
Energy,FINAL_TEST,289,18051,17987,18050,18051,18114,18050,True
Energy,FINAL_TEST,290,18052,17988,18051,18052,18115,18051,True
Energy,FINAL_TEST,291,18053,17989,18052,18053,18116,18052,True
Energy,FINAL_TEST,292,18054,17990,18053,18054,18117,18053,True
Energy,FINAL_TEST,293,18055,17991,18054,18055,18118,18054,True
Energy,FINAL_TEST,294,18056,17992,18055,18056,18119,18055,True
Energy,FINAL_TEST,295,18057,17993,18056,18057,18120,18056,True
Energy,FINAL_TEST,296,18058,17994,18057,18058,18121,18057,True
Energy,FINAL_TEST,297,18059,17995,18058,18059,18122,18058,True
Energy,FINAL_TEST,298,18060,17996,18059,18060,18123,18059,True
Energy,FINAL_TEST,299,18061,17997,18060,18061,18124,18060,True
Energy,FINAL_TEST,300,18062,17998,18061,18062,18125,18061,True
Energy,FINAL_TEST,301,18063,17999,18062,18063,18126,18062,True
Energy,FINAL_TEST,302,18064,18000,18063,18064,18127,18063,True
Energy,FINAL_TEST,303,18065,18001,18064,18065,18128,18064,True
Energy,FINAL_TEST,304,18066,18002,18065,18066,18129,18065,True
Energy,FINAL_TEST,305,18067,18003,18066,18067,18130,18066,True
Energy,FINAL_TEST,306,18068,18004,18067,18068,18131,18067,True
Energy,FINAL_TEST,307,18069,18005,18068,18069,18132,18068,True
Energy,FINAL_TEST,308,18070,18006,18069,18070,18133,18069,True
Energy,FINAL_TEST,309,18071,18007,18070,18071,18134,18070,True
Energy,FINAL_TEST,310,18072,18008,18071,18072,18135,18071,True
Energy,FINAL_TEST,311,18073,18009,18072,18073,18136,18072,True
Energy,FINAL_TEST,312,18074,18010,18073,18074,18137,18073,True
Energy,FINAL_TEST,313,18075,18011,18074,18075,18138,18074,True
Energy,FINAL_TEST,314,18076,18012,18075,18076,18139,18075,True
Energy,FINAL_TEST,315,18077,18013,18076,18077,18140,18076,True
Energy,FINAL_TEST,316,18078,18014,18077,18078,18141,18077,True
Energy,FINAL_TEST,317,18079,18015,18078,18079,18142,18078,True
Energy,FINAL_TEST,318,18080,18016,18079,18080,18143,18079,True
Energy,FINAL_TEST,319,18081,18017,18080,18081,18144,18080,True
Energy,FINAL_TEST,320,18082,18018,18081,18082,18145,18081,True
Energy,FINAL_TEST,321,18083,18019,18082,18083,18146,18082,True
Energy,FINAL_TEST,322,18084,18020,18083,18084,18147,18083,True
Energy,FINAL_TEST,323,18085,18021,18084,18085,18148,18084,True
Energy,FINAL_TEST,324,18086,18022,18085,18086,18149,18085,True
Energy,FINAL_TEST,325,18087,18023,18086,18087,18150,18086,True
Energy,FINAL_TEST,326,18088,18024,18087,18088,18151,18087,True
Energy,FINAL_TEST,327,18089,18025,18088,18089,18152,18088,True
Energy,FINAL_TEST,328,18090,18026,18089,18090,18153,18089,True
Energy,FINAL_TEST,329,18091,18027,18090,18091,18154,18090,True
Energy,FINAL_TEST,330,18092,18028,18091,18092,18155,18091,True
Energy,FINAL_TEST,331,18093,18029,18092,18093,18156,18092,True
Energy,FINAL_TEST,332,18094,18030,18093,18094,18157,18093,True
Energy,FINAL_TEST,333,18095,18031,18094,18095,18158,18094,True
Energy,FINAL_TEST,334,18096,18032,18095,18096,18159,18095,True
Energy,FINAL_TEST,335,18097,18033,18096,18097,18160,18096,True
Energy,FINAL_TEST,336,18098,18034,18097,18098,18161,18097,True
Energy,FINAL_TEST,337,18099,18035,18098,18099,18162,18098,True
Energy,FINAL_TEST,338,18100,18036,18099,18100,18163,18099,True
Energy,FINAL_TEST,339,18101,18037,18100,18101,18164,18100,True
Energy,FINAL_TEST,340,18102,18038,18101,18102,18165,18101,True
Energy,FINAL_TEST,341,18103,18039,18102,18103,18166,18102,True
Energy,FINAL_TEST,342,18104,18040,18103,18104,18167,18103,True
Energy,FINAL_TEST,343,18105,18041,18104,18105,18168,18104,True
Energy,FINAL_TEST,344,18106,18042,18105,18106,18169,18105,True
Energy,FINAL_TEST,345,18107,18043,18106,18107,18170,18106,True
Energy,FINAL_TEST,346,18108,18044,18107,18108,18171,18107,True
Energy,FINAL_TEST,347,18109,18045,18108,18109,18172,18108,True
Energy,FINAL_TEST,348,18110,18046,18109,18110,18173,18109,True
Energy,FINAL_TEST,349,18111,18047,18110,18111,18174,18110,True
Energy,FINAL_TEST,350,18112,18048,18111,18112,18175,18111,True
Energy,FINAL_TEST,351,18113,18049,18112,18113,18176,18112,True
Energy,FINAL_TEST,352,18114,18050,18113,18114,18177,18113,True
Energy,FINAL_TEST,353,18115,18051,18114,18115,18178,18114,True
Energy,FINAL_TEST,354,18116,18052,18115,18116,18179,18115,True
Energy,FINAL_TEST,355,18117,18053,18116,18117,18180,18116,True
Energy,FINAL_TEST,356,18118,18054,18117,18118,18181,18117,True
Energy,FINAL_TEST,357,18119,18055,18118,18119,18182,18118,True
Energy,FINAL_TEST,358,18120,18056,18119,18120,18183,18119,True
Energy,FINAL_TEST,359,18121,18057,18120,18121,18184,18120,True
Energy,FINAL_TEST,360,18122,18058,18121,18122,18185,18121,True
Energy,FINAL_TEST,361,18123,18059,18122,18123,18186,18122,True
Energy,FINAL_TEST,362,18124,18060,18123,18124,18187,18123,True
Energy,FINAL_TEST,363,18125,18061,18124,18125,18188,18124,True
Energy,FINAL_TEST,364,18126,18062,18125,18126,18189,18125,True
Energy,FINAL_TEST,365,18127,18063,18126,18127,18190,18126,True
Energy,FINAL_TEST,366,18128,18064,18127,18128,18191,18127,True
Energy,FINAL_TEST,367,18129,18065,18128,18129,18192,18128,True
Energy,FINAL_TEST,368,18130,18066,18129,18130,18193,18129,True
Energy,FINAL_TEST,369,18131,18067,18130,18131,18194,18130,True
Energy,FINAL_TEST,370,18132,18068,18131,18132,18195,18131,True
Energy,FINAL_TEST,371,18133,18069,18132,18133,18196,18132,True
Energy,FINAL_TEST,372,18134,18070,18133,18134,18197,18133,True
Energy,FINAL_TEST,373,18135,18071,18134,18135,18198,18134,True
Energy,FINAL_TEST,374,18136,18072,18135,18136,18199,18135,True
Energy,FINAL_TEST,375,18137,18073,18136,18137,18200,18136,True
Energy,FINAL_TEST,376,18138,18074,18137,18138,18201,18137,True
Energy,FINAL_TEST,377,18139,18075,18138,18139,18202,18138,True
Energy,FINAL_TEST,378,18140,18076,18139,18140,18203,18139,True
Energy,FINAL_TEST,379,18141,18077,18140,18141,18204,18140,True
Energy,FINAL_TEST,380,18142,18078,18141,18142,18205,18141,True
Energy,FINAL_TEST,381,18143,18079,18142,18143,18206,18142,True
Energy,FINAL_TEST,382,18144,18080,18143,18144,18207,18143,True
Energy,FINAL_TEST,383,18145,18081,18144,18145,18208,18144,True
Energy,FINAL_TEST,384,18146,18082,18145,18146,18209,18145,True
Energy,FINAL_TEST,385,18147,18083,18146,18147,18210,18146,True
Energy,FINAL_TEST,386,18148,18084,18147,18148,18211,18147,True
Energy,FINAL_TEST,387,18149,18085,18148,18149,18212,18148,True
Energy,FINAL_TEST,388,18150,18086,18149,18150,18213,18149,True
Energy,FINAL_TEST,389,18151,18087,18150,18151,18214,18150,True
Energy,FINAL_TEST,390,18152,18088,18151,18152,18215,18151,True
Energy,FINAL_TEST,391,18153,18089,18152,18153,18216,18152,True
Energy,FINAL_TEST,392,18154,18090,18153,18154,18217,18153,True
Energy,FINAL_TEST,393,18155,18091,18154,18155,18218,18154,True
Energy,FINAL_TEST,394,18156,18092,18155,18156,18219,18155,True
Energy,FINAL_TEST,395,18157,18093,18156,18157,18220,18156,True
Energy,FINAL_TEST,396,18158,18094,18157,18158,18221,18157,True
Energy,FINAL_TEST,397,18159,18095,18158,18159,18222,18158,True
Energy,FINAL_TEST,398,18160,18096,18159,18160,18223,18159,True
Energy,FINAL_TEST,399,18161,18097,18160,18161,18224,18160,True
Energy,FINAL_TEST,400,18162,18098,18161,18162,18225,18161,True
Energy,FINAL_TEST,401,18163,18099,18162,18163,18226,18162,True
Energy,FINAL_TEST,402,18164,18100,18163,18164,18227,18163,True
Energy,FINAL_TEST,403,18165,18101,18164,18165,18228,18164,True
Energy,FINAL_TEST,404,18166,18102,18165,18166,18229,18165,True
Energy,FINAL_TEST,405,18167,18103,18166,18167,18230,18166,True
Energy,FINAL_TEST,406,18168,18104,18167,18168,18231,18167,True
Energy,FINAL_TEST,407,18169,18105,18168,18169,18232,18168,True
Energy,FINAL_TEST,408,18170,18106,18169,18170,18233,18169,True
Energy,FINAL_TEST,409,18171,18107,18170,18171,18234,18170,True
Energy,FINAL_TEST,410,18172,18108,18171,18172,18235,18171,True
Energy,FINAL_TEST,411,18173,18109,18172,18173,18236,18172,True
Energy,FINAL_TEST,412,18174,18110,18173,18174,18237,18173,True
Energy,FINAL_TEST,413,18175,18111,18174,18175,18238,18174,True
Energy,FINAL_TEST,414,18176,18112,18175,18176,18239,18175,True
Energy,FINAL_TEST,415,18177,18113,18176,18177,18240,18176,True
Energy,FINAL_TEST,416,18178,18114,18177,18178,18241,18177,True
Energy,FINAL_TEST,417,18179,18115,18178,18179,18242,18178,True
Energy,FINAL_TEST,418,18180,18116,18179,18180,18243,18179,True
Energy,FINAL_TEST,419,18181,18117,18180,18181,18244,18180,True
Energy,FINAL_TEST,420,18182,18118,18181,18182,18245,18181,True
Energy,FINAL_TEST,421,18183,18119,18182,18183,18246,18182,True
Energy,FINAL_TEST,422,18184,18120,18183,18184,18247,18183,True
Energy,FINAL_TEST,423,18185,18121,18184,18185,18248,18184,True
Energy,FINAL_TEST,424,18186,18122,18185,18186,18249,18185,True
Energy,FINAL_TEST,425,18187,18123,18186,18187,18250,18186,True
Energy,FINAL_TEST,426,18188,18124,18187,18188,18251,18187,True
Energy,FINAL_TEST,427,18189,18125,18188,18189,18252,18188,True
Energy,FINAL_TEST,428,18190,18126,18189,18190,18253,18189,True
Energy,FINAL_TEST,429,18191,18127,18190,18191,18254,18190,True
Energy,FINAL_TEST,430,18192,18128,18191,18192,18255,18191,True
Energy,FINAL_TEST,431,18193,18129,18192,18193,18256,18192,True
Energy,FINAL_TEST,432,18194,18130,18193,18194,18257,18193,True
Energy,FINAL_TEST,433,18195,18131,18194,18195,18258,18194,True
Energy,FINAL_TEST,434,18196,18132,18195,18196,18259,18195,True
Energy,FINAL_TEST,435,18197,18133,18196,18197,18260,18196,True
Energy,FINAL_TEST,436,18198,18134,18197,18198,18261,18197,True
Energy,FINAL_TEST,437,18199,18135,18198,18199,18262,18198,True
Energy,FINAL_TEST,438,18200,18136,18199,18200,18263,18199,True
Energy,FINAL_TEST,439,18201,18137,18200,18201,18264,18200,True
Energy,FINAL_TEST,440,18202,18138,18201,18202,18265,18201,True
Energy,FINAL_TEST,441,18203,18139,18202,18203,18266,18202,True
Energy,FINAL_TEST,442,18204,18140,18203,18204,18267,18203,True
Energy,FINAL_TEST,443,18205,18141,18204,18205,18268,18204,True
Energy,FINAL_TEST,444,18206,18142,18205,18206,18269,18205,True
Energy,FINAL_TEST,445,18207,18143,18206,18207,18270,18206,True
Energy,FINAL_TEST,446,18208,18144,18207,18208,18271,18207,True
Energy,FINAL_TEST,447,18209,18145,18208,18209,18272,18208,True
Energy,FINAL_TEST,448,18210,18146,18209,18210,18273,18209,True
Energy,FINAL_TEST,449,18211,18147,18210,18211,18274,18210,True
Energy,FINAL_TEST,450,18212,18148,18211,18212,18275,18211,True
Energy,FINAL_TEST,451,18213,18149,18212,18213,18276,18212,True
Energy,FINAL_TEST,452,18214,18150,18213,18214,18277,18213,True
Energy,FINAL_TEST,453,18215,18151,18214,18215,18278,18214,True
Energy,FINAL_TEST,454,18216,18152,18215,18216,18279,18215,True
Energy,FINAL_TEST,455,18217,18153,18216,18217,18280,18216,True
Energy,FINAL_TEST,456,18218,18154,18217,18218,18281,18217,True
Energy,FINAL_TEST,457,18219,18155,18218,18219,18282,18218,True
Energy,FINAL_TEST,458,18220,18156,18219,18220,18283,18219,True
Energy,FINAL_TEST,459,18221,18157,18220,18221,18284,18220,True
Energy,FINAL_TEST,460,18222,18158,18221,18222,18285,18221,True
Energy,FINAL_TEST,461,18223,18159,18222,18223,18286,18222,True
Energy,FINAL_TEST,462,18224,18160,18223,18224,18287,18223,True
Energy,FINAL_TEST,463,18225,18161,18224,18225,18288,18224,True
Energy,FINAL_TEST,464,18226,18162,18225,18226,18289,18225,True
Energy,FINAL_TEST,465,18227,18163,18226,18227,18290,18226,True
Energy,FINAL_TEST,466,18228,18164,18227,18228,18291,18227,True
Energy,FINAL_TEST,467,18229,18165,18228,18229,18292,18228,True
Energy,FINAL_TEST,468,18230,18166,18229,18230,18293,18229,True
Energy,FINAL_TEST,469,18231,18167,18230,18231,18294,18230,True
Energy,FINAL_TEST,470,18232,18168,18231,18232,18295,18231,True
Energy,FINAL_TEST,471,18233,18169,18232,18233,18296,18232,True
Energy,FINAL_TEST,472,18234,18170,18233,18234,18297,18233,True
Energy,FINAL_TEST,473,18235,18171,18234,18235,18298,18234,True
Energy,FINAL_TEST,474,18236,18172,18235,18236,18299,18235,True
Energy,FINAL_TEST,475,18237,18173,18236,18237,18300,18236,True
Energy,FINAL_TEST,476,18238,18174,18237,18238,18301,18237,True
Energy,FINAL_TEST,477,18239,18175,18238,18239,18302,18238,True
Energy,FINAL_TEST,478,18240,18176,18239,18240,18303,18239,True
Energy,FINAL_TEST,479,18241,18177,18240,18241,18304,18240,True
Energy,FINAL_TEST,480,18242,18178,18241,18242,18305,18241,True
Energy,FINAL_TEST,481,18243,18179,18242,18243,18306,18242,True
Energy,FINAL_TEST,482,18244,18180,18243,18244,18307,18243,True
Energy,FINAL_TEST,483,18245,18181,18244,18245,18308,18244,True
Energy,FINAL_TEST,484,18246,18182,18245,18246,18309,18245,True
Energy,FINAL_TEST,485,18247,18183,18246,18247,18310,18246,True
Energy,FINAL_TEST,486,18248,18184,18247,18248,18311,18247,True
Energy,FINAL_TEST,487,18249,18185,18248,18249,18312,18248,True
Energy,FINAL_TEST,488,18250,18186,18249,18250,18313,18249,True
Energy,FINAL_TEST,489,18251,18187,18250,18251,18314,18250,True
Energy,FINAL_TEST,490,18252,18188,18251,18252,18315,18251,True
Energy,FINAL_TEST,491,18253,18189,18252,18253,18316,18252,True
Energy,FINAL_TEST,492,18254,18190,18253,18254,18317,18253,True
Energy,FINAL_TEST,493,18255,18191,18254,18255,18318,18254,True
Energy,FINAL_TEST,494,18256,18192,18255,18256,18319,18255,True
Energy,FINAL_TEST,495,18257,18193,18256,18257,18320,18256,True
Energy,FINAL_TEST,496,18258,18194,18257,18258,18321,18257,True
Energy,FINAL_TEST,497,18259,18195,18258,18259,18322,18258,True
Energy,FINAL_TEST,498,18260,18196,18259,18260,18323,18259,True
Energy,FINAL_TEST,499,18261,18197,18260,18261,18324,18260,True
Energy,FINAL_TEST,500,18262,18198,18261,18262,18325,18261,True
Energy,FINAL_TEST,501,18263,18199,18262,18263,18326,18262,True
Energy,FINAL_TEST,502,18264,18200,18263,18264,18327,18263,True
Energy,FINAL_TEST,503,18265,18201,18264,18265,18328,18264,True
Energy,FINAL_TEST,504,18266,18202,18265,18266,18329,18265,True
Energy,FINAL_TEST,505,18267,18203,18266,18267,18330,18266,True
Energy,FINAL_TEST,506,18268,18204,18267,18268,18331,18267,True
Energy,FINAL_TEST,507,18269,18205,18268,18269,18332,18268,True
Energy,FINAL_TEST,508,18270,18206,18269,18270,18333,18269,True
Energy,FINAL_TEST,509,18271,18207,18270,18271,18334,18270,True
Energy,FINAL_TEST,510,18272,18208,18271,18272,18335,18271,True
Energy,FINAL_TEST,511,18273,18209,18272,18273,18336,18272,True
Energy,FINAL_TEST,512,18274,18210,18273,18274,18337,18273,True
Energy,FINAL_TEST,513,18275,18211,18274,18275,18338,18274,True
Energy,FINAL_TEST,514,18276,18212,18275,18276,18339,18275,True
Energy,FINAL_TEST,515,18277,18213,18276,18277,18340,18276,True
Energy,FINAL_TEST,516,18278,18214,18277,18278,18341,18277,True
Energy,FINAL_TEST,517,18279,18215,18278,18279,18342,18278,True
Energy,FINAL_TEST,518,18280,18216,18279,18280,18343,18279,True
Energy,FINAL_TEST,519,18281,18217,18280,18281,18344,18280,True
Energy,FINAL_TEST,520,18282,18218,18281,18282,18345,18281,True
Energy,FINAL_TEST,521,18283,18219,18282,18283,18346,18282,True
Energy,FINAL_TEST,522,18284,18220,18283,18284,18347,18283,True
Energy,FINAL_TEST,523,18285,18221,18284,18285,18348,18284,True
Energy,FINAL_TEST,524,18286,18222,18285,18286,18349,18285,True
Energy,FINAL_TEST,525,18287,18223,18286,18287,18350,18286,True
Energy,FINAL_TEST,526,18288,18224,18287,18288,18351,18287,True
Energy,FINAL_TEST,527,18289,18225,18288,18289,18352,18288,True
Energy,FINAL_TEST,528,18290,18226,18289,18290,18353,18289,True
Energy,FINAL_TEST,529,18291,18227,18290,18291,18354,18290,True
Energy,FINAL_TEST,530,18292,18228,18291,18292,18355,18291,True
Energy,FINAL_TEST,531,18293,18229,18292,18293,18356,18292,True
Energy,FINAL_TEST,532,18294,18230,18293,18294,18357,18293,True
Energy,FINAL_TEST,533,18295,18231,18294,18295,18358,18294,True
Energy,FINAL_TEST,534,18296,18232,18295,18296,18359,18295,True
Energy,FINAL_TEST,535,18297,18233,18296,18297,18360,18296,True
Energy,FINAL_TEST,536,18298,18234,18297,18298,18361,18297,True
Energy,FINAL_TEST,537,18299,18235,18298,18299,18362,18298,True
Energy,FINAL_TEST,538,18300,18236,18299,18300,18363,18299,True
Energy,FINAL_TEST,539,18301,18237,18300,18301,18364,18300,True
Energy,FINAL_TEST,540,18302,18238,18301,18302,18365,18301,True
Energy,FINAL_TEST,541,18303,18239,18302,18303,18366,18302,True
Energy,FINAL_TEST,542,18304,18240,18303,18304,18367,18303,True
Energy,FINAL_TEST,543,18305,18241,18304,18305,18368,18304,True
Energy,FINAL_TEST,544,18306,18242,18305,18306,18369,18305,True
Energy,FINAL_TEST,545,18307,18243,18306,18307,18370,18306,True
Energy,FINAL_TEST,546,18308,18244,18307,18308,18371,18307,True
Energy,FINAL_TEST,547,18309,18245,18308,18309,18372,18308,True
Energy,FINAL_TEST,548,18310,18246,18309,18310,18373,18309,True
Energy,FINAL_TEST,549,18311,18247,18310,18311,18374,18310,True
Energy,FINAL_TEST,550,18312,18248,18311,18312,18375,18311,True
Energy,FINAL_TEST,551,18313,18249,18312,18313,18376,18312,True
Energy,FINAL_TEST,552,18314,18250,18313,18314,18377,18313,True
Energy,FINAL_TEST,553,18315,18251,18314,18315,18378,18314,True
Energy,FINAL_TEST,554,18316,18252,18315,18316,18379,18315,True
Energy,FINAL_TEST,555,18317,18253,18316,18317,18380,18316,True
Energy,FINAL_TEST,556,18318,18254,18317,18318,18381,18317,True
Energy,FINAL_TEST,557,18319,18255,18318,18319,18382,18318,True
Energy,FINAL_TEST,558,18320,18256,18319,18320,18383,18319,True
Energy,FINAL_TEST,559,18321,18257,18320,18321,18384,18320,True
Energy,FINAL_TEST,560,18322,18258,18321,18322,18385,18321,True
Energy,FINAL_TEST,561,18323,18259,18322,18323,18386,18322,True
Energy,FINAL_TEST,562,18324,18260,18323,18324,18387,18323,True
Energy,FINAL_TEST,563,18325,18261,18324,18325,18388,18324,True
Energy,FINAL_TEST,564,18326,18262,18325,18326,18389,18325,True
Energy,FINAL_TEST,565,18327,18263,18326,18327,18390,18326,True
Energy,FINAL_TEST,566,18328,18264,18327,18328,18391,18327,True
Energy,FINAL_TEST,567,18329,18265,18328,18329,18392,18328,True
Energy,FINAL_TEST,568,18330,18266,18329,18330,18393,18329,True
Energy,FINAL_TEST,569,18331,18267,18330,18331,18394,18330,True
Energy,FINAL_TEST,570,18332,18268,18331,18332,18395,18331,True
Energy,FINAL_TEST,571,18333,18269,18332,18333,18396,18332,True
Energy,FINAL_TEST,572,18334,18270,18333,18334,18397,18333,True
Energy,FINAL_TEST,573,18335,18271,18334,18335,18398,18334,True
Energy,FINAL_TEST,574,18336,18272,18335,18336,18399,18335,True
Energy,FINAL_TEST,575,18337,18273,18336,18337,18400,18336,True
Energy,FINAL_TEST,576,18338,18274,18337,18338,18401,18337,True
Energy,FINAL_TEST,577,18339,18275,18338,18339,18402,18338,True
Energy,FINAL_TEST,578,18340,18276,18339,18340,18403,18339,True
Energy,FINAL_TEST,579,18341,18277,18340,18341,18404,18340,True
Energy,FINAL_TEST,580,18342,18278,18341,18342,18405,18341,True
Energy,FINAL_TEST,581,18343,18279,18342,18343,18406,18342,True
Energy,FINAL_TEST,582,18344,18280,18343,18344,18407,18343,True
Energy,FINAL_TEST,583,18345,18281,18344,18345,18408,18344,True
Energy,FINAL_TEST,584,18346,18282,18345,18346,18409,18345,True
Energy,FINAL_TEST,585,18347,18283,18346,18347,18410,18346,True
Energy,FINAL_TEST,586,18348,18284,18347,18348,18411,18347,True
Energy,FINAL_TEST,587,18349,18285,18348,18349,18412,18348,True
Energy,FINAL_TEST,588,18350,18286,18349,18350,18413,18349,True
Energy,FINAL_TEST,589,18351,18287,18350,18351,18414,18350,True
Energy,FINAL_TEST,590,18352,18288,18351,18352,18415,18351,True
Energy,FINAL_TEST,591,18353,18289,18352,18353,18416,18352,True
Energy,FINAL_TEST,592,18354,18290,18353,18354,18417,18353,True
Energy,FINAL_TEST,593,18355,18291,18354,18355,18418,18354,True
Energy,FINAL_TEST,594,18356,18292,18355,18356,18419,18355,True
Energy,FINAL_TEST,595,18357,18293,18356,18357,18420,18356,True
Energy,FINAL_TEST,596,18358,18294,18357,18358,18421,18357,True
Energy,FINAL_TEST,597,18359,18295,18358,18359,18422,18358,True
Energy,FINAL_TEST,598,18360,18296,18359,18360,18423,18359,True
Energy,FINAL_TEST,599,18361,18297,18360,18361,18424,18360,True
Energy,FINAL_TEST,600,18362,18298,18361,18362,18425,18361,True
Energy,FINAL_TEST,601,18363,18299,18362,18363,18426,18362,True
Energy,FINAL_TEST,602,18364,18300,18363,18364,18427,18363,True
Energy,FINAL_TEST,603,18365,18301,18364,18365,18428,18364,True
Energy,FINAL_TEST,604,18366,18302,18365,18366,18429,18365,True
Energy,FINAL_TEST,605,18367,18303,18366,18367,18430,18366,True
Energy,FINAL_TEST,606,18368,18304,18367,18368,18431,18367,True
Energy,FINAL_TEST,607,18369,18305,18368,18369,18432,18368,True
Energy,FINAL_TEST,608,18370,18306,18369,18370,18433,18369,True
Energy,FINAL_TEST,609,18371,18307,18370,18371,18434,18370,True
Energy,FINAL_TEST,610,18372,18308,18371,18372,18435,18371,True
Energy,FINAL_TEST,611,18373,18309,18372,18373,18436,18372,True
Energy,FINAL_TEST,612,18374,18310,18373,18374,18437,18373,True
Energy,FINAL_TEST,613,18375,18311,18374,18375,18438,18374,True
Energy,FINAL_TEST,614,18376,18312,18375,18376,18439,18375,True
Energy,FINAL_TEST,615,18377,18313,18376,18377,18440,18376,True
Energy,FINAL_TEST,616,18378,18314,18377,18378,18441,18377,True
Energy,FINAL_TEST,617,18379,18315,18378,18379,18442,18378,True
Energy,FINAL_TEST,618,18380,18316,18379,18380,18443,18379,True
Energy,FINAL_TEST,619,18381,18317,18380,18381,18444,18380,True
Energy,FINAL_TEST,620,18382,18318,18381,18382,18445,18381,True
Energy,FINAL_TEST,621,18383,18319,18382,18383,18446,18382,True
Energy,FINAL_TEST,622,18384,18320,18383,18384,18447,18383,True
Energy,FINAL_TEST,623,18385,18321,18384,18385,18448,18384,True
Energy,FINAL_TEST,624,18386,18322,18385,18386,18449,18385,True
Energy,FINAL_TEST,625,18387,18323,18386,18387,18450,18386,True
Energy,FINAL_TEST,626,18388,18324,18387,18388,18451,18387,True
Energy,FINAL_TEST,627,18389,18325,18388,18389,18452,18388,True
Energy,FINAL_TEST,628,18390,18326,18389,18390,18453,18389,True
Energy,FINAL_TEST,629,18391,18327,18390,18391,18454,18390,True
Energy,FINAL_TEST,630,18392,18328,18391,18392,18455,18391,True
Energy,FINAL_TEST,631,18393,18329,18392,18393,18456,18392,True
Energy,FINAL_TEST,632,18394,18330,18393,18394,18457,18393,True
Energy,FINAL_TEST,633,18395,18331,18394,18395,18458,18394,True
Energy,FINAL_TEST,634,18396,18332,18395,18396,18459,18395,True
Energy,FINAL_TEST,635,18397,18333,18396,18397,18460,18396,True
Energy,FINAL_TEST,636,18398,18334,18397,18398,18461,18397,True
Energy,FINAL_TEST,637,18399,18335,18398,18399,18462,18398,True
Energy,FINAL_TEST,638,18400,18336,18399,18400,18463,18399,True
Energy,FINAL_TEST,639,18401,18337,18400,18401,18464,18400,True
Energy,FINAL_TEST,640,18402,18338,18401,18402,18465,18401,True
Energy,FINAL_TEST,641,18403,18339,18402,18403,18466,18402,True
Energy,FINAL_TEST,642,18404,18340,18403,18404,18467,18403,True
Energy,FINAL_TEST,643,18405,18341,18404,18405,18468,18404,True
Energy,FINAL_TEST,644,18406,18342,18405,18406,18469,18405,True
Energy,FINAL_TEST,645,18407,18343,18406,18407,18470,18406,True
Energy,FINAL_TEST,646,18408,18344,18407,18408,18471,18407,True
Energy,FINAL_TEST,647,18409,18345,18408,18409,18472,18408,True
Energy,FINAL_TEST,648,18410,18346,18409,18410,18473,18409,True
Energy,FINAL_TEST,649,18411,18347,18410,18411,18474,18410,True
Energy,FINAL_TEST,650,18412,18348,18411,18412,18475,18411,True
Energy,FINAL_TEST,651,18413,18349,18412,18413,18476,18412,True
Energy,FINAL_TEST,652,18414,18350,18413,18414,18477,18413,True
Energy,FINAL_TEST,653,18415,18351,18414,18415,18478,18414,True
Energy,FINAL_TEST,654,18416,18352,18415,18416,18479,18415,True
Energy,FINAL_TEST,655,18417,18353,18416,18417,18480,18416,True
Energy,FINAL_TEST,656,18418,18354,18417,18418,18481,18417,True
Energy,FINAL_TEST,657,18419,18355,18418,18419,18482,18418,True
Energy,FINAL_TEST,658,18420,18356,18419,18420,18483,18419,True
Energy,FINAL_TEST,659,18421,18357,18420,18421,18484,18420,True
Energy,FINAL_TEST,660,18422,18358,18421,18422,18485,18421,True
Energy,FINAL_TEST,661,18423,18359,18422,18423,18486,18422,True
Energy,FINAL_TEST,662,18424,18360,18423,18424,18487,18423,True
Energy,FINAL_TEST,663,18425,18361,18424,18425,18488,18424,True
Energy,FINAL_TEST,664,18426,18362,18425,18426,18489,18425,True
Energy,FINAL_TEST,665,18427,18363,18426,18427,18490,18426,True
Energy,FINAL_TEST,666,18428,18364,18427,18428,18491,18427,True
Energy,FINAL_TEST,667,18429,18365,18428,18429,18492,18428,True
Energy,FINAL_TEST,668,18430,18366,18429,18430,18493,18429,True
Energy,FINAL_TEST,669,18431,18367,18430,18431,18494,18430,True
Energy,FINAL_TEST,670,18432,18368,18431,18432,18495,18431,True
Energy,FINAL_TEST,671,18433,18369,18432,18433,18496,18432,True
Energy,FINAL_TEST,672,18434,18370,18433,18434,18497,18433,True
Energy,FINAL_TEST,673,18435,18371,18434,18435,18498,18434,True
Energy,FINAL_TEST,674,18436,18372,18435,18436,18499,18435,True
Energy,FINAL_TEST,675,18437,18373,18436,18437,18500,18436,True
Energy,FINAL_TEST,676,18438,18374,18437,18438,18501,18437,True
Energy,FINAL_TEST,677,18439,18375,18438,18439,18502,18438,True
Energy,FINAL_TEST,678,18440,18376,18439,18440,18503,18439,True
Energy,FINAL_TEST,679,18441,18377,18440,18441,18504,18440,True
Energy,FINAL_TEST,680,18442,18378,18441,18442,18505,18441,True
Energy,FINAL_TEST,681,18443,18379,18442,18443,18506,18442,True
Energy,FINAL_TEST,682,18444,18380,18443,18444,18507,18443,True
Energy,FINAL_TEST,683,18445,18381,18444,18445,18508,18444,True
Energy,FINAL_TEST,684,18446,18382,18445,18446,18509,18445,True
Energy,FINAL_TEST,685,18447,18383,18446,18447,18510,18446,True
Energy,FINAL_TEST,686,18448,18384,18447,18448,18511,18447,True
Energy,FINAL_TEST,687,18449,18385,18448,18449,18512,18448,True
Energy,FINAL_TEST,688,18450,18386,18449,18450,18513,18449,True
Energy,FINAL_TEST,689,18451,18387,18450,18451,18514,18450,True
Energy,FINAL_TEST,690,18452,18388,18451,18452,18515,18451,True
Energy,FINAL_TEST,691,18453,18389,18452,18453,18516,18452,True
Energy,FINAL_TEST,692,18454,18390,18453,18454,18517,18453,True
Energy,FINAL_TEST,693,18455,18391,18454,18455,18518,18454,True
Energy,FINAL_TEST,694,18456,18392,18455,18456,18519,18455,True
Energy,FINAL_TEST,695,18457,18393,18456,18457,18520,18456,True
Energy,FINAL_TEST,696,18458,18394,18457,18458,18521,18457,True
Energy,FINAL_TEST,697,18459,18395,18458,18459,18522,18458,True
Energy,FINAL_TEST,698,18460,18396,18459,18460,18523,18459,True
Energy,FINAL_TEST,699,18461,18397,18460,18461,18524,18460,True
Energy,FINAL_TEST,700,18462,18398,18461,18462,18525,18461,True
Energy,FINAL_TEST,701,18463,18399,18462,18463,18526,18462,True
Energy,FINAL_TEST,702,18464,18400,18463,18464,18527,18463,True
Energy,FINAL_TEST,703,18465,18401,18464,18465,18528,18464,True
Energy,FINAL_TEST,704,18466,18402,18465,18466,18529,18465,True
Energy,FINAL_TEST,705,18467,18403,18466,18467,18530,18466,True
Energy,FINAL_TEST,706,18468,18404,18467,18468,18531,18467,True
Energy,FINAL_TEST,707,18469,18405,18468,18469,18532,18468,True
Energy,FINAL_TEST,708,18470,18406,18469,18470,18533,18469,True
Energy,FINAL_TEST,709,18471,18407,18470,18471,18534,18470,True
Energy,FINAL_TEST,710,18472,18408,18471,18472,18535,18471,True
Energy,FINAL_TEST,711,18473,18409,18472,18473,18536,18472,True
Energy,FINAL_TEST,712,18474,18410,18473,18474,18537,18473,True
Energy,FINAL_TEST,713,18475,18411,18474,18475,18538,18474,True
Energy,FINAL_TEST,714,18476,18412,18475,18476,18539,18475,True
Energy,FINAL_TEST,715,18477,18413,18476,18477,18540,18476,True
Energy,FINAL_TEST,716,18478,18414,18477,18478,18541,18477,True
Energy,FINAL_TEST,717,18479,18415,18478,18479,18542,18478,True
Energy,FINAL_TEST,718,18480,18416,18479,18480,18543,18479,True
Energy,FINAL_TEST,719,18481,18417,18480,18481,18544,18480,True
Energy,FINAL_TEST,720,18482,18418,18481,18482,18545,18481,True
Energy,FINAL_TEST,721,18483,18419,18482,18483,18546,18482,True
Energy,FINAL_TEST,722,18484,18420,18483,18484,18547,18483,True
Energy,FINAL_TEST,723,18485,18421,18484,18485,18548,18484,True
Energy,FINAL_TEST,724,18486,18422,18485,18486,18549,18485,True
Energy,FINAL_TEST,725,18487,18423,18486,18487,18550,18486,True
Energy,FINAL_TEST,726,18488,18424,18487,18488,18551,18487,True
Energy,FINAL_TEST,727,18489,18425,18488,18489,18552,18488,True
Energy,FINAL_TEST,728,18490,18426,18489,18490,18553,18489,True
Energy,FINAL_TEST,729,18491,18427,18490,18491,18554,18490,True
Energy,FINAL_TEST,730,18492,18428,18491,18492,18555,18491,True
Energy,FINAL_TEST,731,18493,18429,18492,18493,18556,18492,True
Energy,FINAL_TEST,732,18494,18430,18493,18494,18557,18493,True
Energy,FINAL_TEST,733,18495,18431,18494,18495,18558,18494,True
Energy,FINAL_TEST,734,18496,18432,18495,18496,18559,18495,True
Energy,FINAL_TEST,735,18497,18433,18496,18497,18560,18496,True
Energy,FINAL_TEST,736,18498,18434,18497,18498,18561,18497,True
Energy,FINAL_TEST,737,18499,18435,18498,18499,18562,18498,True
Energy,FINAL_TEST,738,18500,18436,18499,18500,18563,18499,True
Energy,FINAL_TEST,739,18501,18437,18500,18501,18564,18500,True
Energy,FINAL_TEST,740,18502,18438,18501,18502,18565,18501,True
Energy,FINAL_TEST,741,18503,18439,18502,18503,18566,18502,True
Energy,FINAL_TEST,742,18504,18440,18503,18504,18567,18503,True
Energy,FINAL_TEST,743,18505,18441,18504,18505,18568,18504,True
Energy,FINAL_TEST,744,18506,18442,18505,18506,18569,18505,True
Energy,FINAL_TEST,745,18507,18443,18506,18507,18570,18506,True
Energy,FINAL_TEST,746,18508,18444,18507,18508,18571,18507,True
Energy,FINAL_TEST,747,18509,18445,18508,18509,18572,18508,True
Energy,FINAL_TEST,748,18510,18446,18509,18510,18573,18509,True
Energy,FINAL_TEST,749,18511,18447,18510,18511,18574,18510,True
Energy,FINAL_TEST,750,18512,18448,18511,18512,18575,18511,True
Energy,FINAL_TEST,751,18513,18449,18512,18513,18576,18512,True
Energy,FINAL_TEST,752,18514,18450,18513,18514,18577,18513,True
Energy,FINAL_TEST,753,18515,18451,18514,18515,18578,18514,True
Energy,FINAL_TEST,754,18516,18452,18515,18516,18579,18515,True
Energy,FINAL_TEST,755,18517,18453,18516,18517,18580,18516,True
Energy,FINAL_TEST,756,18518,18454,18517,18518,18581,18517,True
Energy,FINAL_TEST,757,18519,18455,18518,18519,18582,18518,True
Energy,FINAL_TEST,758,18520,18456,18519,18520,18583,18519,True
Energy,FINAL_TEST,759,18521,18457,18520,18521,18584,18520,True
Energy,FINAL_TEST,760,18522,18458,18521,18522,18585,18521,True
Energy,FINAL_TEST,761,18523,18459,18522,18523,18586,18522,True
Energy,FINAL_TEST,762,18524,18460,18523,18524,18587,18523,True
Energy,FINAL_TEST,763,18525,18461,18524,18525,18588,18524,True
Energy,FINAL_TEST,764,18526,18462,18525,18526,18589,18525,True
Energy,FINAL_TEST,765,18527,18463,18526,18527,18590,18526,True
Energy,FINAL_TEST,766,18528,18464,18527,18528,18591,18527,True
Energy,FINAL_TEST,767,18529,18465,18528,18529,18592,18528,True
Energy,FINAL_TEST,768,18530,18466,18529,18530,18593,18529,True
Energy,FINAL_TEST,769,18531,18467,18530,18531,18594,18530,True
Energy,FINAL_TEST,770,18532,18468,18531,18532,18595,18531,True
Energy,FINAL_TEST,771,18533,18469,18532,18533,18596,18532,True
Energy,FINAL_TEST,772,18534,18470,18533,18534,18597,18533,True
Energy,FINAL_TEST,773,18535,18471,18534,18535,18598,18534,True
Energy,FINAL_TEST,774,18536,18472,18535,18536,18599,18535,True
Energy,FINAL_TEST,775,18537,18473,18536,18537,18600,18536,True
Energy,FINAL_TEST,776,18538,18474,18537,18538,18601,18537,True
Energy,FINAL_TEST,777,18539,18475,18538,18539,18602,18538,True
Energy,FINAL_TEST,778,18540,18476,18539,18540,18603,18539,True
Energy,FINAL_TEST,779,18541,18477,18540,18541,18604,18540,True
Energy,FINAL_TEST,780,18542,18478,18541,18542,18605,18541,True
Energy,FINAL_TEST,781,18543,18479,18542,18543,18606,18542,True
Energy,FINAL_TEST,782,18544,18480,18543,18544,18607,18543,True
Energy,FINAL_TEST,783,18545,18481,18544,18545,18608,18544,True
Energy,FINAL_TEST,784,18546,18482,18545,18546,18609,18545,True
Energy,FINAL_TEST,785,18547,18483,18546,18547,18610,18546,True
Energy,FINAL_TEST,786,18548,18484,18547,18548,18611,18547,True
Energy,FINAL_TEST,787,18549,18485,18548,18549,18612,18548,True
Energy,FINAL_TEST,788,18550,18486,18549,18550,18613,18549,True
Energy,FINAL_TEST,789,18551,18487,18550,18551,18614,18550,True
Energy,FINAL_TEST,790,18552,18488,18551,18552,18615,18551,True
Energy,FINAL_TEST,791,18553,18489,18552,18553,18616,18552,True
Energy,FINAL_TEST,792,18554,18490,18553,18554,18617,18553,True
Energy,FINAL_TEST,793,18555,18491,18554,18555,18618,18554,True
Energy,FINAL_TEST,794,18556,18492,18555,18556,18619,18555,True
Energy,FINAL_TEST,795,18557,18493,18556,18557,18620,18556,True
Energy,FINAL_TEST,796,18558,18494,18557,18558,18621,18557,True
Energy,FINAL_TEST,797,18559,18495,18558,18559,18622,18558,True
Energy,FINAL_TEST,798,18560,18496,18559,18560,18623,18559,True
Energy,FINAL_TEST,799,18561,18497,18560,18561,18624,18560,True
Energy,FINAL_TEST,800,18562,18498,18561,18562,18625,18561,True
Energy,FINAL_TEST,801,18563,18499,18562,18563,18626,18562,True
Energy,FINAL_TEST,802,18564,18500,18563,18564,18627,18563,True
Energy,FINAL_TEST,803,18565,18501,18564,18565,18628,18564,True
Energy,FINAL_TEST,804,18566,18502,18565,18566,18629,18565,True
Energy,FINAL_TEST,805,18567,18503,18566,18567,18630,18566,True
Energy,FINAL_TEST,806,18568,18504,18567,18568,18631,18567,True
Energy,FINAL_TEST,807,18569,18505,18568,18569,18632,18568,True
Energy,FINAL_TEST,808,18570,18506,18569,18570,18633,18569,True
Energy,FINAL_TEST,809,18571,18507,18570,18571,18634,18570,True
Energy,FINAL_TEST,810,18572,18508,18571,18572,18635,18571,True
Energy,FINAL_TEST,811,18573,18509,18572,18573,18636,18572,True
Energy,FINAL_TEST,812,18574,18510,18573,18574,18637,18573,True
Energy,FINAL_TEST,813,18575,18511,18574,18575,18638,18574,True
Energy,FINAL_TEST,814,18576,18512,18575,18576,18639,18575,True
Energy,FINAL_TEST,815,18577,18513,18576,18577,18640,18576,True
Energy,FINAL_TEST,816,18578,18514,18577,18578,18641,18577,True
Energy,FINAL_TEST,817,18579,18515,18578,18579,18642,18578,True
Energy,FINAL_TEST,818,18580,18516,18579,18580,18643,18579,True
Energy,FINAL_TEST,819,18581,18517,18580,18581,18644,18580,True
Energy,FINAL_TEST,820,18582,18518,18581,18582,18645,18581,True
Energy,FINAL_TEST,821,18583,18519,18582,18583,18646,18582,True
Energy,FINAL_TEST,822,18584,18520,18583,18584,18647,18583,True
Energy,FINAL_TEST,823,18585,18521,18584,18585,18648,18584,True
Energy,FINAL_TEST,824,18586,18522,18585,18586,18649,18585,True
Energy,FINAL_TEST,825,18587,18523,18586,18587,18650,18586,True
Energy,FINAL_TEST,826,18588,18524,18587,18588,18651,18587,True
Energy,FINAL_TEST,827,18589,18525,18588,18589,18652,18588,True
Energy,FINAL_TEST,828,18590,18526,18589,18590,18653,18589,True
Energy,FINAL_TEST,829,18591,18527,18590,18591,18654,18590,True
Energy,FINAL_TEST,830,18592,18528,18591,18592,18655,18591,True
Energy,FINAL_TEST,831,18593,18529,18592,18593,18656,18592,True
Energy,FINAL_TEST,832,18594,18530,18593,18594,18657,18593,True
Energy,FINAL_TEST,833,18595,18531,18594,18595,18658,18594,True
Energy,FINAL_TEST,834,18596,18532,18595,18596,18659,18595,True
Energy,FINAL_TEST,835,18597,18533,18596,18597,18660,18596,True
Energy,FINAL_TEST,836,18598,18534,18597,18598,18661,18597,True
Energy,FINAL_TEST,837,18599,18535,18598,18599,18662,18598,True
Energy,FINAL_TEST,838,18600,18536,18599,18600,18663,18599,True
Energy,FINAL_TEST,839,18601,18537,18600,18601,18664,18600,True
Energy,FINAL_TEST,840,18602,18538,18601,18602,18665,18601,True
Energy,FINAL_TEST,841,18603,18539,18602,18603,18666,18602,True
Energy,FINAL_TEST,842,18604,18540,18603,18604,18667,18603,True
Energy,FINAL_TEST,843,18605,18541,18604,18605,18668,18604,True
Energy,FINAL_TEST,844,18606,18542,18605,18606,18669,18605,True
Energy,FINAL_TEST,845,18607,18543,18606,18607,18670,18606,True
Energy,FINAL_TEST,846,18608,18544,18607,18608,18671,18607,True
Energy,FINAL_TEST,847,18609,18545,18608,18609,18672,18608,True
Energy,FINAL_TEST,848,18610,18546,18609,18610,18673,18609,True
Energy,FINAL_TEST,849,18611,18547,18610,18611,18674,18610,True
Energy,FINAL_TEST,850,18612,18548,18611,18612,18675,18611,True
Energy,FINAL_TEST,851,18613,18549,18612,18613,18676,18612,True
Energy,FINAL_TEST,852,18614,18550,18613,18614,18677,18613,True
Energy,FINAL_TEST,853,18615,18551,18614,18615,18678,18614,True
Energy,FINAL_TEST,854,18616,18552,18615,18616,18679,18615,True
Energy,FINAL_TEST,855,18617,18553,18616,18617,18680,18616,True
Energy,FINAL_TEST,856,18618,18554,18617,18618,18681,18617,True
Energy,FINAL_TEST,857,18619,18555,18618,18619,18682,18618,True
Energy,FINAL_TEST,858,18620,18556,18619,18620,18683,18619,True
Energy,FINAL_TEST,859,18621,18557,18620,18621,18684,18620,True
Energy,FINAL_TEST,860,18622,18558,18621,18622,18685,18621,True
Energy,FINAL_TEST,861,18623,18559,18622,18623,18686,18622,True
Energy,FINAL_TEST,862,18624,18560,18623,18624,18687,18623,True
Energy,FINAL_TEST,863,18625,18561,18624,18625,18688,18624,True
Energy,FINAL_TEST,864,18626,18562,18625,18626,18689,18625,True
Energy,FINAL_TEST,865,18627,18563,18626,18627,18690,18626,True
Energy,FINAL_TEST,866,18628,18564,18627,18628,18691,18627,True
Energy,FINAL_TEST,867,18629,18565,18628,18629,18692,18628,True
Energy,FINAL_TEST,868,18630,18566,18629,18630,18693,18629,True
Energy,FINAL_TEST,869,18631,18567,18630,18631,18694,18630,True
Energy,FINAL_TEST,870,18632,18568,18631,18632,18695,18631,True
Energy,FINAL_TEST,871,18633,18569,18632,18633,18696,18632,True
Energy,FINAL_TEST,872,18634,18570,18633,18634,18697,18633,True
Energy,FINAL_TEST,873,18635,18571,18634,18635,18698,18634,True
Energy,FINAL_TEST,874,18636,18572,18635,18636,18699,18635,True
Energy,FINAL_TEST,875,18637,18573,18636,18637,18700,18636,True
Energy,FINAL_TEST,876,18638,18574,18637,18638,18701,18637,True
Energy,FINAL_TEST,877,18639,18575,18638,18639,18702,18638,True
Energy,FINAL_TEST,878,18640,18576,18639,18640,18703,18639,True
Energy,FINAL_TEST,879,18641,18577,18640,18641,18704,18640,True
Energy,FINAL_TEST,880,18642,18578,18641,18642,18705,18641,True
Energy,FINAL_TEST,881,18643,18579,18642,18643,18706,18642,True
Energy,FINAL_TEST,882,18644,18580,18643,18644,18707,18643,True
Energy,FINAL_TEST,883,18645,18581,18644,18645,18708,18644,True
Energy,FINAL_TEST,884,18646,18582,18645,18646,18709,18645,True
Energy,FINAL_TEST,885,18647,18583,18646,18647,18710,18646,True
Energy,FINAL_TEST,886,18648,18584,18647,18648,18711,18647,True
Energy,FINAL_TEST,887,18649,18585,18648,18649,18712,18648,True
Energy,FINAL_TEST,888,18650,18586,18649,18650,18713,18649,True
Energy,FINAL_TEST,889,18651,18587,18650,18651,18714,18650,True
Energy,FINAL_TEST,890,18652,18588,18651,18652,18715,18651,True
Energy,FINAL_TEST,891,18653,18589,18652,18653,18716,18652,True
Energy,FINAL_TEST,892,18654,18590,18653,18654,18717,18653,True
Energy,FINAL_TEST,893,18655,18591,18654,18655,18718,18654,True
Energy,FINAL_TEST,894,18656,18592,18655,18656,18719,18655,True
Energy,FINAL_TEST,895,18657,18593,18656,18657,18720,18656,True
Energy,FINAL_TEST,896,18658,18594,18657,18658,18721,18657,True
Energy,FINAL_TEST,897,18659,18595,18658,18659,18722,18658,True
Energy,FINAL_TEST,898,18660,18596,18659,18660,18723,18659,True
Energy,FINAL_TEST,899,18661,18597,18660,18661,18724,18660,True
Energy,FINAL_TEST,900,18662,18598,18661,18662,18725,18661,True
Energy,FINAL_TEST,901,18663,18599,18662,18663,18726,18662,True
Energy,FINAL_TEST,902,18664,18600,18663,18664,18727,18663,True
Energy,FINAL_TEST,903,18665,18601,18664,18665,18728,18664,True
Energy,FINAL_TEST,904,18666,18602,18665,18666,18729,18665,True
Energy,FINAL_TEST,905,18667,18603,18666,18667,18730,18666,True
Energy,FINAL_TEST,906,18668,18604,18667,18668,18731,18667,True
Energy,FINAL_TEST,907,18669,18605,18668,18669,18732,18668,True
Energy,FINAL_TEST,908,18670,18606,18669,18670,18733,18669,True
Energy,FINAL_TEST,909,18671,18607,18670,18671,18734,18670,True
Energy,FINAL_TEST,910,18672,18608,18671,18672,18735,18671,True
Energy,FINAL_TEST,911,18673,18609,18672,18673,18736,18672,True
Energy,FINAL_TEST,912,18674,18610,18673,18674,18737,18673,True
Energy,FINAL_TEST,913,18675,18611,18674,18675,18738,18674,True
Energy,FINAL_TEST,914,18676,18612,18675,18676,18739,18675,True
Energy,FINAL_TEST,915,18677,18613,18676,18677,18740,18676,True
Energy,FINAL_TEST,916,18678,18614,18677,18678,18741,18677,True
Energy,FINAL_TEST,917,18679,18615,18678,18679,18742,18678,True
Energy,FINAL_TEST,918,18680,18616,18679,18680,18743,18679,True
Energy,FINAL_TEST,919,18681,18617,18680,18681,18744,18680,True
Energy,FINAL_TEST,920,18682,18618,18681,18682,18745,18681,True
Energy,FINAL_TEST,921,18683,18619,18682,18683,18746,18682,True
Energy,FINAL_TEST,922,18684,18620,18683,18684,18747,18683,True
Energy,FINAL_TEST,923,18685,18621,18684,18685,18748,18684,True
Energy,FINAL_TEST,924,18686,18622,18685,18686,18749,18685,True
Energy,FINAL_TEST,925,18687,18623,18686,18687,18750,18686,True
Energy,FINAL_TEST,926,18688,18624,18687,18688,18751,18687,True
Energy,FINAL_TEST,927,18689,18625,18688,18689,18752,18688,True
Energy,FINAL_TEST,928,18690,18626,18689,18690,18753,18689,True
Energy,FINAL_TEST,929,18691,18627,18690,18691,18754,18690,True
Energy,FINAL_TEST,930,18692,18628,18691,18692,18755,18691,True
Energy,FINAL_TEST,931,18693,18629,18692,18693,18756,18692,True
Energy,FINAL_TEST,932,18694,18630,18693,18694,18757,18693,True
Energy,FINAL_TEST,933,18695,18631,18694,18695,18758,18694,True
Energy,FINAL_TEST,934,18696,18632,18695,18696,18759,18695,True
Energy,FINAL_TEST,935,18697,18633,18696,18697,18760,18696,True
Energy,FINAL_TEST,936,18698,18634,18697,18698,18761,18697,True
Energy,FINAL_TEST,937,18699,18635,18698,18699,18762,18698,True
Energy,FINAL_TEST,938,18700,18636,18699,18700,18763,18699,True
Energy,FINAL_TEST,939,18701,18637,18700,18701,18764,18700,True
Energy,FINAL_TEST,940,18702,18638,18701,18702,18765,18701,True
Energy,FINAL_TEST,941,18703,18639,18702,18703,18766,18702,True
Energy,FINAL_TEST,942,18704,18640,18703,18704,18767,18703,True
Energy,FINAL_TEST,943,18705,18641,18704,18705,18768,18704,True
Energy,FINAL_TEST,944,18706,18642,18705,18706,18769,18705,True
Energy,FINAL_TEST,945,18707,18643,18706,18707,18770,18706,True
Energy,FINAL_TEST,946,18708,18644,18707,18708,18771,18707,True
Energy,FINAL_TEST,947,18709,18645,18708,18709,18772,18708,True
Energy,FINAL_TEST,948,18710,18646,18709,18710,18773,18709,True
Energy,FINAL_TEST,949,18711,18647,18710,18711,18774,18710,True
Energy,FINAL_TEST,950,18712,18648,18711,18712,18775,18711,True
Energy,FINAL_TEST,951,18713,18649,18712,18713,18776,18712,True
Energy,FINAL_TEST,952,18714,18650,18713,18714,18777,18713,True
Energy,FINAL_TEST,953,18715,18651,18714,18715,18778,18714,True
Energy,FINAL_TEST,954,18716,18652,18715,18716,18779,18715,True
Energy,FINAL_TEST,955,18717,18653,18716,18717,18780,18716,True
Energy,FINAL_TEST,956,18718,18654,18717,18718,18781,18717,True
Energy,FINAL_TEST,957,18719,18655,18718,18719,18782,18718,True
Energy,FINAL_TEST,958,18720,18656,18719,18720,18783,18719,True
Energy,FINAL_TEST,959,18721,18657,18720,18721,18784,18720,True
Energy,FINAL_TEST,960,18722,18658,18721,18722,18785,18721,True
Energy,FINAL_TEST,961,18723,18659,18722,18723,18786,18722,True
Energy,FINAL_TEST,962,18724,18660,18723,18724,18787,18723,True
Energy,FINAL_TEST,963,18725,18661,18724,18725,18788,18724,True
Energy,FINAL_TEST,964,18726,18662,18725,18726,18789,18725,True
Energy,FINAL_TEST,965,18727,18663,18726,18727,18790,18726,True
Energy,FINAL_TEST,966,18728,18664,18727,18728,18791,18727,True
Energy,FINAL_TEST,967,18729,18665,18728,18729,18792,18728,True
Energy,FINAL_TEST,968,18730,18666,18729,18730,18793,18729,True
Energy,FINAL_TEST,969,18731,18667,18730,18731,18794,18730,True
Energy,FINAL_TEST,970,18732,18668,18731,18732,18795,18731,True
Energy,FINAL_TEST,971,18733,18669,18732,18733,18796,18732,True
Energy,FINAL_TEST,972,18734,18670,18733,18734,18797,18733,True
Energy,FINAL_TEST,973,18735,18671,18734,18735,18798,18734,True
Energy,FINAL_TEST,974,18736,18672,18735,18736,18799,18735,True
Energy,FINAL_TEST,975,18737,18673,18736,18737,18800,18736,True
Energy,FINAL_TEST,976,18738,18674,18737,18738,18801,18737,True
Energy,FINAL_TEST,977,18739,18675,18738,18739,18802,18738,True
Energy,FINAL_TEST,978,18740,18676,18739,18740,18803,18739,True
Energy,FINAL_TEST,979,18741,18677,18740,18741,18804,18740,True
Energy,FINAL_TEST,980,18742,18678,18741,18742,18805,18741,True
Energy,FINAL_TEST,981,18743,18679,18742,18743,18806,18742,True
Energy,FINAL_TEST,982,18744,18680,18743,18744,18807,18743,True
Energy,FINAL_TEST,983,18745,18681,18744,18745,18808,18744,True
Energy,FINAL_TEST,984,18746,18682,18745,18746,18809,18745,True
Energy,FINAL_TEST,985,18747,18683,18746,18747,18810,18746,True
Energy,FINAL_TEST,986,18748,18684,18747,18748,18811,18747,True
Energy,FINAL_TEST,987,18749,18685,18748,18749,18812,18748,True
Energy,FINAL_TEST,988,18750,18686,18749,18750,18813,18749,True
Energy,FINAL_TEST,989,18751,18687,18750,18751,18814,18750,True
Energy,FINAL_TEST,990,18752,18688,18751,18752,18815,18751,True
Energy,FINAL_TEST,991,18753,18689,18752,18753,18816,18752,True
Energy,FINAL_TEST,992,18754,18690,18753,18754,18817,18753,True
Energy,FINAL_TEST,993,18755,18691,18754,18755,18818,18754,True
Energy,FINAL_TEST,994,18756,18692,18755,18756,18819,18755,True
Energy,FINAL_TEST,995,18757,18693,18756,18757,18820,18756,True
Energy,FINAL_TEST,996,18758,18694,18757,18758,18821,18757,True
Energy,FINAL_TEST,997,18759,18695,18758,18759,18822,18758,True
Energy,FINAL_TEST,998,18760,18696,18759,18760,18823,18759,True
Energy,FINAL_TEST,999,18761,18697,18760,18761,18824,18760,True
Energy,FINAL_TEST,1000,18762,18698,18761,18762,18825,18761,True
Energy,FINAL_TEST,1001,18763,18699,18762,18763,18826,18762,True
Energy,FINAL_TEST,1002,18764,18700,18763,18764,18827,18763,True
Energy,FINAL_TEST,1003,18765,18701,18764,18765,18828,18764,True
Energy,FINAL_TEST,1004,18766,18702,18765,18766,18829,18765,True
Energy,FINAL_TEST,1005,18767,18703,18766,18767,18830,18766,True
Energy,FINAL_TEST,1006,18768,18704,18767,18768,18831,18767,True
Energy,FINAL_TEST,1007,18769,18705,18768,18769,18832,18768,True
Energy,FINAL_TEST,1008,18770,18706,18769,18770,18833,18769,True
Energy,FINAL_TEST,1009,18771,18707,18770,18771,18834,18770,True
Energy,FINAL_TEST,1010,18772,18708,18771,18772,18835,18771,True
Energy,FINAL_TEST,1011,18773,18709,18772,18773,18836,18772,True
Energy,FINAL_TEST,1012,18774,18710,18773,18774,18837,18773,True
Energy,FINAL_TEST,1013,18775,18711,18774,18775,18838,18774,True
Energy,FINAL_TEST,1014,18776,18712,18775,18776,18839,18775,True
Energy,FINAL_TEST,1015,18777,18713,18776,18777,18840,18776,True
Energy,FINAL_TEST,1016,18778,18714,18777,18778,18841,18777,True
Energy,FINAL_TEST,1017,18779,18715,18778,18779,18842,18778,True
Energy,FINAL_TEST,1018,18780,18716,18779,18780,18843,18779,True
Energy,FINAL_TEST,1019,18781,18717,18780,18781,18844,18780,True
Energy,FINAL_TEST,1020,18782,18718,18781,18782,18845,18781,True
Energy,FINAL_TEST,1021,18783,18719,18782,18783,18846,18782,True
Energy,FINAL_TEST,1022,18784,18720,18783,18784,18847,18783,True
Energy,FINAL_TEST,1023,18785,18721,18784,18785,18848,18784,True
Energy,FINAL_TEST,1024,18786,18722,18785,18786,18849,18785,True
Energy,FINAL_TEST,1025,18787,18723,18786,18787,18850,18786,True
Energy,FINAL_TEST,1026,18788,18724,18787,18788,18851,18787,True
Energy,FINAL_TEST,1027,18789,18725,18788,18789,18852,18788,True
Energy,FINAL_TEST,1028,18790,18726,18789,18790,18853,18789,True
Energy,FINAL_TEST,1029,18791,18727,18790,18791,18854,18790,True
Energy,FINAL_TEST,1030,18792,18728,18791,18792,18855,18791,True
Energy,FINAL_TEST,1031,18793,18729,18792,18793,18856,18792,True
Energy,FINAL_TEST,1032,18794,18730,18793,18794,18857,18793,True
Energy,FINAL_TEST,1033,18795,18731,18794,18795,18858,18794,True
Energy,FINAL_TEST,1034,18796,18732,18795,18796,18859,18795,True
Energy,FINAL_TEST,1035,18797,18733,18796,18797,18860,18796,True
Energy,FINAL_TEST,1036,18798,18734,18797,18798,18861,18797,True
Energy,FINAL_TEST,1037,18799,18735,18798,18799,18862,18798,True
Energy,FINAL_TEST,1038,18800,18736,18799,18800,18863,18799,True
Energy,FINAL_TEST,1039,18801,18737,18800,18801,18864,18800,True
Energy,FINAL_TEST,1040,18802,18738,18801,18802,18865,18801,True
Energy,FINAL_TEST,1041,18803,18739,18802,18803,18866,18802,True
Energy,FINAL_TEST,1042,18804,18740,18803,18804,18867,18803,True
Energy,FINAL_TEST,1043,18805,18741,18804,18805,18868,18804,True
Energy,FINAL_TEST,1044,18806,18742,18805,18806,18869,18805,True
Energy,FINAL_TEST,1045,18807,18743,18806,18807,18870,18806,True
Energy,FINAL_TEST,1046,18808,18744,18807,18808,18871,18807,True
Energy,FINAL_TEST,1047,18809,18745,18808,18809,18872,18808,True
Energy,FINAL_TEST,1048,18810,18746,18809,18810,18873,18809,True
Energy,FINAL_TEST,1049,18811,18747,18810,18811,18874,18810,True
Energy,FINAL_TEST,1050,18812,18748,18811,18812,18875,18811,True
Energy,FINAL_TEST,1051,18813,18749,18812,18813,18876,18812,True
Energy,FINAL_TEST,1052,18814,18750,18813,18814,18877,18813,True
Energy,FINAL_TEST,1053,18815,18751,18814,18815,18878,18814,True
Energy,FINAL_TEST,1054,18816,18752,18815,18816,18879,18815,True
Energy,FINAL_TEST,1055,18817,18753,18816,18817,18880,18816,True
Energy,FINAL_TEST,1056,18818,18754,18817,18818,18881,18817,True
Energy,FINAL_TEST,1057,18819,18755,18818,18819,18882,18818,True
Energy,FINAL_TEST,1058,18820,18756,18819,18820,18883,18819,True
Energy,FINAL_TEST,1059,18821,18757,18820,18821,18884,18820,True
Energy,FINAL_TEST,1060,18822,18758,18821,18822,18885,18821,True
Energy,FINAL_TEST,1061,18823,18759,18822,18823,18886,18822,True
Energy,FINAL_TEST,1062,18824,18760,18823,18824,18887,18823,True
Energy,FINAL_TEST,1063,18825,18761,18824,18825,18888,18824,True
Energy,FINAL_TEST,1064,18826,18762,18825,18826,18889,18825,True
Energy,FINAL_TEST,1065,18827,18763,18826,18827,18890,18826,True
Energy,FINAL_TEST,1066,18828,18764,18827,18828,18891,18827,True
Energy,FINAL_TEST,1067,18829,18765,18828,18829,18892,18828,True
Energy,FINAL_TEST,1068,18830,18766,18829,18830,18893,18829,True
Energy,FINAL_TEST,1069,18831,18767,18830,18831,18894,18830,True
Energy,FINAL_TEST,1070,18832,18768,18831,18832,18895,18831,True
Energy,FINAL_TEST,1071,18833,18769,18832,18833,18896,18832,True
Energy,FINAL_TEST,1072,18834,18770,18833,18834,18897,18833,True
Energy,FINAL_TEST,1073,18835,18771,18834,18835,18898,18834,True
Energy,FINAL_TEST,1074,18836,18772,18835,18836,18899,18835,True
Energy,FINAL_TEST,1075,18837,18773,18836,18837,18900,18836,True
Energy,FINAL_TEST,1076,18838,18774,18837,18838,18901,18837,True
Energy,FINAL_TEST,1077,18839,18775,18838,18839,18902,18838,True
Energy,FINAL_TEST,1078,18840,18776,18839,18840,18903,18839,True
Energy,FINAL_TEST,1079,18841,18777,18840,18841,18904,18840,True
Energy,FINAL_TEST,1080,18842,18778,18841,18842,18905,18841,True
Energy,FINAL_TEST,1081,18843,18779,18842,18843,18906,18842,True
Energy,FINAL_TEST,1082,18844,18780,18843,18844,18907,18843,True
Energy,FINAL_TEST,1083,18845,18781,18844,18845,18908,18844,True
Energy,FINAL_TEST,1084,18846,18782,18845,18846,18909,18845,True
Energy,FINAL_TEST,1085,18847,18783,18846,18847,18910,18846,True
Energy,FINAL_TEST,1086,18848,18784,18847,18848,18911,18847,True
Energy,FINAL_TEST,1087,18849,18785,18848,18849,18912,18848,True
Energy,FINAL_TEST,1088,18850,18786,18849,18850,18913,18849,True
Energy,FINAL_TEST,1089,18851,18787,18850,18851,18914,18850,True
Energy,FINAL_TEST,1090,18852,18788,18851,18852,18915,18851,True
Energy,FINAL_TEST,1091,18853,18789,18852,18853,18916,18852,True
Energy,FINAL_TEST,1092,18854,18790,18853,18854,18917,18853,True
Energy,FINAL_TEST,1093,18855,18791,18854,18855,18918,18854,True
Energy,FINAL_TEST,1094,18856,18792,18855,18856,18919,18855,True
Energy,FINAL_TEST,1095,18857,18793,18856,18857,18920,18856,True
Energy,FINAL_TEST,1096,18858,18794,18857,18858,18921,18857,True
Energy,FINAL_TEST,1097,18859,18795,18858,18859,18922,18858,True
Energy,FINAL_TEST,1098,18860,18796,18859,18860,18923,18859,True
Energy,FINAL_TEST,1099,18861,18797,18860,18861,18924,18860,True
Energy,FINAL_TEST,1100,18862,18798,18861,18862,18925,18861,True
Energy,FINAL_TEST,1101,18863,18799,18862,18863,18926,18862,True
Energy,FINAL_TEST,1102,18864,18800,18863,18864,18927,18863,True
Energy,FINAL_TEST,1103,18865,18801,18864,18865,18928,18864,True
Energy,FINAL_TEST,1104,18866,18802,18865,18866,18929,18865,True
Energy,FINAL_TEST,1105,18867,18803,18866,18867,18930,18866,True
Energy,FINAL_TEST,1106,18868,18804,18867,18868,18931,18867,True
Energy,FINAL_TEST,1107,18869,18805,18868,18869,18932,18868,True
Energy,FINAL_TEST,1108,18870,18806,18869,18870,18933,18869,True
Energy,FINAL_TEST,1109,18871,18807,18870,18871,18934,18870,True
Energy,FINAL_TEST,1110,18872,18808,18871,18872,18935,18871,True
Energy,FINAL_TEST,1111,18873,18809,18872,18873,18936,18872,True
Energy,FINAL_TEST,1112,18874,18810,18873,18874,18937,18873,True
Energy,FINAL_TEST,1113,18875,18811,18874,18875,18938,18874,True
Energy,FINAL_TEST,1114,18876,18812,18875,18876,18939,18875,True
Energy,FINAL_TEST,1115,18877,18813,18876,18877,18940,18876,True
Energy,FINAL_TEST,1116,18878,18814,18877,18878,18941,18877,True
Energy,FINAL_TEST,1117,18879,18815,18878,18879,18942,18878,True
Energy,FINAL_TEST,1118,18880,18816,18879,18880,18943,18879,True
Energy,FINAL_TEST,1119,18881,18817,18880,18881,18944,18880,True
Energy,FINAL_TEST,1120,18882,18818,18881,18882,18945,18881,True
Energy,FINAL_TEST,1121,18883,18819,18882,18883,18946,18882,True
Energy,FINAL_TEST,1122,18884,18820,18883,18884,18947,18883,True
Energy,FINAL_TEST,1123,18885,18821,18884,18885,18948,18884,True
Energy,FINAL_TEST,1124,18886,18822,18885,18886,18949,18885,True
Energy,FINAL_TEST,1125,18887,18823,18886,18887,18950,18886,True
Energy,FINAL_TEST,1126,18888,18824,18887,18888,18951,18887,True
Energy,FINAL_TEST,1127,18889,18825,18888,18889,18952,18888,True
Energy,FINAL_TEST,1128,18890,18826,18889,18890,18953,18889,True
Energy,FINAL_TEST,1129,18891,18827,18890,18891,18954,18890,True
Energy,FINAL_TEST,1130,18892,18828,18891,18892,18955,18891,True
Energy,FINAL_TEST,1131,18893,18829,18892,18893,18956,18892,True
Energy,FINAL_TEST,1132,18894,18830,18893,18894,18957,18893,True
Energy,FINAL_TEST,1133,18895,18831,18894,18895,18958,18894,True
Energy,FINAL_TEST,1134,18896,18832,18895,18896,18959,18895,True
Energy,FINAL_TEST,1135,18897,18833,18896,18897,18960,18896,True
Energy,FINAL_TEST,1136,18898,18834,18897,18898,18961,18897,True
Energy,FINAL_TEST,1137,18899,18835,18898,18899,18962,18898,True
Energy,FINAL_TEST,1138,18900,18836,18899,18900,18963,18899,True
Energy,FINAL_TEST,1139,18901,18837,18900,18901,18964,18900,True
Energy,FINAL_TEST,1140,18902,18838,18901,18902,18965,18901,True
Energy,FINAL_TEST,1141,18903,18839,18902,18903,18966,18902,True
Energy,FINAL_TEST,1142,18904,18840,18903,18904,18967,18903,True
Energy,FINAL_TEST,1143,18905,18841,18904,18905,18968,18904,True
Energy,FINAL_TEST,1144,18906,18842,18905,18906,18969,18905,True
Energy,FINAL_TEST,1145,18907,18843,18906,18907,18970,18906,True
Energy,FINAL_TEST,1146,18908,18844,18907,18908,18971,18907,True
Energy,FINAL_TEST,1147,18909,18845,18908,18909,18972,18908,True
Energy,FINAL_TEST,1148,18910,18846,18909,18910,18973,18909,True
Energy,FINAL_TEST,1149,18911,18847,18910,18911,18974,18910,True
Energy,FINAL_TEST,1150,18912,18848,18911,18912,18975,18911,True
Energy,FINAL_TEST,1151,18913,18849,18912,18913,18976,18912,True
Energy,FINAL_TEST,1152,18914,18850,18913,18914,18977,18913,True
Energy,FINAL_TEST,1153,18915,18851,18914,18915,18978,18914,True
Energy,FINAL_TEST,1154,18916,18852,18915,18916,18979,18915,True
Energy,FINAL_TEST,1155,18917,18853,18916,18917,18980,18916,True
Energy,FINAL_TEST,1156,18918,18854,18917,18918,18981,18917,True
Energy,FINAL_TEST,1157,18919,18855,18918,18919,18982,18918,True
Energy,FINAL_TEST,1158,18920,18856,18919,18920,18983,18919,True
Energy,FINAL_TEST,1159,18921,18857,18920,18921,18984,18920,True
Energy,FINAL_TEST,1160,18922,18858,18921,18922,18985,18921,True
Energy,FINAL_TEST,1161,18923,18859,18922,18923,18986,18922,True
Energy,FINAL_TEST,1162,18924,18860,18923,18924,18987,18923,True
Energy,FINAL_TEST,1163,18925,18861,18924,18925,18988,18924,True
Energy,FINAL_TEST,1164,18926,18862,18925,18926,18989,18925,True
Energy,FINAL_TEST,1165,18927,18863,18926,18927,18990,18926,True
Energy,FINAL_TEST,1166,18928,18864,18927,18928,18991,18927,True
Energy,FINAL_TEST,1167,18929,18865,18928,18929,18992,18928,True
Energy,FINAL_TEST,1168,18930,18866,18929,18930,18993,18929,True
Energy,FINAL_TEST,1169,18931,18867,18930,18931,18994,18930,True
Energy,FINAL_TEST,1170,18932,18868,18931,18932,18995,18931,True
Energy,FINAL_TEST,1171,18933,18869,18932,18933,18996,18932,True
Energy,FINAL_TEST,1172,18934,18870,18933,18934,18997,18933,True
Energy,FINAL_TEST,1173,18935,18871,18934,18935,18998,18934,True
Energy,FINAL_TEST,1174,18936,18872,18935,18936,18999,18935,True
Energy,FINAL_TEST,1175,18937,18873,18936,18937,19000,18936,True
Energy,FINAL_TEST,1176,18938,18874,18937,18938,19001,18937,True
Energy,FINAL_TEST,1177,18939,18875,18938,18939,19002,18938,True
Energy,FINAL_TEST,1178,18940,18876,18939,18940,19003,18939,True
Energy,FINAL_TEST,1179,18941,18877,18940,18941,19004,18940,True
Energy,FINAL_TEST,1180,18942,18878,18941,18942,19005,18941,True
Energy,FINAL_TEST,1181,18943,18879,18942,18943,19006,18942,True
Energy,FINAL_TEST,1182,18944,18880,18943,18944,19007,18943,True
Energy,FINAL_TEST,1183,18945,18881,18944,18945,19008,18944,True
Energy,FINAL_TEST,1184,18946,18882,18945,18946,19009,18945,True
Energy,FINAL_TEST,1185,18947,18883,18946,18947,19010,18946,True
Energy,FINAL_TEST,1186,18948,18884,18947,18948,19011,18947,True
Energy,FINAL_TEST,1187,18949,18885,18948,18949,19012,18948,True
Energy,FINAL_TEST,1188,18950,18886,18949,18950,19013,18949,True
Energy,FINAL_TEST,1189,18951,18887,18950,18951,19014,18950,True
Energy,FINAL_TEST,1190,18952,18888,18951,18952,19015,18951,True
Energy,FINAL_TEST,1191,18953,18889,18952,18953,19016,18952,True
Energy,FINAL_TEST,1192,18954,18890,18953,18954,19017,18953,True
Energy,FINAL_TEST,1193,18955,18891,18954,18955,19018,18954,True
Energy,FINAL_TEST,1194,18956,18892,18955,18956,19019,18955,True
Energy,FINAL_TEST,1195,18957,18893,18956,18957,19020,18956,True
Energy,FINAL_TEST,1196,18958,18894,18957,18958,19021,18957,True
Energy,FINAL_TEST,1197,18959,18895,18958,18959,19022,18958,True
Energy,FINAL_TEST,1198,18960,18896,18959,18960,19023,18959,True
Energy,FINAL_TEST,1199,18961,18897,18960,18961,19024,18960,True
Energy,FINAL_TEST,1200,18962,18898,18961,18962,19025,18961,True
Energy,FINAL_TEST,1201,18963,18899,18962,18963,19026,18962,True
Energy,FINAL_TEST,1202,18964,18900,18963,18964,19027,18963,True
Energy,FINAL_TEST,1203,18965,18901,18964,18965,19028,18964,True
Energy,FINAL_TEST,1204,18966,18902,18965,18966,19029,18965,True
Energy,FINAL_TEST,1205,18967,18903,18966,18967,19030,18966,True
Energy,FINAL_TEST,1206,18968,18904,18967,18968,19031,18967,True
Energy,FINAL_TEST,1207,18969,18905,18968,18969,19032,18968,True
Energy,FINAL_TEST,1208,18970,18906,18969,18970,19033,18969,True
Energy,FINAL_TEST,1209,18971,18907,18970,18971,19034,18970,True
Energy,FINAL_TEST,1210,18972,18908,18971,18972,19035,18971,True
Energy,FINAL_TEST,1211,18973,18909,18972,18973,19036,18972,True
Energy,FINAL_TEST,1212,18974,18910,18973,18974,19037,18973,True
Energy,FINAL_TEST,1213,18975,18911,18974,18975,19038,18974,True
Energy,FINAL_TEST,1214,18976,18912,18975,18976,19039,18975,True
Energy,FINAL_TEST,1215,18977,18913,18976,18977,19040,18976,True
Energy,FINAL_TEST,1216,18978,18914,18977,18978,19041,18977,True
Energy,FINAL_TEST,1217,18979,18915,18978,18979,19042,18978,True
Energy,FINAL_TEST,1218,18980,18916,18979,18980,19043,18979,True
Energy,FINAL_TEST,1219,18981,18917,18980,18981,19044,18980,True
Energy,FINAL_TEST,1220,18982,18918,18981,18982,19045,18981,True
Energy,FINAL_TEST,1221,18983,18919,18982,18983,19046,18982,True
Energy,FINAL_TEST,1222,18984,18920,18983,18984,19047,18983,True
Energy,FINAL_TEST,1223,18985,18921,18984,18985,19048,18984,True
Energy,FINAL_TEST,1224,18986,18922,18985,18986,19049,18985,True
Energy,FINAL_TEST,1225,18987,18923,18986,18987,19050,18986,True
Energy,FINAL_TEST,1226,18988,18924,18987,18988,19051,18987,True
Energy,FINAL_TEST,1227,18989,18925,18988,18989,19052,18988,True
Energy,FINAL_TEST,1228,18990,18926,18989,18990,19053,18989,True
Energy,FINAL_TEST,1229,18991,18927,18990,18991,19054,18990,True
Energy,FINAL_TEST,1230,18992,18928,18991,18992,19055,18991,True
Energy,FINAL_TEST,1231,18993,18929,18992,18993,19056,18992,True
Energy,FINAL_TEST,1232,18994,18930,18993,18994,19057,18993,True
Energy,FINAL_TEST,1233,18995,18931,18994,18995,19058,18994,True
Energy,FINAL_TEST,1234,18996,18932,18995,18996,19059,18995,True
Energy,FINAL_TEST,1235,18997,18933,18996,18997,19060,18996,True
Energy,FINAL_TEST,1236,18998,18934,18997,18998,19061,18997,True
Energy,FINAL_TEST,1237,18999,18935,18998,18999,19062,18998,True
Energy,FINAL_TEST,1238,19000,18936,18999,19000,19063,18999,True
Energy,FINAL_TEST,1239,19001,18937,19000,19001,19064,19000,True
Energy,FINAL_TEST,1240,19002,18938,19001,19002,19065,19001,True
Energy,FINAL_TEST,1241,19003,18939,19002,19003,19066,19002,True
Energy,FINAL_TEST,1242,19004,18940,19003,19004,19067,19003,True
Energy,FINAL_TEST,1243,19005,18941,19004,19005,19068,19004,True
Energy,FINAL_TEST,1244,19006,18942,19005,19006,19069,19005,True
Energy,FINAL_TEST,1245,19007,18943,19006,19007,19070,19006,True
Energy,FINAL_TEST,1246,19008,18944,19007,19008,19071,19007,True
Energy,FINAL_TEST,1247,19009,18945,19008,19009,19072,19008,True
Energy,FINAL_TEST,1248,19010,18946,19009,19010,19073,19009,True
Energy,FINAL_TEST,1249,19011,18947,19010,19011,19074,19010,True
Energy,FINAL_TEST,1250,19012,18948,19011,19012,19075,19011,True
Energy,FINAL_TEST,1251,19013,18949,19012,19013,19076,19012,True
Energy,FINAL_TEST,1252,19014,18950,19013,19014,19077,19013,True
Energy,FINAL_TEST,1253,19015,18951,19014,19015,19078,19014,True
Energy,FINAL_TEST,1254,19016,18952,19015,19016,19079,19015,True
Energy,FINAL_TEST,1255,19017,18953,19016,19017,19080,19016,True
Energy,FINAL_TEST,1256,19018,18954,19017,19018,19081,19017,True
Energy,FINAL_TEST,1257,19019,18955,19018,19019,19082,19018,True
Energy,FINAL_TEST,1258,19020,18956,19019,19020,19083,19019,True
Energy,FINAL_TEST,1259,19021,18957,19020,19021,19084,19020,True
Energy,FINAL_TEST,1260,19022,18958,19021,19022,19085,19021,True
Energy,FINAL_TEST,1261,19023,18959,19022,19023,19086,19022,True
Energy,FINAL_TEST,1262,19024,18960,19023,19024,19087,19023,True
Energy,FINAL_TEST,1263,19025,18961,19024,19025,19088,19024,True
Energy,FINAL_TEST,1264,19026,18962,19025,19026,19089,19025,True
Energy,FINAL_TEST,1265,19027,18963,19026,19027,19090,19026,True
Energy,FINAL_TEST,1266,19028,18964,19027,19028,19091,19027,True
Energy,FINAL_TEST,1267,19029,18965,19028,19029,19092,19028,True
Energy,FINAL_TEST,1268,19030,18966,19029,19030,19093,19029,True
Energy,FINAL_TEST,1269,19031,18967,19030,19031,19094,19030,True
Energy,FINAL_TEST,1270,19032,18968,19031,19032,19095,19031,True
Energy,FINAL_TEST,1271,19033,18969,19032,19033,19096,19032,True
Energy,FINAL_TEST,1272,19034,18970,19033,19034,19097,19033,True
Energy,FINAL_TEST,1273,19035,18971,19034,19035,19098,19034,True
Energy,FINAL_TEST,1274,19036,18972,19035,19036,19099,19035,True
Energy,FINAL_TEST,1275,19037,18973,19036,19037,19100,19036,True
Energy,FINAL_TEST,1276,19038,18974,19037,19038,19101,19037,True
Energy,FINAL_TEST,1277,19039,18975,19038,19039,19102,19038,True
Energy,FINAL_TEST,1278,19040,18976,19039,19040,19103,19039,True
Energy,FINAL_TEST,1279,19041,18977,19040,19041,19104,19040,True
Energy,FINAL_TEST,1280,19042,18978,19041,19042,19105,19041,True
Energy,FINAL_TEST,1281,19043,18979,19042,19043,19106,19042,True
Energy,FINAL_TEST,1282,19044,18980,19043,19044,19107,19043,True
Energy,FINAL_TEST,1283,19045,18981,19044,19045,19108,19044,True
Energy,FINAL_TEST,1284,19046,18982,19045,19046,19109,19045,True
Energy,FINAL_TEST,1285,19047,18983,19046,19047,19110,19046,True
Energy,FINAL_TEST,1286,19048,18984,19047,19048,19111,19047,True
Energy,FINAL_TEST,1287,19049,18985,19048,19049,19112,19048,True
Energy,FINAL_TEST,1288,19050,18986,19049,19050,19113,19049,True
Energy,FINAL_TEST,1289,19051,18987,19050,19051,19114,19050,True
Energy,FINAL_TEST,1290,19052,18988,19051,19052,19115,19051,True
Energy,FINAL_TEST,1291,19053,18989,19052,19053,19116,19052,True
Energy,FINAL_TEST,1292,19054,18990,19053,19054,19117,19053,True
Energy,FINAL_TEST,1293,19055,18991,19054,19055,19118,19054,True
Energy,FINAL_TEST,1294,19056,18992,19055,19056,19119,19055,True
Energy,FINAL_TEST,1295,19057,18993,19056,19057,19120,19056,True
Energy,FINAL_TEST,1296,19058,18994,19057,19058,19121,19057,True
Energy,FINAL_TEST,1297,19059,18995,19058,19059,19122,19058,True
Energy,FINAL_TEST,1298,19060,18996,19059,19060,19123,19059,True
Energy,FINAL_TEST,1299,19061,18997,19060,19061,19124,19060,True
Energy,FINAL_TEST,1300,19062,18998,19061,19062,19125,19061,True
Energy,FINAL_TEST,1301,19063,18999,19062,19063,19126,19062,True
Energy,FINAL_TEST,1302,19064,19000,19063,19064,19127,19063,True
Energy,FINAL_TEST,1303,19065,19001,19064,19065,19128,19064,True
Energy,FINAL_TEST,1304,19066,19002,19065,19066,19129,19065,True
Energy,FINAL_TEST,1305,19067,19003,19066,19067,19130,19066,True
Energy,FINAL_TEST,1306,19068,19004,19067,19068,19131,19067,True
Energy,FINAL_TEST,1307,19069,19005,19068,19069,19132,19068,True
Energy,FINAL_TEST,1308,19070,19006,19069,19070,19133,19069,True
Energy,FINAL_TEST,1309,19071,19007,19070,19071,19134,19070,True
Energy,FINAL_TEST,1310,19072,19008,19071,19072,19135,19071,True
Energy,FINAL_TEST,1311,19073,19009,19072,19073,19136,19072,True
Energy,FINAL_TEST,1312,19074,19010,19073,19074,19137,19073,True
Energy,FINAL_TEST,1313,19075,19011,19074,19075,19138,19074,True
Energy,FINAL_TEST,1314,19076,19012,19075,19076,19139,19075,True
Energy,FINAL_TEST,1315,19077,19013,19076,19077,19140,19076,True
Energy,FINAL_TEST,1316,19078,19014,19077,19078,19141,19077,True
Energy,FINAL_TEST,1317,19079,19015,19078,19079,19142,19078,True
Energy,FINAL_TEST,1318,19080,19016,19079,19080,19143,19079,True
Energy,FINAL_TEST,1319,19081,19017,19080,19081,19144,19080,True
Energy,FINAL_TEST,1320,19082,19018,19081,19082,19145,19081,True
Energy,FINAL_TEST,1321,19083,19019,19082,19083,19146,19082,True
Energy,FINAL_TEST,1322,19084,19020,19083,19084,19147,19083,True
Energy,FINAL_TEST,1323,19085,19021,19084,19085,19148,19084,True
Energy,FINAL_TEST,1324,19086,19022,19085,19086,19149,19085,True
Energy,FINAL_TEST,1325,19087,19023,19086,19087,19150,19086,True
Energy,FINAL_TEST,1326,19088,19024,19087,19088,19151,19087,True
Energy,FINAL_TEST,1327,19089,19025,19088,19089,19152,19088,True
Energy,FINAL_TEST,1328,19090,19026,19089,19090,19153,19089,True
Energy,FINAL_TEST,1329,19091,19027,19090,19091,19154,19090,True
Energy,FINAL_TEST,1330,19092,19028,19091,19092,19155,19091,True
Energy,FINAL_TEST,1331,19093,19029,19092,19093,19156,19092,True
Energy,FINAL_TEST,1332,19094,19030,19093,19094,19157,19093,True
Energy,FINAL_TEST,1333,19095,19031,19094,19095,19158,19094,True
Energy,FINAL_TEST,1334,19096,19032,19095,19096,19159,19095,True
Energy,FINAL_TEST,1335,19097,19033,19096,19097,19160,19096,True
Energy,FINAL_TEST,1336,19098,19034,19097,19098,19161,19097,True
Energy,FINAL_TEST,1337,19099,19035,19098,19099,19162,19098,True
Energy,FINAL_TEST,1338,19100,19036,19099,19100,19163,19099,True
Energy,FINAL_TEST,1339,19101,19037,19100,19101,19164,19100,True
Energy,FINAL_TEST,1340,19102,19038,19101,19102,19165,19101,True
Energy,FINAL_TEST,1341,19103,19039,19102,19103,19166,19102,True
Energy,FINAL_TEST,1342,19104,19040,19103,19104,19167,19103,True
Energy,FINAL_TEST,1343,19105,19041,19104,19105,19168,19104,True
Energy,FINAL_TEST,1344,19106,19042,19105,19106,19169,19105,True
Energy,FINAL_TEST,1345,19107,19043,19106,19107,19170,19106,True
Energy,FINAL_TEST,1346,19108,19044,19107,19108,19171,19107,True
Energy,FINAL_TEST,1347,19109,19045,19108,19109,19172,19108,True
Energy,FINAL_TEST,1348,19110,19046,19109,19110,19173,19109,True
Energy,FINAL_TEST,1349,19111,19047,19110,19111,19174,19110,True
Energy,FINAL_TEST,1350,19112,19048,19111,19112,19175,19111,True
Energy,FINAL_TEST,1351,19113,19049,19112,19113,19176,19112,True
Energy,FINAL_TEST,1352,19114,19050,19113,19114,19177,19113,True
Energy,FINAL_TEST,1353,19115,19051,19114,19115,19178,19114,True
Energy,FINAL_TEST,1354,19116,19052,19115,19116,19179,19115,True
Energy,FINAL_TEST,1355,19117,19053,19116,19117,19180,19116,True
Energy,FINAL_TEST,1356,19118,19054,19117,19118,19181,19117,True
Energy,FINAL_TEST,1357,19119,19055,19118,19119,19182,19118,True
Energy,FINAL_TEST,1358,19120,19056,19119,19120,19183,19119,True
Energy,FINAL_TEST,1359,19121,19057,19120,19121,19184,19120,True
Energy,FINAL_TEST,1360,19122,19058,19121,19122,19185,19121,True
Energy,FINAL_TEST,1361,19123,19059,19122,19123,19186,19122,True
Energy,FINAL_TEST,1362,19124,19060,19123,19124,19187,19123,True
Energy,FINAL_TEST,1363,19125,19061,19124,19125,19188,19124,True
Energy,FINAL_TEST,1364,19126,19062,19125,19126,19189,19125,True
Energy,FINAL_TEST,1365,19127,19063,19126,19127,19190,19126,True
Energy,FINAL_TEST,1366,19128,19064,19127,19128,19191,19127,True
Energy,FINAL_TEST,1367,19129,19065,19128,19129,19192,19128,True
Energy,FINAL_TEST,1368,19130,19066,19129,19130,19193,19129,True
Energy,FINAL_TEST,1369,19131,19067,19130,19131,19194,19130,True
Energy,FINAL_TEST,1370,19132,19068,19131,19132,19195,19131,True
Energy,FINAL_TEST,1371,19133,19069,19132,19133,19196,19132,True
Energy,FINAL_TEST,1372,19134,19070,19133,19134,19197,19133,True
Energy,FINAL_TEST,1373,19135,19071,19134,19135,19198,19134,True
Energy,FINAL_TEST,1374,19136,19072,19135,19136,19199,19135,True
Energy,FINAL_TEST,1375,19137,19073,19136,19137,19200,19136,True
Energy,FINAL_TEST,1376,19138,19074,19137,19138,19201,19137,True
Energy,FINAL_TEST,1377,19139,19075,19138,19139,19202,19138,True
Energy,FINAL_TEST,1378,19140,19076,19139,19140,19203,19139,True
Energy,FINAL_TEST,1379,19141,19077,19140,19141,19204,19140,True
Energy,FINAL_TEST,1380,19142,19078,19141,19142,19205,19141,True
Energy,FINAL_TEST,1381,19143,19079,19142,19143,19206,19142,True
Energy,FINAL_TEST,1382,19144,19080,19143,19144,19207,19143,True
Energy,FINAL_TEST,1383,19145,19081,19144,19145,19208,19144,True
Energy,FINAL_TEST,1384,19146,19082,19145,19146,19209,19145,True
Energy,FINAL_TEST,1385,19147,19083,19146,19147,19210,19146,True
Energy,FINAL_TEST,1386,19148,19084,19147,19148,19211,19147,True
Energy,FINAL_TEST,1387,19149,19085,19148,19149,19212,19148,True
Energy,FINAL_TEST,1388,19150,19086,19149,19150,19213,19149,True
Energy,FINAL_TEST,1389,19151,19087,19150,19151,19214,19150,True
Energy,FINAL_TEST,1390,19152,19088,19151,19152,19215,19151,True
Energy,FINAL_TEST,1391,19153,19089,19152,19153,19216,19152,True
Energy,FINAL_TEST,1392,19154,19090,19153,19154,19217,19153,True
Energy,FINAL_TEST,1393,19155,19091,19154,19155,19218,19154,True
Energy,FINAL_TEST,1394,19156,19092,19155,19156,19219,19155,True
Energy,FINAL_TEST,1395,19157,19093,19156,19157,19220,19156,True
Energy,FINAL_TEST,1396,19158,19094,19157,19158,19221,19157,True
Energy,FINAL_TEST,1397,19159,19095,19158,19159,19222,19158,True
Energy,FINAL_TEST,1398,19160,19096,19159,19160,19223,19159,True
Energy,FINAL_TEST,1399,19161,19097,19160,19161,19224,19160,True
Energy,FINAL_TEST,1400,19162,19098,19161,19162,19225,19161,True
Energy,FINAL_TEST,1401,19163,19099,19162,19163,19226,19162,True
Energy,FINAL_TEST,1402,19164,19100,19163,19164,19227,19163,True
Energy,FINAL_TEST,1403,19165,19101,19164,19165,19228,19164,True
Energy,FINAL_TEST,1404,19166,19102,19165,19166,19229,19165,True
Energy,FINAL_TEST,1405,19167,19103,19166,19167,19230,19166,True
Energy,FINAL_TEST,1406,19168,19104,19167,19168,19231,19167,True
Energy,FINAL_TEST,1407,19169,19105,19168,19169,19232,19168,True
Energy,FINAL_TEST,1408,19170,19106,19169,19170,19233,19169,True
Energy,FINAL_TEST,1409,19171,19107,19170,19171,19234,19170,True
Energy,FINAL_TEST,1410,19172,19108,19171,19172,19235,19171,True
Energy,FINAL_TEST,1411,19173,19109,19172,19173,19236,19172,True
Energy,FINAL_TEST,1412,19174,19110,19173,19174,19237,19173,True
Energy,FINAL_TEST,1413,19175,19111,19174,19175,19238,19174,True
Energy,FINAL_TEST,1414,19176,19112,19175,19176,19239,19175,True
Energy,FINAL_TEST,1415,19177,19113,19176,19177,19240,19176,True
Energy,FINAL_TEST,1416,19178,19114,19177,19178,19241,19177,True
Energy,FINAL_TEST,1417,19179,19115,19178,19179,19242,19178,True
Energy,FINAL_TEST,1418,19180,19116,19179,19180,19243,19179,True
Energy,FINAL_TEST,1419,19181,19117,19180,19181,19244,19180,True
Energy,FINAL_TEST,1420,19182,19118,19181,19182,19245,19181,True
Energy,FINAL_TEST,1421,19183,19119,19182,19183,19246,19182,True
Energy,FINAL_TEST,1422,19184,19120,19183,19184,19247,19183,True
Energy,FINAL_TEST,1423,19185,19121,19184,19185,19248,19184,True
Energy,FINAL_TEST,1424,19186,19122,19185,19186,19249,19185,True
Energy,FINAL_TEST,1425,19187,19123,19186,19187,19250,19186,True
Energy,FINAL_TEST,1426,19188,19124,19187,19188,19251,19187,True
Energy,FINAL_TEST,1427,19189,19125,19188,19189,19252,19188,True
Energy,FINAL_TEST,1428,19190,19126,19189,19190,19253,19189,True
Energy,FINAL_TEST,1429,19191,19127,19190,19191,19254,19190,True
Energy,FINAL_TEST,1430,19192,19128,19191,19192,19255,19191,True
Energy,FINAL_TEST,1431,19193,19129,19192,19193,19256,19192,True
Energy,FINAL_TEST,1432,19194,19130,19193,19194,19257,19193,True
Energy,FINAL_TEST,1433,19195,19131,19194,19195,19258,19194,True
Energy,FINAL_TEST,1434,19196,19132,19195,19196,19259,19195,True
Energy,FINAL_TEST,1435,19197,19133,19196,19197,19260,19196,True
Energy,FINAL_TEST,1436,19198,19134,19197,19198,19261,19197,True
Energy,FINAL_TEST,1437,19199,19135,19198,19199,19262,19198,True
Energy,FINAL_TEST,1438,19200,19136,19199,19200,19263,19199,True
Energy,FINAL_TEST,1439,19201,19137,19200,19201,19264,19200,True
Energy,FINAL_TEST,1440,19202,19138,19201,19202,19265,19201,True
Energy,FINAL_TEST,1441,19203,19139,19202,19203,19266,19202,True
Energy,FINAL_TEST,1442,19204,19140,19203,19204,19267,19203,True
Energy,FINAL_TEST,1443,19205,19141,19204,19205,19268,19204,True
Energy,FINAL_TEST,1444,19206,19142,19205,19206,19269,19205,True
Energy,FINAL_TEST,1445,19207,19143,19206,19207,19270,19206,True
Energy,FINAL_TEST,1446,19208,19144,19207,19208,19271,19207,True
Energy,FINAL_TEST,1447,19209,19145,19208,19209,19272,19208,True
Energy,FINAL_TEST,1448,19210,19146,19209,19210,19273,19209,True
Energy,FINAL_TEST,1449,19211,19147,19210,19211,19274,19210,True
Energy,FINAL_TEST,1450,19212,19148,19211,19212,19275,19211,True
Energy,FINAL_TEST,1451,19213,19149,19212,19213,19276,19212,True
Energy,FINAL_TEST,1452,19214,19150,19213,19214,19277,19213,True
Energy,FINAL_TEST,1453,19215,19151,19214,19215,19278,19214,True
Energy,FINAL_TEST,1454,19216,19152,19215,19216,19279,19215,True
Energy,FINAL_TEST,1455,19217,19153,19216,19217,19280,19216,True
Energy,FINAL_TEST,1456,19218,19154,19217,19218,19281,19217,True
Energy,FINAL_TEST,1457,19219,19155,19218,19219,19282,19218,True
Energy,FINAL_TEST,1458,19220,19156,19219,19220,19283,19219,True
Energy,FINAL_TEST,1459,19221,19157,19220,19221,19284,19220,True
Energy,FINAL_TEST,1460,19222,19158,19221,19222,19285,19221,True
Energy,FINAL_TEST,1461,19223,19159,19222,19223,19286,19222,True
Energy,FINAL_TEST,1462,19224,19160,19223,19224,19287,19223,True
Energy,FINAL_TEST,1463,19225,19161,19224,19225,19288,19224,True
Energy,FINAL_TEST,1464,19226,19162,19225,19226,19289,19225,True
Energy,FINAL_TEST,1465,19227,19163,19226,19227,19290,19226,True
Energy,FINAL_TEST,1466,19228,19164,19227,19228,19291,19227,True
Energy,FINAL_TEST,1467,19229,19165,19228,19229,19292,19228,True
Energy,FINAL_TEST,1468,19230,19166,19229,19230,19293,19229,True
Energy,FINAL_TEST,1469,19231,19167,19230,19231,19294,19230,True
Energy,FINAL_TEST,1470,19232,19168,19231,19232,19295,19231,True
Energy,FINAL_TEST,1471,19233,19169,19232,19233,19296,19232,True
Energy,FINAL_TEST,1472,19234,19170,19233,19234,19297,19233,True
Energy,FINAL_TEST,1473,19235,19171,19234,19235,19298,19234,True
Energy,FINAL_TEST,1474,19236,19172,19235,19236,19299,19235,True
Energy,FINAL_TEST,1475,19237,19173,19236,19237,19300,19236,True
Energy,FINAL_TEST,1476,19238,19174,19237,19238,19301,19237,True
Energy,FINAL_TEST,1477,19239,19175,19238,19239,19302,19238,True
Energy,FINAL_TEST,1478,19240,19176,19239,19240,19303,19239,True
Energy,FINAL_TEST,1479,19241,19177,19240,19241,19304,19240,True
Energy,FINAL_TEST,1480,19242,19178,19241,19242,19305,19241,True
Energy,FINAL_TEST,1481,19243,19179,19242,19243,19306,19242,True
Energy,FINAL_TEST,1482,19244,19180,19243,19244,19307,19243,True
Energy,FINAL_TEST,1483,19245,19181,19244,19245,19308,19244,True
Energy,FINAL_TEST,1484,19246,19182,19245,19246,19309,19245,True
Energy,FINAL_TEST,1485,19247,19183,19246,19247,19310,19246,True
Energy,FINAL_TEST,1486,19248,19184,19247,19248,19311,19247,True
Energy,FINAL_TEST,1487,19249,19185,19248,19249,19312,19248,True
Energy,FINAL_TEST,1488,19250,19186,19249,19250,19313,19249,True
Energy,FINAL_TEST,1489,19251,19187,19250,19251,19314,19250,True
Energy,FINAL_TEST,1490,19252,19188,19251,19252,19315,19251,True
Energy,FINAL_TEST,1491,19253,19189,19252,19253,19316,19252,True
Energy,FINAL_TEST,1492,19254,19190,19253,19254,19317,19253,True
Energy,FINAL_TEST,1493,19255,19191,19254,19255,19318,19254,True
Energy,FINAL_TEST,1494,19256,19192,19255,19256,19319,19255,True
Energy,FINAL_TEST,1495,19257,19193,19256,19257,19320,19256,True
Energy,FINAL_TEST,1496,19258,19194,19257,19258,19321,19257,True
Energy,FINAL_TEST,1497,19259,19195,19258,19259,19322,19258,True
Energy,FINAL_TEST,1498,19260,19196,19259,19260,19323,19259,True
Energy,FINAL_TEST,1499,19261,19197,19260,19261,19324,19260,True
Energy,FINAL_TEST,1500,19262,19198,19261,19262,19325,19261,True
Energy,FINAL_TEST,1501,19263,19199,19262,19263,19326,19262,True
Energy,FINAL_TEST,1502,19264,19200,19263,19264,19327,19263,True
Energy,FINAL_TEST,1503,19265,19201,19264,19265,19328,19264,True
Energy,FINAL_TEST,1504,19266,19202,19265,19266,19329,19265,True
Energy,FINAL_TEST,1505,19267,19203,19266,19267,19330,19266,True
Energy,FINAL_TEST,1506,19268,19204,19267,19268,19331,19267,True
Energy,FINAL_TEST,1507,19269,19205,19268,19269,19332,19268,True
Energy,FINAL_TEST,1508,19270,19206,19269,19270,19333,19269,True
Energy,FINAL_TEST,1509,19271,19207,19270,19271,19334,19270,True
Energy,FINAL_TEST,1510,19272,19208,19271,19272,19335,19271,True
Energy,FINAL_TEST,1511,19273,19209,19272,19273,19336,19272,True
Energy,FINAL_TEST,1512,19274,19210,19273,19274,19337,19273,True
Energy,FINAL_TEST,1513,19275,19211,19274,19275,19338,19274,True
Energy,FINAL_TEST,1514,19276,19212,19275,19276,19339,19275,True
Energy,FINAL_TEST,1515,19277,19213,19276,19277,19340,19276,True
Energy,FINAL_TEST,1516,19278,19214,19277,19278,19341,19277,True
Energy,FINAL_TEST,1517,19279,19215,19278,19279,19342,19278,True
Energy,FINAL_TEST,1518,19280,19216,19279,19280,19343,19279,True
Energy,FINAL_TEST,1519,19281,19217,19280,19281,19344,19280,True
Energy,FINAL_TEST,1520,19282,19218,19281,19282,19345,19281,True
Energy,FINAL_TEST,1521,19283,19219,19282,19283,19346,19282,True
Energy,FINAL_TEST,1522,19284,19220,19283,19284,19347,19283,True
Energy,FINAL_TEST,1523,19285,19221,19284,19285,19348,19284,True
Energy,FINAL_TEST,1524,19286,19222,19285,19286,19349,19285,True
Energy,FINAL_TEST,1525,19287,19223,19286,19287,19350,19286,True
Energy,FINAL_TEST,1526,19288,19224,19287,19288,19351,19287,True
Energy,FINAL_TEST,1527,19289,19225,19288,19289,19352,19288,True
Energy,FINAL_TEST,1528,19290,19226,19289,19290,19353,19289,True
Energy,FINAL_TEST,1529,19291,19227,19290,19291,19354,19290,True
Energy,FINAL_TEST,1530,19292,19228,19291,19292,19355,19291,True
Energy,FINAL_TEST,1531,19293,19229,19292,19293,19356,19292,True
Energy,FINAL_TEST,1532,19294,19230,19293,19294,19357,19293,True
Energy,FINAL_TEST,1533,19295,19231,19294,19295,19358,19294,True
Energy,FINAL_TEST,1534,19296,19232,19295,19296,19359,19295,True
Energy,FINAL_TEST,1535,19297,19233,19296,19297,19360,19296,True
Energy,FINAL_TEST,1536,19298,19234,19297,19298,19361,19297,True
Energy,FINAL_TEST,1537,19299,19235,19298,19299,19362,19298,True
Energy,FINAL_TEST,1538,19300,19236,19299,19300,19363,19299,True
Energy,FINAL_TEST,1539,19301,19237,19300,19301,19364,19300,True
Energy,FINAL_TEST,1540,19302,19238,19301,19302,19365,19301,True
Energy,FINAL_TEST,1541,19303,19239,19302,19303,19366,19302,True
Energy,FINAL_TEST,1542,19304,19240,19303,19304,19367,19303,True
Energy,FINAL_TEST,1543,19305,19241,19304,19305,19368,19304,True
Energy,FINAL_TEST,1544,19306,19242,19305,19306,19369,19305,True
Energy,FINAL_TEST,1545,19307,19243,19306,19307,19370,19306,True
Energy,FINAL_TEST,1546,19308,19244,19307,19308,19371,19307,True
Energy,FINAL_TEST,1547,19309,19245,19308,19309,19372,19308,True
Energy,FINAL_TEST,1548,19310,19246,19309,19310,19373,19309,True
Energy,FINAL_TEST,1549,19311,19247,19310,19311,19374,19310,True
Energy,FINAL_TEST,1550,19312,19248,19311,19312,19375,19311,True
Energy,FINAL_TEST,1551,19313,19249,19312,19313,19376,19312,True
Energy,FINAL_TEST,1552,19314,19250,19313,19314,19377,19313,True
Energy,FINAL_TEST,1553,19315,19251,19314,19315,19378,19314,True
Energy,FINAL_TEST,1554,19316,19252,19315,19316,19379,19315,True
Energy,FINAL_TEST,1555,19317,19253,19316,19317,19380,19316,True
Energy,FINAL_TEST,1556,19318,19254,19317,19318,19381,19317,True
Energy,FINAL_TEST,1557,19319,19255,19318,19319,19382,19318,True
Energy,FINAL_TEST,1558,19320,19256,19319,19320,19383,19319,True
Energy,FINAL_TEST,1559,19321,19257,19320,19321,19384,19320,True
Energy,FINAL_TEST,1560,19322,19258,19321,19322,19385,19321,True
Energy,FINAL_TEST,1561,19323,19259,19322,19323,19386,19322,True
Energy,FINAL_TEST,1562,19324,19260,19323,19324,19387,19323,True
Energy,FINAL_TEST,1563,19325,19261,19324,19325,19388,19324,True
Energy,FINAL_TEST,1564,19326,19262,19325,19326,19389,19325,True
Energy,FINAL_TEST,1565,19327,19263,19326,19327,19390,19326,True
Energy,FINAL_TEST,1566,19328,19264,19327,19328,19391,19327,True
Energy,FINAL_TEST,1567,19329,19265,19328,19329,19392,19328,True
Energy,FINAL_TEST,1568,19330,19266,19329,19330,19393,19329,True
Energy,FINAL_TEST,1569,19331,19267,19330,19331,19394,19330,True
Energy,FINAL_TEST,1570,19332,19268,19331,19332,19395,19331,True
Energy,FINAL_TEST,1571,19333,19269,19332,19333,19396,19332,True
Energy,FINAL_TEST,1572,19334,19270,19333,19334,19397,19333,True
Energy,FINAL_TEST,1573,19335,19271,19334,19335,19398,19334,True
Energy,FINAL_TEST,1574,19336,19272,19335,19336,19399,19335,True
Energy,FINAL_TEST,1575,19337,19273,19336,19337,19400,19336,True
Energy,FINAL_TEST,1576,19338,19274,19337,19338,19401,19337,True
Energy,FINAL_TEST,1577,19339,19275,19338,19339,19402,19338,True
Energy,FINAL_TEST,1578,19340,19276,19339,19340,19403,19339,True
Energy,FINAL_TEST,1579,19341,19277,19340,19341,19404,19340,True
Energy,FINAL_TEST,1580,19342,19278,19341,19342,19405,19341,True
Energy,FINAL_TEST,1581,19343,19279,19342,19343,19406,19342,True
Energy,FINAL_TEST,1582,19344,19280,19343,19344,19407,19343,True
Energy,FINAL_TEST,1583,19345,19281,19344,19345,19408,19344,True
Energy,FINAL_TEST,1584,19346,19282,19345,19346,19409,19345,True
Energy,FINAL_TEST,1585,19347,19283,19346,19347,19410,19346,True
Energy,FINAL_TEST,1586,19348,19284,19347,19348,19411,19347,True
Energy,FINAL_TEST,1587,19349,19285,19348,19349,19412,19348,True
Energy,FINAL_TEST,1588,19350,19286,19349,19350,19413,19349,True
Energy,FINAL_TEST,1589,19351,19287,19350,19351,19414,19350,True
Energy,FINAL_TEST,1590,19352,19288,19351,19352,19415,19351,True
Energy,FINAL_TEST,1591,19353,19289,19352,19353,19416,19352,True
Energy,FINAL_TEST,1592,19354,19290,19353,19354,19417,19353,True
Energy,FINAL_TEST,1593,19355,19291,19354,19355,19418,19354,True
Energy,FINAL_TEST,1594,19356,19292,19355,19356,19419,19355,True
Energy,FINAL_TEST,1595,19357,19293,19356,19357,19420,19356,True
Energy,FINAL_TEST,1596,19358,19294,19357,19358,19421,19357,True
Energy,FINAL_TEST,1597,19359,19295,19358,19359,19422,19358,True
Energy,FINAL_TEST,1598,19360,19296,19359,19360,19423,19359,True
Energy,FINAL_TEST,1599,19361,19297,19360,19361,19424,19360,True
Energy,FINAL_TEST,1600,19362,19298,19361,19362,19425,19361,True
Energy,FINAL_TEST,1601,19363,19299,19362,19363,19426,19362,True
Energy,FINAL_TEST,1602,19364,19300,19363,19364,19427,19363,True
Energy,FINAL_TEST,1603,19365,19301,19364,19365,19428,19364,True
Energy,FINAL_TEST,1604,19366,19302,19365,19366,19429,19365,True
Energy,FINAL_TEST,1605,19367,19303,19366,19367,19430,19366,True
Energy,FINAL_TEST,1606,19368,19304,19367,19368,19431,19367,True
Energy,FINAL_TEST,1607,19369,19305,19368,19369,19432,19368,True
Energy,FINAL_TEST,1608,19370,19306,19369,19370,19433,19369,True
Energy,FINAL_TEST,1609,19371,19307,19370,19371,19434,19370,True
Energy,FINAL_TEST,1610,19372,19308,19371,19372,19435,19371,True
Energy,FINAL_TEST,1611,19373,19309,19372,19373,19436,19372,True
Energy,FINAL_TEST,1612,19374,19310,19373,19374,19437,19373,True
Energy,FINAL_TEST,1613,19375,19311,19374,19375,19438,19374,True
Energy,FINAL_TEST,1614,19376,19312,19375,19376,19439,19375,True
Energy,FINAL_TEST,1615,19377,19313,19376,19377,19440,19376,True
Energy,FINAL_TEST,1616,19378,19314,19377,19378,19441,19377,True
Energy,FINAL_TEST,1617,19379,19315,19378,19379,19442,19378,True
Energy,FINAL_TEST,1618,19380,19316,19379,19380,19443,19379,True
Energy,FINAL_TEST,1619,19381,19317,19380,19381,19444,19380,True
Energy,FINAL_TEST,1620,19382,19318,19381,19382,19445,19381,True
Energy,FINAL_TEST,1621,19383,19319,19382,19383,19446,19382,True
Energy,FINAL_TEST,1622,19384,19320,19383,19384,19447,19383,True
Energy,FINAL_TEST,1623,19385,19321,19384,19385,19448,19384,True
Energy,FINAL_TEST,1624,19386,19322,19385,19386,19449,19385,True
Energy,FINAL_TEST,1625,19387,19323,19386,19387,19450,19386,True
Energy,FINAL_TEST,1626,19388,19324,19387,19388,19451,19387,True
Energy,FINAL_TEST,1627,19389,19325,19388,19389,19452,19388,True
Energy,FINAL_TEST,1628,19390,19326,19389,19390,19453,19389,True
Energy,FINAL_TEST,1629,19391,19327,19390,19391,19454,19390,True
Energy,FINAL_TEST,1630,19392,19328,19391,19392,19455,19391,True
Energy,FINAL_TEST,1631,19393,19329,19392,19393,19456,19392,True
Energy,FINAL_TEST,1632,19394,19330,19393,19394,19457,19393,True
Energy,FINAL_TEST,1633,19395,19331,19394,19395,19458,19394,True
Energy,FINAL_TEST,1634,19396,19332,19395,19396,19459,19395,True
Energy,FINAL_TEST,1635,19397,19333,19396,19397,19460,19396,True
Energy,FINAL_TEST,1636,19398,19334,19397,19398,19461,19397,True
Energy,FINAL_TEST,1637,19399,19335,19398,19399,19462,19398,True
Energy,FINAL_TEST,1638,19400,19336,19399,19400,19463,19399,True
Energy,FINAL_TEST,1639,19401,19337,19400,19401,19464,19400,True
Energy,FINAL_TEST,1640,19402,19338,19401,19402,19465,19401,True
Energy,FINAL_TEST,1641,19403,19339,19402,19403,19466,19402,True
Energy,FINAL_TEST,1642,19404,19340,19403,19404,19467,19403,True
Energy,FINAL_TEST,1643,19405,19341,19404,19405,19468,19404,True
Energy,FINAL_TEST,1644,19406,19342,19405,19406,19469,19405,True
Energy,FINAL_TEST,1645,19407,19343,19406,19407,19470,19406,True
Energy,FINAL_TEST,1646,19408,19344,19407,19408,19471,19407,True
Energy,FINAL_TEST,1647,19409,19345,19408,19409,19472,19408,True
Energy,FINAL_TEST,1648,19410,19346,19409,19410,19473,19409,True
Energy,FINAL_TEST,1649,19411,19347,19410,19411,19474,19410,True
Energy,FINAL_TEST,1650,19412,19348,19411,19412,19475,19411,True
Energy,FINAL_TEST,1651,19413,19349,19412,19413,19476,19412,True
Energy,FINAL_TEST,1652,19414,19350,19413,19414,19477,19413,True
Energy,FINAL_TEST,1653,19415,19351,19414,19415,19478,19414,True
Energy,FINAL_TEST,1654,19416,19352,19415,19416,19479,19415,True
Energy,FINAL_TEST,1655,19417,19353,19416,19417,19480,19416,True
Energy,FINAL_TEST,1656,19418,19354,19417,19418,19481,19417,True
Energy,FINAL_TEST,1657,19419,19355,19418,19419,19482,19418,True
Energy,FINAL_TEST,1658,19420,19356,19419,19420,19483,19419,True
Energy,FINAL_TEST,1659,19421,19357,19420,19421,19484,19420,True
Energy,FINAL_TEST,1660,19422,19358,19421,19422,19485,19421,True
Energy,FINAL_TEST,1661,19423,19359,19422,19423,19486,19422,True
Energy,FINAL_TEST,1662,19424,19360,19423,19424,19487,19423,True
Energy,FINAL_TEST,1663,19425,19361,19424,19425,19488,19424,True
Energy,FINAL_TEST,1664,19426,19362,19425,19426,19489,19425,True
Energy,FINAL_TEST,1665,19427,19363,19426,19427,19490,19426,True
Energy,FINAL_TEST,1666,19428,19364,19427,19428,19491,19427,True
Energy,FINAL_TEST,1667,19429,19365,19428,19429,19492,19428,True
Energy,FINAL_TEST,1668,19430,19366,19429,19430,19493,19429,True
Energy,FINAL_TEST,1669,19431,19367,19430,19431,19494,19430,True
Energy,FINAL_TEST,1670,19432,19368,19431,19432,19495,19431,True
Energy,FINAL_TEST,1671,19433,19369,19432,19433,19496,19432,True
Energy,FINAL_TEST,1672,19434,19370,19433,19434,19497,19433,True
Energy,FINAL_TEST,1673,19435,19371,19434,19435,19498,19434,True
Energy,FINAL_TEST,1674,19436,19372,19435,19436,19499,19435,True
Energy,FINAL_TEST,1675,19437,19373,19436,19437,19500,19436,True
Energy,FINAL_TEST,1676,19438,19374,19437,19438,19501,19437,True
Energy,FINAL_TEST,1677,19439,19375,19438,19439,19502,19438,True
Energy,FINAL_TEST,1678,19440,19376,19439,19440,19503,19439,True
Energy,FINAL_TEST,1679,19441,19377,19440,19441,19504,19440,True
Energy,FINAL_TEST,1680,19442,19378,19441,19442,19505,19441,True
Energy,FINAL_TEST,1681,19443,19379,19442,19443,19506,19442,True
Energy,FINAL_TEST,1682,19444,19380,19443,19444,19507,19443,True
Energy,FINAL_TEST,1683,19445,19381,19444,19445,19508,19444,True
Energy,FINAL_TEST,1684,19446,19382,19445,19446,19509,19445,True
Energy,FINAL_TEST,1685,19447,19383,19446,19447,19510,19446,True
Energy,FINAL_TEST,1686,19448,19384,19447,19448,19511,19447,True
Energy,FINAL_TEST,1687,19449,19385,19448,19449,19512,19448,True
Energy,FINAL_TEST,1688,19450,19386,19449,19450,19513,19449,True
Energy,FINAL_TEST,1689,19451,19387,19450,19451,19514,19450,True
Energy,FINAL_TEST,1690,19452,19388,19451,19452,19515,19451,True
Energy,FINAL_TEST,1691,19453,19389,19452,19453,19516,19452,True
Energy,FINAL_TEST,1692,19454,19390,19453,19454,19517,19453,True
Energy,FINAL_TEST,1693,19455,19391,19454,19455,19518,19454,True
Energy,FINAL_TEST,1694,19456,19392,19455,19456,19519,19455,True
Energy,FINAL_TEST,1695,19457,19393,19456,19457,19520,19456,True
Energy,FINAL_TEST,1696,19458,19394,19457,19458,19521,19457,True
Energy,FINAL_TEST,1697,19459,19395,19458,19459,19522,19458,True
Energy,FINAL_TEST,1698,19460,19396,19459,19460,19523,19459,True
Energy,FINAL_TEST,1699,19461,19397,19460,19461,19524,19460,True
Energy,FINAL_TEST,1700,19462,19398,19461,19462,19525,19461,True
Energy,FINAL_TEST,1701,19463,19399,19462,19463,19526,19462,True
Energy,FINAL_TEST,1702,19464,19400,19463,19464,19527,19463,True
Energy,FINAL_TEST,1703,19465,19401,19464,19465,19528,19464,True
Energy,FINAL_TEST,1704,19466,19402,19465,19466,19529,19465,True
Energy,FINAL_TEST,1705,19467,19403,19466,19467,19530,19466,True
Energy,FINAL_TEST,1706,19468,19404,19467,19468,19531,19467,True
Energy,FINAL_TEST,1707,19469,19405,19468,19469,19532,19468,True
Energy,FINAL_TEST,1708,19470,19406,19469,19470,19533,19469,True
Energy,FINAL_TEST,1709,19471,19407,19470,19471,19534,19470,True
Energy,FINAL_TEST,1710,19472,19408,19471,19472,19535,19471,True
Energy,FINAL_TEST,1711,19473,19409,19472,19473,19536,19472,True
Energy,FINAL_TEST,1712,19474,19410,19473,19474,19537,19473,True
Energy,FINAL_TEST,1713,19475,19411,19474,19475,19538,19474,True
Energy,FINAL_TEST,1714,19476,19412,19475,19476,19539,19475,True
Energy,FINAL_TEST,1715,19477,19413,19476,19477,19540,19476,True
Energy,FINAL_TEST,1716,19478,19414,19477,19478,19541,19477,True
Energy,FINAL_TEST,1717,19479,19415,19478,19479,19542,19478,True
Energy,FINAL_TEST,1718,19480,19416,19479,19480,19543,19479,True
Energy,FINAL_TEST,1719,19481,19417,19480,19481,19544,19480,True
Energy,FINAL_TEST,1720,19482,19418,19481,19482,19545,19481,True
Energy,FINAL_TEST,1721,19483,19419,19482,19483,19546,19482,True
Energy,FINAL_TEST,1722,19484,19420,19483,19484,19547,19483,True
Energy,FINAL_TEST,1723,19485,19421,19484,19485,19548,19484,True
Energy,FINAL_TEST,1724,19486,19422,19485,19486,19549,19485,True
Energy,FINAL_TEST,1725,19487,19423,19486,19487,19550,19486,True
Energy,FINAL_TEST,1726,19488,19424,19487,19488,19551,19487,True
Energy,FINAL_TEST,1727,19489,19425,19488,19489,19552,19488,True
Energy,FINAL_TEST,1728,19490,19426,19489,19490,19553,19489,True
Energy,FINAL_TEST,1729,19491,19427,19490,19491,19554,19490,True
Energy,FINAL_TEST,1730,19492,19428,19491,19492,19555,19491,True
Energy,FINAL_TEST,1731,19493,19429,19492,19493,19556,19492,True
Energy,FINAL_TEST,1732,19494,19430,19493,19494,19557,19493,True
Energy,FINAL_TEST,1733,19495,19431,19494,19495,19558,19494,True
Energy,FINAL_TEST,1734,19496,19432,19495,19496,19559,19495,True
Energy,FINAL_TEST,1735,19497,19433,19496,19497,19560,19496,True
Energy,FINAL_TEST,1736,19498,19434,19497,19498,19561,19497,True
Energy,FINAL_TEST,1737,19499,19435,19498,19499,19562,19498,True
Energy,FINAL_TEST,1738,19500,19436,19499,19500,19563,19499,True
Energy,FINAL_TEST,1739,19501,19437,19500,19501,19564,19500,True
Energy,FINAL_TEST,1740,19502,19438,19501,19502,19565,19501,True
Energy,FINAL_TEST,1741,19503,19439,19502,19503,19566,19502,True
Energy,FINAL_TEST,1742,19504,19440,19503,19504,19567,19503,True
Energy,FINAL_TEST,1743,19505,19441,19504,19505,19568,19504,True
Energy,FINAL_TEST,1744,19506,19442,19505,19506,19569,19505,True
Energy,FINAL_TEST,1745,19507,19443,19506,19507,19570,19506,True
Energy,FINAL_TEST,1746,19508,19444,19507,19508,19571,19507,True
Energy,FINAL_TEST,1747,19509,19445,19508,19509,19572,19508,True
Energy,FINAL_TEST,1748,19510,19446,19509,19510,19573,19509,True
Energy,FINAL_TEST,1749,19511,19447,19510,19511,19574,19510,True
Energy,FINAL_TEST,1750,19512,19448,19511,19512,19575,19511,True
Energy,FINAL_TEST,1751,19513,19449,19512,19513,19576,19512,True
Energy,FINAL_TEST,1752,19514,19450,19513,19514,19577,19513,True
Energy,FINAL_TEST,1753,19515,19451,19514,19515,19578,19514,True
Energy,FINAL_TEST,1754,19516,19452,19515,19516,19579,19515,True
Energy,FINAL_TEST,1755,19517,19453,19516,19517,19580,19516,True
Energy,FINAL_TEST,1756,19518,19454,19517,19518,19581,19517,True
Energy,FINAL_TEST,1757,19519,19455,19518,19519,19582,19518,True
Energy,FINAL_TEST,1758,19520,19456,19519,19520,19583,19519,True
Energy,FINAL_TEST,1759,19521,19457,19520,19521,19584,19520,True
Energy,FINAL_TEST,1760,19522,19458,19521,19522,19585,19521,True
Energy,FINAL_TEST,1761,19523,19459,19522,19523,19586,19522,True
Energy,FINAL_TEST,1762,19524,19460,19523,19524,19587,19523,True
Energy,FINAL_TEST,1763,19525,19461,19524,19525,19588,19524,True
Energy,FINAL_TEST,1764,19526,19462,19525,19526,19589,19525,True
Energy,FINAL_TEST,1765,19527,19463,19526,19527,19590,19526,True
Energy,FINAL_TEST,1766,19528,19464,19527,19528,19591,19527,True
Energy,FINAL_TEST,1767,19529,19465,19528,19529,19592,19528,True
Energy,FINAL_TEST,1768,19530,19466,19529,19530,19593,19529,True
Energy,FINAL_TEST,1769,19531,19467,19530,19531,19594,19530,True
Energy,FINAL_TEST,1770,19532,19468,19531,19532,19595,19531,True
Energy,FINAL_TEST,1771,19533,19469,19532,19533,19596,19532,True
Energy,FINAL_TEST,1772,19534,19470,19533,19534,19597,19533,True
Energy,FINAL_TEST,1773,19535,19471,19534,19535,19598,19534,True
Energy,FINAL_TEST,1774,19536,19472,19535,19536,19599,19535,True
Energy,FINAL_TEST,1775,19537,19473,19536,19537,19600,19536,True
Energy,FINAL_TEST,1776,19538,19474,19537,19538,19601,19537,True
Energy,FINAL_TEST,1777,19539,19475,19538,19539,19602,19538,True
Energy,FINAL_TEST,1778,19540,19476,19539,19540,19603,19539,True
Energy,FINAL_TEST,1779,19541,19477,19540,19541,19604,19540,True
Energy,FINAL_TEST,1780,19542,19478,19541,19542,19605,19541,True
Energy,FINAL_TEST,1781,19543,19479,19542,19543,19606,19542,True
Energy,FINAL_TEST,1782,19544,19480,19543,19544,19607,19543,True
Energy,FINAL_TEST,1783,19545,19481,19544,19545,19608,19544,True
Energy,FINAL_TEST,1784,19546,19482,19545,19546,19609,19545,True
Energy,FINAL_TEST,1785,19547,19483,19546,19547,19610,19546,True
Energy,FINAL_TEST,1786,19548,19484,19547,19548,19611,19547,True
Energy,FINAL_TEST,1787,19549,19485,19548,19549,19612,19548,True
Energy,FINAL_TEST,1788,19550,19486,19549,19550,19613,19549,True
Energy,FINAL_TEST,1789,19551,19487,19550,19551,19614,19550,True
Energy,FINAL_TEST,1790,19552,19488,19551,19552,19615,19551,True
Energy,FINAL_TEST,1791,19553,19489,19552,19553,19616,19552,True
Energy,FINAL_TEST,1792,19554,19490,19553,19554,19617,19553,True
Energy,FINAL_TEST,1793,19555,19491,19554,19555,19618,19554,True
Energy,FINAL_TEST,1794,19556,19492,19555,19556,19619,19555,True
Energy,FINAL_TEST,1795,19557,19493,19556,19557,19620,19556,True
Energy,FINAL_TEST,1796,19558,19494,19557,19558,19621,19557,True
Energy,FINAL_TEST,1797,19559,19495,19558,19559,19622,19558,True
Energy,FINAL_TEST,1798,19560,19496,19559,19560,19623,19559,True
Energy,FINAL_TEST,1799,19561,19497,19560,19561,19624,19560,True
Energy,FINAL_TEST,1800,19562,19498,19561,19562,19625,19561,True
Energy,FINAL_TEST,1801,19563,19499,19562,19563,19626,19562,True
Energy,FINAL_TEST,1802,19564,19500,19563,19564,19627,19563,True
Energy,FINAL_TEST,1803,19565,19501,19564,19565,19628,19564,True
Energy,FINAL_TEST,1804,19566,19502,19565,19566,19629,19565,True
Energy,FINAL_TEST,1805,19567,19503,19566,19567,19630,19566,True
Energy,FINAL_TEST,1806,19568,19504,19567,19568,19631,19567,True
Energy,FINAL_TEST,1807,19569,19505,19568,19569,19632,19568,True
Energy,FINAL_TEST,1808,19570,19506,19569,19570,19633,19569,True
Energy,FINAL_TEST,1809,19571,19507,19570,19571,19634,19570,True
Energy,FINAL_TEST,1810,19572,19508,19571,19572,19635,19571,True
Energy,FINAL_TEST,1811,19573,19509,19572,19573,19636,19572,True
Energy,FINAL_TEST,1812,19574,19510,19573,19574,19637,19573,True
Energy,FINAL_TEST,1813,19575,19511,19574,19575,19638,19574,True
Energy,FINAL_TEST,1814,19576,19512,19575,19576,19639,19575,True
Energy,FINAL_TEST,1815,19577,19513,19576,19577,19640,19576,True
Energy,FINAL_TEST,1816,19578,19514,19577,19578,19641,19577,True
Energy,FINAL_TEST,1817,19579,19515,19578,19579,19642,19578,True
Energy,FINAL_TEST,1818,19580,19516,19579,19580,19643,19579,True
Energy,FINAL_TEST,1819,19581,19517,19580,19581,19644,19580,True
Energy,FINAL_TEST,1820,19582,19518,19581,19582,19645,19581,True
Energy,FINAL_TEST,1821,19583,19519,19582,19583,19646,19582,True
Energy,FINAL_TEST,1822,19584,19520,19583,19584,19647,19583,True
Energy,FINAL_TEST,1823,19585,19521,19584,19585,19648,19584,True
Energy,FINAL_TEST,1824,19586,19522,19585,19586,19649,19585,True
Energy,FINAL_TEST,1825,19587,19523,19586,19587,19650,19586,True
Energy,FINAL_TEST,1826,19588,19524,19587,19588,19651,19587,True
Energy,FINAL_TEST,1827,19589,19525,19588,19589,19652,19588,True
Energy,FINAL_TEST,1828,19590,19526,19589,19590,19653,19589,True
Energy,FINAL_TEST,1829,19591,19527,19590,19591,19654,19590,True
Energy,FINAL_TEST,1830,19592,19528,19591,19592,19655,19591,True
Energy,FINAL_TEST,1831,19593,19529,19592,19593,19656,19592,True
Energy,FINAL_TEST,1832,19594,19530,19593,19594,19657,19593,True
Energy,FINAL_TEST,1833,19595,19531,19594,19595,19658,19594,True
Energy,FINAL_TEST,1834,19596,19532,19595,19596,19659,19595,True
Energy,FINAL_TEST,1835,19597,19533,19596,19597,19660,19596,True
Energy,FINAL_TEST,1836,19598,19534,19597,19598,19661,19597,True
Energy,FINAL_TEST,1837,19599,19535,19598,19599,19662,19598,True
Energy,FINAL_TEST,1838,19600,19536,19599,19600,19663,19599,True
Energy,FINAL_TEST,1839,19601,19537,19600,19601,19664,19600,True
Energy,FINAL_TEST,1840,19602,19538,19601,19602,19665,19601,True
Energy,FINAL_TEST,1841,19603,19539,19602,19603,19666,19602,True
Energy,FINAL_TEST,1842,19604,19540,19603,19604,19667,19603,True
Energy,FINAL_TEST,1843,19605,19541,19604,19605,19668,19604,True
Energy,FINAL_TEST,1844,19606,19542,19605,19606,19669,19605,True
Energy,FINAL_TEST,1845,19607,19543,19606,19607,19670,19606,True
Energy,FINAL_TEST,1846,19608,19544,19607,19608,19671,19607,True
Energy,FINAL_TEST,1847,19609,19545,19608,19609,19672,19608,True
Energy,FINAL_TEST,1848,19610,19546,19609,19610,19673,19609,True
Energy,FINAL_TEST,1849,19611,19547,19610,19611,19674,19610,True
Energy,FINAL_TEST,1850,19612,19548,19611,19612,19675,19611,True
Energy,FINAL_TEST,1851,19613,19549,19612,19613,19676,19612,True
Energy,FINAL_TEST,1852,19614,19550,19613,19614,19677,19613,True
Energy,FINAL_TEST,1853,19615,19551,19614,19615,19678,19614,True
Energy,FINAL_TEST,1854,19616,19552,19615,19616,19679,19615,True
Energy,FINAL_TEST,1855,19617,19553,19616,19617,19680,19616,True
Energy,FINAL_TEST,1856,19618,19554,19617,19618,19681,19617,True
Energy,FINAL_TEST,1857,19619,19555,19618,19619,19682,19618,True
Energy,FINAL_TEST,1858,19620,19556,19619,19620,19683,19619,True
Energy,FINAL_TEST,1859,19621,19557,19620,19621,19684,19620,True
Energy,FINAL_TEST,1860,19622,19558,19621,19622,19685,19621,True
Energy,FINAL_TEST,1861,19623,19559,19622,19623,19686,19622,True
Energy,FINAL_TEST,1862,19624,19560,19623,19624,19687,19623,True
Energy,FINAL_TEST,1863,19625,19561,19624,19625,19688,19624,True
Energy,FINAL_TEST,1864,19626,19562,19625,19626,19689,19625,True
Energy,FINAL_TEST,1865,19627,19563,19626,19627,19690,19626,True
Energy,FINAL_TEST,1866,19628,19564,19627,19628,19691,19627,True
Energy,FINAL_TEST,1867,19629,19565,19628,19629,19692,19628,True
Energy,FINAL_TEST,1868,19630,19566,19629,19630,19693,19629,True
Energy,FINAL_TEST,1869,19631,19567,19630,19631,19694,19630,True
Energy,FINAL_TEST,1870,19632,19568,19631,19632,19695,19631,True
Energy,FINAL_TEST,1871,19633,19569,19632,19633,19696,19632,True
Energy,FINAL_TEST,1872,19634,19570,19633,19634,19697,19633,True
Energy,FINAL_TEST,1873,19635,19571,19634,19635,19698,19634,True
Energy,FINAL_TEST,1874,19636,19572,19635,19636,19699,19635,True
Energy,FINAL_TEST,1875,19637,19573,19636,19637,19700,19636,True
Energy,FINAL_TEST,1876,19638,19574,19637,19638,19701,19637,True
Energy,FINAL_TEST,1877,19639,19575,19638,19639,19702,19638,True
Energy,FINAL_TEST,1878,19640,19576,19639,19640,19703,19639,True
Energy,FINAL_TEST,1879,19641,19577,19640,19641,19704,19640,True
Energy,FINAL_TEST,1880,19642,19578,19641,19642,19705,19641,True
Energy,FINAL_TEST,1881,19643,19579,19642,19643,19706,19642,True
Energy,FINAL_TEST,1882,19644,19580,19643,19644,19707,19643,True
Energy,FINAL_TEST,1883,19645,19581,19644,19645,19708,19644,True
Energy,FINAL_TEST,1884,19646,19582,19645,19646,19709,19645,True
Energy,FINAL_TEST,1885,19647,19583,19646,19647,19710,19646,True
Energy,FINAL_TEST,1886,19648,19584,19647,19648,19711,19647,True
Energy,FINAL_TEST,1887,19649,19585,19648,19649,19712,19648,True
Energy,FINAL_TEST,1888,19650,19586,19649,19650,19713,19649,True
Energy,FINAL_TEST,1889,19651,19587,19650,19651,19714,19650,True
Energy,FINAL_TEST,1890,19652,19588,19651,19652,19715,19651,True
Energy,FINAL_TEST,1891,19653,19589,19652,19653,19716,19652,True
Energy,FINAL_TEST,1892,19654,19590,19653,19654,19717,19653,True
Energy,FINAL_TEST,1893,19655,19591,19654,19655,19718,19654,True
Energy,FINAL_TEST,1894,19656,19592,19655,19656,19719,19655,True
Energy,FINAL_TEST,1895,19657,19593,19656,19657,19720,19656,True
Energy,FINAL_TEST,1896,19658,19594,19657,19658,19721,19657,True
Energy,FINAL_TEST,1897,19659,19595,19658,19659,19722,19658,True
Energy,FINAL_TEST,1898,19660,19596,19659,19660,19723,19659,True
Energy,FINAL_TEST,1899,19661,19597,19660,19661,19724,19660,True
Energy,FINAL_TEST,1900,19662,19598,19661,19662,19725,19661,True
Energy,FINAL_TEST,1901,19663,19599,19662,19663,19726,19662,True
Energy,FINAL_TEST,1902,19664,19600,19663,19664,19727,19663,True
Energy,FINAL_TEST,1903,19665,19601,19664,19665,19728,19664,True
Energy,FINAL_TEST,1904,19666,19602,19665,19666,19729,19665,True
Energy,FINAL_TEST,1905,19667,19603,19666,19667,19730,19666,True
Energy,FINAL_TEST,1906,19668,19604,19667,19668,19731,19667,True
Energy,FINAL_TEST,1907,19669,19605,19668,19669,19732,19668,True
Energy,FINAL_TEST,1908,19670,19606,19669,19670,19733,19669,True
Energy,FINAL_TEST,1909,19671,19607,19670,19671,19734,19670,True
AirQuality,DEV_VAL,0,7486,7422,7485,7486,7549,7485,True
AirQuality,DEV_VAL,1,7487,7423,7486,7487,7550,7486,True
AirQuality,DEV_VAL,2,7488,7424,7487,7488,7551,7487,True
AirQuality,DEV_VAL,3,7489,7425,7488,7489,7552,7488,True
AirQuality,DEV_VAL,4,7490,7426,7489,7490,7553,7489,True
AirQuality,DEV_VAL,5,7491,7427,7490,7491,7554,7490,True
AirQuality,DEV_VAL,6,7492,7428,7491,7492,7555,7491,True
AirQuality,DEV_VAL,7,7493,7429,7492,7493,7556,7492,True
AirQuality,DEV_VAL,8,7494,7430,7493,7494,7557,7493,True
AirQuality,DEV_VAL,9,7495,7431,7494,7495,7558,7494,True
AirQuality,DEV_VAL,10,7496,7432,7495,7496,7559,7495,True
AirQuality,DEV_VAL,11,7497,7433,7496,7497,7560,7496,True
AirQuality,DEV_VAL,12,7498,7434,7497,7498,7561,7497,True
AirQuality,DEV_VAL,13,7499,7435,7498,7499,7562,7498,True
AirQuality,DEV_VAL,14,7500,7436,7499,7500,7563,7499,True
AirQuality,DEV_VAL,15,7501,7437,7500,7501,7564,7500,True
AirQuality,DEV_VAL,16,7502,7438,7501,7502,7565,7501,True
AirQuality,DEV_VAL,17,7503,7439,7502,7503,7566,7502,True
AirQuality,DEV_VAL,18,7504,7440,7503,7504,7567,7503,True
AirQuality,DEV_VAL,19,7505,7441,7504,7505,7568,7504,True
AirQuality,DEV_VAL,20,7506,7442,7505,7506,7569,7505,True
AirQuality,DEV_VAL,21,7507,7443,7506,7507,7570,7506,True
AirQuality,DEV_VAL,22,7508,7444,7507,7508,7571,7507,True
AirQuality,DEV_VAL,23,7509,7445,7508,7509,7572,7508,True
AirQuality,DEV_VAL,24,7510,7446,7509,7510,7573,7509,True
AirQuality,DEV_VAL,25,7511,7447,7510,7511,7574,7510,True
AirQuality,DEV_VAL,26,7512,7448,7511,7512,7575,7511,True
AirQuality,DEV_VAL,27,7513,7449,7512,7513,7576,7512,True
AirQuality,DEV_VAL,28,7514,7450,7513,7514,7577,7513,True
AirQuality,DEV_VAL,29,7515,7451,7514,7515,7578,7514,True
AirQuality,DEV_VAL,30,7516,7452,7515,7516,7579,7515,True
AirQuality,DEV_VAL,31,7517,7453,7516,7517,7580,7516,True
AirQuality,DEV_VAL,32,7518,7454,7517,7518,7581,7517,True
AirQuality,DEV_VAL,33,7519,7455,7518,7519,7582,7518,True
AirQuality,DEV_VAL,34,7520,7456,7519,7520,7583,7519,True
AirQuality,DEV_VAL,35,7521,7457,7520,7521,7584,7520,True
AirQuality,DEV_VAL,36,7522,7458,7521,7522,7585,7521,True
AirQuality,DEV_VAL,37,7523,7459,7522,7523,7586,7522,True
AirQuality,DEV_VAL,38,7524,7460,7523,7524,7587,7523,True
AirQuality,DEV_VAL,39,7525,7461,7524,7525,7588,7524,True
AirQuality,DEV_VAL,40,7526,7462,7525,7526,7589,7525,True
AirQuality,DEV_VAL,41,7527,7463,7526,7527,7590,7526,True
AirQuality,DEV_VAL,42,7528,7464,7527,7528,7591,7527,True
AirQuality,DEV_VAL,43,7529,7465,7528,7529,7592,7528,True
AirQuality,DEV_VAL,44,7530,7466,7529,7530,7593,7529,True
AirQuality,DEV_VAL,45,7531,7467,7530,7531,7594,7530,True
AirQuality,DEV_VAL,46,7532,7468,7531,7532,7595,7531,True
AirQuality,DEV_VAL,47,7533,7469,7532,7533,7596,7532,True
AirQuality,DEV_VAL,48,7534,7470,7533,7534,7597,7533,True
AirQuality,DEV_VAL,49,7535,7471,7534,7535,7598,7534,True
AirQuality,DEV_VAL,50,7536,7472,7535,7536,7599,7535,True
AirQuality,DEV_VAL,51,7537,7473,7536,7537,7600,7536,True
AirQuality,DEV_VAL,52,7538,7474,7537,7538,7601,7537,True
AirQuality,DEV_VAL,53,7539,7475,7538,7539,7602,7538,True
AirQuality,DEV_VAL,54,7540,7476,7539,7540,7603,7539,True
AirQuality,DEV_VAL,55,7541,7477,7540,7541,7604,7540,True
AirQuality,DEV_VAL,56,7542,7478,7541,7542,7605,7541,True
AirQuality,DEV_VAL,57,7543,7479,7542,7543,7606,7542,True
AirQuality,DEV_VAL,58,7544,7480,7543,7544,7607,7543,True
AirQuality,DEV_VAL,59,7545,7481,7544,7545,7608,7544,True
AirQuality,DEV_VAL,60,7546,7482,7545,7546,7609,7545,True
AirQuality,DEV_VAL,61,7547,7483,7546,7547,7610,7546,True
AirQuality,DEV_VAL,62,7548,7484,7547,7548,7611,7547,True
AirQuality,DEV_VAL,63,7549,7485,7548,7549,7612,7548,True
AirQuality,DEV_VAL,64,7550,7486,7549,7550,7613,7549,True
AirQuality,DEV_VAL,65,7551,7487,7550,7551,7614,7550,True
AirQuality,DEV_VAL,66,7552,7488,7551,7552,7615,7551,True
AirQuality,DEV_VAL,67,7553,7489,7552,7553,7616,7552,True
AirQuality,DEV_VAL,68,7554,7490,7553,7554,7617,7553,True
AirQuality,DEV_VAL,69,7555,7491,7554,7555,7618,7554,True
AirQuality,DEV_VAL,70,7556,7492,7555,7556,7619,7555,True
AirQuality,DEV_VAL,71,7557,7493,7556,7557,7620,7556,True
AirQuality,DEV_VAL,72,7558,7494,7557,7558,7621,7557,True
AirQuality,DEV_VAL,73,7559,7495,7558,7559,7622,7558,True
AirQuality,DEV_VAL,74,7560,7496,7559,7560,7623,7559,True
AirQuality,DEV_VAL,75,7561,7497,7560,7561,7624,7560,True
AirQuality,DEV_VAL,76,7562,7498,7561,7562,7625,7561,True
AirQuality,DEV_VAL,77,7563,7499,7562,7563,7626,7562,True
AirQuality,DEV_VAL,78,7564,7500,7563,7564,7627,7563,True
AirQuality,DEV_VAL,79,7565,7501,7564,7565,7628,7564,True
AirQuality,DEV_VAL,80,7566,7502,7565,7566,7629,7565,True
AirQuality,DEV_VAL,81,7567,7503,7566,7567,7630,7566,True
AirQuality,DEV_VAL,82,7568,7504,7567,7568,7631,7567,True
AirQuality,DEV_VAL,83,7569,7505,7568,7569,7632,7568,True
AirQuality,DEV_VAL,84,7570,7506,7569,7570,7633,7569,True
AirQuality,DEV_VAL,85,7571,7507,7570,7571,7634,7570,True
AirQuality,DEV_VAL,86,7572,7508,7571,7572,7635,7571,True
AirQuality,DEV_VAL,87,7573,7509,7572,7573,7636,7572,True
AirQuality,DEV_VAL,88,7574,7510,7573,7574,7637,7573,True
AirQuality,DEV_VAL,89,7575,7511,7574,7575,7638,7574,True
AirQuality,DEV_VAL,90,7576,7512,7575,7576,7639,7575,True
AirQuality,DEV_VAL,91,7577,7513,7576,7577,7640,7576,True
AirQuality,DEV_VAL,92,7578,7514,7577,7578,7641,7577,True
AirQuality,DEV_VAL,93,7579,7515,7578,7579,7642,7578,True
AirQuality,DEV_VAL,94,7580,7516,7579,7580,7643,7579,True
AirQuality,DEV_VAL,95,7581,7517,7580,7581,7644,7580,True
AirQuality,DEV_VAL,96,7582,7518,7581,7582,7645,7581,True
AirQuality,DEV_VAL,97,7583,7519,7582,7583,7646,7582,True
AirQuality,DEV_VAL,98,7584,7520,7583,7584,7647,7583,True
AirQuality,DEV_VAL,99,7585,7521,7584,7585,7648,7584,True
AirQuality,DEV_VAL,100,7586,7522,7585,7586,7649,7585,True
AirQuality,DEV_VAL,101,7587,7523,7586,7587,7650,7586,True
AirQuality,DEV_VAL,102,7588,7524,7587,7588,7651,7587,True
AirQuality,DEV_VAL,103,7589,7525,7588,7589,7652,7588,True
AirQuality,DEV_VAL,104,7590,7526,7589,7590,7653,7589,True
AirQuality,DEV_VAL,105,7591,7527,7590,7591,7654,7590,True
AirQuality,DEV_VAL,106,7592,7528,7591,7592,7655,7591,True
AirQuality,DEV_VAL,107,7593,7529,7592,7593,7656,7592,True
AirQuality,DEV_VAL,108,7594,7530,7593,7594,7657,7593,True
AirQuality,DEV_VAL,109,7595,7531,7594,7595,7658,7594,True
AirQuality,DEV_VAL,110,7596,7532,7595,7596,7659,7595,True
AirQuality,DEV_VAL,111,7597,7533,7596,7597,7660,7596,True
AirQuality,DEV_VAL,112,7598,7534,7597,7598,7661,7597,True
AirQuality,DEV_VAL,113,7599,7535,7598,7599,7662,7598,True
AirQuality,DEV_VAL,114,7600,7536,7599,7600,7663,7599,True
AirQuality,DEV_VAL,115,7601,7537,7600,7601,7664,7600,True
AirQuality,DEV_VAL,116,7602,7538,7601,7602,7665,7601,True
AirQuality,DEV_VAL,117,7603,7539,7602,7603,7666,7602,True
AirQuality,DEV_VAL,118,7604,7540,7603,7604,7667,7603,True
AirQuality,DEV_VAL,119,7605,7541,7604,7605,7668,7604,True
AirQuality,DEV_VAL,120,7606,7542,7605,7606,7669,7605,True
AirQuality,DEV_VAL,121,7607,7543,7606,7607,7670,7606,True
AirQuality,DEV_VAL,122,7608,7544,7607,7608,7671,7607,True
AirQuality,DEV_VAL,123,7609,7545,7608,7609,7672,7608,True
AirQuality,DEV_VAL,124,7610,7546,7609,7610,7673,7609,True
AirQuality,DEV_VAL,125,7611,7547,7610,7611,7674,7610,True
AirQuality,DEV_VAL,126,7612,7548,7611,7612,7675,7611,True
AirQuality,DEV_VAL,127,7613,7549,7612,7613,7676,7612,True
AirQuality,DEV_VAL,128,7614,7550,7613,7614,7677,7613,True
AirQuality,DEV_VAL,129,7615,7551,7614,7615,7678,7614,True
AirQuality,DEV_VAL,130,7616,7552,7615,7616,7679,7615,True
AirQuality,DEV_VAL,131,7617,7553,7616,7617,7680,7616,True
AirQuality,DEV_VAL,132,7618,7554,7617,7618,7681,7617,True
AirQuality,DEV_VAL,133,7619,7555,7618,7619,7682,7618,True
AirQuality,DEV_VAL,134,7620,7556,7619,7620,7683,7619,True
AirQuality,DEV_VAL,135,7621,7557,7620,7621,7684,7620,True
AirQuality,DEV_VAL,136,7622,7558,7621,7622,7685,7621,True
AirQuality,DEV_VAL,137,7623,7559,7622,7623,7686,7622,True
AirQuality,DEV_VAL,138,7624,7560,7623,7624,7687,7623,True
AirQuality,DEV_VAL,139,7625,7561,7624,7625,7688,7624,True
AirQuality,DEV_VAL,140,7626,7562,7625,7626,7689,7625,True
AirQuality,DEV_VAL,141,7627,7563,7626,7627,7690,7626,True
AirQuality,DEV_VAL,142,7628,7564,7627,7628,7691,7627,True
AirQuality,DEV_VAL,143,7629,7565,7628,7629,7692,7628,True
AirQuality,DEV_VAL,144,7630,7566,7629,7630,7693,7629,True
AirQuality,DEV_VAL,145,7631,7567,7630,7631,7694,7630,True
AirQuality,DEV_VAL,146,7632,7568,7631,7632,7695,7631,True
AirQuality,DEV_VAL,147,7633,7569,7632,7633,7696,7632,True
AirQuality,DEV_VAL,148,7634,7570,7633,7634,7697,7633,True
AirQuality,DEV_VAL,149,7635,7571,7634,7635,7698,7634,True
AirQuality,DEV_VAL,150,7636,7572,7635,7636,7699,7635,True
AirQuality,DEV_VAL,151,7637,7573,7636,7637,7700,7636,True
AirQuality,DEV_VAL,152,7638,7574,7637,7638,7701,7637,True
AirQuality,DEV_VAL,153,7639,7575,7638,7639,7702,7638,True
AirQuality,DEV_VAL,154,7640,7576,7639,7640,7703,7639,True
AirQuality,DEV_VAL,155,7641,7577,7640,7641,7704,7640,True
AirQuality,DEV_VAL,156,7642,7578,7641,7642,7705,7641,True
AirQuality,DEV_VAL,157,7643,7579,7642,7643,7706,7642,True
AirQuality,DEV_VAL,158,7644,7580,7643,7644,7707,7643,True
AirQuality,DEV_VAL,159,7645,7581,7644,7645,7708,7644,True
AirQuality,DEV_VAL,160,7646,7582,7645,7646,7709,7645,True
AirQuality,DEV_VAL,161,7647,7583,7646,7647,7710,7646,True
AirQuality,DEV_VAL,162,7648,7584,7647,7648,7711,7647,True
AirQuality,DEV_VAL,163,7649,7585,7648,7649,7712,7648,True
AirQuality,DEV_VAL,164,7650,7586,7649,7650,7713,7649,True
AirQuality,DEV_VAL,165,7651,7587,7650,7651,7714,7650,True
AirQuality,DEV_VAL,166,7652,7588,7651,7652,7715,7651,True
AirQuality,DEV_VAL,167,7653,7589,7652,7653,7716,7652,True
AirQuality,DEV_VAL,168,7654,7590,7653,7654,7717,7653,True
AirQuality,DEV_VAL,169,7655,7591,7654,7655,7718,7654,True
AirQuality,DEV_VAL,170,7656,7592,7655,7656,7719,7655,True
AirQuality,DEV_VAL,171,7657,7593,7656,7657,7720,7656,True
AirQuality,DEV_VAL,172,7658,7594,7657,7658,7721,7657,True
AirQuality,DEV_VAL,173,7659,7595,7658,7659,7722,7658,True
AirQuality,DEV_VAL,174,7660,7596,7659,7660,7723,7659,True
AirQuality,DEV_VAL,175,7661,7597,7660,7661,7724,7660,True
AirQuality,DEV_VAL,176,7662,7598,7661,7662,7725,7661,True
AirQuality,DEV_VAL,177,7663,7599,7662,7663,7726,7662,True
AirQuality,DEV_VAL,178,7664,7600,7663,7664,7727,7663,True
AirQuality,DEV_VAL,179,7665,7601,7664,7665,7728,7664,True
AirQuality,DEV_VAL,180,7666,7602,7665,7666,7729,7665,True
AirQuality,DEV_VAL,181,7667,7603,7666,7667,7730,7666,True
AirQuality,DEV_VAL,182,7668,7604,7667,7668,7731,7667,True
AirQuality,DEV_VAL,183,7669,7605,7668,7669,7732,7668,True
AirQuality,DEV_VAL,184,7670,7606,7669,7670,7733,7669,True
AirQuality,DEV_VAL,185,7671,7607,7670,7671,7734,7670,True
AirQuality,DEV_VAL,186,7672,7608,7671,7672,7735,7671,True
AirQuality,DEV_VAL,187,7673,7609,7672,7673,7736,7672,True
AirQuality,DEV_VAL,188,7674,7610,7673,7674,7737,7673,True
AirQuality,DEV_VAL,189,7675,7611,7674,7675,7738,7674,True
AirQuality,DEV_VAL,190,7676,7612,7675,7676,7739,7675,True
AirQuality,DEV_VAL,191,7677,7613,7676,7677,7740,7676,True
AirQuality,DEV_VAL,192,7678,7614,7677,7678,7741,7677,True
AirQuality,DEV_VAL,193,7679,7615,7678,7679,7742,7678,True
AirQuality,DEV_VAL,194,7680,7616,7679,7680,7743,7679,True
AirQuality,DEV_VAL,195,7681,7617,7680,7681,7744,7680,True
AirQuality,DEV_VAL,196,7682,7618,7681,7682,7745,7681,True
AirQuality,DEV_VAL,197,7683,7619,7682,7683,7746,7682,True
AirQuality,DEV_VAL,198,7684,7620,7683,7684,7747,7683,True
AirQuality,DEV_VAL,199,7685,7621,7684,7685,7748,7684,True
AirQuality,DEV_VAL,200,7686,7622,7685,7686,7749,7685,True
AirQuality,DEV_VAL,201,7687,7623,7686,7687,7750,7686,True
AirQuality,DEV_VAL,202,7688,7624,7687,7688,7751,7687,True
AirQuality,DEV_VAL,203,7689,7625,7688,7689,7752,7688,True
AirQuality,DEV_VAL,204,7690,7626,7689,7690,7753,7689,True
AirQuality,DEV_VAL,205,7691,7627,7690,7691,7754,7690,True
AirQuality,DEV_VAL,206,7692,7628,7691,7692,7755,7691,True
AirQuality,DEV_VAL,207,7693,7629,7692,7693,7756,7692,True
AirQuality,DEV_VAL,208,7694,7630,7693,7694,7757,7693,True
AirQuality,DEV_VAL,209,7695,7631,7694,7695,7758,7694,True
AirQuality,DEV_VAL,210,7696,7632,7695,7696,7759,7695,True
AirQuality,DEV_VAL,211,7697,7633,7696,7697,7760,7696,True
AirQuality,DEV_VAL,212,7698,7634,7697,7698,7761,7697,True
AirQuality,DEV_VAL,213,7699,7635,7698,7699,7762,7698,True
AirQuality,DEV_VAL,214,7700,7636,7699,7700,7763,7699,True
AirQuality,DEV_VAL,215,7701,7637,7700,7701,7764,7700,True
AirQuality,DEV_VAL,216,7702,7638,7701,7702,7765,7701,True
AirQuality,DEV_VAL,217,7703,7639,7702,7703,7766,7702,True
AirQuality,DEV_VAL,218,7704,7640,7703,7704,7767,7703,True
AirQuality,DEV_VAL,219,7705,7641,7704,7705,7768,7704,True
AirQuality,DEV_VAL,220,7706,7642,7705,7706,7769,7705,True
AirQuality,DEV_VAL,221,7707,7643,7706,7707,7770,7706,True
AirQuality,DEV_VAL,222,7708,7644,7707,7708,7771,7707,True
AirQuality,DEV_VAL,223,7709,7645,7708,7709,7772,7708,True
AirQuality,DEV_VAL,224,7710,7646,7709,7710,7773,7709,True
AirQuality,DEV_VAL,225,7711,7647,7710,7711,7774,7710,True
AirQuality,DEV_VAL,226,7712,7648,7711,7712,7775,7711,True
AirQuality,DEV_VAL,227,7713,7649,7712,7713,7776,7712,True
AirQuality,DEV_VAL,228,7714,7650,7713,7714,7777,7713,True
AirQuality,DEV_VAL,229,7715,7651,7714,7715,7778,7714,True
AirQuality,DEV_VAL,230,7716,7652,7715,7716,7779,7715,True
AirQuality,DEV_VAL,231,7717,7653,7716,7717,7780,7716,True
AirQuality,DEV_VAL,232,7718,7654,7717,7718,7781,7717,True
AirQuality,DEV_VAL,233,7719,7655,7718,7719,7782,7718,True
AirQuality,DEV_VAL,234,7720,7656,7719,7720,7783,7719,True
AirQuality,DEV_VAL,235,7721,7657,7720,7721,7784,7720,True
AirQuality,DEV_VAL,236,7722,7658,7721,7722,7785,7721,True
AirQuality,DEV_VAL,237,7723,7659,7722,7723,7786,7722,True
AirQuality,DEV_VAL,238,7724,7660,7723,7724,7787,7723,True
AirQuality,DEV_VAL,239,7725,7661,7724,7725,7788,7724,True
AirQuality,DEV_VAL,240,7726,7662,7725,7726,7789,7725,True
AirQuality,DEV_VAL,241,7727,7663,7726,7727,7790,7726,True
AirQuality,DEV_VAL,242,7728,7664,7727,7728,7791,7727,True
AirQuality,DEV_VAL,243,7729,7665,7728,7729,7792,7728,True
AirQuality,DEV_VAL,244,7730,7666,7729,7730,7793,7729,True
AirQuality,DEV_VAL,245,7731,7667,7730,7731,7794,7730,True
AirQuality,DEV_VAL,246,7732,7668,7731,7732,7795,7731,True
AirQuality,DEV_VAL,247,7733,7669,7732,7733,7796,7732,True
AirQuality,DEV_VAL,248,7734,7670,7733,7734,7797,7733,True
AirQuality,DEV_VAL,249,7735,7671,7734,7735,7798,7734,True
AirQuality,DEV_VAL,250,7736,7672,7735,7736,7799,7735,True
AirQuality,DEV_VAL,251,7737,7673,7736,7737,7800,7736,True
AirQuality,DEV_VAL,252,7738,7674,7737,7738,7801,7737,True
AirQuality,DEV_VAL,253,7739,7675,7738,7739,7802,7738,True
AirQuality,DEV_VAL,254,7740,7676,7739,7740,7803,7739,True
AirQuality,DEV_VAL,255,7741,7677,7740,7741,7804,7740,True
AirQuality,DEV_VAL,256,7742,7678,7741,7742,7805,7741,True
AirQuality,DEV_VAL,257,7743,7679,7742,7743,7806,7742,True
AirQuality,DEV_VAL,258,7744,7680,7743,7744,7807,7743,True
AirQuality,DEV_VAL,259,7745,7681,7744,7745,7808,7744,True
AirQuality,DEV_VAL,260,7746,7682,7745,7746,7809,7745,True
AirQuality,DEV_VAL,261,7747,7683,7746,7747,7810,7746,True
AirQuality,DEV_VAL,262,7748,7684,7747,7748,7811,7747,True
AirQuality,DEV_VAL,263,7749,7685,7748,7749,7812,7748,True
AirQuality,DEV_VAL,264,7750,7686,7749,7750,7813,7749,True
AirQuality,DEV_VAL,265,7751,7687,7750,7751,7814,7750,True
AirQuality,DEV_VAL,266,7752,7688,7751,7752,7815,7751,True
AirQuality,DEV_VAL,267,7753,7689,7752,7753,7816,7752,True
AirQuality,DEV_VAL,268,7754,7690,7753,7754,7817,7753,True
AirQuality,DEV_VAL,269,7755,7691,7754,7755,7818,7754,True
AirQuality,DEV_VAL,270,7756,7692,7755,7756,7819,7755,True
AirQuality,DEV_VAL,271,7757,7693,7756,7757,7820,7756,True
AirQuality,DEV_VAL,272,7758,7694,7757,7758,7821,7757,True
AirQuality,DEV_VAL,273,7759,7695,7758,7759,7822,7758,True
AirQuality,DEV_VAL,274,7760,7696,7759,7760,7823,7759,True
AirQuality,DEV_VAL,275,7761,7697,7760,7761,7824,7760,True
AirQuality,DEV_VAL,276,7762,7698,7761,7762,7825,7761,True
AirQuality,DEV_VAL,277,7763,7699,7762,7763,7826,7762,True
AirQuality,DEV_VAL,278,7764,7700,7763,7764,7827,7763,True
AirQuality,DEV_VAL,279,7765,7701,7764,7765,7828,7764,True
AirQuality,DEV_VAL,280,7766,7702,7765,7766,7829,7765,True
AirQuality,DEV_VAL,281,7767,7703,7766,7767,7830,7766,True
AirQuality,DEV_VAL,282,7768,7704,7767,7768,7831,7767,True
AirQuality,DEV_VAL,283,7769,7705,7768,7769,7832,7768,True
AirQuality,DEV_VAL,284,7770,7706,7769,7770,7833,7769,True
AirQuality,DEV_VAL,285,7771,7707,7770,7771,7834,7770,True
AirQuality,DEV_VAL,286,7772,7708,7771,7772,7835,7771,True
AirQuality,DEV_VAL,287,7773,7709,7772,7773,7836,7772,True
AirQuality,DEV_VAL,288,7774,7710,7773,7774,7837,7773,True
AirQuality,DEV_VAL,289,7775,7711,7774,7775,7838,7774,True
AirQuality,DEV_VAL,290,7776,7712,7775,7776,7839,7775,True
AirQuality,DEV_VAL,291,7777,7713,7776,7777,7840,7776,True
AirQuality,DEV_VAL,292,7778,7714,7777,7778,7841,7777,True
AirQuality,DEV_VAL,293,7779,7715,7778,7779,7842,7778,True
AirQuality,DEV_VAL,294,7780,7716,7779,7780,7843,7779,True
AirQuality,DEV_VAL,295,7781,7717,7780,7781,7844,7780,True
AirQuality,DEV_VAL,296,7782,7718,7781,7782,7845,7781,True
AirQuality,DEV_VAL,297,7783,7719,7782,7783,7846,7782,True
AirQuality,DEV_VAL,298,7784,7720,7783,7784,7847,7783,True
AirQuality,DEV_VAL,299,7785,7721,7784,7785,7848,7784,True
AirQuality,DEV_VAL,300,7786,7722,7785,7786,7849,7785,True
AirQuality,DEV_VAL,301,7787,7723,7786,7787,7850,7786,True
AirQuality,DEV_VAL,302,7788,7724,7787,7788,7851,7787,True
AirQuality,DEV_VAL,303,7789,7725,7788,7789,7852,7788,True
AirQuality,DEV_VAL,304,7790,7726,7789,7790,7853,7789,True
AirQuality,DEV_VAL,305,7791,7727,7790,7791,7854,7790,True
AirQuality,DEV_VAL,306,7792,7728,7791,7792,7855,7791,True
AirQuality,DEV_VAL,307,7793,7729,7792,7793,7856,7792,True
AirQuality,DEV_VAL,308,7794,7730,7793,7794,7857,7793,True
AirQuality,DEV_VAL,309,7795,7731,7794,7795,7858,7794,True
AirQuality,DEV_VAL,310,7796,7732,7795,7796,7859,7795,True
AirQuality,DEV_VAL,311,7797,7733,7796,7797,7860,7796,True
AirQuality,DEV_VAL,312,7798,7734,7797,7798,7861,7797,True
AirQuality,DEV_VAL,313,7799,7735,7798,7799,7862,7798,True
AirQuality,DEV_VAL,314,7800,7736,7799,7800,7863,7799,True
AirQuality,DEV_VAL,315,7801,7737,7800,7801,7864,7800,True
AirQuality,DEV_VAL,316,7802,7738,7801,7802,7865,7801,True
AirQuality,DEV_VAL,317,7803,7739,7802,7803,7866,7802,True
AirQuality,DEV_VAL,318,7804,7740,7803,7804,7867,7803,True
AirQuality,DEV_VAL,319,7805,7741,7804,7805,7868,7804,True
AirQuality,DEV_VAL,320,7806,7742,7805,7806,7869,7805,True
AirQuality,DEV_VAL,321,7807,7743,7806,7807,7870,7806,True
AirQuality,DEV_VAL,322,7808,7744,7807,7808,7871,7807,True
AirQuality,DEV_VAL,323,7809,7745,7808,7809,7872,7808,True
AirQuality,DEV_VAL,324,7810,7746,7809,7810,7873,7809,True
AirQuality,DEV_VAL,325,7811,7747,7810,7811,7874,7810,True
AirQuality,DEV_VAL,326,7812,7748,7811,7812,7875,7811,True
AirQuality,DEV_VAL,327,7813,7749,7812,7813,7876,7812,True
AirQuality,DEV_VAL,328,7814,7750,7813,7814,7877,7813,True
AirQuality,DEV_VAL,329,7815,7751,7814,7815,7878,7814,True
AirQuality,DEV_VAL,330,7816,7752,7815,7816,7879,7815,True
AirQuality,DEV_VAL,331,7817,7753,7816,7817,7880,7816,True
AirQuality,DEV_VAL,332,7818,7754,7817,7818,7881,7817,True
AirQuality,DEV_VAL,333,7819,7755,7818,7819,7882,7818,True
AirQuality,DEV_VAL,334,7820,7756,7819,7820,7883,7819,True
AirQuality,DEV_VAL,335,7821,7757,7820,7821,7884,7820,True
AirQuality,DEV_VAL,336,7822,7758,7821,7822,7885,7821,True
AirQuality,DEV_VAL,337,7823,7759,7822,7823,7886,7822,True
AirQuality,DEV_VAL,338,7824,7760,7823,7824,7887,7823,True
AirQuality,DEV_VAL,339,7825,7761,7824,7825,7888,7824,True
AirQuality,DEV_VAL,340,7826,7762,7825,7826,7889,7825,True
AirQuality,DEV_VAL,341,7827,7763,7826,7827,7890,7826,True
AirQuality,DEV_VAL,342,7828,7764,7827,7828,7891,7827,True
AirQuality,DEV_VAL,343,7829,7765,7828,7829,7892,7828,True
AirQuality,DEV_VAL,344,7830,7766,7829,7830,7893,7829,True
AirQuality,DEV_VAL,345,7831,7767,7830,7831,7894,7830,True
AirQuality,DEV_VAL,346,7832,7768,7831,7832,7895,7831,True
AirQuality,DEV_VAL,347,7833,7769,7832,7833,7896,7832,True
AirQuality,DEV_VAL,348,7834,7770,7833,7834,7897,7833,True
AirQuality,DEV_VAL,349,7835,7771,7834,7835,7898,7834,True
AirQuality,DEV_VAL,350,7836,7772,7835,7836,7899,7835,True
AirQuality,DEV_VAL,351,7837,7773,7836,7837,7900,7836,True
AirQuality,DEV_VAL,352,7838,7774,7837,7838,7901,7837,True
AirQuality,DEV_VAL,353,7839,7775,7838,7839,7902,7838,True
AirQuality,DEV_VAL,354,7840,7776,7839,7840,7903,7839,True
AirQuality,DEV_VAL,355,7841,7777,7840,7841,7904,7840,True
AirQuality,DEV_VAL,356,7842,7778,7841,7842,7905,7841,True
AirQuality,DEV_VAL,357,7843,7779,7842,7843,7906,7842,True
AirQuality,DEV_VAL,358,7844,7780,7843,7844,7907,7843,True
AirQuality,DEV_VAL,359,7845,7781,7844,7845,7908,7844,True
AirQuality,DEV_VAL,360,7846,7782,7845,7846,7909,7845,True
AirQuality,DEV_VAL,361,7847,7783,7846,7847,7910,7846,True
AirQuality,DEV_VAL,362,7848,7784,7847,7848,7911,7847,True
AirQuality,DEV_VAL,363,7849,7785,7848,7849,7912,7848,True
AirQuality,DEV_VAL,364,7850,7786,7849,7850,7913,7849,True
AirQuality,DEV_VAL,365,7851,7787,7850,7851,7914,7850,True
AirQuality,DEV_VAL,366,7852,7788,7851,7852,7915,7851,True
AirQuality,DEV_VAL,367,7853,7789,7852,7853,7916,7852,True
AirQuality,DEV_VAL,368,7854,7790,7853,7854,7917,7853,True
AirQuality,DEV_VAL,369,7855,7791,7854,7855,7918,7854,True
AirQuality,DEV_VAL,370,7856,7792,7855,7856,7919,7855,True
AirQuality,DEV_VAL,371,7857,7793,7856,7857,7920,7856,True
AirQuality,DEV_VAL,372,7858,7794,7857,7858,7921,7857,True
AirQuality,DEV_VAL,373,7859,7795,7858,7859,7922,7858,True
AirQuality,DEV_VAL,374,7860,7796,7859,7860,7923,7859,True
AirQuality,DEV_VAL,375,7861,7797,7860,7861,7924,7860,True
AirQuality,DEV_VAL,376,7862,7798,7861,7862,7925,7861,True
AirQuality,DEV_VAL,377,7863,7799,7862,7863,7926,7862,True
AirQuality,DEV_VAL,378,7864,7800,7863,7864,7927,7863,True
AirQuality,DEV_VAL,379,7865,7801,7864,7865,7928,7864,True
AirQuality,DEV_VAL,380,7866,7802,7865,7866,7929,7865,True
AirQuality,DEV_VAL,381,7867,7803,7866,7867,7930,7866,True
AirQuality,DEV_VAL,382,7868,7804,7867,7868,7931,7867,True
AirQuality,DEV_VAL,383,7869,7805,7868,7869,7932,7868,True
AirQuality,DEV_VAL,384,7870,7806,7869,7870,7933,7869,True
AirQuality,DEV_VAL,385,7871,7807,7870,7871,7934,7870,True
AirQuality,DEV_VAL,386,7872,7808,7871,7872,7935,7871,True
AirQuality,DEV_VAL,387,7873,7809,7872,7873,7936,7872,True
AirQuality,DEV_VAL,388,7874,7810,7873,7874,7937,7873,True
AirQuality,DEV_VAL,389,7875,7811,7874,7875,7938,7874,True
AirQuality,DEV_VAL,390,7876,7812,7875,7876,7939,7875,True
AirQuality,DEV_VAL,391,7877,7813,7876,7877,7940,7876,True
AirQuality,DEV_VAL,392,7878,7814,7877,7878,7941,7877,True
AirQuality,DEV_VAL,393,7879,7815,7878,7879,7942,7878,True
AirQuality,DEV_VAL,394,7880,7816,7879,7880,7943,7879,True
AirQuality,DEV_VAL,395,7881,7817,7880,7881,7944,7880,True
AirQuality,DEV_VAL,396,7882,7818,7881,7882,7945,7881,True
AirQuality,DEV_VAL,397,7883,7819,7882,7883,7946,7882,True
AirQuality,DEV_VAL,398,7884,7820,7883,7884,7947,7883,True
AirQuality,DEV_VAL,399,7885,7821,7884,7885,7948,7884,True
AirQuality,DEV_VAL,400,7886,7822,7885,7886,7949,7885,True
AirQuality,DEV_VAL,401,7887,7823,7886,7887,7950,7886,True
AirQuality,DEV_VAL,402,7888,7824,7887,7888,7951,7887,True
AirQuality,DEV_VAL,403,7889,7825,7888,7889,7952,7888,True
AirQuality,DEV_VAL,404,7890,7826,7889,7890,7953,7889,True
AirQuality,DEV_VAL,405,7891,7827,7890,7891,7954,7890,True
AirQuality,DEV_VAL,406,7892,7828,7891,7892,7955,7891,True
AirQuality,DEV_VAL,407,7893,7829,7892,7893,7956,7892,True
AirQuality,DEV_VAL,408,7894,7830,7893,7894,7957,7893,True
AirQuality,DEV_VAL,409,7895,7831,7894,7895,7958,7894,True
AirQuality,DEV_VAL,410,7896,7832,7895,7896,7959,7895,True
AirQuality,DEV_VAL,411,7897,7833,7896,7897,7960,7896,True
AirQuality,DEV_VAL,412,7898,7834,7897,7898,7961,7897,True
AirQuality,DEV_VAL,413,7899,7835,7898,7899,7962,7898,True
AirQuality,DEV_VAL,414,7900,7836,7899,7900,7963,7899,True
AirQuality,DEV_VAL,415,7901,7837,7900,7901,7964,7900,True
AirQuality,DEV_VAL,416,7902,7838,7901,7902,7965,7901,True
AirQuality,DEV_VAL,417,7903,7839,7902,7903,7966,7902,True
AirQuality,DEV_VAL,418,7904,7840,7903,7904,7967,7903,True
AirQuality,DEV_VAL,419,7905,7841,7904,7905,7968,7904,True
AirQuality,DEV_VAL,420,7906,7842,7905,7906,7969,7905,True
AirQuality,DEV_VAL,421,7907,7843,7906,7907,7970,7906,True
AirQuality,DEV_VAL,422,7908,7844,7907,7908,7971,7907,True
AirQuality,DEV_VAL,423,7909,7845,7908,7909,7972,7908,True
AirQuality,DEV_VAL,424,7910,7846,7909,7910,7973,7909,True
AirQuality,DEV_VAL,425,7911,7847,7910,7911,7974,7910,True
AirQuality,DEV_VAL,426,7912,7848,7911,7912,7975,7911,True
AirQuality,DEV_VAL,427,7913,7849,7912,7913,7976,7912,True
AirQuality,DEV_VAL,428,7914,7850,7913,7914,7977,7913,True
AirQuality,DEV_VAL,429,7915,7851,7914,7915,7978,7914,True
AirQuality,DEV_VAL,430,7916,7852,7915,7916,7979,7915,True
AirQuality,DEV_VAL,431,7917,7853,7916,7917,7980,7916,True
AirQuality,DEV_VAL,432,7918,7854,7917,7918,7981,7917,True
AirQuality,DEV_VAL,433,7919,7855,7918,7919,7982,7918,True
AirQuality,DEV_VAL,434,7920,7856,7919,7920,7983,7919,True
AirQuality,DEV_VAL,435,7921,7857,7920,7921,7984,7920,True
AirQuality,DEV_VAL,436,7922,7858,7921,7922,7985,7921,True
AirQuality,DEV_VAL,437,7923,7859,7922,7923,7986,7922,True
AirQuality,DEV_VAL,438,7924,7860,7923,7924,7987,7923,True
AirQuality,DEV_VAL,439,7925,7861,7924,7925,7988,7924,True
AirQuality,DEV_VAL,440,7926,7862,7925,7926,7989,7925,True
AirQuality,DEV_VAL,441,7927,7863,7926,7927,7990,7926,True
AirQuality,DEV_VAL,442,7928,7864,7927,7928,7991,7927,True
AirQuality,DEV_VAL,443,7929,7865,7928,7929,7992,7928,True
AirQuality,DEV_VAL,444,7930,7866,7929,7930,7993,7929,True
AirQuality,DEV_VAL,445,7931,7867,7930,7931,7994,7930,True
AirQuality,DEV_VAL,446,7932,7868,7931,7932,7995,7931,True
AirQuality,DEV_VAL,447,7933,7869,7932,7933,7996,7932,True
AirQuality,DEV_VAL,448,7934,7870,7933,7934,7997,7933,True
AirQuality,DEV_VAL,449,7935,7871,7934,7935,7998,7934,True
AirQuality,DEV_VAL,450,7936,7872,7935,7936,7999,7935,True
AirQuality,DEV_VAL,451,7937,7873,7936,7937,8000,7936,True
AirQuality,DEV_VAL,452,7938,7874,7937,7938,8001,7937,True
AirQuality,DEV_VAL,453,7939,7875,7938,7939,8002,7938,True
AirQuality,DEV_VAL,454,7940,7876,7939,7940,8003,7939,True
AirQuality,DEV_VAL,455,7941,7877,7940,7941,8004,7940,True
AirQuality,DEV_VAL,456,7942,7878,7941,7942,8005,7941,True
AirQuality,DEV_VAL,457,7943,7879,7942,7943,8006,7942,True
AirQuality,DEV_VAL,458,7944,7880,7943,7944,8007,7943,True
AirQuality,DEV_VAL,459,7945,7881,7944,7945,8008,7944,True
AirQuality,DEV_VAL,460,7946,7882,7945,7946,8009,7945,True
AirQuality,DEV_VAL,461,7947,7883,7946,7947,8010,7946,True
AirQuality,DEV_VAL,462,7948,7884,7947,7948,8011,7947,True
AirQuality,DEV_VAL,463,7949,7885,7948,7949,8012,7948,True
AirQuality,DEV_VAL,464,7950,7886,7949,7950,8013,7949,True
AirQuality,DEV_VAL,465,7951,7887,7950,7951,8014,7950,True
AirQuality,DEV_VAL,466,7952,7888,7951,7952,8015,7951,True
AirQuality,DEV_VAL,467,7953,7889,7952,7953,8016,7952,True
AirQuality,DEV_VAL,468,7954,7890,7953,7954,8017,7953,True
AirQuality,DEV_VAL,469,7955,7891,7954,7955,8018,7954,True
AirQuality,DEV_VAL,470,7956,7892,7955,7956,8019,7955,True
AirQuality,DEV_VAL,471,7957,7893,7956,7957,8020,7956,True
AirQuality,DEV_VAL,472,7958,7894,7957,7958,8021,7957,True
AirQuality,DEV_VAL,473,7959,7895,7958,7959,8022,7958,True
AirQuality,DEV_VAL,474,7960,7896,7959,7960,8023,7959,True
AirQuality,DEV_VAL,475,7961,7897,7960,7961,8024,7960,True
AirQuality,DEV_VAL,476,7962,7898,7961,7962,8025,7961,True
AirQuality,DEV_VAL,477,7963,7899,7962,7963,8026,7962,True
AirQuality,DEV_VAL,478,7964,7900,7963,7964,8027,7963,True
AirQuality,DEV_VAL,479,7965,7901,7964,7965,8028,7964,True
AirQuality,DEV_VAL,480,7966,7902,7965,7966,8029,7965,True
AirQuality,DEV_VAL,481,7967,7903,7966,7967,8030,7966,True
AirQuality,DEV_VAL,482,7968,7904,7967,7968,8031,7967,True
AirQuality,DEV_VAL,483,7969,7905,7968,7969,8032,7968,True
AirQuality,DEV_VAL,484,7970,7906,7969,7970,8033,7969,True
AirQuality,DEV_VAL,485,7971,7907,7970,7971,8034,7970,True
AirQuality,DEV_VAL,486,7972,7908,7971,7972,8035,7971,True
AirQuality,DEV_VAL,487,7973,7909,7972,7973,8036,7972,True
AirQuality,DEV_VAL,488,7974,7910,7973,7974,8037,7973,True
AirQuality,DEV_VAL,489,7975,7911,7974,7975,8038,7974,True
AirQuality,DEV_VAL,490,7976,7912,7975,7976,8039,7975,True
AirQuality,DEV_VAL,491,7977,7913,7976,7977,8040,7976,True
AirQuality,DEV_VAL,492,7978,7914,7977,7978,8041,7977,True
AirQuality,DEV_VAL,493,7979,7915,7978,7979,8042,7978,True
AirQuality,DEV_VAL,494,7980,7916,7979,7980,8043,7979,True
AirQuality,DEV_VAL,495,7981,7917,7980,7981,8044,7980,True
AirQuality,DEV_VAL,496,7982,7918,7981,7982,8045,7981,True
AirQuality,DEV_VAL,497,7983,7919,7982,7983,8046,7982,True
AirQuality,DEV_VAL,498,7984,7920,7983,7984,8047,7983,True
AirQuality,DEV_VAL,499,7985,7921,7984,7985,8048,7984,True
AirQuality,DEV_VAL,500,7986,7922,7985,7986,8049,7985,True
AirQuality,DEV_VAL,501,7987,7923,7986,7987,8050,7986,True
AirQuality,DEV_VAL,502,7988,7924,7987,7988,8051,7987,True
AirQuality,DEV_VAL,503,7989,7925,7988,7989,8052,7988,True
AirQuality,DEV_VAL,504,7990,7926,7989,7990,8053,7989,True
AirQuality,DEV_VAL,505,7991,7927,7990,7991,8054,7990,True
AirQuality,DEV_VAL,506,7992,7928,7991,7992,8055,7991,True
AirQuality,DEV_VAL,507,7993,7929,7992,7993,8056,7992,True
AirQuality,DEV_VAL,508,7994,7930,7993,7994,8057,7993,True
AirQuality,DEV_VAL,509,7995,7931,7994,7995,8058,7994,True
AirQuality,DEV_VAL,510,7996,7932,7995,7996,8059,7995,True
AirQuality,DEV_VAL,511,7997,7933,7996,7997,8060,7996,True
AirQuality,DEV_VAL,512,7998,7934,7997,7998,8061,7997,True
AirQuality,DEV_VAL,513,7999,7935,7998,7999,8062,7998,True
AirQuality,DEV_VAL,514,8000,7936,7999,8000,8063,7999,True
AirQuality,DEV_VAL,515,8001,7937,8000,8001,8064,8000,True
AirQuality,DEV_VAL,516,8002,7938,8001,8002,8065,8001,True
AirQuality,DEV_VAL,517,8003,7939,8002,8003,8066,8002,True
AirQuality,DEV_VAL,518,8004,7940,8003,8004,8067,8003,True
AirQuality,DEV_VAL,519,8005,7941,8004,8005,8068,8004,True
AirQuality,DEV_VAL,520,8006,7942,8005,8006,8069,8005,True
AirQuality,DEV_VAL,521,8007,7943,8006,8007,8070,8006,True
AirQuality,DEV_VAL,522,8008,7944,8007,8008,8071,8007,True
AirQuality,DEV_VAL,523,8009,7945,8008,8009,8072,8008,True
AirQuality,DEV_VAL,524,8010,7946,8009,8010,8073,8009,True
AirQuality,DEV_VAL,525,8011,7947,8010,8011,8074,8010,True
AirQuality,DEV_VAL,526,8012,7948,8011,8012,8075,8011,True
AirQuality,DEV_VAL,527,8013,7949,8012,8013,8076,8012,True
AirQuality,DEV_VAL,528,8014,7950,8013,8014,8077,8013,True
AirQuality,DEV_VAL,529,8015,7951,8014,8015,8078,8014,True
AirQuality,DEV_VAL,530,8016,7952,8015,8016,8079,8015,True
AirQuality,DEV_VAL,531,8017,7953,8016,8017,8080,8016,True
AirQuality,DEV_VAL,532,8018,7954,8017,8018,8081,8017,True
AirQuality,DEV_VAL,533,8019,7955,8018,8019,8082,8018,True
AirQuality,DEV_VAL,534,8020,7956,8019,8020,8083,8019,True
AirQuality,DEV_VAL,535,8021,7957,8020,8021,8084,8020,True
AirQuality,DEV_VAL,536,8022,7958,8021,8022,8085,8021,True
AirQuality,DEV_VAL,537,8023,7959,8022,8023,8086,8022,True
AirQuality,DEV_VAL,538,8024,7960,8023,8024,8087,8023,True
AirQuality,DEV_VAL,539,8025,7961,8024,8025,8088,8024,True
AirQuality,DEV_VAL,540,8026,7962,8025,8026,8089,8025,True
AirQuality,DEV_VAL,541,8027,7963,8026,8027,8090,8026,True
AirQuality,DEV_VAL,542,8028,7964,8027,8028,8091,8027,True
AirQuality,DEV_VAL,543,8029,7965,8028,8029,8092,8028,True
AirQuality,DEV_VAL,544,8030,7966,8029,8030,8093,8029,True
AirQuality,DEV_VAL,545,8031,7967,8030,8031,8094,8030,True
AirQuality,DEV_VAL,546,8032,7968,8031,8032,8095,8031,True
AirQuality,DEV_VAL,547,8033,7969,8032,8033,8096,8032,True
AirQuality,DEV_VAL,548,8034,7970,8033,8034,8097,8033,True
AirQuality,DEV_VAL,549,8035,7971,8034,8035,8098,8034,True
AirQuality,DEV_VAL,550,8036,7972,8035,8036,8099,8035,True
AirQuality,DEV_VAL,551,8037,7973,8036,8037,8100,8036,True
AirQuality,DEV_VAL,552,8038,7974,8037,8038,8101,8037,True
AirQuality,DEV_VAL,553,8039,7975,8038,8039,8102,8038,True
AirQuality,DEV_VAL,554,8040,7976,8039,8040,8103,8039,True
AirQuality,DEV_VAL,555,8041,7977,8040,8041,8104,8040,True
AirQuality,DEV_VAL,556,8042,7978,8041,8042,8105,8041,True
AirQuality,DEV_VAL,557,8043,7979,8042,8043,8106,8042,True
AirQuality,DEV_VAL,558,8044,7980,8043,8044,8107,8043,True
AirQuality,DEV_VAL,559,8045,7981,8044,8045,8108,8044,True
AirQuality,DEV_VAL,560,8046,7982,8045,8046,8109,8045,True
AirQuality,DEV_VAL,561,8047,7983,8046,8047,8110,8046,True
AirQuality,DEV_VAL,562,8048,7984,8047,8048,8111,8047,True
AirQuality,DEV_VAL,563,8049,7985,8048,8049,8112,8048,True
AirQuality,DEV_VAL,564,8050,7986,8049,8050,8113,8049,True
AirQuality,DEV_VAL,565,8051,7987,8050,8051,8114,8050,True
AirQuality,DEV_VAL,566,8052,7988,8051,8052,8115,8051,True
AirQuality,DEV_VAL,567,8053,7989,8052,8053,8116,8052,True
AirQuality,DEV_VAL,568,8054,7990,8053,8054,8117,8053,True
AirQuality,DEV_VAL,569,8055,7991,8054,8055,8118,8054,True
AirQuality,DEV_VAL,570,8056,7992,8055,8056,8119,8055,True
AirQuality,DEV_VAL,571,8057,7993,8056,8057,8120,8056,True
AirQuality,DEV_VAL,572,8058,7994,8057,8058,8121,8057,True
AirQuality,DEV_VAL,573,8059,7995,8058,8059,8122,8058,True
AirQuality,DEV_VAL,574,8060,7996,8059,8060,8123,8059,True
AirQuality,DEV_VAL,575,8061,7997,8060,8061,8124,8060,True
AirQuality,DEV_VAL,576,8062,7998,8061,8062,8125,8061,True
AirQuality,DEV_VAL,577,8063,7999,8062,8063,8126,8062,True
AirQuality,DEV_VAL,578,8064,8000,8063,8064,8127,8063,True
AirQuality,DEV_VAL,579,8065,8001,8064,8065,8128,8064,True
AirQuality,DEV_VAL,580,8066,8002,8065,8066,8129,8065,True
AirQuality,DEV_VAL,581,8067,8003,8066,8067,8130,8066,True
AirQuality,DEV_VAL,582,8068,8004,8067,8068,8131,8067,True
AirQuality,DEV_VAL,583,8069,8005,8068,8069,8132,8068,True
AirQuality,DEV_VAL,584,8070,8006,8069,8070,8133,8069,True
AirQuality,DEV_VAL,585,8071,8007,8070,8071,8134,8070,True
AirQuality,DEV_VAL,586,8072,8008,8071,8072,8135,8071,True
AirQuality,DEV_VAL,587,8073,8009,8072,8073,8136,8072,True
AirQuality,DEV_VAL,588,8074,8010,8073,8074,8137,8073,True
AirQuality,DEV_VAL,589,8075,8011,8074,8075,8138,8074,True
AirQuality,DEV_VAL,590,8076,8012,8075,8076,8139,8075,True
AirQuality,DEV_VAL,591,8077,8013,8076,8077,8140,8076,True
AirQuality,DEV_VAL,592,8078,8014,8077,8078,8141,8077,True
AirQuality,DEV_VAL,593,8079,8015,8078,8079,8142,8078,True
AirQuality,DEV_VAL,594,8080,8016,8079,8080,8143,8079,True
AirQuality,DEV_VAL,595,8081,8017,8080,8081,8144,8080,True
AirQuality,DEV_VAL,596,8082,8018,8081,8082,8145,8081,True
AirQuality,DEV_VAL,597,8083,8019,8082,8083,8146,8082,True
AirQuality,DEV_VAL,598,8084,8020,8083,8084,8147,8083,True
AirQuality,DEV_VAL,599,8085,8021,8084,8085,8148,8084,True
AirQuality,DEV_VAL,600,8086,8022,8085,8086,8149,8085,True
AirQuality,DEV_VAL,601,8087,8023,8086,8087,8150,8086,True
AirQuality,DEV_VAL,602,8088,8024,8087,8088,8151,8087,True
AirQuality,DEV_VAL,603,8089,8025,8088,8089,8152,8088,True
AirQuality,DEV_VAL,604,8090,8026,8089,8090,8153,8089,True
AirQuality,DEV_VAL,605,8091,8027,8090,8091,8154,8090,True
AirQuality,DEV_VAL,606,8092,8028,8091,8092,8155,8091,True
AirQuality,DEV_VAL,607,8093,8029,8092,8093,8156,8092,True
AirQuality,DEV_VAL,608,8094,8030,8093,8094,8157,8093,True
AirQuality,DEV_VAL,609,8095,8031,8094,8095,8158,8094,True
AirQuality,DEV_VAL,610,8096,8032,8095,8096,8159,8095,True
AirQuality,DEV_VAL,611,8097,8033,8096,8097,8160,8096,True
AirQuality,DEV_VAL,612,8098,8034,8097,8098,8161,8097,True
AirQuality,DEV_VAL,613,8099,8035,8098,8099,8162,8098,True
AirQuality,DEV_VAL,614,8100,8036,8099,8100,8163,8099,True
AirQuality,DEV_VAL,615,8101,8037,8100,8101,8164,8100,True
AirQuality,DEV_VAL,616,8102,8038,8101,8102,8165,8101,True
AirQuality,DEV_VAL,617,8103,8039,8102,8103,8166,8102,True
AirQuality,DEV_VAL,618,8104,8040,8103,8104,8167,8103,True
AirQuality,DEV_VAL,619,8105,8041,8104,8105,8168,8104,True
AirQuality,DEV_VAL,620,8106,8042,8105,8106,8169,8105,True
AirQuality,DEV_VAL,621,8107,8043,8106,8107,8170,8106,True
AirQuality,DEV_VAL,622,8108,8044,8107,8108,8171,8107,True
AirQuality,DEV_VAL,623,8109,8045,8108,8109,8172,8108,True
AirQuality,DEV_VAL,624,8110,8046,8109,8110,8173,8109,True
AirQuality,DEV_VAL,625,8111,8047,8110,8111,8174,8110,True
AirQuality,DEV_VAL,626,8112,8048,8111,8112,8175,8111,True
AirQuality,DEV_VAL,627,8113,8049,8112,8113,8176,8112,True
AirQuality,DEV_VAL,628,8114,8050,8113,8114,8177,8113,True
AirQuality,DEV_VAL,629,8115,8051,8114,8115,8178,8114,True
AirQuality,DEV_VAL,630,8116,8052,8115,8116,8179,8115,True
AirQuality,DEV_VAL,631,8117,8053,8116,8117,8180,8116,True
AirQuality,DEV_VAL,632,8118,8054,8117,8118,8181,8117,True
AirQuality,DEV_VAL,633,8119,8055,8118,8119,8182,8118,True
AirQuality,DEV_VAL,634,8120,8056,8119,8120,8183,8119,True
AirQuality,DEV_VAL,635,8121,8057,8120,8121,8184,8120,True
AirQuality,DEV_VAL,636,8122,8058,8121,8122,8185,8121,True
AirQuality,DEV_VAL,637,8123,8059,8122,8123,8186,8122,True
AirQuality,DEV_VAL,638,8124,8060,8123,8124,8187,8123,True
AirQuality,DEV_VAL,639,8125,8061,8124,8125,8188,8124,True
AirQuality,DEV_VAL,640,8126,8062,8125,8126,8189,8125,True
AirQuality,DEV_VAL,641,8127,8063,8126,8127,8190,8126,True
AirQuality,DEV_VAL,642,8128,8064,8127,8128,8191,8127,True
AirQuality,DEV_VAL,643,8129,8065,8128,8129,8192,8128,True
AirQuality,DEV_VAL,644,8130,8066,8129,8130,8193,8129,True
AirQuality,DEV_VAL,645,8131,8067,8130,8131,8194,8130,True
AirQuality,DEV_VAL,646,8132,8068,8131,8132,8195,8131,True
AirQuality,DEV_VAL,647,8133,8069,8132,8133,8196,8132,True
AirQuality,DEV_VAL,648,8134,8070,8133,8134,8197,8133,True
AirQuality,DEV_VAL,649,8135,8071,8134,8135,8198,8134,True
AirQuality,DEV_VAL,650,8136,8072,8135,8136,8199,8135,True
AirQuality,DEV_VAL,651,8137,8073,8136,8137,8200,8136,True
AirQuality,DEV_VAL,652,8138,8074,8137,8138,8201,8137,True
AirQuality,DEV_VAL,653,8139,8075,8138,8139,8202,8138,True
AirQuality,DEV_VAL,654,8140,8076,8139,8140,8203,8139,True
AirQuality,DEV_VAL,655,8141,8077,8140,8141,8204,8140,True
AirQuality,DEV_VAL,656,8142,8078,8141,8142,8205,8141,True
AirQuality,DEV_VAL,657,8143,8079,8142,8143,8206,8142,True
AirQuality,DEV_VAL,658,8144,8080,8143,8144,8207,8143,True
AirQuality,DEV_VAL,659,8145,8081,8144,8145,8208,8144,True
AirQuality,DEV_VAL,660,8146,8082,8145,8146,8209,8145,True
AirQuality,DEV_VAL,661,8147,8083,8146,8147,8210,8146,True
AirQuality,DEV_VAL,662,8148,8084,8147,8148,8211,8147,True
AirQuality,DEV_VAL,663,8149,8085,8148,8149,8212,8148,True
AirQuality,DEV_VAL,664,8150,8086,8149,8150,8213,8149,True
AirQuality,DEV_VAL,665,8151,8087,8150,8151,8214,8150,True
AirQuality,DEV_VAL,666,8152,8088,8151,8152,8215,8151,True
AirQuality,DEV_VAL,667,8153,8089,8152,8153,8216,8152,True
AirQuality,DEV_VAL,668,8154,8090,8153,8154,8217,8153,True
AirQuality,DEV_VAL,669,8155,8091,8154,8155,8218,8154,True
AirQuality,DEV_VAL,670,8156,8092,8155,8156,8219,8155,True
AirQuality,DEV_VAL,671,8157,8093,8156,8157,8220,8156,True
AirQuality,DEV_VAL,672,8158,8094,8157,8158,8221,8157,True
AirQuality,DEV_VAL,673,8159,8095,8158,8159,8222,8158,True
AirQuality,DEV_VAL,674,8160,8096,8159,8160,8223,8159,True
AirQuality,DEV_VAL,675,8161,8097,8160,8161,8224,8160,True
AirQuality,DEV_VAL,676,8162,8098,8161,8162,8225,8161,True
AirQuality,DEV_VAL,677,8163,8099,8162,8163,8226,8162,True
AirQuality,DEV_VAL,678,8164,8100,8163,8164,8227,8163,True
AirQuality,DEV_VAL,679,8165,8101,8164,8165,8228,8164,True
AirQuality,DEV_VAL,680,8166,8102,8165,8166,8229,8165,True
AirQuality,DEV_VAL,681,8167,8103,8166,8167,8230,8166,True
AirQuality,DEV_VAL,682,8168,8104,8167,8168,8231,8167,True
AirQuality,DEV_VAL,683,8169,8105,8168,8169,8232,8168,True
AirQuality,DEV_VAL,684,8170,8106,8169,8170,8233,8169,True
AirQuality,DEV_VAL,685,8171,8107,8170,8171,8234,8170,True
AirQuality,DEV_VAL,686,8172,8108,8171,8172,8235,8171,True
AirQuality,DEV_VAL,687,8173,8109,8172,8173,8236,8172,True
AirQuality,DEV_VAL,688,8174,8110,8173,8174,8237,8173,True
AirQuality,DEV_VAL,689,8175,8111,8174,8175,8238,8174,True
AirQuality,DEV_VAL,690,8176,8112,8175,8176,8239,8175,True
AirQuality,DEV_VAL,691,8177,8113,8176,8177,8240,8176,True
AirQuality,DEV_VAL,692,8178,8114,8177,8178,8241,8177,True
AirQuality,DEV_VAL,693,8179,8115,8178,8179,8242,8178,True
AirQuality,DEV_VAL,694,8180,8116,8179,8180,8243,8179,True
AirQuality,DEV_VAL,695,8181,8117,8180,8181,8244,8180,True
AirQuality,DEV_VAL,696,8182,8118,8181,8182,8245,8181,True
AirQuality,DEV_VAL,697,8183,8119,8182,8183,8246,8182,True
AirQuality,DEV_VAL,698,8184,8120,8183,8184,8247,8183,True
AirQuality,DEV_VAL,699,8185,8121,8184,8185,8248,8184,True
AirQuality,DEV_VAL,700,8186,8122,8185,8186,8249,8185,True
AirQuality,DEV_VAL,701,8187,8123,8186,8187,8250,8186,True
AirQuality,DEV_VAL,702,8188,8124,8187,8188,8251,8187,True
AirQuality,DEV_VAL,703,8189,8125,8188,8189,8252,8188,True
AirQuality,DEV_VAL,704,8190,8126,8189,8190,8253,8189,True
AirQuality,DEV_VAL,705,8191,8127,8190,8191,8254,8190,True
AirQuality,DEV_VAL,706,8192,8128,8191,8192,8255,8191,True
AirQuality,DEV_VAL,707,8193,8129,8192,8193,8256,8192,True
AirQuality,DEV_VAL,708,8194,8130,8193,8194,8257,8193,True
AirQuality,DEV_VAL,709,8195,8131,8194,8195,8258,8194,True
AirQuality,DEV_VAL,710,8196,8132,8195,8196,8259,8195,True
AirQuality,DEV_VAL,711,8197,8133,8196,8197,8260,8196,True
AirQuality,DEV_VAL,712,8198,8134,8197,8198,8261,8197,True
AirQuality,DEV_VAL,713,8199,8135,8198,8199,8262,8198,True
AirQuality,DEV_VAL,714,8200,8136,8199,8200,8263,8199,True
AirQuality,DEV_VAL,715,8201,8137,8200,8201,8264,8200,True
AirQuality,DEV_VAL,716,8202,8138,8201,8202,8265,8201,True
AirQuality,DEV_VAL,717,8203,8139,8202,8203,8266,8202,True
AirQuality,DEV_VAL,718,8204,8140,8203,8204,8267,8203,True
AirQuality,DEV_VAL,719,8205,8141,8204,8205,8268,8204,True
AirQuality,DEV_VAL,720,8206,8142,8205,8206,8269,8205,True
AirQuality,DEV_VAL,721,8207,8143,8206,8207,8270,8206,True
AirQuality,DEV_VAL,722,8208,8144,8207,8208,8271,8207,True
AirQuality,DEV_VAL,723,8209,8145,8208,8209,8272,8208,True
AirQuality,DEV_VAL,724,8210,8146,8209,8210,8273,8209,True
AirQuality,DEV_VAL,725,8211,8147,8210,8211,8274,8210,True
AirQuality,DEV_VAL,726,8212,8148,8211,8212,8275,8211,True
AirQuality,DEV_VAL,727,8213,8149,8212,8213,8276,8212,True
AirQuality,DEV_VAL,728,8214,8150,8213,8214,8277,8213,True
AirQuality,DEV_VAL,729,8215,8151,8214,8215,8278,8214,True
AirQuality,DEV_VAL,730,8216,8152,8215,8216,8279,8215,True
AirQuality,DEV_VAL,731,8217,8153,8216,8217,8280,8216,True
AirQuality,DEV_VAL,732,8218,8154,8217,8218,8281,8217,True
AirQuality,DEV_VAL,733,8219,8155,8218,8219,8282,8218,True
AirQuality,DEV_VAL,734,8220,8156,8219,8220,8283,8219,True
AirQuality,DEV_VAL,735,8221,8157,8220,8221,8284,8220,True
AirQuality,DEV_VAL,736,8222,8158,8221,8222,8285,8221,True
AirQuality,DEV_VAL,737,8223,8159,8222,8223,8286,8222,True
AirQuality,DEV_VAL,738,8224,8160,8223,8224,8287,8223,True
AirQuality,DEV_VAL,739,8225,8161,8224,8225,8288,8224,True
AirQuality,DEV_VAL,740,8226,8162,8225,8226,8289,8225,True
AirQuality,DEV_VAL,741,8227,8163,8226,8227,8290,8226,True
AirQuality,DEV_VAL,742,8228,8164,8227,8228,8291,8227,True
AirQuality,DEV_VAL,743,8229,8165,8228,8229,8292,8228,True
AirQuality,DEV_VAL,744,8230,8166,8229,8230,8293,8229,True
AirQuality,DEV_VAL,745,8231,8167,8230,8231,8294,8230,True
AirQuality,DEV_VAL,746,8232,8168,8231,8232,8295,8231,True
AirQuality,DEV_VAL,747,8233,8169,8232,8233,8296,8232,True
AirQuality,DEV_VAL,748,8234,8170,8233,8234,8297,8233,True
AirQuality,DEV_VAL,749,8235,8171,8234,8235,8298,8234,True
AirQuality,DEV_VAL,750,8236,8172,8235,8236,8299,8235,True
AirQuality,DEV_VAL,751,8237,8173,8236,8237,8300,8236,True
AirQuality,DEV_VAL,752,8238,8174,8237,8238,8301,8237,True
AirQuality,DEV_VAL,753,8239,8175,8238,8239,8302,8238,True
AirQuality,DEV_VAL,754,8240,8176,8239,8240,8303,8239,True
AirQuality,DEV_VAL,755,8241,8177,8240,8241,8304,8240,True
AirQuality,DEV_VAL,756,8242,8178,8241,8242,8305,8241,True
AirQuality,DEV_VAL,757,8243,8179,8242,8243,8306,8242,True
AirQuality,DEV_VAL,758,8244,8180,8243,8244,8307,8243,True
AirQuality,DEV_VAL,759,8245,8181,8244,8245,8308,8244,True
AirQuality,DEV_VAL,760,8246,8182,8245,8246,8309,8245,True
AirQuality,DEV_VAL,761,8247,8183,8246,8247,8310,8246,True
AirQuality,DEV_VAL,762,8248,8184,8247,8248,8311,8247,True
AirQuality,DEV_VAL,763,8249,8185,8248,8249,8312,8248,True
AirQuality,DEV_VAL,764,8250,8186,8249,8250,8313,8249,True
AirQuality,DEV_VAL,765,8251,8187,8250,8251,8314,8250,True
AirQuality,DEV_VAL,766,8252,8188,8251,8252,8315,8251,True
AirQuality,DEV_VAL,767,8253,8189,8252,8253,8316,8252,True
AirQuality,DEV_VAL,768,8254,8190,8253,8254,8317,8253,True
AirQuality,DEV_VAL,769,8255,8191,8254,8255,8318,8254,True
AirQuality,DEV_VAL,770,8256,8192,8255,8256,8319,8255,True
AirQuality,DEV_VAL,771,8257,8193,8256,8257,8320,8256,True
AirQuality,DEV_VAL,772,8258,8194,8257,8258,8321,8257,True
AirQuality,DEV_VAL,773,8259,8195,8258,8259,8322,8258,True
AirQuality,DEV_VAL,774,8260,8196,8259,8260,8323,8259,True
AirQuality,DEV_VAL,775,8261,8197,8260,8261,8324,8260,True
AirQuality,DEV_VAL,776,8262,8198,8261,8262,8325,8261,True
AirQuality,DEV_VAL,777,8263,8199,8262,8263,8326,8262,True
AirQuality,DEV_VAL,778,8264,8200,8263,8264,8327,8263,True
AirQuality,DEV_VAL,779,8265,8201,8264,8265,8328,8264,True
AirQuality,DEV_VAL,780,8266,8202,8265,8266,8329,8265,True
AirQuality,DEV_VAL,781,8267,8203,8266,8267,8330,8266,True
AirQuality,DEV_VAL,782,8268,8204,8267,8268,8331,8267,True
AirQuality,DEV_VAL,783,8269,8205,8268,8269,8332,8268,True
AirQuality,DEV_VAL,784,8270,8206,8269,8270,8333,8269,True
AirQuality,DEV_VAL,785,8271,8207,8270,8271,8334,8270,True
AirQuality,DEV_VAL,786,8272,8208,8271,8272,8335,8271,True
AirQuality,DEV_VAL,787,8273,8209,8272,8273,8336,8272,True
AirQuality,DEV_VAL,788,8274,8210,8273,8274,8337,8273,True
AirQuality,DEV_VAL,789,8275,8211,8274,8275,8338,8274,True
AirQuality,DEV_VAL,790,8276,8212,8275,8276,8339,8275,True
AirQuality,DEV_VAL,791,8277,8213,8276,8277,8340,8276,True
AirQuality,DEV_VAL,792,8278,8214,8277,8278,8341,8277,True
AirQuality,DEV_VAL,793,8279,8215,8278,8279,8342,8278,True
AirQuality,DEV_VAL,794,8280,8216,8279,8280,8343,8279,True
AirQuality,DEV_VAL,795,8281,8217,8280,8281,8344,8280,True
AirQuality,DEV_VAL,796,8282,8218,8281,8282,8345,8281,True
AirQuality,DEV_VAL,797,8283,8219,8282,8283,8346,8282,True
AirQuality,DEV_VAL,798,8284,8220,8283,8284,8347,8283,True
AirQuality,DEV_VAL,799,8285,8221,8284,8285,8348,8284,True
AirQuality,DEV_VAL,800,8286,8222,8285,8286,8349,8285,True
AirQuality,DEV_VAL,801,8287,8223,8286,8287,8350,8286,True
AirQuality,DEV_VAL,802,8288,8224,8287,8288,8351,8287,True
AirQuality,DEV_VAL,803,8289,8225,8288,8289,8352,8288,True
AirQuality,DEV_VAL,804,8290,8226,8289,8290,8353,8289,True
AirQuality,DEV_VAL,805,8291,8227,8290,8291,8354,8290,True
AirQuality,DEV_VAL,806,8292,8228,8291,8292,8355,8291,True
AirQuality,DEV_VAL,807,8293,8229,8292,8293,8356,8292,True
AirQuality,DEV_VAL,808,8294,8230,8293,8294,8357,8293,True
AirQuality,DEV_VAL,809,8295,8231,8294,8295,8358,8294,True
AirQuality,DEV_VAL,810,8296,8232,8295,8296,8359,8295,True
AirQuality,DEV_VAL,811,8297,8233,8296,8297,8360,8296,True
AirQuality,DEV_VAL,812,8298,8234,8297,8298,8361,8297,True
AirQuality,DEV_VAL,813,8299,8235,8298,8299,8362,8298,True
AirQuality,DEV_VAL,814,8300,8236,8299,8300,8363,8299,True
AirQuality,DEV_VAL,815,8301,8237,8300,8301,8364,8300,True
AirQuality,DEV_VAL,816,8302,8238,8301,8302,8365,8301,True
AirQuality,DEV_VAL,817,8303,8239,8302,8303,8366,8302,True
AirQuality,DEV_VAL,818,8304,8240,8303,8304,8367,8303,True
AirQuality,DEV_VAL,819,8305,8241,8304,8305,8368,8304,True
AirQuality,DEV_VAL,820,8306,8242,8305,8306,8369,8305,True
AirQuality,DEV_VAL,821,8307,8243,8306,8307,8370,8306,True
AirQuality,DEV_VAL,822,8308,8244,8307,8308,8371,8307,True
AirQuality,DEV_VAL,823,8309,8245,8308,8309,8372,8308,True
AirQuality,DEV_VAL,824,8310,8246,8309,8310,8373,8309,True
AirQuality,DEV_VAL,825,8311,8247,8310,8311,8374,8310,True
AirQuality,DEV_VAL,826,8312,8248,8311,8312,8375,8311,True
AirQuality,DEV_VAL,827,8313,8249,8312,8313,8376,8312,True
AirQuality,DEV_VAL,828,8314,8250,8313,8314,8377,8313,True
AirQuality,DEV_VAL,829,8315,8251,8314,8315,8378,8314,True
AirQuality,DEV_VAL,830,8316,8252,8315,8316,8379,8315,True
AirQuality,DEV_VAL,831,8317,8253,8316,8317,8380,8316,True
AirQuality,DEV_VAL,832,8318,8254,8317,8318,8381,8317,True
AirQuality,DEV_VAL,833,8319,8255,8318,8319,8382,8318,True
AirQuality,DEV_VAL,834,8320,8256,8319,8320,8383,8319,True
AirQuality,DEV_VAL,835,8321,8257,8320,8321,8384,8320,True
AirQuality,DEV_VAL,836,8322,8258,8321,8322,8385,8321,True
AirQuality,DEV_VAL,837,8323,8259,8322,8323,8386,8322,True
AirQuality,DEV_VAL,838,8324,8260,8323,8324,8387,8323,True
AirQuality,DEV_VAL,839,8325,8261,8324,8325,8388,8324,True
AirQuality,DEV_VAL,840,8326,8262,8325,8326,8389,8325,True
AirQuality,DEV_VAL,841,8327,8263,8326,8327,8390,8326,True
AirQuality,DEV_VAL,842,8328,8264,8327,8328,8391,8327,True
AirQuality,DEV_VAL,843,8329,8265,8328,8329,8392,8328,True
AirQuality,DEV_VAL,844,8330,8266,8329,8330,8393,8329,True
AirQuality,DEV_VAL,845,8331,8267,8330,8331,8394,8330,True
AirQuality,DEV_VAL,846,8332,8268,8331,8332,8395,8331,True
AirQuality,DEV_VAL,847,8333,8269,8332,8333,8396,8332,True
AirQuality,DEV_VAL,848,8334,8270,8333,8334,8397,8333,True
AirQuality,DEV_VAL,849,8335,8271,8334,8335,8398,8334,True
AirQuality,DEV_VAL,850,8336,8272,8335,8336,8399,8335,True
AirQuality,DEV_VAL,851,8337,8273,8336,8337,8400,8336,True
AirQuality,DEV_VAL,852,8338,8274,8337,8338,8401,8337,True
AirQuality,DEV_VAL,853,8339,8275,8338,8339,8402,8338,True
AirQuality,DEV_VAL,854,8340,8276,8339,8340,8403,8339,True
AirQuality,DEV_VAL,855,8341,8277,8340,8341,8404,8340,True
AirQuality,DEV_VAL,856,8342,8278,8341,8342,8405,8341,True
AirQuality,DEV_VAL,857,8343,8279,8342,8343,8406,8342,True
AirQuality,DEV_VAL,858,8344,8280,8343,8344,8407,8343,True
AirQuality,DEV_VAL,859,8345,8281,8344,8345,8408,8344,True
AirQuality,DEV_VAL,860,8346,8282,8345,8346,8409,8345,True
AirQuality,DEV_VAL,861,8347,8283,8346,8347,8410,8346,True
AirQuality,DEV_VAL,862,8348,8284,8347,8348,8411,8347,True
AirQuality,DEV_VAL,863,8349,8285,8348,8349,8412,8348,True
AirQuality,DEV_VAL,864,8350,8286,8349,8350,8413,8349,True
AirQuality,DEV_VAL,865,8351,8287,8350,8351,8414,8350,True
AirQuality,DEV_VAL,866,8352,8288,8351,8352,8415,8351,True
AirQuality,DEV_VAL,867,8353,8289,8352,8353,8416,8352,True
AirQuality,DEV_VAL,868,8354,8290,8353,8354,8417,8353,True
AirQuality,DEV_VAL,869,8355,8291,8354,8355,8418,8354,True
AirQuality,DEV_VAL,870,8356,8292,8355,8356,8419,8355,True
AirQuality,DEV_VAL,871,8357,8293,8356,8357,8420,8356,True
AirQuality,DEV_VAL,872,8358,8294,8357,8358,8421,8357,True
AirQuality,FINAL_TEST,0,8422,8358,8421,8422,8485,8421,True
AirQuality,FINAL_TEST,1,8423,8359,8422,8423,8486,8422,True
AirQuality,FINAL_TEST,2,8424,8360,8423,8424,8487,8423,True
AirQuality,FINAL_TEST,3,8425,8361,8424,8425,8488,8424,True
AirQuality,FINAL_TEST,4,8426,8362,8425,8426,8489,8425,True
AirQuality,FINAL_TEST,5,8427,8363,8426,8427,8490,8426,True
AirQuality,FINAL_TEST,6,8428,8364,8427,8428,8491,8427,True
AirQuality,FINAL_TEST,7,8429,8365,8428,8429,8492,8428,True
AirQuality,FINAL_TEST,8,8430,8366,8429,8430,8493,8429,True
AirQuality,FINAL_TEST,9,8431,8367,8430,8431,8494,8430,True
AirQuality,FINAL_TEST,10,8432,8368,8431,8432,8495,8431,True
AirQuality,FINAL_TEST,11,8433,8369,8432,8433,8496,8432,True
AirQuality,FINAL_TEST,12,8434,8370,8433,8434,8497,8433,True
AirQuality,FINAL_TEST,13,8435,8371,8434,8435,8498,8434,True
AirQuality,FINAL_TEST,14,8436,8372,8435,8436,8499,8435,True
AirQuality,FINAL_TEST,15,8437,8373,8436,8437,8500,8436,True
AirQuality,FINAL_TEST,16,8438,8374,8437,8438,8501,8437,True
AirQuality,FINAL_TEST,17,8439,8375,8438,8439,8502,8438,True
AirQuality,FINAL_TEST,18,8440,8376,8439,8440,8503,8439,True
AirQuality,FINAL_TEST,19,8441,8377,8440,8441,8504,8440,True
AirQuality,FINAL_TEST,20,8442,8378,8441,8442,8505,8441,True
AirQuality,FINAL_TEST,21,8443,8379,8442,8443,8506,8442,True
AirQuality,FINAL_TEST,22,8444,8380,8443,8444,8507,8443,True
AirQuality,FINAL_TEST,23,8445,8381,8444,8445,8508,8444,True
AirQuality,FINAL_TEST,24,8446,8382,8445,8446,8509,8445,True
AirQuality,FINAL_TEST,25,8447,8383,8446,8447,8510,8446,True
AirQuality,FINAL_TEST,26,8448,8384,8447,8448,8511,8447,True
AirQuality,FINAL_TEST,27,8449,8385,8448,8449,8512,8448,True
AirQuality,FINAL_TEST,28,8450,8386,8449,8450,8513,8449,True
AirQuality,FINAL_TEST,29,8451,8387,8450,8451,8514,8450,True
AirQuality,FINAL_TEST,30,8452,8388,8451,8452,8515,8451,True
AirQuality,FINAL_TEST,31,8453,8389,8452,8453,8516,8452,True
AirQuality,FINAL_TEST,32,8454,8390,8453,8454,8517,8453,True
AirQuality,FINAL_TEST,33,8455,8391,8454,8455,8518,8454,True
AirQuality,FINAL_TEST,34,8456,8392,8455,8456,8519,8455,True
AirQuality,FINAL_TEST,35,8457,8393,8456,8457,8520,8456,True
AirQuality,FINAL_TEST,36,8458,8394,8457,8458,8521,8457,True
AirQuality,FINAL_TEST,37,8459,8395,8458,8459,8522,8458,True
AirQuality,FINAL_TEST,38,8460,8396,8459,8460,8523,8459,True
AirQuality,FINAL_TEST,39,8461,8397,8460,8461,8524,8460,True
AirQuality,FINAL_TEST,40,8462,8398,8461,8462,8525,8461,True
AirQuality,FINAL_TEST,41,8463,8399,8462,8463,8526,8462,True
AirQuality,FINAL_TEST,42,8464,8400,8463,8464,8527,8463,True
AirQuality,FINAL_TEST,43,8465,8401,8464,8465,8528,8464,True
AirQuality,FINAL_TEST,44,8466,8402,8465,8466,8529,8465,True
AirQuality,FINAL_TEST,45,8467,8403,8466,8467,8530,8466,True
AirQuality,FINAL_TEST,46,8468,8404,8467,8468,8531,8467,True
AirQuality,FINAL_TEST,47,8469,8405,8468,8469,8532,8468,True
AirQuality,FINAL_TEST,48,8470,8406,8469,8470,8533,8469,True
AirQuality,FINAL_TEST,49,8471,8407,8470,8471,8534,8470,True
AirQuality,FINAL_TEST,50,8472,8408,8471,8472,8535,8471,True
AirQuality,FINAL_TEST,51,8473,8409,8472,8473,8536,8472,True
AirQuality,FINAL_TEST,52,8474,8410,8473,8474,8537,8473,True
AirQuality,FINAL_TEST,53,8475,8411,8474,8475,8538,8474,True
AirQuality,FINAL_TEST,54,8476,8412,8475,8476,8539,8475,True
AirQuality,FINAL_TEST,55,8477,8413,8476,8477,8540,8476,True
AirQuality,FINAL_TEST,56,8478,8414,8477,8478,8541,8477,True
AirQuality,FINAL_TEST,57,8479,8415,8478,8479,8542,8478,True
AirQuality,FINAL_TEST,58,8480,8416,8479,8480,8543,8479,True
AirQuality,FINAL_TEST,59,8481,8417,8480,8481,8544,8480,True
AirQuality,FINAL_TEST,60,8482,8418,8481,8482,8545,8481,True
AirQuality,FINAL_TEST,61,8483,8419,8482,8483,8546,8482,True
AirQuality,FINAL_TEST,62,8484,8420,8483,8484,8547,8483,True
AirQuality,FINAL_TEST,63,8485,8421,8484,8485,8548,8484,True
AirQuality,FINAL_TEST,64,8486,8422,8485,8486,8549,8485,True
AirQuality,FINAL_TEST,65,8487,8423,8486,8487,8550,8486,True
AirQuality,FINAL_TEST,66,8488,8424,8487,8488,8551,8487,True
AirQuality,FINAL_TEST,67,8489,8425,8488,8489,8552,8488,True
AirQuality,FINAL_TEST,68,8490,8426,8489,8490,8553,8489,True
AirQuality,FINAL_TEST,69,8491,8427,8490,8491,8554,8490,True
AirQuality,FINAL_TEST,70,8492,8428,8491,8492,8555,8491,True
AirQuality,FINAL_TEST,71,8493,8429,8492,8493,8556,8492,True
AirQuality,FINAL_TEST,72,8494,8430,8493,8494,8557,8493,True
AirQuality,FINAL_TEST,73,8495,8431,8494,8495,8558,8494,True
AirQuality,FINAL_TEST,74,8496,8432,8495,8496,8559,8495,True
AirQuality,FINAL_TEST,75,8497,8433,8496,8497,8560,8496,True
AirQuality,FINAL_TEST,76,8498,8434,8497,8498,8561,8497,True
AirQuality,FINAL_TEST,77,8499,8435,8498,8499,8562,8498,True
AirQuality,FINAL_TEST,78,8500,8436,8499,8500,8563,8499,True
AirQuality,FINAL_TEST,79,8501,8437,8500,8501,8564,8500,True
AirQuality,FINAL_TEST,80,8502,8438,8501,8502,8565,8501,True
AirQuality,FINAL_TEST,81,8503,8439,8502,8503,8566,8502,True
AirQuality,FINAL_TEST,82,8504,8440,8503,8504,8567,8503,True
AirQuality,FINAL_TEST,83,8505,8441,8504,8505,8568,8504,True
AirQuality,FINAL_TEST,84,8506,8442,8505,8506,8569,8505,True
AirQuality,FINAL_TEST,85,8507,8443,8506,8507,8570,8506,True
AirQuality,FINAL_TEST,86,8508,8444,8507,8508,8571,8507,True
AirQuality,FINAL_TEST,87,8509,8445,8508,8509,8572,8508,True
AirQuality,FINAL_TEST,88,8510,8446,8509,8510,8573,8509,True
AirQuality,FINAL_TEST,89,8511,8447,8510,8511,8574,8510,True
AirQuality,FINAL_TEST,90,8512,8448,8511,8512,8575,8511,True
AirQuality,FINAL_TEST,91,8513,8449,8512,8513,8576,8512,True
AirQuality,FINAL_TEST,92,8514,8450,8513,8514,8577,8513,True
AirQuality,FINAL_TEST,93,8515,8451,8514,8515,8578,8514,True
AirQuality,FINAL_TEST,94,8516,8452,8515,8516,8579,8515,True
AirQuality,FINAL_TEST,95,8517,8453,8516,8517,8580,8516,True
AirQuality,FINAL_TEST,96,8518,8454,8517,8518,8581,8517,True
AirQuality,FINAL_TEST,97,8519,8455,8518,8519,8582,8518,True
AirQuality,FINAL_TEST,98,8520,8456,8519,8520,8583,8519,True
AirQuality,FINAL_TEST,99,8521,8457,8520,8521,8584,8520,True
AirQuality,FINAL_TEST,100,8522,8458,8521,8522,8585,8521,True
AirQuality,FINAL_TEST,101,8523,8459,8522,8523,8586,8522,True
AirQuality,FINAL_TEST,102,8524,8460,8523,8524,8587,8523,True
AirQuality,FINAL_TEST,103,8525,8461,8524,8525,8588,8524,True
AirQuality,FINAL_TEST,104,8526,8462,8525,8526,8589,8525,True
AirQuality,FINAL_TEST,105,8527,8463,8526,8527,8590,8526,True
AirQuality,FINAL_TEST,106,8528,8464,8527,8528,8591,8527,True
AirQuality,FINAL_TEST,107,8529,8465,8528,8529,8592,8528,True
AirQuality,FINAL_TEST,108,8530,8466,8529,8530,8593,8529,True
AirQuality,FINAL_TEST,109,8531,8467,8530,8531,8594,8530,True
AirQuality,FINAL_TEST,110,8532,8468,8531,8532,8595,8531,True
AirQuality,FINAL_TEST,111,8533,8469,8532,8533,8596,8532,True
AirQuality,FINAL_TEST,112,8534,8470,8533,8534,8597,8533,True
AirQuality,FINAL_TEST,113,8535,8471,8534,8535,8598,8534,True
AirQuality,FINAL_TEST,114,8536,8472,8535,8536,8599,8535,True
AirQuality,FINAL_TEST,115,8537,8473,8536,8537,8600,8536,True
AirQuality,FINAL_TEST,116,8538,8474,8537,8538,8601,8537,True
AirQuality,FINAL_TEST,117,8539,8475,8538,8539,8602,8538,True
AirQuality,FINAL_TEST,118,8540,8476,8539,8540,8603,8539,True
AirQuality,FINAL_TEST,119,8541,8477,8540,8541,8604,8540,True
AirQuality,FINAL_TEST,120,8542,8478,8541,8542,8605,8541,True
AirQuality,FINAL_TEST,121,8543,8479,8542,8543,8606,8542,True
AirQuality,FINAL_TEST,122,8544,8480,8543,8544,8607,8543,True
AirQuality,FINAL_TEST,123,8545,8481,8544,8545,8608,8544,True
AirQuality,FINAL_TEST,124,8546,8482,8545,8546,8609,8545,True
AirQuality,FINAL_TEST,125,8547,8483,8546,8547,8610,8546,True
AirQuality,FINAL_TEST,126,8548,8484,8547,8548,8611,8547,True
AirQuality,FINAL_TEST,127,8549,8485,8548,8549,8612,8548,True
AirQuality,FINAL_TEST,128,8550,8486,8549,8550,8613,8549,True
AirQuality,FINAL_TEST,129,8551,8487,8550,8551,8614,8550,True
AirQuality,FINAL_TEST,130,8552,8488,8551,8552,8615,8551,True
AirQuality,FINAL_TEST,131,8553,8489,8552,8553,8616,8552,True
AirQuality,FINAL_TEST,132,8554,8490,8553,8554,8617,8553,True
AirQuality,FINAL_TEST,133,8555,8491,8554,8555,8618,8554,True
AirQuality,FINAL_TEST,134,8556,8492,8555,8556,8619,8555,True
AirQuality,FINAL_TEST,135,8557,8493,8556,8557,8620,8556,True
AirQuality,FINAL_TEST,136,8558,8494,8557,8558,8621,8557,True
AirQuality,FINAL_TEST,137,8559,8495,8558,8559,8622,8558,True
AirQuality,FINAL_TEST,138,8560,8496,8559,8560,8623,8559,True
AirQuality,FINAL_TEST,139,8561,8497,8560,8561,8624,8560,True
AirQuality,FINAL_TEST,140,8562,8498,8561,8562,8625,8561,True
AirQuality,FINAL_TEST,141,8563,8499,8562,8563,8626,8562,True
AirQuality,FINAL_TEST,142,8564,8500,8563,8564,8627,8563,True
AirQuality,FINAL_TEST,143,8565,8501,8564,8565,8628,8564,True
AirQuality,FINAL_TEST,144,8566,8502,8565,8566,8629,8565,True
AirQuality,FINAL_TEST,145,8567,8503,8566,8567,8630,8566,True
AirQuality,FINAL_TEST,146,8568,8504,8567,8568,8631,8567,True
AirQuality,FINAL_TEST,147,8569,8505,8568,8569,8632,8568,True
AirQuality,FINAL_TEST,148,8570,8506,8569,8570,8633,8569,True
AirQuality,FINAL_TEST,149,8571,8507,8570,8571,8634,8570,True
AirQuality,FINAL_TEST,150,8572,8508,8571,8572,8635,8571,True
AirQuality,FINAL_TEST,151,8573,8509,8572,8573,8636,8572,True
AirQuality,FINAL_TEST,152,8574,8510,8573,8574,8637,8573,True
AirQuality,FINAL_TEST,153,8575,8511,8574,8575,8638,8574,True
AirQuality,FINAL_TEST,154,8576,8512,8575,8576,8639,8575,True
AirQuality,FINAL_TEST,155,8577,8513,8576,8577,8640,8576,True
AirQuality,FINAL_TEST,156,8578,8514,8577,8578,8641,8577,True
AirQuality,FINAL_TEST,157,8579,8515,8578,8579,8642,8578,True
AirQuality,FINAL_TEST,158,8580,8516,8579,8580,8643,8579,True
AirQuality,FINAL_TEST,159,8581,8517,8580,8581,8644,8580,True
AirQuality,FINAL_TEST,160,8582,8518,8581,8582,8645,8581,True
AirQuality,FINAL_TEST,161,8583,8519,8582,8583,8646,8582,True
AirQuality,FINAL_TEST,162,8584,8520,8583,8584,8647,8583,True
AirQuality,FINAL_TEST,163,8585,8521,8584,8585,8648,8584,True
AirQuality,FINAL_TEST,164,8586,8522,8585,8586,8649,8585,True
AirQuality,FINAL_TEST,165,8587,8523,8586,8587,8650,8586,True
AirQuality,FINAL_TEST,166,8588,8524,8587,8588,8651,8587,True
AirQuality,FINAL_TEST,167,8589,8525,8588,8589,8652,8588,True
AirQuality,FINAL_TEST,168,8590,8526,8589,8590,8653,8589,True
AirQuality,FINAL_TEST,169,8591,8527,8590,8591,8654,8590,True
AirQuality,FINAL_TEST,170,8592,8528,8591,8592,8655,8591,True
AirQuality,FINAL_TEST,171,8593,8529,8592,8593,8656,8592,True
AirQuality,FINAL_TEST,172,8594,8530,8593,8594,8657,8593,True
AirQuality,FINAL_TEST,173,8595,8531,8594,8595,8658,8594,True
AirQuality,FINAL_TEST,174,8596,8532,8595,8596,8659,8595,True
AirQuality,FINAL_TEST,175,8597,8533,8596,8597,8660,8596,True
AirQuality,FINAL_TEST,176,8598,8534,8597,8598,8661,8597,True
AirQuality,FINAL_TEST,177,8599,8535,8598,8599,8662,8598,True
AirQuality,FINAL_TEST,178,8600,8536,8599,8600,8663,8599,True
AirQuality,FINAL_TEST,179,8601,8537,8600,8601,8664,8600,True
AirQuality,FINAL_TEST,180,8602,8538,8601,8602,8665,8601,True
AirQuality,FINAL_TEST,181,8603,8539,8602,8603,8666,8602,True
AirQuality,FINAL_TEST,182,8604,8540,8603,8604,8667,8603,True
AirQuality,FINAL_TEST,183,8605,8541,8604,8605,8668,8604,True
AirQuality,FINAL_TEST,184,8606,8542,8605,8606,8669,8605,True
AirQuality,FINAL_TEST,185,8607,8543,8606,8607,8670,8606,True
AirQuality,FINAL_TEST,186,8608,8544,8607,8608,8671,8607,True
AirQuality,FINAL_TEST,187,8609,8545,8608,8609,8672,8608,True
AirQuality,FINAL_TEST,188,8610,8546,8609,8610,8673,8609,True
AirQuality,FINAL_TEST,189,8611,8547,8610,8611,8674,8610,True
AirQuality,FINAL_TEST,190,8612,8548,8611,8612,8675,8611,True
AirQuality,FINAL_TEST,191,8613,8549,8612,8613,8676,8612,True
AirQuality,FINAL_TEST,192,8614,8550,8613,8614,8677,8613,True
AirQuality,FINAL_TEST,193,8615,8551,8614,8615,8678,8614,True
AirQuality,FINAL_TEST,194,8616,8552,8615,8616,8679,8615,True
AirQuality,FINAL_TEST,195,8617,8553,8616,8617,8680,8616,True
AirQuality,FINAL_TEST,196,8618,8554,8617,8618,8681,8617,True
AirQuality,FINAL_TEST,197,8619,8555,8618,8619,8682,8618,True
AirQuality,FINAL_TEST,198,8620,8556,8619,8620,8683,8619,True
AirQuality,FINAL_TEST,199,8621,8557,8620,8621,8684,8620,True
AirQuality,FINAL_TEST,200,8622,8558,8621,8622,8685,8621,True
AirQuality,FINAL_TEST,201,8623,8559,8622,8623,8686,8622,True
AirQuality,FINAL_TEST,202,8624,8560,8623,8624,8687,8623,True
AirQuality,FINAL_TEST,203,8625,8561,8624,8625,8688,8624,True
AirQuality,FINAL_TEST,204,8626,8562,8625,8626,8689,8625,True
AirQuality,FINAL_TEST,205,8627,8563,8626,8627,8690,8626,True
AirQuality,FINAL_TEST,206,8628,8564,8627,8628,8691,8627,True
AirQuality,FINAL_TEST,207,8629,8565,8628,8629,8692,8628,True
AirQuality,FINAL_TEST,208,8630,8566,8629,8630,8693,8629,True
AirQuality,FINAL_TEST,209,8631,8567,8630,8631,8694,8630,True
AirQuality,FINAL_TEST,210,8632,8568,8631,8632,8695,8631,True
AirQuality,FINAL_TEST,211,8633,8569,8632,8633,8696,8632,True
AirQuality,FINAL_TEST,212,8634,8570,8633,8634,8697,8633,True
AirQuality,FINAL_TEST,213,8635,8571,8634,8635,8698,8634,True
AirQuality,FINAL_TEST,214,8636,8572,8635,8636,8699,8635,True
AirQuality,FINAL_TEST,215,8637,8573,8636,8637,8700,8636,True
AirQuality,FINAL_TEST,216,8638,8574,8637,8638,8701,8637,True
AirQuality,FINAL_TEST,217,8639,8575,8638,8639,8702,8638,True
AirQuality,FINAL_TEST,218,8640,8576,8639,8640,8703,8639,True
AirQuality,FINAL_TEST,219,8641,8577,8640,8641,8704,8640,True
AirQuality,FINAL_TEST,220,8642,8578,8641,8642,8705,8641,True
AirQuality,FINAL_TEST,221,8643,8579,8642,8643,8706,8642,True
AirQuality,FINAL_TEST,222,8644,8580,8643,8644,8707,8643,True
AirQuality,FINAL_TEST,223,8645,8581,8644,8645,8708,8644,True
AirQuality,FINAL_TEST,224,8646,8582,8645,8646,8709,8645,True
AirQuality,FINAL_TEST,225,8647,8583,8646,8647,8710,8646,True
AirQuality,FINAL_TEST,226,8648,8584,8647,8648,8711,8647,True
AirQuality,FINAL_TEST,227,8649,8585,8648,8649,8712,8648,True
AirQuality,FINAL_TEST,228,8650,8586,8649,8650,8713,8649,True
AirQuality,FINAL_TEST,229,8651,8587,8650,8651,8714,8650,True
AirQuality,FINAL_TEST,230,8652,8588,8651,8652,8715,8651,True
AirQuality,FINAL_TEST,231,8653,8589,8652,8653,8716,8652,True
AirQuality,FINAL_TEST,232,8654,8590,8653,8654,8717,8653,True
AirQuality,FINAL_TEST,233,8655,8591,8654,8655,8718,8654,True
AirQuality,FINAL_TEST,234,8656,8592,8655,8656,8719,8655,True
AirQuality,FINAL_TEST,235,8657,8593,8656,8657,8720,8656,True
AirQuality,FINAL_TEST,236,8658,8594,8657,8658,8721,8657,True
AirQuality,FINAL_TEST,237,8659,8595,8658,8659,8722,8658,True
AirQuality,FINAL_TEST,238,8660,8596,8659,8660,8723,8659,True
AirQuality,FINAL_TEST,239,8661,8597,8660,8661,8724,8660,True
AirQuality,FINAL_TEST,240,8662,8598,8661,8662,8725,8661,True
AirQuality,FINAL_TEST,241,8663,8599,8662,8663,8726,8662,True
AirQuality,FINAL_TEST,242,8664,8600,8663,8664,8727,8663,True
AirQuality,FINAL_TEST,243,8665,8601,8664,8665,8728,8664,True
AirQuality,FINAL_TEST,244,8666,8602,8665,8666,8729,8665,True
AirQuality,FINAL_TEST,245,8667,8603,8666,8667,8730,8666,True
AirQuality,FINAL_TEST,246,8668,8604,8667,8668,8731,8667,True
AirQuality,FINAL_TEST,247,8669,8605,8668,8669,8732,8668,True
AirQuality,FINAL_TEST,248,8670,8606,8669,8670,8733,8669,True
AirQuality,FINAL_TEST,249,8671,8607,8670,8671,8734,8670,True
AirQuality,FINAL_TEST,250,8672,8608,8671,8672,8735,8671,True
AirQuality,FINAL_TEST,251,8673,8609,8672,8673,8736,8672,True
AirQuality,FINAL_TEST,252,8674,8610,8673,8674,8737,8673,True
AirQuality,FINAL_TEST,253,8675,8611,8674,8675,8738,8674,True
AirQuality,FINAL_TEST,254,8676,8612,8675,8676,8739,8675,True
AirQuality,FINAL_TEST,255,8677,8613,8676,8677,8740,8676,True
AirQuality,FINAL_TEST,256,8678,8614,8677,8678,8741,8677,True
AirQuality,FINAL_TEST,257,8679,8615,8678,8679,8742,8678,True
AirQuality,FINAL_TEST,258,8680,8616,8679,8680,8743,8679,True
AirQuality,FINAL_TEST,259,8681,8617,8680,8681,8744,8680,True
AirQuality,FINAL_TEST,260,8682,8618,8681,8682,8745,8681,True
AirQuality,FINAL_TEST,261,8683,8619,8682,8683,8746,8682,True
AirQuality,FINAL_TEST,262,8684,8620,8683,8684,8747,8683,True
AirQuality,FINAL_TEST,263,8685,8621,8684,8685,8748,8684,True
AirQuality,FINAL_TEST,264,8686,8622,8685,8686,8749,8685,True
AirQuality,FINAL_TEST,265,8687,8623,8686,8687,8750,8686,True
AirQuality,FINAL_TEST,266,8688,8624,8687,8688,8751,8687,True
AirQuality,FINAL_TEST,267,8689,8625,8688,8689,8752,8688,True
AirQuality,FINAL_TEST,268,8690,8626,8689,8690,8753,8689,True
AirQuality,FINAL_TEST,269,8691,8627,8690,8691,8754,8690,True
AirQuality,FINAL_TEST,270,8692,8628,8691,8692,8755,8691,True
AirQuality,FINAL_TEST,271,8693,8629,8692,8693,8756,8692,True
AirQuality,FINAL_TEST,272,8694,8630,8693,8694,8757,8693,True
AirQuality,FINAL_TEST,273,8695,8631,8694,8695,8758,8694,True
AirQuality,FINAL_TEST,274,8696,8632,8695,8696,8759,8695,True
AirQuality,FINAL_TEST,275,8697,8633,8696,8697,8760,8696,True
AirQuality,FINAL_TEST,276,8698,8634,8697,8698,8761,8697,True
AirQuality,FINAL_TEST,277,8699,8635,8698,8699,8762,8698,True
AirQuality,FINAL_TEST,278,8700,8636,8699,8700,8763,8699,True
AirQuality,FINAL_TEST,279,8701,8637,8700,8701,8764,8700,True
AirQuality,FINAL_TEST,280,8702,8638,8701,8702,8765,8701,True
AirQuality,FINAL_TEST,281,8703,8639,8702,8703,8766,8702,True
AirQuality,FINAL_TEST,282,8704,8640,8703,8704,8767,8703,True
AirQuality,FINAL_TEST,283,8705,8641,8704,8705,8768,8704,True
AirQuality,FINAL_TEST,284,8706,8642,8705,8706,8769,8705,True
AirQuality,FINAL_TEST,285,8707,8643,8706,8707,8770,8706,True
AirQuality,FINAL_TEST,286,8708,8644,8707,8708,8771,8707,True
AirQuality,FINAL_TEST,287,8709,8645,8708,8709,8772,8708,True
AirQuality,FINAL_TEST,288,8710,8646,8709,8710,8773,8709,True
AirQuality,FINAL_TEST,289,8711,8647,8710,8711,8774,8710,True
AirQuality,FINAL_TEST,290,8712,8648,8711,8712,8775,8711,True
AirQuality,FINAL_TEST,291,8713,8649,8712,8713,8776,8712,True
AirQuality,FINAL_TEST,292,8714,8650,8713,8714,8777,8713,True
AirQuality,FINAL_TEST,293,8715,8651,8714,8715,8778,8714,True
AirQuality,FINAL_TEST,294,8716,8652,8715,8716,8779,8715,True
AirQuality,FINAL_TEST,295,8717,8653,8716,8717,8780,8716,True
AirQuality,FINAL_TEST,296,8718,8654,8717,8718,8781,8717,True
AirQuality,FINAL_TEST,297,8719,8655,8718,8719,8782,8718,True
AirQuality,FINAL_TEST,298,8720,8656,8719,8720,8783,8719,True
AirQuality,FINAL_TEST,299,8721,8657,8720,8721,8784,8720,True
AirQuality,FINAL_TEST,300,8722,8658,8721,8722,8785,8721,True
AirQuality,FINAL_TEST,301,8723,8659,8722,8723,8786,8722,True
AirQuality,FINAL_TEST,302,8724,8660,8723,8724,8787,8723,True
AirQuality,FINAL_TEST,303,8725,8661,8724,8725,8788,8724,True
AirQuality,FINAL_TEST,304,8726,8662,8725,8726,8789,8725,True
AirQuality,FINAL_TEST,305,8727,8663,8726,8727,8790,8726,True
AirQuality,FINAL_TEST,306,8728,8664,8727,8728,8791,8727,True
AirQuality,FINAL_TEST,307,8729,8665,8728,8729,8792,8728,True
AirQuality,FINAL_TEST,308,8730,8666,8729,8730,8793,8729,True
AirQuality,FINAL_TEST,309,8731,8667,8730,8731,8794,8730,True
AirQuality,FINAL_TEST,310,8732,8668,8731,8732,8795,8731,True
AirQuality,FINAL_TEST,311,8733,8669,8732,8733,8796,8732,True
AirQuality,FINAL_TEST,312,8734,8670,8733,8734,8797,8733,True
AirQuality,FINAL_TEST,313,8735,8671,8734,8735,8798,8734,True
AirQuality,FINAL_TEST,314,8736,8672,8735,8736,8799,8735,True
AirQuality,FINAL_TEST,315,8737,8673,8736,8737,8800,8736,True
AirQuality,FINAL_TEST,316,8738,8674,8737,8738,8801,8737,True
AirQuality,FINAL_TEST,317,8739,8675,8738,8739,8802,8738,True
AirQuality,FINAL_TEST,318,8740,8676,8739,8740,8803,8739,True
AirQuality,FINAL_TEST,319,8741,8677,8740,8741,8804,8740,True
AirQuality,FINAL_TEST,320,8742,8678,8741,8742,8805,8741,True
AirQuality,FINAL_TEST,321,8743,8679,8742,8743,8806,8742,True
AirQuality,FINAL_TEST,322,8744,8680,8743,8744,8807,8743,True
AirQuality,FINAL_TEST,323,8745,8681,8744,8745,8808,8744,True
AirQuality,FINAL_TEST,324,8746,8682,8745,8746,8809,8745,True
AirQuality,FINAL_TEST,325,8747,8683,8746,8747,8810,8746,True
AirQuality,FINAL_TEST,326,8748,8684,8747,8748,8811,8747,True
AirQuality,FINAL_TEST,327,8749,8685,8748,8749,8812,8748,True
AirQuality,FINAL_TEST,328,8750,8686,8749,8750,8813,8749,True
AirQuality,FINAL_TEST,329,8751,8687,8750,8751,8814,8750,True
AirQuality,FINAL_TEST,330,8752,8688,8751,8752,8815,8751,True
AirQuality,FINAL_TEST,331,8753,8689,8752,8753,8816,8752,True
AirQuality,FINAL_TEST,332,8754,8690,8753,8754,8817,8753,True
AirQuality,FINAL_TEST,333,8755,8691,8754,8755,8818,8754,True
AirQuality,FINAL_TEST,334,8756,8692,8755,8756,8819,8755,True
AirQuality,FINAL_TEST,335,8757,8693,8756,8757,8820,8756,True
AirQuality,FINAL_TEST,336,8758,8694,8757,8758,8821,8757,True
AirQuality,FINAL_TEST,337,8759,8695,8758,8759,8822,8758,True
AirQuality,FINAL_TEST,338,8760,8696,8759,8760,8823,8759,True
AirQuality,FINAL_TEST,339,8761,8697,8760,8761,8824,8760,True
AirQuality,FINAL_TEST,340,8762,8698,8761,8762,8825,8761,True
AirQuality,FINAL_TEST,341,8763,8699,8762,8763,8826,8762,True
AirQuality,FINAL_TEST,342,8764,8700,8763,8764,8827,8763,True
AirQuality,FINAL_TEST,343,8765,8701,8764,8765,8828,8764,True
AirQuality,FINAL_TEST,344,8766,8702,8765,8766,8829,8765,True
AirQuality,FINAL_TEST,345,8767,8703,8766,8767,8830,8766,True
AirQuality,FINAL_TEST,346,8768,8704,8767,8768,8831,8767,True
AirQuality,FINAL_TEST,347,8769,8705,8768,8769,8832,8768,True
AirQuality,FINAL_TEST,348,8770,8706,8769,8770,8833,8769,True
AirQuality,FINAL_TEST,349,8771,8707,8770,8771,8834,8770,True
AirQuality,FINAL_TEST,350,8772,8708,8771,8772,8835,8771,True
AirQuality,FINAL_TEST,351,8773,8709,8772,8773,8836,8772,True
AirQuality,FINAL_TEST,352,8774,8710,8773,8774,8837,8773,True
AirQuality,FINAL_TEST,353,8775,8711,8774,8775,8838,8774,True
AirQuality,FINAL_TEST,354,8776,8712,8775,8776,8839,8775,True
AirQuality,FINAL_TEST,355,8777,8713,8776,8777,8840,8776,True
AirQuality,FINAL_TEST,356,8778,8714,8777,8778,8841,8777,True
AirQuality,FINAL_TEST,357,8779,8715,8778,8779,8842,8778,True
AirQuality,FINAL_TEST,358,8780,8716,8779,8780,8843,8779,True
AirQuality,FINAL_TEST,359,8781,8717,8780,8781,8844,8780,True
AirQuality,FINAL_TEST,360,8782,8718,8781,8782,8845,8781,True
AirQuality,FINAL_TEST,361,8783,8719,8782,8783,8846,8782,True
AirQuality,FINAL_TEST,362,8784,8720,8783,8784,8847,8783,True
AirQuality,FINAL_TEST,363,8785,8721,8784,8785,8848,8784,True
AirQuality,FINAL_TEST,364,8786,8722,8785,8786,8849,8785,True
AirQuality,FINAL_TEST,365,8787,8723,8786,8787,8850,8786,True
AirQuality,FINAL_TEST,366,8788,8724,8787,8788,8851,8787,True
AirQuality,FINAL_TEST,367,8789,8725,8788,8789,8852,8788,True
AirQuality,FINAL_TEST,368,8790,8726,8789,8790,8853,8789,True
AirQuality,FINAL_TEST,369,8791,8727,8790,8791,8854,8790,True
AirQuality,FINAL_TEST,370,8792,8728,8791,8792,8855,8791,True
AirQuality,FINAL_TEST,371,8793,8729,8792,8793,8856,8792,True
AirQuality,FINAL_TEST,372,8794,8730,8793,8794,8857,8793,True
AirQuality,FINAL_TEST,373,8795,8731,8794,8795,8858,8794,True
AirQuality,FINAL_TEST,374,8796,8732,8795,8796,8859,8795,True
AirQuality,FINAL_TEST,375,8797,8733,8796,8797,8860,8796,True
AirQuality,FINAL_TEST,376,8798,8734,8797,8798,8861,8797,True
AirQuality,FINAL_TEST,377,8799,8735,8798,8799,8862,8798,True
AirQuality,FINAL_TEST,378,8800,8736,8799,8800,8863,8799,True
AirQuality,FINAL_TEST,379,8801,8737,8800,8801,8864,8800,True
AirQuality,FINAL_TEST,380,8802,8738,8801,8802,8865,8801,True
AirQuality,FINAL_TEST,381,8803,8739,8802,8803,8866,8802,True
AirQuality,FINAL_TEST,382,8804,8740,8803,8804,8867,8803,True
AirQuality,FINAL_TEST,383,8805,8741,8804,8805,8868,8804,True
AirQuality,FINAL_TEST,384,8806,8742,8805,8806,8869,8805,True
AirQuality,FINAL_TEST,385,8807,8743,8806,8807,8870,8806,True
AirQuality,FINAL_TEST,386,8808,8744,8807,8808,8871,8807,True
AirQuality,FINAL_TEST,387,8809,8745,8808,8809,8872,8808,True
AirQuality,FINAL_TEST,388,8810,8746,8809,8810,8873,8809,True
AirQuality,FINAL_TEST,389,8811,8747,8810,8811,8874,8810,True
AirQuality,FINAL_TEST,390,8812,8748,8811,8812,8875,8811,True
AirQuality,FINAL_TEST,391,8813,8749,8812,8813,8876,8812,True
AirQuality,FINAL_TEST,392,8814,8750,8813,8814,8877,8813,True
AirQuality,FINAL_TEST,393,8815,8751,8814,8815,8878,8814,True
AirQuality,FINAL_TEST,394,8816,8752,8815,8816,8879,8815,True
AirQuality,FINAL_TEST,395,8817,8753,8816,8817,8880,8816,True
AirQuality,FINAL_TEST,396,8818,8754,8817,8818,8881,8817,True
AirQuality,FINAL_TEST,397,8819,8755,8818,8819,8882,8818,True
AirQuality,FINAL_TEST,398,8820,8756,8819,8820,8883,8819,True
AirQuality,FINAL_TEST,399,8821,8757,8820,8821,8884,8820,True
AirQuality,FINAL_TEST,400,8822,8758,8821,8822,8885,8821,True
AirQuality,FINAL_TEST,401,8823,8759,8822,8823,8886,8822,True
AirQuality,FINAL_TEST,402,8824,8760,8823,8824,8887,8823,True
AirQuality,FINAL_TEST,403,8825,8761,8824,8825,8888,8824,True
AirQuality,FINAL_TEST,404,8826,8762,8825,8826,8889,8825,True
AirQuality,FINAL_TEST,405,8827,8763,8826,8827,8890,8826,True
AirQuality,FINAL_TEST,406,8828,8764,8827,8828,8891,8827,True
AirQuality,FINAL_TEST,407,8829,8765,8828,8829,8892,8828,True
AirQuality,FINAL_TEST,408,8830,8766,8829,8830,8893,8829,True
AirQuality,FINAL_TEST,409,8831,8767,8830,8831,8894,8830,True
AirQuality,FINAL_TEST,410,8832,8768,8831,8832,8895,8831,True
AirQuality,FINAL_TEST,411,8833,8769,8832,8833,8896,8832,True
AirQuality,FINAL_TEST,412,8834,8770,8833,8834,8897,8833,True
AirQuality,FINAL_TEST,413,8835,8771,8834,8835,8898,8834,True
AirQuality,FINAL_TEST,414,8836,8772,8835,8836,8899,8835,True
AirQuality,FINAL_TEST,415,8837,8773,8836,8837,8900,8836,True
AirQuality,FINAL_TEST,416,8838,8774,8837,8838,8901,8837,True
AirQuality,FINAL_TEST,417,8839,8775,8838,8839,8902,8838,True
AirQuality,FINAL_TEST,418,8840,8776,8839,8840,8903,8839,True
AirQuality,FINAL_TEST,419,8841,8777,8840,8841,8904,8840,True
AirQuality,FINAL_TEST,420,8842,8778,8841,8842,8905,8841,True
AirQuality,FINAL_TEST,421,8843,8779,8842,8843,8906,8842,True
AirQuality,FINAL_TEST,422,8844,8780,8843,8844,8907,8843,True
AirQuality,FINAL_TEST,423,8845,8781,8844,8845,8908,8844,True
AirQuality,FINAL_TEST,424,8846,8782,8845,8846,8909,8845,True
AirQuality,FINAL_TEST,425,8847,8783,8846,8847,8910,8846,True
AirQuality,FINAL_TEST,426,8848,8784,8847,8848,8911,8847,True
AirQuality,FINAL_TEST,427,8849,8785,8848,8849,8912,8848,True
AirQuality,FINAL_TEST,428,8850,8786,8849,8850,8913,8849,True
AirQuality,FINAL_TEST,429,8851,8787,8850,8851,8914,8850,True
AirQuality,FINAL_TEST,430,8852,8788,8851,8852,8915,8851,True
AirQuality,FINAL_TEST,431,8853,8789,8852,8853,8916,8852,True
AirQuality,FINAL_TEST,432,8854,8790,8853,8854,8917,8853,True
AirQuality,FINAL_TEST,433,8855,8791,8854,8855,8918,8854,True
AirQuality,FINAL_TEST,434,8856,8792,8855,8856,8919,8855,True
AirQuality,FINAL_TEST,435,8857,8793,8856,8857,8920,8856,True
AirQuality,FINAL_TEST,436,8858,8794,8857,8858,8921,8857,True
AirQuality,FINAL_TEST,437,8859,8795,8858,8859,8922,8858,True
AirQuality,FINAL_TEST,438,8860,8796,8859,8860,8923,8859,True
AirQuality,FINAL_TEST,439,8861,8797,8860,8861,8924,8860,True
AirQuality,FINAL_TEST,440,8862,8798,8861,8862,8925,8861,True
AirQuality,FINAL_TEST,441,8863,8799,8862,8863,8926,8862,True
AirQuality,FINAL_TEST,442,8864,8800,8863,8864,8927,8863,True
AirQuality,FINAL_TEST,443,8865,8801,8864,8865,8928,8864,True
AirQuality,FINAL_TEST,444,8866,8802,8865,8866,8929,8865,True
AirQuality,FINAL_TEST,445,8867,8803,8866,8867,8930,8866,True
AirQuality,FINAL_TEST,446,8868,8804,8867,8868,8931,8867,True
AirQuality,FINAL_TEST,447,8869,8805,8868,8869,8932,8868,True
AirQuality,FINAL_TEST,448,8870,8806,8869,8870,8933,8869,True
AirQuality,FINAL_TEST,449,8871,8807,8870,8871,8934,8870,True
AirQuality,FINAL_TEST,450,8872,8808,8871,8872,8935,8871,True
AirQuality,FINAL_TEST,451,8873,8809,8872,8873,8936,8872,True
AirQuality,FINAL_TEST,452,8874,8810,8873,8874,8937,8873,True
AirQuality,FINAL_TEST,453,8875,8811,8874,8875,8938,8874,True
AirQuality,FINAL_TEST,454,8876,8812,8875,8876,8939,8875,True
AirQuality,FINAL_TEST,455,8877,8813,8876,8877,8940,8876,True
AirQuality,FINAL_TEST,456,8878,8814,8877,8878,8941,8877,True
AirQuality,FINAL_TEST,457,8879,8815,8878,8879,8942,8878,True
AirQuality,FINAL_TEST,458,8880,8816,8879,8880,8943,8879,True
AirQuality,FINAL_TEST,459,8881,8817,8880,8881,8944,8880,True
AirQuality,FINAL_TEST,460,8882,8818,8881,8882,8945,8881,True
AirQuality,FINAL_TEST,461,8883,8819,8882,8883,8946,8882,True
AirQuality,FINAL_TEST,462,8884,8820,8883,8884,8947,8883,True
AirQuality,FINAL_TEST,463,8885,8821,8884,8885,8948,8884,True
AirQuality,FINAL_TEST,464,8886,8822,8885,8886,8949,8885,True
AirQuality,FINAL_TEST,465,8887,8823,8886,8887,8950,8886,True
AirQuality,FINAL_TEST,466,8888,8824,8887,8888,8951,8887,True
AirQuality,FINAL_TEST,467,8889,8825,8888,8889,8952,8888,True
AirQuality,FINAL_TEST,468,8890,8826,8889,8890,8953,8889,True
AirQuality,FINAL_TEST,469,8891,8827,8890,8891,8954,8890,True
AirQuality,FINAL_TEST,470,8892,8828,8891,8892,8955,8891,True
AirQuality,FINAL_TEST,471,8893,8829,8892,8893,8956,8892,True
AirQuality,FINAL_TEST,472,8894,8830,8893,8894,8957,8893,True
AirQuality,FINAL_TEST,473,8895,8831,8894,8895,8958,8894,True
AirQuality,FINAL_TEST,474,8896,8832,8895,8896,8959,8895,True
AirQuality,FINAL_TEST,475,8897,8833,8896,8897,8960,8896,True
AirQuality,FINAL_TEST,476,8898,8834,8897,8898,8961,8897,True
AirQuality,FINAL_TEST,477,8899,8835,8898,8899,8962,8898,True
AirQuality,FINAL_TEST,478,8900,8836,8899,8900,8963,8899,True
AirQuality,FINAL_TEST,479,8901,8837,8900,8901,8964,8900,True
AirQuality,FINAL_TEST,480,8902,8838,8901,8902,8965,8901,True
AirQuality,FINAL_TEST,481,8903,8839,8902,8903,8966,8902,True
AirQuality,FINAL_TEST,482,8904,8840,8903,8904,8967,8903,True
AirQuality,FINAL_TEST,483,8905,8841,8904,8905,8968,8904,True
AirQuality,FINAL_TEST,484,8906,8842,8905,8906,8969,8905,True
AirQuality,FINAL_TEST,485,8907,8843,8906,8907,8970,8906,True
AirQuality,FINAL_TEST,486,8908,8844,8907,8908,8971,8907,True
AirQuality,FINAL_TEST,487,8909,8845,8908,8909,8972,8908,True
AirQuality,FINAL_TEST,488,8910,8846,8909,8910,8973,8909,True
AirQuality,FINAL_TEST,489,8911,8847,8910,8911,8974,8910,True
AirQuality,FINAL_TEST,490,8912,8848,8911,8912,8975,8911,True
AirQuality,FINAL_TEST,491,8913,8849,8912,8913,8976,8912,True
AirQuality,FINAL_TEST,492,8914,8850,8913,8914,8977,8913,True
AirQuality,FINAL_TEST,493,8915,8851,8914,8915,8978,8914,True
AirQuality,FINAL_TEST,494,8916,8852,8915,8916,8979,8915,True
AirQuality,FINAL_TEST,495,8917,8853,8916,8917,8980,8916,True
AirQuality,FINAL_TEST,496,8918,8854,8917,8918,8981,8917,True
AirQuality,FINAL_TEST,497,8919,8855,8918,8919,8982,8918,True
AirQuality,FINAL_TEST,498,8920,8856,8919,8920,8983,8919,True
AirQuality,FINAL_TEST,499,8921,8857,8920,8921,8984,8920,True
AirQuality,FINAL_TEST,500,8922,8858,8921,8922,8985,8921,True
AirQuality,FINAL_TEST,501,8923,8859,8922,8923,8986,8922,True
AirQuality,FINAL_TEST,502,8924,8860,8923,8924,8987,8923,True
AirQuality,FINAL_TEST,503,8925,8861,8924,8925,8988,8924,True
AirQuality,FINAL_TEST,504,8926,8862,8925,8926,8989,8925,True
AirQuality,FINAL_TEST,505,8927,8863,8926,8927,8990,8926,True
AirQuality,FINAL_TEST,506,8928,8864,8927,8928,8991,8927,True
AirQuality,FINAL_TEST,507,8929,8865,8928,8929,8992,8928,True
AirQuality,FINAL_TEST,508,8930,8866,8929,8930,8993,8929,True
AirQuality,FINAL_TEST,509,8931,8867,8930,8931,8994,8930,True
AirQuality,FINAL_TEST,510,8932,8868,8931,8932,8995,8931,True
AirQuality,FINAL_TEST,511,8933,8869,8932,8933,8996,8932,True
AirQuality,FINAL_TEST,512,8934,8870,8933,8934,8997,8933,True
AirQuality,FINAL_TEST,513,8935,8871,8934,8935,8998,8934,True
AirQuality,FINAL_TEST,514,8936,8872,8935,8936,8999,8935,True
AirQuality,FINAL_TEST,515,8937,8873,8936,8937,9000,8936,True
AirQuality,FINAL_TEST,516,8938,8874,8937,8938,9001,8937,True
AirQuality,FINAL_TEST,517,8939,8875,8938,8939,9002,8938,True
AirQuality,FINAL_TEST,518,8940,8876,8939,8940,9003,8939,True
AirQuality,FINAL_TEST,519,8941,8877,8940,8941,9004,8940,True
AirQuality,FINAL_TEST,520,8942,8878,8941,8942,9005,8941,True
AirQuality,FINAL_TEST,521,8943,8879,8942,8943,9006,8942,True
AirQuality,FINAL_TEST,522,8944,8880,8943,8944,9007,8943,True
AirQuality,FINAL_TEST,523,8945,8881,8944,8945,9008,8944,True
AirQuality,FINAL_TEST,524,8946,8882,8945,8946,9009,8945,True
AirQuality,FINAL_TEST,525,8947,8883,8946,8947,9010,8946,True
AirQuality,FINAL_TEST,526,8948,8884,8947,8948,9011,8947,True
AirQuality,FINAL_TEST,527,8949,8885,8948,8949,9012,8948,True
AirQuality,FINAL_TEST,528,8950,8886,8949,8950,9013,8949,True
AirQuality,FINAL_TEST,529,8951,8887,8950,8951,9014,8950,True
AirQuality,FINAL_TEST,530,8952,8888,8951,8952,9015,8951,True
AirQuality,FINAL_TEST,531,8953,8889,8952,8953,9016,8952,True
AirQuality,FINAL_TEST,532,8954,8890,8953,8954,9017,8953,True
AirQuality,FINAL_TEST,533,8955,8891,8954,8955,9018,8954,True
AirQuality,FINAL_TEST,534,8956,8892,8955,8956,9019,8955,True
AirQuality,FINAL_TEST,535,8957,8893,8956,8957,9020,8956,True
AirQuality,FINAL_TEST,536,8958,8894,8957,8958,9021,8957,True
AirQuality,FINAL_TEST,537,8959,8895,8958,8959,9022,8958,True
AirQuality,FINAL_TEST,538,8960,8896,8959,8960,9023,8959,True
AirQuality,FINAL_TEST,539,8961,8897,8960,8961,9024,8960,True
AirQuality,FINAL_TEST,540,8962,8898,8961,8962,9025,8961,True
AirQuality,FINAL_TEST,541,8963,8899,8962,8963,9026,8962,True
AirQuality,FINAL_TEST,542,8964,8900,8963,8964,9027,8963,True
AirQuality,FINAL_TEST,543,8965,8901,8964,8965,9028,8964,True
AirQuality,FINAL_TEST,544,8966,8902,8965,8966,9029,8965,True
AirQuality,FINAL_TEST,545,8967,8903,8966,8967,9030,8966,True
AirQuality,FINAL_TEST,546,8968,8904,8967,8968,9031,8967,True
AirQuality,FINAL_TEST,547,8969,8905,8968,8969,9032,8968,True
AirQuality,FINAL_TEST,548,8970,8906,8969,8970,9033,8969,True
AirQuality,FINAL_TEST,549,8971,8907,8970,8971,9034,8970,True
AirQuality,FINAL_TEST,550,8972,8908,8971,8972,9035,8971,True
AirQuality,FINAL_TEST,551,8973,8909,8972,8973,9036,8972,True
AirQuality,FINAL_TEST,552,8974,8910,8973,8974,9037,8973,True
AirQuality,FINAL_TEST,553,8975,8911,8974,8975,9038,8974,True
AirQuality,FINAL_TEST,554,8976,8912,8975,8976,9039,8975,True
AirQuality,FINAL_TEST,555,8977,8913,8976,8977,9040,8976,True
AirQuality,FINAL_TEST,556,8978,8914,8977,8978,9041,8977,True
AirQuality,FINAL_TEST,557,8979,8915,8978,8979,9042,8978,True
AirQuality,FINAL_TEST,558,8980,8916,8979,8980,9043,8979,True
AirQuality,FINAL_TEST,559,8981,8917,8980,8981,9044,8980,True
AirQuality,FINAL_TEST,560,8982,8918,8981,8982,9045,8981,True
AirQuality,FINAL_TEST,561,8983,8919,8982,8983,9046,8982,True
AirQuality,FINAL_TEST,562,8984,8920,8983,8984,9047,8983,True
AirQuality,FINAL_TEST,563,8985,8921,8984,8985,9048,8984,True
AirQuality,FINAL_TEST,564,8986,8922,8985,8986,9049,8985,True
AirQuality,FINAL_TEST,565,8987,8923,8986,8987,9050,8986,True
AirQuality,FINAL_TEST,566,8988,8924,8987,8988,9051,8987,True
AirQuality,FINAL_TEST,567,8989,8925,8988,8989,9052,8988,True
AirQuality,FINAL_TEST,568,8990,8926,8989,8990,9053,8989,True
AirQuality,FINAL_TEST,569,8991,8927,8990,8991,9054,8990,True
AirQuality,FINAL_TEST,570,8992,8928,8991,8992,9055,8991,True
AirQuality,FINAL_TEST,571,8993,8929,8992,8993,9056,8992,True
AirQuality,FINAL_TEST,572,8994,8930,8993,8994,9057,8993,True
AirQuality,FINAL_TEST,573,8995,8931,8994,8995,9058,8994,True
AirQuality,FINAL_TEST,574,8996,8932,8995,8996,9059,8995,True
AirQuality,FINAL_TEST,575,8997,8933,8996,8997,9060,8996,True
AirQuality,FINAL_TEST,576,8998,8934,8997,8998,9061,8997,True
AirQuality,FINAL_TEST,577,8999,8935,8998,8999,9062,8998,True
AirQuality,FINAL_TEST,578,9000,8936,8999,9000,9063,8999,True
AirQuality,FINAL_TEST,579,9001,8937,9000,9001,9064,9000,True
AirQuality,FINAL_TEST,580,9002,8938,9001,9002,9065,9001,True
AirQuality,FINAL_TEST,581,9003,8939,9002,9003,9066,9002,True
AirQuality,FINAL_TEST,582,9004,8940,9003,9004,9067,9003,True
AirQuality,FINAL_TEST,583,9005,8941,9004,9005,9068,9004,True
AirQuality,FINAL_TEST,584,9006,8942,9005,9006,9069,9005,True
AirQuality,FINAL_TEST,585,9007,8943,9006,9007,9070,9006,True
AirQuality,FINAL_TEST,586,9008,8944,9007,9008,9071,9007,True
AirQuality,FINAL_TEST,587,9009,8945,9008,9009,9072,9008,True
AirQuality,FINAL_TEST,588,9010,8946,9009,9010,9073,9009,True
AirQuality,FINAL_TEST,589,9011,8947,9010,9011,9074,9010,True
AirQuality,FINAL_TEST,590,9012,8948,9011,9012,9075,9011,True
AirQuality,FINAL_TEST,591,9013,8949,9012,9013,9076,9012,True
AirQuality,FINAL_TEST,592,9014,8950,9013,9014,9077,9013,True
AirQuality,FINAL_TEST,593,9015,8951,9014,9015,9078,9014,True
AirQuality,FINAL_TEST,594,9016,8952,9015,9016,9079,9015,True
AirQuality,FINAL_TEST,595,9017,8953,9016,9017,9080,9016,True
AirQuality,FINAL_TEST,596,9018,8954,9017,9018,9081,9017,True
AirQuality,FINAL_TEST,597,9019,8955,9018,9019,9082,9018,True
AirQuality,FINAL_TEST,598,9020,8956,9019,9020,9083,9019,True
AirQuality,FINAL_TEST,599,9021,8957,9020,9021,9084,9020,True
AirQuality,FINAL_TEST,600,9022,8958,9021,9022,9085,9021,True
AirQuality,FINAL_TEST,601,9023,8959,9022,9023,9086,9022,True
AirQuality,FINAL_TEST,602,9024,8960,9023,9024,9087,9023,True
AirQuality,FINAL_TEST,603,9025,8961,9024,9025,9088,9024,True
AirQuality,FINAL_TEST,604,9026,8962,9025,9026,9089,9025,True
AirQuality,FINAL_TEST,605,9027,8963,9026,9027,9090,9026,True
AirQuality,FINAL_TEST,606,9028,8964,9027,9028,9091,9027,True
AirQuality,FINAL_TEST,607,9029,8965,9028,9029,9092,9028,True
AirQuality,FINAL_TEST,608,9030,8966,9029,9030,9093,9029,True
AirQuality,FINAL_TEST,609,9031,8967,9030,9031,9094,9030,True
AirQuality,FINAL_TEST,610,9032,8968,9031,9032,9095,9031,True
AirQuality,FINAL_TEST,611,9033,8969,9032,9033,9096,9032,True
AirQuality,FINAL_TEST,612,9034,8970,9033,9034,9097,9033,True
AirQuality,FINAL_TEST,613,9035,8971,9034,9035,9098,9034,True
AirQuality,FINAL_TEST,614,9036,8972,9035,9036,9099,9035,True
AirQuality,FINAL_TEST,615,9037,8973,9036,9037,9100,9036,True
AirQuality,FINAL_TEST,616,9038,8974,9037,9038,9101,9037,True
AirQuality,FINAL_TEST,617,9039,8975,9038,9039,9102,9038,True
AirQuality,FINAL_TEST,618,9040,8976,9039,9040,9103,9039,True
AirQuality,FINAL_TEST,619,9041,8977,9040,9041,9104,9040,True
AirQuality,FINAL_TEST,620,9042,8978,9041,9042,9105,9041,True
AirQuality,FINAL_TEST,621,9043,8979,9042,9043,9106,9042,True
AirQuality,FINAL_TEST,622,9044,8980,9043,9044,9107,9043,True
AirQuality,FINAL_TEST,623,9045,8981,9044,9045,9108,9044,True
AirQuality,FINAL_TEST,624,9046,8982,9045,9046,9109,9045,True
AirQuality,FINAL_TEST,625,9047,8983,9046,9047,9110,9046,True
AirQuality,FINAL_TEST,626,9048,8984,9047,9048,9111,9047,True
AirQuality,FINAL_TEST,627,9049,8985,9048,9049,9112,9048,True
AirQuality,FINAL_TEST,628,9050,8986,9049,9050,9113,9049,True
AirQuality,FINAL_TEST,629,9051,8987,9050,9051,9114,9050,True
AirQuality,FINAL_TEST,630,9052,8988,9051,9052,9115,9051,True
AirQuality,FINAL_TEST,631,9053,8989,9052,9053,9116,9052,True
AirQuality,FINAL_TEST,632,9054,8990,9053,9054,9117,9053,True
AirQuality,FINAL_TEST,633,9055,8991,9054,9055,9118,9054,True
AirQuality,FINAL_TEST,634,9056,8992,9055,9056,9119,9055,True
AirQuality,FINAL_TEST,635,9057,8993,9056,9057,9120,9056,True
AirQuality,FINAL_TEST,636,9058,8994,9057,9058,9121,9057,True
AirQuality,FINAL_TEST,637,9059,8995,9058,9059,9122,9058,True
AirQuality,FINAL_TEST,638,9060,8996,9059,9060,9123,9059,True
AirQuality,FINAL_TEST,639,9061,8997,9060,9061,9124,9060,True
AirQuality,FINAL_TEST,640,9062,8998,9061,9062,9125,9061,True
AirQuality,FINAL_TEST,641,9063,8999,9062,9063,9126,9062,True
AirQuality,FINAL_TEST,642,9064,9000,9063,9064,9127,9063,True
AirQuality,FINAL_TEST,643,9065,9001,9064,9065,9128,9064,True
AirQuality,FINAL_TEST,644,9066,9002,9065,9066,9129,9065,True
AirQuality,FINAL_TEST,645,9067,9003,9066,9067,9130,9066,True
AirQuality,FINAL_TEST,646,9068,9004,9067,9068,9131,9067,True
AirQuality,FINAL_TEST,647,9069,9005,9068,9069,9132,9068,True
AirQuality,FINAL_TEST,648,9070,9006,9069,9070,9133,9069,True
AirQuality,FINAL_TEST,649,9071,9007,9070,9071,9134,9070,True
AirQuality,FINAL_TEST,650,9072,9008,9071,9072,9135,9071,True
AirQuality,FINAL_TEST,651,9073,9009,9072,9073,9136,9072,True
AirQuality,FINAL_TEST,652,9074,9010,9073,9074,9137,9073,True
AirQuality,FINAL_TEST,653,9075,9011,9074,9075,9138,9074,True
AirQuality,FINAL_TEST,654,9076,9012,9075,9076,9139,9075,True
AirQuality,FINAL_TEST,655,9077,9013,9076,9077,9140,9076,True
AirQuality,FINAL_TEST,656,9078,9014,9077,9078,9141,9077,True
AirQuality,FINAL_TEST,657,9079,9015,9078,9079,9142,9078,True
AirQuality,FINAL_TEST,658,9080,9016,9079,9080,9143,9079,True
AirQuality,FINAL_TEST,659,9081,9017,9080,9081,9144,9080,True
AirQuality,FINAL_TEST,660,9082,9018,9081,9082,9145,9081,True
AirQuality,FINAL_TEST,661,9083,9019,9082,9083,9146,9082,True
AirQuality,FINAL_TEST,662,9084,9020,9083,9084,9147,9083,True
AirQuality,FINAL_TEST,663,9085,9021,9084,9085,9148,9084,True
AirQuality,FINAL_TEST,664,9086,9022,9085,9086,9149,9085,True
AirQuality,FINAL_TEST,665,9087,9023,9086,9087,9150,9086,True
AirQuality,FINAL_TEST,666,9088,9024,9087,9088,9151,9087,True
AirQuality,FINAL_TEST,667,9089,9025,9088,9089,9152,9088,True
AirQuality,FINAL_TEST,668,9090,9026,9089,9090,9153,9089,True
AirQuality,FINAL_TEST,669,9091,9027,9090,9091,9154,9090,True
AirQuality,FINAL_TEST,670,9092,9028,9091,9092,9155,9091,True
AirQuality,FINAL_TEST,671,9093,9029,9092,9093,9156,9092,True
AirQuality,FINAL_TEST,672,9094,9030,9093,9094,9157,9093,True
AirQuality,FINAL_TEST,673,9095,9031,9094,9095,9158,9094,True
AirQuality,FINAL_TEST,674,9096,9032,9095,9096,9159,9095,True
AirQuality,FINAL_TEST,675,9097,9033,9096,9097,9160,9096,True
AirQuality,FINAL_TEST,676,9098,9034,9097,9098,9161,9097,True
AirQuality,FINAL_TEST,677,9099,9035,9098,9099,9162,9098,True
AirQuality,FINAL_TEST,678,9100,9036,9099,9100,9163,9099,True
AirQuality,FINAL_TEST,679,9101,9037,9100,9101,9164,9100,True
AirQuality,FINAL_TEST,680,9102,9038,9101,9102,9165,9101,True
AirQuality,FINAL_TEST,681,9103,9039,9102,9103,9166,9102,True
AirQuality,FINAL_TEST,682,9104,9040,9103,9104,9167,9103,True
AirQuality,FINAL_TEST,683,9105,9041,9104,9105,9168,9104,True
AirQuality,FINAL_TEST,684,9106,9042,9105,9106,9169,9105,True
AirQuality,FINAL_TEST,685,9107,9043,9106,9107,9170,9106,True
AirQuality,FINAL_TEST,686,9108,9044,9107,9108,9171,9107,True
AirQuality,FINAL_TEST,687,9109,9045,9108,9109,9172,9108,True
AirQuality,FINAL_TEST,688,9110,9046,9109,9110,9173,9109,True
AirQuality,FINAL_TEST,689,9111,9047,9110,9111,9174,9110,True
AirQuality,FINAL_TEST,690,9112,9048,9111,9112,9175,9111,True
AirQuality,FINAL_TEST,691,9113,9049,9112,9113,9176,9112,True
AirQuality,FINAL_TEST,692,9114,9050,9113,9114,9177,9113,True
AirQuality,FINAL_TEST,693,9115,9051,9114,9115,9178,9114,True
AirQuality,FINAL_TEST,694,9116,9052,9115,9116,9179,9115,True
AirQuality,FINAL_TEST,695,9117,9053,9116,9117,9180,9116,True
AirQuality,FINAL_TEST,696,9118,9054,9117,9118,9181,9117,True
AirQuality,FINAL_TEST,697,9119,9055,9118,9119,9182,9118,True
AirQuality,FINAL_TEST,698,9120,9056,9119,9120,9183,9119,True
AirQuality,FINAL_TEST,699,9121,9057,9120,9121,9184,9120,True
AirQuality,FINAL_TEST,700,9122,9058,9121,9122,9185,9121,True
AirQuality,FINAL_TEST,701,9123,9059,9122,9123,9186,9122,True
AirQuality,FINAL_TEST,702,9124,9060,9123,9124,9187,9123,True
AirQuality,FINAL_TEST,703,9125,9061,9124,9125,9188,9124,True
AirQuality,FINAL_TEST,704,9126,9062,9125,9126,9189,9125,True
AirQuality,FINAL_TEST,705,9127,9063,9126,9127,9190,9126,True
AirQuality,FINAL_TEST,706,9128,9064,9127,9128,9191,9127,True
AirQuality,FINAL_TEST,707,9129,9065,9128,9129,9192,9128,True
AirQuality,FINAL_TEST,708,9130,9066,9129,9130,9193,9129,True
AirQuality,FINAL_TEST,709,9131,9067,9130,9131,9194,9130,True
AirQuality,FINAL_TEST,710,9132,9068,9131,9132,9195,9131,True
AirQuality,FINAL_TEST,711,9133,9069,9132,9133,9196,9132,True
AirQuality,FINAL_TEST,712,9134,9070,9133,9134,9197,9133,True
AirQuality,FINAL_TEST,713,9135,9071,9134,9135,9198,9134,True
AirQuality,FINAL_TEST,714,9136,9072,9135,9136,9199,9135,True
AirQuality,FINAL_TEST,715,9137,9073,9136,9137,9200,9136,True
AirQuality,FINAL_TEST,716,9138,9074,9137,9138,9201,9137,True
AirQuality,FINAL_TEST,717,9139,9075,9138,9139,9202,9138,True
AirQuality,FINAL_TEST,718,9140,9076,9139,9140,9203,9139,True
AirQuality,FINAL_TEST,719,9141,9077,9140,9141,9204,9140,True
AirQuality,FINAL_TEST,720,9142,9078,9141,9142,9205,9141,True
AirQuality,FINAL_TEST,721,9143,9079,9142,9143,9206,9142,True
AirQuality,FINAL_TEST,722,9144,9080,9143,9144,9207,9143,True
AirQuality,FINAL_TEST,723,9145,9081,9144,9145,9208,9144,True
AirQuality,FINAL_TEST,724,9146,9082,9145,9146,9209,9145,True
AirQuality,FINAL_TEST,725,9147,9083,9146,9147,9210,9146,True
AirQuality,FINAL_TEST,726,9148,9084,9147,9148,9211,9147,True
AirQuality,FINAL_TEST,727,9149,9085,9148,9149,9212,9148,True
AirQuality,FINAL_TEST,728,9150,9086,9149,9150,9213,9149,True
AirQuality,FINAL_TEST,729,9151,9087,9150,9151,9214,9150,True
AirQuality,FINAL_TEST,730,9152,9088,9151,9152,9215,9151,True
AirQuality,FINAL_TEST,731,9153,9089,9152,9153,9216,9152,True
AirQuality,FINAL_TEST,732,9154,9090,9153,9154,9217,9153,True
AirQuality,FINAL_TEST,733,9155,9091,9154,9155,9218,9154,True
AirQuality,FINAL_TEST,734,9156,9092,9155,9156,9219,9155,True
AirQuality,FINAL_TEST,735,9157,9093,9156,9157,9220,9156,True
AirQuality,FINAL_TEST,736,9158,9094,9157,9158,9221,9157,True
AirQuality,FINAL_TEST,737,9159,9095,9158,9159,9222,9158,True
AirQuality,FINAL_TEST,738,9160,9096,9159,9160,9223,9159,True
AirQuality,FINAL_TEST,739,9161,9097,9160,9161,9224,9160,True
AirQuality,FINAL_TEST,740,9162,9098,9161,9162,9225,9161,True
AirQuality,FINAL_TEST,741,9163,9099,9162,9163,9226,9162,True
AirQuality,FINAL_TEST,742,9164,9100,9163,9164,9227,9163,True
AirQuality,FINAL_TEST,743,9165,9101,9164,9165,9228,9164,True
AirQuality,FINAL_TEST,744,9166,9102,9165,9166,9229,9165,True
AirQuality,FINAL_TEST,745,9167,9103,9166,9167,9230,9166,True
AirQuality,FINAL_TEST,746,9168,9104,9167,9168,9231,9167,True
AirQuality,FINAL_TEST,747,9169,9105,9168,9169,9232,9168,True
AirQuality,FINAL_TEST,748,9170,9106,9169,9170,9233,9169,True
AirQuality,FINAL_TEST,749,9171,9107,9170,9171,9234,9170,True
AirQuality,FINAL_TEST,750,9172,9108,9171,9172,9235,9171,True
AirQuality,FINAL_TEST,751,9173,9109,9172,9173,9236,9172,True
AirQuality,FINAL_TEST,752,9174,9110,9173,9174,9237,9173,True
AirQuality,FINAL_TEST,753,9175,9111,9174,9175,9238,9174,True
AirQuality,FINAL_TEST,754,9176,9112,9175,9176,9239,9175,True
AirQuality,FINAL_TEST,755,9177,9113,9176,9177,9240,9176,True
AirQuality,FINAL_TEST,756,9178,9114,9177,9178,9241,9177,True
AirQuality,FINAL_TEST,757,9179,9115,9178,9179,9242,9178,True
AirQuality,FINAL_TEST,758,9180,9116,9179,9180,9243,9179,True
AirQuality,FINAL_TEST,759,9181,9117,9180,9181,9244,9180,True
AirQuality,FINAL_TEST,760,9182,9118,9181,9182,9245,9181,True
AirQuality,FINAL_TEST,761,9183,9119,9182,9183,9246,9182,True
AirQuality,FINAL_TEST,762,9184,9120,9183,9184,9247,9183,True
AirQuality,FINAL_TEST,763,9185,9121,9184,9185,9248,9184,True
AirQuality,FINAL_TEST,764,9186,9122,9185,9186,9249,9185,True
AirQuality,FINAL_TEST,765,9187,9123,9186,9187,9250,9186,True
AirQuality,FINAL_TEST,766,9188,9124,9187,9188,9251,9187,True
AirQuality,FINAL_TEST,767,9189,9125,9188,9189,9252,9188,True
AirQuality,FINAL_TEST,768,9190,9126,9189,9190,9253,9189,True
AirQuality,FINAL_TEST,769,9191,9127,9190,9191,9254,9190,True
AirQuality,FINAL_TEST,770,9192,9128,9191,9192,9255,9191,True
AirQuality,FINAL_TEST,771,9193,9129,9192,9193,9256,9192,True
AirQuality,FINAL_TEST,772,9194,9130,9193,9194,9257,9193,True
AirQuality,FINAL_TEST,773,9195,9131,9194,9195,9258,9194,True
AirQuality,FINAL_TEST,774,9196,9132,9195,9196,9259,9195,True
AirQuality,FINAL_TEST,775,9197,9133,9196,9197,9260,9196,True
AirQuality,FINAL_TEST,776,9198,9134,9197,9198,9261,9197,True
AirQuality,FINAL_TEST,777,9199,9135,9198,9199,9262,9198,True
AirQuality,FINAL_TEST,778,9200,9136,9199,9200,9263,9199,True
AirQuality,FINAL_TEST,779,9201,9137,9200,9201,9264,9200,True
AirQuality,FINAL_TEST,780,9202,9138,9201,9202,9265,9201,True
AirQuality,FINAL_TEST,781,9203,9139,9202,9203,9266,9202,True
AirQuality,FINAL_TEST,782,9204,9140,9203,9204,9267,9203,True
AirQuality,FINAL_TEST,783,9205,9141,9204,9205,9268,9204,True
AirQuality,FINAL_TEST,784,9206,9142,9205,9206,9269,9205,True
AirQuality,FINAL_TEST,785,9207,9143,9206,9207,9270,9206,True
AirQuality,FINAL_TEST,786,9208,9144,9207,9208,9271,9207,True
AirQuality,FINAL_TEST,787,9209,9145,9208,9209,9272,9208,True
AirQuality,FINAL_TEST,788,9210,9146,9209,9210,9273,9209,True
AirQuality,FINAL_TEST,789,9211,9147,9210,9211,9274,9210,True
AirQuality,FINAL_TEST,790,9212,9148,9211,9212,9275,9211,True
AirQuality,FINAL_TEST,791,9213,9149,9212,9213,9276,9212,True
AirQuality,FINAL_TEST,792,9214,9150,9213,9214,9277,9213,True
AirQuality,FINAL_TEST,793,9215,9151,9214,9215,9278,9214,True
AirQuality,FINAL_TEST,794,9216,9152,9215,9216,9279,9215,True
AirQuality,FINAL_TEST,795,9217,9153,9216,9217,9280,9216,True
AirQuality,FINAL_TEST,796,9218,9154,9217,9218,9281,9217,True
AirQuality,FINAL_TEST,797,9219,9155,9218,9219,9282,9218,True
AirQuality,FINAL_TEST,798,9220,9156,9219,9220,9283,9219,True
AirQuality,FINAL_TEST,799,9221,9157,9220,9221,9284,9220,True
AirQuality,FINAL_TEST,800,9222,9158,9221,9222,9285,9221,True
AirQuality,FINAL_TEST,801,9223,9159,9222,9223,9286,9222,True
AirQuality,FINAL_TEST,802,9224,9160,9223,9224,9287,9223,True
AirQuality,FINAL_TEST,803,9225,9161,9224,9225,9288,9224,True
AirQuality,FINAL_TEST,804,9226,9162,9225,9226,9289,9225,True
AirQuality,FINAL_TEST,805,9227,9163,9226,9227,9290,9226,True
AirQuality,FINAL_TEST,806,9228,9164,9227,9228,9291,9227,True
AirQuality,FINAL_TEST,807,9229,9165,9228,9229,9292,9228,True
AirQuality,FINAL_TEST,808,9230,9166,9229,9230,9293,9229,True
AirQuality,FINAL_TEST,809,9231,9167,9230,9231,9294,9230,True
AirQuality,FINAL_TEST,810,9232,9168,9231,9232,9295,9231,True
AirQuality,FINAL_TEST,811,9233,9169,9232,9233,9296,9232,True
AirQuality,FINAL_TEST,812,9234,9170,9233,9234,9297,9233,True
AirQuality,FINAL_TEST,813,9235,9171,9234,9235,9298,9234,True
AirQuality,FINAL_TEST,814,9236,9172,9235,9236,9299,9235,True
AirQuality,FINAL_TEST,815,9237,9173,9236,9237,9300,9236,True
AirQuality,FINAL_TEST,816,9238,9174,9237,9238,9301,9237,True
AirQuality,FINAL_TEST,817,9239,9175,9238,9239,9302,9238,True
AirQuality,FINAL_TEST,818,9240,9176,9239,9240,9303,9239,True
AirQuality,FINAL_TEST,819,9241,9177,9240,9241,9304,9240,True
AirQuality,FINAL_TEST,820,9242,9178,9241,9242,9305,9241,True
AirQuality,FINAL_TEST,821,9243,9179,9242,9243,9306,9242,True
AirQuality,FINAL_TEST,822,9244,9180,9243,9244,9307,9243,True
AirQuality,FINAL_TEST,823,9245,9181,9244,9245,9308,9244,True
AirQuality,FINAL_TEST,824,9246,9182,9245,9246,9309,9245,True
AirQuality,FINAL_TEST,825,9247,9183,9246,9247,9310,9246,True
AirQuality,FINAL_TEST,826,9248,9184,9247,9248,9311,9247,True
AirQuality,FINAL_TEST,827,9249,9185,9248,9249,9312,9248,True
AirQuality,FINAL_TEST,828,9250,9186,9249,9250,9313,9249,True
AirQuality,FINAL_TEST,829,9251,9187,9250,9251,9314,9250,True
AirQuality,FINAL_TEST,830,9252,9188,9251,9252,9315,9251,True
AirQuality,FINAL_TEST,831,9253,9189,9252,9253,9316,9252,True
AirQuality,FINAL_TEST,832,9254,9190,9253,9254,9317,9253,True
AirQuality,FINAL_TEST,833,9255,9191,9254,9255,9318,9254,True
AirQuality,FINAL_TEST,834,9256,9192,9255,9256,9319,9255,True
AirQuality,FINAL_TEST,835,9257,9193,9256,9257,9320,9256,True
AirQuality,FINAL_TEST,836,9258,9194,9257,9258,9321,9257,True
AirQuality,FINAL_TEST,837,9259,9195,9258,9259,9322,9258,True
AirQuality,FINAL_TEST,838,9260,9196,9259,9260,9323,9259,True
AirQuality,FINAL_TEST,839,9261,9197,9260,9261,9324,9260,True
AirQuality,FINAL_TEST,840,9262,9198,9261,9262,9325,9261,True
AirQuality,FINAL_TEST,841,9263,9199,9262,9263,9326,9262,True
AirQuality,FINAL_TEST,842,9264,9200,9263,9264,9327,9263,True
AirQuality,FINAL_TEST,843,9265,9201,9264,9265,9328,9264,True
AirQuality,FINAL_TEST,844,9266,9202,9265,9266,9329,9265,True
AirQuality,FINAL_TEST,845,9267,9203,9266,9267,9330,9266,True
AirQuality,FINAL_TEST,846,9268,9204,9267,9268,9331,9267,True
AirQuality,FINAL_TEST,847,9269,9205,9268,9269,9332,9268,True
AirQuality,FINAL_TEST,848,9270,9206,9269,9270,9333,9269,True
AirQuality,FINAL_TEST,849,9271,9207,9270,9271,9334,9270,True
AirQuality,FINAL_TEST,850,9272,9208,9271,9272,9335,9271,True
AirQuality,FINAL_TEST,851,9273,9209,9272,9273,9336,9272,True
AirQuality,FINAL_TEST,852,9274,9210,9273,9274,9337,9273,True
AirQuality,FINAL_TEST,853,9275,9211,9274,9275,9338,9274,True
AirQuality,FINAL_TEST,854,9276,9212,9275,9276,9339,9275,True
AirQuality,FINAL_TEST,855,9277,9213,9276,9277,9340,9276,True
AirQuality,FINAL_TEST,856,9278,9214,9277,9278,9341,9277,True
AirQuality,FINAL_TEST,857,9279,9215,9278,9279,9342,9278,True
AirQuality,FINAL_TEST,858,9280,9216,9279,9280,9343,9279,True
AirQuality,FINAL_TEST,859,9281,9217,9280,9281,9344,9280,True
AirQuality,FINAL_TEST,860,9282,9218,9281,9282,9345,9281,True
AirQuality,FINAL_TEST,861,9283,9219,9282,9283,9346,9282,True
AirQuality,FINAL_TEST,862,9284,9220,9283,9284,9347,9283,True
AirQuality,FINAL_TEST,863,9285,9221,9284,9285,9348,9284,True
AirQuality,FINAL_TEST,864,9286,9222,9285,9286,9349,9285,True
AirQuality,FINAL_TEST,865,9287,9223,9286,9287,9350,9286,True
AirQuality,FINAL_TEST,866,9288,9224,9287,9288,9351,9287,True
AirQuality,FINAL_TEST,867,9289,9225,9288,9289,9352,9288,True
AirQuality,FINAL_TEST,868,9290,9226,9289,9290,9353,9289,True
AirQuality,FINAL_TEST,869,9291,9227,9290,9291,9354,9290,True
AirQuality,FINAL_TEST,870,9292,9228,9291,9292,9355,9291,True
AirQuality,FINAL_TEST,871,9293,9229,9292,9293,9356,9292,True
