placement,placement_key,model_seed,draw,metric,evaluator_seed,value,source,reused
E + LastBeforeD,e_last_before_d,0,100000,context_fid,0.0,0.7981567784642593,/path/to/PETS-FFT-Ablation/results/true_unconditional_pets_vs_diffts/confirm/PETS_U/PETS_U_FULL/seed_0/draw_100000/metric_context_fid_0.json,True
E + LastBeforeD,e_last_before_d,0,100000,context_fid,42.0,0.9509754821255882,/path/to/PETS-FFT-Ablation/results/true_unconditional_pets_vs_diffts/confirm/PETS_U/PETS_U_FULL/seed_0/draw_100000/metric_context_fid_42.json,True
E + LastBeforeD,e_last_before_d,0,100000,context_fid,123.0,0.8001334162352705,/path/to/PETS-FFT-Ablation/results/true_unconditional_pets_vs_diffts/confirm/PETS_U/PETS_U_FULL/seed_0/draw_100000/metric_context_fid_123.json,True
E + LastBeforeD,e_last_before_d,0,100000,correlational_score,,0.07344970107078552,/path/to/PETS-FFT-Ablation/results/true_unconditional_pets_vs_diffts/confirm/PETS_U/PETS_U_FULL/seed_0/draw_100000/metric_correlation_score_det.json,True
E + LastBeforeD,e_last_before_d,0,100000,discriminative_score,0.0,0.14329268292682928,/path/to/PETS-FFT-Ablation/results/true_unconditional_pets_vs_diffts/confirm/PETS_U/PETS_U_FULL/seed_0/draw_100000/metric_discriminative_score_0.json,True
E + LastBeforeD,e_last_before_d,0,100000,discriminative_score,42.0,0.1530487804878049,/path/to/PETS-FFT-Ablation/results/true_unconditional_pets_vs_diffts/confirm/PETS_U/PETS_U_FULL/seed_0/draw_100000/metric_discriminative_score_42.json,True
E + LastBeforeD,e_last_before_d,0,100000,discriminative_score,123.0,0.12073170731707317,/path/to/PETS-FFT-Ablation/results/true_unconditional_pets_vs_diffts/confirm/PETS_U/PETS_U_FULL/seed_0/draw_100000/metric_discriminative_score_123.json,True
E + LastBeforeD,e_last_before_d,0,100000,predictive_score,0.0,0.11311502916851168,/path/to/PETS-FFT-Ablation/results/true_unconditional_pets_vs_diffts/confirm/PETS_U/PETS_U_FULL/seed_0/draw_100000/metric_predictive_score_0.json,True
E + LastBeforeD,e_last_before_d,0,100000,predictive_score,42.0,0.12094011942599536,/path/to/PETS-FFT-Ablation/results/true_unconditional_pets_vs_diffts/confirm/PETS_U/PETS_U_FULL/seed_0/draw_100000/metric_predictive_score_42.json,True
E + LastBeforeD,e_last_before_d,0,100000,predictive_score,123.0,0.11468799946442232,/path/to/PETS-FFT-Ablation/results/true_unconditional_pets_vs_diffts/confirm/PETS_U/PETS_U_FULL/seed_0/draw_100000/metric_predictive_score_123.json,True
E + LastBeforeD,e_last_before_d,0,100001,context_fid,0.0,0.7907796175903437,/path/to/PETS-FFT-Ablation/results/true_unconditional_pets_vs_diffts/confirm/PETS_U/PETS_U_FULL/seed_0/draw_100001/metric_context_fid_0.json,True
E + LastBeforeD,e_last_before_d,0,100001,context_fid,42.0,0.9384432728087475,/path/to/PETS-FFT-Ablation/results/true_unconditional_pets_vs_diffts/confirm/PETS_U/PETS_U_FULL/seed_0/draw_100001/metric_context_fid_42.json,True
E + LastBeforeD,e_last_before_d,0,100001,context_fid,123.0,0.7869992989387954,/path/to/PETS-FFT-Ablation/results/true_unconditional_pets_vs_diffts/confirm/PETS_U/PETS_U_FULL/seed_0/draw_100001/metric_context_fid_123.json,True
E + LastBeforeD,e_last_before_d,0,100001,correlational_score,,0.07307009398937225,/path/to/PETS-FFT-Ablation/results/true_unconditional_pets_vs_diffts/confirm/PETS_U/PETS_U_FULL/seed_0/draw_100001/metric_correlation_score_det.json,True
E + LastBeforeD,e_last_before_d,0,100001,discriminative_score,0.0,0.14695121951219514,/path/to/PETS-FFT-Ablation/results/true_unconditional_pets_vs_diffts/confirm/PETS_U/PETS_U_FULL/seed_0/draw_100001/metric_discriminative_score_0.json,True
E + LastBeforeD,e_last_before_d,0,100001,discriminative_score,42.0,0.14878048780487807,/path/to/PETS-FFT-Ablation/results/true_unconditional_pets_vs_diffts/confirm/PETS_U/PETS_U_FULL/seed_0/draw_100001/metric_discriminative_score_42.json,True
E + LastBeforeD,e_last_before_d,0,100001,discriminative_score,123.0,0.12865853658536586,/path/to/PETS-FFT-Ablation/results/true_unconditional_pets_vs_diffts/confirm/PETS_U/PETS_U_FULL/seed_0/draw_100001/metric_discriminative_score_123.json,True
E + LastBeforeD,e_last_before_d,0,100001,predictive_score,0.0,0.11049496885198096,/path/to/PETS-FFT-Ablation/results/true_unconditional_pets_vs_diffts/confirm/PETS_U/PETS_U_FULL/seed_0/draw_100001/metric_predictive_score_0.json,True
E + LastBeforeD,e_last_before_d,0,100001,predictive_score,42.0,0.1214351839430492,/path/to/PETS-FFT-Ablation/results/true_unconditional_pets_vs_diffts/confirm/PETS_U/PETS_U_FULL/seed_0/draw_100001/metric_predictive_score_42.json,True
E + LastBeforeD,e_last_before_d,0,100001,predictive_score,123.0,0.11057806935787085,/path/to/PETS-FFT-Ablation/results/true_unconditional_pets_vs_diffts/confirm/PETS_U/PETS_U_FULL/seed_0/draw_100001/metric_predictive_score_123.json,True
E + LastBeforeD,e_last_before_d,0,100002,context_fid,0.0,0.7824303792527787,/path/to/PETS-FFT-Ablation/results/true_unconditional_pets_vs_diffts/confirm/PETS_U/PETS_U_FULL/seed_0/draw_100002/metric_context_fid_0.json,True
E + LastBeforeD,e_last_before_d,0,100002,context_fid,42.0,0.9316119451943408,/path/to/PETS-FFT-Ablation/results/true_unconditional_pets_vs_diffts/confirm/PETS_U/PETS_U_FULL/seed_0/draw_100002/metric_context_fid_42.json,True
E + LastBeforeD,e_last_before_d,0,100002,context_fid,123.0,0.7893138250458771,/path/to/PETS-FFT-Ablation/results/true_unconditional_pets_vs_diffts/confirm/PETS_U/PETS_U_FULL/seed_0/draw_100002/metric_context_fid_123.json,True
E + LastBeforeD,e_last_before_d,0,100002,correlational_score,,0.06427936255931854,/path/to/PETS-FFT-Ablation/results/true_unconditional_pets_vs_diffts/confirm/PETS_U/PETS_U_FULL/seed_0/draw_100002/metric_correlation_score_det.json,True
E + LastBeforeD,e_last_before_d,0,100002,discriminative_score,0.0,0.1426829268292683,/path/to/PETS-FFT-Ablation/results/true_unconditional_pets_vs_diffts/confirm/PETS_U/PETS_U_FULL/seed_0/draw_100002/metric_discriminative_score_0.json,True
E + LastBeforeD,e_last_before_d,0,100002,discriminative_score,42.0,0.1481707317073171,/path/to/PETS-FFT-Ablation/results/true_unconditional_pets_vs_diffts/confirm/PETS_U/PETS_U_FULL/seed_0/draw_100002/metric_discriminative_score_42.json,True
E + LastBeforeD,e_last_before_d,0,100002,discriminative_score,123.0,0.13475609756097562,/path/to/PETS-FFT-Ablation/results/true_unconditional_pets_vs_diffts/confirm/PETS_U/PETS_U_FULL/seed_0/draw_100002/metric_discriminative_score_123.json,True
E + LastBeforeD,e_last_before_d,0,100002,predictive_score,0.0,0.11184076255176478,/path/to/PETS-FFT-Ablation/results/true_unconditional_pets_vs_diffts/confirm/PETS_U/PETS_U_FULL/seed_0/draw_100002/metric_predictive_score_0.json,True
E + LastBeforeD,e_last_before_d,0,100002,predictive_score,42.0,0.12144531547528459,/path/to/PETS-FFT-Ablation/results/true_unconditional_pets_vs_diffts/confirm/PETS_U/PETS_U_FULL/seed_0/draw_100002/metric_predictive_score_42.json,True
E + LastBeforeD,e_last_before_d,0,100002,predictive_score,123.0,0.11370116911984951,/path/to/PETS-FFT-Ablation/results/true_unconditional_pets_vs_diffts/confirm/PETS_U/PETS_U_FULL/seed_0/draw_100002/metric_predictive_score_123.json,True
E + LastBeforeD,e_last_before_d,0,100003,context_fid,0.0,0.8166263408245426,/path/to/PETS-FFT-Ablation/results/true_unconditional_pets_vs_diffts/confirm/PETS_U/PETS_U_FULL/seed_0/draw_100003/metric_context_fid_0.json,True
E + LastBeforeD,e_last_before_d,0,100003,context_fid,42.0,0.9666488308838433,/path/to/PETS-FFT-Ablation/results/true_unconditional_pets_vs_diffts/confirm/PETS_U/PETS_U_FULL/seed_0/draw_100003/metric_context_fid_42.json,True
E + LastBeforeD,e_last_before_d,0,100003,context_fid,123.0,0.8108499098934067,/path/to/PETS-FFT-Ablation/results/true_unconditional_pets_vs_diffts/confirm/PETS_U/PETS_U_FULL/seed_0/draw_100003/metric_context_fid_123.json,True
E + LastBeforeD,e_last_before_d,0,100003,correlational_score,,0.0705629363656044,/path/to/PETS-FFT-Ablation/results/true_unconditional_pets_vs_diffts/confirm/PETS_U/PETS_U_FULL/seed_0/draw_100003/metric_correlation_score_det.json,True
E + LastBeforeD,e_last_before_d,0,100003,discriminative_score,0.0,0.1737804878048781,/path/to/PETS-FFT-Ablation/results/true_unconditional_pets_vs_diffts/confirm/PETS_U/PETS_U_FULL/seed_0/draw_100003/metric_discriminative_score_0.json,True
E + LastBeforeD,e_last_before_d,0,100003,discriminative_score,42.0,0.16036585365853662,/path/to/PETS-FFT-Ablation/results/true_unconditional_pets_vs_diffts/confirm/PETS_U/PETS_U_FULL/seed_0/draw_100003/metric_discriminative_score_42.json,True
E + LastBeforeD,e_last_before_d,0,100003,discriminative_score,123.0,0.13353658536585367,/path/to/PETS-FFT-Ablation/results/true_unconditional_pets_vs_diffts/confirm/PETS_U/PETS_U_FULL/seed_0/draw_100003/metric_discriminative_score_123.json,True
E + LastBeforeD,e_last_before_d,0,100003,predictive_score,0.0,0.10994074474956506,/path/to/PETS-FFT-Ablation/results/true_unconditional_pets_vs_diffts/confirm/PETS_U/PETS_U_FULL/seed_0/draw_100003/metric_predictive_score_0.json,True
E + LastBeforeD,e_last_before_d,0,100003,predictive_score,42.0,0.12056567825766251,/path/to/PETS-FFT-Ablation/results/true_unconditional_pets_vs_diffts/confirm/PETS_U/PETS_U_FULL/seed_0/draw_100003/metric_predictive_score_42.json,True
E + LastBeforeD,e_last_before_d,0,100003,predictive_score,123.0,0.110599210786404,/path/to/PETS-FFT-Ablation/results/true_unconditional_pets_vs_diffts/confirm/PETS_U/PETS_U_FULL/seed_0/draw_100003/metric_predictive_score_123.json,True
E + LastBeforeD,e_last_before_d,0,100004,context_fid,0.0,0.8049870892682373,/path/to/PETS-FFT-Ablation/results/true_unconditional_pets_vs_diffts/confirm/PETS_U/PETS_U_FULL/seed_0/draw_100004/metric_context_fid_0.json,True
E + LastBeforeD,e_last_before_d,0,100004,context_fid,42.0,0.9506292018049938,/path/to/PETS-FFT-Ablation/results/true_unconditional_pets_vs_diffts/confirm/PETS_U/PETS_U_FULL/seed_0/draw_100004/metric_context_fid_42.json,True
E + LastBeforeD,e_last_before_d,0,100004,context_fid,123.0,0.7982720193228947,/path/to/PETS-FFT-Ablation/results/true_unconditional_pets_vs_diffts/confirm/PETS_U/PETS_U_FULL/seed_0/draw_100004/metric_context_fid_123.json,True
E + LastBeforeD,e_last_before_d,0,100004,correlational_score,,0.06500544399023056,/path/to/PETS-FFT-Ablation/results/true_unconditional_pets_vs_diffts/confirm/PETS_U/PETS_U_FULL/seed_0/draw_100004/metric_correlation_score_det.json,True
E + LastBeforeD,e_last_before_d,0,100004,discriminative_score,0.0,0.1329268292682927,/path/to/PETS-FFT-Ablation/results/true_unconditional_pets_vs_diffts/confirm/PETS_U/PETS_U_FULL/seed_0/draw_100004/metric_discriminative_score_0.json,True
E + LastBeforeD,e_last_before_d,0,100004,discriminative_score,42.0,0.12439024390243902,/path/to/PETS-FFT-Ablation/results/true_unconditional_pets_vs_diffts/confirm/PETS_U/PETS_U_FULL/seed_0/draw_100004/metric_discriminative_score_42.json,True
E + LastBeforeD,e_last_before_d,0,100004,discriminative_score,123.0,0.12865853658536586,/path/to/PETS-FFT-Ablation/results/true_unconditional_pets_vs_diffts/confirm/PETS_U/PETS_U_FULL/seed_0/draw_100004/metric_discriminative_score_123.json,True
E + LastBeforeD,e_last_before_d,0,100004,predictive_score,0.0,0.11162246755156957,/path/to/PETS-FFT-Ablation/results/true_unconditional_pets_vs_diffts/confirm/PETS_U/PETS_U_FULL/seed_0/draw_100004/metric_predictive_score_0.json,True
E + LastBeforeD,e_last_before_d,0,100004,predictive_score,42.0,0.12157062643564132,/path/to/PETS-FFT-Ablation/results/true_unconditional_pets_vs_diffts/confirm/PETS_U/PETS_U_FULL/seed_0/draw_100004/metric_predictive_score_42.json,True
E + LastBeforeD,e_last_before_d,0,100004,predictive_score,123.0,0.11026296967474991,/path/to/PETS-FFT-Ablation/results/true_unconditional_pets_vs_diffts/confirm/PETS_U/PETS_U_FULL/seed_0/draw_100004/metric_predictive_score_123.json,True
E + LastBeforeD,e_last_before_d,42,100000,context_fid,0.0,0.8781545367118873,/path/to/PETS-FFT-Ablation/results/true_unconditional_pets_vs_diffts/confirm/PETS_U/PETS_U_FULL/seed_42/draw_100000/metric_context_fid_0.json,True
E + LastBeforeD,e_last_before_d,42,100000,context_fid,42.0,1.0311015375926333,/path/to/PETS-FFT-Ablation/results/true_unconditional_pets_vs_diffts/confirm/PETS_U/PETS_U_FULL/seed_42/draw_100000/metric_context_fid_42.json,True
E + LastBeforeD,e_last_before_d,42,100000,context_fid,123.0,0.8636553528302551,/path/to/PETS-FFT-Ablation/results/true_unconditional_pets_vs_diffts/confirm/PETS_U/PETS_U_FULL/seed_42/draw_100000/metric_context_fid_123.json,True
E + LastBeforeD,e_last_before_d,42,100000,correlational_score,,0.08497141301631927,/path/to/PETS-FFT-Ablation/results/true_unconditional_pets_vs_diffts/confirm/PETS_U/PETS_U_FULL/seed_42/draw_100000/metric_correlation_score_det.json,True
E + LastBeforeD,e_last_before_d,42,100000,discriminative_score,0.0,0.14390243902439026,/path/to/PETS-FFT-Ablation/results/true_unconditional_pets_vs_diffts/confirm/PETS_U/PETS_U_FULL/seed_42/draw_100000/metric_discriminative_score_0.json,True
E + LastBeforeD,e_last_before_d,42,100000,discriminative_score,42.0,0.14878048780487807,/path/to/PETS-FFT-Ablation/results/true_unconditional_pets_vs_diffts/confirm/PETS_U/PETS_U_FULL/seed_42/draw_100000/metric_discriminative_score_42.json,True
E + LastBeforeD,e_last_before_d,42,100000,discriminative_score,123.0,0.10304878048780486,/path/to/PETS-FFT-Ablation/results/true_unconditional_pets_vs_diffts/confirm/PETS_U/PETS_U_FULL/seed_42/draw_100000/metric_discriminative_score_123.json,True
E + LastBeforeD,e_last_before_d,42,100000,predictive_score,0.0,0.11268127756648028,/path/to/PETS-FFT-Ablation/results/true_unconditional_pets_vs_diffts/confirm/PETS_U/PETS_U_FULL/seed_42/draw_100000/metric_predictive_score_0.json,True
E + LastBeforeD,e_last_before_d,42,100000,predictive_score,42.0,0.12070911748878643,/path/to/PETS-FFT-Ablation/results/true_unconditional_pets_vs_diffts/confirm/PETS_U/PETS_U_FULL/seed_42/draw_100000/metric_predictive_score_42.json,True
E + LastBeforeD,e_last_before_d,42,100000,predictive_score,123.0,0.11798424786275064,/path/to/PETS-FFT-Ablation/results/true_unconditional_pets_vs_diffts/confirm/PETS_U/PETS_U_FULL/seed_42/draw_100000/metric_predictive_score_123.json,True
E + LastBeforeD,e_last_before_d,42,100001,context_fid,0.0,0.8887146203116383,/path/to/PETS-FFT-Ablation/results/true_unconditional_pets_vs_diffts/confirm/PETS_U/PETS_U_FULL/seed_42/draw_100001/metric_context_fid_0.json,True
E + LastBeforeD,e_last_before_d,42,100001,context_fid,42.0,1.0406403314503552,/path/to/PETS-FFT-Ablation/results/true_unconditional_pets_vs_diffts/confirm/PETS_U/PETS_U_FULL/seed_42/draw_100001/metric_context_fid_42.json,True
E + LastBeforeD,e_last_before_d,42,100001,context_fid,123.0,0.8707281473659145,/path/to/PETS-FFT-Ablation/results/true_unconditional_pets_vs_diffts/confirm/PETS_U/PETS_U_FULL/seed_42/draw_100001/metric_context_fid_123.json,True
E + LastBeforeD,e_last_before_d,42,100001,correlational_score,,0.08915133029222488,/path/to/PETS-FFT-Ablation/results/true_unconditional_pets_vs_diffts/confirm/PETS_U/PETS_U_FULL/seed_42/draw_100001/metric_correlation_score_det.json,True
E + LastBeforeD,e_last_before_d,42,100001,discriminative_score,0.0,0.14085365853658538,/path/to/PETS-FFT-Ablation/results/true_unconditional_pets_vs_diffts/confirm/PETS_U/PETS_U_FULL/seed_42/draw_100001/metric_discriminative_score_0.json,True
E + LastBeforeD,e_last_before_d,42,100001,discriminative_score,42.0,0.14329268292682928,/path/to/PETS-FFT-Ablation/results/true_unconditional_pets_vs_diffts/confirm/PETS_U/PETS_U_FULL/seed_42/draw_100001/metric_discriminative_score_42.json,True
E + LastBeforeD,e_last_before_d,42,100001,discriminative_score,123.0,0.1274390243902439,/path/to/PETS-FFT-Ablation/results/true_unconditional_pets_vs_diffts/confirm/PETS_U/PETS_U_FULL/seed_42/draw_100001/metric_discriminative_score_123.json,True
E + LastBeforeD,e_last_before_d,42,100001,predictive_score,0.0,0.11081301246485964,/path/to/PETS-FFT-Ablation/results/true_unconditional_pets_vs_diffts/confirm/PETS_U/PETS_U_FULL/seed_42/draw_100001/metric_predictive_score_0.json,True
E + LastBeforeD,e_last_before_d,42,100001,predictive_score,42.0,0.1215875761154166,/path/to/PETS-FFT-Ablation/results/true_unconditional_pets_vs_diffts/confirm/PETS_U/PETS_U_FULL/seed_42/draw_100001/metric_predictive_score_42.json,True
E + LastBeforeD,e_last_before_d,42,100001,predictive_score,123.0,0.11319234748816598,/path/to/PETS-FFT-Ablation/results/true_unconditional_pets_vs_diffts/confirm/PETS_U/PETS_U_FULL/seed_42/draw_100001/metric_predictive_score_123.json,True
E + LastBeforeD,e_last_before_d,42,100002,context_fid,0.0,0.8517932920700577,/path/to/PETS-FFT-Ablation/results/true_unconditional_pets_vs_diffts/confirm/PETS_U/PETS_U_FULL/seed_42/draw_100002/metric_context_fid_0.json,True
E + LastBeforeD,e_last_before_d,42,100002,context_fid,42.0,1.0025410956378786,/path/to/PETS-FFT-Ablation/results/true_unconditional_pets_vs_diffts/confirm/PETS_U/PETS_U_FULL/seed_42/draw_100002/metric_context_fid_42.json,True
E + LastBeforeD,e_last_before_d,42,100002,context_fid,123.0,0.8394754512530442,/path/to/PETS-FFT-Ablation/results/true_unconditional_pets_vs_diffts/confirm/PETS_U/PETS_U_FULL/seed_42/draw_100002/metric_context_fid_123.json,True
E + LastBeforeD,e_last_before_d,42,100002,correlational_score,,0.0772329568862915,/path/to/PETS-FFT-Ablation/results/true_unconditional_pets_vs_diffts/confirm/PETS_U/PETS_U_FULL/seed_42/draw_100002/metric_correlation_score_det.json,True
E + LastBeforeD,e_last_before_d,42,100002,discriminative_score,0.0,0.16402439024390247,/path/to/PETS-FFT-Ablation/results/true_unconditional_pets_vs_diffts/confirm/PETS_U/PETS_U_FULL/seed_42/draw_100002/metric_discriminative_score_0.json,True
E + LastBeforeD,e_last_before_d,42,100002,discriminative_score,42.0,0.14451219512195124,/path/to/PETS-FFT-Ablation/results/true_unconditional_pets_vs_diffts/confirm/PETS_U/PETS_U_FULL/seed_42/draw_100002/metric_discriminative_score_42.json,True
E + LastBeforeD,e_last_before_d,42,100002,discriminative_score,123.0,0.13414634146341464,/path/to/PETS-FFT-Ablation/results/true_unconditional_pets_vs_diffts/confirm/PETS_U/PETS_U_FULL/seed_42/draw_100002/metric_discriminative_score_123.json,True
E + LastBeforeD,e_last_before_d,42,100002,predictive_score,0.0,0.11202425144210792,/path/to/PETS-FFT-Ablation/results/true_unconditional_pets_vs_diffts/confirm/PETS_U/PETS_U_FULL/seed_42/draw_100002/metric_predictive_score_0.json,True
E + LastBeforeD,e_last_before_d,42,100002,predictive_score,42.0,0.12145156254700851,/path/to/PETS-FFT-Ablation/results/true_unconditional_pets_vs_diffts/confirm/PETS_U/PETS_U_FULL/seed_42/draw_100002/metric_predictive_score_42.json,True
E + LastBeforeD,e_last_before_d,42,100002,predictive_score,123.0,0.11915329030989597,/path/to/PETS-FFT-Ablation/results/true_unconditional_pets_vs_diffts/confirm/PETS_U/PETS_U_FULL/seed_42/draw_100002/metric_predictive_score_123.json,True
E + LastBeforeD,e_last_before_d,42,100003,context_fid,0.0,0.8738901220092069,/path/to/PETS-FFT-Ablation/results/true_unconditional_pets_vs_diffts/confirm/PETS_U/PETS_U_FULL/seed_42/draw_100003/metric_context_fid_0.json,True
E + LastBeforeD,e_last_before_d,42,100003,context_fid,42.0,1.024660242750285,/path/to/PETS-FFT-Ablation/results/true_unconditional_pets_vs_diffts/confirm/PETS_U/PETS_U_FULL/seed_42/draw_100003/metric_context_fid_42.json,True
E + LastBeforeD,e_last_before_d,42,100003,context_fid,123.0,0.8574736001541108,/path/to/PETS-FFT-Ablation/results/true_unconditional_pets_vs_diffts/confirm/PETS_U/PETS_U_FULL/seed_42/draw_100003/metric_context_fid_123.json,True
E + LastBeforeD,e_last_before_d,42,100003,correlational_score,,0.08274417370557785,/path/to/PETS-FFT-Ablation/results/true_unconditional_pets_vs_diffts/confirm/PETS_U/PETS_U_FULL/seed_42/draw_100003/metric_correlation_score_det.json,True
E + LastBeforeD,e_last_before_d,42,100003,discriminative_score,0.0,0.16280487804878052,/path/to/PETS-FFT-Ablation/results/true_unconditional_pets_vs_diffts/confirm/PETS_U/PETS_U_FULL/seed_42/draw_100003/metric_discriminative_score_0.json,True
E + LastBeforeD,e_last_before_d,42,100003,discriminative_score,42.0,0.15182926829268295,/path/to/PETS-FFT-Ablation/results/true_unconditional_pets_vs_diffts/confirm/PETS_U/PETS_U_FULL/seed_42/draw_100003/metric_discriminative_score_42.json,True
E + LastBeforeD,e_last_before_d,42,100003,discriminative_score,123.0,0.14451219512195124,/path/to/PETS-FFT-Ablation/results/true_unconditional_pets_vs_diffts/confirm/PETS_U/PETS_U_FULL/seed_42/draw_100003/metric_discriminative_score_123.json,True
E + LastBeforeD,e_last_before_d,42,100003,predictive_score,0.0,0.10974535529749119,/path/to/PETS-FFT-Ablation/results/true_unconditional_pets_vs_diffts/confirm/PETS_U/PETS_U_FULL/seed_42/draw_100003/metric_predictive_score_0.json,True
E + LastBeforeD,e_last_before_d,42,100003,predictive_score,42.0,0.1202923361579451,/path/to/PETS-FFT-Ablation/results/true_unconditional_pets_vs_diffts/confirm/PETS_U/PETS_U_FULL/seed_42/draw_100003/metric_predictive_score_42.json,True
E + LastBeforeD,e_last_before_d,42,100003,predictive_score,123.0,0.11239992003174848,/path/to/PETS-FFT-Ablation/results/true_unconditional_pets_vs_diffts/confirm/PETS_U/PETS_U_FULL/seed_42/draw_100003/metric_predictive_score_123.json,True
E + LastBeforeD,e_last_before_d,42,100004,context_fid,0.0,0.8776346425707526,/path/to/PETS-FFT-Ablation/results/true_unconditional_pets_vs_diffts/confirm/PETS_U/PETS_U_FULL/seed_42/draw_100004/metric_context_fid_0.json,True
E + LastBeforeD,e_last_before_d,42,100004,context_fid,42.0,1.0218733932414255,/path/to/PETS-FFT-Ablation/results/true_unconditional_pets_vs_diffts/confirm/PETS_U/PETS_U_FULL/seed_42/draw_100004/metric_context_fid_42.json,True
E + LastBeforeD,e_last_before_d,42,100004,context_fid,123.0,0.8541633298875712,/path/to/PETS-FFT-Ablation/results/true_unconditional_pets_vs_diffts/confirm/PETS_U/PETS_U_FULL/seed_42/draw_100004/metric_context_fid_123.json,True
E + LastBeforeD,e_last_before_d,42,100004,correlational_score,,0.08232295513153076,/path/to/PETS-FFT-Ablation/results/true_unconditional_pets_vs_diffts/confirm/PETS_U/PETS_U_FULL/seed_42/draw_100004/metric_correlation_score_det.json,True
E + LastBeforeD,e_last_before_d,42,100004,discriminative_score,0.0,0.13597560975609757,/path/to/PETS-FFT-Ablation/results/true_unconditional_pets_vs_diffts/confirm/PETS_U/PETS_U_FULL/seed_42/draw_100004/metric_discriminative_score_0.json,True
E + LastBeforeD,e_last_before_d,42,100004,discriminative_score,42.0,0.1329268292682927,/path/to/PETS-FFT-Ablation/results/true_unconditional_pets_vs_diffts/confirm/PETS_U/PETS_U_FULL/seed_42/draw_100004/metric_discriminative_score_42.json,True
E + LastBeforeD,e_last_before_d,42,100004,discriminative_score,123.0,0.125,/path/to/PETS-FFT-Ablation/results/true_unconditional_pets_vs_diffts/confirm/PETS_U/PETS_U_FULL/seed_42/draw_100004/metric_discriminative_score_123.json,True
E + LastBeforeD,e_last_before_d,42,100004,predictive_score,0.0,0.10965916679651855,/path/to/PETS-FFT-Ablation/results/true_unconditional_pets_vs_diffts/confirm/PETS_U/PETS_U_FULL/seed_42/draw_100004/metric_predictive_score_0.json,True
E + LastBeforeD,e_last_before_d,42,100004,predictive_score,42.0,0.12067910061523435,/path/to/PETS-FFT-Ablation/results/true_unconditional_pets_vs_diffts/confirm/PETS_U/PETS_U_FULL/seed_42/draw_100004/metric_predictive_score_42.json,True
E + LastBeforeD,e_last_before_d,42,100004,predictive_score,123.0,0.11042622602099073,/path/to/PETS-FFT-Ablation/results/true_unconditional_pets_vs_diffts/confirm/PETS_U/PETS_U_FULL/seed_42/draw_100004/metric_predictive_score_123.json,True
E + LastBeforeD,e_last_before_d,123,100000,context_fid,0.0,0.8984438474411185,/path/to/PETS-FFT-Ablation/results/true_unconditional_pets_vs_diffts/confirm/PETS_U/PETS_U_FULL/seed_123/draw_100000/metric_context_fid_0.json,True
E + LastBeforeD,e_last_before_d,123,100000,context_fid,42.0,1.0580534963933381,/path/to/PETS-FFT-Ablation/results/true_unconditional_pets_vs_diffts/confirm/PETS_U/PETS_U_FULL/seed_123/draw_100000/metric_context_fid_42.json,True
E + LastBeforeD,e_last_before_d,123,100000,context_fid,123.0,0.8738548235830866,/path/to/PETS-FFT-Ablation/results/true_unconditional_pets_vs_diffts/confirm/PETS_U/PETS_U_FULL/seed_123/draw_100000/metric_context_fid_123.json,True
E + LastBeforeD,e_last_before_d,123,100000,correlational_score,,0.08096780627965927,/path/to/PETS-FFT-Ablation/results/true_unconditional_pets_vs_diffts/confirm/PETS_U/PETS_U_FULL/seed_123/draw_100000/metric_correlation_score_det.json,True
E + LastBeforeD,e_last_before_d,123,100000,discriminative_score,0.0,0.17500000000000004,/path/to/PETS-FFT-Ablation/results/true_unconditional_pets_vs_diffts/confirm/PETS_U/PETS_U_FULL/seed_123/draw_100000/metric_discriminative_score_0.json,True
E + LastBeforeD,e_last_before_d,123,100000,discriminative_score,42.0,0.17804878048780493,/path/to/PETS-FFT-Ablation/results/true_unconditional_pets_vs_diffts/confirm/PETS_U/PETS_U_FULL/seed_123/draw_100000/metric_discriminative_score_42.json,True
E + LastBeforeD,e_last_before_d,123,100000,discriminative_score,123.0,0.14207317073170733,/path/to/PETS-FFT-Ablation/results/true_unconditional_pets_vs_diffts/confirm/PETS_U/PETS_U_FULL/seed_123/draw_100000/metric_discriminative_score_123.json,True
E + LastBeforeD,e_last_before_d,123,100000,predictive_score,0.0,0.11153477071957241,/path/to/PETS-FFT-Ablation/results/true_unconditional_pets_vs_diffts/confirm/PETS_U/PETS_U_FULL/seed_123/draw_100000/metric_predictive_score_0.json,True
E + LastBeforeD,e_last_before_d,123,100000,predictive_score,42.0,0.12231770522384977,/path/to/PETS-FFT-Ablation/results/true_unconditional_pets_vs_diffts/confirm/PETS_U/PETS_U_FULL/seed_123/draw_100000/metric_predictive_score_42.json,True
E + LastBeforeD,e_last_before_d,123,100000,predictive_score,123.0,0.11589425813644993,/path/to/PETS-FFT-Ablation/results/true_unconditional_pets_vs_diffts/confirm/PETS_U/PETS_U_FULL/seed_123/draw_100000/metric_predictive_score_123.json,True
E + LastBeforeD,e_last_before_d,123,100001,context_fid,0.0,0.8794093371143431,/path/to/PETS-FFT-Ablation/results/true_unconditional_pets_vs_diffts/confirm/PETS_U/PETS_U_FULL/seed_123/draw_100001/metric_context_fid_0.json,True
E + LastBeforeD,e_last_before_d,123,100001,context_fid,42.0,1.0275462847781434,/path/to/PETS-FFT-Ablation/results/true_unconditional_pets_vs_diffts/confirm/PETS_U/PETS_U_FULL/seed_123/draw_100001/metric_context_fid_42.json,True
E + LastBeforeD,e_last_before_d,123,100001,context_fid,123.0,0.8573009904458156,/path/to/PETS-FFT-Ablation/results/true_unconditional_pets_vs_diffts/confirm/PETS_U/PETS_U_FULL/seed_123/draw_100001/metric_context_fid_123.json,True
E + LastBeforeD,e_last_before_d,123,100001,correlational_score,,0.08538179099559784,/path/to/PETS-FFT-Ablation/results/true_unconditional_pets_vs_diffts/confirm/PETS_U/PETS_U_FULL/seed_123/draw_100001/metric_correlation_score_det.json,True
E + LastBeforeD,e_last_before_d,123,100001,discriminative_score,0.0,0.16768292682926833,/path/to/PETS-FFT-Ablation/results/true_unconditional_pets_vs_diffts/confirm/PETS_U/PETS_U_FULL/seed_123/draw_100001/metric_discriminative_score_0.json,True
E + LastBeforeD,e_last_before_d,123,100001,discriminative_score,42.0,0.16646341463414638,/path/to/PETS-FFT-Ablation/results/true_unconditional_pets_vs_diffts/confirm/PETS_U/PETS_U_FULL/seed_123/draw_100001/metric_discriminative_score_42.json,True
E + LastBeforeD,e_last_before_d,123,100001,discriminative_score,123.0,0.1530487804878049,/path/to/PETS-FFT-Ablation/results/true_unconditional_pets_vs_diffts/confirm/PETS_U/PETS_U_FULL/seed_123/draw_100001/metric_discriminative_score_123.json,True
E + LastBeforeD,e_last_before_d,123,100001,predictive_score,0.0,0.10965743393717275,/path/to/PETS-FFT-Ablation/results/true_unconditional_pets_vs_diffts/confirm/PETS_U/PETS_U_FULL/seed_123/draw_100001/metric_predictive_score_0.json,True
E + LastBeforeD,e_last_before_d,123,100001,predictive_score,42.0,0.12195610737899187,/path/to/PETS-FFT-Ablation/results/true_unconditional_pets_vs_diffts/confirm/PETS_U/PETS_U_FULL/seed_123/draw_100001/metric_predictive_score_42.json,True
E + LastBeforeD,e_last_before_d,123,100001,predictive_score,123.0,0.11004951633822202,/path/to/PETS-FFT-Ablation/results/true_unconditional_pets_vs_diffts/confirm/PETS_U/PETS_U_FULL/seed_123/draw_100001/metric_predictive_score_123.json,True
E + LastBeforeD,e_last_before_d,123,100002,context_fid,0.0,0.8714089173146515,/path/to/PETS-FFT-Ablation/results/true_unconditional_pets_vs_diffts/confirm/PETS_U/PETS_U_FULL/seed_123/draw_100002/metric_context_fid_0.json,True
E + LastBeforeD,e_last_before_d,123,100002,context_fid,42.0,1.0199159609132056,/path/to/PETS-FFT-Ablation/results/true_unconditional_pets_vs_diffts/confirm/PETS_U/PETS_U_FULL/seed_123/draw_100002/metric_context_fid_42.json,True
E + LastBeforeD,e_last_before_d,123,100002,context_fid,123.0,0.8500812732283991,/path/to/PETS-FFT-Ablation/results/true_unconditional_pets_vs_diffts/confirm/PETS_U/PETS_U_FULL/seed_123/draw_100002/metric_context_fid_123.json,True
E + LastBeforeD,e_last_before_d,123,100002,correlational_score,,0.0739242434501648,/path/to/PETS-FFT-Ablation/results/true_unconditional_pets_vs_diffts/confirm/PETS_U/PETS_U_FULL/seed_123/draw_100002/metric_correlation_score_det.json,True
E + LastBeforeD,e_last_before_d,123,100002,discriminative_score,0.0,0.1713414634146342,/path/to/PETS-FFT-Ablation/results/true_unconditional_pets_vs_diffts/confirm/PETS_U/PETS_U_FULL/seed_123/draw_100002/metric_discriminative_score_0.json,True
E + LastBeforeD,e_last_before_d,123,100002,discriminative_score,42.0,0.1682926829268293,/path/to/PETS-FFT-Ablation/results/true_unconditional_pets_vs_diffts/confirm/PETS_U/PETS_U_FULL/seed_123/draw_100002/metric_discriminative_score_42.json,True
E + LastBeforeD,e_last_before_d,123,100002,discriminative_score,123.0,0.15609756097560978,/path/to/PETS-FFT-Ablation/results/true_unconditional_pets_vs_diffts/confirm/PETS_U/PETS_U_FULL/seed_123/draw_100002/metric_discriminative_score_123.json,True
E + LastBeforeD,e_last_before_d,123,100002,predictive_score,0.0,0.11093662898019829,/path/to/PETS-FFT-Ablation/results/true_unconditional_pets_vs_diffts/confirm/PETS_U/PETS_U_FULL/seed_123/draw_100002/metric_predictive_score_0.json,True
E + LastBeforeD,e_last_before_d,123,100002,predictive_score,42.0,0.1231584624442803,/path/to/PETS-FFT-Ablation/results/true_unconditional_pets_vs_diffts/confirm/PETS_U/PETS_U_FULL/seed_123/draw_100002/metric_predictive_score_42.json,True
E + LastBeforeD,e_last_before_d,123,100002,predictive_score,123.0,0.11850559479307776,/path/to/PETS-FFT-Ablation/results/true_unconditional_pets_vs_diffts/confirm/PETS_U/PETS_U_FULL/seed_123/draw_100002/metric_predictive_score_123.json,True
E + LastBeforeD,e_last_before_d,123,100003,context_fid,0.0,0.9172539190808273,/path/to/PETS-FFT-Ablation/results/true_unconditional_pets_vs_diffts/confirm/PETS_U/PETS_U_FULL/seed_123/draw_100003/metric_context_fid_0.json,True
E + LastBeforeD,e_last_before_d,123,100003,context_fid,42.0,1.0732991917574703,/path/to/PETS-FFT-Ablation/results/true_unconditional_pets_vs_diffts/confirm/PETS_U/PETS_U_FULL/seed_123/draw_100003/metric_context_fid_42.json,True
E + LastBeforeD,e_last_before_d,123,100003,context_fid,123.0,0.8903201766058204,/path/to/PETS-FFT-Ablation/results/true_unconditional_pets_vs_diffts/confirm/PETS_U/PETS_U_FULL/seed_123/draw_100003/metric_context_fid_123.json,True
E + LastBeforeD,e_last_before_d,123,100003,correlational_score,,0.07988603413105011,/path/to/PETS-FFT-Ablation/results/true_unconditional_pets_vs_diffts/confirm/PETS_U/PETS_U_FULL/seed_123/draw_100003/metric_correlation_score_det.json,True
E + LastBeforeD,e_last_before_d,123,100003,discriminative_score,0.0,0.18048780487804883,/path/to/PETS-FFT-Ablation/results/true_unconditional_pets_vs_diffts/confirm/PETS_U/PETS_U_FULL/seed_123/draw_100003/metric_discriminative_score_0.json,True
E + LastBeforeD,e_last_before_d,123,100003,discriminative_score,42.0,0.17804878048780493,/path/to/PETS-FFT-Ablation/results/true_unconditional_pets_vs_diffts/confirm/PETS_U/PETS_U_FULL/seed_123/draw_100003/metric_discriminative_score_42.json,True
E + LastBeforeD,e_last_before_d,123,100003,discriminative_score,123.0,0.17195121951219516,/path/to/PETS-FFT-Ablation/results/true_unconditional_pets_vs_diffts/confirm/PETS_U/PETS_U_FULL/seed_123/draw_100003/metric_discriminative_score_123.json,True
E + LastBeforeD,e_last_before_d,123,100003,predictive_score,0.0,0.10905618485776358,/path/to/PETS-FFT-Ablation/results/true_unconditional_pets_vs_diffts/confirm/PETS_U/PETS_U_FULL/seed_123/draw_100003/metric_predictive_score_0.json,True
E + LastBeforeD,e_last_before_d,123,100003,predictive_score,42.0,0.12187477342376951,/path/to/PETS-FFT-Ablation/results/true_unconditional_pets_vs_diffts/confirm/PETS_U/PETS_U_FULL/seed_123/draw_100003/metric_predictive_score_42.json,True
E + LastBeforeD,e_last_before_d,123,100003,predictive_score,123.0,0.1153964142345103,/path/to/PETS-FFT-Ablation/results/true_unconditional_pets_vs_diffts/confirm/PETS_U/PETS_U_FULL/seed_123/draw_100003/metric_predictive_score_123.json,True
E + LastBeforeD,e_last_before_d,123,100004,context_fid,0.0,0.8975967509772411,/path/to/PETS-FFT-Ablation/results/true_unconditional_pets_vs_diffts/confirm/PETS_U/PETS_U_FULL/seed_123/draw_100004/metric_context_fid_0.json,True
E + LastBeforeD,e_last_before_d,123,100004,context_fid,42.0,1.045524137047757,/path/to/PETS-FFT-Ablation/results/true_unconditional_pets_vs_diffts/confirm/PETS_U/PETS_U_FULL/seed_123/draw_100004/metric_context_fid_42.json,True
E + LastBeforeD,e_last_before_d,123,100004,context_fid,123.0,0.8676615394501438,/path/to/PETS-FFT-Ablation/results/true_unconditional_pets_vs_diffts/confirm/PETS_U/PETS_U_FULL/seed_123/draw_100004/metric_context_fid_123.json,True
E + LastBeforeD,e_last_before_d,123,100004,correlational_score,,0.08023259788751602,/path/to/PETS-FFT-Ablation/results/true_unconditional_pets_vs_diffts/confirm/PETS_U/PETS_U_FULL/seed_123/draw_100004/metric_correlation_score_det.json,True
E + LastBeforeD,e_last_before_d,123,100004,discriminative_score,0.0,0.1634146341463415,/path/to/PETS-FFT-Ablation/results/true_unconditional_pets_vs_diffts/confirm/PETS_U/PETS_U_FULL/seed_123/draw_100004/metric_discriminative_score_0.json,True
E + LastBeforeD,e_last_before_d,123,100004,discriminative_score,42.0,0.1426829268292683,/path/to/PETS-FFT-Ablation/results/true_unconditional_pets_vs_diffts/confirm/PETS_U/PETS_U_FULL/seed_123/draw_100004/metric_discriminative_score_42.json,True
E + LastBeforeD,e_last_before_d,123,100004,discriminative_score,123.0,0.16036585365853662,/path/to/PETS-FFT-Ablation/results/true_unconditional_pets_vs_diffts/confirm/PETS_U/PETS_U_FULL/seed_123/draw_100004/metric_discriminative_score_123.json,True
E + LastBeforeD,e_last_before_d,123,100004,predictive_score,0.0,0.10995846238756712,/path/to/PETS-FFT-Ablation/results/true_unconditional_pets_vs_diffts/confirm/PETS_U/PETS_U_FULL/seed_123/draw_100004/metric_predictive_score_0.json,True
E + LastBeforeD,e_last_before_d,123,100004,predictive_score,42.0,0.12244194546656217,/path/to/PETS-FFT-Ablation/results/true_unconditional_pets_vs_diffts/confirm/PETS_U/PETS_U_FULL/seed_123/draw_100004/metric_predictive_score_42.json,True
E + LastBeforeD,e_last_before_d,123,100004,predictive_score,123.0,0.10839743462838669,/path/to/PETS-FFT-Ablation/results/true_unconditional_pets_vs_diffts/confirm/PETS_U/PETS_U_FULL/seed_123/draw_100004/metric_predictive_score_123.json,True
E + MidD,e_mid_d,0,100000,context_fid,0.0,0.6474074780315143,/path/to/PETS-FFT-Ablation/results/reviewer2_timesblock_placement_etth128_v2/generation/e_mid_d/seed_0/draw_100000/metric_context_fid_0.json,False
E + MidD,e_mid_d,0,100000,context_fid,42.0,0.7620011957622779,/path/to/PETS-FFT-Ablation/results/reviewer2_timesblock_placement_etth128_v2/generation/e_mid_d/seed_0/draw_100000/metric_context_fid_42.json,False
E + MidD,e_mid_d,0,100000,context_fid,123.0,0.636143212254628,/path/to/PETS-FFT-Ablation/results/reviewer2_timesblock_placement_etth128_v2/generation/e_mid_d/seed_0/draw_100000/metric_context_fid_123.json,False
E + MidD,e_mid_d,0,100000,correlational_score,,0.07743536680936813,/path/to/PETS-FFT-Ablation/results/reviewer2_timesblock_placement_etth128_v2/generation/e_mid_d/seed_0/draw_100000/metric_correlational_score_det.json,False
E + MidD,e_mid_d,0,100000,discriminative_score,0.0,0.13048780487804879,/path/to/PETS-FFT-Ablation/results/reviewer2_timesblock_placement_etth128_v2/generation/e_mid_d/seed_0/draw_100000/metric_discriminative_score_0.json,False
E + MidD,e_mid_d,0,100000,discriminative_score,42.0,0.14878048780487807,/path/to/PETS-FFT-Ablation/results/reviewer2_timesblock_placement_etth128_v2/generation/e_mid_d/seed_0/draw_100000/metric_discriminative_score_42.json,False
E + MidD,e_mid_d,0,100000,discriminative_score,123.0,0.09573170731707314,/path/to/PETS-FFT-Ablation/results/reviewer2_timesblock_placement_etth128_v2/generation/e_mid_d/seed_0/draw_100000/metric_discriminative_score_123.json,False
E + MidD,e_mid_d,0,100000,predictive_score,0.0,0.10870147695732157,/path/to/PETS-FFT-Ablation/results/reviewer2_timesblock_placement_etth128_v2/generation/e_mid_d/seed_0/draw_100000/metric_predictive_score_0.json,False
E + MidD,e_mid_d,0,100000,predictive_score,42.0,0.1207824307489318,/path/to/PETS-FFT-Ablation/results/reviewer2_timesblock_placement_etth128_v2/generation/e_mid_d/seed_0/draw_100000/metric_predictive_score_42.json,False
E + MidD,e_mid_d,0,100000,predictive_score,123.0,0.1157110511785504,/path/to/PETS-FFT-Ablation/results/reviewer2_timesblock_placement_etth128_v2/generation/e_mid_d/seed_0/draw_100000/metric_predictive_score_123.json,False
E + MidD,e_mid_d,0,100001,context_fid,0.0,0.6944630556998882,/path/to/PETS-FFT-Ablation/results/reviewer2_timesblock_placement_etth128_v2/generation/e_mid_d/seed_0/draw_100001/metric_context_fid_0.json,False
E + MidD,e_mid_d,0,100001,context_fid,42.0,0.8237229946175371,/path/to/PETS-FFT-Ablation/results/reviewer2_timesblock_placement_etth128_v2/generation/e_mid_d/seed_0/draw_100001/metric_context_fid_42.json,False
E + MidD,e_mid_d,0,100001,context_fid,123.0,0.6875452438626343,/path/to/PETS-FFT-Ablation/results/reviewer2_timesblock_placement_etth128_v2/generation/e_mid_d/seed_0/draw_100001/metric_context_fid_123.json,False
E + MidD,e_mid_d,0,100001,correlational_score,,0.08332657068967819,/path/to/PETS-FFT-Ablation/results/reviewer2_timesblock_placement_etth128_v2/generation/e_mid_d/seed_0/draw_100001/metric_correlational_score_det.json,False
E + MidD,e_mid_d,0,100001,discriminative_score,0.0,0.12134146341463414,/path/to/PETS-FFT-Ablation/results/reviewer2_timesblock_placement_etth128_v2/generation/e_mid_d/seed_0/draw_100001/metric_discriminative_score_0.json,False
E + MidD,e_mid_d,0,100001,discriminative_score,42.0,0.14207317073170733,/path/to/PETS-FFT-Ablation/results/reviewer2_timesblock_placement_etth128_v2/generation/e_mid_d/seed_0/draw_100001/metric_discriminative_score_42.json,False
E + MidD,e_mid_d,0,100001,discriminative_score,123.0,0.10853658536585364,/path/to/PETS-FFT-Ablation/results/reviewer2_timesblock_placement_etth128_v2/generation/e_mid_d/seed_0/draw_100001/metric_discriminative_score_123.json,False
E + MidD,e_mid_d,0,100001,predictive_score,0.0,0.10891342828108463,/path/to/PETS-FFT-Ablation/results/reviewer2_timesblock_placement_etth128_v2/generation/e_mid_d/seed_0/draw_100001/metric_predictive_score_0.json,False
E + MidD,e_mid_d,0,100001,predictive_score,42.0,0.12238908497283774,/path/to/PETS-FFT-Ablation/results/reviewer2_timesblock_placement_etth128_v2/generation/e_mid_d/seed_0/draw_100001/metric_predictive_score_42.json,False
E + MidD,e_mid_d,0,100001,predictive_score,123.0,0.11493488642099692,/path/to/PETS-FFT-Ablation/results/reviewer2_timesblock_placement_etth128_v2/generation/e_mid_d/seed_0/draw_100001/metric_predictive_score_123.json,False
E + MidD,e_mid_d,0,100002,context_fid,0.0,0.6554493541740021,/path/to/PETS-FFT-Ablation/results/reviewer2_timesblock_placement_etth128_v2/generation/e_mid_d/seed_0/draw_100002/metric_context_fid_0.json,False
E + MidD,e_mid_d,0,100002,context_fid,42.0,0.7756786191414411,/path/to/PETS-FFT-Ablation/results/reviewer2_timesblock_placement_etth128_v2/generation/e_mid_d/seed_0/draw_100002/metric_context_fid_42.json,False
E + MidD,e_mid_d,0,100002,context_fid,123.0,0.6533005643487386,/path/to/PETS-FFT-Ablation/results/reviewer2_timesblock_placement_etth128_v2/generation/e_mid_d/seed_0/draw_100002/metric_context_fid_123.json,False
E + MidD,e_mid_d,0,100002,correlational_score,,0.084272101521492,/path/to/PETS-FFT-Ablation/results/reviewer2_timesblock_placement_etth128_v2/generation/e_mid_d/seed_0/draw_100002/metric_correlational_score_det.json,False
E + MidD,e_mid_d,0,100002,discriminative_score,0.0,0.12621951219512195,/path/to/PETS-FFT-Ablation/results/reviewer2_timesblock_placement_etth128_v2/generation/e_mid_d/seed_0/draw_100002/metric_discriminative_score_0.json,False
E + MidD,e_mid_d,0,100002,discriminative_score,42.0,0.13841463414634148,/path/to/PETS-FFT-Ablation/results/reviewer2_timesblock_placement_etth128_v2/generation/e_mid_d/seed_0/draw_100002/metric_discriminative_score_42.json,False
E + MidD,e_mid_d,0,100002,discriminative_score,123.0,0.11890243902439024,/path/to/PETS-FFT-Ablation/results/reviewer2_timesblock_placement_etth128_v2/generation/e_mid_d/seed_0/draw_100002/metric_discriminative_score_123.json,False
E + MidD,e_mid_d,0,100002,predictive_score,0.0,0.10922890139318042,/path/to/PETS-FFT-Ablation/results/reviewer2_timesblock_placement_etth128_v2/generation/e_mid_d/seed_0/draw_100002/metric_predictive_score_0.json,False
E + MidD,e_mid_d,0,100002,predictive_score,42.0,0.12060633821420197,/path/to/PETS-FFT-Ablation/results/reviewer2_timesblock_placement_etth128_v2/generation/e_mid_d/seed_0/draw_100002/metric_predictive_score_42.json,False
E + MidD,e_mid_d,0,100002,predictive_score,123.0,0.12199715904716868,/path/to/PETS-FFT-Ablation/results/reviewer2_timesblock_placement_etth128_v2/generation/e_mid_d/seed_0/draw_100002/metric_predictive_score_123.json,False
E + MidD,e_mid_d,0,100003,context_fid,0.0,0.65610328566988,/path/to/PETS-FFT-Ablation/results/reviewer2_timesblock_placement_etth128_v2/generation/e_mid_d/seed_0/draw_100003/metric_context_fid_0.json,False
E + MidD,e_mid_d,0,100003,context_fid,42.0,0.7787667843854533,/path/to/PETS-FFT-Ablation/results/reviewer2_timesblock_placement_etth128_v2/generation/e_mid_d/seed_0/draw_100003/metric_context_fid_42.json,False
E + MidD,e_mid_d,0,100003,context_fid,123.0,0.657670231643787,/path/to/PETS-FFT-Ablation/results/reviewer2_timesblock_placement_etth128_v2/generation/e_mid_d/seed_0/draw_100003/metric_context_fid_123.json,False
E + MidD,e_mid_d,0,100003,correlational_score,,0.08209769427776337,/path/to/PETS-FFT-Ablation/results/reviewer2_timesblock_placement_etth128_v2/generation/e_mid_d/seed_0/draw_100003/metric_correlational_score_det.json,False
E + MidD,e_mid_d,0,100003,discriminative_score,0.0,0.14756097560975612,/path/to/PETS-FFT-Ablation/results/reviewer2_timesblock_placement_etth128_v2/generation/e_mid_d/seed_0/draw_100003/metric_discriminative_score_0.json,False
E + MidD,e_mid_d,0,100003,discriminative_score,42.0,0.14390243902439026,/path/to/PETS-FFT-Ablation/results/reviewer2_timesblock_placement_etth128_v2/generation/e_mid_d/seed_0/draw_100003/metric_discriminative_score_42.json,False
E + MidD,e_mid_d,0,100003,discriminative_score,123.0,0.12439024390243902,/path/to/PETS-FFT-Ablation/results/reviewer2_timesblock_placement_etth128_v2/generation/e_mid_d/seed_0/draw_100003/metric_discriminative_score_123.json,False
E + MidD,e_mid_d,0,100003,predictive_score,0.0,0.10848874286102728,/path/to/PETS-FFT-Ablation/results/reviewer2_timesblock_placement_etth128_v2/generation/e_mid_d/seed_0/draw_100003/metric_predictive_score_0.json,False
E + MidD,e_mid_d,0,100003,predictive_score,42.0,0.11946943208749872,/path/to/PETS-FFT-Ablation/results/reviewer2_timesblock_placement_etth128_v2/generation/e_mid_d/seed_0/draw_100003/metric_predictive_score_42.json,False
E + MidD,e_mid_d,0,100003,predictive_score,123.0,0.11333712144687524,/path/to/PETS-FFT-Ablation/results/reviewer2_timesblock_placement_etth128_v2/generation/e_mid_d/seed_0/draw_100003/metric_predictive_score_123.json,False
E + MidD,e_mid_d,0,100004,context_fid,0.0,0.6856599259350439,/path/to/PETS-FFT-Ablation/results/reviewer2_timesblock_placement_etth128_v2/generation/e_mid_d/seed_0/draw_100004/metric_context_fid_0.json,False
E + MidD,e_mid_d,0,100004,context_fid,42.0,0.8115370493845679,/path/to/PETS-FFT-Ablation/results/reviewer2_timesblock_placement_etth128_v2/generation/e_mid_d/seed_0/draw_100004/metric_context_fid_42.json,False
E + MidD,e_mid_d,0,100004,context_fid,123.0,0.6735127928077281,/path/to/PETS-FFT-Ablation/results/reviewer2_timesblock_placement_etth128_v2/generation/e_mid_d/seed_0/draw_100004/metric_context_fid_123.json,False
E + MidD,e_mid_d,0,100004,correlational_score,,0.06951238214969635,/path/to/PETS-FFT-Ablation/results/reviewer2_timesblock_placement_etth128_v2/generation/e_mid_d/seed_0/draw_100004/metric_correlational_score_det.json,False
E + MidD,e_mid_d,0,100004,discriminative_score,0.0,0.14756097560975612,/path/to/PETS-FFT-Ablation/results/reviewer2_timesblock_placement_etth128_v2/generation/e_mid_d/seed_0/draw_100004/metric_discriminative_score_0.json,False
E + MidD,e_mid_d,0,100004,discriminative_score,42.0,0.12865853658536586,/path/to/PETS-FFT-Ablation/results/reviewer2_timesblock_placement_etth128_v2/generation/e_mid_d/seed_0/draw_100004/metric_discriminative_score_42.json,False
E + MidD,e_mid_d,0,100004,discriminative_score,123.0,0.10792682926829267,/path/to/PETS-FFT-Ablation/results/reviewer2_timesblock_placement_etth128_v2/generation/e_mid_d/seed_0/draw_100004/metric_discriminative_score_123.json,False
E + MidD,e_mid_d,0,100004,predictive_score,0.0,0.1090583434393011,/path/to/PETS-FFT-Ablation/results/reviewer2_timesblock_placement_etth128_v2/generation/e_mid_d/seed_0/draw_100004/metric_predictive_score_0.json,False
E + MidD,e_mid_d,0,100004,predictive_score,42.0,0.12047790899850952,/path/to/PETS-FFT-Ablation/results/reviewer2_timesblock_placement_etth128_v2/generation/e_mid_d/seed_0/draw_100004/metric_predictive_score_42.json,False
E + MidD,e_mid_d,0,100004,predictive_score,123.0,0.11664617060068849,/path/to/PETS-FFT-Ablation/results/reviewer2_timesblock_placement_etth128_v2/generation/e_mid_d/seed_0/draw_100004/metric_predictive_score_123.json,False
E + MidD,e_mid_d,42,100000,context_fid,0.0,0.6980372981212396,/path/to/PETS-FFT-Ablation/results/reviewer2_timesblock_placement_etth128_v2/generation/e_mid_d/seed_42/draw_100000/metric_context_fid_0.json,False
E + MidD,e_mid_d,42,100000,context_fid,42.0,0.8025165504562636,/path/to/PETS-FFT-Ablation/results/reviewer2_timesblock_placement_etth128_v2/generation/e_mid_d/seed_42/draw_100000/metric_context_fid_42.json,False
E + MidD,e_mid_d,42,100000,context_fid,123.0,0.6628393286998637,/path/to/PETS-FFT-Ablation/results/reviewer2_timesblock_placement_etth128_v2/generation/e_mid_d/seed_42/draw_100000/metric_context_fid_123.json,False
E + MidD,e_mid_d,42,100000,correlational_score,,0.09050637483596802,/path/to/PETS-FFT-Ablation/results/reviewer2_timesblock_placement_etth128_v2/generation/e_mid_d/seed_42/draw_100000/metric_correlational_score_det.json,False
E + MidD,e_mid_d,42,100000,discriminative_score,0.0,0.13353658536585367,/path/to/PETS-FFT-Ablation/results/reviewer2_timesblock_placement_etth128_v2/generation/e_mid_d/seed_42/draw_100000/metric_discriminative_score_0.json,False
E + MidD,e_mid_d,42,100000,discriminative_score,42.0,0.125,/path/to/PETS-FFT-Ablation/results/reviewer2_timesblock_placement_etth128_v2/generation/e_mid_d/seed_42/draw_100000/metric_discriminative_score_42.json,False
E + MidD,e_mid_d,42,100000,discriminative_score,123.0,0.0817073170731707,/path/to/PETS-FFT-Ablation/results/reviewer2_timesblock_placement_etth128_v2/generation/e_mid_d/seed_42/draw_100000/metric_discriminative_score_123.json,False
E + MidD,e_mid_d,42,100000,predictive_score,0.0,0.11049941950204811,/path/to/PETS-FFT-Ablation/results/reviewer2_timesblock_placement_etth128_v2/generation/e_mid_d/seed_42/draw_100000/metric_predictive_score_0.json,False
E + MidD,e_mid_d,42,100000,predictive_score,42.0,0.12115071416474166,/path/to/PETS-FFT-Ablation/results/reviewer2_timesblock_placement_etth128_v2/generation/e_mid_d/seed_42/draw_100000/metric_predictive_score_42.json,False
E + MidD,e_mid_d,42,100000,predictive_score,123.0,0.11475794288389807,/path/to/PETS-FFT-Ablation/results/reviewer2_timesblock_placement_etth128_v2/generation/e_mid_d/seed_42/draw_100000/metric_predictive_score_123.json,False
E + MidD,e_mid_d,42,100001,context_fid,0.0,0.7473911230421784,/path/to/PETS-FFT-Ablation/results/reviewer2_timesblock_placement_etth128_v2/generation/e_mid_d/seed_42/draw_100001/metric_context_fid_0.json,False
E + MidD,e_mid_d,42,100001,context_fid,42.0,0.8621284921706456,/path/to/PETS-FFT-Ablation/results/reviewer2_timesblock_placement_etth128_v2/generation/e_mid_d/seed_42/draw_100001/metric_context_fid_42.json,False
E + MidD,e_mid_d,42,100001,context_fid,123.0,0.7139045741152366,/path/to/PETS-FFT-Ablation/results/reviewer2_timesblock_placement_etth128_v2/generation/e_mid_d/seed_42/draw_100001/metric_context_fid_123.json,False
E + MidD,e_mid_d,42,100001,correlational_score,,0.09239854663610458,/path/to/PETS-FFT-Ablation/results/reviewer2_timesblock_placement_etth128_v2/generation/e_mid_d/seed_42/draw_100001/metric_correlational_score_det.json,False
E + MidD,e_mid_d,42,100001,discriminative_score,0.0,0.12439024390243902,/path/to/PETS-FFT-Ablation/results/reviewer2_timesblock_placement_etth128_v2/generation/e_mid_d/seed_42/draw_100001/metric_discriminative_score_0.json,False
E + MidD,e_mid_d,42,100001,discriminative_score,42.0,0.1451219512195122,/path/to/PETS-FFT-Ablation/results/reviewer2_timesblock_placement_etth128_v2/generation/e_mid_d/seed_42/draw_100001/metric_discriminative_score_42.json,False
E + MidD,e_mid_d,42,100001,discriminative_score,123.0,0.13597560975609757,/path/to/PETS-FFT-Ablation/results/reviewer2_timesblock_placement_etth128_v2/generation/e_mid_d/seed_42/draw_100001/metric_discriminative_score_123.json,False
E + MidD,e_mid_d,42,100001,predictive_score,0.0,0.10967055237870227,/path/to/PETS-FFT-Ablation/results/reviewer2_timesblock_placement_etth128_v2/generation/e_mid_d/seed_42/draw_100001/metric_predictive_score_0.json,False
E + MidD,e_mid_d,42,100001,predictive_score,42.0,0.12271096756830957,/path/to/PETS-FFT-Ablation/results/reviewer2_timesblock_placement_etth128_v2/generation/e_mid_d/seed_42/draw_100001/metric_predictive_score_42.json,False
E + MidD,e_mid_d,42,100001,predictive_score,123.0,0.11112344349112391,/path/to/PETS-FFT-Ablation/results/reviewer2_timesblock_placement_etth128_v2/generation/e_mid_d/seed_42/draw_100001/metric_predictive_score_123.json,False
E + MidD,e_mid_d,42,100002,context_fid,0.0,0.7016738035825192,/path/to/PETS-FFT-Ablation/results/reviewer2_timesblock_placement_etth128_v2/generation/e_mid_d/seed_42/draw_100002/metric_context_fid_0.json,False
E + MidD,e_mid_d,42,100002,context_fid,42.0,0.8099293377814857,/path/to/PETS-FFT-Ablation/results/reviewer2_timesblock_placement_etth128_v2/generation/e_mid_d/seed_42/draw_100002/metric_context_fid_42.json,False
E + MidD,e_mid_d,42,100002,context_fid,123.0,0.6729154247242495,/path/to/PETS-FFT-Ablation/results/reviewer2_timesblock_placement_etth128_v2/generation/e_mid_d/seed_42/draw_100002/metric_context_fid_123.json,False
E + MidD,e_mid_d,42,100002,correlational_score,,0.09588087350130081,/path/to/PETS-FFT-Ablation/results/reviewer2_timesblock_placement_etth128_v2/generation/e_mid_d/seed_42/draw_100002/metric_correlational_score_det.json,False
E + MidD,e_mid_d,42,100002,discriminative_score,0.0,0.13353658536585367,/path/to/PETS-FFT-Ablation/results/reviewer2_timesblock_placement_etth128_v2/generation/e_mid_d/seed_42/draw_100002/metric_discriminative_score_0.json,False
E + MidD,e_mid_d,42,100002,discriminative_score,42.0,0.14756097560975612,/path/to/PETS-FFT-Ablation/results/reviewer2_timesblock_placement_etth128_v2/generation/e_mid_d/seed_42/draw_100002/metric_discriminative_score_42.json,False
E + MidD,e_mid_d,42,100002,discriminative_score,123.0,0.1554878048780488,/path/to/PETS-FFT-Ablation/results/reviewer2_timesblock_placement_etth128_v2/generation/e_mid_d/seed_42/draw_100002/metric_discriminative_score_123.json,False
E + MidD,e_mid_d,42,100002,predictive_score,0.0,0.10995688339926346,/path/to/PETS-FFT-Ablation/results/reviewer2_timesblock_placement_etth128_v2/generation/e_mid_d/seed_42/draw_100002/metric_predictive_score_0.json,False
E + MidD,e_mid_d,42,100002,predictive_score,42.0,0.12162446690854267,/path/to/PETS-FFT-Ablation/results/reviewer2_timesblock_placement_etth128_v2/generation/e_mid_d/seed_42/draw_100002/metric_predictive_score_42.json,False
E + MidD,e_mid_d,42,100002,predictive_score,123.0,0.11832298512263151,/path/to/PETS-FFT-Ablation/results/reviewer2_timesblock_placement_etth128_v2/generation/e_mid_d/seed_42/draw_100002/metric_predictive_score_123.json,False
E + MidD,e_mid_d,42,100003,context_fid,0.0,0.6814204533944186,/path/to/PETS-FFT-Ablation/results/reviewer2_timesblock_placement_etth128_v2/generation/e_mid_d/seed_42/draw_100003/metric_context_fid_0.json,False
E + MidD,e_mid_d,42,100003,context_fid,42.0,0.7898564997326833,/path/to/PETS-FFT-Ablation/results/reviewer2_timesblock_placement_etth128_v2/generation/e_mid_d/seed_42/draw_100003/metric_context_fid_42.json,False
E + MidD,e_mid_d,42,100003,context_fid,123.0,0.6574029624628042,/path/to/PETS-FFT-Ablation/results/reviewer2_timesblock_placement_etth128_v2/generation/e_mid_d/seed_42/draw_100003/metric_context_fid_123.json,False
E + MidD,e_mid_d,42,100003,correlational_score,,0.09594379365444183,/path/to/PETS-FFT-Ablation/results/reviewer2_timesblock_placement_etth128_v2/generation/e_mid_d/seed_42/draw_100003/metric_correlational_score_det.json,False
E + MidD,e_mid_d,42,100003,discriminative_score,0.0,0.1298780487804878,/path/to/PETS-FFT-Ablation/results/reviewer2_timesblock_placement_etth128_v2/generation/e_mid_d/seed_42/draw_100003/metric_discriminative_score_0.json,False
E + MidD,e_mid_d,42,100003,discriminative_score,42.0,0.13109756097560976,/path/to/PETS-FFT-Ablation/results/reviewer2_timesblock_placement_etth128_v2/generation/e_mid_d/seed_42/draw_100003/metric_discriminative_score_42.json,False
E + MidD,e_mid_d,42,100003,discriminative_score,123.0,0.14329268292682928,/path/to/PETS-FFT-Ablation/results/reviewer2_timesblock_placement_etth128_v2/generation/e_mid_d/seed_42/draw_100003/metric_discriminative_score_123.json,False
E + MidD,e_mid_d,42,100003,predictive_score,0.0,0.11030958149967773,/path/to/PETS-FFT-Ablation/results/reviewer2_timesblock_placement_etth128_v2/generation/e_mid_d/seed_42/draw_100003/metric_predictive_score_0.json,False
E + MidD,e_mid_d,42,100003,predictive_score,42.0,0.12116465338385751,/path/to/PETS-FFT-Ablation/results/reviewer2_timesblock_placement_etth128_v2/generation/e_mid_d/seed_42/draw_100003/metric_predictive_score_42.json,False
E + MidD,e_mid_d,42,100003,predictive_score,123.0,0.14171624300934127,/path/to/PETS-FFT-Ablation/results/reviewer2_timesblock_placement_etth128_v2/generation/e_mid_d/seed_42/draw_100003/metric_predictive_score_123.json,False
E + MidD,e_mid_d,42,100004,context_fid,0.0,0.7371507524417021,/path/to/PETS-FFT-Ablation/results/reviewer2_timesblock_placement_etth128_v2/generation/e_mid_d/seed_42/draw_100004/metric_context_fid_0.json,False
E + MidD,e_mid_d,42,100004,context_fid,42.0,0.8533716981573538,/path/to/PETS-FFT-Ablation/results/reviewer2_timesblock_placement_etth128_v2/generation/e_mid_d/seed_42/draw_100004/metric_context_fid_42.json,False
E + MidD,e_mid_d,42,100004,context_fid,123.0,0.7002057139663938,/path/to/PETS-FFT-Ablation/results/reviewer2_timesblock_placement_etth128_v2/generation/e_mid_d/seed_42/draw_100004/metric_context_fid_123.json,False
E + MidD,e_mid_d,42,100004,correlational_score,,0.08348771929740906,/path/to/PETS-FFT-Ablation/results/reviewer2_timesblock_placement_etth128_v2/generation/e_mid_d/seed_42/draw_100004/metric_correlational_score_det.json,False
E + MidD,e_mid_d,42,100004,discriminative_score,0.0,0.14634146341463417,/path/to/PETS-FFT-Ablation/results/reviewer2_timesblock_placement_etth128_v2/generation/e_mid_d/seed_42/draw_100004/metric_discriminative_score_0.json,False
E + MidD,e_mid_d,42,100004,discriminative_score,42.0,0.11768292682926829,/path/to/PETS-FFT-Ablation/results/reviewer2_timesblock_placement_etth128_v2/generation/e_mid_d/seed_42/draw_100004/metric_discriminative_score_42.json,False
E + MidD,e_mid_d,42,100004,discriminative_score,123.0,0.10792682926829267,/path/to/PETS-FFT-Ablation/results/reviewer2_timesblock_placement_etth128_v2/generation/e_mid_d/seed_42/draw_100004/metric_discriminative_score_123.json,False
E + MidD,e_mid_d,42,100004,predictive_score,0.0,0.11037056521990962,/path/to/PETS-FFT-Ablation/results/reviewer2_timesblock_placement_etth128_v2/generation/e_mid_d/seed_42/draw_100004/metric_predictive_score_0.json,False
E + MidD,e_mid_d,42,100004,predictive_score,42.0,0.12113430800945935,/path/to/PETS-FFT-Ablation/results/reviewer2_timesblock_placement_etth128_v2/generation/e_mid_d/seed_42/draw_100004/metric_predictive_score_42.json,False
E + MidD,e_mid_d,42,100004,predictive_score,123.0,0.11355756908233161,/path/to/PETS-FFT-Ablation/results/reviewer2_timesblock_placement_etth128_v2/generation/e_mid_d/seed_42/draw_100004/metric_predictive_score_123.json,False
E + MidD,e_mid_d,123,100000,context_fid,0.0,0.7891317428954995,/path/to/PETS-FFT-Ablation/results/reviewer2_timesblock_placement_etth128_v2/generation/e_mid_d/seed_123/draw_100000/metric_context_fid_0.json,False
E + MidD,e_mid_d,123,100000,context_fid,42.0,0.9320221829927013,/path/to/PETS-FFT-Ablation/results/reviewer2_timesblock_placement_etth128_v2/generation/e_mid_d/seed_123/draw_100000/metric_context_fid_42.json,False
E + MidD,e_mid_d,123,100000,context_fid,123.0,0.7871467509720387,/path/to/PETS-FFT-Ablation/results/reviewer2_timesblock_placement_etth128_v2/generation/e_mid_d/seed_123/draw_100000/metric_context_fid_123.json,False
E + MidD,e_mid_d,123,100000,correlational_score,,0.09607098996639252,/path/to/PETS-FFT-Ablation/results/reviewer2_timesblock_placement_etth128_v2/generation/e_mid_d/seed_123/draw_100000/metric_correlational_score_det.json,False
E + MidD,e_mid_d,123,100000,discriminative_score,0.0,0.14207317073170733,/path/to/PETS-FFT-Ablation/results/reviewer2_timesblock_placement_etth128_v2/generation/e_mid_d/seed_123/draw_100000/metric_discriminative_score_0.json,False
E + MidD,e_mid_d,123,100000,discriminative_score,42.0,0.11829268292682926,/path/to/PETS-FFT-Ablation/results/reviewer2_timesblock_placement_etth128_v2/generation/e_mid_d/seed_123/draw_100000/metric_discriminative_score_42.json,False
E + MidD,e_mid_d,123,100000,discriminative_score,123.0,0.10060975609756095,/path/to/PETS-FFT-Ablation/results/reviewer2_timesblock_placement_etth128_v2/generation/e_mid_d/seed_123/draw_100000/metric_discriminative_score_123.json,False
E + MidD,e_mid_d,123,100000,predictive_score,0.0,0.11153548820448123,/path/to/PETS-FFT-Ablation/results/reviewer2_timesblock_placement_etth128_v2/generation/e_mid_d/seed_123/draw_100000/metric_predictive_score_0.json,False
E + MidD,e_mid_d,123,100000,predictive_score,42.0,0.12215014932462509,/path/to/PETS-FFT-Ablation/results/reviewer2_timesblock_placement_etth128_v2/generation/e_mid_d/seed_123/draw_100000/metric_predictive_score_42.json,False
E + MidD,e_mid_d,123,100000,predictive_score,123.0,0.115929605105066,/path/to/PETS-FFT-Ablation/results/reviewer2_timesblock_placement_etth128_v2/generation/e_mid_d/seed_123/draw_100000/metric_predictive_score_123.json,False
E + MidD,e_mid_d,123,100001,context_fid,0.0,0.8181559139423698,/path/to/PETS-FFT-Ablation/results/reviewer2_timesblock_placement_etth128_v2/generation/e_mid_d/seed_123/draw_100001/metric_context_fid_0.json,False
E + MidD,e_mid_d,123,100001,context_fid,42.0,0.9676691306419964,/path/to/PETS-FFT-Ablation/results/reviewer2_timesblock_placement_etth128_v2/generation/e_mid_d/seed_123/draw_100001/metric_context_fid_42.json,False
E + MidD,e_mid_d,123,100001,context_fid,123.0,0.8240134548267477,/path/to/PETS-FFT-Ablation/results/reviewer2_timesblock_placement_etth128_v2/generation/e_mid_d/seed_123/draw_100001/metric_context_fid_123.json,False
E + MidD,e_mid_d,123,100001,correlational_score,,0.10145249217748642,/path/to/PETS-FFT-Ablation/results/reviewer2_timesblock_placement_etth128_v2/generation/e_mid_d/seed_123/draw_100001/metric_correlational_score_det.json,False
E + MidD,e_mid_d,123,100001,discriminative_score,0.0,0.12378048780487805,/path/to/PETS-FFT-Ablation/results/reviewer2_timesblock_placement_etth128_v2/generation/e_mid_d/seed_123/draw_100001/metric_discriminative_score_0.json,False
E + MidD,e_mid_d,123,100001,discriminative_score,42.0,0.11890243902439024,/path/to/PETS-FFT-Ablation/results/reviewer2_timesblock_placement_etth128_v2/generation/e_mid_d/seed_123/draw_100001/metric_discriminative_score_42.json,False
E + MidD,e_mid_d,123,100001,discriminative_score,123.0,0.10060975609756095,/path/to/PETS-FFT-Ablation/results/reviewer2_timesblock_placement_etth128_v2/generation/e_mid_d/seed_123/draw_100001/metric_discriminative_score_123.json,False
E + MidD,e_mid_d,123,100001,predictive_score,0.0,0.11047436482931516,/path/to/PETS-FFT-Ablation/results/reviewer2_timesblock_placement_etth128_v2/generation/e_mid_d/seed_123/draw_100001/metric_predictive_score_0.json,False
E + MidD,e_mid_d,123,100001,predictive_score,42.0,0.1239073004680904,/path/to/PETS-FFT-Ablation/results/reviewer2_timesblock_placement_etth128_v2/generation/e_mid_d/seed_123/draw_100001/metric_predictive_score_42.json,False
E + MidD,e_mid_d,123,100001,predictive_score,123.0,0.1188737028437572,/path/to/PETS-FFT-Ablation/results/reviewer2_timesblock_placement_etth128_v2/generation/e_mid_d/seed_123/draw_100001/metric_predictive_score_123.json,False
E + MidD,e_mid_d,123,100002,context_fid,0.0,0.7827681158131887,/path/to/PETS-FFT-Ablation/results/reviewer2_timesblock_placement_etth128_v2/generation/e_mid_d/seed_123/draw_100002/metric_context_fid_0.json,False
E + MidD,e_mid_d,123,100002,context_fid,42.0,0.9245414685290378,/path/to/PETS-FFT-Ablation/results/reviewer2_timesblock_placement_etth128_v2/generation/e_mid_d/seed_123/draw_100002/metric_context_fid_42.json,False
E + MidD,e_mid_d,123,100002,context_fid,123.0,0.7922151805481856,/path/to/PETS-FFT-Ablation/results/reviewer2_timesblock_placement_etth128_v2/generation/e_mid_d/seed_123/draw_100002/metric_context_fid_123.json,False
E + MidD,e_mid_d,123,100002,correlational_score,,0.1007813811302185,/path/to/PETS-FFT-Ablation/results/reviewer2_timesblock_placement_etth128_v2/generation/e_mid_d/seed_123/draw_100002/metric_correlational_score_det.json,False
E + MidD,e_mid_d,123,100002,discriminative_score,0.0,0.13475609756097562,/path/to/PETS-FFT-Ablation/results/reviewer2_timesblock_placement_etth128_v2/generation/e_mid_d/seed_123/draw_100002/metric_discriminative_score_0.json,False
E + MidD,e_mid_d,123,100002,discriminative_score,42.0,0.1554878048780488,/path/to/PETS-FFT-Ablation/results/reviewer2_timesblock_placement_etth128_v2/generation/e_mid_d/seed_123/draw_100002/metric_discriminative_score_42.json,False
E + MidD,e_mid_d,123,100002,discriminative_score,123.0,0.1225609756097561,/path/to/PETS-FFT-Ablation/results/reviewer2_timesblock_placement_etth128_v2/generation/e_mid_d/seed_123/draw_100002/metric_discriminative_score_123.json,False
E + MidD,e_mid_d,123,100002,predictive_score,0.0,0.11158682366522044,/path/to/PETS-FFT-Ablation/results/reviewer2_timesblock_placement_etth128_v2/generation/e_mid_d/seed_123/draw_100002/metric_predictive_score_0.json,False
E + MidD,e_mid_d,123,100002,predictive_score,42.0,0.12237043337336218,/path/to/PETS-FFT-Ablation/results/reviewer2_timesblock_placement_etth128_v2/generation/e_mid_d/seed_123/draw_100002/metric_predictive_score_42.json,False
E + MidD,e_mid_d,123,100002,predictive_score,123.0,0.11447187628300526,/path/to/PETS-FFT-Ablation/results/reviewer2_timesblock_placement_etth128_v2/generation/e_mid_d/seed_123/draw_100002/metric_predictive_score_123.json,False
E + MidD,e_mid_d,123,100003,context_fid,0.0,0.7785328228214021,/path/to/PETS-FFT-Ablation/results/reviewer2_timesblock_placement_etth128_v2/generation/e_mid_d/seed_123/draw_100003/metric_context_fid_0.json,False
E + MidD,e_mid_d,123,100003,context_fid,42.0,0.9194169576146343,/path/to/PETS-FFT-Ablation/results/reviewer2_timesblock_placement_etth128_v2/generation/e_mid_d/seed_123/draw_100003/metric_context_fid_42.json,False
E + MidD,e_mid_d,123,100003,context_fid,123.0,0.7869919404728264,/path/to/PETS-FFT-Ablation/results/reviewer2_timesblock_placement_etth128_v2/generation/e_mid_d/seed_123/draw_100003/metric_context_fid_123.json,False
E + MidD,e_mid_d,123,100003,correlational_score,,0.09941891580820084,/path/to/PETS-FFT-Ablation/results/reviewer2_timesblock_placement_etth128_v2/generation/e_mid_d/seed_123/draw_100003/metric_correlational_score_det.json,False
E + MidD,e_mid_d,123,100003,discriminative_score,0.0,0.1481707317073171,/path/to/PETS-FFT-Ablation/results/reviewer2_timesblock_placement_etth128_v2/generation/e_mid_d/seed_123/draw_100003/metric_discriminative_score_0.json,False
E + MidD,e_mid_d,123,100003,discriminative_score,42.0,0.13109756097560976,/path/to/PETS-FFT-Ablation/results/reviewer2_timesblock_placement_etth128_v2/generation/e_mid_d/seed_123/draw_100003/metric_discriminative_score_42.json,False
E + MidD,e_mid_d,123,100003,discriminative_score,123.0,0.13475609756097562,/path/to/PETS-FFT-Ablation/results/reviewer2_timesblock_placement_etth128_v2/generation/e_mid_d/seed_123/draw_100003/metric_discriminative_score_123.json,False
E + MidD,e_mid_d,123,100003,predictive_score,0.0,0.11086496672396606,/path/to/PETS-FFT-Ablation/results/reviewer2_timesblock_placement_etth128_v2/generation/e_mid_d/seed_123/draw_100003/metric_predictive_score_0.json,False
E + MidD,e_mid_d,123,100003,predictive_score,42.0,0.12127549136084781,/path/to/PETS-FFT-Ablation/results/reviewer2_timesblock_placement_etth128_v2/generation/e_mid_d/seed_123/draw_100003/metric_predictive_score_42.json,False
E + MidD,e_mid_d,123,100003,predictive_score,123.0,0.11046902588032026,/path/to/PETS-FFT-Ablation/results/reviewer2_timesblock_placement_etth128_v2/generation/e_mid_d/seed_123/draw_100003/metric_predictive_score_123.json,False
E + MidD,e_mid_d,123,100004,context_fid,0.0,0.8329827380980674,/path/to/PETS-FFT-Ablation/results/reviewer2_timesblock_placement_etth128_v2/generation/e_mid_d/seed_123/draw_100004/metric_context_fid_0.json,False
E + MidD,e_mid_d,123,100004,context_fid,42.0,0.9872364595934878,/path/to/PETS-FFT-Ablation/results/reviewer2_timesblock_placement_etth128_v2/generation/e_mid_d/seed_123/draw_100004/metric_context_fid_42.json,False
E + MidD,e_mid_d,123,100004,context_fid,123.0,0.8317326262357748,/path/to/PETS-FFT-Ablation/results/reviewer2_timesblock_placement_etth128_v2/generation/e_mid_d/seed_123/draw_100004/metric_context_fid_123.json,False
E + MidD,e_mid_d,123,100004,correlational_score,,0.09028129279613495,/path/to/PETS-FFT-Ablation/results/reviewer2_timesblock_placement_etth128_v2/generation/e_mid_d/seed_123/draw_100004/metric_correlational_score_det.json,False
E + MidD,e_mid_d,123,100004,discriminative_score,0.0,0.1426829268292683,/path/to/PETS-FFT-Ablation/results/reviewer2_timesblock_placement_etth128_v2/generation/e_mid_d/seed_123/draw_100004/metric_discriminative_score_0.json,False
E + MidD,e_mid_d,123,100004,discriminative_score,42.0,0.09817073170731705,/path/to/PETS-FFT-Ablation/results/reviewer2_timesblock_placement_etth128_v2/generation/e_mid_d/seed_123/draw_100004/metric_discriminative_score_42.json,False
E + MidD,e_mid_d,123,100004,discriminative_score,123.0,0.11280487804878048,/path/to/PETS-FFT-Ablation/results/reviewer2_timesblock_placement_etth128_v2/generation/e_mid_d/seed_123/draw_100004/metric_discriminative_score_123.json,False
E + MidD,e_mid_d,123,100004,predictive_score,0.0,0.11087068162123614,/path/to/PETS-FFT-Ablation/results/reviewer2_timesblock_placement_etth128_v2/generation/e_mid_d/seed_123/draw_100004/metric_predictive_score_0.json,False
E + MidD,e_mid_d,123,100004,predictive_score,42.0,0.12225128519003192,/path/to/PETS-FFT-Ablation/results/reviewer2_timesblock_placement_etth128_v2/generation/e_mid_d/seed_123/draw_100004/metric_predictive_score_42.json,False
E + MidD,e_mid_d,123,100004,predictive_score,123.0,0.11188823132988546,/path/to/PETS-FFT-Ablation/results/reviewer2_timesblock_placement_etth128_v2/generation/e_mid_d/seed_123/draw_100004/metric_predictive_score_123.json,False
E-only,e_only,0,100000,context_fid,0.0,0.7057562493223666,/path/to/PETS-FFT-Ablation/results/reviewer2_timesblock_placement_etth128_v2/generation/e_only/seed_0/draw_100000/metric_context_fid_0.json,False
E-only,e_only,0,100000,context_fid,42.0,0.8289391557062156,/path/to/PETS-FFT-Ablation/results/reviewer2_timesblock_placement_etth128_v2/generation/e_only/seed_0/draw_100000/metric_context_fid_42.json,False
E-only,e_only,0,100000,context_fid,123.0,0.6936388290962544,/path/to/PETS-FFT-Ablation/results/reviewer2_timesblock_placement_etth128_v2/generation/e_only/seed_0/draw_100000/metric_context_fid_123.json,False
E-only,e_only,0,100000,correlational_score,,0.08415244519710541,/path/to/PETS-FFT-Ablation/results/reviewer2_timesblock_placement_etth128_v2/generation/e_only/seed_0/draw_100000/metric_correlational_score_det.json,False
E-only,e_only,0,100000,discriminative_score,0.0,0.15121951219512197,/path/to/PETS-FFT-Ablation/results/reviewer2_timesblock_placement_etth128_v2/generation/e_only/seed_0/draw_100000/metric_discriminative_score_0.json,False
E-only,e_only,0,100000,discriminative_score,42.0,0.15365853658536588,/path/to/PETS-FFT-Ablation/results/reviewer2_timesblock_placement_etth128_v2/generation/e_only/seed_0/draw_100000/metric_discriminative_score_42.json,False
E-only,e_only,0,100000,discriminative_score,123.0,0.12560975609756098,/path/to/PETS-FFT-Ablation/results/reviewer2_timesblock_placement_etth128_v2/generation/e_only/seed_0/draw_100000/metric_discriminative_score_123.json,False
E-only,e_only,0,100000,predictive_score,0.0,0.11014913112194336,/path/to/PETS-FFT-Ablation/results/reviewer2_timesblock_placement_etth128_v2/generation/e_only/seed_0/draw_100000/metric_predictive_score_0.json,False
E-only,e_only,0,100000,predictive_score,42.0,0.12177589832936064,/path/to/PETS-FFT-Ablation/results/reviewer2_timesblock_placement_etth128_v2/generation/e_only/seed_0/draw_100000/metric_predictive_score_42.json,False
E-only,e_only,0,100000,predictive_score,123.0,0.11681901697102148,/path/to/PETS-FFT-Ablation/results/reviewer2_timesblock_placement_etth128_v2/generation/e_only/seed_0/draw_100000/metric_predictive_score_123.json,False
E-only,e_only,0,100001,context_fid,0.0,0.7809471613435504,/path/to/PETS-FFT-Ablation/results/reviewer2_timesblock_placement_etth128_v2/generation/e_only/seed_0/draw_100001/metric_context_fid_0.json,False
E-only,e_only,0,100001,context_fid,42.0,0.9164230014179433,/path/to/PETS-FFT-Ablation/results/reviewer2_timesblock_placement_etth128_v2/generation/e_only/seed_0/draw_100001/metric_context_fid_42.json,False
E-only,e_only,0,100001,context_fid,123.0,0.7706448793420098,/path/to/PETS-FFT-Ablation/results/reviewer2_timesblock_placement_etth128_v2/generation/e_only/seed_0/draw_100001/metric_context_fid_123.json,False
E-only,e_only,0,100001,correlational_score,,0.09590612351894379,/path/to/PETS-FFT-Ablation/results/reviewer2_timesblock_placement_etth128_v2/generation/e_only/seed_0/draw_100001/metric_correlational_score_det.json,False
E-only,e_only,0,100001,discriminative_score,0.0,0.1457317073170732,/path/to/PETS-FFT-Ablation/results/reviewer2_timesblock_placement_etth128_v2/generation/e_only/seed_0/draw_100001/metric_discriminative_score_0.json,False
E-only,e_only,0,100001,discriminative_score,42.0,0.14695121951219514,/path/to/PETS-FFT-Ablation/results/reviewer2_timesblock_placement_etth128_v2/generation/e_only/seed_0/draw_100001/metric_discriminative_score_42.json,False
E-only,e_only,0,100001,discriminative_score,123.0,0.1426829268292683,/path/to/PETS-FFT-Ablation/results/reviewer2_timesblock_placement_etth128_v2/generation/e_only/seed_0/draw_100001/metric_discriminative_score_123.json,False
E-only,e_only,0,100001,predictive_score,0.0,0.10947882752179794,/path/to/PETS-FFT-Ablation/results/reviewer2_timesblock_placement_etth128_v2/generation/e_only/seed_0/draw_100001/metric_predictive_score_0.json,False
E-only,e_only,0,100001,predictive_score,42.0,0.1220041821597988,/path/to/PETS-FFT-Ablation/results/reviewer2_timesblock_placement_etth128_v2/generation/e_only/seed_0/draw_100001/metric_predictive_score_42.json,False
E-only,e_only,0,100001,predictive_score,123.0,0.11149684886959221,/path/to/PETS-FFT-Ablation/results/reviewer2_timesblock_placement_etth128_v2/generation/e_only/seed_0/draw_100001/metric_predictive_score_123.json,False
E-only,e_only,0,100002,context_fid,0.0,0.7268868700636494,/path/to/PETS-FFT-Ablation/results/reviewer2_timesblock_placement_etth128_v2/generation/e_only/seed_0/draw_100002/metric_context_fid_0.json,False
E-only,e_only,0,100002,context_fid,42.0,0.8478201641802793,/path/to/PETS-FFT-Ablation/results/reviewer2_timesblock_placement_etth128_v2/generation/e_only/seed_0/draw_100002/metric_context_fid_42.json,False
E-only,e_only,0,100002,context_fid,123.0,0.722185697975921,/path/to/PETS-FFT-Ablation/results/reviewer2_timesblock_placement_etth128_v2/generation/e_only/seed_0/draw_100002/metric_context_fid_123.json,False
E-only,e_only,0,100002,correlational_score,,0.0939328745007515,/path/to/PETS-FFT-Ablation/results/reviewer2_timesblock_placement_etth128_v2/generation/e_only/seed_0/draw_100002/metric_correlational_score_det.json,False
E-only,e_only,0,100002,discriminative_score,0.0,0.13963414634146343,/path/to/PETS-FFT-Ablation/results/reviewer2_timesblock_placement_etth128_v2/generation/e_only/seed_0/draw_100002/metric_discriminative_score_0.json,False
E-only,e_only,0,100002,discriminative_score,42.0,0.1554878048780488,/path/to/PETS-FFT-Ablation/results/reviewer2_timesblock_placement_etth128_v2/generation/e_only/seed_0/draw_100002/metric_discriminative_score_42.json,False
E-only,e_only,0,100002,discriminative_score,123.0,0.15426829268292686,/path/to/PETS-FFT-Ablation/results/reviewer2_timesblock_placement_etth128_v2/generation/e_only/seed_0/draw_100002/metric_discriminative_score_123.json,False
E-only,e_only,0,100002,predictive_score,0.0,0.1108125560276676,/path/to/PETS-FFT-Ablation/results/reviewer2_timesblock_placement_etth128_v2/generation/e_only/seed_0/draw_100002/metric_predictive_score_0.json,False
E-only,e_only,0,100002,predictive_score,42.0,0.12085228867636033,/path/to/PETS-FFT-Ablation/results/reviewer2_timesblock_placement_etth128_v2/generation/e_only/seed_0/draw_100002/metric_predictive_score_42.json,False
E-only,e_only,0,100002,predictive_score,123.0,0.11189753192593344,/path/to/PETS-FFT-Ablation/results/reviewer2_timesblock_placement_etth128_v2/generation/e_only/seed_0/draw_100002/metric_predictive_score_123.json,False
E-only,e_only,0,100003,context_fid,0.0,0.7123316149034999,/path/to/PETS-FFT-Ablation/results/reviewer2_timesblock_placement_etth128_v2/generation/e_only/seed_0/draw_100003/metric_context_fid_0.json,False
E-only,e_only,0,100003,context_fid,42.0,0.832352732580564,/path/to/PETS-FFT-Ablation/results/reviewer2_timesblock_placement_etth128_v2/generation/e_only/seed_0/draw_100003/metric_context_fid_42.json,False
E-only,e_only,0,100003,context_fid,123.0,0.7120466680889098,/path/to/PETS-FFT-Ablation/results/reviewer2_timesblock_placement_etth128_v2/generation/e_only/seed_0/draw_100003/metric_context_fid_123.json,False
E-only,e_only,0,100003,correlational_score,,0.09256365150213242,/path/to/PETS-FFT-Ablation/results/reviewer2_timesblock_placement_etth128_v2/generation/e_only/seed_0/draw_100003/metric_correlational_score_det.json,False
E-only,e_only,0,100003,discriminative_score,0.0,0.150609756097561,/path/to/PETS-FFT-Ablation/results/reviewer2_timesblock_placement_etth128_v2/generation/e_only/seed_0/draw_100003/metric_discriminative_score_0.json,False
E-only,e_only,0,100003,discriminative_score,42.0,0.15182926829268295,/path/to/PETS-FFT-Ablation/results/reviewer2_timesblock_placement_etth128_v2/generation/e_only/seed_0/draw_100003/metric_discriminative_score_42.json,False
E-only,e_only,0,100003,discriminative_score,123.0,0.14878048780487807,/path/to/PETS-FFT-Ablation/results/reviewer2_timesblock_placement_etth128_v2/generation/e_only/seed_0/draw_100003/metric_discriminative_score_123.json,False
E-only,e_only,0,100003,predictive_score,0.0,0.11849553698266391,/path/to/PETS-FFT-Ablation/results/reviewer2_timesblock_placement_etth128_v2/generation/e_only/seed_0/draw_100003/metric_predictive_score_0.json,False
E-only,e_only,0,100003,predictive_score,42.0,0.12171944854571848,/path/to/PETS-FFT-Ablation/results/reviewer2_timesblock_placement_etth128_v2/generation/e_only/seed_0/draw_100003/metric_predictive_score_42.json,False
E-only,e_only,0,100003,predictive_score,123.0,0.11101486449297226,/path/to/PETS-FFT-Ablation/results/reviewer2_timesblock_placement_etth128_v2/generation/e_only/seed_0/draw_100003/metric_predictive_score_123.json,False
E-only,e_only,0,100004,context_fid,0.0,0.7406605016453386,/path/to/PETS-FFT-Ablation/results/reviewer2_timesblock_placement_etth128_v2/generation/e_only/seed_0/draw_100004/metric_context_fid_0.json,False
E-only,e_only,0,100004,context_fid,42.0,0.8715393286256952,/path/to/PETS-FFT-Ablation/results/reviewer2_timesblock_placement_etth128_v2/generation/e_only/seed_0/draw_100004/metric_context_fid_42.json,False
E-only,e_only,0,100004,context_fid,123.0,0.7255390134631534,/path/to/PETS-FFT-Ablation/results/reviewer2_timesblock_placement_etth128_v2/generation/e_only/seed_0/draw_100004/metric_context_fid_123.json,False
E-only,e_only,0,100004,correlational_score,,0.08040119707584381,/path/to/PETS-FFT-Ablation/results/reviewer2_timesblock_placement_etth128_v2/generation/e_only/seed_0/draw_100004/metric_correlational_score_det.json,False
E-only,e_only,0,100004,discriminative_score,0.0,0.15670731707317076,/path/to/PETS-FFT-Ablation/results/reviewer2_timesblock_placement_etth128_v2/generation/e_only/seed_0/draw_100004/metric_discriminative_score_0.json,False
E-only,e_only,0,100004,discriminative_score,42.0,0.14695121951219514,/path/to/PETS-FFT-Ablation/results/reviewer2_timesblock_placement_etth128_v2/generation/e_only/seed_0/draw_100004/metric_discriminative_score_42.json,False
E-only,e_only,0,100004,discriminative_score,123.0,0.13902439024390245,/path/to/PETS-FFT-Ablation/results/reviewer2_timesblock_placement_etth128_v2/generation/e_only/seed_0/draw_100004/metric_discriminative_score_123.json,False
E-only,e_only,0,100004,predictive_score,0.0,0.11083225810989461,/path/to/PETS-FFT-Ablation/results/reviewer2_timesblock_placement_etth128_v2/generation/e_only/seed_0/draw_100004/metric_predictive_score_0.json,False
E-only,e_only,0,100004,predictive_score,42.0,0.11996064446884702,/path/to/PETS-FFT-Ablation/results/reviewer2_timesblock_placement_etth128_v2/generation/e_only/seed_0/draw_100004/metric_predictive_score_42.json,False
E-only,e_only,0,100004,predictive_score,123.0,0.11155656778601042,/path/to/PETS-FFT-Ablation/results/reviewer2_timesblock_placement_etth128_v2/generation/e_only/seed_0/draw_100004/metric_predictive_score_123.json,False
E-only,e_only,42,100000,context_fid,0.0,0.7460109831158777,/path/to/PETS-FFT-Ablation/results/reviewer2_timesblock_placement_etth128_v2/generation/e_only/seed_42/draw_100000/metric_context_fid_0.json,False
E-only,e_only,42,100000,context_fid,42.0,0.8330526195864082,/path/to/PETS-FFT-Ablation/results/reviewer2_timesblock_placement_etth128_v2/generation/e_only/seed_42/draw_100000/metric_context_fid_42.json,False
E-only,e_only,42,100000,context_fid,123.0,0.7276228771728284,/path/to/PETS-FFT-Ablation/results/reviewer2_timesblock_placement_etth128_v2/generation/e_only/seed_42/draw_100000/metric_context_fid_123.json,False
E-only,e_only,42,100000,correlational_score,,0.10468310117721558,/path/to/PETS-FFT-Ablation/results/reviewer2_timesblock_placement_etth128_v2/generation/e_only/seed_42/draw_100000/metric_correlational_score_det.json,False
E-only,e_only,42,100000,discriminative_score,0.0,0.15121951219512197,/path/to/PETS-FFT-Ablation/results/reviewer2_timesblock_placement_etth128_v2/generation/e_only/seed_42/draw_100000/metric_discriminative_score_0.json,False
E-only,e_only,42,100000,discriminative_score,42.0,0.16707317073170735,/path/to/PETS-FFT-Ablation/results/reviewer2_timesblock_placement_etth128_v2/generation/e_only/seed_42/draw_100000/metric_discriminative_score_42.json,False
E-only,e_only,42,100000,discriminative_score,123.0,0.1121951219512195,/path/to/PETS-FFT-Ablation/results/reviewer2_timesblock_placement_etth128_v2/generation/e_only/seed_42/draw_100000/metric_discriminative_score_123.json,False
E-only,e_only,42,100000,predictive_score,0.0,0.10601484689868812,/path/to/PETS-FFT-Ablation/results/reviewer2_timesblock_placement_etth128_v2/generation/e_only/seed_42/draw_100000/metric_predictive_score_0.json,False
E-only,e_only,42,100000,predictive_score,42.0,0.12562735648498347,/path/to/PETS-FFT-Ablation/results/reviewer2_timesblock_placement_etth128_v2/generation/e_only/seed_42/draw_100000/metric_predictive_score_42.json,False
E-only,e_only,42,100000,predictive_score,123.0,0.11327154815489848,/path/to/PETS-FFT-Ablation/results/reviewer2_timesblock_placement_etth128_v2/generation/e_only/seed_42/draw_100000/metric_predictive_score_123.json,False
E-only,e_only,42,100001,context_fid,0.0,0.764683516625223,/path/to/PETS-FFT-Ablation/results/reviewer2_timesblock_placement_etth128_v2/generation/e_only/seed_42/draw_100001/metric_context_fid_0.json,False
E-only,e_only,42,100001,context_fid,42.0,0.8599321580642818,/path/to/PETS-FFT-Ablation/results/reviewer2_timesblock_placement_etth128_v2/generation/e_only/seed_42/draw_100001/metric_context_fid_42.json,False
E-only,e_only,42,100001,context_fid,123.0,0.7564970911216542,/path/to/PETS-FFT-Ablation/results/reviewer2_timesblock_placement_etth128_v2/generation/e_only/seed_42/draw_100001/metric_context_fid_123.json,False
E-only,e_only,42,100001,correlational_score,,0.10923417657613754,/path/to/PETS-FFT-Ablation/results/reviewer2_timesblock_placement_etth128_v2/generation/e_only/seed_42/draw_100001/metric_correlational_score_det.json,False
E-only,e_only,42,100001,discriminative_score,0.0,0.13414634146341464,/path/to/PETS-FFT-Ablation/results/reviewer2_timesblock_placement_etth128_v2/generation/e_only/seed_42/draw_100001/metric_discriminative_score_0.json,False
E-only,e_only,42,100001,discriminative_score,42.0,0.19024390243902434,/path/to/PETS-FFT-Ablation/results/reviewer2_timesblock_placement_etth128_v2/generation/e_only/seed_42/draw_100001/metric_discriminative_score_42.json,False
E-only,e_only,42,100001,discriminative_score,123.0,0.12012195121951219,/path/to/PETS-FFT-Ablation/results/reviewer2_timesblock_placement_etth128_v2/generation/e_only/seed_42/draw_100001/metric_discriminative_score_123.json,False
E-only,e_only,42,100001,predictive_score,0.0,0.10789791880279154,/path/to/PETS-FFT-Ablation/results/reviewer2_timesblock_placement_etth128_v2/generation/e_only/seed_42/draw_100001/metric_predictive_score_0.json,False
E-only,e_only,42,100001,predictive_score,42.0,0.12327001757967082,/path/to/PETS-FFT-Ablation/results/reviewer2_timesblock_placement_etth128_v2/generation/e_only/seed_42/draw_100001/metric_predictive_score_42.json,False
E-only,e_only,42,100001,predictive_score,123.0,0.11049083232637713,/path/to/PETS-FFT-Ablation/results/reviewer2_timesblock_placement_etth128_v2/generation/e_only/seed_42/draw_100001/metric_predictive_score_123.json,False
E-only,e_only,42,100002,context_fid,0.0,0.7170380761558877,/path/to/PETS-FFT-Ablation/results/reviewer2_timesblock_placement_etth128_v2/generation/e_only/seed_42/draw_100002/metric_context_fid_0.json,False
E-only,e_only,42,100002,context_fid,42.0,0.8049534036930359,/path/to/PETS-FFT-Ablation/results/reviewer2_timesblock_placement_etth128_v2/generation/e_only/seed_42/draw_100002/metric_context_fid_42.json,False
E-only,e_only,42,100002,context_fid,123.0,0.7200024471939798,/path/to/PETS-FFT-Ablation/results/reviewer2_timesblock_placement_etth128_v2/generation/e_only/seed_42/draw_100002/metric_context_fid_123.json,False
E-only,e_only,42,100002,correlational_score,,0.11072375625371933,/path/to/PETS-FFT-Ablation/results/reviewer2_timesblock_placement_etth128_v2/generation/e_only/seed_42/draw_100002/metric_correlational_score_det.json,False
E-only,e_only,42,100002,discriminative_score,0.0,0.14878048780487807,/path/to/PETS-FFT-Ablation/results/reviewer2_timesblock_placement_etth128_v2/generation/e_only/seed_42/draw_100002/metric_discriminative_score_0.json,False
E-only,e_only,42,100002,discriminative_score,42.0,0.16524390243902443,/path/to/PETS-FFT-Ablation/results/reviewer2_timesblock_placement_etth128_v2/generation/e_only/seed_42/draw_100002/metric_discriminative_score_42.json,False
E-only,e_only,42,100002,discriminative_score,123.0,0.11890243902439024,/path/to/PETS-FFT-Ablation/results/reviewer2_timesblock_placement_etth128_v2/generation/e_only/seed_42/draw_100002/metric_discriminative_score_123.json,False
E-only,e_only,42,100002,predictive_score,0.0,0.10941464103507315,/path/to/PETS-FFT-Ablation/results/reviewer2_timesblock_placement_etth128_v2/generation/e_only/seed_42/draw_100002/metric_predictive_score_0.json,False
E-only,e_only,42,100002,predictive_score,42.0,0.12214255123262774,/path/to/PETS-FFT-Ablation/results/reviewer2_timesblock_placement_etth128_v2/generation/e_only/seed_42/draw_100002/metric_predictive_score_42.json,False
E-only,e_only,42,100002,predictive_score,123.0,0.11050384225927701,/path/to/PETS-FFT-Ablation/results/reviewer2_timesblock_placement_etth128_v2/generation/e_only/seed_42/draw_100002/metric_predictive_score_123.json,False
E-only,e_only,42,100003,context_fid,0.0,0.7198438432678601,/path/to/PETS-FFT-Ablation/results/reviewer2_timesblock_placement_etth128_v2/generation/e_only/seed_42/draw_100003/metric_context_fid_0.json,False
E-only,e_only,42,100003,context_fid,42.0,0.8020437568112955,/path/to/PETS-FFT-Ablation/results/reviewer2_timesblock_placement_etth128_v2/generation/e_only/seed_42/draw_100003/metric_context_fid_42.json,False
E-only,e_only,42,100003,context_fid,123.0,0.7197812776926586,/path/to/PETS-FFT-Ablation/results/reviewer2_timesblock_placement_etth128_v2/generation/e_only/seed_42/draw_100003/metric_context_fid_123.json,False
E-only,e_only,42,100003,correlational_score,,0.11320401728153229,/path/to/PETS-FFT-Ablation/results/reviewer2_timesblock_placement_etth128_v2/generation/e_only/seed_42/draw_100003/metric_correlational_score_det.json,False
E-only,e_only,42,100003,discriminative_score,0.0,0.150609756097561,/path/to/PETS-FFT-Ablation/results/reviewer2_timesblock_placement_etth128_v2/generation/e_only/seed_42/draw_100003/metric_discriminative_score_0.json,False
E-only,e_only,42,100003,discriminative_score,42.0,0.18475609756097566,/path/to/PETS-FFT-Ablation/results/reviewer2_timesblock_placement_etth128_v2/generation/e_only/seed_42/draw_100003/metric_discriminative_score_42.json,False
E-only,e_only,42,100003,discriminative_score,123.0,0.15731707317073174,/path/to/PETS-FFT-Ablation/results/reviewer2_timesblock_placement_etth128_v2/generation/e_only/seed_42/draw_100003/metric_discriminative_score_123.json,False
E-only,e_only,42,100003,predictive_score,0.0,0.10866359564579398,/path/to/PETS-FFT-Ablation/results/reviewer2_timesblock_placement_etth128_v2/generation/e_only/seed_42/draw_100003/metric_predictive_score_0.json,False
E-only,e_only,42,100003,predictive_score,42.0,0.12180723587243847,/path/to/PETS-FFT-Ablation/results/reviewer2_timesblock_placement_etth128_v2/generation/e_only/seed_42/draw_100003/metric_predictive_score_42.json,False
E-only,e_only,42,100003,predictive_score,123.0,0.11293224895644016,/path/to/PETS-FFT-Ablation/results/reviewer2_timesblock_placement_etth128_v2/generation/e_only/seed_42/draw_100003/metric_predictive_score_123.json,False
E-only,e_only,42,100004,context_fid,0.0,0.7511421803235598,/path/to/PETS-FFT-Ablation/results/reviewer2_timesblock_placement_etth128_v2/generation/e_only/seed_42/draw_100004/metric_context_fid_0.json,False
E-only,e_only,42,100004,context_fid,42.0,0.8432923096680041,/path/to/PETS-FFT-Ablation/results/reviewer2_timesblock_placement_etth128_v2/generation/e_only/seed_42/draw_100004/metric_context_fid_42.json,False
E-only,e_only,42,100004,context_fid,123.0,0.7304443632813424,/path/to/PETS-FFT-Ablation/results/reviewer2_timesblock_placement_etth128_v2/generation/e_only/seed_42/draw_100004/metric_context_fid_123.json,False
E-only,e_only,42,100004,correlational_score,,0.09712407737970352,/path/to/PETS-FFT-Ablation/results/reviewer2_timesblock_placement_etth128_v2/generation/e_only/seed_42/draw_100004/metric_correlational_score_det.json,False
E-only,e_only,42,100004,discriminative_score,0.0,0.1634146341463415,/path/to/PETS-FFT-Ablation/results/reviewer2_timesblock_placement_etth128_v2/generation/e_only/seed_42/draw_100004/metric_discriminative_score_0.json,False
E-only,e_only,42,100004,discriminative_score,42.0,0.11646341463414633,/path/to/PETS-FFT-Ablation/results/reviewer2_timesblock_placement_etth128_v2/generation/e_only/seed_42/draw_100004/metric_discriminative_score_42.json,False
E-only,e_only,42,100004,discriminative_score,123.0,0.11341463414634145,/path/to/PETS-FFT-Ablation/results/reviewer2_timesblock_placement_etth128_v2/generation/e_only/seed_42/draw_100004/metric_discriminative_score_123.json,False
E-only,e_only,42,100004,predictive_score,0.0,0.10773451261093214,/path/to/PETS-FFT-Ablation/results/reviewer2_timesblock_placement_etth128_v2/generation/e_only/seed_42/draw_100004/metric_predictive_score_0.json,False
E-only,e_only,42,100004,predictive_score,42.0,0.12216627432417226,/path/to/PETS-FFT-Ablation/results/reviewer2_timesblock_placement_etth128_v2/generation/e_only/seed_42/draw_100004/metric_predictive_score_42.json,False
E-only,e_only,42,100004,predictive_score,123.0,0.1120175053379171,/path/to/PETS-FFT-Ablation/results/reviewer2_timesblock_placement_etth128_v2/generation/e_only/seed_42/draw_100004/metric_predictive_score_123.json,False
E-only,e_only,123,100000,context_fid,0.0,0.6796630981081184,/path/to/PETS-FFT-Ablation/results/reviewer2_timesblock_placement_etth128_v2/generation/e_only/seed_123/draw_100000/metric_context_fid_0.json,False
E-only,e_only,123,100000,context_fid,42.0,0.7805085962364224,/path/to/PETS-FFT-Ablation/results/reviewer2_timesblock_placement_etth128_v2/generation/e_only/seed_123/draw_100000/metric_context_fid_42.json,False
E-only,e_only,123,100000,context_fid,123.0,0.6742433363008684,/path/to/PETS-FFT-Ablation/results/reviewer2_timesblock_placement_etth128_v2/generation/e_only/seed_123/draw_100000/metric_context_fid_123.json,False
E-only,e_only,123,100000,correlational_score,,0.08742646872997284,/path/to/PETS-FFT-Ablation/results/reviewer2_timesblock_placement_etth128_v2/generation/e_only/seed_123/draw_100000/metric_correlational_score_det.json,False
E-only,e_only,123,100000,discriminative_score,0.0,0.17500000000000004,/path/to/PETS-FFT-Ablation/results/reviewer2_timesblock_placement_etth128_v2/generation/e_only/seed_123/draw_100000/metric_discriminative_score_0.json,False
E-only,e_only,123,100000,discriminative_score,42.0,0.16463414634146345,/path/to/PETS-FFT-Ablation/results/reviewer2_timesblock_placement_etth128_v2/generation/e_only/seed_123/draw_100000/metric_discriminative_score_42.json,False
E-only,e_only,123,100000,discriminative_score,123.0,0.12926829268292683,/path/to/PETS-FFT-Ablation/results/reviewer2_timesblock_placement_etth128_v2/generation/e_only/seed_123/draw_100000/metric_discriminative_score_123.json,False
E-only,e_only,123,100000,predictive_score,0.0,0.1115333236348306,/path/to/PETS-FFT-Ablation/results/reviewer2_timesblock_placement_etth128_v2/generation/e_only/seed_123/draw_100000/metric_predictive_score_0.json,False
E-only,e_only,123,100000,predictive_score,42.0,0.12120769939383536,/path/to/PETS-FFT-Ablation/results/reviewer2_timesblock_placement_etth128_v2/generation/e_only/seed_123/draw_100000/metric_predictive_score_42.json,False
E-only,e_only,123,100000,predictive_score,123.0,0.11282152291551029,/path/to/PETS-FFT-Ablation/results/reviewer2_timesblock_placement_etth128_v2/generation/e_only/seed_123/draw_100000/metric_predictive_score_123.json,False
E-only,e_only,123,100001,context_fid,0.0,0.7288453874963692,/path/to/PETS-FFT-Ablation/results/reviewer2_timesblock_placement_etth128_v2/generation/e_only/seed_123/draw_100001/metric_context_fid_0.json,False
E-only,e_only,123,100001,context_fid,42.0,0.8406818559628536,/path/to/PETS-FFT-Ablation/results/reviewer2_timesblock_placement_etth128_v2/generation/e_only/seed_123/draw_100001/metric_context_fid_42.json,False
E-only,e_only,123,100001,context_fid,123.0,0.732650915839716,/path/to/PETS-FFT-Ablation/results/reviewer2_timesblock_placement_etth128_v2/generation/e_only/seed_123/draw_100001/metric_context_fid_123.json,False
E-only,e_only,123,100001,correlational_score,,0.09675227850675583,/path/to/PETS-FFT-Ablation/results/reviewer2_timesblock_placement_etth128_v2/generation/e_only/seed_123/draw_100001/metric_correlational_score_det.json,False
E-only,e_only,123,100001,discriminative_score,0.0,0.15182926829268295,/path/to/PETS-FFT-Ablation/results/reviewer2_timesblock_placement_etth128_v2/generation/e_only/seed_123/draw_100001/metric_discriminative_score_0.json,False
E-only,e_only,123,100001,discriminative_score,42.0,0.1682926829268293,/path/to/PETS-FFT-Ablation/results/reviewer2_timesblock_placement_etth128_v2/generation/e_only/seed_123/draw_100001/metric_discriminative_score_42.json,False
E-only,e_only,123,100001,discriminative_score,123.0,0.1737804878048781,/path/to/PETS-FFT-Ablation/results/reviewer2_timesblock_placement_etth128_v2/generation/e_only/seed_123/draw_100001/metric_discriminative_score_123.json,False
E-only,e_only,123,100001,predictive_score,0.0,0.11032929405018876,/path/to/PETS-FFT-Ablation/results/reviewer2_timesblock_placement_etth128_v2/generation/e_only/seed_123/draw_100001/metric_predictive_score_0.json,False
E-only,e_only,123,100001,predictive_score,42.0,0.12234140120608572,/path/to/PETS-FFT-Ablation/results/reviewer2_timesblock_placement_etth128_v2/generation/e_only/seed_123/draw_100001/metric_predictive_score_42.json,False
E-only,e_only,123,100001,predictive_score,123.0,0.11563497348515739,/path/to/PETS-FFT-Ablation/results/reviewer2_timesblock_placement_etth128_v2/generation/e_only/seed_123/draw_100001/metric_predictive_score_123.json,False
E-only,e_only,123,100002,context_fid,0.0,0.679175656415979,/path/to/PETS-FFT-Ablation/results/reviewer2_timesblock_placement_etth128_v2/generation/e_only/seed_123/draw_100002/metric_context_fid_0.json,False
E-only,e_only,123,100002,context_fid,42.0,0.7817277939180673,/path/to/PETS-FFT-Ablation/results/reviewer2_timesblock_placement_etth128_v2/generation/e_only/seed_123/draw_100002/metric_context_fid_42.json,False
E-only,e_only,123,100002,context_fid,123.0,0.6834818705178387,/path/to/PETS-FFT-Ablation/results/reviewer2_timesblock_placement_etth128_v2/generation/e_only/seed_123/draw_100002/metric_context_fid_123.json,False
E-only,e_only,123,100002,correlational_score,,0.0965825766324997,/path/to/PETS-FFT-Ablation/results/reviewer2_timesblock_placement_etth128_v2/generation/e_only/seed_123/draw_100002/metric_correlational_score_det.json,False
E-only,e_only,123,100002,discriminative_score,0.0,0.16951219512195126,/path/to/PETS-FFT-Ablation/results/reviewer2_timesblock_placement_etth128_v2/generation/e_only/seed_123/draw_100002/metric_discriminative_score_0.json,False
E-only,e_only,123,100002,discriminative_score,42.0,0.16890243902439028,/path/to/PETS-FFT-Ablation/results/reviewer2_timesblock_placement_etth128_v2/generation/e_only/seed_123/draw_100002/metric_discriminative_score_42.json,False
E-only,e_only,123,100002,discriminative_score,123.0,0.16646341463414638,/path/to/PETS-FFT-Ablation/results/reviewer2_timesblock_placement_etth128_v2/generation/e_only/seed_123/draw_100002/metric_discriminative_score_123.json,False
E-only,e_only,123,100002,predictive_score,0.0,0.1123632778035244,/path/to/PETS-FFT-Ablation/results/reviewer2_timesblock_placement_etth128_v2/generation/e_only/seed_123/draw_100002/metric_predictive_score_0.json,False
E-only,e_only,123,100002,predictive_score,42.0,0.1214792388486785,/path/to/PETS-FFT-Ablation/results/reviewer2_timesblock_placement_etth128_v2/generation/e_only/seed_123/draw_100002/metric_predictive_score_42.json,False
E-only,e_only,123,100002,predictive_score,123.0,0.13177969970092818,/path/to/PETS-FFT-Ablation/results/reviewer2_timesblock_placement_etth128_v2/generation/e_only/seed_123/draw_100002/metric_predictive_score_123.json,False
E-only,e_only,123,100003,context_fid,0.0,0.686544608669536,/path/to/PETS-FFT-Ablation/results/reviewer2_timesblock_placement_etth128_v2/generation/e_only/seed_123/draw_100003/metric_context_fid_0.json,False
E-only,e_only,123,100003,context_fid,42.0,0.7900571298508331,/path/to/PETS-FFT-Ablation/results/reviewer2_timesblock_placement_etth128_v2/generation/e_only/seed_123/draw_100003/metric_context_fid_42.json,False
E-only,e_only,123,100003,context_fid,123.0,0.6969727594878985,/path/to/PETS-FFT-Ablation/results/reviewer2_timesblock_placement_etth128_v2/generation/e_only/seed_123/draw_100003/metric_context_fid_123.json,False
E-only,e_only,123,100003,correlational_score,,0.0992666482925415,/path/to/PETS-FFT-Ablation/results/reviewer2_timesblock_placement_etth128_v2/generation/e_only/seed_123/draw_100003/metric_correlational_score_det.json,False
E-only,e_only,123,100003,discriminative_score,0.0,0.16219512195121955,/path/to/PETS-FFT-Ablation/results/reviewer2_timesblock_placement_etth128_v2/generation/e_only/seed_123/draw_100003/metric_discriminative_score_0.json,False
E-only,e_only,123,100003,discriminative_score,42.0,0.1707317073170732,/path/to/PETS-FFT-Ablation/results/reviewer2_timesblock_placement_etth128_v2/generation/e_only/seed_123/draw_100003/metric_discriminative_score_42.json,False
E-only,e_only,123,100003,discriminative_score,123.0,0.1451219512195122,/path/to/PETS-FFT-Ablation/results/reviewer2_timesblock_placement_etth128_v2/generation/e_only/seed_123/draw_100003/metric_discriminative_score_123.json,False
E-only,e_only,123,100003,predictive_score,0.0,0.11104932502030351,/path/to/PETS-FFT-Ablation/results/reviewer2_timesblock_placement_etth128_v2/generation/e_only/seed_123/draw_100003/metric_predictive_score_0.json,False
E-only,e_only,123,100003,predictive_score,42.0,0.12153449480183554,/path/to/PETS-FFT-Ablation/results/reviewer2_timesblock_placement_etth128_v2/generation/e_only/seed_123/draw_100003/metric_predictive_score_42.json,False
E-only,e_only,123,100003,predictive_score,123.0,0.11610540848914752,/path/to/PETS-FFT-Ablation/results/reviewer2_timesblock_placement_etth128_v2/generation/e_only/seed_123/draw_100003/metric_predictive_score_123.json,False
E-only,e_only,123,100004,context_fid,0.0,0.682994143905625,/path/to/PETS-FFT-Ablation/results/reviewer2_timesblock_placement_etth128_v2/generation/e_only/seed_123/draw_100004/metric_context_fid_0.json,False
E-only,e_only,123,100004,context_fid,42.0,0.7862011930117627,/path/to/PETS-FFT-Ablation/results/reviewer2_timesblock_placement_etth128_v2/generation/e_only/seed_123/draw_100004/metric_context_fid_42.json,False
E-only,e_only,123,100004,context_fid,123.0,0.6755437873501131,/path/to/PETS-FFT-Ablation/results/reviewer2_timesblock_placement_etth128_v2/generation/e_only/seed_123/draw_100004/metric_context_fid_123.json,False
E-only,e_only,123,100004,correlational_score,,0.08119785040616989,/path/to/PETS-FFT-Ablation/results/reviewer2_timesblock_placement_etth128_v2/generation/e_only/seed_123/draw_100004/metric_correlational_score_det.json,False
E-only,e_only,123,100004,discriminative_score,0.0,0.16402439024390247,/path/to/PETS-FFT-Ablation/results/reviewer2_timesblock_placement_etth128_v2/generation/e_only/seed_123/draw_100004/metric_discriminative_score_0.json,False
E-only,e_only,123,100004,discriminative_score,42.0,0.176219512195122,/path/to/PETS-FFT-Ablation/results/reviewer2_timesblock_placement_etth128_v2/generation/e_only/seed_123/draw_100004/metric_discriminative_score_42.json,False
E-only,e_only,123,100004,discriminative_score,123.0,0.16158536585365857,/path/to/PETS-FFT-Ablation/results/reviewer2_timesblock_placement_etth128_v2/generation/e_only/seed_123/draw_100004/metric_discriminative_score_123.json,False
E-only,e_only,123,100004,predictive_score,0.0,0.1110149109217673,/path/to/PETS-FFT-Ablation/results/reviewer2_timesblock_placement_etth128_v2/generation/e_only/seed_123/draw_100004/metric_predictive_score_0.json,False
E-only,e_only,123,100004,predictive_score,42.0,0.12123821814611802,/path/to/PETS-FFT-Ablation/results/reviewer2_timesblock_placement_etth128_v2/generation/e_only/seed_123/draw_100004/metric_predictive_score_42.json,False
E-only,e_only,123,100004,predictive_score,123.0,0.11475606920339487,/path/to/PETS-FFT-Ablation/results/reviewer2_timesblock_placement_etth128_v2/generation/e_only/seed_123/draw_100004/metric_predictive_score_123.json,False
